warning: failed to save last-use data
This may prevent cargo from accurately tracking what is being used in its global cache. This information is used for automatically removing unused data in the cache.

attempt to write a readonly database

Caused by:
  Error code 8: attempt to write a readonly database
       Fresh libc v0.2.186
       Fresh cfg-if v1.0.4
       Fresh typenum v1.20.1
       Fresh unicode-ident v1.0.24
       Fresh proc-macro2 v1.0.106
       Fresh quote v1.0.45
       Fresh version_check v0.9.5
       Fresh zerocopy v0.8.50
   Compiling syn v2.0.117
     Running `CARGO=/Users/jesght/.rustup/toolchains/1.97.1-aarch64-apple-darwin/bin/cargo CARGO_CRATE_NAME=syn CARGO_MANIFEST_DIR=/Users/jesght/.cargo/registry/src/index.crates.io-1949cf8c6b5b557f/syn-2.0.117 CARGO_MANIFEST_PATH=/Users/jesght/.cargo/registry/src/index.crates.io-1949cf8c6b5b557f/syn-2.0.117/Cargo.toml CARGO_PKG_AUTHORS='David Tolnay <dtolnay@gmail.com>' CARGO_PKG_DESCRIPTION='Parser for Rust source code' CARGO_PKG_HOMEPAGE='' CARGO_PKG_LICENSE='MIT OR Apache-2.0' CARGO_PKG_LICENSE_FILE='' CARGO_PKG_NAME=syn CARGO_PKG_README=README.md CARGO_PKG_REPOSITORY='https://github.com/dtolnay/syn' CARGO_PKG_RUST_VERSION=1.71 CARGO_PKG_VERSION=2.0.117 CARGO_PKG_VERSION_MAJOR=2 CARGO_PKG_VERSION_MINOR=0 CARGO_PKG_VERSION_PATCH=117 CARGO_PKG_VERSION_PRE='' DYLD_FALLBACK_LIBRARY_PATH='/private/tmp/sparq-pr6049/.throughput-monitor/direct-5983/implementation/target/release/deps:/Users/jesght/lib:/usr/local/lib:/usr/lib' /Users/jesght/.rustup/toolchains/1.97.1-aarch64-apple-darwin/bin/rustc --crate-name syn --edition=2021 /Users/jesght/.cargo/registry/src/index.crates.io-1949cf8c6b5b557f/syn-2.0.117/src/lib.rs --error-format=json --json=diagnostic-rendered-ansi,artifacts,future-incompat --crate-type lib --emit=dep-info,metadata,link -C embed-bitcode=no -C debug-assertions=off --cfg 'feature="clone-impls"' --cfg 'feature="default"' --cfg 'feature="derive"' --cfg 'feature="extra-traits"' --cfg 'feature="full"' --cfg 'feature="parsing"' --cfg 'feature="printing"' --cfg 'feature="proc-macro"' --cfg 'feature="visit-mut"' --check-cfg 'cfg(docsrs,test)' --check-cfg 'cfg(feature, values("clone-impls", "default", "derive", "extra-traits", "fold", "full", "parsing", "printing", "proc-macro", "test", "visit", "visit-mut"))' -C metadata=17ac7d5c62a9bfae -C extra-filename=-5d43e3caf82a7be9 --out-dir /private/tmp/sparq-pr6049/.throughput-monitor/direct-5983/implementation/target/release/deps -C strip=debuginfo -L dependency=/private/tmp/sparq-pr6049/.throughput-monitor/direct-5983/implementation/target/release/deps --extern proc_macro2=/private/tmp/sparq-pr6049/.throughput-monitor/direct-5983/implementation/target/release/deps/libproc_macro2-5aa181e8aab37f22.rmeta --extern quote=/private/tmp/sparq-pr6049/.throughput-monitor/direct-5983/implementation/target/release/deps/libquote-d344350944a4e6ae.rmeta --extern unicode_ident=/private/tmp/sparq-pr6049/.throughput-monitor/direct-5983/implementation/target/release/deps/libunicode_ident-56b7928a8308e880.rmeta --cap-lints warn`
   Compiling generic-array v0.14.7
     Running `CARGO=/Users/jesght/.rustup/toolchains/1.97.1-aarch64-apple-darwin/bin/cargo CARGO_CRATE_NAME=generic_array CARGO_MANIFEST_DIR=/Users/jesght/.cargo/registry/src/index.crates.io-1949cf8c6b5b557f/generic-array-0.14.7 CARGO_MANIFEST_PATH=/Users/jesght/.cargo/registry/src/index.crates.io-1949cf8c6b5b557f/generic-array-0.14.7/Cargo.toml CARGO_PKG_AUTHORS='Bartłomiej Kamiński <fizyk20@gmail.com>:Aaron Trent <novacrazy@gmail.com>' CARGO_PKG_DESCRIPTION='Generic types implementing functionality of arrays' CARGO_PKG_HOMEPAGE='' CARGO_PKG_LICENSE=MIT CARGO_PKG_LICENSE_FILE='' CARGO_PKG_NAME=generic-array CARGO_PKG_README=README.md CARGO_PKG_REPOSITORY='https://github.com/fizyk20/generic-array.git' CARGO_PKG_RUST_VERSION='' CARGO_PKG_VERSION=0.14.7 CARGO_PKG_VERSION_MAJOR=0 CARGO_PKG_VERSION_MINOR=14 CARGO_PKG_VERSION_PATCH=7 CARGO_PKG_VERSION_PRE='' DYLD_FALLBACK_LIBRARY_PATH='/private/tmp/sparq-pr6049/.throughput-monitor/direct-5983/implementation/target/release/deps:/Users/jesght/lib:/usr/local/lib:/usr/lib' OUT_DIR=/private/tmp/sparq-pr6049/.throughput-monitor/direct-5983/implementation/target/release/build/generic-array-600f58961f7b6776/out /Users/jesght/.rustup/toolchains/1.97.1-aarch64-apple-darwin/bin/rustc --crate-name generic_array --edition=2015 /Users/jesght/.cargo/registry/src/index.crates.io-1949cf8c6b5b557f/generic-array-0.14.7/src/lib.rs --error-format=json --json=diagnostic-rendered-ansi,artifacts,future-incompat --crate-type lib --emit=dep-info,metadata,link -C opt-level=3 -C embed-bitcode=no -C codegen-units=16 --cfg 'feature="more_lengths"' --check-cfg 'cfg(docsrs,test)' --check-cfg 'cfg(feature, values("more_lengths", "serde", "zeroize"))' -C metadata=a5077c4176fd83c9 -C extra-filename=-6c6b85977d724fe8 --out-dir /private/tmp/sparq-pr6049/.throughput-monitor/direct-5983/implementation/target/release/deps -C strip=debuginfo -L dependency=/private/tmp/sparq-pr6049/.throughput-monitor/direct-5983/implementation/target/release/deps --extern typenum=/private/tmp/sparq-pr6049/.throughput-monitor/direct-5983/implementation/target/release/deps/libtypenum-470636505078cb4f.rmeta --cap-lints warn --cfg relaxed_coherence`
warning: unexpected `cfg` condition name: `relaxed_coherence`
   --> /Users/jesght/.cargo/registry/src/index.crates.io-1949cf8c6b5b557f/generic-array-0.14.7/src/impls.rs:136:19
    |
136 |               #[cfg(relaxed_coherence)]
    |                     ^^^^^^^^^^^^^^^^^
...
183 | / impl_from! {
184 | |     1  => ::typenum::U1,
185 | |     2  => ::typenum::U2,
186 | |     3  => ::typenum::U3,
...   |
215 | |     32 => ::typenum::U32
216 | | }
    | |_- in this macro invocation
    |
    = help: expected names are: `docsrs`, `feature`, and `test` and 32 more
    = help: consider using a Cargo feature instead
    = help: or consider adding in `Cargo.toml` the `check-cfg` lint config for the lint:
             [lints.rust]
             unexpected_cfgs = { level = "warn", check-cfg = ['cfg(relaxed_coherence)'] }
    = help: or consider adding `println!("cargo::rustc-check-cfg=cfg(relaxed_coherence)");` to the top of the `build.rs`
    = note: see <https://doc.rust-lang.org/nightly/rustc/check-cfg/cargo-specifics.html> for more information about checking conditional configuration
    = note: `#[warn(unexpected_cfgs)]` on by default
    = note: this warning originates in the macro `impl_from` (in Nightly builds, run with -Z macro-backtrace for more info)

warning: unexpected `cfg` condition name: `relaxed_coherence`
   --> /Users/jesght/.cargo/registry/src/index.crates.io-1949cf8c6b5b557f/generic-array-0.14.7/src/impls.rs:158:23
    |
158 |               #[cfg(not(relaxed_coherence))]
    |                         ^^^^^^^^^^^^^^^^^
...
183 | / impl_from! {
184 | |     1  => ::typenum::U1,
185 | |     2  => ::typenum::U2,
186 | |     3  => ::typenum::U3,
...   |
215 | |     32 => ::typenum::U32
216 | | }
    | |_- in this macro invocation
    |
    = help: consider using a Cargo feature instead
    = help: or consider adding in `Cargo.toml` the `check-cfg` lint config for the lint:
             [lints.rust]
             unexpected_cfgs = { level = "warn", check-cfg = ['cfg(relaxed_coherence)'] }
    = help: or consider adding `println!("cargo::rustc-check-cfg=cfg(relaxed_coherence)");` to the top of the `build.rs`
    = note: see <https://doc.rust-lang.org/nightly/rustc/check-cfg/cargo-specifics.html> for more information about checking conditional configuration
    = note: this warning originates in the macro `impl_from` (in Nightly builds, run with -Z macro-backtrace for more info)

warning: unexpected `cfg` condition name: `relaxed_coherence`
   --> /Users/jesght/.cargo/registry/src/index.crates.io-1949cf8c6b5b557f/generic-array-0.14.7/src/impls.rs:136:19
    |
136 |               #[cfg(relaxed_coherence)]
    |                     ^^^^^^^^^^^^^^^^^
...
219 | / impl_from! {
220 | |     33 => ::typenum::U33,
221 | |     34 => ::typenum::U34,
222 | |     35 => ::typenum::U35,
...   |
268 | |     1024 => ::typenum::U1024
269 | | }
    | |_- in this macro invocation
    |
    = help: consider using a Cargo feature instead
    = help: or consider adding in `Cargo.toml` the `check-cfg` lint config for the lint:
             [lints.rust]
             unexpected_cfgs = { level = "warn", check-cfg = ['cfg(relaxed_coherence)'] }
    = help: or consider adding `println!("cargo::rustc-check-cfg=cfg(relaxed_coherence)");` to the top of the `build.rs`
    = note: see <https://doc.rust-lang.org/nightly/rustc/check-cfg/cargo-specifics.html> for more information about checking conditional configuration
    = note: this warning originates in the macro `impl_from` (in Nightly builds, run with -Z macro-backtrace for more info)

warning: unexpected `cfg` condition name: `relaxed_coherence`
   --> /Users/jesght/.cargo/registry/src/index.crates.io-1949cf8c6b5b557f/generic-array-0.14.7/src/impls.rs:158:23
    |
158 |               #[cfg(not(relaxed_coherence))]
    |                         ^^^^^^^^^^^^^^^^^
...
219 | / impl_from! {
220 | |     33 => ::typenum::U33,
221 | |     34 => ::typenum::U34,
222 | |     35 => ::typenum::U35,
...   |
268 | |     1024 => ::typenum::U1024
269 | | }
    | |_- in this macro invocation
    |
    = help: consider using a Cargo feature instead
    = help: or consider adding in `Cargo.toml` the `check-cfg` lint config for the lint:
             [lints.rust]
             unexpected_cfgs = { level = "warn", check-cfg = ['cfg(relaxed_coherence)'] }
    = help: or consider adding `println!("cargo::rustc-check-cfg=cfg(relaxed_coherence)");` to the top of the `build.rs`
    = note: see <https://doc.rust-lang.org/nightly/rustc/check-cfg/cargo-specifics.html> for more information about checking conditional configuration
    = note: this warning originates in the macro `impl_from` (in Nightly builds, run with -Z macro-backtrace for more info)

warning: hiding a lifetime that's elided elsewhere is confusing
   --> /Users/jesght/.cargo/registry/src/index.crates.io-1949cf8c6b5b557f/generic-array-0.14.7/src/lib.rs:235:33
    |
235 |     pub unsafe fn iter_position(&mut self) -> (slice::IterMut<T>, &mut usize) {
    |                                 ^^^^^^^^^      ^^^^^^^^^^^^^^^^^  ^^^^^^^^^^ the same lifetime is elided here
    |                                 |              |
    |                                 |              the same lifetime is hidden here
    |                                 the lifetime is elided here
    |
    = help: the same lifetime is referred to in inconsistent ways, making the signature confusing
    = note: `#[warn(mismatched_lifetime_syntaxes)]` on by default
help: use `'_` for type paths
    |
235 |     pub unsafe fn iter_position(&mut self) -> (slice::IterMut<'_, T>, &mut usize) {
    |                                                               +++

warning: hiding a lifetime that's elided elsewhere is confusing
   --> /Users/jesght/.cargo/registry/src/index.crates.io-1949cf8c6b5b557f/generic-array-0.14.7/src/lib.rs:290:33
    |
290 |     pub unsafe fn iter_position(&mut self) -> (slice::Iter<T>, &mut usize) {
    |                                 ^^^^^^^^^      ^^^^^^^^^^^^^^  ^^^^^^^^^^ the same lifetime is elided here
    |                                 |              |
    |                                 |              the same lifetime is hidden here
    |                                 the lifetime is elided here
    |
    = help: the same lifetime is referred to in inconsistent ways, making the signature confusing
help: use `'_` for type paths
    |
290 |     pub unsafe fn iter_position(&mut self) -> (slice::Iter<'_, T>, &mut usize) {
    |                                                            +++

warning: `generic-array` (lib) generated 6 warnings
       Fresh ppv-lite86 v0.2.21
   Compiling block-buffer v0.10.4
     Running `CARGO=/Users/jesght/.rustup/toolchains/1.97.1-aarch64-apple-darwin/bin/cargo CARGO_CRATE_NAME=block_buffer CARGO_MANIFEST_DIR=/Users/jesght/.cargo/registry/src/index.crates.io-1949cf8c6b5b557f/block-buffer-0.10.4 CARGO_MANIFEST_PATH=/Users/jesght/.cargo/registry/src/index.crates.io-1949cf8c6b5b557f/block-buffer-0.10.4/Cargo.toml CARGO_PKG_AUTHORS='RustCrypto Developers' CARGO_PKG_DESCRIPTION='Buffer type for block processing of data' CARGO_PKG_HOMEPAGE='' CARGO_PKG_LICENSE='MIT OR Apache-2.0' CARGO_PKG_LICENSE_FILE='' CARGO_PKG_NAME=block-buffer CARGO_PKG_README=README.md CARGO_PKG_REPOSITORY='https://github.com/RustCrypto/utils' CARGO_PKG_RUST_VERSION='' CARGO_PKG_VERSION=0.10.4 CARGO_PKG_VERSION_MAJOR=0 CARGO_PKG_VERSION_MINOR=10 CARGO_PKG_VERSION_PATCH=4 CARGO_PKG_VERSION_PRE='' DYLD_FALLBACK_LIBRARY_PATH='/private/tmp/sparq-pr6049/.throughput-monitor/direct-5983/implementation/target/release/deps:/Users/jesght/lib:/usr/local/lib:/usr/lib' /Users/jesght/.rustup/toolchains/1.97.1-aarch64-apple-darwin/bin/rustc --crate-name block_buffer --edition=2018 /Users/jesght/.cargo/registry/src/index.crates.io-1949cf8c6b5b557f/block-buffer-0.10.4/src/lib.rs --error-format=json --json=diagnostic-rendered-ansi,artifacts,future-incompat --crate-type lib --emit=dep-info,metadata,link -C opt-level=3 -C embed-bitcode=no -C codegen-units=16 --check-cfg 'cfg(docsrs,test)' --check-cfg 'cfg(feature, values())' -C metadata=e738763dd0dc13d9 -C extra-filename=-a7a34e233dab2213 --out-dir /private/tmp/sparq-pr6049/.throughput-monitor/direct-5983/implementation/target/release/deps -C strip=debuginfo -L dependency=/private/tmp/sparq-pr6049/.throughput-monitor/direct-5983/implementation/target/release/deps --extern generic_array=/private/tmp/sparq-pr6049/.throughput-monitor/direct-5983/implementation/target/release/deps/libgeneric_array-6c6b85977d724fe8.rmeta --cap-lints warn`
   Compiling crypto-common v0.1.7
     Running `CARGO=/Users/jesght/.rustup/toolchains/1.97.1-aarch64-apple-darwin/bin/cargo CARGO_CRATE_NAME=crypto_common CARGO_MANIFEST_DIR=/Users/jesght/.cargo/registry/src/index.crates.io-1949cf8c6b5b557f/crypto-common-0.1.7 CARGO_MANIFEST_PATH=/Users/jesght/.cargo/registry/src/index.crates.io-1949cf8c6b5b557f/crypto-common-0.1.7/Cargo.toml CARGO_PKG_AUTHORS='RustCrypto Developers' CARGO_PKG_DESCRIPTION='Common cryptographic traits' CARGO_PKG_HOMEPAGE='' CARGO_PKG_LICENSE='MIT OR Apache-2.0' CARGO_PKG_LICENSE_FILE='' CARGO_PKG_NAME=crypto-common CARGO_PKG_README=README.md CARGO_PKG_REPOSITORY='https://github.com/RustCrypto/traits' CARGO_PKG_RUST_VERSION='' CARGO_PKG_VERSION=0.1.7 CARGO_PKG_VERSION_MAJOR=0 CARGO_PKG_VERSION_MINOR=1 CARGO_PKG_VERSION_PATCH=7 CARGO_PKG_VERSION_PRE='' DYLD_FALLBACK_LIBRARY_PATH='/private/tmp/sparq-pr6049/.throughput-monitor/direct-5983/implementation/target/release/deps:/Users/jesght/lib:/usr/local/lib:/usr/lib' /Users/jesght/.rustup/toolchains/1.97.1-aarch64-apple-darwin/bin/rustc --crate-name crypto_common --edition=2018 /Users/jesght/.cargo/registry/src/index.crates.io-1949cf8c6b5b557f/crypto-common-0.1.7/src/lib.rs --error-format=json --json=diagnostic-rendered-ansi,artifacts,future-incompat --crate-type lib --emit=dep-info,metadata,link -C opt-level=3 -C embed-bitcode=no -C codegen-units=16 --cfg 'feature="std"' --check-cfg 'cfg(docsrs,test)' --check-cfg 'cfg(feature, values("getrandom", "rand_core", "std"))' -C metadata=6cd05be63850c251 -C extra-filename=-26baf7c5aedf7861 --out-dir /private/tmp/sparq-pr6049/.throughput-monitor/direct-5983/implementation/target/release/deps -C strip=debuginfo -L dependency=/private/tmp/sparq-pr6049/.throughput-monitor/direct-5983/implementation/target/release/deps --extern generic_array=/private/tmp/sparq-pr6049/.throughput-monitor/direct-5983/implementation/target/release/deps/libgeneric_array-6c6b85977d724fe8.rmeta --extern typenum=/private/tmp/sparq-pr6049/.throughput-monitor/direct-5983/implementation/target/release/deps/libtypenum-470636505078cb4f.rmeta --cap-lints warn`
   Compiling thiserror-impl v2.0.18
     Running `CARGO=/Users/jesght/.rustup/toolchains/1.97.1-aarch64-apple-darwin/bin/cargo CARGO_CRATE_NAME=thiserror_impl CARGO_MANIFEST_DIR=/Users/jesght/.cargo/registry/src/index.crates.io-1949cf8c6b5b557f/thiserror-impl-2.0.18 CARGO_MANIFEST_PATH=/Users/jesght/.cargo/registry/src/index.crates.io-1949cf8c6b5b557f/thiserror-impl-2.0.18/Cargo.toml CARGO_PKG_AUTHORS='David Tolnay <dtolnay@gmail.com>' CARGO_PKG_DESCRIPTION='Implementation detail of the `thiserror` crate' CARGO_PKG_HOMEPAGE='' CARGO_PKG_LICENSE='MIT OR Apache-2.0' CARGO_PKG_LICENSE_FILE='' CARGO_PKG_NAME=thiserror-impl CARGO_PKG_README='' CARGO_PKG_REPOSITORY='https://github.com/dtolnay/thiserror' CARGO_PKG_RUST_VERSION=1.68 CARGO_PKG_VERSION=2.0.18 CARGO_PKG_VERSION_MAJOR=2 CARGO_PKG_VERSION_MINOR=0 CARGO_PKG_VERSION_PATCH=18 CARGO_PKG_VERSION_PRE='' DYLD_FALLBACK_LIBRARY_PATH='/private/tmp/sparq-pr6049/.throughput-monitor/direct-5983/implementation/target/release/deps:/Users/jesght/lib:/usr/local/lib:/usr/lib' /Users/jesght/.rustup/toolchains/1.97.1-aarch64-apple-darwin/bin/rustc --crate-name thiserror_impl --edition=2021 /Users/jesght/.cargo/registry/src/index.crates.io-1949cf8c6b5b557f/thiserror-impl-2.0.18/src/lib.rs --error-format=json --json=diagnostic-rendered-ansi,artifacts,future-incompat --crate-type proc-macro --emit=dep-info,link -C prefer-dynamic -C embed-bitcode=no -C debug-assertions=off --check-cfg 'cfg(docsrs,test)' --check-cfg 'cfg(feature, values())' -C metadata=25902b0df9286bbf -C extra-filename=-a0aeb1128b2b581b --out-dir /private/tmp/sparq-pr6049/.throughput-monitor/direct-5983/implementation/target/release/deps -C strip=debuginfo -L dependency=/private/tmp/sparq-pr6049/.throughput-monitor/direct-5983/implementation/target/release/deps --extern proc_macro2=/private/tmp/sparq-pr6049/.throughput-monitor/direct-5983/implementation/target/release/deps/libproc_macro2-5aa181e8aab37f22.rlib --extern quote=/private/tmp/sparq-pr6049/.throughput-monitor/direct-5983/implementation/target/release/deps/libquote-d344350944a4e6ae.rlib --extern syn=/private/tmp/sparq-pr6049/.throughput-monitor/direct-5983/implementation/target/release/deps/libsyn-5d43e3caf82a7be9.rlib --extern proc_macro --cap-lints warn`
warning: linker stderr: 2026-09-10 13:09:16.828 xcodebuild[80186:4491786]  DVTFilePathFSEvents: Failed to start fs event stream.
         2026-09-10 13:09:17.621 xcodebuild[80186:4491785] [MT] DVTDeveloperPaths: Failed to get length of DARWIN_USER_CACHE_DIR from confstr(3), error = Error Domain=NSPOSIXErrorDomain Code=5 "Input/output error". Using NSCachesDirectory instead.
  |
  = note: `#[warn(linker_messages)]` on by default

warning: `thiserror-impl` (lib) generated 1 warning
   Compiling thiserror v2.0.18
     Running `CARGO=/Users/jesght/.rustup/toolchains/1.97.1-aarch64-apple-darwin/bin/cargo CARGO_CRATE_NAME=thiserror CARGO_MANIFEST_DIR=/Users/jesght/.cargo/registry/src/index.crates.io-1949cf8c6b5b557f/thiserror-2.0.18 CARGO_MANIFEST_PATH=/Users/jesght/.cargo/registry/src/index.crates.io-1949cf8c6b5b557f/thiserror-2.0.18/Cargo.toml CARGO_PKG_AUTHORS='David Tolnay <dtolnay@gmail.com>' CARGO_PKG_DESCRIPTION='derive(Error)' CARGO_PKG_HOMEPAGE='' CARGO_PKG_LICENSE='MIT OR Apache-2.0' CARGO_PKG_LICENSE_FILE='' CARGO_PKG_NAME=thiserror CARGO_PKG_README=README.md CARGO_PKG_REPOSITORY='https://github.com/dtolnay/thiserror' CARGO_PKG_RUST_VERSION=1.68 CARGO_PKG_VERSION=2.0.18 CARGO_PKG_VERSION_MAJOR=2 CARGO_PKG_VERSION_MINOR=0 CARGO_PKG_VERSION_PATCH=18 CARGO_PKG_VERSION_PRE='' DYLD_FALLBACK_LIBRARY_PATH='/private/tmp/sparq-pr6049/.throughput-monitor/direct-5983/implementation/target/release/deps:/Users/jesght/lib:/usr/local/lib:/usr/lib' OUT_DIR=/private/tmp/sparq-pr6049/.throughput-monitor/direct-5983/implementation/target/release/build/thiserror-161ab6be94d6a2a7/out /Users/jesght/.rustup/toolchains/1.97.1-aarch64-apple-darwin/bin/rustc --crate-name thiserror --edition=2021 /Users/jesght/.cargo/registry/src/index.crates.io-1949cf8c6b5b557f/thiserror-2.0.18/src/lib.rs --error-format=json --json=diagnostic-rendered-ansi,artifacts,future-incompat --crate-type lib --emit=dep-info,metadata,link -C opt-level=3 -C embed-bitcode=no -C codegen-units=16 --cfg 'feature="default"' --cfg 'feature="std"' --check-cfg 'cfg(docsrs,test)' --check-cfg 'cfg(feature, values("default", "std"))' -C metadata=6a52e3731cc83a04 -C extra-filename=-02ad4ed01d310d06 --out-dir /private/tmp/sparq-pr6049/.throughput-monitor/direct-5983/implementation/target/release/deps -C strip=debuginfo -L dependency=/private/tmp/sparq-pr6049/.throughput-monitor/direct-5983/implementation/target/release/deps --extern thiserror_impl=/private/tmp/sparq-pr6049/.throughput-monitor/direct-5983/implementation/target/release/deps/libthiserror_impl-a0aeb1128b2b581b.dylib --cap-lints warn --check-cfg 'cfg(error_generic_member_access)' --check-cfg 'cfg(thiserror_nightly_testing)' --check-cfg 'cfg(thiserror_no_backtrace_type)'`
   Compiling digest v0.10.7
     Running `CARGO=/Users/jesght/.rustup/toolchains/1.97.1-aarch64-apple-darwin/bin/cargo CARGO_CRATE_NAME=digest CARGO_MANIFEST_DIR=/Users/jesght/.cargo/registry/src/index.crates.io-1949cf8c6b5b557f/digest-0.10.7 CARGO_MANIFEST_PATH=/Users/jesght/.cargo/registry/src/index.crates.io-1949cf8c6b5b557f/digest-0.10.7/Cargo.toml CARGO_PKG_AUTHORS='RustCrypto Developers' CARGO_PKG_DESCRIPTION='Traits for cryptographic hash functions and message authentication codes' CARGO_PKG_HOMEPAGE='' CARGO_PKG_LICENSE='MIT OR Apache-2.0' CARGO_PKG_LICENSE_FILE='' CARGO_PKG_NAME=digest CARGO_PKG_README=README.md CARGO_PKG_REPOSITORY='https://github.com/RustCrypto/traits' CARGO_PKG_RUST_VERSION='' CARGO_PKG_VERSION=0.10.7 CARGO_PKG_VERSION_MAJOR=0 CARGO_PKG_VERSION_MINOR=10 CARGO_PKG_VERSION_PATCH=7 CARGO_PKG_VERSION_PRE='' DYLD_FALLBACK_LIBRARY_PATH='/private/tmp/sparq-pr6049/.throughput-monitor/direct-5983/implementation/target/release/deps:/Users/jesght/lib:/usr/local/lib:/usr/lib' /Users/jesght/.rustup/toolchains/1.97.1-aarch64-apple-darwin/bin/rustc --crate-name digest --edition=2018 /Users/jesght/.cargo/registry/src/index.crates.io-1949cf8c6b5b557f/digest-0.10.7/src/lib.rs --error-format=json --json=diagnostic-rendered-ansi,artifacts,future-incompat --crate-type lib --emit=dep-info,metadata,link -C opt-level=3 -C embed-bitcode=no -C codegen-units=16 --cfg 'feature="alloc"' --cfg 'feature="block-buffer"' --cfg 'feature="core-api"' --cfg 'feature="default"' --cfg 'feature="std"' --check-cfg 'cfg(docsrs,test)' --check-cfg 'cfg(feature, values("alloc", "blobby", "block-buffer", "const-oid", "core-api", "default", "dev", "mac", "oid", "rand_core", "std", "subtle"))' -C metadata=d7f2b11bc97220af -C extra-filename=-fa7fd8c8019c71c5 --out-dir /private/tmp/sparq-pr6049/.throughput-monitor/direct-5983/implementation/target/release/deps -C strip=debuginfo -L dependency=/private/tmp/sparq-pr6049/.throughput-monitor/direct-5983/implementation/target/release/deps --extern block_buffer=/private/tmp/sparq-pr6049/.throughput-monitor/direct-5983/implementation/target/release/deps/libblock_buffer-a7a34e233dab2213.rmeta --extern crypto_common=/private/tmp/sparq-pr6049/.throughput-monitor/direct-5983/implementation/target/release/deps/libcrypto_common-26baf7c5aedf7861.rmeta --cap-lints warn`
       Fresh getrandom v0.3.4
       Fresh cpufeatures v0.2.17
       Fresh oxiri v0.2.11
       Fresh oxilangtag v0.1.6
       Fresh rand_core v0.9.5
       Fresh memchr v2.8.2
       Fresh rand_chacha v0.9.0
   Compiling sha2 v0.10.9
     Running `CARGO=/Users/jesght/.rustup/toolchains/1.97.1-aarch64-apple-darwin/bin/cargo CARGO_CRATE_NAME=sha2 CARGO_MANIFEST_DIR=/Users/jesght/.cargo/registry/src/index.crates.io-1949cf8c6b5b557f/sha2-0.10.9 CARGO_MANIFEST_PATH=/Users/jesght/.cargo/registry/src/index.crates.io-1949cf8c6b5b557f/sha2-0.10.9/Cargo.toml CARGO_PKG_AUTHORS='RustCrypto Developers' CARGO_PKG_DESCRIPTION='Pure Rust implementation of the SHA-2 hash function family
including SHA-224, SHA-256, SHA-384, and SHA-512.
' CARGO_PKG_HOMEPAGE='' CARGO_PKG_LICENSE='MIT OR Apache-2.0' CARGO_PKG_LICENSE_FILE='' CARGO_PKG_NAME=sha2 CARGO_PKG_README=README.md CARGO_PKG_REPOSITORY='https://github.com/RustCrypto/hashes' CARGO_PKG_RUST_VERSION='' CARGO_PKG_VERSION=0.10.9 CARGO_PKG_VERSION_MAJOR=0 CARGO_PKG_VERSION_MINOR=10 CARGO_PKG_VERSION_PATCH=9 CARGO_PKG_VERSION_PRE='' DYLD_FALLBACK_LIBRARY_PATH='/private/tmp/sparq-pr6049/.throughput-monitor/direct-5983/implementation/target/release/deps:/Users/jesght/lib:/usr/local/lib:/usr/lib' /Users/jesght/.rustup/toolchains/1.97.1-aarch64-apple-darwin/bin/rustc --crate-name sha2 --edition=2018 /Users/jesght/.cargo/registry/src/index.crates.io-1949cf8c6b5b557f/sha2-0.10.9/src/lib.rs --error-format=json --json=diagnostic-rendered-ansi,artifacts,future-incompat --crate-type lib --emit=dep-info,metadata,link -C opt-level=3 -C embed-bitcode=no -C codegen-units=16 --cfg 'feature="default"' --cfg 'feature="std"' --check-cfg 'cfg(docsrs,test)' --check-cfg 'cfg(feature, values("asm", "asm-aarch64", "compress", "default", "force-soft", "force-soft-compact", "loongarch64_asm", "oid", "sha2-asm", "std"))' -C metadata=c726be0a78643e46 -C extra-filename=-c6cd3e5a6978836c --out-dir /private/tmp/sparq-pr6049/.throughput-monitor/direct-5983/implementation/target/release/deps -C strip=debuginfo -L dependency=/private/tmp/sparq-pr6049/.throughput-monitor/direct-5983/implementation/target/release/deps --extern cfg_if=/private/tmp/sparq-pr6049/.throughput-monitor/direct-5983/implementation/target/release/deps/libcfg_if-1c9514be1a7b509d.rmeta --extern cpufeatures=/private/tmp/sparq-pr6049/.throughput-monitor/direct-5983/implementation/target/release/deps/libcpufeatures-57675a6f78d8979a.rmeta --extern digest=/private/tmp/sparq-pr6049/.throughput-monitor/direct-5983/implementation/target/release/deps/libdigest-fa7fd8c8019c71c5.rmeta --cap-lints warn`
       Fresh rand v0.9.4
   Compiling oxsdatatypes v0.2.2
     Running `CARGO=/Users/jesght/.rustup/toolchains/1.97.1-aarch64-apple-darwin/bin/cargo CARGO_CRATE_NAME=oxsdatatypes CARGO_MANIFEST_DIR=/Users/jesght/.cargo/registry/src/index.crates.io-1949cf8c6b5b557f/oxsdatatypes-0.2.2 CARGO_MANIFEST_PATH=/Users/jesght/.cargo/registry/src/index.crates.io-1949cf8c6b5b557f/oxsdatatypes-0.2.2/Cargo.toml CARGO_PKG_AUTHORS='Tpt <thomas@pellissier-tanon.fr>' CARGO_PKG_DESCRIPTION='An implementation of some XSD datatypes for SPARQL implementations
' CARGO_PKG_HOMEPAGE='' CARGO_PKG_LICENSE='MIT OR Apache-2.0' CARGO_PKG_LICENSE_FILE='' CARGO_PKG_NAME=oxsdatatypes CARGO_PKG_README=README.md CARGO_PKG_REPOSITORY='https://github.com/oxigraph/oxigraph/tree/main/lib/oxsdatatypes' CARGO_PKG_RUST_VERSION=1.75 CARGO_PKG_VERSION=0.2.2 CARGO_PKG_VERSION_MAJOR=0 CARGO_PKG_VERSION_MINOR=2 CARGO_PKG_VERSION_PATCH=2 CARGO_PKG_VERSION_PRE='' DYLD_FALLBACK_LIBRARY_PATH='/private/tmp/sparq-pr6049/.throughput-monitor/direct-5983/implementation/target/release/deps:/Users/jesght/lib:/usr/local/lib:/usr/lib' /Users/jesght/.rustup/toolchains/1.97.1-aarch64-apple-darwin/bin/rustc --crate-name oxsdatatypes --edition=2021 /Users/jesght/.cargo/registry/src/index.crates.io-1949cf8c6b5b557f/oxsdatatypes-0.2.2/src/lib.rs --error-format=json --json=diagnostic-rendered-ansi,artifacts,future-incompat --crate-type lib --emit=dep-info,metadata,link -C opt-level=3 -C embed-bitcode=no -C codegen-units=16 '--warn=clippy::zero_sized_map_values' '--warn=clippy::wildcard_dependencies' '--warn=clippy::verbose_file_reads' '--warn=clippy::verbose_bit_mask' '--warn=clippy::used_underscore_binding' '--warn=clippy::use_debug' '--warn=clippy::unwrap_in_result' '--warn=clippy::unused_self' '--warn=clippy::unused_result_ok' --warn=unused_qualifications --warn=unused_macro_rules --warn=unused_lifetimes --warn=unused_import_braces '--warn=clippy::unused_async' '--warn=clippy::unseparated_literal_suffix' '--warn=clippy::unsafe_derive_deserialize' --warn=unsafe_code '--warn=clippy::unreadable_literal' '--warn=clippy::unnested_or_patterns' '--warn=clippy::unneeded_field_pattern' '--warn=clippy::unnecessary_wraps' '--warn=clippy::unnecessary_self_imports' '--warn=clippy::unnecessary_safety_doc' '--warn=clippy::unnecessary_safety_comment' '--warn=clippy::unnecessary_join' '--warn=clippy::unnecessary_box_returns' '--warn=clippy::uninlined_format_args' '--warn=clippy::unimplemented' '--warn=clippy::unicode_not_nfc' '--warn=clippy::undocumented_unsafe_blocks' '--warn=clippy::unchecked_duration_subtraction' '--warn=clippy::try_err' '--warn=clippy::trivially_copy_pass_by_ref' --warn=trivial_numeric_casts --warn=trivial_casts '--warn=clippy::transmute_ptr_to_ptr' '--warn=clippy::todo' '--warn=clippy::tests_outside_test_module' '--warn=clippy::suspicious_xor_used_as_pow' '--warn=clippy::struct_field_names' '--warn=clippy::struct_excessive_bools' '--warn=clippy::string_to_string' '--warn=clippy::string_lit_chars_any' '--warn=clippy::string_add_assign' '--warn=clippy::string_add' '--warn=clippy::str_to_string' '--warn=clippy::str_split_at_newline' '--warn=clippy::stable_sort_primitive' '--warn=clippy::single_match_else' '--warn=clippy::single_char_pattern' '--warn=clippy::should_panic_without_expect' '--warn=clippy::shadow_same' '--warn=clippy::semicolon_inside_block' '--warn=clippy::same_name_method' '--warn=clippy::same_functions_in_if_condition' '--warn=clippy::return_self_not_must_use' '--warn=clippy::rest_pat_in_fully_bound_structs' '--warn=clippy::renamed_function_params' '--warn=clippy::ref_patterns' '--warn=clippy::ref_option_ref' '--warn=clippy::ref_binding_to_reference' '--warn=clippy::ref_as_ptr' '--warn=clippy::redundant_type_annotations' '--warn=clippy::redundant_feature_names' '--warn=clippy::redundant_else' '--warn=clippy::redundant_closure_for_method_calls' '--warn=clippy::rc_mutex' '--warn=clippy::rc_buffer' '--warn=clippy::range_plus_one' '--warn=clippy::range_minus_one' '--warn=clippy::pub_without_shorthand' '--warn=clippy::pub_underscore_fields' '--warn=clippy::ptr_cast_constness' '--warn=clippy::ptr_as_ptr' '--warn=clippy::print_stdout' '--warn=clippy::print_stderr' '--warn=clippy::pathbuf_init_then_push' '--warn=clippy::partial_pub_fields' '--warn=clippy::panic_in_result_fn' '--warn=clippy::panic' '--warn=clippy::option_as_ref_cloned' '--warn=clippy::non_ascii_literal' '--warn=clippy::no_mangle_with_rust_abi' '--warn=clippy::no_effect_underscore_binding' '--warn=clippy::negative_feature_names' '--warn=clippy::needless_raw_strings' '--warn=clippy::needless_raw_string_hashes' '--warn=clippy::needless_pass_by_value' '--warn=clippy::needless_for_each' '--warn=clippy::needless_continue' '--warn=clippy::needless_bitwise_bool' '--warn=clippy::naive_bytecount' '--warn=clippy::mutex_atomic' '--warn=clippy::mut_mut' '--warn=clippy::multiple_inherent_impl' '--warn=clippy::missing_fields_in_debug' '--warn=clippy::missing_asserts_for_indexing' '--warn=clippy::missing_assert_message' '--warn=clippy::mismatching_type_param_order' '--warn=clippy::mem_forget' '--warn=clippy::maybe_infinite_iter' '--warn=clippy::match_wildcard_for_single_variants' '--warn=clippy::match_wild_err_arm' '--warn=clippy::match_same_arms' '--warn=clippy::match_on_vec_items' '--warn=clippy::match_bool' '--warn=clippy::map_unwrap_or' '--warn=clippy::many_single_char_names' '--warn=clippy::manual_string_new' '--warn=clippy::manual_ok_or' '--warn=clippy::manual_let_else' '--warn=clippy::manual_is_variant_and' '--warn=clippy::manual_instant_elapsed' '--warn=clippy::manual_assert' '--warn=clippy::macro_use_imports' --warn=macro_use_extern_crate '--warn=clippy::lossy_float_literal' '--warn=clippy::linkedlist' '--warn=clippy::let_underscore_untyped' '--warn=clippy::let_underscore_must_use' --warn=let_underscore_drop '--warn=clippy::large_types_passed_by_value' '--warn=clippy::large_stack_arrays' '--warn=clippy::large_include_file' '--warn=clippy::large_futures' '--warn=clippy::large_digit_groups' '--warn=clippy::iter_without_into_iter' '--warn=clippy::iter_not_returning_iterator' '--warn=clippy::iter_filter_is_some' '--warn=clippy::iter_filter_is_ok' '--warn=clippy::items_after_statements' '--warn=clippy::invalid_upcast_comparisons' '--warn=clippy::into_iter_without_iter' '--warn=clippy::inline_asm_x86_intel_syntax' '--warn=clippy::inline_asm_x86_att_syntax' '--warn=clippy::inline_always' '--warn=clippy::infinite_loop' '--warn=clippy::inefficient_to_string' '--warn=clippy::index_refutable_slice' '--warn=clippy::inconsistent_struct_constructor' '--warn=clippy::implicit_hasher' '--warn=clippy::implicit_clone' '--warn=clippy::ignored_unit_patterns' '--warn=clippy::if_then_some_else_none' '--warn=clippy::if_not_else' '--warn=clippy::host_endian_bytes' '--warn=clippy::get_unwrap' '--warn=clippy::from_iter_instead_of_collect' '--warn=clippy::format_push_string' '--warn=clippy::fn_to_numeric_cast_any' '--warn=clippy::fn_params_excessive_bools' '--warn=clippy::flat_map_option' '--warn=clippy::filter_map_next' '--warn=clippy::filetype_is_file' '--warn=clippy::field_scoped_visibility_modifiers' --warn=explicit_outlives_requirements '--warn=clippy::explicit_iter_loop' '--warn=clippy::explicit_into_iter_loop' '--warn=clippy::explicit_deref_methods' '--warn=clippy::expl_impl_clone_on_copy' '--warn=clippy::expect_used' '--warn=clippy::exit' '--warn=clippy::error_impl_error' '--warn=clippy::enum_glob_use' '--warn=clippy::empty_structs_with_brackets' '--warn=clippy::empty_enum_variants_with_brackets' '--warn=clippy::empty_enum' '--warn=clippy::empty_drop' --warn=elided_lifetimes_in_paths '--warn=clippy::doc_link_with_quotes' '--warn=clippy::disallowed_script_idents' '--warn=clippy::deref_by_slicing' '--warn=clippy::default_union_representation' '--warn=clippy::default_trait_access' '--warn=clippy::decimal_literal_representation' '--warn=clippy::dbg_macro' '--warn=clippy::create_dir' '--warn=clippy::copy_iterator' '--warn=clippy::cloned_instead_of_copied' '--warn=clippy::clone_on_ref_ptr' '--warn=clippy::checked_conversions' '--warn=clippy::cfg_not_test' '--warn=clippy::cast_sign_loss' '--warn=clippy::cast_ptr_alignment' '--warn=clippy::cast_precision_loss' '--warn=clippy::cast_possible_wrap' '--warn=clippy::cast_possible_truncation' '--warn=clippy::cast_lossless' '--warn=clippy::case_sensitive_file_extension_comparisons' '--warn=clippy::borrow_as_ptr' '--warn=clippy::bool_to_int_with_if' '--warn=clippy::assigning_clones' '--warn=clippy::assertions_on_result_states' '--warn=clippy::as_underscore' '--warn=clippy::allow_attributes_without_reason' '--warn=clippy::allow_attributes' --warn=absolute_paths_not_starting_with_crate --check-cfg 'cfg(docsrs,test)' --check-cfg 'cfg(feature, values("custom-now", "js", "js-sys"))' -C metadata=446c885b9f34f785 -C extra-filename=-90c5e8be92a8aa0c --out-dir /private/tmp/sparq-pr6049/.throughput-monitor/direct-5983/implementation/target/release/deps -C strip=debuginfo -L dependency=/private/tmp/sparq-pr6049/.throughput-monitor/direct-5983/implementation/target/release/deps --extern thiserror=/private/tmp/sparq-pr6049/.throughput-monitor/direct-5983/implementation/target/release/deps/libthiserror-02ad4ed01d310d06.rmeta --cap-lints warn`
       Fresh hex v0.4.3
   Compiling oxrdf v0.3.3
     Running `CARGO=/Users/jesght/.rustup/toolchains/1.97.1-aarch64-apple-darwin/bin/cargo CARGO_CRATE_NAME=oxrdf CARGO_MANIFEST_DIR=/Users/jesght/.cargo/registry/src/index.crates.io-1949cf8c6b5b557f/oxrdf-0.3.3 CARGO_MANIFEST_PATH=/Users/jesght/.cargo/registry/src/index.crates.io-1949cf8c6b5b557f/oxrdf-0.3.3/Cargo.toml CARGO_PKG_AUTHORS='Tpt <thomas@pellissier-tanon.fr>' CARGO_PKG_DESCRIPTION='Basic data structures related to RDF' CARGO_PKG_HOMEPAGE='' CARGO_PKG_LICENSE='MIT OR Apache-2.0' CARGO_PKG_LICENSE_FILE='' CARGO_PKG_NAME=oxrdf CARGO_PKG_README=README.md CARGO_PKG_REPOSITORY='https://github.com/oxigraph/oxigraph/tree/main/lib/oxrdf' CARGO_PKG_RUST_VERSION=1.87 CARGO_PKG_VERSION=0.3.3 CARGO_PKG_VERSION_MAJOR=0 CARGO_PKG_VERSION_MINOR=3 CARGO_PKG_VERSION_PATCH=3 CARGO_PKG_VERSION_PRE='' DYLD_FALLBACK_LIBRARY_PATH='/private/tmp/sparq-pr6049/.throughput-monitor/direct-5983/implementation/target/release/deps:/Users/jesght/lib:/usr/local/lib:/usr/lib' /Users/jesght/.rustup/toolchains/1.97.1-aarch64-apple-darwin/bin/rustc --crate-name oxrdf --edition=2024 /Users/jesght/.cargo/registry/src/index.crates.io-1949cf8c6b5b557f/oxrdf-0.3.3/src/lib.rs --error-format=json --json=diagnostic-rendered-ansi,artifacts,future-incompat --crate-type lib --emit=dep-info,metadata,link -C opt-level=3 -C embed-bitcode=no -C codegen-units=16 '--warn=clippy::zero_sized_map_values' '--warn=clippy::wildcard_dependencies' '--warn=clippy::verbose_file_reads' '--warn=clippy::verbose_bit_mask' '--warn=clippy::used_underscore_items' '--warn=clippy::used_underscore_binding' '--warn=clippy::use_debug' '--warn=clippy::unwrap_in_result' '--warn=clippy::unused_self' '--warn=clippy::unused_result_ok' --warn=unused_qualifications --warn=unused_macro_rules --warn=unused_lifetimes --warn=unused_import_braces '--warn=clippy::unused_async' '--warn=clippy::unseparated_literal_suffix' '--warn=clippy::unsafe_derive_deserialize' --warn=unsafe_code '--warn=clippy::unreadable_literal' '--warn=clippy::unnested_or_patterns' '--warn=clippy::unneeded_field_pattern' '--warn=clippy::unnecessary_wraps' '--warn=clippy::unnecessary_self_imports' '--warn=clippy::unnecessary_safety_doc' '--warn=clippy::unnecessary_safety_comment' '--warn=clippy::unnecessary_join' '--warn=clippy::unnecessary_box_returns' '--warn=clippy::uninlined_format_args' '--warn=clippy::unimplemented' '--warn=clippy::unicode_not_nfc' '--warn=clippy::undocumented_unsafe_blocks' '--warn=clippy::unchecked_time_subtraction' '--warn=clippy::try_err' '--warn=clippy::trivially_copy_pass_by_ref' --warn=trivial_numeric_casts --warn=trivial_casts '--warn=clippy::transmute_ptr_to_ptr' '--warn=clippy::todo' '--warn=clippy::tests_outside_test_module' '--warn=clippy::suspicious_xor_used_as_pow' '--warn=clippy::struct_field_names' '--warn=clippy::struct_excessive_bools' '--warn=clippy::string_lit_chars_any' '--warn=clippy::string_add_assign' '--warn=clippy::string_add' '--warn=clippy::str_to_string' '--warn=clippy::str_split_at_newline' '--warn=clippy::stable_sort_primitive' '--warn=clippy::single_match_else' '--warn=clippy::single_char_pattern' '--warn=clippy::should_panic_without_expect' '--warn=clippy::shadow_same' '--warn=clippy::semicolon_inside_block' '--warn=clippy::same_name_method' '--warn=clippy::same_functions_in_if_condition' '--warn=clippy::return_self_not_must_use' '--warn=clippy::rest_pat_in_fully_bound_structs' '--warn=clippy::renamed_function_params' '--warn=clippy::ref_patterns' '--warn=clippy::ref_option_ref' '--warn=clippy::ref_binding_to_reference' '--warn=clippy::ref_as_ptr' '--warn=clippy::redundant_type_annotations' '--warn=clippy::redundant_feature_names' '--warn=clippy::redundant_else' '--warn=clippy::redundant_closure_for_method_calls' '--warn=clippy::rc_mutex' '--warn=clippy::rc_buffer' '--warn=clippy::range_plus_one' '--warn=clippy::range_minus_one' '--warn=clippy::pub_without_shorthand' '--warn=clippy::pub_underscore_fields' '--warn=clippy::ptr_cast_constness' '--warn=clippy::ptr_as_ptr' '--warn=clippy::print_stdout' '--warn=clippy::print_stderr' '--warn=clippy::pathbuf_init_then_push' '--warn=clippy::partial_pub_fields' '--warn=clippy::panic_in_result_fn' '--warn=clippy::panic' '--warn=clippy::option_as_ref_cloned' '--warn=clippy::non_zero_suggestions' '--warn=clippy::non_ascii_literal' '--warn=clippy::no_mangle_with_rust_abi' '--warn=clippy::no_effect_underscore_binding' '--warn=clippy::negative_feature_names' '--warn=clippy::needless_raw_strings' '--warn=clippy::needless_raw_string_hashes' '--warn=clippy::needless_pass_by_value' '--warn=clippy::needless_for_each' '--warn=clippy::needless_continue' '--warn=clippy::needless_bitwise_bool' '--warn=clippy::naive_bytecount' '--warn=clippy::mutex_atomic' '--warn=clippy::mut_mut' '--warn=clippy::multiple_inherent_impl' '--warn=clippy::missing_fields_in_debug' '--warn=clippy::missing_asserts_for_indexing' '--warn=clippy::missing_assert_message' '--warn=clippy::mismatching_type_param_order' '--warn=clippy::mem_forget' '--warn=clippy::maybe_infinite_iter' '--warn=clippy::match_wildcard_for_single_variants' '--warn=clippy::match_wild_err_arm' '--warn=clippy::match_same_arms' '--warn=clippy::match_bool' '--warn=clippy::map_unwrap_or' '--warn=clippy::many_single_char_names' '--warn=clippy::manual_string_new' '--warn=clippy::manual_ok_or' '--warn=clippy::manual_let_else' '--warn=clippy::manual_is_variant_and' '--warn=clippy::manual_instant_elapsed' '--warn=clippy::manual_assert' '--warn=clippy::macro_use_imports' --warn=macro_use_extern_crate '--warn=clippy::lossy_float_literal' '--warn=clippy::linkedlist' '--warn=clippy::let_underscore_untyped' '--warn=clippy::let_underscore_must_use' --warn=let_underscore_drop '--warn=clippy::large_types_passed_by_value' '--warn=clippy::large_stack_arrays' '--warn=clippy::large_include_file' '--warn=clippy::large_futures' '--warn=clippy::large_digit_groups' '--warn=clippy::iter_without_into_iter' '--warn=clippy::iter_not_returning_iterator' '--warn=clippy::iter_filter_is_some' '--warn=clippy::iter_filter_is_ok' '--warn=clippy::items_after_statements' '--warn=clippy::invalid_upcast_comparisons' '--warn=clippy::into_iter_without_iter' '--warn=clippy::inline_asm_x86_intel_syntax' '--warn=clippy::inline_asm_x86_att_syntax' '--warn=clippy::inline_always' '--warn=clippy::infinite_loop' '--warn=clippy::inefficient_to_string' '--warn=clippy::index_refutable_slice' '--warn=clippy::inconsistent_struct_constructor' '--warn=clippy::implicit_hasher' '--warn=clippy::implicit_clone' '--warn=clippy::ignored_unit_patterns' '--warn=clippy::if_then_some_else_none' '--warn=clippy::if_not_else' '--warn=clippy::host_endian_bytes' '--warn=clippy::get_unwrap' '--warn=clippy::from_iter_instead_of_collect' '--warn=clippy::format_push_string' '--warn=clippy::fn_to_numeric_cast_any' '--warn=clippy::fn_params_excessive_bools' '--warn=clippy::flat_map_option' '--warn=clippy::filter_map_next' '--warn=clippy::filetype_is_file' '--warn=clippy::field_scoped_visibility_modifiers' --warn=explicit_outlives_requirements '--warn=clippy::explicit_iter_loop' '--warn=clippy::explicit_into_iter_loop' '--warn=clippy::explicit_deref_methods' '--warn=clippy::expl_impl_clone_on_copy' '--warn=clippy::expect_used' '--warn=clippy::exit' '--warn=clippy::error_impl_error' '--warn=clippy::enum_glob_use' '--warn=clippy::empty_structs_with_brackets' '--warn=clippy::empty_enums' '--warn=clippy::empty_enum_variants_with_brackets' '--warn=clippy::empty_drop' --warn=elided_lifetimes_in_paths '--warn=clippy::doc_link_with_quotes' '--warn=clippy::disallowed_script_idents' '--warn=clippy::deref_by_slicing' '--warn=clippy::default_union_representation' '--warn=clippy::default_trait_access' '--warn=clippy::decimal_literal_representation' '--warn=clippy::dbg_macro' '--warn=clippy::create_dir' '--warn=clippy::copy_iterator' '--warn=clippy::cloned_instead_of_copied' '--warn=clippy::clone_on_ref_ptr' '--warn=clippy::checked_conversions' '--warn=clippy::cfg_not_test' '--warn=clippy::cast_sign_loss' '--warn=clippy::cast_ptr_alignment' '--warn=clippy::cast_precision_loss' '--warn=clippy::cast_possible_wrap' '--warn=clippy::cast_possible_truncation' '--warn=clippy::cast_lossless' '--warn=clippy::case_sensitive_file_extension_comparisons' '--warn=clippy::borrow_as_ptr' '--warn=clippy::bool_to_int_with_if' '--warn=clippy::assigning_clones' '--warn=clippy::assertions_on_result_states' '--warn=clippy::as_underscore' '--warn=clippy::allow_attributes' --warn=absolute_paths_not_starting_with_crate --cfg 'feature="default"' --cfg 'feature="oxsdatatypes"' --cfg 'feature="rdf-12"' --cfg 'feature="rdfc-10"' --check-cfg 'cfg(docsrs,test)' --check-cfg 'cfg(feature, values("default", "oxsdatatypes", "rdf-12", "rdfc-10", "serde"))' -C metadata=f6e7263382cc7724 -C extra-filename=-a953fc3282e3d853 --out-dir /private/tmp/sparq-pr6049/.throughput-monitor/direct-5983/implementation/target/release/deps -C strip=debuginfo -L dependency=/private/tmp/sparq-pr6049/.throughput-monitor/direct-5983/implementation/target/release/deps --extern hex=/private/tmp/sparq-pr6049/.throughput-monitor/direct-5983/implementation/target/release/deps/libhex-9158a96a04de009c.rmeta --extern oxilangtag=/private/tmp/sparq-pr6049/.throughput-monitor/direct-5983/implementation/target/release/deps/liboxilangtag-2fbab9b59ca20201.rmeta --extern oxiri=/private/tmp/sparq-pr6049/.throughput-monitor/direct-5983/implementation/target/release/deps/liboxiri-256fcb858fdf74ff.rmeta --extern oxsdatatypes=/private/tmp/sparq-pr6049/.throughput-monitor/direct-5983/implementation/target/release/deps/liboxsdatatypes-90c5e8be92a8aa0c.rmeta --extern rand=/private/tmp/sparq-pr6049/.throughput-monitor/direct-5983/implementation/target/release/deps/librand-5398fd28bd637609.rmeta --extern sha2=/private/tmp/sparq-pr6049/.throughput-monitor/direct-5983/implementation/target/release/deps/libsha2-c6cd3e5a6978836c.rmeta --extern thiserror=/private/tmp/sparq-pr6049/.throughput-monitor/direct-5983/implementation/target/release/deps/libthiserror-02ad4ed01d310d06.rmeta --cap-lints warn`
       Fresh crossbeam-utils v0.8.21
       Fresh crossbeam-epoch v0.9.20
       Fresh hybrid-array v0.4.12
   Compiling getrandom v0.2.17
     Running `CARGO=/Users/jesght/.rustup/toolchains/1.97.1-aarch64-apple-darwin/bin/cargo CARGO_CRATE_NAME=getrandom CARGO_MANIFEST_DIR=/Users/jesght/.cargo/registry/src/index.crates.io-1949cf8c6b5b557f/getrandom-0.2.17 CARGO_MANIFEST_PATH=/Users/jesght/.cargo/registry/src/index.crates.io-1949cf8c6b5b557f/getrandom-0.2.17/Cargo.toml CARGO_PKG_AUTHORS='The Rand Project Developers' CARGO_PKG_DESCRIPTION='A small cross-platform library for retrieving random data from system source' CARGO_PKG_HOMEPAGE='' CARGO_PKG_LICENSE='MIT OR Apache-2.0' CARGO_PKG_LICENSE_FILE='' CARGO_PKG_NAME=getrandom CARGO_PKG_README=README.md CARGO_PKG_REPOSITORY='https://github.com/rust-random/getrandom' CARGO_PKG_RUST_VERSION='' CARGO_PKG_VERSION=0.2.17 CARGO_PKG_VERSION_MAJOR=0 CARGO_PKG_VERSION_MINOR=2 CARGO_PKG_VERSION_PATCH=17 CARGO_PKG_VERSION_PRE='' DYLD_FALLBACK_LIBRARY_PATH='/private/tmp/sparq-pr6049/.throughput-monitor/direct-5983/implementation/target/release/deps:/Users/jesght/lib:/usr/local/lib:/usr/lib' /Users/jesght/.rustup/toolchains/1.97.1-aarch64-apple-darwin/bin/rustc --crate-name getrandom --edition=2018 /Users/jesght/.cargo/registry/src/index.crates.io-1949cf8c6b5b557f/getrandom-0.2.17/src/lib.rs --error-format=json --json=diagnostic-rendered-ansi,artifacts,future-incompat --crate-type lib --emit=dep-info,metadata,link -C opt-level=3 -C embed-bitcode=no -C codegen-units=16 --cfg 'feature="std"' --check-cfg 'cfg(docsrs,test)' --check-cfg 'cfg(feature, values("compiler_builtins", "core", "custom", "js", "js-sys", "linux_disable_fallback", "rdrand", "rustc-dep-of-std", "std", "test-in-browser", "wasm-bindgen"))' -C metadata=a2aa419925cbbc1b -C extra-filename=-2e5e52e1b82c5b49 --out-dir /private/tmp/sparq-pr6049/.throughput-monitor/direct-5983/implementation/target/release/deps -C strip=debuginfo -L dependency=/private/tmp/sparq-pr6049/.throughput-monitor/direct-5983/implementation/target/release/deps --extern cfg_if=/private/tmp/sparq-pr6049/.throughput-monitor/direct-5983/implementation/target/release/deps/libcfg_if-1c9514be1a7b509d.rmeta --extern libc=/private/tmp/sparq-pr6049/.throughput-monitor/direct-5983/implementation/target/release/deps/liblibc-d3a9ab32a070ca78.rmeta --cap-lints warn`
   Compiling either v1.16.0
     Running `CARGO=/Users/jesght/.rustup/toolchains/1.97.1-aarch64-apple-darwin/bin/cargo CARGO_CRATE_NAME=either CARGO_MANIFEST_DIR=/Users/jesght/.cargo/registry/src/index.crates.io-1949cf8c6b5b557f/either-1.16.0 CARGO_MANIFEST_PATH=/Users/jesght/.cargo/registry/src/index.crates.io-1949cf8c6b5b557f/either-1.16.0/Cargo.toml CARGO_PKG_AUTHORS='' CARGO_PKG_DESCRIPTION='The enum `Either` with variants `Left` and `Right` is a general purpose sum type with two cases.
' CARGO_PKG_HOMEPAGE='' CARGO_PKG_LICENSE='MIT OR Apache-2.0' CARGO_PKG_LICENSE_FILE='' CARGO_PKG_NAME=either CARGO_PKG_README=README-crates.io.md CARGO_PKG_REPOSITORY='https://github.com/rayon-rs/either' CARGO_PKG_RUST_VERSION=1.63.0 CARGO_PKG_VERSION=1.16.0 CARGO_PKG_VERSION_MAJOR=1 CARGO_PKG_VERSION_MINOR=16 CARGO_PKG_VERSION_PATCH=0 CARGO_PKG_VERSION_PRE='' DYLD_FALLBACK_LIBRARY_PATH='/private/tmp/sparq-pr6049/.throughput-monitor/direct-5983/implementation/target/release/deps:/Users/jesght/lib:/usr/local/lib:/usr/lib' /Users/jesght/.rustup/toolchains/1.97.1-aarch64-apple-darwin/bin/rustc --crate-name either --edition=2021 /Users/jesght/.cargo/registry/src/index.crates.io-1949cf8c6b5b557f/either-1.16.0/src/lib.rs --error-format=json --json=diagnostic-rendered-ansi,artifacts,future-incompat --crate-type lib --emit=dep-info,metadata,link -C opt-level=3 -C embed-bitcode=no -C codegen-units=16 --cfg 'feature="std"' --cfg 'feature="use_std"' --check-cfg 'cfg(docsrs,test)' --check-cfg 'cfg(feature, values("default", "serde", "std", "use_std"))' -C metadata=9d54116b884114b0 -C extra-filename=-03faa9a8d97398aa --out-dir /private/tmp/sparq-pr6049/.throughput-monitor/direct-5983/implementation/target/release/deps -C strip=debuginfo -L dependency=/private/tmp/sparq-pr6049/.throughput-monitor/direct-5983/implementation/target/release/deps --cap-lints warn`
       Fresh peg-macros v0.8.6
   Compiling rand_core v0.6.4
     Running `CARGO=/Users/jesght/.rustup/toolchains/1.97.1-aarch64-apple-darwin/bin/cargo CARGO_CRATE_NAME=rand_core CARGO_MANIFEST_DIR=/Users/jesght/.cargo/registry/src/index.crates.io-1949cf8c6b5b557f/rand_core-0.6.4 CARGO_MANIFEST_PATH=/Users/jesght/.cargo/registry/src/index.crates.io-1949cf8c6b5b557f/rand_core-0.6.4/Cargo.toml CARGO_PKG_AUTHORS='The Rand Project Developers:The Rust Project Developers' CARGO_PKG_DESCRIPTION='Core random number generator traits and tools for implementation.
' CARGO_PKG_HOMEPAGE='https://rust-random.github.io/book' CARGO_PKG_LICENSE='MIT OR Apache-2.0' CARGO_PKG_LICENSE_FILE='' CARGO_PKG_NAME=rand_core CARGO_PKG_README=README.md CARGO_PKG_REPOSITORY='https://github.com/rust-random/rand' CARGO_PKG_RUST_VERSION='' CARGO_PKG_VERSION=0.6.4 CARGO_PKG_VERSION_MAJOR=0 CARGO_PKG_VERSION_MINOR=6 CARGO_PKG_VERSION_PATCH=4 CARGO_PKG_VERSION_PRE='' DYLD_FALLBACK_LIBRARY_PATH='/private/tmp/sparq-pr6049/.throughput-monitor/direct-5983/implementation/target/release/deps:/Users/jesght/lib:/usr/local/lib:/usr/lib' /Users/jesght/.rustup/toolchains/1.97.1-aarch64-apple-darwin/bin/rustc --crate-name rand_core --edition=2018 /Users/jesght/.cargo/registry/src/index.crates.io-1949cf8c6b5b557f/rand_core-0.6.4/src/lib.rs --error-format=json --json=diagnostic-rendered-ansi,artifacts,future-incompat --crate-type lib --emit=dep-info,metadata,link -C opt-level=3 -C embed-bitcode=no -C codegen-units=16 --cfg 'feature="alloc"' --cfg 'feature="getrandom"' --cfg 'feature="std"' --check-cfg 'cfg(docsrs,test)' --check-cfg 'cfg(feature, values("alloc", "getrandom", "serde", "serde1", "std"))' -C metadata=a0ade4342592b3ae -C extra-filename=-6b4ab975f00f5364 --out-dir /private/tmp/sparq-pr6049/.throughput-monitor/direct-5983/implementation/target/release/deps -C strip=debuginfo -L dependency=/private/tmp/sparq-pr6049/.throughput-monitor/direct-5983/implementation/target/release/deps --extern getrandom=/private/tmp/sparq-pr6049/.throughput-monitor/direct-5983/implementation/target/release/deps/libgetrandom-2e5e52e1b82c5b49.rmeta --cap-lints warn`
warning: unexpected `cfg` condition name: `doc_cfg`
  --> /Users/jesght/.cargo/registry/src/index.crates.io-1949cf8c6b5b557f/rand_core-0.6.4/src/lib.rs:38:13
   |
38 | #![cfg_attr(doc_cfg, feature(doc_cfg))]
   |             ^^^^^^^
   |
   = help: expected names are: `docsrs`, `feature`, and `test` and 32 more
   = help: consider using a Cargo feature instead
   = help: or consider adding in `Cargo.toml` the `check-cfg` lint config for the lint:
            [lints.rust]
            unexpected_cfgs = { level = "warn", check-cfg = ['cfg(doc_cfg)'] }
   = help: or consider adding `println!("cargo::rustc-check-cfg=cfg(doc_cfg)");` to the top of the `build.rs`
   = note: see <https://doc.rust-lang.org/nightly/rustc/check-cfg/cargo-specifics.html> for more information about checking conditional configuration
   = note: `#[warn(unexpected_cfgs)]` on by default

warning: unexpected `cfg` condition name: `doc_cfg`
  --> /Users/jesght/.cargo/registry/src/index.crates.io-1949cf8c6b5b557f/rand_core-0.6.4/src/error.rs:50:16
   |
50 |     #[cfg_attr(doc_cfg, doc(cfg(feature = "std")))]
   |                ^^^^^^^
   |
   = help: consider using a Cargo feature instead
   = help: or consider adding in `Cargo.toml` the `check-cfg` lint config for the lint:
            [lints.rust]
            unexpected_cfgs = { level = "warn", check-cfg = ['cfg(doc_cfg)'] }
   = help: or consider adding `println!("cargo::rustc-check-cfg=cfg(doc_cfg)");` to the top of the `build.rs`
   = note: see <https://doc.rust-lang.org/nightly/rustc/check-cfg/cargo-specifics.html> for more information about checking conditional configuration

warning: unexpected `cfg` condition name: `doc_cfg`
  --> /Users/jesght/.cargo/registry/src/index.crates.io-1949cf8c6b5b557f/rand_core-0.6.4/src/error.rs:64:16
   |
64 |     #[cfg_attr(doc_cfg, doc(cfg(feature = "std")))]
   |                ^^^^^^^
   |
   = help: consider using a Cargo feature instead
   = help: or consider adding in `Cargo.toml` the `check-cfg` lint config for the lint:
            [lints.rust]
            unexpected_cfgs = { level = "warn", check-cfg = ['cfg(doc_cfg)'] }
   = help: or consider adding `println!("cargo::rustc-check-cfg=cfg(doc_cfg)");` to the top of the `build.rs`
   = note: see <https://doc.rust-lang.org/nightly/rustc/check-cfg/cargo-specifics.html> for more information about checking conditional configuration

warning: unexpected `cfg` condition name: `doc_cfg`
  --> /Users/jesght/.cargo/registry/src/index.crates.io-1949cf8c6b5b557f/rand_core-0.6.4/src/error.rs:75:16
   |
75 |     #[cfg_attr(doc_cfg, doc(cfg(feature = "std")))]
   |                ^^^^^^^
   |
   = help: consider using a Cargo feature instead
   = help: or consider adding in `Cargo.toml` the `check-cfg` lint config for the lint:
            [lints.rust]
            unexpected_cfgs = { level = "warn", check-cfg = ['cfg(doc_cfg)'] }
   = help: or consider adding `println!("cargo::rustc-check-cfg=cfg(doc_cfg)");` to the top of the `build.rs`
   = note: see <https://doc.rust-lang.org/nightly/rustc/check-cfg/cargo-specifics.html> for more information about checking conditional configuration

warning: unexpected `cfg` condition name: `doc_cfg`
  --> /Users/jesght/.cargo/registry/src/index.crates.io-1949cf8c6b5b557f/rand_core-0.6.4/src/os.rs:46:12
   |
46 | #[cfg_attr(doc_cfg, doc(cfg(feature = "getrandom")))]
   |            ^^^^^^^
   |
   = help: consider using a Cargo feature instead
   = help: or consider adding in `Cargo.toml` the `check-cfg` lint config for the lint:
            [lints.rust]
            unexpected_cfgs = { level = "warn", check-cfg = ['cfg(doc_cfg)'] }
   = help: or consider adding `println!("cargo::rustc-check-cfg=cfg(doc_cfg)");` to the top of the `build.rs`
   = note: see <https://doc.rust-lang.org/nightly/rustc/check-cfg/cargo-specifics.html> for more information about checking conditional configuration

warning: unexpected `cfg` condition name: `doc_cfg`
   --> /Users/jesght/.cargo/registry/src/index.crates.io-1949cf8c6b5b557f/rand_core-0.6.4/src/lib.rs:411:16
    |
411 |     #[cfg_attr(doc_cfg, doc(cfg(feature = "getrandom")))]
    |                ^^^^^^^
    |
    = help: consider using a Cargo feature instead
    = help: or consider adding in `Cargo.toml` the `check-cfg` lint config for the lint:
             [lints.rust]
             unexpected_cfgs = { level = "warn", check-cfg = ['cfg(doc_cfg)'] }
    = help: or consider adding `println!("cargo::rustc-check-cfg=cfg(doc_cfg)");` to the top of the `build.rs`
    = note: see <https://doc.rust-lang.org/nightly/rustc/check-cfg/cargo-specifics.html> for more information about checking conditional configuration

warning: `rand_core` (lib) generated 6 warnings
       Fresh crossbeam-deque v0.8.6
   Compiling oxttl v0.2.3
     Running `CARGO=/Users/jesght/.rustup/toolchains/1.97.1-aarch64-apple-darwin/bin/cargo CARGO_CRATE_NAME=oxttl CARGO_MANIFEST_DIR=/Users/jesght/.cargo/registry/src/index.crates.io-1949cf8c6b5b557f/oxttl-0.2.3 CARGO_MANIFEST_PATH=/Users/jesght/.cargo/registry/src/index.crates.io-1949cf8c6b5b557f/oxttl-0.2.3/Cargo.toml CARGO_PKG_AUTHORS='Tpt <thomas@pellissier-tanon.fr>' CARGO_PKG_DESCRIPTION='Parser and serializer for languages related to RDF Turtle (N-Triples, N-Quads, Turtle, TriG and N3)' CARGO_PKG_HOMEPAGE='' CARGO_PKG_LICENSE='MIT OR Apache-2.0' CARGO_PKG_LICENSE_FILE='' CARGO_PKG_NAME=oxttl CARGO_PKG_README=README.md CARGO_PKG_REPOSITORY='https://github.com/oxigraph/oxigraph/tree/master/lib/oxttl' CARGO_PKG_RUST_VERSION=1.87 CARGO_PKG_VERSION=0.2.3 CARGO_PKG_VERSION_MAJOR=0 CARGO_PKG_VERSION_MINOR=2 CARGO_PKG_VERSION_PATCH=3 CARGO_PKG_VERSION_PRE='' DYLD_FALLBACK_LIBRARY_PATH='/private/tmp/sparq-pr6049/.throughput-monitor/direct-5983/implementation/target/release/deps:/Users/jesght/lib:/usr/local/lib:/usr/lib' /Users/jesght/.rustup/toolchains/1.97.1-aarch64-apple-darwin/bin/rustc --crate-name oxttl --edition=2024 /Users/jesght/.cargo/registry/src/index.crates.io-1949cf8c6b5b557f/oxttl-0.2.3/src/lib.rs --error-format=json --json=diagnostic-rendered-ansi,artifacts,future-incompat --crate-type lib --emit=dep-info,metadata,link -C opt-level=3 -C embed-bitcode=no -C codegen-units=16 '--warn=clippy::zero_sized_map_values' '--warn=clippy::wildcard_dependencies' '--warn=clippy::verbose_file_reads' '--warn=clippy::verbose_bit_mask' '--warn=clippy::used_underscore_items' '--warn=clippy::used_underscore_binding' '--warn=clippy::use_debug' '--warn=clippy::unwrap_in_result' '--warn=clippy::unused_self' '--warn=clippy::unused_result_ok' --warn=unused_qualifications --warn=unused_macro_rules --warn=unused_lifetimes --warn=unused_import_braces '--warn=clippy::unused_async' '--warn=clippy::unseparated_literal_suffix' '--warn=clippy::unsafe_derive_deserialize' --warn=unsafe_code '--warn=clippy::unreadable_literal' '--warn=clippy::unnested_or_patterns' '--warn=clippy::unneeded_field_pattern' '--warn=clippy::unnecessary_wraps' '--warn=clippy::unnecessary_self_imports' '--warn=clippy::unnecessary_safety_doc' '--warn=clippy::unnecessary_safety_comment' '--warn=clippy::unnecessary_join' '--warn=clippy::unnecessary_box_returns' '--warn=clippy::uninlined_format_args' '--warn=clippy::unimplemented' '--warn=clippy::unicode_not_nfc' '--warn=clippy::undocumented_unsafe_blocks' '--warn=clippy::unchecked_time_subtraction' '--warn=clippy::try_err' '--warn=clippy::trivially_copy_pass_by_ref' --warn=trivial_numeric_casts --warn=trivial_casts '--warn=clippy::transmute_ptr_to_ptr' '--warn=clippy::todo' '--warn=clippy::tests_outside_test_module' '--warn=clippy::suspicious_xor_used_as_pow' '--warn=clippy::struct_field_names' '--warn=clippy::struct_excessive_bools' '--warn=clippy::string_lit_chars_any' '--warn=clippy::string_add_assign' '--warn=clippy::string_add' '--warn=clippy::str_to_string' '--warn=clippy::str_split_at_newline' '--warn=clippy::stable_sort_primitive' '--warn=clippy::single_match_else' '--warn=clippy::single_char_pattern' '--warn=clippy::should_panic_without_expect' '--warn=clippy::shadow_same' '--warn=clippy::semicolon_inside_block' '--warn=clippy::same_name_method' '--warn=clippy::same_functions_in_if_condition' '--warn=clippy::return_self_not_must_use' '--warn=clippy::rest_pat_in_fully_bound_structs' '--warn=clippy::renamed_function_params' '--warn=clippy::ref_patterns' '--warn=clippy::ref_option_ref' '--warn=clippy::ref_binding_to_reference' '--warn=clippy::ref_as_ptr' '--warn=clippy::redundant_type_annotations' '--warn=clippy::redundant_feature_names' '--warn=clippy::redundant_else' '--warn=clippy::redundant_closure_for_method_calls' '--warn=clippy::rc_mutex' '--warn=clippy::rc_buffer' '--warn=clippy::range_plus_one' '--warn=clippy::range_minus_one' '--warn=clippy::pub_without_shorthand' '--warn=clippy::pub_underscore_fields' '--warn=clippy::ptr_cast_constness' '--warn=clippy::ptr_as_ptr' '--warn=clippy::print_stdout' '--warn=clippy::print_stderr' '--warn=clippy::pathbuf_init_then_push' '--warn=clippy::partial_pub_fields' '--warn=clippy::panic_in_result_fn' '--warn=clippy::panic' '--warn=clippy::option_as_ref_cloned' '--warn=clippy::non_zero_suggestions' '--warn=clippy::non_ascii_literal' '--warn=clippy::no_mangle_with_rust_abi' '--warn=clippy::no_effect_underscore_binding' '--warn=clippy::negative_feature_names' '--warn=clippy::needless_raw_strings' '--warn=clippy::needless_raw_string_hashes' '--warn=clippy::needless_pass_by_value' '--warn=clippy::needless_for_each' '--warn=clippy::needless_continue' '--warn=clippy::needless_bitwise_bool' '--warn=clippy::naive_bytecount' '--warn=clippy::mutex_atomic' '--warn=clippy::mut_mut' '--warn=clippy::multiple_inherent_impl' '--warn=clippy::missing_fields_in_debug' '--warn=clippy::missing_asserts_for_indexing' '--warn=clippy::missing_assert_message' '--warn=clippy::mismatching_type_param_order' '--warn=clippy::mem_forget' '--warn=clippy::maybe_infinite_iter' '--warn=clippy::match_wildcard_for_single_variants' '--warn=clippy::match_wild_err_arm' '--warn=clippy::match_same_arms' '--warn=clippy::match_bool' '--warn=clippy::map_unwrap_or' '--warn=clippy::many_single_char_names' '--warn=clippy::manual_string_new' '--warn=clippy::manual_ok_or' '--warn=clippy::manual_let_else' '--warn=clippy::manual_is_variant_and' '--warn=clippy::manual_instant_elapsed' '--warn=clippy::manual_assert' '--warn=clippy::macro_use_imports' --warn=macro_use_extern_crate '--warn=clippy::lossy_float_literal' '--warn=clippy::linkedlist' '--warn=clippy::let_underscore_untyped' '--warn=clippy::let_underscore_must_use' --warn=let_underscore_drop '--warn=clippy::large_types_passed_by_value' '--warn=clippy::large_stack_arrays' '--warn=clippy::large_include_file' '--warn=clippy::large_futures' '--warn=clippy::large_digit_groups' '--warn=clippy::iter_without_into_iter' '--warn=clippy::iter_not_returning_iterator' '--warn=clippy::iter_filter_is_some' '--warn=clippy::iter_filter_is_ok' '--warn=clippy::items_after_statements' '--warn=clippy::invalid_upcast_comparisons' '--warn=clippy::into_iter_without_iter' '--warn=clippy::inline_asm_x86_intel_syntax' '--warn=clippy::inline_asm_x86_att_syntax' '--warn=clippy::inline_always' '--warn=clippy::infinite_loop' '--warn=clippy::inefficient_to_string' '--warn=clippy::index_refutable_slice' '--warn=clippy::inconsistent_struct_constructor' '--warn=clippy::implicit_hasher' '--warn=clippy::implicit_clone' '--warn=clippy::ignored_unit_patterns' '--warn=clippy::if_then_some_else_none' '--warn=clippy::if_not_else' '--warn=clippy::host_endian_bytes' '--warn=clippy::get_unwrap' '--warn=clippy::from_iter_instead_of_collect' '--warn=clippy::format_push_string' '--warn=clippy::fn_to_numeric_cast_any' '--warn=clippy::fn_params_excessive_bools' '--warn=clippy::flat_map_option' '--warn=clippy::filter_map_next' '--warn=clippy::filetype_is_file' '--warn=clippy::field_scoped_visibility_modifiers' --warn=explicit_outlives_requirements '--warn=clippy::explicit_iter_loop' '--warn=clippy::explicit_into_iter_loop' '--warn=clippy::explicit_deref_methods' '--warn=clippy::expl_impl_clone_on_copy' '--warn=clippy::expect_used' '--warn=clippy::exit' '--warn=clippy::error_impl_error' '--warn=clippy::enum_glob_use' '--warn=clippy::empty_structs_with_brackets' '--warn=clippy::empty_enums' '--warn=clippy::empty_enum_variants_with_brackets' '--warn=clippy::empty_drop' --warn=elided_lifetimes_in_paths '--warn=clippy::doc_link_with_quotes' '--warn=clippy::disallowed_script_idents' '--warn=clippy::deref_by_slicing' '--warn=clippy::default_union_representation' '--warn=clippy::default_trait_access' '--warn=clippy::decimal_literal_representation' '--warn=clippy::dbg_macro' '--warn=clippy::create_dir' '--warn=clippy::copy_iterator' '--warn=clippy::cloned_instead_of_copied' '--warn=clippy::clone_on_ref_ptr' '--warn=clippy::checked_conversions' '--warn=clippy::cfg_not_test' '--warn=clippy::cast_sign_loss' '--warn=clippy::cast_ptr_alignment' '--warn=clippy::cast_precision_loss' '--warn=clippy::cast_possible_wrap' '--warn=clippy::cast_possible_truncation' '--warn=clippy::cast_lossless' '--warn=clippy::case_sensitive_file_extension_comparisons' '--warn=clippy::borrow_as_ptr' '--warn=clippy::bool_to_int_with_if' '--warn=clippy::assigning_clones' '--warn=clippy::assertions_on_result_states' '--warn=clippy::as_underscore' '--warn=clippy::allow_attributes' --warn=absolute_paths_not_starting_with_crate --cfg 'feature="default"' --cfg 'feature="rdf-12"' --check-cfg 'cfg(docsrs,test)' --check-cfg 'cfg(feature, values("async-tokio", "default", "rdf-12"))' -C metadata=bd64fd3feebfe75f -C extra-filename=-bf587d09880a3c80 --out-dir /private/tmp/sparq-pr6049/.throughput-monitor/direct-5983/implementation/target/release/deps -C strip=debuginfo -L dependency=/private/tmp/sparq-pr6049/.throughput-monitor/direct-5983/implementation/target/release/deps --extern memchr=/private/tmp/sparq-pr6049/.throughput-monitor/direct-5983/implementation/target/release/deps/libmemchr-f73f6714e13773b7.rmeta --extern oxilangtag=/private/tmp/sparq-pr6049/.throughput-monitor/direct-5983/implementation/target/release/deps/liboxilangtag-2fbab9b59ca20201.rmeta --extern oxiri=/private/tmp/sparq-pr6049/.throughput-monitor/direct-5983/implementation/target/release/deps/liboxiri-256fcb858fdf74ff.rmeta --extern oxrdf=/private/tmp/sparq-pr6049/.throughput-monitor/direct-5983/implementation/target/release/deps/liboxrdf-a953fc3282e3d853.rmeta --extern thiserror=/private/tmp/sparq-pr6049/.throughput-monitor/direct-5983/implementation/target/release/deps/libthiserror-02ad4ed01d310d06.rmeta --cap-lints warn`
       Fresh rustc-hash v2.1.3
       Fresh peg-runtime v0.8.6
       Fresh once_cell v1.21.4
       Fresh peg v0.8.6
       Fresh rayon-core v1.13.0
   Compiling rand_chacha v0.3.1
     Running `CARGO=/Users/jesght/.rustup/toolchains/1.97.1-aarch64-apple-darwin/bin/cargo CARGO_CRATE_NAME=rand_chacha CARGO_MANIFEST_DIR=/Users/jesght/.cargo/registry/src/index.crates.io-1949cf8c6b5b557f/rand_chacha-0.3.1 CARGO_MANIFEST_PATH=/Users/jesght/.cargo/registry/src/index.crates.io-1949cf8c6b5b557f/rand_chacha-0.3.1/Cargo.toml CARGO_PKG_AUTHORS='The Rand Project Developers:The Rust Project Developers:The CryptoCorrosion Contributors' CARGO_PKG_DESCRIPTION='ChaCha random number generator
' CARGO_PKG_HOMEPAGE='https://rust-random.github.io/book' CARGO_PKG_LICENSE='MIT OR Apache-2.0' CARGO_PKG_LICENSE_FILE='' CARGO_PKG_NAME=rand_chacha CARGO_PKG_README=README.md CARGO_PKG_REPOSITORY='https://github.com/rust-random/rand' CARGO_PKG_RUST_VERSION='' CARGO_PKG_VERSION=0.3.1 CARGO_PKG_VERSION_MAJOR=0 CARGO_PKG_VERSION_MINOR=3 CARGO_PKG_VERSION_PATCH=1 CARGO_PKG_VERSION_PRE='' DYLD_FALLBACK_LIBRARY_PATH='/private/tmp/sparq-pr6049/.throughput-monitor/direct-5983/implementation/target/release/deps:/Users/jesght/lib:/usr/local/lib:/usr/lib' /Users/jesght/.rustup/toolchains/1.97.1-aarch64-apple-darwin/bin/rustc --crate-name rand_chacha --edition=2018 /Users/jesght/.cargo/registry/src/index.crates.io-1949cf8c6b5b557f/rand_chacha-0.3.1/src/lib.rs --error-format=json --json=diagnostic-rendered-ansi,artifacts,future-incompat --crate-type lib --emit=dep-info,metadata,link -C opt-level=3 -C embed-bitcode=no -C codegen-units=16 --cfg 'feature="std"' --check-cfg 'cfg(docsrs,test)' --check-cfg 'cfg(feature, values("default", "serde", "serde1", "simd", "std"))' -C metadata=4d0e62ea0d7d52b3 -C extra-filename=-8a8d4db9894260d9 --out-dir /private/tmp/sparq-pr6049/.throughput-monitor/direct-5983/implementation/target/release/deps -C strip=debuginfo -L dependency=/private/tmp/sparq-pr6049/.throughput-monitor/direct-5983/implementation/target/release/deps --extern ppv_lite86=/private/tmp/sparq-pr6049/.throughput-monitor/direct-5983/implementation/target/release/deps/libppv_lite86-8e1fc2256d8d566b.rmeta --extern rand_core=/private/tmp/sparq-pr6049/.throughput-monitor/direct-5983/implementation/target/release/deps/librand_core-6b4ab975f00f5364.rmeta --cap-lints warn`
       Fresh crypto-common v0.2.2
       Fresh block-buffer v0.12.1
       Fresh aho-corasick v1.1.4
       Fresh quick-xml v0.37.5
warning: hiding a lifetime that's elided elsewhere is confusing
   --> /Users/jesght/.cargo/registry/src/index.crates.io-1949cf8c6b5b557f/quick-xml-0.37.5/src/escape.rs:210:22
    |
210 | pub fn unescape(raw: &str) -> Result<Cow<str>, EscapeError> {
    |                      ^^^^            ^^^^^^^^ the same lifetime is hidden here
    |                      |
    |                      the lifetime is elided here
    |
    = help: the same lifetime is referred to in inconsistent ways, making the signature confusing
    = note: `#[warn(mismatched_lifetime_syntaxes)]` on by default
help: use `'_` for type paths
    |
210 | pub fn unescape(raw: &str) -> Result<Cow<'_, str>, EscapeError> {
    |                                          +++

warning: hiding a lifetime that's elided elsewhere is confusing
   --> /Users/jesght/.cargo/registry/src/index.crates.io-1949cf8c6b5b557f/quick-xml-0.37.5/src/events/mod.rs:180:19
    |
180 |     pub fn borrow(&self) -> BytesStart {
    |                   ^^^^^     ^^^^^^^^^^ the same lifetime is hidden here
    |                   |
    |                   the lifetime is elided here
    |
    = help: the same lifetime is referred to in inconsistent ways, making the signature confusing
help: use `'_` for type paths
    |
180 |     pub fn borrow(&self) -> BytesStart<'_> {
    |                                       ++++

warning: hiding a lifetime that's elided elsewhere is confusing
   --> /Users/jesght/.cargo/registry/src/index.crates.io-1949cf8c6b5b557f/quick-xml-0.37.5/src/events/mod.rs:189:19
    |
189 |     pub fn to_end(&self) -> BytesEnd {
    |                   ^^^^^     ^^^^^^^^ the same lifetime is hidden here
    |                   |
    |                   the lifetime is elided here
    |
    = help: the same lifetime is referred to in inconsistent ways, making the signature confusing
help: use `'_` for type paths
    |
189 |     pub fn to_end(&self) -> BytesEnd<'_> {
    |                                     ++++

warning: hiding a lifetime that's elided elsewhere is confusing
   --> /Users/jesght/.cargo/registry/src/index.crates.io-1949cf8c6b5b557f/quick-xml-0.37.5/src/events/mod.rs:195:17
    |
195 |     pub fn name(&self) -> QName {
    |                 ^^^^^     ^^^^^ the same lifetime is hidden here
    |                 |
    |                 the lifetime is elided here
    |
    = help: the same lifetime is referred to in inconsistent ways, making the signature confusing
help: use `'_` for type paths
    |
195 |     pub fn name(&self) -> QName<'_> {
    |                                ++++

warning: hiding a lifetime that's elided elsewhere is confusing
   --> /Users/jesght/.cargo/registry/src/index.crates.io-1949cf8c6b5b557f/quick-xml-0.37.5/src/events/mod.rs:204:23
    |
204 |     pub fn local_name(&self) -> LocalName {
    |                       ^^^^^     ^^^^^^^^^ the same lifetime is hidden here
    |                       |
    |                       the lifetime is elided here
    |
    = help: the same lifetime is referred to in inconsistent ways, making the signature confusing
help: use `'_` for type paths
    |
204 |     pub fn local_name(&self) -> LocalName<'_> {
    |                                          ++++

warning: hiding a lifetime that's elided elsewhere is confusing
   --> /Users/jesght/.cargo/registry/src/index.crates.io-1949cf8c6b5b557f/quick-xml-0.37.5/src/events/mod.rs:281:23
    |
281 |     pub fn attributes(&self) -> Attributes {
    |                       ^^^^^     ^^^^^^^^^^ the same lifetime is hidden here
    |                       |
    |                       the lifetime is elided here
    |
    = help: the same lifetime is referred to in inconsistent ways, making the signature confusing
help: use `'_` for type paths
    |
281 |     pub fn attributes(&self) -> Attributes<'_> {
    |                                           ++++

warning: hiding a lifetime that's elided elsewhere is confusing
   --> /Users/jesght/.cargo/registry/src/index.crates.io-1949cf8c6b5b557f/quick-xml-0.37.5/src/events/mod.rs:286:28
    |
286 |     pub fn html_attributes(&self) -> Attributes {
    |                            ^^^^^     ^^^^^^^^^^ the same lifetime is hidden here
    |                            |
    |                            the lifetime is elided here
    |
    = help: the same lifetime is referred to in inconsistent ways, making the signature confusing
help: use `'_` for type paths
    |
286 |     pub fn html_attributes(&self) -> Attributes<'_> {
    |                                                ++++

warning: hiding a lifetime that's elided elsewhere is confusing
   --> /Users/jesght/.cargo/registry/src/index.crates.io-1949cf8c6b5b557f/quick-xml-0.37.5/src/events/mod.rs:437:19
    |
437 |     pub fn borrow(&self) -> BytesEnd {
    |                   ^^^^^     ^^^^^^^^ the same lifetime is hidden here
    |                   |
    |                   the lifetime is elided here
    |
    = help: the same lifetime is referred to in inconsistent ways, making the signature confusing
help: use `'_` for type paths
    |
437 |     pub fn borrow(&self) -> BytesEnd<'_> {
    |                                     ++++

warning: hiding a lifetime that's elided elsewhere is confusing
   --> /Users/jesght/.cargo/registry/src/index.crates.io-1949cf8c6b5b557f/quick-xml-0.37.5/src/events/mod.rs:445:17
    |
445 |     pub fn name(&self) -> QName {
    |                 ^^^^^     ^^^^^ the same lifetime is hidden here
    |                 |
    |                 the lifetime is elided here
    |
    = help: the same lifetime is referred to in inconsistent ways, making the signature confusing
help: use `'_` for type paths
    |
445 |     pub fn name(&self) -> QName<'_> {
    |                                ++++

warning: hiding a lifetime that's elided elsewhere is confusing
   --> /Users/jesght/.cargo/registry/src/index.crates.io-1949cf8c6b5b557f/quick-xml-0.37.5/src/events/mod.rs:454:23
    |
454 |     pub fn local_name(&self) -> LocalName {
    |                       ^^^^^     ^^^^^^^^^ the same lifetime is hidden here
    |                       |
    |                       the lifetime is elided here
    |
    = help: the same lifetime is referred to in inconsistent ways, making the signature confusing
help: use `'_` for type paths
    |
454 |     pub fn local_name(&self) -> LocalName<'_> {
    |                                          ++++

warning: hiding a lifetime that's elided elsewhere is confusing
   --> /Users/jesght/.cargo/registry/src/index.crates.io-1949cf8c6b5b557f/quick-xml-0.37.5/src/events/mod.rs:576:19
    |
576 |     pub fn borrow(&self) -> BytesText {
    |                   ^^^^^     ^^^^^^^^^ the same lifetime is hidden here
    |                   |
    |                   the lifetime is elided here
    |
    = help: the same lifetime is referred to in inconsistent ways, making the signature confusing
help: use `'_` for type paths
    |
576 |     pub fn borrow(&self) -> BytesText<'_> {
    |                                      ++++

warning: hiding a lifetime that's elided elsewhere is confusing
   --> /Users/jesght/.cargo/registry/src/index.crates.io-1949cf8c6b5b557f/quick-xml-0.37.5/src/events/mod.rs:769:19
    |
769 |     pub fn borrow(&self) -> BytesCData {
    |                   ^^^^^     ^^^^^^^^^^ the same lifetime is hidden here
    |                   |
    |                   the lifetime is elided here
    |
    = help: the same lifetime is referred to in inconsistent ways, making the signature confusing
help: use `'_` for type paths
    |
769 |     pub fn borrow(&self) -> BytesCData<'_> {
    |                                       ++++

warning: hiding a lifetime that's elided elsewhere is confusing
   --> /Users/jesght/.cargo/registry/src/index.crates.io-1949cf8c6b5b557f/quick-xml-0.37.5/src/events/mod.rs:996:19
    |
996 |     pub fn borrow(&self) -> BytesPI {
    |                   ^^^^^     ^^^^^^^ the same lifetime is hidden here
    |                   |
    |                   the lifetime is elided here
    |
    = help: the same lifetime is referred to in inconsistent ways, making the signature confusing
help: use `'_` for type paths
    |
996 |     pub fn borrow(&self) -> BytesPI<'_> {
    |                                    ++++

warning: hiding a lifetime that's elided elsewhere is confusing
    --> /Users/jesght/.cargo/registry/src/index.crates.io-1949cf8c6b5b557f/quick-xml-0.37.5/src/events/mod.rs:1066:23
     |
1066 |     pub fn attributes(&self) -> Attributes {
     |                       ^^^^^     ^^^^^^^^^^ the same lifetime is hidden here
     |                       |
     |                       the lifetime is elided here
     |
     = help: the same lifetime is referred to in inconsistent ways, making the signature confusing
help: use `'_` for type paths
     |
1066 |     pub fn attributes(&self) -> Attributes<'_> {
     |                                           ++++

warning: hiding a lifetime that's elided elsewhere is confusing
    --> /Users/jesght/.cargo/registry/src/index.crates.io-1949cf8c6b5b557f/quick-xml-0.37.5/src/events/mod.rs:1226:20
     |
1226 |     pub fn version(&self) -> Result<Cow<[u8]>, Error> {
     |                    ^^^^^            ^^^^^^^^^ the same lifetime is hidden here
     |                    |
     |                    the lifetime is elided here
     |
     = help: the same lifetime is referred to in inconsistent ways, making the signature confusing
help: use `'_` for type paths
     |
1226 |     pub fn version(&self) -> Result<Cow<'_, [u8]>, Error> {
     |                                         +++

warning: hiding a lifetime that's elided elsewhere is confusing
    --> /Users/jesght/.cargo/registry/src/index.crates.io-1949cf8c6b5b557f/quick-xml-0.37.5/src/events/mod.rs:1281:21
     |
1281 |     pub fn encoding(&self) -> Option<Result<Cow<[u8]>, AttrError>> {
     |                     ^^^^^                   ^^^^^^^^^ the same lifetime is hidden here
     |                     |
     |                     the lifetime is elided here
     |
     = help: the same lifetime is referred to in inconsistent ways, making the signature confusing
help: use `'_` for type paths
     |
1281 |     pub fn encoding(&self) -> Option<Result<Cow<'_, [u8]>, AttrError>> {
     |                                                 +++

warning: hiding a lifetime that's elided elsewhere is confusing
    --> /Users/jesght/.cargo/registry/src/index.crates.io-1949cf8c6b5b557f/quick-xml-0.37.5/src/events/mod.rs:1323:23
     |
1323 |     pub fn standalone(&self) -> Option<Result<Cow<[u8]>, AttrError>> {
     |                       ^^^^^                   ^^^^^^^^^ the same lifetime is hidden here
     |                       |
     |                       the lifetime is elided here
     |
     = help: the same lifetime is referred to in inconsistent ways, making the signature confusing
help: use `'_` for type paths
     |
1323 |     pub fn standalone(&self) -> Option<Result<Cow<'_, [u8]>, AttrError>> {
     |                                                   +++

warning: hiding a lifetime that's elided elsewhere is confusing
    --> /Users/jesght/.cargo/registry/src/index.crates.io-1949cf8c6b5b557f/quick-xml-0.37.5/src/events/mod.rs:1352:19
     |
1352 |     pub fn borrow(&self) -> BytesDecl {
     |                   ^^^^^     ^^^^^^^^^ the same lifetime is hidden here
     |                   |
     |                   the lifetime is elided here
     |
     = help: the same lifetime is referred to in inconsistent ways, making the signature confusing
help: use `'_` for type paths
     |
1352 |     pub fn borrow(&self) -> BytesDecl<'_> {
     |                                      ++++

warning: hiding a lifetime that's elided elsewhere is confusing
    --> /Users/jesght/.cargo/registry/src/index.crates.io-1949cf8c6b5b557f/quick-xml-0.37.5/src/events/mod.rs:1432:19
     |
1432 |     pub fn borrow(&self) -> Event {
     |                   ^^^^^     ^^^^^ the same lifetime is hidden here
     |                   |
     |                   the lifetime is elided here
     |
     = help: the same lifetime is referred to in inconsistent ways, making the signature confusing
help: use `'_` for type paths
     |
1432 |     pub fn borrow(&self) -> Event<'_> {
     |                                  ++++

warning: hiding a lifetime that's elided elsewhere is confusing
   --> /Users/jesght/.cargo/registry/src/index.crates.io-1949cf8c6b5b557f/quick-xml-0.37.5/src/name.rs:624:9
    |
624 |         &self,
    |         ^^^^^ the lifetime is elided here
...
627 |     ) -> (ResolveResult, LocalName<'n>) {
    |           ^^^^^^^^^^^^^ the same lifetime is hidden here
    |
    = help: the same lifetime is referred to in inconsistent ways, making the signature confusing
help: use `'_` for type paths
    |
627 |     ) -> (ResolveResult<'_>, LocalName<'n>) {
    |                        ++++

warning: hiding a lifetime that's elided elsewhere is confusing
   --> /Users/jesght/.cargo/registry/src/index.crates.io-1949cf8c6b5b557f/quick-xml-0.37.5/src/name.rs:643:17
    |
643 |     pub fn find(&self, element_name: QName) -> ResolveResult {
    |                 ^^^^^                          ^^^^^^^^^^^^^ the same lifetime is hidden here
    |                 |
    |                 the lifetime is elided here
    |
    = help: the same lifetime is referred to in inconsistent ways, making the signature confusing
help: use `'_` for type paths
    |
643 |     pub fn find(&self, element_name: QName) -> ResolveResult<'_> {
    |                                                             ++++

warning: hiding a lifetime that's elided elsewhere is confusing
   --> /Users/jesght/.cargo/registry/src/index.crates.io-1949cf8c6b5b557f/quick-xml-0.37.5/src/name.rs:647:23
    |
647 |     fn resolve_prefix(&self, prefix: Option<Prefix>, use_default: bool) -> ResolveResult {
    |                       ^^^^^ the lifetime is elided here                    ^^^^^^^^^^^^^ the same lifetime is hidden here
    |
    = help: the same lifetime is referred to in inconsistent ways, making the signature confusing
help: use `'_` for type paths
    |
647 |     fn resolve_prefix(&self, prefix: Option<Prefix>, use_default: bool) -> ResolveResult<'_> {
    |                                                                                         ++++

warning: hiding a lifetime that's elided elsewhere is confusing
   --> /Users/jesght/.cargo/registry/src/index.crates.io-1949cf8c6b5b557f/quick-xml-0.37.5/src/name.rs:681:23
    |
681 |     pub const fn iter(&self) -> PrefixIter {
    |                       ^^^^^     ^^^^^^^^^^ the same lifetime is hidden here
    |                       |
    |                       the lifetime is elided here
    |
    = help: the same lifetime is referred to in inconsistent ways, making the signature confusing
help: use `'_` for type paths
    |
681 |     pub const fn iter(&self) -> PrefixIter<'_> {
    |                                           ++++

warning: hiding a lifetime that's elided elsewhere is confusing
   --> /Users/jesght/.cargo/registry/src/index.crates.io-1949cf8c6b5b557f/quick-xml-0.37.5/src/reader/mod.rs:884:19
    |
884 |     pub fn stream(&mut self) -> BinaryStream<R> {
    |                   ^^^^^^^^^     ^^^^^^^^^^^^^^^ the same lifetime is hidden here
    |                   |
    |                   the lifetime is elided here
    |
    = help: the same lifetime is referred to in inconsistent ways, making the signature confusing
help: use `'_` for type paths
    |
884 |     pub fn stream(&mut self) -> BinaryStream<'_, R> {
    |                                              +++

warning: hiding a lifetime that's elided elsewhere is confusing
   --> /Users/jesght/.cargo/registry/src/index.crates.io-1949cf8c6b5b557f/quick-xml-0.37.5/src/reader/ns_reader.rs:133:27
    |
133 |     pub const fn prefixes(&self) -> PrefixIter {
    |                           ^^^^^     ^^^^^^^^^^ the same lifetime is hidden here
    |                           |
    |                           the lifetime is elided here
    |
    = help: the same lifetime is referred to in inconsistent ways, making the signature confusing
help: use `'_` for type paths
    |
133 |     pub const fn prefixes(&self) -> PrefixIter<'_> {
    |                                               ++++

warning: hiding a lifetime that's elided elsewhere is confusing
   --> /Users/jesght/.cargo/registry/src/index.crates.io-1949cf8c6b5b557f/quick-xml-0.37.5/src/reader/ns_reader.rs:189:9
    |
189 |         &mut self,
    |         ^^^^^^^^^ the lifetime is elided here
190 |         event: Result<Event<'i>>,
191 |     ) -> Result<(ResolveResult, Event<'i>)> {
    |                  ^^^^^^^^^^^^^ the same lifetime is hidden here
    |
    = help: the same lifetime is referred to in inconsistent ways, making the signature confusing
help: use `'_` for type paths
    |
191 |     ) -> Result<(ResolveResult<'_>, Event<'i>)> {
    |                               ++++

warning: hiding a lifetime that's elided elsewhere is confusing
   --> /Users/jesght/.cargo/registry/src/index.crates.io-1949cf8c6b5b557f/quick-xml-0.37.5/src/reader/ns_reader.rs:252:24
    |
252 |     pub fn resolve<'n>(&self, name: QName<'n>, attribute: bool) -> (ResolveResult, LocalName<'n>) {
    |                        ^^^^^ the lifetime is elided here            ^^^^^^^^^^^^^ the same lifetime is hidden here
    |
    = help: the same lifetime is referred to in inconsistent ways, making the signature confusing
help: use `'_` for type paths
    |
252 |     pub fn resolve<'n>(&self, name: QName<'n>, attribute: bool) -> (ResolveResult<'_>, LocalName<'n>) {
    |                                                                                  ++++

warning: hiding a lifetime that's elided elsewhere is confusing
   --> /Users/jesght/.cargo/registry/src/index.crates.io-1949cf8c6b5b557f/quick-xml-0.37.5/src/reader/ns_reader.rs:308:32
    |
308 |     pub fn resolve_element<'n>(&self, name: QName<'n>) -> (ResolveResult, LocalName<'n>) {
    |                                ^^^^^                       ^^^^^^^^^^^^^ the same lifetime is hidden here
    |                                |
    |                                the lifetime is elided here
    |
    = help: the same lifetime is referred to in inconsistent ways, making the signature confusing
help: use `'_` for type paths
    |
308 |     pub fn resolve_element<'n>(&self, name: QName<'n>) -> (ResolveResult<'_>, LocalName<'n>) {
    |                                                                         ++++

warning: hiding a lifetime that's elided elsewhere is confusing
   --> /Users/jesght/.cargo/registry/src/index.crates.io-1949cf8c6b5b557f/quick-xml-0.37.5/src/reader/ns_reader.rs:378:34
    |
378 |     pub fn resolve_attribute<'n>(&self, name: QName<'n>) -> (ResolveResult, LocalName<'n>) {
    |                                  ^^^^^                       ^^^^^^^^^^^^^ the same lifetime is hidden here
    |                                  |
    |                                  the lifetime is elided here
    |
    = help: the same lifetime is referred to in inconsistent ways, making the signature confusing
help: use `'_` for type paths
    |
378 |     pub fn resolve_attribute<'n>(&self, name: QName<'n>) -> (ResolveResult<'_>, LocalName<'n>) {
    |                                                                           ++++

warning: hiding a lifetime that's elided elsewhere is confusing
   --> /Users/jesght/.cargo/registry/src/index.crates.io-1949cf8c6b5b557f/quick-xml-0.37.5/src/reader/ns_reader.rs:499:9
    |
499 |         &mut self,
    |         ^^^^^^^^^ the lifetime is elided here
500 |         buf: &'b mut Vec<u8>,
501 |     ) -> Result<(ResolveResult, Event<'b>)> {
    |                  ^^^^^^^^^^^^^ the same lifetime is hidden here
    |
    = help: the same lifetime is referred to in inconsistent ways, making the signature confusing
help: use `'_` for type paths
    |
501 |     ) -> Result<(ResolveResult<'_>, Event<'b>)> {
    |                               ++++

warning: hiding a lifetime that's elided elsewhere is confusing
   --> /Users/jesght/.cargo/registry/src/index.crates.io-1949cf8c6b5b557f/quick-xml-0.37.5/src/reader/ns_reader.rs:745:32
    |
745 |     pub fn read_resolved_event(&mut self) -> Result<(ResolveResult, Event<'i>)> {
    |                                ^^^^^^^^^             ^^^^^^^^^^^^^ the same lifetime is hidden here
    |                                |
    |                                the lifetime is elided here
    |
    = help: the same lifetime is referred to in inconsistent ways, making the signature confusing
help: use `'_` for type paths
    |
745 |     pub fn read_resolved_event(&mut self) -> Result<(ResolveResult<'_>, Event<'i>)> {
    |                                                                   ++++

warning: `quick-xml` (lib) generated 31 warnings
       Fresh foldhash v0.2.0
       Fresh regex-syntax v0.8.11
       Fresh equivalent v1.0.2
       Fresh const-oid v0.10.2
       Fresh allocator-api2 v0.2.21
       Fresh json-event-parser v0.2.3
       Fresh smallvec v1.15.2
       Fresh hashbrown v0.17.1
       Fresh digest v0.11.3
       Fresh regex-automata v0.4.14
   Compiling rand v0.8.6
     Running `CARGO=/Users/jesght/.rustup/toolchains/1.97.1-aarch64-apple-darwin/bin/cargo CARGO_CRATE_NAME=rand CARGO_MANIFEST_DIR=/Users/jesght/.cargo/registry/src/index.crates.io-1949cf8c6b5b557f/rand-0.8.6 CARGO_MANIFEST_PATH=/Users/jesght/.cargo/registry/src/index.crates.io-1949cf8c6b5b557f/rand-0.8.6/Cargo.toml CARGO_PKG_AUTHORS='The Rand Project Developers:The Rust Project Developers' CARGO_PKG_DESCRIPTION='Random number generators and other randomness functionality.
' CARGO_PKG_HOMEPAGE='https://rust-random.github.io/book' CARGO_PKG_LICENSE='MIT OR Apache-2.0' CARGO_PKG_LICENSE_FILE='' CARGO_PKG_NAME=rand CARGO_PKG_README=README.md CARGO_PKG_REPOSITORY='https://github.com/rust-random/rand' CARGO_PKG_RUST_VERSION='' CARGO_PKG_VERSION=0.8.6 CARGO_PKG_VERSION_MAJOR=0 CARGO_PKG_VERSION_MINOR=8 CARGO_PKG_VERSION_PATCH=6 CARGO_PKG_VERSION_PRE='' DYLD_FALLBACK_LIBRARY_PATH='/private/tmp/sparq-pr6049/.throughput-monitor/direct-5983/implementation/target/release/deps:/Users/jesght/lib:/usr/local/lib:/usr/lib' /Users/jesght/.rustup/toolchains/1.97.1-aarch64-apple-darwin/bin/rustc --crate-name rand --edition=2018 /Users/jesght/.cargo/registry/src/index.crates.io-1949cf8c6b5b557f/rand-0.8.6/src/lib.rs --error-format=json --json=diagnostic-rendered-ansi,artifacts,future-incompat --crate-type lib --emit=dep-info,metadata,link -C opt-level=3 -C embed-bitcode=no -C codegen-units=16 --cfg 'feature="alloc"' --cfg 'feature="default"' --cfg 'feature="getrandom"' --cfg 'feature="libc"' --cfg 'feature="rand_chacha"' --cfg 'feature="std"' --cfg 'feature="std_rng"' --check-cfg 'cfg(docsrs,test)' --check-cfg 'cfg(feature, values("alloc", "default", "getrandom", "libc", "log", "min_const_gen", "nightly", "rand_chacha", "serde", "serde1", "small_rng", "std", "std_rng"))' -C metadata=f4580a6f5db03d8f -C extra-filename=-8cc421410c29455e --out-dir /private/tmp/sparq-pr6049/.throughput-monitor/direct-5983/implementation/target/release/deps -C strip=debuginfo -L dependency=/private/tmp/sparq-pr6049/.throughput-monitor/direct-5983/implementation/target/release/deps --extern libc=/private/tmp/sparq-pr6049/.throughput-monitor/direct-5983/implementation/target/release/deps/liblibc-d3a9ab32a070ca78.rmeta --extern rand_chacha=/private/tmp/sparq-pr6049/.throughput-monitor/direct-5983/implementation/target/release/deps/librand_chacha-8a8d4db9894260d9.rmeta --extern rand_core=/private/tmp/sparq-pr6049/.throughput-monitor/direct-5983/implementation/target/release/deps/librand_core-6b4ab975f00f5364.rmeta --cap-lints warn`
   Compiling rayon v1.12.0
     Running `CARGO=/Users/jesght/.rustup/toolchains/1.97.1-aarch64-apple-darwin/bin/cargo CARGO_CRATE_NAME=rayon CARGO_MANIFEST_DIR=/Users/jesght/.cargo/registry/src/index.crates.io-1949cf8c6b5b557f/rayon-1.12.0 CARGO_MANIFEST_PATH=/Users/jesght/.cargo/registry/src/index.crates.io-1949cf8c6b5b557f/rayon-1.12.0/Cargo.toml CARGO_PKG_AUTHORS='' CARGO_PKG_DESCRIPTION='Simple work-stealing parallelism for Rust' CARGO_PKG_HOMEPAGE='' CARGO_PKG_LICENSE='MIT OR Apache-2.0' CARGO_PKG_LICENSE_FILE='' CARGO_PKG_NAME=rayon CARGO_PKG_README=README.md CARGO_PKG_REPOSITORY='https://github.com/rayon-rs/rayon' CARGO_PKG_RUST_VERSION=1.80 CARGO_PKG_VERSION=1.12.0 CARGO_PKG_VERSION_MAJOR=1 CARGO_PKG_VERSION_MINOR=12 CARGO_PKG_VERSION_PATCH=0 CARGO_PKG_VERSION_PRE='' DYLD_FALLBACK_LIBRARY_PATH='/private/tmp/sparq-pr6049/.throughput-monitor/direct-5983/implementation/target/release/deps:/Users/jesght/lib:/usr/local/lib:/usr/lib' /Users/jesght/.rustup/toolchains/1.97.1-aarch64-apple-darwin/bin/rustc --crate-name rayon --edition=2021 /Users/jesght/.cargo/registry/src/index.crates.io-1949cf8c6b5b557f/rayon-1.12.0/src/lib.rs --error-format=json --json=diagnostic-rendered-ansi,artifacts,future-incompat --crate-type lib --emit=dep-info,metadata,link -C opt-level=3 -C embed-bitcode=no -C codegen-units=16 --check-cfg 'cfg(docsrs,test)' --check-cfg 'cfg(feature, values("web_spin_lock"))' -C metadata=f1b8d7e9de98813f -C extra-filename=-b0b3a31e71d15f32 --out-dir /private/tmp/sparq-pr6049/.throughput-monitor/direct-5983/implementation/target/release/deps -C strip=debuginfo -L dependency=/private/tmp/sparq-pr6049/.throughput-monitor/direct-5983/implementation/target/release/deps --extern either=/private/tmp/sparq-pr6049/.throughput-monitor/direct-5983/implementation/target/release/deps/libeither-03faa9a8d97398aa.rmeta --extern rayon_core=/private/tmp/sparq-pr6049/.throughput-monitor/direct-5983/implementation/target/release/deps/librayon_core-3308bec0c8734bb2.rmeta --cap-lints warn`
   Compiling spargebra v0.4.6 (/private/tmp/sparq-pr6049/.throughput-monitor/direct-5183/original-seed-execution/parent-source/vendor/spargebra)
     Running `CARGO=/Users/jesght/.rustup/toolchains/1.97.1-aarch64-apple-darwin/bin/cargo CARGO_CRATE_NAME=spargebra CARGO_MANIFEST_DIR=/private/tmp/sparq-pr6049/.throughput-monitor/direct-5183/original-seed-execution/parent-source/vendor/spargebra CARGO_MANIFEST_PATH=/private/tmp/sparq-pr6049/.throughput-monitor/direct-5183/original-seed-execution/parent-source/vendor/spargebra/Cargo.toml CARGO_PKG_AUTHORS='Tpt <thomas@pellissier-tanon.fr>' CARGO_PKG_DESCRIPTION='SPARQL parser' CARGO_PKG_HOMEPAGE='' CARGO_PKG_LICENSE='MIT OR Apache-2.0' CARGO_PKG_LICENSE_FILE='' CARGO_PKG_NAME=spargebra CARGO_PKG_README=README.md CARGO_PKG_REPOSITORY='https://github.com/oxigraph/oxigraph/tree/main/lib/spargebra' CARGO_PKG_RUST_VERSION=1.87 CARGO_PKG_VERSION=0.4.6 CARGO_PKG_VERSION_MAJOR=0 CARGO_PKG_VERSION_MINOR=4 CARGO_PKG_VERSION_PATCH=6 CARGO_PKG_VERSION_PRE='' DYLD_FALLBACK_LIBRARY_PATH='/private/tmp/sparq-pr6049/.throughput-monitor/direct-5983/implementation/target/release/deps:/Users/jesght/lib:/usr/local/lib:/usr/lib' /Users/jesght/.rustup/toolchains/1.97.1-aarch64-apple-darwin/bin/rustc --crate-name spargebra --edition=2024 /private/tmp/sparq-pr6049/.throughput-monitor/direct-5183/original-seed-execution/parent-source/vendor/spargebra/src/lib.rs --error-format=json --json=diagnostic-rendered-ansi,artifacts,future-incompat --crate-type lib --emit=dep-info,metadata,link -C opt-level=3 -C embed-bitcode=no -C codegen-units=16 '--warn=clippy::zero_sized_map_values' '--warn=clippy::wildcard_dependencies' '--warn=clippy::verbose_file_reads' '--warn=clippy::verbose_bit_mask' '--warn=clippy::used_underscore_items' '--warn=clippy::used_underscore_binding' '--warn=clippy::use_debug' '--warn=clippy::unwrap_in_result' '--warn=clippy::unused_self' '--warn=clippy::unused_result_ok' --warn=unused_qualifications --warn=unused_macro_rules --warn=unused_lifetimes --warn=unused_import_braces '--warn=clippy::unused_async' '--warn=clippy::unseparated_literal_suffix' '--warn=clippy::unsafe_derive_deserialize' --warn=unsafe_code '--warn=clippy::unreadable_literal' '--warn=clippy::unnested_or_patterns' '--warn=clippy::unneeded_field_pattern' '--warn=clippy::unnecessary_wraps' '--warn=clippy::unnecessary_semicolon' '--warn=clippy::unnecessary_self_imports' '--warn=clippy::unnecessary_safety_doc' '--warn=clippy::unnecessary_safety_comment' '--warn=clippy::unnecessary_literal_bound' '--warn=clippy::unnecessary_join' '--warn=clippy::unnecessary_debug_formatting' '--warn=clippy::unnecessary_box_returns' '--warn=clippy::uninlined_format_args' '--warn=clippy::unimplemented' '--warn=clippy::unicode_not_nfc' '--warn=clippy::undocumented_unsafe_blocks' '--warn=clippy::unchecked_time_subtraction' '--warn=clippy::try_err' '--warn=clippy::trivially_copy_pass_by_ref' --warn=trivial_numeric_casts --warn=trivial_casts '--warn=clippy::transmute_ptr_to_ptr' '--warn=clippy::todo' '--warn=clippy::tests_outside_test_module' '--warn=clippy::suspicious_xor_used_as_pow' '--warn=clippy::struct_field_names' '--warn=clippy::struct_excessive_bools' '--warn=clippy::string_lit_chars_any' '--warn=clippy::string_add_assign' '--warn=clippy::string_add' '--warn=clippy::str_to_string' '--warn=clippy::str_split_at_newline' '--warn=clippy::stable_sort_primitive' '--warn=clippy::single_match_else' '--warn=clippy::single_char_pattern' '--warn=clippy::should_panic_without_expect' '--warn=clippy::shadow_same' '--warn=clippy::semicolon_inside_block' '--warn=clippy::self_only_used_in_recursion' '--warn=clippy::same_name_method' '--warn=clippy::same_functions_in_if_condition' '--warn=clippy::return_self_not_must_use' '--warn=clippy::return_and_then' '--warn=clippy::rest_pat_in_fully_bound_structs' '--warn=clippy::renamed_function_params' '--warn=clippy::ref_patterns' '--warn=clippy::ref_option_ref' '--warn=clippy::ref_binding_to_reference' '--warn=clippy::ref_as_ptr' '--warn=clippy::redundant_type_annotations' '--warn=clippy::redundant_feature_names' '--warn=clippy::redundant_else' '--warn=clippy::redundant_closure_for_method_calls' '--warn=clippy::rc_mutex' '--warn=clippy::rc_buffer' '--warn=clippy::range_plus_one' '--warn=clippy::range_minus_one' '--warn=clippy::pub_without_shorthand' '--warn=clippy::pub_underscore_fields' '--warn=clippy::ptr_cast_constness' '--warn=clippy::ptr_as_ptr' '--warn=clippy::print_stdout' '--warn=clippy::print_stderr' '--warn=clippy::precedence_bits' '--warn=clippy::pointer_format' '--warn=clippy::pathbuf_init_then_push' '--warn=clippy::partial_pub_fields' '--warn=clippy::panic_in_result_fn' '--warn=clippy::panic' '--warn=clippy::option_as_ref_cloned' '--warn=clippy::non_zero_suggestions' '--warn=clippy::non_std_lazy_statics' '--warn=clippy::non_ascii_literal' '--warn=clippy::no_mangle_with_rust_abi' '--warn=clippy::no_effect_underscore_binding' '--warn=clippy::negative_feature_names' '--warn=clippy::needless_raw_strings' '--warn=clippy::needless_raw_string_hashes' '--warn=clippy::needless_pass_by_value' '--warn=clippy::needless_for_each' '--warn=clippy::needless_continue' '--warn=clippy::needless_bitwise_bool' '--warn=clippy::naive_bytecount' '--warn=clippy::mutex_integer' '--warn=clippy::mutex_atomic' '--warn=clippy::mut_mut' '--warn=clippy::multiple_inherent_impl' '--warn=clippy::missing_fields_in_debug' '--warn=clippy::missing_asserts_for_indexing' '--warn=clippy::missing_assert_message' '--warn=clippy::mismatching_type_param_order' '--warn=clippy::mem_forget' '--warn=clippy::maybe_infinite_iter' '--warn=clippy::match_wildcard_for_single_variants' '--warn=clippy::match_wild_err_arm' '--warn=clippy::match_same_arms' '--warn=clippy::match_bool' '--warn=clippy::map_with_unused_argument_over_ranges' '--warn=clippy::map_unwrap_or' '--warn=clippy::many_single_char_names' '--warn=clippy::manual_string_new' '--warn=clippy::manual_midpoint' '--warn=clippy::manual_let_else' '--warn=clippy::manual_is_variant_and' '--warn=clippy::manual_is_power_of_two' '--warn=clippy::manual_instant_elapsed' '--warn=clippy::manual_assert' '--warn=clippy::macro_use_imports' --warn=macro_use_extern_crate '--warn=clippy::lossy_float_literal' '--warn=clippy::linkedlist' '--warn=clippy::let_underscore_untyped' '--warn=clippy::let_underscore_must_use' --warn=let_underscore_drop '--warn=clippy::large_types_passed_by_value' '--warn=clippy::large_stack_arrays' '--warn=clippy::large_include_file' '--warn=clippy::large_futures' '--warn=clippy::large_digit_groups' '--warn=clippy::iter_without_into_iter' '--warn=clippy::iter_not_returning_iterator' '--warn=clippy::iter_filter_is_some' '--warn=clippy::iter_filter_is_ok' '--warn=clippy::items_after_statements' '--warn=clippy::ip_constant' '--warn=clippy::invalid_upcast_comparisons' '--warn=clippy::into_iter_without_iter' '--warn=clippy::inline_always' '--warn=clippy::infinite_loop' '--warn=clippy::inefficient_to_string' '--warn=clippy::index_refutable_slice' '--warn=clippy::inconsistent_struct_constructor' '--warn=clippy::implicit_hasher' '--warn=clippy::implicit_clone' '--warn=clippy::ignored_unit_patterns' '--warn=clippy::ignore_without_reason' '--warn=clippy::if_then_some_else_none' '--warn=clippy::if_not_else' '--warn=clippy::host_endian_bytes' '--warn=clippy::get_unwrap' '--warn=clippy::from_iter_instead_of_collect' '--warn=clippy::format_push_string' '--warn=clippy::format_collect' '--warn=clippy::fn_to_numeric_cast_any' '--warn=clippy::fn_params_excessive_bools' '--warn=clippy::flat_map_option' '--warn=clippy::filter_map_next' '--warn=clippy::filetype_is_file' '--warn=clippy::field_scoped_visibility_modifiers' --warn=explicit_outlives_requirements '--warn=clippy::explicit_iter_loop' '--warn=clippy::explicit_into_iter_loop' '--warn=clippy::explicit_deref_methods' '--warn=clippy::expl_impl_clone_on_copy' '--warn=clippy::expect_used' '--warn=clippy::exit' '--warn=clippy::error_impl_error' '--warn=clippy::enum_glob_use' '--warn=clippy::empty_structs_with_brackets' '--warn=clippy::empty_enums' '--warn=clippy::empty_enum_variants_with_brackets' '--warn=clippy::empty_drop' --warn=elided_lifetimes_in_paths '--warn=clippy::elidable_lifetime_names' '--warn=clippy::doc_link_with_quotes' '--warn=clippy::doc_include_without_cfg' '--warn=clippy::doc_comment_double_space_linebreaks' '--warn=clippy::doc_broken_link' '--warn=clippy::disallowed_script_idents' '--warn=clippy::deref_by_slicing' '--warn=clippy::default_union_representation' '--warn=clippy::default_trait_access' '--warn=clippy::decimal_literal_representation' '--warn=clippy::dbg_macro' '--warn=clippy::create_dir' '--warn=clippy::copy_iterator' '--warn=clippy::comparison_chain' '--warn=clippy::cloned_instead_of_copied' '--warn=clippy::clone_on_ref_ptr' '--warn=clippy::checked_conversions' '--warn=clippy::cfg_not_test' '--warn=clippy::cast_sign_loss' '--warn=clippy::cast_ptr_alignment' '--warn=clippy::cast_precision_loss' '--warn=clippy::cast_possible_wrap' '--warn=clippy::cast_possible_truncation' '--warn=clippy::cast_lossless' '--warn=clippy::case_sensitive_file_extension_comparisons' '--warn=clippy::borrow_as_ptr' '--warn=clippy::bool_to_int_with_if' '--warn=clippy::assigning_clones' '--warn=clippy::assertions_on_result_states' '--warn=clippy::as_underscore' '--warn=clippy::as_pointer_underscore' '--warn=clippy::allow_attributes' --warn=absolute_paths_not_starting_with_crate --cfg 'feature="default"' --cfg 'feature="sep-0002"' --cfg 'feature="sep-0006"' --cfg 'feature="sparql-12"' --check-cfg 'cfg(docsrs,test)' --check-cfg 'cfg(feature, values("default", "sep-0002", "sep-0006", "sparql-12", "standard-unicode-escaping"))' -C metadata=0fbfa07c67e763c7 -C extra-filename=-f81f815394fff866 --out-dir /private/tmp/sparq-pr6049/.throughput-monitor/direct-5983/implementation/target/release/deps -C strip=debuginfo -L dependency=/private/tmp/sparq-pr6049/.throughput-monitor/direct-5983/implementation/target/release/deps --extern oxilangtag=/private/tmp/sparq-pr6049/.throughput-monitor/direct-5983/implementation/target/release/deps/liboxilangtag-2fbab9b59ca20201.rmeta --extern oxiri=/private/tmp/sparq-pr6049/.throughput-monitor/direct-5983/implementation/target/release/deps/liboxiri-256fcb858fdf74ff.rmeta --extern oxrdf=/private/tmp/sparq-pr6049/.throughput-monitor/direct-5983/implementation/target/release/deps/liboxrdf-a953fc3282e3d853.rmeta --extern peg=/private/tmp/sparq-pr6049/.throughput-monitor/direct-5983/implementation/target/release/deps/libpeg-a3ca7d052c836252.rmeta --extern rand=/private/tmp/sparq-pr6049/.throughput-monitor/direct-5983/implementation/target/release/deps/librand-5398fd28bd637609.rmeta --extern thiserror=/private/tmp/sparq-pr6049/.throughput-monitor/direct-5983/implementation/target/release/deps/libthiserror-02ad4ed01d310d06.rmeta`
       Fresh memmap2 v0.9.11
   Compiling sparq-core v0.1.1 (/private/tmp/sparq-pr6049/.throughput-monitor/direct-5183/original-seed-execution/parent-source/crates/sparq-core)
     Running `CARGO=/Users/jesght/.rustup/toolchains/1.97.1-aarch64-apple-darwin/bin/cargo CARGO_CRATE_NAME=sparq_core CARGO_MANIFEST_DIR=/private/tmp/sparq-pr6049/.throughput-monitor/direct-5183/original-seed-execution/parent-source/crates/sparq-core CARGO_MANIFEST_PATH=/private/tmp/sparq-pr6049/.throughput-monitor/direct-5183/original-seed-execution/parent-source/crates/sparq-core/Cargo.toml CARGO_PKG_AUTHORS='' CARGO_PKG_DESCRIPTION='Dictionary-encoded RDF triplestore core: six sorted permutation indexes, parallel + streaming loaders, and an out-of-core memory-mapped store' CARGO_PKG_HOMEPAGE='https://github.com/sparq-org/sparq' CARGO_PKG_LICENSE=MIT CARGO_PKG_LICENSE_FILE='' CARGO_PKG_NAME=sparq-core CARGO_PKG_README=README.md CARGO_PKG_REPOSITORY='https://github.com/sparq-org/sparq' CARGO_PKG_RUST_VERSION=1.88 CARGO_PKG_VERSION=0.1.1 CARGO_PKG_VERSION_MAJOR=0 CARGO_PKG_VERSION_MINOR=1 CARGO_PKG_VERSION_PATCH=1 CARGO_PKG_VERSION_PRE='' DYLD_FALLBACK_LIBRARY_PATH='/private/tmp/sparq-pr6049/.throughput-monitor/direct-5983/implementation/target/release/deps:/Users/jesght/lib:/usr/local/lib:/usr/lib' /Users/jesght/.rustup/toolchains/1.97.1-aarch64-apple-darwin/bin/rustc --crate-name sparq_core --edition=2021 /private/tmp/sparq-pr6049/.throughput-monitor/direct-5183/original-seed-execution/parent-source/crates/sparq-core/src/lib.rs --error-format=json --json=diagnostic-rendered-ansi,artifacts,future-incompat --crate-type lib --emit=dep-info,metadata,link -C opt-level=3 -C embed-bitcode=no -C codegen-units=16 --warn=unexpected_cfgs --check-cfg 'cfg(kani)' --cfg 'feature="default"' --cfg 'feature="dict-spill"' --cfg 'feature="mmap"' --cfg 'feature="parallel"' --check-cfg 'cfg(docsrs,test)' --check-cfg 'cfg(feature, values("block-bloom", "compact-index", "default", "dict-spill", "elias-fano", "iri-fast", "jsonld", "mmap", "native-ttl", "overlay-deleted-projections", "parallel", "rdfxml", "shared", "spqcprm2"))' -C metadata=a8704def08e17eb2 -C extra-filename=-10f4959e8a6c9c7e --out-dir /private/tmp/sparq-pr6049/.throughput-monitor/direct-5983/implementation/target/release/deps -C strip=debuginfo -L dependency=/private/tmp/sparq-pr6049/.throughput-monitor/direct-5983/implementation/target/release/deps --extern hashbrown=/private/tmp/sparq-pr6049/.throughput-monitor/direct-5983/implementation/target/release/deps/libhashbrown-6eaca190343f9157.rmeta --extern libc=/private/tmp/sparq-pr6049/.throughput-monitor/direct-5983/implementation/target/release/deps/liblibc-d3a9ab32a070ca78.rmeta --extern memchr=/private/tmp/sparq-pr6049/.throughput-monitor/direct-5983/implementation/target/release/deps/libmemchr-f73f6714e13773b7.rmeta --extern memmap2=/private/tmp/sparq-pr6049/.throughput-monitor/direct-5983/implementation/target/release/deps/libmemmap2-1da36dfefebe3146.rmeta --extern oxrdf=/private/tmp/sparq-pr6049/.throughput-monitor/direct-5983/implementation/target/release/deps/liboxrdf-a953fc3282e3d853.rmeta --extern oxttl=/private/tmp/sparq-pr6049/.throughput-monitor/direct-5983/implementation/target/release/deps/liboxttl-bf587d09880a3c80.rmeta --extern rayon=/private/tmp/sparq-pr6049/.throughput-monitor/direct-5983/implementation/target/release/deps/librayon-b0b3a31e71d15f32.rmeta --extern rustc_hash=/private/tmp/sparq-pr6049/.throughput-monitor/direct-5983/implementation/target/release/deps/librustc_hash-a257f2d86c4c9dc8.rmeta`
   Compiling oxrdf v0.2.4
     Running `CARGO=/Users/jesght/.rustup/toolchains/1.97.1-aarch64-apple-darwin/bin/cargo CARGO_CRATE_NAME=oxrdf CARGO_MANIFEST_DIR=/Users/jesght/.cargo/registry/src/index.crates.io-1949cf8c6b5b557f/oxrdf-0.2.4 CARGO_MANIFEST_PATH=/Users/jesght/.cargo/registry/src/index.crates.io-1949cf8c6b5b557f/oxrdf-0.2.4/Cargo.toml CARGO_PKG_AUTHORS='Tpt <thomas@pellissier-tanon.fr>' CARGO_PKG_DESCRIPTION='A library providing basic data structures related to RDF
' CARGO_PKG_HOMEPAGE='' CARGO_PKG_LICENSE='MIT OR Apache-2.0' CARGO_PKG_LICENSE_FILE='' CARGO_PKG_NAME=oxrdf CARGO_PKG_README=README.md CARGO_PKG_REPOSITORY='https://github.com/oxigraph/oxigraph/tree/main/lib/oxrdf' CARGO_PKG_RUST_VERSION=1.75 CARGO_PKG_VERSION=0.2.4 CARGO_PKG_VERSION_MAJOR=0 CARGO_PKG_VERSION_MINOR=2 CARGO_PKG_VERSION_PATCH=4 CARGO_PKG_VERSION_PRE='' DYLD_FALLBACK_LIBRARY_PATH='/private/tmp/sparq-pr6049/.throughput-monitor/direct-5983/implementation/target/release/deps:/Users/jesght/lib:/usr/local/lib:/usr/lib' /Users/jesght/.rustup/toolchains/1.97.1-aarch64-apple-darwin/bin/rustc --crate-name oxrdf --edition=2021 /Users/jesght/.cargo/registry/src/index.crates.io-1949cf8c6b5b557f/oxrdf-0.2.4/src/lib.rs --error-format=json --json=diagnostic-rendered-ansi,artifacts,future-incompat --crate-type lib --emit=dep-info,metadata,link -C opt-level=3 -C embed-bitcode=no -C codegen-units=16 '--warn=clippy::zero_sized_map_values' '--warn=clippy::wildcard_dependencies' '--warn=clippy::verbose_file_reads' '--warn=clippy::verbose_bit_mask' '--warn=clippy::used_underscore_binding' '--warn=clippy::use_debug' '--warn=clippy::unwrap_in_result' '--warn=clippy::unused_self' '--warn=clippy::unused_result_ok' --warn=unused_qualifications --warn=unused_macro_rules --warn=unused_lifetimes --warn=unused_import_braces '--warn=clippy::unused_async' '--warn=clippy::unseparated_literal_suffix' '--warn=clippy::unsafe_derive_deserialize' --warn=unsafe_code '--warn=clippy::unreadable_literal' '--warn=clippy::unnested_or_patterns' '--warn=clippy::unneeded_field_pattern' '--warn=clippy::unnecessary_wraps' '--warn=clippy::unnecessary_self_imports' '--warn=clippy::unnecessary_safety_doc' '--warn=clippy::unnecessary_safety_comment' '--warn=clippy::unnecessary_join' '--warn=clippy::unnecessary_box_returns' '--warn=clippy::uninlined_format_args' '--warn=clippy::unimplemented' '--warn=clippy::unicode_not_nfc' '--warn=clippy::undocumented_unsafe_blocks' '--warn=clippy::unchecked_duration_subtraction' '--warn=clippy::try_err' '--warn=clippy::trivially_copy_pass_by_ref' --warn=trivial_numeric_casts --warn=trivial_casts '--warn=clippy::transmute_ptr_to_ptr' '--warn=clippy::todo' '--warn=clippy::tests_outside_test_module' '--warn=clippy::suspicious_xor_used_as_pow' '--warn=clippy::struct_field_names' '--warn=clippy::struct_excessive_bools' '--warn=clippy::string_to_string' '--warn=clippy::string_lit_chars_any' '--warn=clippy::string_add_assign' '--warn=clippy::string_add' '--warn=clippy::str_to_string' '--warn=clippy::str_split_at_newline' '--warn=clippy::stable_sort_primitive' '--warn=clippy::single_match_else' '--warn=clippy::single_char_pattern' '--warn=clippy::should_panic_without_expect' '--warn=clippy::shadow_same' '--warn=clippy::semicolon_inside_block' '--warn=clippy::same_name_method' '--warn=clippy::same_functions_in_if_condition' '--warn=clippy::return_self_not_must_use' '--warn=clippy::rest_pat_in_fully_bound_structs' '--warn=clippy::renamed_function_params' '--warn=clippy::ref_patterns' '--warn=clippy::ref_option_ref' '--warn=clippy::ref_binding_to_reference' '--warn=clippy::ref_as_ptr' '--warn=clippy::redundant_type_annotations' '--warn=clippy::redundant_feature_names' '--warn=clippy::redundant_else' '--warn=clippy::redundant_closure_for_method_calls' '--warn=clippy::rc_mutex' '--warn=clippy::rc_buffer' '--warn=clippy::range_plus_one' '--warn=clippy::range_minus_one' '--warn=clippy::pub_without_shorthand' '--warn=clippy::pub_underscore_fields' '--warn=clippy::ptr_cast_constness' '--warn=clippy::ptr_as_ptr' '--warn=clippy::print_stdout' '--warn=clippy::print_stderr' '--warn=clippy::pathbuf_init_then_push' '--warn=clippy::partial_pub_fields' '--warn=clippy::panic_in_result_fn' '--warn=clippy::panic' '--warn=clippy::option_as_ref_cloned' '--warn=clippy::non_ascii_literal' '--warn=clippy::no_mangle_with_rust_abi' '--warn=clippy::no_effect_underscore_binding' '--warn=clippy::negative_feature_names' '--warn=clippy::needless_raw_strings' '--warn=clippy::needless_raw_string_hashes' '--warn=clippy::needless_pass_by_value' '--warn=clippy::needless_for_each' '--warn=clippy::needless_continue' '--warn=clippy::needless_bitwise_bool' '--warn=clippy::naive_bytecount' '--warn=clippy::mutex_atomic' '--warn=clippy::mut_mut' '--warn=clippy::multiple_inherent_impl' '--warn=clippy::missing_fields_in_debug' '--warn=clippy::missing_asserts_for_indexing' '--warn=clippy::missing_assert_message' '--warn=clippy::mismatching_type_param_order' '--warn=clippy::mem_forget' '--warn=clippy::maybe_infinite_iter' '--warn=clippy::match_wildcard_for_single_variants' '--warn=clippy::match_wild_err_arm' '--warn=clippy::match_same_arms' '--warn=clippy::match_on_vec_items' '--warn=clippy::match_bool' '--warn=clippy::map_unwrap_or' '--warn=clippy::many_single_char_names' '--warn=clippy::manual_string_new' '--warn=clippy::manual_ok_or' '--warn=clippy::manual_let_else' '--warn=clippy::manual_is_variant_and' '--warn=clippy::manual_instant_elapsed' '--warn=clippy::manual_assert' '--warn=clippy::macro_use_imports' --warn=macro_use_extern_crate '--warn=clippy::lossy_float_literal' '--warn=clippy::linkedlist' '--warn=clippy::let_underscore_untyped' '--warn=clippy::let_underscore_must_use' --warn=let_underscore_drop '--warn=clippy::large_types_passed_by_value' '--warn=clippy::large_stack_arrays' '--warn=clippy::large_include_file' '--warn=clippy::large_futures' '--warn=clippy::large_digit_groups' '--warn=clippy::iter_without_into_iter' '--warn=clippy::iter_not_returning_iterator' '--warn=clippy::iter_filter_is_some' '--warn=clippy::iter_filter_is_ok' '--warn=clippy::items_after_statements' '--warn=clippy::invalid_upcast_comparisons' '--warn=clippy::into_iter_without_iter' '--warn=clippy::inline_asm_x86_intel_syntax' '--warn=clippy::inline_asm_x86_att_syntax' '--warn=clippy::inline_always' '--warn=clippy::infinite_loop' '--warn=clippy::inefficient_to_string' '--warn=clippy::index_refutable_slice' '--warn=clippy::inconsistent_struct_constructor' '--warn=clippy::implicit_hasher' '--warn=clippy::implicit_clone' '--warn=clippy::ignored_unit_patterns' '--warn=clippy::if_then_some_else_none' '--warn=clippy::if_not_else' '--warn=clippy::host_endian_bytes' '--warn=clippy::get_unwrap' '--warn=clippy::from_iter_instead_of_collect' '--warn=clippy::format_push_string' '--warn=clippy::fn_to_numeric_cast_any' '--warn=clippy::fn_params_excessive_bools' '--warn=clippy::flat_map_option' '--warn=clippy::filter_map_next' '--warn=clippy::filetype_is_file' '--warn=clippy::field_scoped_visibility_modifiers' --warn=explicit_outlives_requirements '--warn=clippy::explicit_iter_loop' '--warn=clippy::explicit_into_iter_loop' '--warn=clippy::explicit_deref_methods' '--warn=clippy::expl_impl_clone_on_copy' '--warn=clippy::expect_used' '--warn=clippy::exit' '--warn=clippy::error_impl_error' '--warn=clippy::enum_glob_use' '--warn=clippy::empty_structs_with_brackets' '--warn=clippy::empty_enum_variants_with_brackets' '--warn=clippy::empty_enum' '--warn=clippy::empty_drop' --warn=elided_lifetimes_in_paths '--warn=clippy::doc_link_with_quotes' '--warn=clippy::disallowed_script_idents' '--warn=clippy::deref_by_slicing' '--warn=clippy::default_union_representation' '--warn=clippy::default_trait_access' '--warn=clippy::decimal_literal_representation' '--warn=clippy::dbg_macro' '--warn=clippy::create_dir' '--warn=clippy::copy_iterator' '--warn=clippy::cloned_instead_of_copied' '--warn=clippy::clone_on_ref_ptr' '--warn=clippy::checked_conversions' '--warn=clippy::cfg_not_test' '--warn=clippy::cast_sign_loss' '--warn=clippy::cast_ptr_alignment' '--warn=clippy::cast_precision_loss' '--warn=clippy::cast_possible_wrap' '--warn=clippy::cast_possible_truncation' '--warn=clippy::cast_lossless' '--warn=clippy::case_sensitive_file_extension_comparisons' '--warn=clippy::borrow_as_ptr' '--warn=clippy::bool_to_int_with_if' '--warn=clippy::assigning_clones' '--warn=clippy::assertions_on_result_states' '--warn=clippy::as_underscore' '--warn=clippy::allow_attributes_without_reason' '--warn=clippy::allow_attributes' --warn=absolute_paths_not_starting_with_crate --cfg 'feature="default"' --check-cfg 'cfg(docsrs,test)' --check-cfg 'cfg(feature, values("default", "oxsdatatypes", "rdf-star"))' -C metadata=644d1fea9a46d531 -C extra-filename=-937daa36ceb5531c --out-dir /private/tmp/sparq-pr6049/.throughput-monitor/direct-5983/implementation/target/release/deps -C strip=debuginfo -L dependency=/private/tmp/sparq-pr6049/.throughput-monitor/direct-5983/implementation/target/release/deps --extern oxilangtag=/private/tmp/sparq-pr6049/.throughput-monitor/direct-5983/implementation/target/release/deps/liboxilangtag-2fbab9b59ca20201.rmeta --extern oxiri=/private/tmp/sparq-pr6049/.throughput-monitor/direct-5983/implementation/target/release/deps/liboxiri-256fcb858fdf74ff.rmeta --extern rand=/private/tmp/sparq-pr6049/.throughput-monitor/direct-5983/implementation/target/release/deps/librand-8cc421410c29455e.rmeta --extern thiserror=/private/tmp/sparq-pr6049/.throughput-monitor/direct-5983/implementation/target/release/deps/libthiserror-02ad4ed01d310d06.rmeta --cap-lints warn`
       Fresh regex v1.12.4
   Compiling tracing-core v0.1.36
     Running `CARGO=/Users/jesght/.rustup/toolchains/1.97.1-aarch64-apple-darwin/bin/cargo CARGO_CRATE_NAME=tracing_core CARGO_MANIFEST_DIR=/Users/jesght/.cargo/registry/src/index.crates.io-1949cf8c6b5b557f/tracing-core-0.1.36 CARGO_MANIFEST_PATH=/Users/jesght/.cargo/registry/src/index.crates.io-1949cf8c6b5b557f/tracing-core-0.1.36/Cargo.toml CARGO_PKG_AUTHORS='Tokio Contributors <team@tokio.rs>' CARGO_PKG_DESCRIPTION='Core primitives for application-level tracing.
' CARGO_PKG_HOMEPAGE='https://tokio.rs' CARGO_PKG_LICENSE=MIT CARGO_PKG_LICENSE_FILE='' CARGO_PKG_NAME=tracing-core CARGO_PKG_README=README.md CARGO_PKG_REPOSITORY='https://github.com/tokio-rs/tracing' CARGO_PKG_RUST_VERSION=1.65.0 CARGO_PKG_VERSION=0.1.36 CARGO_PKG_VERSION_MAJOR=0 CARGO_PKG_VERSION_MINOR=1 CARGO_PKG_VERSION_PATCH=36 CARGO_PKG_VERSION_PRE='' DYLD_FALLBACK_LIBRARY_PATH='/private/tmp/sparq-pr6049/.throughput-monitor/direct-5983/implementation/target/release/deps:/Users/jesght/lib:/usr/local/lib:/usr/lib' /Users/jesght/.rustup/toolchains/1.97.1-aarch64-apple-darwin/bin/rustc --crate-name tracing_core --edition=2018 /Users/jesght/.cargo/registry/src/index.crates.io-1949cf8c6b5b557f/tracing-core-0.1.36/src/lib.rs --error-format=json --json=diagnostic-rendered-ansi,artifacts,future-incompat --crate-type lib --emit=dep-info,metadata,link -C opt-level=3 -C embed-bitcode=no -C codegen-units=16 --warn=unexpected_cfgs --check-cfg 'cfg(flaky_tests)' --check-cfg 'cfg(tracing_unstable)' --check-cfg 'cfg(unsound_local_offset)' --cfg 'feature="once_cell"' --cfg 'feature="std"' --check-cfg 'cfg(docsrs,test)' --check-cfg 'cfg(feature, values("default", "once_cell", "std", "valuable"))' -C metadata=3cd5809638e2de4f -C extra-filename=-51e1ccb2e32d9496 --out-dir /private/tmp/sparq-pr6049/.throughput-monitor/direct-5983/implementation/target/release/deps -C strip=debuginfo -L dependency=/private/tmp/sparq-pr6049/.throughput-monitor/direct-5983/implementation/target/release/deps --extern once_cell=/private/tmp/sparq-pr6049/.throughput-monitor/direct-5983/implementation/target/release/deps/libonce_cell-52ba0da8697a8a2d.rmeta --cap-lints warn`
   Compiling tracing-attributes v0.1.31
     Running `CARGO=/Users/jesght/.rustup/toolchains/1.97.1-aarch64-apple-darwin/bin/cargo CARGO_CRATE_NAME=tracing_attributes CARGO_MANIFEST_DIR=/Users/jesght/.cargo/registry/src/index.crates.io-1949cf8c6b5b557f/tracing-attributes-0.1.31 CARGO_MANIFEST_PATH=/Users/jesght/.cargo/registry/src/index.crates.io-1949cf8c6b5b557f/tracing-attributes-0.1.31/Cargo.toml CARGO_PKG_AUTHORS='Tokio Contributors <team@tokio.rs>:Eliza Weisman <eliza@buoyant.io>:David Barsky <dbarsky@amazon.com>' CARGO_PKG_DESCRIPTION='Procedural macro attributes for automatically instrumenting functions.
' CARGO_PKG_HOMEPAGE='https://tokio.rs' CARGO_PKG_LICENSE=MIT CARGO_PKG_LICENSE_FILE='' CARGO_PKG_NAME=tracing-attributes CARGO_PKG_README=README.md CARGO_PKG_REPOSITORY='https://github.com/tokio-rs/tracing' CARGO_PKG_RUST_VERSION=1.65.0 CARGO_PKG_VERSION=0.1.31 CARGO_PKG_VERSION_MAJOR=0 CARGO_PKG_VERSION_MINOR=1 CARGO_PKG_VERSION_PATCH=31 CARGO_PKG_VERSION_PRE='' DYLD_FALLBACK_LIBRARY_PATH='/private/tmp/sparq-pr6049/.throughput-monitor/direct-5983/implementation/target/release/deps:/Users/jesght/lib:/usr/local/lib:/usr/lib' /Users/jesght/.rustup/toolchains/1.97.1-aarch64-apple-darwin/bin/rustc --crate-name tracing_attributes --edition=2018 /Users/jesght/.cargo/registry/src/index.crates.io-1949cf8c6b5b557f/tracing-attributes-0.1.31/src/lib.rs --error-format=json --json=diagnostic-rendered-ansi,artifacts,future-incompat --crate-type proc-macro --emit=dep-info,link -C prefer-dynamic -C embed-bitcode=no --warn=unexpected_cfgs --check-cfg 'cfg(flaky_tests)' --check-cfg 'cfg(tracing_unstable)' --check-cfg 'cfg(unsound_local_offset)' -C debug-assertions=off --check-cfg 'cfg(docsrs,test)' --check-cfg 'cfg(feature, values("async-await"))' -C metadata=2f8eb66689553b5a -C extra-filename=-36a954c2f3c5e57d --out-dir /private/tmp/sparq-pr6049/.throughput-monitor/direct-5983/implementation/target/release/deps -C strip=debuginfo -L dependency=/private/tmp/sparq-pr6049/.throughput-monitor/direct-5983/implementation/target/release/deps --extern proc_macro2=/private/tmp/sparq-pr6049/.throughput-monitor/direct-5983/implementation/target/release/deps/libproc_macro2-5aa181e8aab37f22.rlib --extern quote=/private/tmp/sparq-pr6049/.throughput-monitor/direct-5983/implementation/target/release/deps/libquote-d344350944a4e6ae.rlib --extern syn=/private/tmp/sparq-pr6049/.throughput-monitor/direct-5983/implementation/target/release/deps/libsyn-5d43e3caf82a7be9.rlib --extern proc_macro --cap-lints warn`
       Fresh cpufeatures v0.3.0
       Fresh scopeguard v1.2.0
   Compiling serde_core v1.0.228
     Running `CARGO=/Users/jesght/.rustup/toolchains/1.97.1-aarch64-apple-darwin/bin/cargo CARGO_CRATE_NAME=build_script_build CARGO_MANIFEST_DIR=/Users/jesght/.cargo/registry/src/index.crates.io-1949cf8c6b5b557f/serde_core-1.0.228 CARGO_MANIFEST_PATH=/Users/jesght/.cargo/registry/src/index.crates.io-1949cf8c6b5b557f/serde_core-1.0.228/Cargo.toml CARGO_PKG_AUTHORS='Erick Tryzelaar <erick.tryzelaar@gmail.com>:David Tolnay <dtolnay@gmail.com>' CARGO_PKG_DESCRIPTION='Serde traits only, with no support for derive -- use the `serde` crate instead' CARGO_PKG_HOMEPAGE='https://serde.rs' CARGO_PKG_LICENSE='MIT OR Apache-2.0' CARGO_PKG_LICENSE_FILE='' CARGO_PKG_NAME=serde_core CARGO_PKG_README=README.md CARGO_PKG_REPOSITORY='https://github.com/serde-rs/serde' CARGO_PKG_RUST_VERSION=1.56 CARGO_PKG_VERSION=1.0.228 CARGO_PKG_VERSION_MAJOR=1 CARGO_PKG_VERSION_MINOR=0 CARGO_PKG_VERSION_PATCH=228 CARGO_PKG_VERSION_PRE='' DYLD_FALLBACK_LIBRARY_PATH='/private/tmp/sparq-pr6049/.throughput-monitor/direct-5983/implementation/target/release/deps:/Users/jesght/lib:/usr/local/lib:/usr/lib' /Users/jesght/.rustup/toolchains/1.97.1-aarch64-apple-darwin/bin/rustc --crate-name build_script_build --edition=2021 /Users/jesght/.cargo/registry/src/index.crates.io-1949cf8c6b5b557f/serde_core-1.0.228/build.rs --error-format=json --json=diagnostic-rendered-ansi,artifacts,future-incompat --crate-type bin --emit=dep-info,link -C embed-bitcode=no -C debug-assertions=off --cfg 'feature="std"' --check-cfg 'cfg(docsrs,test)' --check-cfg 'cfg(feature, values("alloc", "default", "rc", "result", "std", "unstable"))' -C metadata=569dfa70bc77aa92 -C extra-filename=-c52d72b875647479 --out-dir /private/tmp/sparq-pr6049/.throughput-monitor/direct-5983/implementation/target/release/build/serde_core-c52d72b875647479 -C strip=debuginfo -L dependency=/private/tmp/sparq-pr6049/.throughput-monitor/direct-5983/implementation/target/release/deps --cap-lints warn`
   Compiling pin-project-lite v0.2.17
     Running `CARGO=/Users/jesght/.rustup/toolchains/1.97.1-aarch64-apple-darwin/bin/cargo CARGO_CRATE_NAME=pin_project_lite CARGO_MANIFEST_DIR=/Users/jesght/.cargo/registry/src/index.crates.io-1949cf8c6b5b557f/pin-project-lite-0.2.17 CARGO_MANIFEST_PATH=/Users/jesght/.cargo/registry/src/index.crates.io-1949cf8c6b5b557f/pin-project-lite-0.2.17/Cargo.toml CARGO_PKG_AUTHORS='' CARGO_PKG_DESCRIPTION='A lightweight version of pin-project written with declarative macros.
' CARGO_PKG_HOMEPAGE='' CARGO_PKG_LICENSE='Apache-2.0 OR MIT' CARGO_PKG_LICENSE_FILE='' CARGO_PKG_NAME=pin-project-lite CARGO_PKG_README=README.md CARGO_PKG_REPOSITORY='https://github.com/taiki-e/pin-project-lite' CARGO_PKG_RUST_VERSION=1.37 CARGO_PKG_VERSION=0.2.17 CARGO_PKG_VERSION_MAJOR=0 CARGO_PKG_VERSION_MINOR=2 CARGO_PKG_VERSION_PATCH=17 CARGO_PKG_VERSION_PRE='' DYLD_FALLBACK_LIBRARY_PATH='/private/tmp/sparq-pr6049/.throughput-monitor/direct-5983/implementation/target/release/deps:/Users/jesght/lib:/usr/local/lib:/usr/lib' /Users/jesght/.rustup/toolchains/1.97.1-aarch64-apple-darwin/bin/rustc --crate-name pin_project_lite --edition=2018 /Users/jesght/.cargo/registry/src/index.crates.io-1949cf8c6b5b557f/pin-project-lite-0.2.17/src/lib.rs --error-format=json --json=diagnostic-rendered-ansi,artifacts,future-incompat --crate-type lib --emit=dep-info,metadata,link -C opt-level=3 -C embed-bitcode=no -C codegen-units=16 '--warn=clippy::unused_trait_names' --warn=unreachable_pub --warn=unnameable_types --warn=unexpected_cfgs '--warn=clippy::undocumented_unsafe_blocks' '--warn=clippy::transmute_undefined_repr' '--warn=clippy::trailing_empty_array' --warn=single_use_lifetimes --warn=rust_2018_idioms '--warn=clippy::pedantic' --warn=non_ascii_idents '--warn=clippy::inline_asm_x86_att_syntax' --warn=improper_ctypes_definitions --warn=improper_ctypes --warn=deprecated_safe '--warn=clippy::default_union_representation' '--warn=clippy::as_underscore' '--warn=clippy::as_ptr_cast_mut' '--warn=clippy::all' '--allow=clippy::type_complexity' '--allow=clippy::too_many_lines' '--allow=clippy::too_many_arguments' '--allow=clippy::struct_field_names' '--allow=clippy::struct_excessive_bools' '--allow=clippy::single_match_else' '--allow=clippy::single_match' '--allow=clippy::similar_names' '--allow=clippy::range_plus_one' '--allow=clippy::nonminimal_bool' '--allow=clippy::naive_bytecount' '--allow=clippy::module_name_repetitions' '--allow=clippy::missing_errors_doc' '--allow=clippy::manual_range_contains' '--allow=clippy::manual_assert' '--allow=clippy::incompatible_msrv' '--allow=clippy::float_cmp' '--allow=clippy::doc_markdown' '--allow=clippy::declare_interior_mutable_const' '--allow=clippy::collapsible_match' '--allow=clippy::cast_lossless' '--allow=clippy::borrow_as_ptr' '--allow=clippy::bool_assert_comparison' --check-cfg 'cfg(docsrs,test)' --check-cfg 'cfg(feature, values())' -C metadata=3ab1a6333b0b501c -C extra-filename=-a7df933022d77dcb --out-dir /private/tmp/sparq-pr6049/.throughput-monitor/direct-5983/implementation/target/release/deps -C strip=debuginfo -L dependency=/private/tmp/sparq-pr6049/.throughput-monitor/direct-5983/implementation/target/release/deps --cap-lints warn`
       Fresh ryu-js v1.0.2
warning: value assigned to `vp` is never read
   --> /Users/jesght/.cargo/registry/src/index.crates.io-1949cf8c6b5b557f/ryu-js-1.0.2/src/f2s.rs:146:17
    |
146 |                 vp /= 10;
    |                 ^^^^^^^^
    |
    = help: maybe it is overwritten before being read?
    = note: `#[warn(unused_assignments)]` (part of `#[warn(unused)]`) on by default

warning: `ryu-js` (lib) generated 1 warning
   Compiling oxjsonld v0.2.5
     Running `CARGO=/Users/jesght/.rustup/toolchains/1.97.1-aarch64-apple-darwin/bin/cargo CARGO_CRATE_NAME=oxjsonld CARGO_MANIFEST_DIR=/Users/jesght/.cargo/registry/src/index.crates.io-1949cf8c6b5b557f/oxjsonld-0.2.5 CARGO_MANIFEST_PATH=/Users/jesght/.cargo/registry/src/index.crates.io-1949cf8c6b5b557f/oxjsonld-0.2.5/Cargo.toml CARGO_PKG_AUTHORS='Tpt <thomas@pellissier-tanon.fr>' CARGO_PKG_DESCRIPTION='Parser and serializer for the JSON-LD format' CARGO_PKG_HOMEPAGE='' CARGO_PKG_LICENSE='MIT OR Apache-2.0' CARGO_PKG_LICENSE_FILE='' CARGO_PKG_NAME=oxjsonld CARGO_PKG_README=README.md CARGO_PKG_REPOSITORY='https://github.com/oxigraph/oxigraph/tree/master/lib/oxjsonld' CARGO_PKG_RUST_VERSION=1.87 CARGO_PKG_VERSION=0.2.5 CARGO_PKG_VERSION_MAJOR=0 CARGO_PKG_VERSION_MINOR=2 CARGO_PKG_VERSION_PATCH=5 CARGO_PKG_VERSION_PRE='' DYLD_FALLBACK_LIBRARY_PATH='/private/tmp/sparq-pr6049/.throughput-monitor/direct-5983/implementation/target/release/deps:/Users/jesght/lib:/usr/local/lib:/usr/lib' /Users/jesght/.rustup/toolchains/1.97.1-aarch64-apple-darwin/bin/rustc --crate-name oxjsonld --edition=2024 /Users/jesght/.cargo/registry/src/index.crates.io-1949cf8c6b5b557f/oxjsonld-0.2.5/src/lib.rs --error-format=json --json=diagnostic-rendered-ansi,artifacts,future-incompat --crate-type lib --emit=dep-info,metadata,link -C opt-level=3 -C embed-bitcode=no -C codegen-units=16 '--warn=clippy::zero_sized_map_values' '--warn=clippy::wildcard_dependencies' '--warn=clippy::verbose_file_reads' '--warn=clippy::verbose_bit_mask' '--warn=clippy::used_underscore_items' '--warn=clippy::used_underscore_binding' '--warn=clippy::use_debug' '--warn=clippy::unwrap_in_result' '--warn=clippy::unused_self' '--warn=clippy::unused_result_ok' --warn=unused_qualifications --warn=unused_macro_rules --warn=unused_lifetimes --warn=unused_import_braces '--warn=clippy::unused_async' '--warn=clippy::unseparated_literal_suffix' '--warn=clippy::unsafe_derive_deserialize' --warn=unsafe_code '--warn=clippy::unreadable_literal' '--warn=clippy::unnested_or_patterns' '--warn=clippy::unneeded_field_pattern' '--warn=clippy::unnecessary_wraps' '--warn=clippy::unnecessary_semicolon' '--warn=clippy::unnecessary_self_imports' '--warn=clippy::unnecessary_safety_doc' '--warn=clippy::unnecessary_safety_comment' '--warn=clippy::unnecessary_literal_bound' '--warn=clippy::unnecessary_join' '--warn=clippy::unnecessary_debug_formatting' '--warn=clippy::unnecessary_box_returns' '--warn=clippy::uninlined_format_args' '--warn=clippy::unimplemented' '--warn=clippy::unicode_not_nfc' '--warn=clippy::undocumented_unsafe_blocks' '--warn=clippy::unchecked_time_subtraction' '--warn=clippy::try_err' '--warn=clippy::trivially_copy_pass_by_ref' --warn=trivial_numeric_casts --warn=trivial_casts '--warn=clippy::transmute_ptr_to_ptr' '--warn=clippy::todo' '--warn=clippy::tests_outside_test_module' '--warn=clippy::suspicious_xor_used_as_pow' '--warn=clippy::struct_field_names' '--warn=clippy::struct_excessive_bools' '--warn=clippy::string_lit_chars_any' '--warn=clippy::string_add_assign' '--warn=clippy::string_add' '--warn=clippy::str_to_string' '--warn=clippy::str_split_at_newline' '--warn=clippy::stable_sort_primitive' '--warn=clippy::single_match_else' '--warn=clippy::single_char_pattern' '--warn=clippy::should_panic_without_expect' '--warn=clippy::shadow_same' '--warn=clippy::semicolon_inside_block' '--warn=clippy::self_only_used_in_recursion' '--warn=clippy::same_name_method' '--warn=clippy::same_functions_in_if_condition' '--warn=clippy::return_self_not_must_use' '--warn=clippy::return_and_then' '--warn=clippy::rest_pat_in_fully_bound_structs' '--warn=clippy::renamed_function_params' '--warn=clippy::ref_patterns' '--warn=clippy::ref_option_ref' '--warn=clippy::ref_binding_to_reference' '--warn=clippy::ref_as_ptr' '--warn=clippy::redundant_type_annotations' '--warn=clippy::redundant_feature_names' '--warn=clippy::redundant_else' '--warn=clippy::redundant_closure_for_method_calls' '--warn=clippy::rc_mutex' '--warn=clippy::rc_buffer' '--warn=clippy::range_plus_one' '--warn=clippy::range_minus_one' '--warn=clippy::pub_without_shorthand' '--warn=clippy::pub_underscore_fields' '--warn=clippy::ptr_cast_constness' '--warn=clippy::ptr_as_ptr' '--warn=clippy::print_stdout' '--warn=clippy::print_stderr' '--warn=clippy::precedence_bits' '--warn=clippy::pointer_format' '--warn=clippy::pathbuf_init_then_push' '--warn=clippy::partial_pub_fields' '--warn=clippy::panic_in_result_fn' '--warn=clippy::panic' '--warn=clippy::option_as_ref_cloned' '--warn=clippy::non_zero_suggestions' '--warn=clippy::non_std_lazy_statics' '--warn=clippy::non_ascii_literal' '--warn=clippy::no_mangle_with_rust_abi' '--warn=clippy::no_effect_underscore_binding' '--warn=clippy::negative_feature_names' '--warn=clippy::needless_raw_strings' '--warn=clippy::needless_raw_string_hashes' '--warn=clippy::needless_pass_by_value' '--warn=clippy::needless_for_each' '--warn=clippy::needless_continue' '--warn=clippy::needless_bitwise_bool' '--warn=clippy::naive_bytecount' '--warn=clippy::mutex_integer' '--warn=clippy::mutex_atomic' '--warn=clippy::mut_mut' '--warn=clippy::multiple_inherent_impl' '--warn=clippy::missing_fields_in_debug' '--warn=clippy::missing_asserts_for_indexing' '--warn=clippy::missing_assert_message' '--warn=clippy::mismatching_type_param_order' '--warn=clippy::mem_forget' '--warn=clippy::maybe_infinite_iter' '--warn=clippy::match_wildcard_for_single_variants' '--warn=clippy::match_wild_err_arm' '--warn=clippy::match_same_arms' '--warn=clippy::match_bool' '--warn=clippy::map_with_unused_argument_over_ranges' '--warn=clippy::map_unwrap_or' '--warn=clippy::many_single_char_names' '--warn=clippy::manual_string_new' '--warn=clippy::manual_midpoint' '--warn=clippy::manual_let_else' '--warn=clippy::manual_is_variant_and' '--warn=clippy::manual_is_power_of_two' '--warn=clippy::manual_instant_elapsed' '--warn=clippy::manual_assert' '--warn=clippy::macro_use_imports' --warn=macro_use_extern_crate '--warn=clippy::lossy_float_literal' '--warn=clippy::linkedlist' '--warn=clippy::let_underscore_untyped' '--warn=clippy::let_underscore_must_use' --warn=let_underscore_drop '--warn=clippy::large_types_passed_by_value' '--warn=clippy::large_stack_arrays' '--warn=clippy::large_include_file' '--warn=clippy::large_futures' '--warn=clippy::large_digit_groups' '--warn=clippy::iter_without_into_iter' '--warn=clippy::iter_not_returning_iterator' '--warn=clippy::iter_filter_is_some' '--warn=clippy::iter_filter_is_ok' '--warn=clippy::items_after_statements' '--warn=clippy::ip_constant' '--warn=clippy::invalid_upcast_comparisons' '--warn=clippy::into_iter_without_iter' '--warn=clippy::inline_always' '--warn=clippy::infinite_loop' '--warn=clippy::inefficient_to_string' '--warn=clippy::index_refutable_slice' '--warn=clippy::inconsistent_struct_constructor' '--warn=clippy::implicit_hasher' '--warn=clippy::implicit_clone' '--warn=clippy::ignored_unit_patterns' '--warn=clippy::ignore_without_reason' '--warn=clippy::if_then_some_else_none' '--warn=clippy::if_not_else' '--warn=clippy::host_endian_bytes' '--warn=clippy::get_unwrap' '--warn=clippy::from_iter_instead_of_collect' '--warn=clippy::format_push_string' '--warn=clippy::format_collect' '--warn=clippy::fn_to_numeric_cast_any' '--warn=clippy::fn_params_excessive_bools' '--warn=clippy::flat_map_option' '--warn=clippy::filter_map_next' '--warn=clippy::filetype_is_file' '--warn=clippy::field_scoped_visibility_modifiers' --warn=explicit_outlives_requirements '--warn=clippy::explicit_iter_loop' '--warn=clippy::explicit_into_iter_loop' '--warn=clippy::explicit_deref_methods' '--warn=clippy::expl_impl_clone_on_copy' '--warn=clippy::expect_used' '--warn=clippy::exit' '--warn=clippy::error_impl_error' '--warn=clippy::enum_glob_use' '--warn=clippy::empty_structs_with_brackets' '--warn=clippy::empty_enums' '--warn=clippy::empty_enum_variants_with_brackets' '--warn=clippy::empty_drop' --warn=elided_lifetimes_in_paths '--warn=clippy::elidable_lifetime_names' '--warn=clippy::doc_link_with_quotes' '--warn=clippy::doc_include_without_cfg' '--warn=clippy::doc_comment_double_space_linebreaks' '--warn=clippy::doc_broken_link' '--warn=clippy::disallowed_script_idents' '--warn=clippy::deref_by_slicing' '--warn=clippy::default_union_representation' '--warn=clippy::default_trait_access' '--warn=clippy::decimal_literal_representation' '--warn=clippy::dbg_macro' '--warn=clippy::create_dir' '--warn=clippy::copy_iterator' '--warn=clippy::comparison_chain' '--warn=clippy::cloned_instead_of_copied' '--warn=clippy::clone_on_ref_ptr' '--warn=clippy::checked_conversions' '--warn=clippy::cfg_not_test' '--warn=clippy::cast_sign_loss' '--warn=clippy::cast_ptr_alignment' '--warn=clippy::cast_precision_loss' '--warn=clippy::cast_possible_wrap' '--warn=clippy::cast_possible_truncation' '--warn=clippy::cast_lossless' '--warn=clippy::case_sensitive_file_extension_comparisons' '--warn=clippy::borrow_as_ptr' '--warn=clippy::bool_to_int_with_if' '--warn=clippy::assigning_clones' '--warn=clippy::assertions_on_result_states' '--warn=clippy::as_underscore' '--warn=clippy::as_pointer_underscore' '--warn=clippy::allow_attributes' --warn=absolute_paths_not_starting_with_crate --cfg 'feature="default"' --cfg 'feature="rdf-12"' --check-cfg 'cfg(docsrs,test)' --check-cfg 'cfg(feature, values("async-tokio", "default", "rdf-12"))' -C metadata=b026765cfd9f68dd -C extra-filename=-8eab20762bc3be90 --out-dir /private/tmp/sparq-pr6049/.throughput-monitor/direct-5983/implementation/target/release/deps -C strip=debuginfo -L dependency=/private/tmp/sparq-pr6049/.throughput-monitor/direct-5983/implementation/target/release/deps --extern json_event_parser=/private/tmp/sparq-pr6049/.throughput-monitor/direct-5983/implementation/target/release/deps/libjson_event_parser-3bb6b55a13916242.rmeta --extern oxiri=/private/tmp/sparq-pr6049/.throughput-monitor/direct-5983/implementation/target/release/deps/liboxiri-256fcb858fdf74ff.rmeta --extern oxrdf=/private/tmp/sparq-pr6049/.throughput-monitor/direct-5983/implementation/target/release/deps/liboxrdf-a953fc3282e3d853.rmeta --extern ryu_js=/private/tmp/sparq-pr6049/.throughput-monitor/direct-5983/implementation/target/release/deps/libryu_js-f0712e53d15222db.rmeta --extern thiserror=/private/tmp/sparq-pr6049/.throughput-monitor/direct-5983/implementation/target/release/deps/libthiserror-02ad4ed01d310d06.rmeta --cap-lints warn`
   Compiling tracing v0.1.44
     Running `CARGO=/Users/jesght/.rustup/toolchains/1.97.1-aarch64-apple-darwin/bin/cargo CARGO_CRATE_NAME=tracing CARGO_MANIFEST_DIR=/Users/jesght/.cargo/registry/src/index.crates.io-1949cf8c6b5b557f/tracing-0.1.44 CARGO_MANIFEST_PATH=/Users/jesght/.cargo/registry/src/index.crates.io-1949cf8c6b5b557f/tracing-0.1.44/Cargo.toml CARGO_PKG_AUTHORS='Eliza Weisman <eliza@buoyant.io>:Tokio Contributors <team@tokio.rs>' CARGO_PKG_DESCRIPTION='Application-level tracing for Rust.
' CARGO_PKG_HOMEPAGE='https://tokio.rs' CARGO_PKG_LICENSE=MIT CARGO_PKG_LICENSE_FILE='' CARGO_PKG_NAME=tracing CARGO_PKG_README=README.md CARGO_PKG_REPOSITORY='https://github.com/tokio-rs/tracing' CARGO_PKG_RUST_VERSION=1.65.0 CARGO_PKG_VERSION=0.1.44 CARGO_PKG_VERSION_MAJOR=0 CARGO_PKG_VERSION_MINOR=1 CARGO_PKG_VERSION_PATCH=44 CARGO_PKG_VERSION_PRE='' DYLD_FALLBACK_LIBRARY_PATH='/private/tmp/sparq-pr6049/.throughput-monitor/direct-5983/implementation/target/release/deps:/Users/jesght/lib:/usr/local/lib:/usr/lib' /Users/jesght/.rustup/toolchains/1.97.1-aarch64-apple-darwin/bin/rustc --crate-name tracing --edition=2018 /Users/jesght/.cargo/registry/src/index.crates.io-1949cf8c6b5b557f/tracing-0.1.44/src/lib.rs --error-format=json --json=diagnostic-rendered-ansi,artifacts,future-incompat --crate-type lib --emit=dep-info,metadata,link -C opt-level=3 -C embed-bitcode=no -C codegen-units=16 --warn=unexpected_cfgs --check-cfg 'cfg(flaky_tests)' --check-cfg 'cfg(tracing_unstable)' --check-cfg 'cfg(unsound_local_offset)' --cfg 'feature="attributes"' --cfg 'feature="default"' --cfg 'feature="std"' --cfg 'feature="tracing-attributes"' --check-cfg 'cfg(docsrs,test)' --check-cfg 'cfg(feature, values("async-await", "attributes", "default", "log", "log-always", "max_level_debug", "max_level_error", "max_level_info", "max_level_off", "max_level_trace", "max_level_warn", "release_max_level_debug", "release_max_level_error", "release_max_level_info", "release_max_level_off", "release_max_level_trace", "release_max_level_warn", "std", "tracing-attributes", "valuable"))' -C metadata=c83a4e6d3207dfdb -C extra-filename=-fc091a1ac71ff12f --out-dir /private/tmp/sparq-pr6049/.throughput-monitor/direct-5983/implementation/target/release/deps -C strip=debuginfo -L dependency=/private/tmp/sparq-pr6049/.throughput-monitor/direct-5983/implementation/target/release/deps --extern pin_project_lite=/private/tmp/sparq-pr6049/.throughput-monitor/direct-5983/implementation/target/release/deps/libpin_project_lite-a7df933022d77dcb.rmeta --extern tracing_attributes=/private/tmp/sparq-pr6049/.throughput-monitor/direct-5983/implementation/target/release/deps/libtracing_attributes-36a954c2f3c5e57d.dylib --extern tracing_core=/private/tmp/sparq-pr6049/.throughput-monitor/direct-5983/implementation/target/release/deps/libtracing_core-51e1ccb2e32d9496.rmeta --cap-lints warn`
     Running `CARGO=/Users/jesght/.rustup/toolchains/1.97.1-aarch64-apple-darwin/bin/cargo CARGO_CFG_FEATURE=std CARGO_CFG_PANIC=unwind CARGO_CFG_TARGET_ABI='' CARGO_CFG_TARGET_ARCH=aarch64 CARGO_CFG_TARGET_ENDIAN=little CARGO_CFG_TARGET_ENV='' CARGO_CFG_TARGET_FAMILY=unix CARGO_CFG_TARGET_FEATURE=aes,crc,dit,dotprod,dpb,dpb2,fcma,fhm,flagm,fp16,frintts,jsconv,lor,lse,neon,paca,pacg,pan,pmuv3,ras,rcpc,rcpc2,rdm,sb,sha2,sha3,ssbs,vh CARGO_CFG_TARGET_HAS_ATOMIC=128,16,32,64,8,ptr CARGO_CFG_TARGET_HAS_ATOMIC_PRIMITIVE_ALIGNMENT=128,16,32,64,8,ptr CARGO_CFG_TARGET_OS=macos CARGO_CFG_TARGET_POINTER_WIDTH=64 CARGO_CFG_TARGET_VENDOR=apple CARGO_CFG_UNIX='' CARGO_ENCODED_RUSTFLAGS='' CARGO_FEATURE_STD=1 CARGO_MANIFEST_DIR=/Users/jesght/.cargo/registry/src/index.crates.io-1949cf8c6b5b557f/serde_core-1.0.228 CARGO_MANIFEST_PATH=/Users/jesght/.cargo/registry/src/index.crates.io-1949cf8c6b5b557f/serde_core-1.0.228/Cargo.toml CARGO_PKG_AUTHORS='Erick Tryzelaar <erick.tryzelaar@gmail.com>:David Tolnay <dtolnay@gmail.com>' CARGO_PKG_DESCRIPTION='Serde traits only, with no support for derive -- use the `serde` crate instead' CARGO_PKG_HOMEPAGE='https://serde.rs' CARGO_PKG_LICENSE='MIT OR Apache-2.0' CARGO_PKG_LICENSE_FILE='' CARGO_PKG_NAME=serde_core CARGO_PKG_README=README.md CARGO_PKG_REPOSITORY='https://github.com/serde-rs/serde' CARGO_PKG_RUST_VERSION=1.56 CARGO_PKG_VERSION=1.0.228 CARGO_PKG_VERSION_MAJOR=1 CARGO_PKG_VERSION_MINOR=0 CARGO_PKG_VERSION_PATCH=228 CARGO_PKG_VERSION_PRE='' DEBUG=false DYLD_FALLBACK_LIBRARY_PATH='/private/tmp/sparq-pr6049/.throughput-monitor/direct-5983/implementation/target/release:/private/tmp/sparq-pr6049/.throughput-monitor/direct-5983/implementation/target/release/deps:/Users/jesght/.rustup/toolchains/1.97.1-aarch64-apple-darwin/lib/rustlib/aarch64-apple-darwin/lib:/Users/jesght/lib:/usr/local/lib:/usr/lib' HOST=aarch64-apple-darwin NUM_JOBS=1 OPT_LEVEL=3 OUT_DIR=/private/tmp/sparq-pr6049/.throughput-monitor/direct-5983/implementation/target/release/build/serde_core-2339ea4fb8afc3ca/out PROFILE=release RUSTC=/Users/jesght/.rustup/toolchains/1.97.1-aarch64-apple-darwin/bin/rustc RUSTDOC=rustdoc TARGET=aarch64-apple-darwin /private/tmp/sparq-pr6049/.throughput-monitor/direct-5983/implementation/target/release/build/serde_core-c52d72b875647479/build-script-build`
       Fresh lock_api v0.4.14
       Fresh getrandom v0.4.2
       Fresh parking_lot_core v0.9.12
   Compiling sparopt v0.3.6
     Running `CARGO=/Users/jesght/.rustup/toolchains/1.97.1-aarch64-apple-darwin/bin/cargo CARGO_CRATE_NAME=sparopt CARGO_MANIFEST_DIR=/Users/jesght/.cargo/registry/src/index.crates.io-1949cf8c6b5b557f/sparopt-0.3.6 CARGO_MANIFEST_PATH=/Users/jesght/.cargo/registry/src/index.crates.io-1949cf8c6b5b557f/sparopt-0.3.6/Cargo.toml CARGO_PKG_AUTHORS='Tpt <thomas@pellissier-tanon.fr>' CARGO_PKG_DESCRIPTION='SPARQL optimizer' CARGO_PKG_HOMEPAGE='' CARGO_PKG_LICENSE='MIT OR Apache-2.0' CARGO_PKG_LICENSE_FILE='' CARGO_PKG_NAME=sparopt CARGO_PKG_README=README.md CARGO_PKG_REPOSITORY='https://github.com/oxigraph/oxigraph/tree/main/lib/sparopt' CARGO_PKG_RUST_VERSION=1.87 CARGO_PKG_VERSION=0.3.6 CARGO_PKG_VERSION_MAJOR=0 CARGO_PKG_VERSION_MINOR=3 CARGO_PKG_VERSION_PATCH=6 CARGO_PKG_VERSION_PRE='' DYLD_FALLBACK_LIBRARY_PATH='/private/tmp/sparq-pr6049/.throughput-monitor/direct-5983/implementation/target/release/deps:/Users/jesght/lib:/usr/local/lib:/usr/lib' /Users/jesght/.rustup/toolchains/1.97.1-aarch64-apple-darwin/bin/rustc --crate-name sparopt --edition=2024 /Users/jesght/.cargo/registry/src/index.crates.io-1949cf8c6b5b557f/sparopt-0.3.6/src/lib.rs --error-format=json --json=diagnostic-rendered-ansi,artifacts,future-incompat --crate-type lib --emit=dep-info,metadata,link -C opt-level=3 -C embed-bitcode=no -C codegen-units=16 '--warn=clippy::zero_sized_map_values' '--warn=clippy::wildcard_dependencies' '--warn=clippy::verbose_file_reads' '--warn=clippy::verbose_bit_mask' '--warn=clippy::used_underscore_items' '--warn=clippy::used_underscore_binding' '--warn=clippy::use_debug' '--warn=clippy::unwrap_in_result' '--warn=clippy::unused_self' '--warn=clippy::unused_result_ok' --warn=unused_qualifications --warn=unused_macro_rules --warn=unused_lifetimes --warn=unused_import_braces '--warn=clippy::unused_async' '--warn=clippy::unseparated_literal_suffix' '--warn=clippy::unsafe_derive_deserialize' --warn=unsafe_code '--warn=clippy::unreadable_literal' '--warn=clippy::unnested_or_patterns' '--warn=clippy::unneeded_field_pattern' '--warn=clippy::unnecessary_wraps' '--warn=clippy::unnecessary_semicolon' '--warn=clippy::unnecessary_self_imports' '--warn=clippy::unnecessary_safety_doc' '--warn=clippy::unnecessary_safety_comment' '--warn=clippy::unnecessary_literal_bound' '--warn=clippy::unnecessary_join' '--warn=clippy::unnecessary_debug_formatting' '--warn=clippy::unnecessary_box_returns' '--warn=clippy::uninlined_format_args' '--warn=clippy::unimplemented' '--warn=clippy::unicode_not_nfc' '--warn=clippy::undocumented_unsafe_blocks' '--warn=clippy::unchecked_time_subtraction' '--warn=clippy::try_err' '--warn=clippy::trivially_copy_pass_by_ref' --warn=trivial_numeric_casts --warn=trivial_casts '--warn=clippy::transmute_ptr_to_ptr' '--warn=clippy::todo' '--warn=clippy::tests_outside_test_module' '--warn=clippy::suspicious_xor_used_as_pow' '--warn=clippy::struct_field_names' '--warn=clippy::struct_excessive_bools' '--warn=clippy::string_lit_chars_any' '--warn=clippy::string_add_assign' '--warn=clippy::string_add' '--warn=clippy::str_to_string' '--warn=clippy::str_split_at_newline' '--warn=clippy::stable_sort_primitive' '--warn=clippy::single_match_else' '--warn=clippy::single_char_pattern' '--warn=clippy::should_panic_without_expect' '--warn=clippy::shadow_same' '--warn=clippy::semicolon_inside_block' '--warn=clippy::self_only_used_in_recursion' '--warn=clippy::same_name_method' '--warn=clippy::same_functions_in_if_condition' '--warn=clippy::return_self_not_must_use' '--warn=clippy::return_and_then' '--warn=clippy::rest_pat_in_fully_bound_structs' '--warn=clippy::renamed_function_params' '--warn=clippy::ref_patterns' '--warn=clippy::ref_option_ref' '--warn=clippy::ref_binding_to_reference' '--warn=clippy::ref_as_ptr' '--warn=clippy::redundant_type_annotations' '--warn=clippy::redundant_feature_names' '--warn=clippy::redundant_else' '--warn=clippy::redundant_closure_for_method_calls' '--warn=clippy::rc_mutex' '--warn=clippy::rc_buffer' '--warn=clippy::range_plus_one' '--warn=clippy::range_minus_one' '--warn=clippy::pub_without_shorthand' '--warn=clippy::pub_underscore_fields' '--warn=clippy::ptr_cast_constness' '--warn=clippy::ptr_as_ptr' '--warn=clippy::print_stdout' '--warn=clippy::print_stderr' '--warn=clippy::precedence_bits' '--warn=clippy::pointer_format' '--warn=clippy::pathbuf_init_then_push' '--warn=clippy::partial_pub_fields' '--warn=clippy::panic_in_result_fn' '--warn=clippy::panic' '--warn=clippy::option_as_ref_cloned' '--warn=clippy::non_zero_suggestions' '--warn=clippy::non_std_lazy_statics' '--warn=clippy::non_ascii_literal' '--warn=clippy::no_mangle_with_rust_abi' '--warn=clippy::no_effect_underscore_binding' '--warn=clippy::negative_feature_names' '--warn=clippy::needless_raw_strings' '--warn=clippy::needless_raw_string_hashes' '--warn=clippy::needless_pass_by_value' '--warn=clippy::needless_for_each' '--warn=clippy::needless_continue' '--warn=clippy::needless_bitwise_bool' '--warn=clippy::naive_bytecount' '--warn=clippy::mutex_integer' '--warn=clippy::mutex_atomic' '--warn=clippy::mut_mut' '--warn=clippy::multiple_inherent_impl' '--warn=clippy::missing_fields_in_debug' '--warn=clippy::missing_asserts_for_indexing' '--warn=clippy::missing_assert_message' '--warn=clippy::mismatching_type_param_order' '--warn=clippy::mem_forget' '--warn=clippy::maybe_infinite_iter' '--warn=clippy::match_wildcard_for_single_variants' '--warn=clippy::match_wild_err_arm' '--warn=clippy::match_same_arms' '--warn=clippy::match_bool' '--warn=clippy::map_with_unused_argument_over_ranges' '--warn=clippy::map_unwrap_or' '--warn=clippy::many_single_char_names' '--warn=clippy::manual_string_new' '--warn=clippy::manual_midpoint' '--warn=clippy::manual_let_else' '--warn=clippy::manual_is_variant_and' '--warn=clippy::manual_is_power_of_two' '--warn=clippy::manual_instant_elapsed' '--warn=clippy::manual_assert' '--warn=clippy::macro_use_imports' --warn=macro_use_extern_crate '--warn=clippy::lossy_float_literal' '--warn=clippy::linkedlist' '--warn=clippy::let_underscore_untyped' '--warn=clippy::let_underscore_must_use' --warn=let_underscore_drop '--warn=clippy::large_types_passed_by_value' '--warn=clippy::large_stack_arrays' '--warn=clippy::large_include_file' '--warn=clippy::large_futures' '--warn=clippy::large_digit_groups' '--warn=clippy::iter_without_into_iter' '--warn=clippy::iter_not_returning_iterator' '--warn=clippy::iter_filter_is_some' '--warn=clippy::iter_filter_is_ok' '--warn=clippy::items_after_statements' '--warn=clippy::ip_constant' '--warn=clippy::invalid_upcast_comparisons' '--warn=clippy::into_iter_without_iter' '--warn=clippy::inline_always' '--warn=clippy::infinite_loop' '--warn=clippy::inefficient_to_string' '--warn=clippy::index_refutable_slice' '--warn=clippy::inconsistent_struct_constructor' '--warn=clippy::implicit_hasher' '--warn=clippy::implicit_clone' '--warn=clippy::ignored_unit_patterns' '--warn=clippy::ignore_without_reason' '--warn=clippy::if_then_some_else_none' '--warn=clippy::if_not_else' '--warn=clippy::host_endian_bytes' '--warn=clippy::get_unwrap' '--warn=clippy::from_iter_instead_of_collect' '--warn=clippy::format_push_string' '--warn=clippy::format_collect' '--warn=clippy::fn_to_numeric_cast_any' '--warn=clippy::fn_params_excessive_bools' '--warn=clippy::flat_map_option' '--warn=clippy::filter_map_next' '--warn=clippy::filetype_is_file' '--warn=clippy::field_scoped_visibility_modifiers' --warn=explicit_outlives_requirements '--warn=clippy::explicit_iter_loop' '--warn=clippy::explicit_into_iter_loop' '--warn=clippy::explicit_deref_methods' '--warn=clippy::expl_impl_clone_on_copy' '--warn=clippy::expect_used' '--warn=clippy::exit' '--warn=clippy::error_impl_error' '--warn=clippy::enum_glob_use' '--warn=clippy::empty_structs_with_brackets' '--warn=clippy::empty_enums' '--warn=clippy::empty_enum_variants_with_brackets' '--warn=clippy::empty_drop' --warn=elided_lifetimes_in_paths '--warn=clippy::elidable_lifetime_names' '--warn=clippy::doc_link_with_quotes' '--warn=clippy::doc_include_without_cfg' '--warn=clippy::doc_comment_double_space_linebreaks' '--warn=clippy::doc_broken_link' '--warn=clippy::disallowed_script_idents' '--warn=clippy::deref_by_slicing' '--warn=clippy::default_union_representation' '--warn=clippy::default_trait_access' '--warn=clippy::decimal_literal_representation' '--warn=clippy::dbg_macro' '--warn=clippy::create_dir' '--warn=clippy::copy_iterator' '--warn=clippy::comparison_chain' '--warn=clippy::cloned_instead_of_copied' '--warn=clippy::clone_on_ref_ptr' '--warn=clippy::checked_conversions' '--warn=clippy::cfg_not_test' '--warn=clippy::cast_sign_loss' '--warn=clippy::cast_ptr_alignment' '--warn=clippy::cast_precision_loss' '--warn=clippy::cast_possible_wrap' '--warn=clippy::cast_possible_truncation' '--warn=clippy::cast_lossless' '--warn=clippy::case_sensitive_file_extension_comparisons' '--warn=clippy::borrow_as_ptr' '--warn=clippy::bool_to_int_with_if' '--warn=clippy::assigning_clones' '--warn=clippy::assertions_on_result_states' '--warn=clippy::as_underscore' '--warn=clippy::as_pointer_underscore' '--warn=clippy::allow_attributes' --warn=absolute_paths_not_starting_with_crate --cfg 'feature="default"' --cfg 'feature="sep-0002"' --cfg 'feature="sep-0006"' --cfg 'feature="sparql-12"' --check-cfg 'cfg(docsrs,test)' --check-cfg 'cfg(feature, values("default", "sep-0002", "sep-0006", "sparql-12"))' -C metadata=55a95a3457aa30f1 -C extra-filename=-428a3a26ab233835 --out-dir /private/tmp/sparq-pr6049/.throughput-monitor/direct-5983/implementation/target/release/deps -C strip=debuginfo -L dependency=/private/tmp/sparq-pr6049/.throughput-monitor/direct-5983/implementation/target/release/deps --extern oxrdf=/private/tmp/sparq-pr6049/.throughput-monitor/direct-5983/implementation/target/release/deps/liboxrdf-a953fc3282e3d853.rmeta --extern rand=/private/tmp/sparq-pr6049/.throughput-monitor/direct-5983/implementation/target/release/deps/librand-5398fd28bd637609.rmeta --extern spargebra=/private/tmp/sparq-pr6049/.throughput-monitor/direct-5983/implementation/target/release/deps/libspargebra-f81f815394fff866.rmeta --cap-lints warn`
   Compiling sparesults v0.3.3
     Running `CARGO=/Users/jesght/.rustup/toolchains/1.97.1-aarch64-apple-darwin/bin/cargo CARGO_CRATE_NAME=sparesults CARGO_MANIFEST_DIR=/Users/jesght/.cargo/registry/src/index.crates.io-1949cf8c6b5b557f/sparesults-0.3.3 CARGO_MANIFEST_PATH=/Users/jesght/.cargo/registry/src/index.crates.io-1949cf8c6b5b557f/sparesults-0.3.3/Cargo.toml CARGO_PKG_AUTHORS='Tpt <thomas@pellissier-tanon.fr>' CARGO_PKG_DESCRIPTION='SPARQL query results formats parsers and serializers' CARGO_PKG_HOMEPAGE='' CARGO_PKG_LICENSE='MIT OR Apache-2.0' CARGO_PKG_LICENSE_FILE='' CARGO_PKG_NAME=sparesults CARGO_PKG_README=README.md CARGO_PKG_REPOSITORY='https://github.com/oxigraph/oxigraph/tree/main/lib/sparesults' CARGO_PKG_RUST_VERSION=1.87 CARGO_PKG_VERSION=0.3.3 CARGO_PKG_VERSION_MAJOR=0 CARGO_PKG_VERSION_MINOR=3 CARGO_PKG_VERSION_PATCH=3 CARGO_PKG_VERSION_PRE='' DYLD_FALLBACK_LIBRARY_PATH='/private/tmp/sparq-pr6049/.throughput-monitor/direct-5983/implementation/target/release/deps:/Users/jesght/lib:/usr/local/lib:/usr/lib' /Users/jesght/.rustup/toolchains/1.97.1-aarch64-apple-darwin/bin/rustc --crate-name sparesults --edition=2024 /Users/jesght/.cargo/registry/src/index.crates.io-1949cf8c6b5b557f/sparesults-0.3.3/src/lib.rs --error-format=json --json=diagnostic-rendered-ansi,artifacts,future-incompat --crate-type lib --emit=dep-info,metadata,link -C opt-level=3 -C embed-bitcode=no -C codegen-units=16 '--warn=clippy::zero_sized_map_values' '--warn=clippy::wildcard_dependencies' '--warn=clippy::verbose_file_reads' '--warn=clippy::verbose_bit_mask' '--warn=clippy::used_underscore_items' '--warn=clippy::used_underscore_binding' '--warn=clippy::use_debug' '--warn=clippy::unwrap_in_result' '--warn=clippy::unused_self' '--warn=clippy::unused_result_ok' --warn=unused_qualifications --warn=unused_macro_rules --warn=unused_lifetimes --warn=unused_import_braces '--warn=clippy::unused_async' '--warn=clippy::unseparated_literal_suffix' '--warn=clippy::unsafe_derive_deserialize' --warn=unsafe_code '--warn=clippy::unreadable_literal' '--warn=clippy::unnested_or_patterns' '--warn=clippy::unneeded_field_pattern' '--warn=clippy::unnecessary_wraps' '--warn=clippy::unnecessary_self_imports' '--warn=clippy::unnecessary_safety_doc' '--warn=clippy::unnecessary_safety_comment' '--warn=clippy::unnecessary_join' '--warn=clippy::unnecessary_box_returns' '--warn=clippy::uninlined_format_args' '--warn=clippy::unimplemented' '--warn=clippy::unicode_not_nfc' '--warn=clippy::undocumented_unsafe_blocks' '--warn=clippy::unchecked_time_subtraction' '--warn=clippy::try_err' '--warn=clippy::trivially_copy_pass_by_ref' --warn=trivial_numeric_casts --warn=trivial_casts '--warn=clippy::transmute_ptr_to_ptr' '--warn=clippy::todo' '--warn=clippy::tests_outside_test_module' '--warn=clippy::suspicious_xor_used_as_pow' '--warn=clippy::struct_field_names' '--warn=clippy::struct_excessive_bools' '--warn=clippy::string_lit_chars_any' '--warn=clippy::string_add_assign' '--warn=clippy::string_add' '--warn=clippy::str_to_string' '--warn=clippy::str_split_at_newline' '--warn=clippy::stable_sort_primitive' '--warn=clippy::single_match_else' '--warn=clippy::single_char_pattern' '--warn=clippy::should_panic_without_expect' '--warn=clippy::shadow_same' '--warn=clippy::semicolon_inside_block' '--warn=clippy::same_name_method' '--warn=clippy::same_functions_in_if_condition' '--warn=clippy::return_self_not_must_use' '--warn=clippy::rest_pat_in_fully_bound_structs' '--warn=clippy::renamed_function_params' '--warn=clippy::ref_patterns' '--warn=clippy::ref_option_ref' '--warn=clippy::ref_binding_to_reference' '--warn=clippy::ref_as_ptr' '--warn=clippy::redundant_type_annotations' '--warn=clippy::redundant_feature_names' '--warn=clippy::redundant_else' '--warn=clippy::redundant_closure_for_method_calls' '--warn=clippy::rc_mutex' '--warn=clippy::rc_buffer' '--warn=clippy::range_plus_one' '--warn=clippy::range_minus_one' '--warn=clippy::pub_without_shorthand' '--warn=clippy::pub_underscore_fields' '--warn=clippy::ptr_cast_constness' '--warn=clippy::ptr_as_ptr' '--warn=clippy::print_stdout' '--warn=clippy::print_stderr' '--warn=clippy::pathbuf_init_then_push' '--warn=clippy::partial_pub_fields' '--warn=clippy::panic_in_result_fn' '--warn=clippy::panic' '--warn=clippy::option_as_ref_cloned' '--warn=clippy::non_zero_suggestions' '--warn=clippy::non_ascii_literal' '--warn=clippy::no_mangle_with_rust_abi' '--warn=clippy::no_effect_underscore_binding' '--warn=clippy::negative_feature_names' '--warn=clippy::needless_raw_strings' '--warn=clippy::needless_raw_string_hashes' '--warn=clippy::needless_pass_by_value' '--warn=clippy::needless_for_each' '--warn=clippy::needless_continue' '--warn=clippy::needless_bitwise_bool' '--warn=clippy::naive_bytecount' '--warn=clippy::mutex_atomic' '--warn=clippy::mut_mut' '--warn=clippy::multiple_inherent_impl' '--warn=clippy::missing_fields_in_debug' '--warn=clippy::missing_asserts_for_indexing' '--warn=clippy::missing_assert_message' '--warn=clippy::mismatching_type_param_order' '--warn=clippy::mem_forget' '--warn=clippy::maybe_infinite_iter' '--warn=clippy::match_wildcard_for_single_variants' '--warn=clippy::match_wild_err_arm' '--warn=clippy::match_same_arms' '--warn=clippy::match_bool' '--warn=clippy::map_unwrap_or' '--warn=clippy::many_single_char_names' '--warn=clippy::manual_string_new' '--warn=clippy::manual_ok_or' '--warn=clippy::manual_let_else' '--warn=clippy::manual_is_variant_and' '--warn=clippy::manual_instant_elapsed' '--warn=clippy::manual_assert' '--warn=clippy::macro_use_imports' --warn=macro_use_extern_crate '--warn=clippy::lossy_float_literal' '--warn=clippy::linkedlist' '--warn=clippy::let_underscore_untyped' '--warn=clippy::let_underscore_must_use' --warn=let_underscore_drop '--warn=clippy::large_types_passed_by_value' '--warn=clippy::large_stack_arrays' '--warn=clippy::large_include_file' '--warn=clippy::large_futures' '--warn=clippy::large_digit_groups' '--warn=clippy::iter_without_into_iter' '--warn=clippy::iter_not_returning_iterator' '--warn=clippy::iter_filter_is_some' '--warn=clippy::iter_filter_is_ok' '--warn=clippy::items_after_statements' '--warn=clippy::invalid_upcast_comparisons' '--warn=clippy::into_iter_without_iter' '--warn=clippy::inline_asm_x86_intel_syntax' '--warn=clippy::inline_asm_x86_att_syntax' '--warn=clippy::inline_always' '--warn=clippy::infinite_loop' '--warn=clippy::inefficient_to_string' '--warn=clippy::index_refutable_slice' '--warn=clippy::inconsistent_struct_constructor' '--warn=clippy::implicit_hasher' '--warn=clippy::implicit_clone' '--warn=clippy::ignored_unit_patterns' '--warn=clippy::if_then_some_else_none' '--warn=clippy::if_not_else' '--warn=clippy::host_endian_bytes' '--warn=clippy::get_unwrap' '--warn=clippy::from_iter_instead_of_collect' '--warn=clippy::format_push_string' '--warn=clippy::fn_to_numeric_cast_any' '--warn=clippy::fn_params_excessive_bools' '--warn=clippy::flat_map_option' '--warn=clippy::filter_map_next' '--warn=clippy::filetype_is_file' '--warn=clippy::field_scoped_visibility_modifiers' --warn=explicit_outlives_requirements '--warn=clippy::explicit_iter_loop' '--warn=clippy::explicit_into_iter_loop' '--warn=clippy::explicit_deref_methods' '--warn=clippy::expl_impl_clone_on_copy' '--warn=clippy::expect_used' '--warn=clippy::exit' '--warn=clippy::error_impl_error' '--warn=clippy::enum_glob_use' '--warn=clippy::empty_structs_with_brackets' '--warn=clippy::empty_enums' '--warn=clippy::empty_enum_variants_with_brackets' '--warn=clippy::empty_drop' --warn=elided_lifetimes_in_paths '--warn=clippy::doc_link_with_quotes' '--warn=clippy::disallowed_script_idents' '--warn=clippy::deref_by_slicing' '--warn=clippy::default_union_representation' '--warn=clippy::default_trait_access' '--warn=clippy::decimal_literal_representation' '--warn=clippy::dbg_macro' '--warn=clippy::create_dir' '--warn=clippy::copy_iterator' '--warn=clippy::cloned_instead_of_copied' '--warn=clippy::clone_on_ref_ptr' '--warn=clippy::checked_conversions' '--warn=clippy::cfg_not_test' '--warn=clippy::cast_sign_loss' '--warn=clippy::cast_ptr_alignment' '--warn=clippy::cast_precision_loss' '--warn=clippy::cast_possible_wrap' '--warn=clippy::cast_possible_truncation' '--warn=clippy::cast_lossless' '--warn=clippy::case_sensitive_file_extension_comparisons' '--warn=clippy::borrow_as_ptr' '--warn=clippy::bool_to_int_with_if' '--warn=clippy::assigning_clones' '--warn=clippy::assertions_on_result_states' '--warn=clippy::as_underscore' '--warn=clippy::allow_attributes' --warn=absolute_paths_not_starting_with_crate --cfg 'feature="default"' --cfg 'feature="sparql-12"' --check-cfg 'cfg(docsrs,test)' --check-cfg 'cfg(feature, values("async-tokio", "default", "sparql-12"))' -C metadata=78262ca7e46f1044 -C extra-filename=-c186246b8b291dfb --out-dir /private/tmp/sparq-pr6049/.throughput-monitor/direct-5983/implementation/target/release/deps -C strip=debuginfo -L dependency=/private/tmp/sparq-pr6049/.throughput-monitor/direct-5983/implementation/target/release/deps --extern json_event_parser=/private/tmp/sparq-pr6049/.throughput-monitor/direct-5983/implementation/target/release/deps/libjson_event_parser-3bb6b55a13916242.rmeta --extern memchr=/private/tmp/sparq-pr6049/.throughput-monitor/direct-5983/implementation/target/release/deps/libmemchr-f73f6714e13773b7.rmeta --extern oxrdf=/private/tmp/sparq-pr6049/.throughput-monitor/direct-5983/implementation/target/release/deps/liboxrdf-a953fc3282e3d853.rmeta --extern quick_xml=/private/tmp/sparq-pr6049/.throughput-monitor/direct-5983/implementation/target/release/deps/libquick_xml-7bd4bd7fb62cb9bf.rmeta --extern thiserror=/private/tmp/sparq-pr6049/.throughput-monitor/direct-5983/implementation/target/release/deps/libthiserror-02ad4ed01d310d06.rmeta --cap-lints warn`
   Compiling oxrdfxml v0.2.3
     Running `CARGO=/Users/jesght/.rustup/toolchains/1.97.1-aarch64-apple-darwin/bin/cargo CARGO_CRATE_NAME=oxrdfxml CARGO_MANIFEST_DIR=/Users/jesght/.cargo/registry/src/index.crates.io-1949cf8c6b5b557f/oxrdfxml-0.2.3 CARGO_MANIFEST_PATH=/Users/jesght/.cargo/registry/src/index.crates.io-1949cf8c6b5b557f/oxrdfxml-0.2.3/Cargo.toml CARGO_PKG_AUTHORS='Tpt <thomas@pellissier-tanon.fr>' CARGO_PKG_DESCRIPTION='Parser and serializer for the RDF/XML format' CARGO_PKG_HOMEPAGE='' CARGO_PKG_LICENSE='MIT OR Apache-2.0' CARGO_PKG_LICENSE_FILE='' CARGO_PKG_NAME=oxrdfxml CARGO_PKG_README=README.md CARGO_PKG_REPOSITORY='https://github.com/oxigraph/oxigraph/tree/master/lib/oxrdfxml' CARGO_PKG_RUST_VERSION=1.87 CARGO_PKG_VERSION=0.2.3 CARGO_PKG_VERSION_MAJOR=0 CARGO_PKG_VERSION_MINOR=2 CARGO_PKG_VERSION_PATCH=3 CARGO_PKG_VERSION_PRE='' DYLD_FALLBACK_LIBRARY_PATH='/private/tmp/sparq-pr6049/.throughput-monitor/direct-5983/implementation/target/release/deps:/Users/jesght/lib:/usr/local/lib:/usr/lib' /Users/jesght/.rustup/toolchains/1.97.1-aarch64-apple-darwin/bin/rustc --crate-name oxrdfxml --edition=2024 /Users/jesght/.cargo/registry/src/index.crates.io-1949cf8c6b5b557f/oxrdfxml-0.2.3/src/lib.rs --error-format=json --json=diagnostic-rendered-ansi,artifacts,future-incompat --crate-type lib --emit=dep-info,metadata,link -C opt-level=3 -C embed-bitcode=no -C codegen-units=16 '--warn=clippy::zero_sized_map_values' '--warn=clippy::wildcard_dependencies' '--warn=clippy::verbose_file_reads' '--warn=clippy::verbose_bit_mask' '--warn=clippy::used_underscore_items' '--warn=clippy::used_underscore_binding' '--warn=clippy::use_debug' '--warn=clippy::unwrap_in_result' '--warn=clippy::unused_self' '--warn=clippy::unused_result_ok' --warn=unused_qualifications --warn=unused_macro_rules --warn=unused_lifetimes --warn=unused_import_braces '--warn=clippy::unused_async' '--warn=clippy::unseparated_literal_suffix' '--warn=clippy::unsafe_derive_deserialize' --warn=unsafe_code '--warn=clippy::unreadable_literal' '--warn=clippy::unnested_or_patterns' '--warn=clippy::unneeded_field_pattern' '--warn=clippy::unnecessary_wraps' '--warn=clippy::unnecessary_self_imports' '--warn=clippy::unnecessary_safety_doc' '--warn=clippy::unnecessary_safety_comment' '--warn=clippy::unnecessary_join' '--warn=clippy::unnecessary_box_returns' '--warn=clippy::uninlined_format_args' '--warn=clippy::unimplemented' '--warn=clippy::unicode_not_nfc' '--warn=clippy::undocumented_unsafe_blocks' '--warn=clippy::unchecked_time_subtraction' '--warn=clippy::try_err' '--warn=clippy::trivially_copy_pass_by_ref' --warn=trivial_numeric_casts --warn=trivial_casts '--warn=clippy::transmute_ptr_to_ptr' '--warn=clippy::todo' '--warn=clippy::tests_outside_test_module' '--warn=clippy::suspicious_xor_used_as_pow' '--warn=clippy::struct_field_names' '--warn=clippy::struct_excessive_bools' '--warn=clippy::string_lit_chars_any' '--warn=clippy::string_add_assign' '--warn=clippy::string_add' '--warn=clippy::str_to_string' '--warn=clippy::str_split_at_newline' '--warn=clippy::stable_sort_primitive' '--warn=clippy::single_match_else' '--warn=clippy::single_char_pattern' '--warn=clippy::should_panic_without_expect' '--warn=clippy::shadow_same' '--warn=clippy::semicolon_inside_block' '--warn=clippy::same_name_method' '--warn=clippy::same_functions_in_if_condition' '--warn=clippy::return_self_not_must_use' '--warn=clippy::rest_pat_in_fully_bound_structs' '--warn=clippy::renamed_function_params' '--warn=clippy::ref_patterns' '--warn=clippy::ref_option_ref' '--warn=clippy::ref_binding_to_reference' '--warn=clippy::ref_as_ptr' '--warn=clippy::redundant_type_annotations' '--warn=clippy::redundant_feature_names' '--warn=clippy::redundant_else' '--warn=clippy::redundant_closure_for_method_calls' '--warn=clippy::rc_mutex' '--warn=clippy::rc_buffer' '--warn=clippy::range_plus_one' '--warn=clippy::range_minus_one' '--warn=clippy::pub_without_shorthand' '--warn=clippy::pub_underscore_fields' '--warn=clippy::ptr_cast_constness' '--warn=clippy::ptr_as_ptr' '--warn=clippy::print_stdout' '--warn=clippy::print_stderr' '--warn=clippy::pathbuf_init_then_push' '--warn=clippy::partial_pub_fields' '--warn=clippy::panic_in_result_fn' '--warn=clippy::panic' '--warn=clippy::option_as_ref_cloned' '--warn=clippy::non_zero_suggestions' '--warn=clippy::non_ascii_literal' '--warn=clippy::no_mangle_with_rust_abi' '--warn=clippy::no_effect_underscore_binding' '--warn=clippy::negative_feature_names' '--warn=clippy::needless_raw_strings' '--warn=clippy::needless_raw_string_hashes' '--warn=clippy::needless_pass_by_value' '--warn=clippy::needless_for_each' '--warn=clippy::needless_continue' '--warn=clippy::needless_bitwise_bool' '--warn=clippy::naive_bytecount' '--warn=clippy::mutex_atomic' '--warn=clippy::mut_mut' '--warn=clippy::multiple_inherent_impl' '--warn=clippy::missing_fields_in_debug' '--warn=clippy::missing_asserts_for_indexing' '--warn=clippy::missing_assert_message' '--warn=clippy::mismatching_type_param_order' '--warn=clippy::mem_forget' '--warn=clippy::maybe_infinite_iter' '--warn=clippy::match_wildcard_for_single_variants' '--warn=clippy::match_wild_err_arm' '--warn=clippy::match_same_arms' '--warn=clippy::match_bool' '--warn=clippy::map_unwrap_or' '--warn=clippy::many_single_char_names' '--warn=clippy::manual_string_new' '--warn=clippy::manual_ok_or' '--warn=clippy::manual_let_else' '--warn=clippy::manual_is_variant_and' '--warn=clippy::manual_instant_elapsed' '--warn=clippy::manual_assert' '--warn=clippy::macro_use_imports' --warn=macro_use_extern_crate '--warn=clippy::lossy_float_literal' '--warn=clippy::linkedlist' '--warn=clippy::let_underscore_untyped' '--warn=clippy::let_underscore_must_use' --warn=let_underscore_drop '--warn=clippy::large_types_passed_by_value' '--warn=clippy::large_stack_arrays' '--warn=clippy::large_include_file' '--warn=clippy::large_futures' '--warn=clippy::large_digit_groups' '--warn=clippy::iter_without_into_iter' '--warn=clippy::iter_not_returning_iterator' '--warn=clippy::iter_filter_is_some' '--warn=clippy::iter_filter_is_ok' '--warn=clippy::items_after_statements' '--warn=clippy::invalid_upcast_comparisons' '--warn=clippy::into_iter_without_iter' '--warn=clippy::inline_asm_x86_intel_syntax' '--warn=clippy::inline_asm_x86_att_syntax' '--warn=clippy::inline_always' '--warn=clippy::infinite_loop' '--warn=clippy::inefficient_to_string' '--warn=clippy::index_refutable_slice' '--warn=clippy::inconsistent_struct_constructor' '--warn=clippy::implicit_hasher' '--warn=clippy::implicit_clone' '--warn=clippy::ignored_unit_patterns' '--warn=clippy::if_then_some_else_none' '--warn=clippy::if_not_else' '--warn=clippy::host_endian_bytes' '--warn=clippy::get_unwrap' '--warn=clippy::from_iter_instead_of_collect' '--warn=clippy::format_push_string' '--warn=clippy::fn_to_numeric_cast_any' '--warn=clippy::fn_params_excessive_bools' '--warn=clippy::flat_map_option' '--warn=clippy::filter_map_next' '--warn=clippy::filetype_is_file' '--warn=clippy::field_scoped_visibility_modifiers' --warn=explicit_outlives_requirements '--warn=clippy::explicit_iter_loop' '--warn=clippy::explicit_into_iter_loop' '--warn=clippy::explicit_deref_methods' '--warn=clippy::expl_impl_clone_on_copy' '--warn=clippy::expect_used' '--warn=clippy::exit' '--warn=clippy::error_impl_error' '--warn=clippy::enum_glob_use' '--warn=clippy::empty_structs_with_brackets' '--warn=clippy::empty_enums' '--warn=clippy::empty_enum_variants_with_brackets' '--warn=clippy::empty_drop' --warn=elided_lifetimes_in_paths '--warn=clippy::doc_link_with_quotes' '--warn=clippy::disallowed_script_idents' '--warn=clippy::deref_by_slicing' '--warn=clippy::default_union_representation' '--warn=clippy::default_trait_access' '--warn=clippy::decimal_literal_representation' '--warn=clippy::dbg_macro' '--warn=clippy::create_dir' '--warn=clippy::copy_iterator' '--warn=clippy::cloned_instead_of_copied' '--warn=clippy::clone_on_ref_ptr' '--warn=clippy::checked_conversions' '--warn=clippy::cfg_not_test' '--warn=clippy::cast_sign_loss' '--warn=clippy::cast_ptr_alignment' '--warn=clippy::cast_precision_loss' '--warn=clippy::cast_possible_wrap' '--warn=clippy::cast_possible_truncation' '--warn=clippy::cast_lossless' '--warn=clippy::case_sensitive_file_extension_comparisons' '--warn=clippy::borrow_as_ptr' '--warn=clippy::bool_to_int_with_if' '--warn=clippy::assigning_clones' '--warn=clippy::assertions_on_result_states' '--warn=clippy::as_underscore' '--warn=clippy::allow_attributes' --warn=absolute_paths_not_starting_with_crate --cfg 'feature="default"' --cfg 'feature="rdf-12"' --check-cfg 'cfg(docsrs,test)' --check-cfg 'cfg(feature, values("async-tokio", "default", "rdf-12"))' -C metadata=176ae63408c67e75 -C extra-filename=-840eecc1ce2bb3ca --out-dir /private/tmp/sparq-pr6049/.throughput-monitor/direct-5983/implementation/target/release/deps -C strip=debuginfo -L dependency=/private/tmp/sparq-pr6049/.throughput-monitor/direct-5983/implementation/target/release/deps --extern oxilangtag=/private/tmp/sparq-pr6049/.throughput-monitor/direct-5983/implementation/target/release/deps/liboxilangtag-2fbab9b59ca20201.rmeta --extern oxiri=/private/tmp/sparq-pr6049/.throughput-monitor/direct-5983/implementation/target/release/deps/liboxiri-256fcb858fdf74ff.rmeta --extern oxrdf=/private/tmp/sparq-pr6049/.throughput-monitor/direct-5983/implementation/target/release/deps/liboxrdf-a953fc3282e3d853.rmeta --extern quick_xml=/private/tmp/sparq-pr6049/.throughput-monitor/direct-5983/implementation/target/release/deps/libquick_xml-7bd4bd7fb62cb9bf.rmeta --extern thiserror=/private/tmp/sparq-pr6049/.throughput-monitor/direct-5983/implementation/target/release/deps/libthiserror-02ad4ed01d310d06.rmeta --cap-lints warn`
   Compiling itertools v0.14.0
     Running `CARGO=/Users/jesght/.rustup/toolchains/1.97.1-aarch64-apple-darwin/bin/cargo CARGO_CRATE_NAME=itertools CARGO_MANIFEST_DIR=/Users/jesght/.cargo/registry/src/index.crates.io-1949cf8c6b5b557f/itertools-0.14.0 CARGO_MANIFEST_PATH=/Users/jesght/.cargo/registry/src/index.crates.io-1949cf8c6b5b557f/itertools-0.14.0/Cargo.toml CARGO_PKG_AUTHORS=bluss CARGO_PKG_DESCRIPTION='Extra iterator adaptors, iterator methods, free functions, and macros.' CARGO_PKG_HOMEPAGE='' CARGO_PKG_LICENSE='MIT OR Apache-2.0' CARGO_PKG_LICENSE_FILE='' CARGO_PKG_NAME=itertools CARGO_PKG_README=README.md CARGO_PKG_REPOSITORY='https://github.com/rust-itertools/itertools' CARGO_PKG_RUST_VERSION=1.63.0 CARGO_PKG_VERSION=0.14.0 CARGO_PKG_VERSION_MAJOR=0 CARGO_PKG_VERSION_MINOR=14 CARGO_PKG_VERSION_PATCH=0 CARGO_PKG_VERSION_PRE='' DYLD_FALLBACK_LIBRARY_PATH='/private/tmp/sparq-pr6049/.throughput-monitor/direct-5983/implementation/target/release/deps:/Users/jesght/lib:/usr/local/lib:/usr/lib' /Users/jesght/.rustup/toolchains/1.97.1-aarch64-apple-darwin/bin/rustc --crate-name itertools --edition=2018 /Users/jesght/.cargo/registry/src/index.crates.io-1949cf8c6b5b557f/itertools-0.14.0/src/lib.rs --error-format=json --json=diagnostic-rendered-ansi,artifacts,future-incompat --crate-type lib --emit=dep-info,metadata,link -C opt-level=3 -C embed-bitcode=no -C codegen-units=16 --cfg 'feature="default"' --cfg 'feature="use_alloc"' --cfg 'feature="use_std"' --check-cfg 'cfg(docsrs,test)' --check-cfg 'cfg(feature, values("default", "use_alloc", "use_std"))' -C metadata=c95a877c1cce3b97 -C extra-filename=-7076e7f211c7e3e2 --out-dir /private/tmp/sparq-pr6049/.throughput-monitor/direct-5983/implementation/target/release/deps -C strip=debuginfo -L dependency=/private/tmp/sparq-pr6049/.throughput-monitor/direct-5983/implementation/target/release/deps --extern either=/private/tmp/sparq-pr6049/.throughput-monitor/direct-5983/implementation/target/release/deps/libeither-03faa9a8d97398aa.rmeta --cap-lints warn`
warning: hiding a lifetime that's elided elsewhere is confusing
    --> /Users/jesght/.cargo/registry/src/index.crates.io-1949cf8c6b5b557f/itertools-0.14.0/src/lib.rs:1506:30
     |
1506 |     fn peeking_take_while<F>(&mut self, accept: F) -> PeekingTakeWhile<Self, F>
     |                              ^^^^^^^^^                ^^^^^^^^^^^^^^^^^^^^^^^^^ the same lifetime is hidden here
     |                              |
     |                              the lifetime is elided here
     |
     = help: the same lifetime is referred to in inconsistent ways, making the signature confusing
     = note: `#[warn(mismatched_lifetime_syntaxes)]` on by default
help: use `'_` for type paths
     |
1506 |     fn peeking_take_while<F>(&mut self, accept: F) -> PeekingTakeWhile<'_, Self, F>
     |                                                                        +++

warning: hiding a lifetime that's elided elsewhere is confusing
    --> /Users/jesght/.cargo/registry/src/index.crates.io-1949cf8c6b5b557f/itertools-0.14.0/src/lib.rs:1532:26
     |
1532 |     fn take_while_ref<F>(&mut self, accept: F) -> TakeWhileRef<Self, F>
     |                          ^^^^^^^^^                ^^^^^^^^^^^^^^^^^^^^^ the same lifetime is hidden here
     |                          |
     |                          the lifetime is elided here
     |
     = help: the same lifetime is referred to in inconsistent ways, making the signature confusing
help: use `'_` for type paths
     |
1532 |     fn take_while_ref<F>(&mut self, accept: F) -> TakeWhileRef<'_, Self, F>
     |                                                                +++

warning: hiding a lifetime that's elided elsewhere is confusing
    --> /Users/jesght/.cargo/registry/src/index.crates.io-1949cf8c6b5b557f/itertools-0.14.0/src/lib.rs:2459:26
     |
2459 |     fn format(self, sep: &str) -> Format<Self>
     |                          ^^^^     ^^^^^^^^^^^^ the same lifetime is hidden here
     |                          |
     |                          the lifetime is elided here
     |
     = help: the same lifetime is referred to in inconsistent ways, making the signature confusing
help: use `'_` for type paths
     |
2459 |     fn format(self, sep: &str) -> Format<'_, Self>
     |                                          +++

warning: hiding a lifetime that's elided elsewhere is confusing
    --> /Users/jesght/.cargo/registry/src/index.crates.io-1949cf8c6b5b557f/itertools-0.14.0/src/lib.rs:2498:34
     |
2498 |     fn format_with<F>(self, sep: &str, format: F) -> FormatWith<Self, F>
     |                                  ^^^^                ^^^^^^^^^^^^^^^^^^^ the same lifetime is hidden here
     |                                  |
     |                                  the lifetime is elided here
     |
     = help: the same lifetime is referred to in inconsistent ways, making the signature confusing
help: use `'_` for type paths
     |
2498 |     fn format_with<F>(self, sep: &str, format: F) -> FormatWith<'_, Self, F>
     |                                                                 +++

warning: hiding a lifetime that's elided elsewhere is confusing
   --> /Users/jesght/.cargo/registry/src/index.crates.io-1949cf8c6b5b557f/itertools-0.14.0/src/adaptors/mod.rs:526:35
    |
526 | pub fn take_while_ref<I, F>(iter: &mut I, f: F) -> TakeWhileRef<I, F>
    |                                   ^^^^^^           ^^^^^^^^^^^^^^^^^^ the same lifetime is hidden here
    |                                   |
    |                                   the lifetime is elided here
    |
    = help: the same lifetime is referred to in inconsistent ways, making the signature confusing
help: use `'_` for type paths
    |
526 | pub fn take_while_ref<I, F>(iter: &mut I, f: F) -> TakeWhileRef<'_, I, F>
    |                                                                 +++

warning: hiding a lifetime that's elided elsewhere is confusing
   --> /Users/jesght/.cargo/registry/src/index.crates.io-1949cf8c6b5b557f/itertools-0.14.0/src/peeking_take_while.rs:129:39
    |
129 | pub fn peeking_take_while<I, F>(iter: &mut I, f: F) -> PeekingTakeWhile<I, F>
    |                                       ^^^^^^           ^^^^^^^^^^^^^^^^^^^^^^ the same lifetime is hidden here
    |                                       |
    |                                       the lifetime is elided here
    |
    = help: the same lifetime is referred to in inconsistent ways, making the signature confusing
help: use `'_` for type paths
    |
129 | pub fn peeking_take_while<I, F>(iter: &mut I, f: F) -> PeekingTakeWhile<'_, I, F>
    |                                                                         +++

warning: `itertools` (lib) generated 6 warnings
   Compiling sha1 v0.10.6
     Running `CARGO=/Users/jesght/.rustup/toolchains/1.97.1-aarch64-apple-darwin/bin/cargo CARGO_CRATE_NAME=sha1 CARGO_MANIFEST_DIR=/Users/jesght/.cargo/registry/src/index.crates.io-1949cf8c6b5b557f/sha1-0.10.6 CARGO_MANIFEST_PATH=/Users/jesght/.cargo/registry/src/index.crates.io-1949cf8c6b5b557f/sha1-0.10.6/Cargo.toml CARGO_PKG_AUTHORS='RustCrypto Developers' CARGO_PKG_DESCRIPTION='SHA-1 hash function' CARGO_PKG_HOMEPAGE='' CARGO_PKG_LICENSE='MIT OR Apache-2.0' CARGO_PKG_LICENSE_FILE='' CARGO_PKG_NAME=sha1 CARGO_PKG_README=README.md CARGO_PKG_REPOSITORY='https://github.com/RustCrypto/hashes' CARGO_PKG_RUST_VERSION='' CARGO_PKG_VERSION=0.10.6 CARGO_PKG_VERSION_MAJOR=0 CARGO_PKG_VERSION_MINOR=10 CARGO_PKG_VERSION_PATCH=6 CARGO_PKG_VERSION_PRE='' DYLD_FALLBACK_LIBRARY_PATH='/private/tmp/sparq-pr6049/.throughput-monitor/direct-5983/implementation/target/release/deps:/Users/jesght/lib:/usr/local/lib:/usr/lib' /Users/jesght/.rustup/toolchains/1.97.1-aarch64-apple-darwin/bin/rustc --crate-name sha1 --edition=2018 /Users/jesght/.cargo/registry/src/index.crates.io-1949cf8c6b5b557f/sha1-0.10.6/src/lib.rs --error-format=json --json=diagnostic-rendered-ansi,artifacts,future-incompat --crate-type lib --emit=dep-info,metadata,link -C opt-level=3 -C embed-bitcode=no -C codegen-units=16 --cfg 'feature="default"' --cfg 'feature="std"' --check-cfg 'cfg(docsrs,test)' --check-cfg 'cfg(feature, values("asm", "compress", "default", "force-soft", "loongarch64_asm", "oid", "sha1-asm", "std"))' -C metadata=d83dee8f35d134b9 -C extra-filename=-ba173178cfee9596 --out-dir /private/tmp/sparq-pr6049/.throughput-monitor/direct-5983/implementation/target/release/deps -C strip=debuginfo -L dependency=/private/tmp/sparq-pr6049/.throughput-monitor/direct-5983/implementation/target/release/deps --extern cfg_if=/private/tmp/sparq-pr6049/.throughput-monitor/direct-5983/implementation/target/release/deps/libcfg_if-1c9514be1a7b509d.rmeta --extern cpufeatures=/private/tmp/sparq-pr6049/.throughput-monitor/direct-5983/implementation/target/release/deps/libcpufeatures-57675a6f78d8979a.rmeta --extern digest=/private/tmp/sparq-pr6049/.throughput-monitor/direct-5983/implementation/target/release/deps/libdigest-fa7fd8c8019c71c5.rmeta --cap-lints warn`
   Compiling md-5 v0.10.6
     Running `CARGO=/Users/jesght/.rustup/toolchains/1.97.1-aarch64-apple-darwin/bin/cargo CARGO_CRATE_NAME=md5 CARGO_MANIFEST_DIR=/Users/jesght/.cargo/registry/src/index.crates.io-1949cf8c6b5b557f/md-5-0.10.6 CARGO_MANIFEST_PATH=/Users/jesght/.cargo/registry/src/index.crates.io-1949cf8c6b5b557f/md-5-0.10.6/Cargo.toml CARGO_PKG_AUTHORS='RustCrypto Developers' CARGO_PKG_DESCRIPTION='MD5 hash function' CARGO_PKG_HOMEPAGE='' CARGO_PKG_LICENSE='MIT OR Apache-2.0' CARGO_PKG_LICENSE_FILE='' CARGO_PKG_NAME=md-5 CARGO_PKG_README=README.md CARGO_PKG_REPOSITORY='https://github.com/RustCrypto/hashes' CARGO_PKG_RUST_VERSION='' CARGO_PKG_VERSION=0.10.6 CARGO_PKG_VERSION_MAJOR=0 CARGO_PKG_VERSION_MINOR=10 CARGO_PKG_VERSION_PATCH=6 CARGO_PKG_VERSION_PRE='' DYLD_FALLBACK_LIBRARY_PATH='/private/tmp/sparq-pr6049/.throughput-monitor/direct-5983/implementation/target/release/deps:/Users/jesght/lib:/usr/local/lib:/usr/lib' /Users/jesght/.rustup/toolchains/1.97.1-aarch64-apple-darwin/bin/rustc --crate-name md5 --edition=2018 /Users/jesght/.cargo/registry/src/index.crates.io-1949cf8c6b5b557f/md-5-0.10.6/src/lib.rs --error-format=json --json=diagnostic-rendered-ansi,artifacts,future-incompat --crate-type lib --emit=dep-info,metadata,link -C opt-level=3 -C embed-bitcode=no -C codegen-units=16 --cfg 'feature="default"' --cfg 'feature="std"' --check-cfg 'cfg(docsrs,test)' --check-cfg 'cfg(feature, values("asm", "default", "force-soft", "loongarch64_asm", "md5-asm", "oid", "std"))' -C metadata=e9aa69de6fe0f7c5 -C extra-filename=-bb6f9471f51102c9 --out-dir /private/tmp/sparq-pr6049/.throughput-monitor/direct-5983/implementation/target/release/deps -C strip=debuginfo -L dependency=/private/tmp/sparq-pr6049/.throughput-monitor/direct-5983/implementation/target/release/deps --extern cfg_if=/private/tmp/sparq-pr6049/.throughput-monitor/direct-5983/implementation/target/release/deps/libcfg_if-1c9514be1a7b509d.rmeta --extern digest=/private/tmp/sparq-pr6049/.throughput-monitor/direct-5983/implementation/target/release/deps/libdigest-fa7fd8c8019c71c5.rmeta --cap-lints warn`
   Compiling base16ct v0.2.0
     Running `CARGO=/Users/jesght/.rustup/toolchains/1.97.1-aarch64-apple-darwin/bin/cargo CARGO_CRATE_NAME=base16ct CARGO_MANIFEST_DIR=/Users/jesght/.cargo/registry/src/index.crates.io-1949cf8c6b5b557f/base16ct-0.2.0 CARGO_MANIFEST_PATH=/Users/jesght/.cargo/registry/src/index.crates.io-1949cf8c6b5b557f/base16ct-0.2.0/Cargo.toml CARGO_PKG_AUTHORS='RustCrypto Developers' CARGO_PKG_DESCRIPTION='Pure Rust implementation of Base16 a.k.a hexadecimal (RFC 4648) which avoids
any usages of data-dependent branches/LUTs and thereby provides portable
"best effort" constant-time operation and embedded-friendly no_std support
' CARGO_PKG_HOMEPAGE='' CARGO_PKG_LICENSE='Apache-2.0 OR MIT' CARGO_PKG_LICENSE_FILE='' CARGO_PKG_NAME=base16ct CARGO_PKG_README=README.md CARGO_PKG_REPOSITORY='https://github.com/RustCrypto/formats/tree/master/base16ct' CARGO_PKG_RUST_VERSION=1.60 CARGO_PKG_VERSION=0.2.0 CARGO_PKG_VERSION_MAJOR=0 CARGO_PKG_VERSION_MINOR=2 CARGO_PKG_VERSION_PATCH=0 CARGO_PKG_VERSION_PRE='' DYLD_FALLBACK_LIBRARY_PATH='/private/tmp/sparq-pr6049/.throughput-monitor/direct-5983/implementation/target/release/deps:/Users/jesght/lib:/usr/local/lib:/usr/lib' /Users/jesght/.rustup/toolchains/1.97.1-aarch64-apple-darwin/bin/rustc --crate-name base16ct --edition=2021 /Users/jesght/.cargo/registry/src/index.crates.io-1949cf8c6b5b557f/base16ct-0.2.0/src/lib.rs --error-format=json --json=diagnostic-rendered-ansi,artifacts,future-incompat --crate-type lib --emit=dep-info,metadata,link -C opt-level=3 -C embed-bitcode=no -C codegen-units=16 --cfg 'feature="alloc"' --check-cfg 'cfg(docsrs,test)' --check-cfg 'cfg(feature, values("alloc", "std"))' -C metadata=cbb31a2686f1f2e0 -C extra-filename=-1c2e98f9ebed7846 --out-dir /private/tmp/sparq-pr6049/.throughput-monitor/direct-5983/implementation/target/release/deps -C strip=debuginfo -L dependency=/private/tmp/sparq-pr6049/.throughput-monitor/direct-5983/implementation/target/release/deps --cap-lints warn`
warning: unnecessary qualification
  --> /Users/jesght/.cargo/registry/src/index.crates.io-1949cf8c6b5b557f/base16ct-0.2.0/src/upper.rs:49:14
   |
49 |     unsafe { crate::String::from_utf8_unchecked(dst) }
   |              ^^^^^^^^^^^^^^^^^^^^^^^^^^^^^^^^^^
   |
note: the lint level is defined here
  --> /Users/jesght/.cargo/registry/src/index.crates.io-1949cf8c6b5b557f/base16ct-0.2.0/src/lib.rs:13:5
   |
13 |     unused_qualifications
   |     ^^^^^^^^^^^^^^^^^^^^^
help: remove the unnecessary path segments
   |
49 -     unsafe { crate::String::from_utf8_unchecked(dst) }
49 +     unsafe { String::from_utf8_unchecked(dst) }
   |

warning: unnecessary qualification
  --> /Users/jesght/.cargo/registry/src/index.crates.io-1949cf8c6b5b557f/base16ct-0.2.0/src/error.rs:28:22
   |
28 | impl From<Error> for core::fmt::Error {
   |                      ^^^^^^^^^^^^^^^^
   |
help: remove the unnecessary path segments
   |
28 - impl From<Error> for core::fmt::Error {
28 + impl From<Error> for fmt::Error {
   |

warning: unnecessary qualification
  --> /Users/jesght/.cargo/registry/src/index.crates.io-1949cf8c6b5b557f/base16ct-0.2.0/src/error.rs:29:26
   |
29 |     fn from(_: Error) -> core::fmt::Error {
   |                          ^^^^^^^^^^^^^^^^
   |
help: remove the unnecessary path segments
   |
29 -     fn from(_: Error) -> core::fmt::Error {
29 +     fn from(_: Error) -> fmt::Error {
   |

warning: unnecessary qualification
  --> /Users/jesght/.cargo/registry/src/index.crates.io-1949cf8c6b5b557f/base16ct-0.2.0/src/error.rs:30:9
   |
30 |         core::fmt::Error::default()
   |         ^^^^^^^^^^^^^^^^^^^^^^^^^
   |
help: remove the unnecessary path segments
   |
30 -         core::fmt::Error::default()
30 +         fmt::Error::default()
   |

warning: `base16ct` (lib) generated 4 warnings
       Fresh hashbrown v0.14.5
       Fresh dashmap v6.2.1
   Compiling rdf-canon v0.15.3
     Running `CARGO=/Users/jesght/.rustup/toolchains/1.97.1-aarch64-apple-darwin/bin/cargo CARGO_CRATE_NAME=rdf_canon CARGO_MANIFEST_DIR=/Users/jesght/.cargo/registry/src/index.crates.io-1949cf8c6b5b557f/rdf-canon-0.15.3 CARGO_MANIFEST_PATH=/Users/jesght/.cargo/registry/src/index.crates.io-1949cf8c6b5b557f/rdf-canon-0.15.3/Cargo.toml CARGO_PKG_AUTHORS=yamdan CARGO_PKG_DESCRIPTION='A Rust implementation of the RDF Dataset Canonicalization algorithm version 1.0 (RDFC-1.0) compatible with Oxigraph and Oxrdf.' CARGO_PKG_HOMEPAGE='https://github.com/zkp-ld/rdf-canon' CARGO_PKG_LICENSE=MIT CARGO_PKG_LICENSE_FILE='' CARGO_PKG_NAME=rdf-canon CARGO_PKG_README=README.md CARGO_PKG_REPOSITORY='https://github.com/zkp-ld/rdf-canon' CARGO_PKG_RUST_VERSION='' CARGO_PKG_VERSION=0.15.3 CARGO_PKG_VERSION_MAJOR=0 CARGO_PKG_VERSION_MINOR=15 CARGO_PKG_VERSION_PATCH=3 CARGO_PKG_VERSION_PRE='' DYLD_FALLBACK_LIBRARY_PATH='/private/tmp/sparq-pr6049/.throughput-monitor/direct-5983/implementation/target/release/deps:/Users/jesght/lib:/usr/local/lib:/usr/lib' /Users/jesght/.rustup/toolchains/1.97.1-aarch64-apple-darwin/bin/rustc --crate-name rdf_canon --edition=2021 /Users/jesght/.cargo/registry/src/index.crates.io-1949cf8c6b5b557f/rdf-canon-0.15.3/src/lib.rs --error-format=json --json=diagnostic-rendered-ansi,artifacts,future-incompat --crate-type lib --emit=dep-info,metadata,link -C opt-level=3 -C embed-bitcode=no -C codegen-units=16 --check-cfg 'cfg(docsrs,test)' --check-cfg 'cfg(feature, values("earl-reporting", "log", "tracing-subscriber"))' -C metadata=f691269e27f45a8f -C extra-filename=-503b6fb88fa2d9a7 --out-dir /private/tmp/sparq-pr6049/.throughput-monitor/direct-5983/implementation/target/release/deps -C strip=debuginfo -L dependency=/private/tmp/sparq-pr6049/.throughput-monitor/direct-5983/implementation/target/release/deps --extern base16ct=/private/tmp/sparq-pr6049/.throughput-monitor/direct-5983/implementation/target/release/deps/libbase16ct-1c2e98f9ebed7846.rmeta --extern digest=/private/tmp/sparq-pr6049/.throughput-monitor/direct-5983/implementation/target/release/deps/libdigest-fa7fd8c8019c71c5.rmeta --extern itertools=/private/tmp/sparq-pr6049/.throughput-monitor/direct-5983/implementation/target/release/deps/libitertools-7076e7f211c7e3e2.rmeta --extern oxrdf=/private/tmp/sparq-pr6049/.throughput-monitor/direct-5983/implementation/target/release/deps/liboxrdf-937daa36ceb5531c.rmeta --extern sha2=/private/tmp/sparq-pr6049/.throughput-monitor/direct-5983/implementation/target/release/deps/libsha2-c6cd3e5a6978836c.rmeta --extern thiserror=/private/tmp/sparq-pr6049/.throughput-monitor/direct-5983/implementation/target/release/deps/libthiserror-02ad4ed01d310d06.rmeta --extern tracing=/private/tmp/sparq-pr6049/.throughput-monitor/direct-5983/implementation/target/release/deps/libtracing-fc091a1ac71ff12f.rmeta --cap-lints warn`
   Compiling spareval v0.2.6
     Running `CARGO=/Users/jesght/.rustup/toolchains/1.97.1-aarch64-apple-darwin/bin/cargo CARGO_CRATE_NAME=spareval CARGO_MANIFEST_DIR=/Users/jesght/.cargo/registry/src/index.crates.io-1949cf8c6b5b557f/spareval-0.2.6 CARGO_MANIFEST_PATH=/Users/jesght/.cargo/registry/src/index.crates.io-1949cf8c6b5b557f/spareval-0.2.6/Cargo.toml CARGO_PKG_AUTHORS='Tpt <thomas@pellissier-tanon.fr>' CARGO_PKG_DESCRIPTION='SPARQL evaluator' CARGO_PKG_HOMEPAGE='' CARGO_PKG_LICENSE='MIT OR Apache-2.0' CARGO_PKG_LICENSE_FILE='' CARGO_PKG_NAME=spareval CARGO_PKG_README=README.md CARGO_PKG_REPOSITORY='https://github.com/oxigraph/oxigraph/tree/main/lib/spareval' CARGO_PKG_RUST_VERSION=1.87 CARGO_PKG_VERSION=0.2.6 CARGO_PKG_VERSION_MAJOR=0 CARGO_PKG_VERSION_MINOR=2 CARGO_PKG_VERSION_PATCH=6 CARGO_PKG_VERSION_PRE='' DYLD_FALLBACK_LIBRARY_PATH='/private/tmp/sparq-pr6049/.throughput-monitor/direct-5983/implementation/target/release/deps:/Users/jesght/lib:/usr/local/lib:/usr/lib' /Users/jesght/.rustup/toolchains/1.97.1-aarch64-apple-darwin/bin/rustc --crate-name spareval --edition=2024 /Users/jesght/.cargo/registry/src/index.crates.io-1949cf8c6b5b557f/spareval-0.2.6/src/lib.rs --error-format=json --json=diagnostic-rendered-ansi,artifacts,future-incompat --crate-type lib --emit=dep-info,metadata,link -C opt-level=3 -C embed-bitcode=no -C codegen-units=16 '--warn=clippy::zero_sized_map_values' '--warn=clippy::wildcard_dependencies' '--warn=clippy::verbose_file_reads' '--warn=clippy::verbose_bit_mask' '--warn=clippy::used_underscore_items' '--warn=clippy::used_underscore_binding' '--warn=clippy::use_debug' '--warn=clippy::unwrap_in_result' '--warn=clippy::unused_self' '--warn=clippy::unused_result_ok' --warn=unused_qualifications --warn=unused_macro_rules --warn=unused_lifetimes --warn=unused_import_braces '--warn=clippy::unused_async' '--warn=clippy::unseparated_literal_suffix' '--warn=clippy::unsafe_derive_deserialize' --warn=unsafe_code '--warn=clippy::unreadable_literal' '--warn=clippy::unnested_or_patterns' '--warn=clippy::unneeded_field_pattern' '--warn=clippy::unnecessary_wraps' '--warn=clippy::unnecessary_semicolon' '--warn=clippy::unnecessary_self_imports' '--warn=clippy::unnecessary_safety_doc' '--warn=clippy::unnecessary_safety_comment' '--warn=clippy::unnecessary_literal_bound' '--warn=clippy::unnecessary_join' '--warn=clippy::unnecessary_debug_formatting' '--warn=clippy::unnecessary_box_returns' '--warn=clippy::uninlined_format_args' '--warn=clippy::unimplemented' '--warn=clippy::unicode_not_nfc' '--warn=clippy::undocumented_unsafe_blocks' '--warn=clippy::unchecked_time_subtraction' '--warn=clippy::try_err' '--warn=clippy::trivially_copy_pass_by_ref' --warn=trivial_numeric_casts --warn=trivial_casts '--warn=clippy::transmute_ptr_to_ptr' '--warn=clippy::todo' '--warn=clippy::tests_outside_test_module' '--warn=clippy::suspicious_xor_used_as_pow' '--warn=clippy::struct_field_names' '--warn=clippy::struct_excessive_bools' '--warn=clippy::string_lit_chars_any' '--warn=clippy::string_add_assign' '--warn=clippy::string_add' '--warn=clippy::str_to_string' '--warn=clippy::str_split_at_newline' '--warn=clippy::stable_sort_primitive' '--warn=clippy::single_match_else' '--warn=clippy::single_char_pattern' '--warn=clippy::should_panic_without_expect' '--warn=clippy::shadow_same' '--warn=clippy::semicolon_inside_block' '--warn=clippy::self_only_used_in_recursion' '--warn=clippy::same_name_method' '--warn=clippy::same_functions_in_if_condition' '--warn=clippy::return_self_not_must_use' '--warn=clippy::return_and_then' '--warn=clippy::rest_pat_in_fully_bound_structs' '--warn=clippy::renamed_function_params' '--warn=clippy::ref_patterns' '--warn=clippy::ref_option_ref' '--warn=clippy::ref_binding_to_reference' '--warn=clippy::ref_as_ptr' '--warn=clippy::redundant_type_annotations' '--warn=clippy::redundant_feature_names' '--warn=clippy::redundant_else' '--warn=clippy::redundant_closure_for_method_calls' '--warn=clippy::rc_mutex' '--warn=clippy::rc_buffer' '--warn=clippy::range_plus_one' '--warn=clippy::range_minus_one' '--warn=clippy::pub_without_shorthand' '--warn=clippy::pub_underscore_fields' '--warn=clippy::ptr_cast_constness' '--warn=clippy::ptr_as_ptr' '--warn=clippy::print_stdout' '--warn=clippy::print_stderr' '--warn=clippy::precedence_bits' '--warn=clippy::pointer_format' '--warn=clippy::pathbuf_init_then_push' '--warn=clippy::partial_pub_fields' '--warn=clippy::panic_in_result_fn' '--warn=clippy::panic' '--warn=clippy::option_as_ref_cloned' '--warn=clippy::non_zero_suggestions' '--warn=clippy::non_std_lazy_statics' '--warn=clippy::non_ascii_literal' '--warn=clippy::no_mangle_with_rust_abi' '--warn=clippy::no_effect_underscore_binding' '--warn=clippy::negative_feature_names' '--warn=clippy::needless_raw_strings' '--warn=clippy::needless_raw_string_hashes' '--warn=clippy::needless_pass_by_value' '--warn=clippy::needless_for_each' '--warn=clippy::needless_continue' '--warn=clippy::needless_bitwise_bool' '--warn=clippy::naive_bytecount' '--warn=clippy::mutex_integer' '--warn=clippy::mutex_atomic' '--warn=clippy::mut_mut' '--warn=clippy::multiple_inherent_impl' '--warn=clippy::missing_fields_in_debug' '--warn=clippy::missing_asserts_for_indexing' '--warn=clippy::missing_assert_message' '--warn=clippy::mismatching_type_param_order' '--warn=clippy::mem_forget' '--warn=clippy::maybe_infinite_iter' '--warn=clippy::match_wildcard_for_single_variants' '--warn=clippy::match_wild_err_arm' '--warn=clippy::match_same_arms' '--warn=clippy::match_bool' '--warn=clippy::map_with_unused_argument_over_ranges' '--warn=clippy::map_unwrap_or' '--warn=clippy::many_single_char_names' '--warn=clippy::manual_string_new' '--warn=clippy::manual_midpoint' '--warn=clippy::manual_let_else' '--warn=clippy::manual_is_variant_and' '--warn=clippy::manual_is_power_of_two' '--warn=clippy::manual_instant_elapsed' '--warn=clippy::manual_assert' '--warn=clippy::macro_use_imports' --warn=macro_use_extern_crate '--warn=clippy::lossy_float_literal' '--warn=clippy::linkedlist' '--warn=clippy::let_underscore_untyped' '--warn=clippy::let_underscore_must_use' --warn=let_underscore_drop '--warn=clippy::large_types_passed_by_value' '--warn=clippy::large_stack_arrays' '--warn=clippy::large_include_file' '--warn=clippy::large_futures' '--warn=clippy::large_digit_groups' '--warn=clippy::iter_without_into_iter' '--warn=clippy::iter_not_returning_iterator' '--warn=clippy::iter_filter_is_some' '--warn=clippy::iter_filter_is_ok' '--warn=clippy::items_after_statements' '--warn=clippy::ip_constant' '--warn=clippy::invalid_upcast_comparisons' '--warn=clippy::into_iter_without_iter' '--warn=clippy::inline_always' '--warn=clippy::infinite_loop' '--warn=clippy::inefficient_to_string' '--warn=clippy::index_refutable_slice' '--warn=clippy::inconsistent_struct_constructor' '--warn=clippy::implicit_hasher' '--warn=clippy::implicit_clone' '--warn=clippy::ignored_unit_patterns' '--warn=clippy::ignore_without_reason' '--warn=clippy::if_then_some_else_none' '--warn=clippy::if_not_else' '--warn=clippy::host_endian_bytes' '--warn=clippy::get_unwrap' '--warn=clippy::from_iter_instead_of_collect' '--warn=clippy::format_push_string' '--warn=clippy::format_collect' '--warn=clippy::fn_to_numeric_cast_any' '--warn=clippy::fn_params_excessive_bools' '--warn=clippy::flat_map_option' '--warn=clippy::filter_map_next' '--warn=clippy::filetype_is_file' '--warn=clippy::field_scoped_visibility_modifiers' --warn=explicit_outlives_requirements '--warn=clippy::explicit_iter_loop' '--warn=clippy::explicit_into_iter_loop' '--warn=clippy::explicit_deref_methods' '--warn=clippy::expl_impl_clone_on_copy' '--warn=clippy::expect_used' '--warn=clippy::exit' '--warn=clippy::error_impl_error' '--warn=clippy::enum_glob_use' '--warn=clippy::empty_structs_with_brackets' '--warn=clippy::empty_enums' '--warn=clippy::empty_enum_variants_with_brackets' '--warn=clippy::empty_drop' --warn=elided_lifetimes_in_paths '--warn=clippy::elidable_lifetime_names' '--warn=clippy::doc_link_with_quotes' '--warn=clippy::doc_include_without_cfg' '--warn=clippy::doc_comment_double_space_linebreaks' '--warn=clippy::doc_broken_link' '--warn=clippy::disallowed_script_idents' '--warn=clippy::deref_by_slicing' '--warn=clippy::default_union_representation' '--warn=clippy::default_trait_access' '--warn=clippy::decimal_literal_representation' '--warn=clippy::dbg_macro' '--warn=clippy::create_dir' '--warn=clippy::copy_iterator' '--warn=clippy::comparison_chain' '--warn=clippy::cloned_instead_of_copied' '--warn=clippy::clone_on_ref_ptr' '--warn=clippy::checked_conversions' '--warn=clippy::cfg_not_test' '--warn=clippy::cast_sign_loss' '--warn=clippy::cast_ptr_alignment' '--warn=clippy::cast_precision_loss' '--warn=clippy::cast_possible_wrap' '--warn=clippy::cast_possible_truncation' '--warn=clippy::cast_lossless' '--warn=clippy::case_sensitive_file_extension_comparisons' '--warn=clippy::borrow_as_ptr' '--warn=clippy::bool_to_int_with_if' '--warn=clippy::assigning_clones' '--warn=clippy::assertions_on_result_states' '--warn=clippy::as_underscore' '--warn=clippy::as_pointer_underscore' '--warn=clippy::allow_attributes' --warn=absolute_paths_not_starting_with_crate --cfg 'feature="calendar-ext"' --cfg 'feature="default"' --cfg 'feature="sep-0002"' --cfg 'feature="sep-0006"' --cfg 'feature="sparql-12"' --check-cfg 'cfg(docsrs,test)' --check-cfg 'cfg(feature, values("calendar-ext", "default", "sep-0002", "sep-0006", "sparql-12"))' -C metadata=f87802e2ad3392d1 -C extra-filename=-2531fc935ea3b031 --out-dir /private/tmp/sparq-pr6049/.throughput-monitor/direct-5983/implementation/target/release/deps -C strip=debuginfo -L dependency=/private/tmp/sparq-pr6049/.throughput-monitor/direct-5983/implementation/target/release/deps --extern hex=/private/tmp/sparq-pr6049/.throughput-monitor/direct-5983/implementation/target/release/deps/libhex-9158a96a04de009c.rmeta --extern json_event_parser=/private/tmp/sparq-pr6049/.throughput-monitor/direct-5983/implementation/target/release/deps/libjson_event_parser-3bb6b55a13916242.rmeta --extern md5=/private/tmp/sparq-pr6049/.throughput-monitor/direct-5983/implementation/target/release/deps/libmd5-bb6f9471f51102c9.rmeta --extern oxiri=/private/tmp/sparq-pr6049/.throughput-monitor/direct-5983/implementation/target/release/deps/liboxiri-256fcb858fdf74ff.rmeta --extern oxrdf=/private/tmp/sparq-pr6049/.throughput-monitor/direct-5983/implementation/target/release/deps/liboxrdf-a953fc3282e3d853.rmeta --extern oxsdatatypes=/private/tmp/sparq-pr6049/.throughput-monitor/direct-5983/implementation/target/release/deps/liboxsdatatypes-90c5e8be92a8aa0c.rmeta --extern rand=/private/tmp/sparq-pr6049/.throughput-monitor/direct-5983/implementation/target/release/deps/librand-5398fd28bd637609.rmeta --extern regex=/private/tmp/sparq-pr6049/.throughput-monitor/direct-5983/implementation/target/release/deps/libregex-97e8c9837dd5af91.rmeta --extern rustc_hash=/private/tmp/sparq-pr6049/.throughput-monitor/direct-5983/implementation/target/release/deps/librustc_hash-a257f2d86c4c9dc8.rmeta --extern sha1=/private/tmp/sparq-pr6049/.throughput-monitor/direct-5983/implementation/target/release/deps/libsha1-ba173178cfee9596.rmeta --extern sha2=/private/tmp/sparq-pr6049/.throughput-monitor/direct-5983/implementation/target/release/deps/libsha2-c6cd3e5a6978836c.rmeta --extern sparesults=/private/tmp/sparq-pr6049/.throughput-monitor/direct-5983/implementation/target/release/deps/libsparesults-c186246b8b291dfb.rmeta --extern spargebra=/private/tmp/sparq-pr6049/.throughput-monitor/direct-5983/implementation/target/release/deps/libspargebra-f81f815394fff866.rmeta --extern sparopt=/private/tmp/sparq-pr6049/.throughput-monitor/direct-5983/implementation/target/release/deps/libsparopt-428a3a26ab233835.rmeta --extern thiserror=/private/tmp/sparq-pr6049/.throughput-monitor/direct-5983/implementation/target/release/deps/libthiserror-02ad4ed01d310d06.rmeta --cap-lints warn`
   Compiling oxrdfio v0.2.5
     Running `CARGO=/Users/jesght/.rustup/toolchains/1.97.1-aarch64-apple-darwin/bin/cargo CARGO_CRATE_NAME=oxrdfio CARGO_MANIFEST_DIR=/Users/jesght/.cargo/registry/src/index.crates.io-1949cf8c6b5b557f/oxrdfio-0.2.5 CARGO_MANIFEST_PATH=/Users/jesght/.cargo/registry/src/index.crates.io-1949cf8c6b5b557f/oxrdfio-0.2.5/Cargo.toml CARGO_PKG_AUTHORS='Tpt <thomas@pellissier-tanon.fr>' CARGO_PKG_DESCRIPTION='Parser and serializer for various RDF formats' CARGO_PKG_HOMEPAGE='' CARGO_PKG_LICENSE='MIT OR Apache-2.0' CARGO_PKG_LICENSE_FILE='' CARGO_PKG_NAME=oxrdfio CARGO_PKG_README=README.md CARGO_PKG_REPOSITORY='https://github.com/oxigraph/oxigraph/tree/master/lib/oxrdfxml' CARGO_PKG_RUST_VERSION=1.87 CARGO_PKG_VERSION=0.2.5 CARGO_PKG_VERSION_MAJOR=0 CARGO_PKG_VERSION_MINOR=2 CARGO_PKG_VERSION_PATCH=5 CARGO_PKG_VERSION_PRE='' DYLD_FALLBACK_LIBRARY_PATH='/private/tmp/sparq-pr6049/.throughput-monitor/direct-5983/implementation/target/release/deps:/Users/jesght/lib:/usr/local/lib:/usr/lib' /Users/jesght/.rustup/toolchains/1.97.1-aarch64-apple-darwin/bin/rustc --crate-name oxrdfio --edition=2024 /Users/jesght/.cargo/registry/src/index.crates.io-1949cf8c6b5b557f/oxrdfio-0.2.5/src/lib.rs --error-format=json --json=diagnostic-rendered-ansi,artifacts,future-incompat --crate-type lib --emit=dep-info,metadata,link -C opt-level=3 -C embed-bitcode=no -C codegen-units=16 '--warn=clippy::zero_sized_map_values' '--warn=clippy::wildcard_dependencies' '--warn=clippy::verbose_file_reads' '--warn=clippy::verbose_bit_mask' '--warn=clippy::used_underscore_items' '--warn=clippy::used_underscore_binding' '--warn=clippy::use_debug' '--warn=clippy::unwrap_in_result' '--warn=clippy::unused_self' '--warn=clippy::unused_result_ok' --warn=unused_qualifications --warn=unused_macro_rules --warn=unused_lifetimes --warn=unused_import_braces '--warn=clippy::unused_async' '--warn=clippy::unseparated_literal_suffix' '--warn=clippy::unsafe_derive_deserialize' --warn=unsafe_code '--warn=clippy::unreadable_literal' '--warn=clippy::unnested_or_patterns' '--warn=clippy::unneeded_field_pattern' '--warn=clippy::unnecessary_wraps' '--warn=clippy::unnecessary_semicolon' '--warn=clippy::unnecessary_self_imports' '--warn=clippy::unnecessary_safety_doc' '--warn=clippy::unnecessary_safety_comment' '--warn=clippy::unnecessary_literal_bound' '--warn=clippy::unnecessary_join' '--warn=clippy::unnecessary_debug_formatting' '--warn=clippy::unnecessary_box_returns' '--warn=clippy::uninlined_format_args' '--warn=clippy::unimplemented' '--warn=clippy::unicode_not_nfc' '--warn=clippy::undocumented_unsafe_blocks' '--warn=clippy::unchecked_time_subtraction' '--warn=clippy::try_err' '--warn=clippy::trivially_copy_pass_by_ref' --warn=trivial_numeric_casts --warn=trivial_casts '--warn=clippy::transmute_ptr_to_ptr' '--warn=clippy::todo' '--warn=clippy::tests_outside_test_module' '--warn=clippy::suspicious_xor_used_as_pow' '--warn=clippy::struct_field_names' '--warn=clippy::struct_excessive_bools' '--warn=clippy::string_lit_chars_any' '--warn=clippy::string_add_assign' '--warn=clippy::string_add' '--warn=clippy::str_to_string' '--warn=clippy::str_split_at_newline' '--warn=clippy::stable_sort_primitive' '--warn=clippy::single_match_else' '--warn=clippy::single_char_pattern' '--warn=clippy::should_panic_without_expect' '--warn=clippy::shadow_same' '--warn=clippy::semicolon_inside_block' '--warn=clippy::self_only_used_in_recursion' '--warn=clippy::same_name_method' '--warn=clippy::same_functions_in_if_condition' '--warn=clippy::return_self_not_must_use' '--warn=clippy::return_and_then' '--warn=clippy::rest_pat_in_fully_bound_structs' '--warn=clippy::renamed_function_params' '--warn=clippy::ref_patterns' '--warn=clippy::ref_option_ref' '--warn=clippy::ref_binding_to_reference' '--warn=clippy::ref_as_ptr' '--warn=clippy::redundant_type_annotations' '--warn=clippy::redundant_feature_names' '--warn=clippy::redundant_else' '--warn=clippy::redundant_closure_for_method_calls' '--warn=clippy::rc_mutex' '--warn=clippy::rc_buffer' '--warn=clippy::range_plus_one' '--warn=clippy::range_minus_one' '--warn=clippy::pub_without_shorthand' '--warn=clippy::pub_underscore_fields' '--warn=clippy::ptr_cast_constness' '--warn=clippy::ptr_as_ptr' '--warn=clippy::print_stdout' '--warn=clippy::print_stderr' '--warn=clippy::precedence_bits' '--warn=clippy::pointer_format' '--warn=clippy::pathbuf_init_then_push' '--warn=clippy::partial_pub_fields' '--warn=clippy::panic_in_result_fn' '--warn=clippy::panic' '--warn=clippy::option_as_ref_cloned' '--warn=clippy::non_zero_suggestions' '--warn=clippy::non_std_lazy_statics' '--warn=clippy::non_ascii_literal' '--warn=clippy::no_mangle_with_rust_abi' '--warn=clippy::no_effect_underscore_binding' '--warn=clippy::negative_feature_names' '--warn=clippy::needless_raw_strings' '--warn=clippy::needless_raw_string_hashes' '--warn=clippy::needless_pass_by_value' '--warn=clippy::needless_for_each' '--warn=clippy::needless_continue' '--warn=clippy::needless_bitwise_bool' '--warn=clippy::naive_bytecount' '--warn=clippy::mutex_integer' '--warn=clippy::mutex_atomic' '--warn=clippy::mut_mut' '--warn=clippy::multiple_inherent_impl' '--warn=clippy::missing_fields_in_debug' '--warn=clippy::missing_asserts_for_indexing' '--warn=clippy::missing_assert_message' '--warn=clippy::mismatching_type_param_order' '--warn=clippy::mem_forget' '--warn=clippy::maybe_infinite_iter' '--warn=clippy::match_wildcard_for_single_variants' '--warn=clippy::match_wild_err_arm' '--warn=clippy::match_same_arms' '--warn=clippy::match_bool' '--warn=clippy::map_with_unused_argument_over_ranges' '--warn=clippy::map_unwrap_or' '--warn=clippy::many_single_char_names' '--warn=clippy::manual_string_new' '--warn=clippy::manual_midpoint' '--warn=clippy::manual_let_else' '--warn=clippy::manual_is_variant_and' '--warn=clippy::manual_is_power_of_two' '--warn=clippy::manual_instant_elapsed' '--warn=clippy::manual_assert' '--warn=clippy::macro_use_imports' --warn=macro_use_extern_crate '--warn=clippy::lossy_float_literal' '--warn=clippy::linkedlist' '--warn=clippy::let_underscore_untyped' '--warn=clippy::let_underscore_must_use' --warn=let_underscore_drop '--warn=clippy::large_types_passed_by_value' '--warn=clippy::large_stack_arrays' '--warn=clippy::large_include_file' '--warn=clippy::large_futures' '--warn=clippy::large_digit_groups' '--warn=clippy::iter_without_into_iter' '--warn=clippy::iter_not_returning_iterator' '--warn=clippy::iter_filter_is_some' '--warn=clippy::iter_filter_is_ok' '--warn=clippy::items_after_statements' '--warn=clippy::ip_constant' '--warn=clippy::invalid_upcast_comparisons' '--warn=clippy::into_iter_without_iter' '--warn=clippy::inline_always' '--warn=clippy::infinite_loop' '--warn=clippy::inefficient_to_string' '--warn=clippy::index_refutable_slice' '--warn=clippy::inconsistent_struct_constructor' '--warn=clippy::implicit_hasher' '--warn=clippy::implicit_clone' '--warn=clippy::ignored_unit_patterns' '--warn=clippy::ignore_without_reason' '--warn=clippy::if_then_some_else_none' '--warn=clippy::if_not_else' '--warn=clippy::host_endian_bytes' '--warn=clippy::get_unwrap' '--warn=clippy::from_iter_instead_of_collect' '--warn=clippy::format_push_string' '--warn=clippy::format_collect' '--warn=clippy::fn_to_numeric_cast_any' '--warn=clippy::fn_params_excessive_bools' '--warn=clippy::flat_map_option' '--warn=clippy::filter_map_next' '--warn=clippy::filetype_is_file' '--warn=clippy::field_scoped_visibility_modifiers' --warn=explicit_outlives_requirements '--warn=clippy::explicit_iter_loop' '--warn=clippy::explicit_into_iter_loop' '--warn=clippy::explicit_deref_methods' '--warn=clippy::expl_impl_clone_on_copy' '--warn=clippy::expect_used' '--warn=clippy::exit' '--warn=clippy::error_impl_error' '--warn=clippy::enum_glob_use' '--warn=clippy::empty_structs_with_brackets' '--warn=clippy::empty_enums' '--warn=clippy::empty_enum_variants_with_brackets' '--warn=clippy::empty_drop' --warn=elided_lifetimes_in_paths '--warn=clippy::elidable_lifetime_names' '--warn=clippy::doc_link_with_quotes' '--warn=clippy::doc_include_without_cfg' '--warn=clippy::doc_comment_double_space_linebreaks' '--warn=clippy::doc_broken_link' '--warn=clippy::disallowed_script_idents' '--warn=clippy::deref_by_slicing' '--warn=clippy::default_union_representation' '--warn=clippy::default_trait_access' '--warn=clippy::decimal_literal_representation' '--warn=clippy::dbg_macro' '--warn=clippy::create_dir' '--warn=clippy::copy_iterator' '--warn=clippy::comparison_chain' '--warn=clippy::cloned_instead_of_copied' '--warn=clippy::clone_on_ref_ptr' '--warn=clippy::checked_conversions' '--warn=clippy::cfg_not_test' '--warn=clippy::cast_sign_loss' '--warn=clippy::cast_ptr_alignment' '--warn=clippy::cast_precision_loss' '--warn=clippy::cast_possible_wrap' '--warn=clippy::cast_possible_truncation' '--warn=clippy::cast_lossless' '--warn=clippy::case_sensitive_file_extension_comparisons' '--warn=clippy::borrow_as_ptr' '--warn=clippy::bool_to_int_with_if' '--warn=clippy::assigning_clones' '--warn=clippy::assertions_on_result_states' '--warn=clippy::as_underscore' '--warn=clippy::as_pointer_underscore' '--warn=clippy::allow_attributes' --warn=absolute_paths_not_starting_with_crate --cfg 'feature="default"' --cfg 'feature="rdf-12"' --check-cfg 'cfg(docsrs,test)' --check-cfg 'cfg(feature, values("async-tokio", "default", "rdf-12"))' -C metadata=9e3457c1a1beeb31 -C extra-filename=-a4a0e396a7e11b8a --out-dir /private/tmp/sparq-pr6049/.throughput-monitor/direct-5983/implementation/target/release/deps -C strip=debuginfo -L dependency=/private/tmp/sparq-pr6049/.throughput-monitor/direct-5983/implementation/target/release/deps --extern oxjsonld=/private/tmp/sparq-pr6049/.throughput-monitor/direct-5983/implementation/target/release/deps/liboxjsonld-8eab20762bc3be90.rmeta --extern oxrdf=/private/tmp/sparq-pr6049/.throughput-monitor/direct-5983/implementation/target/release/deps/liboxrdf-a953fc3282e3d853.rmeta --extern oxrdfxml=/private/tmp/sparq-pr6049/.throughput-monitor/direct-5983/implementation/target/release/deps/liboxrdfxml-840eecc1ce2bb3ca.rmeta --extern oxttl=/private/tmp/sparq-pr6049/.throughput-monitor/direct-5983/implementation/target/release/deps/liboxttl-bf587d09880a3c80.rmeta --extern thiserror=/private/tmp/sparq-pr6049/.throughput-monitor/direct-5983/implementation/target/release/deps/libthiserror-02ad4ed01d310d06.rmeta --cap-lints warn`
       Fresh uuid v1.23.4
     Running `CARGO=/Users/jesght/.rustup/toolchains/1.97.1-aarch64-apple-darwin/bin/cargo CARGO_CRATE_NAME=serde_core CARGO_MANIFEST_DIR=/Users/jesght/.cargo/registry/src/index.crates.io-1949cf8c6b5b557f/serde_core-1.0.228 CARGO_MANIFEST_PATH=/Users/jesght/.cargo/registry/src/index.crates.io-1949cf8c6b5b557f/serde_core-1.0.228/Cargo.toml CARGO_PKG_AUTHORS='Erick Tryzelaar <erick.tryzelaar@gmail.com>:David Tolnay <dtolnay@gmail.com>' CARGO_PKG_DESCRIPTION='Serde traits only, with no support for derive -- use the `serde` crate instead' CARGO_PKG_HOMEPAGE='https://serde.rs' CARGO_PKG_LICENSE='MIT OR Apache-2.0' CARGO_PKG_LICENSE_FILE='' CARGO_PKG_NAME=serde_core CARGO_PKG_README=README.md CARGO_PKG_REPOSITORY='https://github.com/serde-rs/serde' CARGO_PKG_RUST_VERSION=1.56 CARGO_PKG_VERSION=1.0.228 CARGO_PKG_VERSION_MAJOR=1 CARGO_PKG_VERSION_MINOR=0 CARGO_PKG_VERSION_PATCH=228 CARGO_PKG_VERSION_PRE='' DYLD_FALLBACK_LIBRARY_PATH='/private/tmp/sparq-pr6049/.throughput-monitor/direct-5983/implementation/target/release/deps:/Users/jesght/lib:/usr/local/lib:/usr/lib' OUT_DIR=/private/tmp/sparq-pr6049/.throughput-monitor/direct-5983/implementation/target/release/build/serde_core-2339ea4fb8afc3ca/out /Users/jesght/.rustup/toolchains/1.97.1-aarch64-apple-darwin/bin/rustc --crate-name serde_core --edition=2021 /Users/jesght/.cargo/registry/src/index.crates.io-1949cf8c6b5b557f/serde_core-1.0.228/src/lib.rs --error-format=json --json=diagnostic-rendered-ansi,artifacts,future-incompat --crate-type lib --emit=dep-info,metadata,link -C opt-level=3 -C embed-bitcode=no -C codegen-units=16 --cfg 'feature="std"' --check-cfg 'cfg(docsrs,test)' --check-cfg 'cfg(feature, values("alloc", "default", "rc", "result", "std", "unstable"))' -C metadata=6ef2e4fedd27c554 -C extra-filename=-6af224942fd89c04 --out-dir /private/tmp/sparq-pr6049/.throughput-monitor/direct-5983/implementation/target/release/deps -C strip=debuginfo -L dependency=/private/tmp/sparq-pr6049/.throughput-monitor/direct-5983/implementation/target/release/deps --cap-lints warn --check-cfg 'cfg(if_docsrs_then_no_serde_core)' --check-cfg 'cfg(no_core_cstr)' --check-cfg 'cfg(no_core_error)' --check-cfg 'cfg(no_core_net)' --check-cfg 'cfg(no_core_num_saturating)' --check-cfg 'cfg(no_diagnostic_namespace)' --check-cfg 'cfg(no_serde_derive)' --check-cfg 'cfg(no_std_atomic)' --check-cfg 'cfg(no_std_atomic64)' --check-cfg 'cfg(no_target_has_atomic)'`
       Fresh zmij v1.0.21
       Fresh sha2 v0.11.0
       Fresh sha1 v0.11.0
   Compiling oxttl v0.1.8
     Running `CARGO=/Users/jesght/.rustup/toolchains/1.97.1-aarch64-apple-darwin/bin/cargo CARGO_CRATE_NAME=oxttl CARGO_MANIFEST_DIR=/Users/jesght/.cargo/registry/src/index.crates.io-1949cf8c6b5b557f/oxttl-0.1.8 CARGO_MANIFEST_PATH=/Users/jesght/.cargo/registry/src/index.crates.io-1949cf8c6b5b557f/oxttl-0.1.8/Cargo.toml CARGO_PKG_AUTHORS='Tpt <thomas@pellissier-tanon.fr>' CARGO_PKG_DESCRIPTION='Parser and serializer for languages related to RDF Turtle (N-Triples, N-Quads, Turtle, TriG and N3)
' CARGO_PKG_HOMEPAGE='' CARGO_PKG_LICENSE='MIT OR Apache-2.0' CARGO_PKG_LICENSE_FILE='' CARGO_PKG_NAME=oxttl CARGO_PKG_README=README.md CARGO_PKG_REPOSITORY='https://github.com/oxigraph/oxigraph/tree/master/lib/oxttl' CARGO_PKG_RUST_VERSION=1.75 CARGO_PKG_VERSION=0.1.8 CARGO_PKG_VERSION_MAJOR=0 CARGO_PKG_VERSION_MINOR=1 CARGO_PKG_VERSION_PATCH=8 CARGO_PKG_VERSION_PRE='' DYLD_FALLBACK_LIBRARY_PATH='/private/tmp/sparq-pr6049/.throughput-monitor/direct-5983/implementation/target/release/deps:/Users/jesght/lib:/usr/local/lib:/usr/lib' /Users/jesght/.rustup/toolchains/1.97.1-aarch64-apple-darwin/bin/rustc --crate-name oxttl --edition=2021 /Users/jesght/.cargo/registry/src/index.crates.io-1949cf8c6b5b557f/oxttl-0.1.8/src/lib.rs --error-format=json --json=diagnostic-rendered-ansi,artifacts,future-incompat --crate-type lib --emit=dep-info,metadata,link -C opt-level=3 -C embed-bitcode=no -C codegen-units=16 '--warn=clippy::zero_sized_map_values' '--warn=clippy::wildcard_dependencies' '--warn=clippy::verbose_file_reads' '--warn=clippy::verbose_bit_mask' '--warn=clippy::used_underscore_binding' '--warn=clippy::use_debug' '--warn=clippy::unwrap_in_result' '--warn=clippy::unused_self' '--warn=clippy::unused_result_ok' --warn=unused_qualifications --warn=unused_macro_rules --warn=unused_lifetimes --warn=unused_import_braces '--warn=clippy::unused_async' '--warn=clippy::unseparated_literal_suffix' '--warn=clippy::unsafe_derive_deserialize' --warn=unsafe_code '--warn=clippy::unreadable_literal' '--warn=clippy::unnested_or_patterns' '--warn=clippy::unneeded_field_pattern' '--warn=clippy::unnecessary_wraps' '--warn=clippy::unnecessary_self_imports' '--warn=clippy::unnecessary_safety_doc' '--warn=clippy::unnecessary_safety_comment' '--warn=clippy::unnecessary_join' '--warn=clippy::unnecessary_box_returns' '--warn=clippy::uninlined_format_args' '--warn=clippy::unimplemented' '--warn=clippy::unicode_not_nfc' '--warn=clippy::undocumented_unsafe_blocks' '--warn=clippy::unchecked_duration_subtraction' '--warn=clippy::try_err' '--warn=clippy::trivially_copy_pass_by_ref' --warn=trivial_numeric_casts --warn=trivial_casts '--warn=clippy::transmute_ptr_to_ptr' '--warn=clippy::todo' '--warn=clippy::tests_outside_test_module' '--warn=clippy::suspicious_xor_used_as_pow' '--warn=clippy::struct_field_names' '--warn=clippy::struct_excessive_bools' '--warn=clippy::string_to_string' '--warn=clippy::string_lit_chars_any' '--warn=clippy::string_add_assign' '--warn=clippy::string_add' '--warn=clippy::str_to_string' '--warn=clippy::str_split_at_newline' '--warn=clippy::stable_sort_primitive' '--warn=clippy::single_match_else' '--warn=clippy::single_char_pattern' '--warn=clippy::should_panic_without_expect' '--warn=clippy::shadow_same' '--warn=clippy::semicolon_inside_block' '--warn=clippy::same_name_method' '--warn=clippy::same_functions_in_if_condition' '--warn=clippy::return_self_not_must_use' '--warn=clippy::rest_pat_in_fully_bound_structs' '--warn=clippy::renamed_function_params' '--warn=clippy::ref_patterns' '--warn=clippy::ref_option_ref' '--warn=clippy::ref_binding_to_reference' '--warn=clippy::ref_as_ptr' '--warn=clippy::redundant_type_annotations' '--warn=clippy::redundant_feature_names' '--warn=clippy::redundant_else' '--warn=clippy::redundant_closure_for_method_calls' '--warn=clippy::rc_mutex' '--warn=clippy::rc_buffer' '--warn=clippy::range_plus_one' '--warn=clippy::range_minus_one' '--warn=clippy::pub_without_shorthand' '--warn=clippy::pub_underscore_fields' '--warn=clippy::ptr_cast_constness' '--warn=clippy::ptr_as_ptr' '--warn=clippy::print_stdout' '--warn=clippy::print_stderr' '--warn=clippy::pathbuf_init_then_push' '--warn=clippy::partial_pub_fields' '--warn=clippy::panic_in_result_fn' '--warn=clippy::panic' '--warn=clippy::option_as_ref_cloned' '--warn=clippy::non_ascii_literal' '--warn=clippy::no_mangle_with_rust_abi' '--warn=clippy::no_effect_underscore_binding' '--warn=clippy::negative_feature_names' '--warn=clippy::needless_raw_strings' '--warn=clippy::needless_raw_string_hashes' '--warn=clippy::needless_pass_by_value' '--warn=clippy::needless_for_each' '--warn=clippy::needless_continue' '--warn=clippy::needless_bitwise_bool' '--warn=clippy::naive_bytecount' '--warn=clippy::mutex_atomic' '--warn=clippy::mut_mut' '--warn=clippy::multiple_inherent_impl' '--warn=clippy::missing_fields_in_debug' '--warn=clippy::missing_asserts_for_indexing' '--warn=clippy::missing_assert_message' '--warn=clippy::mismatching_type_param_order' '--warn=clippy::mem_forget' '--warn=clippy::maybe_infinite_iter' '--warn=clippy::match_wildcard_for_single_variants' '--warn=clippy::match_wild_err_arm' '--warn=clippy::match_same_arms' '--warn=clippy::match_on_vec_items' '--warn=clippy::match_bool' '--warn=clippy::map_unwrap_or' '--warn=clippy::many_single_char_names' '--warn=clippy::manual_string_new' '--warn=clippy::manual_ok_or' '--warn=clippy::manual_let_else' '--warn=clippy::manual_is_variant_and' '--warn=clippy::manual_instant_elapsed' '--warn=clippy::manual_assert' '--warn=clippy::macro_use_imports' --warn=macro_use_extern_crate '--warn=clippy::lossy_float_literal' '--warn=clippy::linkedlist' '--warn=clippy::let_underscore_untyped' '--warn=clippy::let_underscore_must_use' --warn=let_underscore_drop '--warn=clippy::large_types_passed_by_value' '--warn=clippy::large_stack_arrays' '--warn=clippy::large_include_file' '--warn=clippy::large_futures' '--warn=clippy::large_digit_groups' '--warn=clippy::iter_without_into_iter' '--warn=clippy::iter_not_returning_iterator' '--warn=clippy::iter_filter_is_some' '--warn=clippy::iter_filter_is_ok' '--warn=clippy::items_after_statements' '--warn=clippy::invalid_upcast_comparisons' '--warn=clippy::into_iter_without_iter' '--warn=clippy::inline_asm_x86_intel_syntax' '--warn=clippy::inline_asm_x86_att_syntax' '--warn=clippy::inline_always' '--warn=clippy::infinite_loop' '--warn=clippy::inefficient_to_string' '--warn=clippy::index_refutable_slice' '--warn=clippy::inconsistent_struct_constructor' '--warn=clippy::implicit_hasher' '--warn=clippy::implicit_clone' '--warn=clippy::ignored_unit_patterns' '--warn=clippy::if_then_some_else_none' '--warn=clippy::if_not_else' '--warn=clippy::host_endian_bytes' '--warn=clippy::get_unwrap' '--warn=clippy::from_iter_instead_of_collect' '--warn=clippy::format_push_string' '--warn=clippy::fn_to_numeric_cast_any' '--warn=clippy::fn_params_excessive_bools' '--warn=clippy::flat_map_option' '--warn=clippy::filter_map_next' '--warn=clippy::filetype_is_file' '--warn=clippy::field_scoped_visibility_modifiers' --warn=explicit_outlives_requirements '--warn=clippy::explicit_iter_loop' '--warn=clippy::explicit_into_iter_loop' '--warn=clippy::explicit_deref_methods' '--warn=clippy::expl_impl_clone_on_copy' '--warn=clippy::expect_used' '--warn=clippy::exit' '--warn=clippy::error_impl_error' '--warn=clippy::enum_glob_use' '--warn=clippy::empty_structs_with_brackets' '--warn=clippy::empty_enum_variants_with_brackets' '--warn=clippy::empty_enum' '--warn=clippy::empty_drop' --warn=elided_lifetimes_in_paths '--warn=clippy::doc_link_with_quotes' '--warn=clippy::disallowed_script_idents' '--warn=clippy::deref_by_slicing' '--warn=clippy::default_union_representation' '--warn=clippy::default_trait_access' '--warn=clippy::decimal_literal_representation' '--warn=clippy::dbg_macro' '--warn=clippy::create_dir' '--warn=clippy::copy_iterator' '--warn=clippy::cloned_instead_of_copied' '--warn=clippy::clone_on_ref_ptr' '--warn=clippy::checked_conversions' '--warn=clippy::cfg_not_test' '--warn=clippy::cast_sign_loss' '--warn=clippy::cast_ptr_alignment' '--warn=clippy::cast_precision_loss' '--warn=clippy::cast_possible_wrap' '--warn=clippy::cast_possible_truncation' '--warn=clippy::cast_lossless' '--warn=clippy::case_sensitive_file_extension_comparisons' '--warn=clippy::borrow_as_ptr' '--warn=clippy::bool_to_int_with_if' '--warn=clippy::assigning_clones' '--warn=clippy::assertions_on_result_states' '--warn=clippy::as_underscore' '--warn=clippy::allow_attributes_without_reason' '--warn=clippy::allow_attributes' --warn=absolute_paths_not_starting_with_crate --cfg 'feature="default"' --check-cfg 'cfg(docsrs,test)' --check-cfg 'cfg(feature, values("async-tokio", "default", "rdf-star"))' -C metadata=ea8d6c2340845c04 -C extra-filename=-9d451dcbeca8ac17 --out-dir /private/tmp/sparq-pr6049/.throughput-monitor/direct-5983/implementation/target/release/deps -C strip=debuginfo -L dependency=/private/tmp/sparq-pr6049/.throughput-monitor/direct-5983/implementation/target/release/deps --extern memchr=/private/tmp/sparq-pr6049/.throughput-monitor/direct-5983/implementation/target/release/deps/libmemchr-f73f6714e13773b7.rmeta --extern oxilangtag=/private/tmp/sparq-pr6049/.throughput-monitor/direct-5983/implementation/target/release/deps/liboxilangtag-2fbab9b59ca20201.rmeta --extern oxiri=/private/tmp/sparq-pr6049/.throughput-monitor/direct-5983/implementation/target/release/deps/liboxiri-256fcb858fdf74ff.rmeta --extern oxrdf=/private/tmp/sparq-pr6049/.throughput-monitor/direct-5983/implementation/target/release/deps/liboxrdf-937daa36ceb5531c.rmeta --extern thiserror=/private/tmp/sparq-pr6049/.throughput-monitor/direct-5983/implementation/target/release/deps/libthiserror-02ad4ed01d310d06.rmeta --cap-lints warn`
   Compiling sparq-substrate v0.1.1 (/private/tmp/sparq-pr6049/.throughput-monitor/direct-5183/original-seed-execution/parent-source/crates/sparq-substrate)
     Running `CARGO=/Users/jesght/.rustup/toolchains/1.97.1-aarch64-apple-darwin/bin/cargo CARGO_CRATE_NAME=sparq_substrate CARGO_MANIFEST_DIR=/private/tmp/sparq-pr6049/.throughput-monitor/direct-5183/original-seed-execution/parent-source/crates/sparq-substrate CARGO_MANIFEST_PATH=/private/tmp/sparq-pr6049/.throughput-monitor/direct-5183/original-seed-execution/parent-source/crates/sparq-substrate/Cargo.toml CARGO_PKG_AUTHORS='' CARGO_PKG_DESCRIPTION='Shared evaluation substrate for sparq: ID-tuple types, XSD numerics, join kernels, and SPARQL term ordering' CARGO_PKG_HOMEPAGE='https://github.com/sparq-org/sparq' CARGO_PKG_LICENSE=MIT CARGO_PKG_LICENSE_FILE='' CARGO_PKG_NAME=sparq-substrate CARGO_PKG_README=README.md CARGO_PKG_REPOSITORY='https://github.com/sparq-org/sparq' CARGO_PKG_RUST_VERSION=1.88 CARGO_PKG_VERSION=0.1.1 CARGO_PKG_VERSION_MAJOR=0 CARGO_PKG_VERSION_MINOR=1 CARGO_PKG_VERSION_PATCH=1 CARGO_PKG_VERSION_PRE='' DYLD_FALLBACK_LIBRARY_PATH='/private/tmp/sparq-pr6049/.throughput-monitor/direct-5983/implementation/target/release/deps:/Users/jesght/lib:/usr/local/lib:/usr/lib' /Users/jesght/.rustup/toolchains/1.97.1-aarch64-apple-darwin/bin/rustc --crate-name sparq_substrate --edition=2021 /private/tmp/sparq-pr6049/.throughput-monitor/direct-5183/original-seed-execution/parent-source/crates/sparq-substrate/src/lib.rs --error-format=json --json=diagnostic-rendered-ansi,artifacts,future-incompat --crate-type lib --emit=dep-info,metadata,link -C opt-level=3 -C embed-bitcode=no -C codegen-units=16 --warn=unexpected_cfgs --check-cfg 'cfg(kani)' --cfg 'feature="compare"' --cfg 'feature="join"' --cfg 'feature="numeric"' --cfg 'feature="rows"' --check-cfg 'cfg(docsrs,test)' --check-cfg 'cfg(feature, values("compare", "default", "join", "numeric", "overhead", "rows"))' -C metadata=97679fe0afff9ee6 -C extra-filename=-75d5b130b27a35d3 --out-dir /private/tmp/sparq-pr6049/.throughput-monitor/direct-5983/implementation/target/release/deps -C strip=debuginfo -L dependency=/private/tmp/sparq-pr6049/.throughput-monitor/direct-5983/implementation/target/release/deps --extern hashbrown=/private/tmp/sparq-pr6049/.throughput-monitor/direct-5983/implementation/target/release/deps/libhashbrown-6eaca190343f9157.rmeta --extern oxrdf=/private/tmp/sparq-pr6049/.throughput-monitor/direct-5983/implementation/target/release/deps/liboxrdf-a953fc3282e3d853.rmeta --extern rustc_hash=/private/tmp/sparq-pr6049/.throughput-monitor/direct-5983/implementation/target/release/deps/librustc_hash-a257f2d86c4c9dc8.rmeta --extern smallvec=/private/tmp/sparq-pr6049/.throughput-monitor/direct-5983/implementation/target/release/deps/libsmallvec-2cf754751a422d03.rmeta --extern sparq_core=/private/tmp/sparq-pr6049/.throughput-monitor/direct-5983/implementation/target/release/deps/libsparq_core-10f4959e8a6c9c7e.rmeta`
       Fresh md-5 v0.11.0
       Fresh siphasher v1.0.3
       Fresh itoa v1.0.18
   Compiling serde_json v1.0.150
     Running `CARGO=/Users/jesght/.rustup/toolchains/1.97.1-aarch64-apple-darwin/bin/cargo CARGO_CRATE_NAME=serde_json CARGO_MANIFEST_DIR=/Users/jesght/.cargo/registry/src/index.crates.io-1949cf8c6b5b557f/serde_json-1.0.150 CARGO_MANIFEST_PATH=/Users/jesght/.cargo/registry/src/index.crates.io-1949cf8c6b5b557f/serde_json-1.0.150/Cargo.toml CARGO_PKG_AUTHORS='Erick Tryzelaar <erick.tryzelaar@gmail.com>:David Tolnay <dtolnay@gmail.com>' CARGO_PKG_DESCRIPTION='A JSON serialization file format' CARGO_PKG_HOMEPAGE='' CARGO_PKG_LICENSE='MIT OR Apache-2.0' CARGO_PKG_LICENSE_FILE='' CARGO_PKG_NAME=serde_json CARGO_PKG_README=README.md CARGO_PKG_REPOSITORY='https://github.com/serde-rs/json' CARGO_PKG_RUST_VERSION=1.71 CARGO_PKG_VERSION=1.0.150 CARGO_PKG_VERSION_MAJOR=1 CARGO_PKG_VERSION_MINOR=0 CARGO_PKG_VERSION_PATCH=150 CARGO_PKG_VERSION_PRE='' DYLD_FALLBACK_LIBRARY_PATH='/private/tmp/sparq-pr6049/.throughput-monitor/direct-5983/implementation/target/release/deps:/Users/jesght/lib:/usr/local/lib:/usr/lib' OUT_DIR=/private/tmp/sparq-pr6049/.throughput-monitor/direct-5983/implementation/target/release/build/serde_json-9dc86de652b1059e/out /Users/jesght/.rustup/toolchains/1.97.1-aarch64-apple-darwin/bin/rustc --crate-name serde_json --edition=2021 /Users/jesght/.cargo/registry/src/index.crates.io-1949cf8c6b5b557f/serde_json-1.0.150/src/lib.rs --error-format=json --json=diagnostic-rendered-ansi,artifacts,future-incompat --crate-type lib --emit=dep-info,metadata,link -C opt-level=3 -C embed-bitcode=no -C codegen-units=16 --cfg 'feature="default"' --cfg 'feature="std"' --check-cfg 'cfg(docsrs,test)' --check-cfg 'cfg(feature, values("alloc", "arbitrary_precision", "default", "float_roundtrip", "indexmap", "preserve_order", "raw_value", "std", "unbounded_depth"))' -C metadata=190d2068384e4e3f -C extra-filename=-dfbc1c86400a124e --out-dir /private/tmp/sparq-pr6049/.throughput-monitor/direct-5983/implementation/target/release/deps -C strip=debuginfo -L dependency=/private/tmp/sparq-pr6049/.throughput-monitor/direct-5983/implementation/target/release/deps --extern itoa=/private/tmp/sparq-pr6049/.throughput-monitor/direct-5983/implementation/target/release/deps/libitoa-1c252b588e30173c.rmeta --extern memchr=/private/tmp/sparq-pr6049/.throughput-monitor/direct-5983/implementation/target/release/deps/libmemchr-f73f6714e13773b7.rmeta --extern serde_core=/private/tmp/sparq-pr6049/.throughput-monitor/direct-5983/implementation/target/release/deps/libserde_core-6af224942fd89c04.rmeta --extern zmij=/private/tmp/sparq-pr6049/.throughput-monitor/direct-5983/implementation/target/release/deps/libzmij-354bdede9cd9bcf9.rmeta --cap-lints warn --cfg 'fast_arithmetic="64"' --check-cfg 'cfg(fast_arithmetic, values("32", "64"))'`
   Compiling oxigraph v0.5.9
     Running `CARGO=/Users/jesght/.rustup/toolchains/1.97.1-aarch64-apple-darwin/bin/cargo CARGO_CRATE_NAME=oxigraph CARGO_MANIFEST_DIR=/Users/jesght/.cargo/registry/src/index.crates.io-1949cf8c6b5b557f/oxigraph-0.5.9 CARGO_MANIFEST_PATH=/Users/jesght/.cargo/registry/src/index.crates.io-1949cf8c6b5b557f/oxigraph-0.5.9/Cargo.toml CARGO_PKG_AUTHORS='Tpt <thomas@pellissier-tanon.fr>' CARGO_PKG_DESCRIPTION='SPARQL database and RDF toolkit' CARGO_PKG_HOMEPAGE='https://oxigraph.org/' CARGO_PKG_LICENSE='MIT OR Apache-2.0' CARGO_PKG_LICENSE_FILE='' CARGO_PKG_NAME=oxigraph CARGO_PKG_README=README.md CARGO_PKG_REPOSITORY='https://github.com/oxigraph/oxigraph/tree/main/lib/oxigraph' CARGO_PKG_RUST_VERSION=1.87 CARGO_PKG_VERSION=0.5.9 CARGO_PKG_VERSION_MAJOR=0 CARGO_PKG_VERSION_MINOR=5 CARGO_PKG_VERSION_PATCH=9 CARGO_PKG_VERSION_PRE='' DYLD_FALLBACK_LIBRARY_PATH='/private/tmp/sparq-pr6049/.throughput-monitor/direct-5983/implementation/target/release/deps:/Users/jesght/lib:/usr/local/lib:/usr/lib' /Users/jesght/.rustup/toolchains/1.97.1-aarch64-apple-darwin/bin/rustc --crate-name oxigraph --edition=2024 /Users/jesght/.cargo/registry/src/index.crates.io-1949cf8c6b5b557f/oxigraph-0.5.9/src/lib.rs --error-format=json --json=diagnostic-rendered-ansi,artifacts,future-incompat --crate-type lib --emit=dep-info,metadata,link -C opt-level=3 -C embed-bitcode=no -C codegen-units=16 '--warn=clippy::zero_sized_map_values' '--warn=clippy::wildcard_dependencies' '--warn=clippy::verbose_file_reads' '--warn=clippy::verbose_bit_mask' '--warn=clippy::used_underscore_items' '--warn=clippy::used_underscore_binding' '--warn=clippy::use_debug' '--warn=clippy::unwrap_in_result' '--warn=clippy::unused_self' '--warn=clippy::unused_result_ok' --warn=unused_qualifications --warn=unused_macro_rules --warn=unused_lifetimes --warn=unused_import_braces '--warn=clippy::unused_async' '--warn=clippy::unseparated_literal_suffix' '--warn=clippy::unsafe_derive_deserialize' --warn=unsafe_code '--warn=clippy::unreadable_literal' '--warn=clippy::unnested_or_patterns' '--warn=clippy::unneeded_field_pattern' '--warn=clippy::unnecessary_wraps' '--warn=clippy::unnecessary_trailing_comma' '--warn=clippy::unnecessary_semicolon' '--warn=clippy::unnecessary_self_imports' '--warn=clippy::unnecessary_safety_doc' '--warn=clippy::unnecessary_safety_comment' '--warn=clippy::unnecessary_literal_bound' '--warn=clippy::unnecessary_join' '--warn=clippy::unnecessary_debug_formatting' '--warn=clippy::unnecessary_box_returns' '--warn=clippy::uninlined_format_args' '--warn=clippy::unimplemented' '--warn=clippy::unicode_not_nfc' '--warn=clippy::undocumented_unsafe_blocks' '--warn=clippy::unchecked_time_subtraction' '--warn=clippy::try_err' '--warn=clippy::trivially_copy_pass_by_ref' --warn=trivial_numeric_casts --warn=trivial_casts '--warn=clippy::transmute_ptr_to_ptr' '--warn=clippy::todo' '--warn=clippy::tests_outside_test_module' '--warn=clippy::suspicious_xor_used_as_pow' '--warn=clippy::struct_field_names' '--warn=clippy::struct_excessive_bools' '--warn=clippy::string_lit_chars_any' '--warn=clippy::string_add_assign' '--warn=clippy::string_add' '--warn=clippy::str_to_string' '--warn=clippy::str_split_at_newline' '--warn=clippy::stable_sort_primitive' '--warn=clippy::single_match_else' '--warn=clippy::single_char_pattern' '--warn=clippy::should_panic_without_expect' '--warn=clippy::shadow_same' '--warn=clippy::semicolon_inside_block' '--warn=clippy::self_only_used_in_recursion' '--warn=clippy::same_name_method' '--warn=clippy::same_length_and_capacity' '--warn=clippy::same_functions_in_if_condition' '--warn=clippy::return_self_not_must_use' '--warn=clippy::return_and_then' '--warn=clippy::rest_pat_in_fully_bound_structs' '--warn=clippy::renamed_function_params' '--warn=clippy::ref_patterns' '--warn=clippy::ref_option_ref' '--warn=clippy::ref_binding_to_reference' '--warn=clippy::ref_as_ptr' '--warn=clippy::redundant_type_annotations' '--warn=clippy::redundant_feature_names' '--warn=clippy::redundant_else' '--warn=clippy::redundant_closure_for_method_calls' '--warn=clippy::rc_mutex' '--warn=clippy::rc_buffer' '--warn=clippy::range_plus_one' '--warn=clippy::range_minus_one' '--warn=clippy::pub_without_shorthand' '--warn=clippy::pub_underscore_fields' '--warn=clippy::ptr_offset_by_literal' '--warn=clippy::ptr_cast_constness' '--warn=clippy::ptr_as_ptr' '--warn=clippy::print_stdout' '--warn=clippy::print_stderr' '--warn=clippy::precedence_bits' '--warn=clippy::pointer_format' '--warn=clippy::pathbuf_init_then_push' '--warn=clippy::partial_pub_fields' '--warn=clippy::panic_in_result_fn' '--warn=clippy::panic' '--warn=clippy::option_as_ref_cloned' '--warn=clippy::non_zero_suggestions' '--warn=clippy::non_std_lazy_statics' '--warn=clippy::non_ascii_literal' '--warn=clippy::no_mangle_with_rust_abi' '--warn=clippy::no_effect_underscore_binding' '--warn=clippy::negative_feature_names' '--warn=clippy::needless_raw_strings' '--warn=clippy::needless_raw_string_hashes' '--warn=clippy::needless_pass_by_value' '--warn=clippy::needless_for_each' '--warn=clippy::needless_continue' '--warn=clippy::needless_bitwise_bool' '--warn=clippy::naive_bytecount' '--warn=clippy::mutex_integer' '--warn=clippy::mutex_atomic' '--warn=clippy::mut_mut' '--warn=clippy::multiple_inherent_impl' '--warn=clippy::missing_fields_in_debug' '--warn=clippy::missing_asserts_for_indexing' '--warn=clippy::missing_assert_message' '--warn=clippy::mismatching_type_param_order' '--warn=clippy::mem_forget' '--warn=clippy::maybe_infinite_iter' '--warn=clippy::match_wildcard_for_single_variants' '--warn=clippy::match_wild_err_arm' '--warn=clippy::match_same_arms' '--warn=clippy::match_bool' '--warn=clippy::map_with_unused_argument_over_ranges' '--warn=clippy::map_unwrap_or' '--warn=clippy::many_single_char_names' '--warn=clippy::manual_string_new' '--warn=clippy::manual_midpoint' '--warn=clippy::manual_let_else' '--warn=clippy::manual_is_variant_and' '--warn=clippy::manual_is_power_of_two' '--warn=clippy::manual_instant_elapsed' '--warn=clippy::manual_assert' '--warn=clippy::macro_use_imports' --warn=macro_use_extern_crate '--warn=clippy::lossy_float_literal' '--warn=clippy::linkedlist' '--warn=clippy::let_underscore_untyped' '--warn=clippy::let_underscore_must_use' --warn=let_underscore_drop '--warn=clippy::large_types_passed_by_value' '--warn=clippy::large_stack_arrays' '--warn=clippy::large_include_file' '--warn=clippy::large_futures' '--warn=clippy::large_digit_groups' '--warn=clippy::iter_without_into_iter' '--warn=clippy::iter_not_returning_iterator' '--warn=clippy::iter_filter_is_some' '--warn=clippy::iter_filter_is_ok' '--warn=clippy::items_after_statements' '--warn=clippy::ip_constant' '--warn=clippy::invalid_upcast_comparisons' '--warn=clippy::into_iter_without_iter' '--warn=clippy::inline_always' '--warn=clippy::infinite_loop' '--warn=clippy::inefficient_to_string' '--warn=clippy::index_refutable_slice' '--warn=clippy::inconsistent_struct_constructor' '--warn=clippy::implicit_hasher' '--warn=clippy::implicit_clone' '--warn=clippy::ignored_unit_patterns' '--warn=clippy::ignore_without_reason' '--warn=clippy::if_then_some_else_none' '--warn=clippy::if_not_else' '--warn=clippy::host_endian_bytes' '--warn=clippy::get_unwrap' '--warn=clippy::from_iter_instead_of_collect' '--warn=clippy::format_push_string' '--warn=clippy::format_collect' '--warn=clippy::fn_to_numeric_cast_any' '--warn=clippy::fn_params_excessive_bools' '--warn=clippy::flat_map_option' '--warn=clippy::filter_map_next' '--warn=clippy::filetype_is_file' '--warn=clippy::field_scoped_visibility_modifiers' --warn=explicit_outlives_requirements '--warn=clippy::explicit_iter_loop' '--warn=clippy::explicit_into_iter_loop' '--warn=clippy::explicit_deref_methods' '--warn=clippy::expl_impl_clone_on_copy' '--warn=clippy::expect_used' '--warn=clippy::exit' '--warn=clippy::error_impl_error' '--warn=clippy::enum_glob_use' '--warn=clippy::empty_structs_with_brackets' '--warn=clippy::empty_enums' '--warn=clippy::empty_enum_variants_with_brackets' '--warn=clippy::empty_drop' --warn=elided_lifetimes_in_paths '--warn=clippy::elidable_lifetime_names' '--warn=clippy::duration_suboptimal_units' '--warn=clippy::doc_link_with_quotes' '--warn=clippy::doc_include_without_cfg' '--warn=clippy::doc_comment_double_space_linebreaks' '--warn=clippy::doc_broken_link' '--warn=clippy::disallowed_script_idents' '--warn=clippy::deref_by_slicing' '--warn=clippy::default_union_representation' '--warn=clippy::default_trait_access' '--warn=clippy::decimal_literal_representation' '--warn=clippy::decimal_bitwise_operands' '--warn=clippy::dbg_macro' '--warn=clippy::create_dir' '--warn=clippy::copy_iterator' '--warn=clippy::comparison_chain' '--warn=clippy::collapsible_else_if' '--warn=clippy::cloned_instead_of_copied' '--warn=clippy::clone_on_ref_ptr' '--warn=clippy::checked_conversions' '--warn=clippy::cfg_not_test' '--warn=clippy::cast_sign_loss' '--warn=clippy::cast_ptr_alignment' '--warn=clippy::cast_precision_loss' '--warn=clippy::cast_possible_wrap' '--warn=clippy::cast_possible_truncation' '--warn=clippy::cast_lossless' '--warn=clippy::case_sensitive_file_extension_comparisons' '--warn=clippy::borrow_as_ptr' '--warn=clippy::bool_to_int_with_if' '--warn=clippy::assigning_clones' '--warn=clippy::assertions_on_result_states' '--warn=clippy::as_underscore' '--warn=clippy::as_pointer_underscore' '--warn=clippy::allow_attributes' --warn=absolute_paths_not_starting_with_crate --cfg 'feature="rdf-12"' --check-cfg 'cfg(docsrs,test)' --check-cfg 'cfg(feature, values("default", "http-client", "http-client-native-tls", "http-client-rustls-native", "http-client-rustls-webpki", "js", "js-sys", "oxhttp", "oxrocksdb-sys", "rdf-12", "rocksdb", "rocksdb-debug", "rocksdb-pkg-config"))' -C metadata=3bceab76f6bb2bd2 -C extra-filename=-f198a9448745ccd7 --out-dir /private/tmp/sparq-pr6049/.throughput-monitor/direct-5983/implementation/target/release/deps -C strip=debuginfo -L dependency=/private/tmp/sparq-pr6049/.throughput-monitor/direct-5983/implementation/target/release/deps --extern dashmap=/private/tmp/sparq-pr6049/.throughput-monitor/direct-5983/implementation/target/release/deps/libdashmap-258b9ddb7477e788.rmeta --extern libc=/private/tmp/sparq-pr6049/.throughput-monitor/direct-5983/implementation/target/release/deps/liblibc-d3a9ab32a070ca78.rmeta --extern oxiri=/private/tmp/sparq-pr6049/.throughput-monitor/direct-5983/implementation/target/release/deps/liboxiri-256fcb858fdf74ff.rmeta --extern oxrdf=/private/tmp/sparq-pr6049/.throughput-monitor/direct-5983/implementation/target/release/deps/liboxrdf-a953fc3282e3d853.rmeta --extern oxrdfio=/private/tmp/sparq-pr6049/.throughput-monitor/direct-5983/implementation/target/release/deps/liboxrdfio-a4a0e396a7e11b8a.rmeta --extern oxsdatatypes=/private/tmp/sparq-pr6049/.throughput-monitor/direct-5983/implementation/target/release/deps/liboxsdatatypes-90c5e8be92a8aa0c.rmeta --extern rand=/private/tmp/sparq-pr6049/.throughput-monitor/direct-5983/implementation/target/release/deps/librand-5398fd28bd637609.rmeta --extern rustc_hash=/private/tmp/sparq-pr6049/.throughput-monitor/direct-5983/implementation/target/release/deps/librustc_hash-a257f2d86c4c9dc8.rmeta --extern siphasher=/private/tmp/sparq-pr6049/.throughput-monitor/direct-5983/implementation/target/release/deps/libsiphasher-89ba178c5b742262.rmeta --extern sparesults=/private/tmp/sparq-pr6049/.throughput-monitor/direct-5983/implementation/target/release/deps/libsparesults-c186246b8b291dfb.rmeta --extern spareval=/private/tmp/sparq-pr6049/.throughput-monitor/direct-5983/implementation/target/release/deps/libspareval-2531fc935ea3b031.rmeta --extern spargebra=/private/tmp/sparq-pr6049/.throughput-monitor/direct-5983/implementation/target/release/deps/libspargebra-f81f815394fff866.rmeta --extern thiserror=/private/tmp/sparq-pr6049/.throughput-monitor/direct-5983/implementation/target/release/deps/libthiserror-02ad4ed01d310d06.rmeta --cap-lints warn`
   Compiling sparq-engine v0.1.1 (/private/tmp/sparq-pr6049/.throughput-monitor/direct-5183/original-seed-execution/parent-source/crates/sparq-engine)
     Running `CARGO=/Users/jesght/.rustup/toolchains/1.97.1-aarch64-apple-darwin/bin/cargo CARGO_CRATE_NAME=sparq_engine CARGO_MANIFEST_DIR=/private/tmp/sparq-pr6049/.throughput-monitor/direct-5183/original-seed-execution/parent-source/crates/sparq-engine CARGO_MANIFEST_PATH=/private/tmp/sparq-pr6049/.throughput-monitor/direct-5183/original-seed-execution/parent-source/crates/sparq-engine/Cargo.toml CARGO_PKG_AUTHORS='' CARGO_PKG_DESCRIPTION='SPARQL query engine over sparq-core: algebra-to-physical-plan compilation, cardinality-based join planning, and parallel execution' CARGO_PKG_HOMEPAGE='https://github.com/sparq-org/sparq' CARGO_PKG_LICENSE=MIT CARGO_PKG_LICENSE_FILE='' CARGO_PKG_NAME=sparq-engine CARGO_PKG_README=README.md CARGO_PKG_REPOSITORY='https://github.com/sparq-org/sparq' CARGO_PKG_RUST_VERSION=1.88 CARGO_PKG_VERSION=0.1.1 CARGO_PKG_VERSION_MAJOR=0 CARGO_PKG_VERSION_MINOR=1 CARGO_PKG_VERSION_PATCH=1 CARGO_PKG_VERSION_PRE='' DYLD_FALLBACK_LIBRARY_PATH='/private/tmp/sparq-pr6049/.throughput-monitor/direct-5983/implementation/target/release/deps:/Users/jesght/lib:/usr/local/lib:/usr/lib' /Users/jesght/.rustup/toolchains/1.97.1-aarch64-apple-darwin/bin/rustc --crate-name sparq_engine --edition=2021 /private/tmp/sparq-pr6049/.throughput-monitor/direct-5183/original-seed-execution/parent-source/crates/sparq-engine/src/lib.rs --error-format=json --json=diagnostic-rendered-ansi,artifacts,future-incompat --crate-type lib --emit=dep-info,metadata,link -C opt-level=3 -C embed-bitcode=no -C codegen-units=16 --warn=unexpected_cfgs --check-cfg 'cfg(kani)' --cfg 'feature="algebra-rewrite"' --cfg 'feature="default"' --cfg 'feature="digest"' --cfg 'feature="parallel"' --cfg 'feature="regex"' --check-cfg 'cfg(docsrs,test)' --check-cfg 'cfg(feature, values("algebra-rewrite", "antijoin-static-decline", "cluster-materialize", "cs-anchor-incidence", "cs-planner", "default", "digest", "dp-planner", "explain-json", "id-filter-fastpath", "parallel", "params", "paths", "persistent-stats", "query-solution", "regex", "result-cache", "semijoin-bitmap", "serialize-rdf", "service", "service-local", "spatial-exact-pushdown", "spqcprm2", "streaming-serialization", "templates", "topk-lazy-strkey", "txn", "value-join", "vectorized", "window-functions", "yannakakis", "zk"))' -C metadata=8ff20d537dcb45cf -C extra-filename=-8856bccde738726e --out-dir /private/tmp/sparq-pr6049/.throughput-monitor/direct-5983/implementation/target/release/deps -C strip=debuginfo -L dependency=/private/tmp/sparq-pr6049/.throughput-monitor/direct-5983/implementation/target/release/deps --extern md5=/private/tmp/sparq-pr6049/.throughput-monitor/direct-5983/implementation/target/release/deps/libmd5-d957b44d2a717174.rmeta --extern oxiri=/private/tmp/sparq-pr6049/.throughput-monitor/direct-5983/implementation/target/release/deps/liboxiri-256fcb858fdf74ff.rmeta --extern oxrdf=/private/tmp/sparq-pr6049/.throughput-monitor/direct-5983/implementation/target/release/deps/liboxrdf-a953fc3282e3d853.rmeta --extern rayon=/private/tmp/sparq-pr6049/.throughput-monitor/direct-5983/implementation/target/release/deps/librayon-b0b3a31e71d15f32.rmeta --extern regex=/private/tmp/sparq-pr6049/.throughput-monitor/direct-5983/implementation/target/release/deps/libregex-97e8c9837dd5af91.rmeta --extern rustc_hash=/private/tmp/sparq-pr6049/.throughput-monitor/direct-5983/implementation/target/release/deps/librustc_hash-a257f2d86c4c9dc8.rmeta --extern sha1=/private/tmp/sparq-pr6049/.throughput-monitor/direct-5983/implementation/target/release/deps/libsha1-cae15182d420d048.rmeta --extern sha2=/private/tmp/sparq-pr6049/.throughput-monitor/direct-5983/implementation/target/release/deps/libsha2-778aad56561bbe29.rmeta --extern smallvec=/private/tmp/sparq-pr6049/.throughput-monitor/direct-5983/implementation/target/release/deps/libsmallvec-2cf754751a422d03.rmeta --extern spargebra=/private/tmp/sparq-pr6049/.throughput-monitor/direct-5983/implementation/target/release/deps/libspargebra-f81f815394fff866.rmeta --extern sparq_core=/private/tmp/sparq-pr6049/.throughput-monitor/direct-5983/implementation/target/release/deps/libsparq_core-10f4959e8a6c9c7e.rmeta --extern sparq_substrate=/private/tmp/sparq-pr6049/.throughput-monitor/direct-5983/implementation/target/release/deps/libsparq_substrate-75d5b130b27a35d3.rmeta --extern uuid=/private/tmp/sparq-pr6049/.throughput-monitor/direct-5983/implementation/target/release/deps/libuuid-633b917788174200.rmeta`
   Compiling sparq-canon v0.1.1 (/private/tmp/sparq-pr6049/.throughput-monitor/direct-5183/original-seed-execution/parent-source/crates/sparq-canon)
     Running `CARGO=/Users/jesght/.rustup/toolchains/1.97.1-aarch64-apple-darwin/bin/cargo CARGO_CRATE_NAME=sparq_canon CARGO_MANIFEST_DIR=/private/tmp/sparq-pr6049/.throughput-monitor/direct-5183/original-seed-execution/parent-source/crates/sparq-canon CARGO_MANIFEST_PATH=/private/tmp/sparq-pr6049/.throughput-monitor/direct-5183/original-seed-execution/parent-source/crates/sparq-canon/Cargo.toml CARGO_PKG_AUTHORS='' CARGO_PKG_DESCRIPTION='RDFC-1.0 (RDF Dataset Canonicalization / URDNA2015 successor) as a small, opt-in public API over sparq'\''s oxrdf 0.3 term model' CARGO_PKG_HOMEPAGE='https://github.com/sparq-org/sparq' CARGO_PKG_LICENSE=MIT CARGO_PKG_LICENSE_FILE='' CARGO_PKG_NAME=sparq-canon CARGO_PKG_README=README.md CARGO_PKG_REPOSITORY='https://github.com/sparq-org/sparq' CARGO_PKG_RUST_VERSION=1.88 CARGO_PKG_VERSION=0.1.1 CARGO_PKG_VERSION_MAJOR=0 CARGO_PKG_VERSION_MINOR=1 CARGO_PKG_VERSION_PATCH=1 CARGO_PKG_VERSION_PRE='' DYLD_FALLBACK_LIBRARY_PATH='/private/tmp/sparq-pr6049/.throughput-monitor/direct-5983/implementation/target/release/deps:/Users/jesght/lib:/usr/local/lib:/usr/lib' /Users/jesght/.rustup/toolchains/1.97.1-aarch64-apple-darwin/bin/rustc --crate-name sparq_canon --edition=2021 /private/tmp/sparq-pr6049/.throughput-monitor/direct-5183/original-seed-execution/parent-source/crates/sparq-canon/src/lib.rs --error-format=json --json=diagnostic-rendered-ansi,artifacts,future-incompat --crate-type lib --emit=dep-info,metadata,link -C opt-level=3 -C embed-bitcode=no -C codegen-units=16 --cfg 'feature="default"' --cfg 'feature="parallel"' --cfg 'feature="rdf12-triple-terms"' --check-cfg 'cfg(docsrs,test)' --check-cfg 'cfg(feature, values("bridge-lowcopy", "concept", "default", "parallel", "rdf12-triple-terms"))' -C metadata=f923ecbcc5dffcc6 -C extra-filename=-0b5ba485bc988ee9 --out-dir /private/tmp/sparq-pr6049/.throughput-monitor/direct-5983/implementation/target/release/deps -C strip=debuginfo -L dependency=/private/tmp/sparq-pr6049/.throughput-monitor/direct-5983/implementation/target/release/deps --extern digest=/private/tmp/sparq-pr6049/.throughput-monitor/direct-5983/implementation/target/release/deps/libdigest-fa7fd8c8019c71c5.rmeta --extern oxrdf02=/private/tmp/sparq-pr6049/.throughput-monitor/direct-5983/implementation/target/release/deps/liboxrdf-937daa36ceb5531c.rmeta --extern oxrdf=/private/tmp/sparq-pr6049/.throughput-monitor/direct-5983/implementation/target/release/deps/liboxrdf-a953fc3282e3d853.rmeta --extern oxttl01=/private/tmp/sparq-pr6049/.throughput-monitor/direct-5983/implementation/target/release/deps/liboxttl-9d451dcbeca8ac17.rmeta --extern oxttl=/private/tmp/sparq-pr6049/.throughput-monitor/direct-5983/implementation/target/release/deps/liboxttl-bf587d09880a3c80.rmeta --extern rdf_canon=/private/tmp/sparq-pr6049/.throughput-monitor/direct-5983/implementation/target/release/deps/librdf_canon-503b6fb88fa2d9a7.rmeta --extern sha2=/private/tmp/sparq-pr6049/.throughput-monitor/direct-5983/implementation/target/release/deps/libsha2-c6cd3e5a6978836c.rmeta --extern sparq_core=/private/tmp/sparq-pr6049/.throughput-monitor/direct-5983/implementation/target/release/deps/libsparq_core-10f4959e8a6c9c7e.rmeta`
   Compiling issue5183-original-parent v0.0.0 (/private/tmp/sparq-pr6049/.throughput-monitor/direct-5183/original-seed-execution/parent/harness/crates/sparq-bench)
     Running `CARGO=/Users/jesght/.rustup/toolchains/1.97.1-aarch64-apple-darwin/bin/cargo CARGO_BIN_NAME=issue5183-original-parent CARGO_CRATE_NAME=issue5183_original_parent CARGO_MANIFEST_DIR=/private/tmp/sparq-pr6049/.throughput-monitor/direct-5183/original-seed-execution/parent/harness/crates/sparq-bench CARGO_MANIFEST_PATH=/private/tmp/sparq-pr6049/.throughput-monitor/direct-5183/original-seed-execution/parent/harness/crates/sparq-bench/Cargo.toml CARGO_PKG_AUTHORS='' CARGO_PKG_DESCRIPTION='' CARGO_PKG_HOMEPAGE='' CARGO_PKG_LICENSE='' CARGO_PKG_LICENSE_FILE='' CARGO_PKG_NAME=issue5183-original-parent CARGO_PKG_README='' CARGO_PKG_REPOSITORY='' CARGO_PKG_RUST_VERSION='' CARGO_PKG_VERSION=0.0.0 CARGO_PKG_VERSION_MAJOR=0 CARGO_PKG_VERSION_MINOR=0 CARGO_PKG_VERSION_PATCH=0 CARGO_PKG_VERSION_PRE='' CARGO_PRIMARY_PACKAGE=1 DYLD_FALLBACK_LIBRARY_PATH='/private/tmp/sparq-pr6049/.throughput-monitor/direct-5983/implementation/target/release/deps:/Users/jesght/lib:/usr/local/lib:/usr/lib' /Users/jesght/.rustup/toolchains/1.97.1-aarch64-apple-darwin/bin/rustc --crate-name issue5183_original_parent --edition=2024 src/main.rs --error-format=json --json=diagnostic-rendered-ansi,artifacts,future-incompat --crate-type bin --emit=dep-info,link -C opt-level=3 -C embed-bitcode=no -C codegen-units=16 --check-cfg 'cfg(docsrs,test)' --check-cfg 'cfg(feature, values())' -C metadata=0822c82cc684d34c -C extra-filename=-5e4b32514c048c5c --out-dir /private/tmp/sparq-pr6049/.throughput-monitor/direct-5983/implementation/target/release/deps -C strip=debuginfo -L dependency=/private/tmp/sparq-pr6049/.throughput-monitor/direct-5983/implementation/target/release/deps --extern oxigraph=/private/tmp/sparq-pr6049/.throughput-monitor/direct-5983/implementation/target/release/deps/liboxigraph-f198a9448745ccd7.rlib --extern oxrdf=/private/tmp/sparq-pr6049/.throughput-monitor/direct-5983/implementation/target/release/deps/liboxrdf-a953fc3282e3d853.rlib --extern serde_json=/private/tmp/sparq-pr6049/.throughput-monitor/direct-5983/implementation/target/release/deps/libserde_json-dfbc1c86400a124e.rlib --extern sparq_canon=/private/tmp/sparq-pr6049/.throughput-monitor/direct-5983/implementation/target/release/deps/libsparq_canon-0b5ba485bc988ee9.rlib --extern sparq_core=/private/tmp/sparq-pr6049/.throughput-monitor/direct-5983/implementation/target/release/deps/libsparq_core-10f4959e8a6c9c7e.rlib --extern sparq_engine=/private/tmp/sparq-pr6049/.throughput-monitor/direct-5983/implementation/target/release/deps/libsparq_engine-8856bccde738726e.rlib`
    Finished `release` profile [optimized] target(s) in 3m 14s
