2026-09-10T16:32:06.6501577Z Current runner version: '2.337.0'
2026-09-10T16:32:06.6522982Z ##[group]Runner Image Provisioner
2026-09-10T16:32:06.6523748Z Hosted Compute Agent
2026-09-10T16:32:06.6524277Z Version: 20260828.587
2026-09-10T16:32:06.6524809Z Commit: abac92662cab4cc7352de4f9f9d2e2419aad9c29
2026-09-10T16:32:06.6525453Z Build Date: 2026-08-28T16:44:25Z
2026-09-10T16:32:06.6526015Z Worker ID: {ed053d25-8ef1-4bae-88d0-56d6a5804cc1}
2026-09-10T16:32:06.6526673Z Azure Region: westus3
2026-09-10T16:32:06.6527181Z ##[endgroup]
2026-09-10T16:32:06.6528238Z ##[group]Operating System
2026-09-10T16:32:06.6528794Z Ubuntu
2026-09-10T16:32:06.6529228Z 24.04.5
2026-09-10T16:32:06.6529638Z LTS
2026-09-10T16:32:06.6530139Z ##[endgroup]
2026-09-10T16:32:06.6530589Z ##[group]Runner Image
2026-09-10T16:32:06.6531111Z Image: ubuntu-24.04
2026-09-10T16:32:06.6531590Z Version: 20260907.300.1
2026-09-10T16:32:06.6532836Z Included Software: https://github.com/actions/runner-images/blob/ubuntu24/20260907.300/images/ubuntu/Ubuntu2404-Readme.md
2026-09-10T16:32:06.6534117Z Image Release: https://github.com/actions/runner-images/releases/tag/ubuntu24%2F20260907.300
2026-09-10T16:32:06.6534882Z ##[endgroup]
2026-09-10T16:32:06.6535803Z ##[group]GITHUB_TOKEN Permissions
2026-09-10T16:32:06.6537425Z Contents: read
2026-09-10T16:32:06.6537913Z Metadata: read
2026-09-10T16:32:06.6538363Z ##[endgroup]
2026-09-10T16:32:06.6540112Z Secret source: Actions
2026-09-10T16:32:06.6540856Z Cache mode: write
2026-09-10T16:32:06.6541553Z Prepare workflow directory
2026-09-10T16:32:06.7037778Z Prepare all required actions
2026-09-10T16:32:06.7077122Z Getting action download info
2026-09-10T16:32:07.0201904Z Download action repository 'actions/checkout@9c091bb21b7c1c1d1991bb908d89e4e9dddfe3e0' (SHA:9c091bb21b7c1c1d1991bb908d89e4e9dddfe3e0)
2026-09-10T16:32:07.4647670Z Download action repository 'taiki-e/install-action@18b1216eba7f8039b0f8d131d5473787f0edce68' (SHA:18b1216eba7f8039b0f8d131d5473787f0edce68)
2026-09-10T16:32:08.5982921Z Download action repository 'actions/download-artifact@3e5f45b2cfb9172054b4087a40e8e0b5a5461e7c' (SHA:3e5f45b2cfb9172054b4087a40e8e0b5a5461e7c)
2026-09-10T16:32:09.4344772Z Complete job name: test (load-aware shard bulk 2/3)
2026-09-10T16:32:09.4877285Z ##[group]Run actions/checkout@9c091bb21b7c1c1d1991bb908d89e4e9dddfe3e0
2026-09-10T16:32:09.4877885Z with:
2026-09-10T16:32:09.4878122Z   repository: sparq-org/sparq
2026-09-10T16:32:09.4880353Z   token: ***
2026-09-10T16:32:09.4880576Z   ssh-strict: true
2026-09-10T16:32:09.4880796Z   ssh-user: git
2026-09-10T16:32:09.4881022Z   persist-credentials: true
2026-09-10T16:32:09.4881261Z   clean: true
2026-09-10T16:32:09.4881486Z   sparse-checkout-cone-mode: true
2026-09-10T16:32:09.4881743Z   fetch-depth: 1
2026-09-10T16:32:09.4881969Z   fetch-tags: false
2026-09-10T16:32:09.4882188Z   show-progress: true
2026-09-10T16:32:09.4882420Z   lfs: false
2026-09-10T16:32:09.4882786Z   submodules: false
2026-09-10T16:32:09.4883014Z   set-safe-directory: true
2026-09-10T16:32:09.4883266Z   allow-unsafe-pr-checkout: false
2026-09-10T16:32:09.4883696Z env:
2026-09-10T16:32:09.4883917Z   CARGO_TERM_COLOR: always
2026-09-10T16:32:09.4884148Z   RUST_BACKTRACE: 1
2026-09-10T16:32:09.4884402Z   CARGO_NET_RETRY: 10
2026-09-10T16:32:09.4884624Z   CARGO_INCREMENTAL: 0
2026-09-10T16:32:09.4884866Z   CARGO_PROFILE_DEV_DEBUG: line-tables-only
2026-09-10T16:32:09.4885261Z   CARGO_TARGET_X86_64_UNKNOWN_LINUX_GNU_RUSTFLAGS: -C link-arg=-fuse-ld=lld
2026-09-10T16:32:09.4885761Z   HEAVY: test(=diskann_recall_at_10_vs_brute_force_on_50k) | test(=hnsw_recall_at_10_vs_brute_force_on_50k)
2026-09-10T16:32:09.4886165Z ##[endgroup]
2026-09-10T16:32:09.5659770Z Syncing repository: sparq-org/sparq
2026-09-10T16:32:09.5661387Z ##[group]Getting Git version info
2026-09-10T16:32:09.5661920Z Working directory is '/home/runner/work/sparq/sparq'
2026-09-10T16:32:09.5662888Z [command]/usr/bin/git version
2026-09-10T16:32:09.5708658Z git version 2.55.0
2026-09-10T16:32:09.5724936Z ##[endgroup]
2026-09-10T16:32:09.5733368Z Temporarily overriding HOME='/home/runner/work/_temp/5f610c39-e0fd-47d6-b17d-fd7beb437617' before making global git config changes
2026-09-10T16:32:09.5735054Z Adding repository directory to the temporary git global config as a safe directory
2026-09-10T16:32:09.5738214Z [command]/usr/bin/git config --global --add safe.directory /home/runner/work/sparq/sparq
2026-09-10T16:32:09.5785410Z Deleting the contents of '/home/runner/work/sparq/sparq'
2026-09-10T16:32:09.5788559Z ##[group]Determining repository object format
2026-09-10T16:32:09.5789902Z ##[endgroup]
2026-09-10T16:32:09.5790499Z ##[group]Initializing the repository
2026-09-10T16:32:09.5794152Z [command]/usr/bin/git init /home/runner/work/sparq/sparq
2026-09-10T16:32:09.5871453Z hint: Using 'master' as the name for the initial branch. This default branch name
2026-09-10T16:32:09.5872270Z hint: will change to "main" in Git 3.0. To configure the initial branch name
2026-09-10T16:32:09.5875780Z hint: to use in all of your new repositories, which will suppress this warning,
2026-09-10T16:32:09.5876391Z hint: call:
2026-09-10T16:32:09.5876673Z hint:
2026-09-10T16:32:09.5877080Z hint: 	git config --global init.defaultBranch <name>
2026-09-10T16:32:09.5877545Z hint:
2026-09-10T16:32:09.5877991Z hint: Names commonly chosen instead of 'master' are 'main', 'trunk' and
2026-09-10T16:32:09.5878695Z hint: 'development'. The just-created branch can be renamed via this command:
2026-09-10T16:32:09.5879219Z hint:
2026-09-10T16:32:09.5879428Z hint: 	git branch -m <name>
2026-09-10T16:32:09.5879661Z hint:
2026-09-10T16:32:09.5879965Z hint: Disable this message with "git config set advice.defaultBranchName false"
2026-09-10T16:32:09.5880446Z Initialized empty Git repository in /home/runner/work/sparq/sparq/.git/
2026-09-10T16:32:09.5883653Z [command]/usr/bin/git remote add origin https://github.com/sparq-org/sparq
2026-09-10T16:32:09.5921219Z ##[endgroup]
2026-09-10T16:32:09.5922094Z ##[group]Disabling automatic garbage collection
2026-09-10T16:32:09.5924864Z [command]/usr/bin/git config --local gc.auto 0
2026-09-10T16:32:09.5949878Z ##[endgroup]
2026-09-10T16:32:09.5950501Z ##[group]Setting up auth
2026-09-10T16:32:09.5961826Z Removing SSH command configuration
2026-09-10T16:32:09.5963073Z [command]/usr/bin/git config --local --name-only --get-regexp core\.sshCommand
2026-09-10T16:32:09.5987473Z [command]/usr/bin/git submodule foreach --recursive sh -c "git config --local --name-only --get-regexp 'core\.sshCommand' && git config --local --unset-all 'core.sshCommand' || :"
2026-09-10T16:32:09.6286667Z Removing HTTP extra header
2026-09-10T16:32:09.6293622Z [command]/usr/bin/git config --local --name-only --get-regexp http\.https\:\/\/github\.com\/\.extraheader
2026-09-10T16:32:09.6335800Z [command]/usr/bin/git submodule foreach --recursive sh -c "git config --local --name-only --get-regexp 'http\.https\:\/\/github\.com\/\.extraheader' && git config --local --unset-all 'http.https://github.com/.extraheader' || :"
2026-09-10T16:32:09.6533432Z Removing includeIf entries pointing to credentials config files
2026-09-10T16:32:09.6534048Z [command]/usr/bin/git config --local --name-only --get-regexp ^includeIf\.gitdir:
2026-09-10T16:32:09.6565368Z [command]/usr/bin/git submodule foreach --recursive git config --local --show-origin --name-only --get-regexp remote.origin.url
2026-09-10T16:32:09.6759834Z [command]/usr/bin/git config --file /home/runner/work/_temp/git-credentials-58c87f4c-715f-4947-aac7-bf2db77854f9.config http.https://github.com/.extraheader AUTHORIZATION: basic ***
2026-09-10T16:32:09.6796388Z [command]/usr/bin/git config --local includeIf.gitdir:/home/runner/work/sparq/sparq/.git.path /home/runner/work/_temp/git-credentials-58c87f4c-715f-4947-aac7-bf2db77854f9.config
2026-09-10T16:32:09.6824283Z [command]/usr/bin/git config --local includeIf.gitdir:/home/runner/work/sparq/sparq/.git/worktrees/*.path /home/runner/work/_temp/git-credentials-58c87f4c-715f-4947-aac7-bf2db77854f9.config
2026-09-10T16:32:09.6854096Z [command]/usr/bin/git config --local includeIf.gitdir:/github/workspace/.git.path /github/runner_temp/git-credentials-58c87f4c-715f-4947-aac7-bf2db77854f9.config
2026-09-10T16:32:09.6882886Z [command]/usr/bin/git config --local includeIf.gitdir:/github/workspace/.git/worktrees/*.path /github/runner_temp/git-credentials-58c87f4c-715f-4947-aac7-bf2db77854f9.config
2026-09-10T16:32:09.6908316Z ##[endgroup]
2026-09-10T16:32:09.6908822Z ##[group]Fetching the repository
2026-09-10T16:32:09.6913709Z [command]/usr/bin/git -c protocol.version=2 fetch --no-tags --prune --no-recurse-submodules --depth=1 origin +f50b5049627415a0f8fd1eca6dd3cb9ac5fcd464:refs/remotes/origin/main
2026-09-10T16:32:13.0996850Z From https://github.com/sparq-org/sparq
2026-09-10T16:32:13.0997302Z  * [new ref]         f50b5049627415a0f8fd1eca6dd3cb9ac5fcd464 -> origin/main
2026-09-10T16:32:13.1003899Z [command]/usr/bin/git branch --list --remote origin/main
2026-09-10T16:32:13.1030329Z   origin/main
2026-09-10T16:32:13.1037050Z [command]/usr/bin/git rev-parse refs/remotes/origin/main
2026-09-10T16:32:13.1059993Z f50b5049627415a0f8fd1eca6dd3cb9ac5fcd464
2026-09-10T16:32:13.1067368Z ##[endgroup]
2026-09-10T16:32:13.1067710Z ##[group]Determining the checkout info
2026-09-10T16:32:13.1068248Z ##[endgroup]
2026-09-10T16:32:13.1069886Z [command]/usr/bin/git sparse-checkout disable
2026-09-10T16:32:13.1127966Z [command]/usr/bin/git config --local --unset-all extensions.worktreeConfig
2026-09-10T16:32:13.1156640Z ##[group]Checking out the ref
2026-09-10T16:32:13.1160720Z [command]/usr/bin/git checkout --progress --force -B main refs/remotes/origin/main
2026-09-10T16:32:13.5630348Z Switched to a new branch 'main'
2026-09-10T16:32:13.5633153Z branch 'main' set up to track 'origin/main'.
2026-09-10T16:32:13.5672391Z ##[endgroup]
2026-09-10T16:32:13.5713250Z [command]/usr/bin/git log -1 --format=%H
2026-09-10T16:32:13.5723199Z f50b5049627415a0f8fd1eca6dd3cb9ac5fcd464
2026-09-10T16:32:13.5953623Z ##[group]Run ./scripts/ci-free-disk.sh
2026-09-10T16:32:13.5953939Z [36;1m./scripts/ci-free-disk.sh[0m
2026-09-10T16:32:13.5988327Z shell: /usr/bin/bash -e {0}
2026-09-10T16:32:13.5988549Z env:
2026-09-10T16:32:13.5988717Z   CARGO_TERM_COLOR: always
2026-09-10T16:32:13.5988920Z   RUST_BACKTRACE: 1
2026-09-10T16:32:13.5989094Z   CARGO_NET_RETRY: 10
2026-09-10T16:32:13.5989263Z   CARGO_INCREMENTAL: 0
2026-09-10T16:32:13.5989469Z   CARGO_PROFILE_DEV_DEBUG: line-tables-only
2026-09-10T16:32:13.5989777Z   CARGO_TARGET_X86_64_UNKNOWN_LINUX_GNU_RUSTFLAGS: -C link-arg=-fuse-ld=lld
2026-09-10T16:32:13.5990225Z   HEAVY: test(=diskann_recall_at_10_vs_brute_force_on_50k) | test(=hnsw_recall_at_10_vs_brute_force_on_50k)
2026-09-10T16:32:13.5990593Z ##[endgroup]
2026-09-10T16:32:13.6075640Z ##[group]Free runner disk — before
2026-09-10T16:32:13.6218284Z Filesystem      Size  Used Avail Use% Mounted on
2026-09-10T16:32:13.6218699Z /dev/root       145G   59G   86G  41% /
2026-09-10T16:32:13.6219671Z ##[endgroup]
2026-09-10T16:32:13.6220673Z removing /usr/share/dotnet
2026-09-10T16:32:26.1644208Z removing /usr/local/lib/android
2026-09-10T16:33:41.2100605Z removing /usr/local/.ghcup
2026-09-10T16:33:43.2380498Z removing /opt/hostedtoolcache/CodeQL
2026-09-10T16:33:45.5811713Z removing /usr/local/share/powershell
2026-09-10T16:33:45.9212204Z removing /usr/share/swift
2026-09-10T16:33:46.2901138Z removing /opt/hostedtoolcache (hosted toolcache)
2026-09-10T16:34:01.6851231Z pruning docker images
2026-09-10T16:34:28.5021867Z Deleted Images:
2026-09-10T16:34:28.5032631Z untagged: ghcr.io/github/github-mcp-server:latest
2026-09-10T16:34:28.5033376Z untagged: ghcr.io/github/github-mcp-server@sha256:46cdbbd810faf6f7aed1745ea04057443f5cb9fcadc15c7308add18cf9a83e33
2026-09-10T16:34:28.5034187Z deleted: sha256:3e165e25be8d461c06268b9fb30e93cf91f791acf7e3889f41b20f4896357dc0
2026-09-10T16:34:28.5034883Z deleted: sha256:e6795b1026263703aab7615e3710f9506ec5f018544150b68778c93b75375b85
2026-09-10T16:34:28.5036854Z deleted: sha256:1e1cabb4a65e50fb84bc4612619b0025e4a1d06d5e38699d1e67e5a8e4f333db
2026-09-10T16:34:28.5037563Z deleted: sha256:86766d6a6e947f4a599c6e23307470f8f75732fc3d143ec1f3260e4406202bee
2026-09-10T16:34:28.5038188Z deleted: sha256:2944471a0bbdfb4985f84f8d287edb5cd982d1060589e707a6cb0cbe82cdfe89
2026-09-10T16:34:28.5038756Z deleted: sha256:5e555e7975e2202f21fb93d460d701a340ade876f3afccb70d702f1dc5ab80db
2026-09-10T16:34:28.5039162Z deleted: sha256:2a080d78a1c5e3615170178f1c6f4c726340da9d5ff2926cb66e2fd97851da9d
2026-09-10T16:34:28.5039611Z deleted: sha256:af4a114029fbf94a3cf75c5cfaa5e947019cd6faae4b800c9306ac9079363def
2026-09-10T16:34:28.5040122Z deleted: sha256:c7b875d3de914680ec64ba55be5865955ec595e7370812894ee68a502e2e8391
2026-09-10T16:34:28.5040527Z deleted: sha256:85d9b4c1ef131ee259952a35027e942f79626303ab143eff7ef00d55201bd06f
2026-09-10T16:34:28.5041045Z deleted: sha256:492c6420fd79f4cd4e761bec1e74db6044d45adb5b073a82289af68aa3162e3f
2026-09-10T16:34:28.5041473Z deleted: sha256:14b282df61c0316a80216cec27e753777da93de1d7e062072ef3b517f984fcf1
2026-09-10T16:34:28.5041964Z deleted: sha256:fdaace00fc3f072b9060f703047b30a2c14d8bde7dbbf31a396802c032923732
2026-09-10T16:34:28.5042393Z deleted: sha256:7f73eafc455b691b504d4d3c3f3c7be90e135c1d0ba4988b2cac29579cd6b567
2026-09-10T16:34:28.5043026Z deleted: sha256:32a12b65383df6b6553c8d59f691675ca1980f8cec9c51cce163c3c8f7665a41
2026-09-10T16:34:28.5043428Z deleted: sha256:5217b01660b515ac25ea055a8bd04a20790c7d6bd6085374b59b9081283911af
2026-09-10T16:34:28.5043857Z deleted: sha256:7223ea1323e8c1159ec17f07d35acc27bdd1cc2bc3ed425b44ef21dac9915db0
2026-09-10T16:34:28.5044705Z untagged: ghcr.io/dependabot/dependabot-updater-core:latest
2026-09-10T16:34:28.5045489Z untagged: ghcr.io/dependabot/dependabot-updater-core@sha256:2fba19978e4b0b2a9829597be4a15fb1fe19878b241e97a9b4d1317692940c45
2026-09-10T16:34:28.5046261Z deleted: sha256:5c1f9f1da87f5427dd6e2ec5a1ab97d0748fdbafcf57eb9055a943a414b545d8
2026-09-10T16:34:28.5047161Z deleted: sha256:a658acc81f7c03694e92f11ffe3716ab1e1828fefcd8c38e16b0baf9e7dd855e
2026-09-10T16:34:28.5047845Z deleted: sha256:3deacaf32289cd96e22b8c126f3b6798c10b13e95573345a6541e0f2e06dbf1a
2026-09-10T16:34:28.5048623Z deleted: sha256:6de7bde6a77f7425104bebf13d2245e8c979466b5950850850bb2b59e2a446ef
2026-09-10T16:34:28.5049286Z deleted: sha256:801974b9383c04d0b062eabda4fa89aea90d7f81014a5132bea9ad5af432e63a
2026-09-10T16:34:28.5049938Z deleted: sha256:f4f67dbe94c5027b91e62a87b484094ec5edf89c6500d22a5db8fa4eec67175c
2026-09-10T16:34:28.5050597Z deleted: sha256:ca382568e43dbf58df9081d87644fe890c310ca466d7dc521182e9ffbdc7b114
2026-09-10T16:34:28.5051244Z deleted: sha256:86729f28930c476a1c6e36572c8868f9e040f26ded9dbf3a95280883a792c9ac
2026-09-10T16:34:28.5051895Z deleted: sha256:0a693f8c5976fbc1ff090ea7c2a54a5956d68ae24bea0bd7398f66ad8037b0a1
2026-09-10T16:34:28.5052714Z deleted: sha256:52fd024951e481afa63bd5ef23d13c98812d030e58f07f476d5ee729d5be5a99
2026-09-10T16:34:28.5053389Z deleted: sha256:d4169ad79fb7d65bbcd18dc7612d3535f417ef5d6b352bdece28ca9bd4f5645e
2026-09-10T16:34:28.5054061Z deleted: sha256:e1f9b984a3f8762d623f4fbbf0b14bdeb4b68aafb0bdaaa89bc6c374e0ce9265
2026-09-10T16:34:28.5054747Z deleted: sha256:b9a65b3c65ab22d490085bd0bf5490e2409da8748b406870f2463bdc41cd6795
2026-09-10T16:34:28.5055301Z untagged: ghcr.io/github/gh-aw-mcpg:latest
2026-09-10T16:34:28.5055975Z untagged: ghcr.io/github/gh-aw-mcpg@sha256:85b940556a8faa4e1fdbef124bfd75f2c4ebd855a10b88a1c3b6f3e97f6f1a53
2026-09-10T16:34:28.5056788Z deleted: sha256:5f22df3c4a888854cfd7514774684e882b961e11d319d1f4039684ad541d054c
2026-09-10T16:34:28.5057417Z deleted: sha256:6c37d32d6b128c746188851ba4212d149ce39981c0b766b2d3c447b8490d7a04
2026-09-10T16:34:28.5058059Z deleted: sha256:3ca287a3624a33e972668a5d6b7700a8c8dc3041aeadb0fcfe3848f38b2f668a
2026-09-10T16:34:28.5058702Z deleted: sha256:5c67f508406e6a9bf44788025c431b8006e32ed767e703b025caca793dbfedb1
2026-09-10T16:34:28.5059346Z deleted: sha256:8dd0a643b90751a901f6982738612594e618ba48ea971098e8d4e7468d9cc450
2026-09-10T16:34:28.5059990Z deleted: sha256:c48e7d23f5f6b9133896e262a510ef3f4288e11d98705c1f52b8cc19fb7af6f8
2026-09-10T16:34:28.5060655Z deleted: sha256:09df3d36d3df02c2be99898ac9e632f91e02fb8262d715c6c0e25927ed2e5dd6
2026-09-10T16:34:28.5061467Z deleted: sha256:6ccd0f9257b0a94f3e50f50a9cdc766408da9d5ded13721abdac5fc34f663f49
2026-09-10T16:34:28.5062119Z deleted: sha256:4b35d13cdd93533c08ba296080135dfc555c64a3a0a4284ac739b93e53ee63f6
2026-09-10T16:34:28.5073100Z deleted: sha256:70834cf3bba44803e61e4c9d424992d91e06c34dcbfa92d388fc493c51c26e3a
2026-09-10T16:34:28.5073830Z deleted: sha256:1a597abbdca4511eb22f2e0b00a5d8b6d6129e7669ed56d751b9d1d611d80bfa
2026-09-10T16:34:28.5074514Z deleted: sha256:d5c28ed9f7e287d23038493d8b2dbea75a712162b907ec2fab74295d6bbf77fc
2026-09-10T16:34:28.5075096Z untagged: ghcr.io/github/gh-aw-firewall/api-proxy:latest
2026-09-10T16:34:28.5075857Z untagged: ghcr.io/github/gh-aw-firewall/api-proxy@sha256:6f95e2234dd9bd6333a8ff28ccea7ecf0204acd4a09108723844dbd2bf6268c5
2026-09-10T16:34:28.5076726Z deleted: sha256:9d8f8fbebb4891599e5e95a55878c77d12c4c321a715acb61dfbb6560b9a55f7
2026-09-10T16:34:28.5077410Z deleted: sha256:3f6dbad59a0bd4729965d9c16c261d980e14162bf000dbcafe8ed7db2fedff6a
2026-09-10T16:34:28.5078090Z deleted: sha256:80b79f0f8bc3d5c3cdf69acd5dce576d05f85a637a80a7c3100757747995da79
2026-09-10T16:34:28.5078761Z deleted: sha256:a53eb6ed7d6102b7a56089598e8984dccdce769642ab8b7483de9b9ad2f9759b
2026-09-10T16:34:28.5079422Z deleted: sha256:0f25ce44464c0e2c078afd7b11f2b8858d4723083e360476d0492fed5a43c55e
2026-09-10T16:34:28.5080079Z deleted: sha256:dc9c32836ca3a5bd64bbd358dddf58538bd478e0b1056d9788811fdefe4760dc
2026-09-10T16:34:28.5080737Z deleted: sha256:78b6d979c4416462cbea914957db2a0d0ffbbf13ebef0396e96f87f6a04c1c83
2026-09-10T16:34:28.5081394Z deleted: sha256:dafd7f59462c952a062aee22b121678c09db1270c06099a530ffc0e4f15757d5
2026-09-10T16:34:28.5082075Z deleted: sha256:34447b7d6e1dbe8676ba1a182208e48cb136db5173a7b4e9db844e8cacfabd01
2026-09-10T16:34:28.5083108Z deleted: sha256:5da802879903f2d623b671bd10f7b817b6f35c8bec8adaebfd89a117e42f5781
2026-09-10T16:34:28.5083813Z deleted: sha256:a696aa1bb46d54f27a28325e84b65909a50b909fc457649fbc8301a7aca37895
2026-09-10T16:34:28.5084470Z deleted: sha256:3d64c014648b8444862bc8607a2495744e9a5ed3b0f900a312000966a0c1b848
2026-09-10T16:34:28.5085150Z deleted: sha256:3cb5ff4e2dd3664e916daf13ba79b8104cae6c95e940f30b22eba2e1c9700055
2026-09-10T16:34:28.5085821Z deleted: sha256:67ff5491d21a37e76f730c473545e7d4143c28cf7ee18a80d44fd9e21780b860
2026-09-10T16:34:28.5086417Z untagged: ghcr.io/github/gh-aw-firewall/agent:latest
2026-09-10T16:34:28.5087231Z untagged: ghcr.io/github/gh-aw-firewall/agent@sha256:f7df036c86575527b61f3f7df91c4412349a12b2a74988d929eafa2999230c98
2026-09-10T16:34:28.5088071Z deleted: sha256:bd7acdea59363f831eae4896982d7476af675c9d5c281ebc9b739af5fc72f561
2026-09-10T16:34:28.5088752Z deleted: sha256:835524e93c1a21bb17de1be07498df8d9871fc242bf9e75d990bdc56575672ef
2026-09-10T16:34:28.5089496Z deleted: sha256:30707983df40fb4ab43c2cc153cdcfea8188eb564e21860b2df0b8126e02d191
2026-09-10T16:34:28.5090181Z deleted: sha256:89f02a183f5fcabb96e9ffc11f0af77c566e6a25a0c69835a869897ca6fe5e37
2026-09-10T16:34:28.5090859Z deleted: sha256:a7fb1fe985b36be7d31d4323c87dca4e179fc6ca3c74b5f687ea91a09487c34c
2026-09-10T16:34:28.5091549Z deleted: sha256:14310bdf1e1c5dbd600be902d4d3aadbf17b69f5f098cf6a78e63b36ea0fe968
2026-09-10T16:34:28.5092246Z deleted: sha256:a688db3e7bd99824d7a8d208d1bfbbadfe138f7da289ffaa0be99b340d5f7791
2026-09-10T16:34:28.5093090Z deleted: sha256:bbd6fa1ee3c6cb08bdedaf327da02cffa2de419399df715530156c65c828dd9d
2026-09-10T16:34:28.5093769Z deleted: sha256:ae5095c15a582692fe26c98943591c570c8e01ecade1fbc1afbeb91fc5b30083
2026-09-10T16:34:28.5094430Z deleted: sha256:48607de80178970f04b8070234715afcb462d1ebae0e35d7706e90e363fad8f1
2026-09-10T16:34:28.5095078Z deleted: sha256:e36cc363bb33bde2cb93c5453d4102143425469dbe4235bceb7838c3f3884087
2026-09-10T16:34:28.5095743Z deleted: sha256:fe127748fc7c38aca97b5d62ea80f1a94d595b1d507034d16c50fa0edf34a3f9
2026-09-10T16:34:28.5096396Z deleted: sha256:76b449524758f19bbee8ab573533946790535760522180774a52ff4a9ab3ced6
2026-09-10T16:34:28.5097092Z deleted: sha256:8704049c6b08fb4b480f629085bdcc79048f5cda6f1fadb0f93699371b34bb0d
2026-09-10T16:34:28.5097943Z deleted: sha256:b612b26fad33bce77de9e47ebdf2b07b5cbe468fa5860b74c1ff635c9194c74a
2026-09-10T16:34:28.5098618Z deleted: sha256:328120eca40f8b857f0e1a3cd8f3d8fd9bcd5c2c0f4776647796eb37f24a40d7
2026-09-10T16:34:28.5099272Z deleted: sha256:9d26eb37d23413f641be146794b1b8ecdd9b1fcd9a8f110842c0038f5f440206
2026-09-10T16:34:28.5099968Z deleted: sha256:c0359c5b6ede84d4a083d06d35ee77f0b338dfb17423771854d007d89953fb3e
2026-09-10T16:34:28.5100535Z untagged: ghcr.io/github/gh-aw-firewall/squid:latest
2026-09-10T16:34:28.5101272Z untagged: ghcr.io/github/gh-aw-firewall/squid@sha256:2ce8df3abf3e9b76e9c0cf5863da41f1ab3f89b20ad14b988806ab89e7bf2cd5
2026-09-10T16:34:28.5102125Z deleted: sha256:ebc9c9e5ccbd12daa23000ec1af4118fe64bc6ac61a25a39552e86f2941ec108
2026-09-10T16:34:28.5114686Z deleted: sha256:985778c0df7e26510751d7fca1e46b01ec5cd13716dfb4ebaa293b6e617da6ce
2026-09-10T16:34:28.5115161Z deleted: sha256:801a15b59b64ce9d2896f9e9f9dab7e99be9e94e56ad8e75df7113dbae5d461b
2026-09-10T16:34:28.5115590Z deleted: sha256:8b7ce8ae5ead69d566b03fa43c47d34fcd3081bb208ef7c4619b82f54d882c1a
2026-09-10T16:34:28.5116012Z deleted: sha256:a8913d3fe0eda67eda6a098eedb907e803a207157ddf88c54da79d8ac15ce580
2026-09-10T16:34:28.5116426Z deleted: sha256:34884abbe92863fce933ed7c39c0e045631af0ed86d5cc0dfbdf9fdca426ce3c
2026-09-10T16:34:28.5116670Z 
2026-09-10T16:34:28.5116751Z Total reclaimed space: 1.88GB
2026-09-10T16:34:28.5200463Z ##[group]Free runner disk — after
2026-09-10T16:34:28.5209720Z Filesystem      Size  Used Avail Use% Mounted on
2026-09-10T16:34:28.5209991Z /dev/root       145G   27G  118G  19% /
2026-09-10T16:34:28.5211559Z ##[endgroup]
2026-09-10T16:34:28.5243695Z ##[group]Run rustup default stable
2026-09-10T16:34:28.5243980Z [36;1mrustup default stable[0m
2026-09-10T16:34:28.5244206Z [36;1mrustup show active-toolchain[0m
2026-09-10T16:34:28.5274755Z shell: /usr/bin/bash -e {0}
2026-09-10T16:34:28.5274963Z env:
2026-09-10T16:34:28.5275130Z   CARGO_TERM_COLOR: always
2026-09-10T16:34:28.5275322Z   RUST_BACKTRACE: 1
2026-09-10T16:34:28.5275508Z   CARGO_NET_RETRY: 10
2026-09-10T16:34:28.5275690Z   CARGO_INCREMENTAL: 0
2026-09-10T16:34:28.5275885Z   CARGO_PROFILE_DEV_DEBUG: line-tables-only
2026-09-10T16:34:28.5276197Z   CARGO_TARGET_X86_64_UNKNOWN_LINUX_GNU_RUSTFLAGS: -C link-arg=-fuse-ld=lld
2026-09-10T16:34:28.5276637Z   HEAVY: test(=diskann_recall_at_10_vs_brute_force_on_50k) | test(=hnsw_recall_at_10_vs_brute_force_on_50k)
2026-09-10T16:34:28.5276985Z ##[endgroup]
2026-09-10T16:34:28.5651663Z info: using existing install for stable-x86_64-unknown-linux-gnu
2026-09-10T16:34:28.5674123Z info: default toolchain set to stable-x86_64-unknown-linux-gnu
2026-09-10T16:34:28.5674360Z 
2026-09-10T16:34:29.1657548Z   stable-x86_64-unknown-linux-gnu unchanged - rustc 1.98.1 (48a229cea 2026-09-01)
2026-09-10T16:34:29.1657863Z 
2026-09-10T16:34:29.1661457Z info: note that the toolchain '1.97.1-x86_64-unknown-linux-gnu' is currently in use (overridden by '/home/runner/work/sparq/sparq/rust-toolchain.toml')
2026-09-10T16:34:29.1728210Z info: syncing channel updates for 1.97.1-x86_64-unknown-linux-gnu
2026-09-10T16:34:29.3402722Z info: latest update on 2026-07-16 for version 1.97.1 (8bab26f4f 2026-07-14)
2026-09-10T16:34:29.3404930Z info: downloading 6 components
2026-09-10T16:34:37.4960194Z warn: the missing active toolchain `1.97.1-x86_64-unknown-linux-gnu` has been auto-installed
2026-09-10T16:34:37.4961136Z 1.97.1-x86_64-unknown-linux-gnu (overridden by '/home/runner/work/sparq/sparq/rust-toolchain.toml')
2026-09-10T16:34:37.4963101Z warn: auto-installation is deprecated for most `rustup` commands
2026-09-10T16:34:37.4963713Z warn: scripts relying on this behavior in `rustup` may stop working in the future
2026-09-10T16:34:37.4964256Z warn: to install the active toolchain, use `rustup install` instead
2026-09-10T16:34:37.4964791Z warn: see <https://github.com/rust-lang/rustup/issues/4836> for more info
2026-09-10T16:34:37.5089463Z ##[group]Run taiki-e/install-action@18b1216eba7f8039b0f8d131d5473787f0edce68
2026-09-10T16:34:37.5089924Z with:
2026-09-10T16:34:37.5090089Z   tool: nextest
2026-09-10T16:34:37.5090258Z   checksum: true
2026-09-10T16:34:37.5090432Z   fallback: cargo-binstall
2026-09-10T16:34:37.5090614Z env:
2026-09-10T16:34:37.5090772Z   CARGO_TERM_COLOR: always
2026-09-10T16:34:37.5090950Z   RUST_BACKTRACE: 1
2026-09-10T16:34:37.5091120Z   CARGO_NET_RETRY: 10
2026-09-10T16:34:37.5091291Z   CARGO_INCREMENTAL: 0
2026-09-10T16:34:37.5091485Z   CARGO_PROFILE_DEV_DEBUG: line-tables-only
2026-09-10T16:34:37.5091790Z   CARGO_TARGET_X86_64_UNKNOWN_LINUX_GNU_RUSTFLAGS: -C link-arg=-fuse-ld=lld
2026-09-10T16:34:37.5092222Z   HEAVY: test(=diskann_recall_at_10_vs_brute_force_on_50k) | test(=hnsw_recall_at_10_vs_brute_force_on_50k)
2026-09-10T16:34:37.5092806Z ##[endgroup]
2026-09-10T16:34:37.5164013Z ##[start-action display=Run bail() {;id=__taiki-e_install-action.__run]
2026-09-10T16:34:37.5185976Z ##[group]Run bail() {
2026-09-10T16:34:37.5186191Z [36;1mbail() {[0m
2026-09-10T16:34:37.5186411Z [36;1m  printf '::error::install-action: %s\n' "$*"[0m
2026-09-10T16:34:37.5186687Z [36;1m  exit 1[0m
2026-09-10T16:34:37.5186845Z [36;1m}[0m
2026-09-10T16:34:37.5187133Z [36;1m# If /bin/sh is dash, environment variable containing % is not imported, but is fine[0m
2026-09-10T16:34:37.5187553Z [36;1m# because it also means that it will not be exposed to subprocess.[0m
2026-09-10T16:34:37.5187883Z [36;1mif /usr/bin/env | grep -Eq '^BASH_FUNC_'; then[0m
2026-09-10T16:34:37.5188299Z [36;1m  bail 'bash function injection via BASH_FUNC_ environment variable is not allowed for security reasons'[0m
2026-09-10T16:34:37.5188676Z [36;1mfi[0m
2026-09-10T16:34:37.5188863Z [36;1mif ! command -v bash >/dev/null; then[0m
2026-09-10T16:34:37.5189145Z [36;1m  if grep -Eq '^ID=alpine' /etc/os-release; then[0m
2026-09-10T16:34:37.5189487Z [36;1m    printf '::group::Install packages required for install-action (bash)\n'[0m
2026-09-10T16:34:37.5189818Z [36;1m    # NB: sync with apk_install in main.sh[0m
2026-09-10T16:34:37.5190068Z [36;1m    if command -v sudo >/dev/null; then[0m
2026-09-10T16:34:37.5190313Z [36;1m      sudo apk --no-cache add bash[0m
2026-09-10T16:34:37.5190569Z [36;1m    elif command -v doas >/dev/null; then[0m
2026-09-10T16:34:37.5190806Z [36;1m      doas apk --no-cache add bash[0m
2026-09-10T16:34:37.5191012Z [36;1m    else[0m
2026-09-10T16:34:37.5191193Z [36;1m      apk --no-cache add bash[0m
2026-09-10T16:34:37.5191395Z [36;1m    fi[0m
2026-09-10T16:34:37.5191567Z [36;1m    printf '::endgroup::\n'[0m
2026-09-10T16:34:37.5191767Z [36;1m  else[0m
2026-09-10T16:34:37.5191943Z [36;1m    bail 'this action requires bash'[0m
2026-09-10T16:34:37.5192153Z [36;1m  fi[0m
2026-09-10T16:34:37.5192310Z [36;1mfi[0m
2026-09-10T16:34:37.5192638Z [36;1mbash --noprofile --norc "${GITHUB_ACTION_PATH:?}/main.sh"[0m
2026-09-10T16:34:37.5194717Z shell: /usr/bin/env -u ENV -u BASH_ENV -u CDPATH -u SHELLOPTS -u BASHOPTS /bin/sh -eu {0}
2026-09-10T16:34:37.5195058Z env:
2026-09-10T16:34:37.5195219Z   CARGO_TERM_COLOR: always
2026-09-10T16:34:37.5195420Z   RUST_BACKTRACE: 1
2026-09-10T16:34:37.5195590Z   CARGO_NET_RETRY: 10
2026-09-10T16:34:37.5195765Z   CARGO_INCREMENTAL: 0
2026-09-10T16:34:37.5195962Z   CARGO_PROFILE_DEV_DEBUG: line-tables-only
2026-09-10T16:34:37.5196266Z   CARGO_TARGET_X86_64_UNKNOWN_LINUX_GNU_RUSTFLAGS: -C link-arg=-fuse-ld=lld
2026-09-10T16:34:37.5196713Z   HEAVY: test(=diskann_recall_at_10_vs_brute_force_on_50k) | test(=hnsw_recall_at_10_vs_brute_force_on_50k)
2026-09-10T16:34:37.5197063Z   INPUT_TOOL: nextest
2026-09-10T16:34:37.5197241Z   INPUT_CHECKSUM: true
2026-09-10T16:34:37.5197422Z   INPUT_FALLBACK: cargo-binstall
2026-09-10T16:34:37.5199554Z   DEFAULT_GITHUB_TOKEN: ***
2026-09-10T16:34:37.5199885Z   ACTION_USER_AGENT: taiki-e/install-action (18b1216eba7f8039b0f8d131d5473787f0edce68)
2026-09-10T16:34:37.5200227Z   RUNNER_OS: Linux
2026-09-10T16:34:37.5200589Z   RUNNER_ARCH: X64
2026-09-10T16:34:37.5200763Z ##[endgroup]
2026-09-10T16:34:37.5310438Z info: host platform: x86_64_linux
2026-09-10T16:34:37.6047517Z info: installing cargo-nextest@latest
2026-09-10T16:34:37.6220573Z info: downloading https://github.com/nextest-rs/nextest/releases/download/cargo-nextest-0.9.140/cargo-nextest-0.9.140-x86_64-unknown-linux-gnu.tar.gz
2026-09-10T16:34:37.9411877Z info: verifying sha256 checksum for cargo-nextest-0.9.140-x86_64-unknown-linux-gnu.tar.gz
2026-09-10T16:34:38.1474006Z info: cargo-nextest installed at /home/runner/.cargo/bin/cargo-nextest
2026-09-10T16:34:38.1476718Z + cargo-nextest nextest --version
2026-09-10T16:34:38.1500885Z cargo-nextest 0.9.140 (a9fef2964 2026-07-05)
2026-09-10T16:34:38.1501267Z release: 0.9.140
2026-09-10T16:34:38.1501607Z commit-hash: a9fef2964e34f64ed4fceeee7c0c3559ce560920
2026-09-10T16:34:38.1502013Z commit-date: 2026-07-05
2026-09-10T16:34:38.1502309Z host: x86_64-unknown-linux-gnu
2026-09-10T16:34:38.1504896Z 
2026-09-10T16:34:38.1524511Z ##[end-action id=__taiki-e_install-action.__run;outcome=success;conclusion=success;duration_ms=635]
2026-09-10T16:34:38.1532878Z ##[start-action display=Run Set-StrictMode -Version Latest;id=__taiki-e_install-action.__run_2]
2026-09-10T16:34:38.1537316Z ##[end-action id=__taiki-e_install-action.__run_2;outcome=skipped;conclusion=skipped;duration_ms=0]
2026-09-10T16:34:38.1593156Z ##[group]Run actions/download-artifact@3e5f45b2cfb9172054b4087a40e8e0b5a5461e7c
2026-09-10T16:34:38.1593501Z with:
2026-09-10T16:34:38.1593665Z   name: nextest-archive
2026-09-10T16:34:38.1593849Z   merge-multiple: false
2026-09-10T16:34:38.1594030Z   repository: sparq-org/sparq
2026-09-10T16:34:38.1594220Z   run-id: 34497774423
2026-09-10T16:34:38.1594392Z   skip-decompress: false
2026-09-10T16:34:38.1594570Z   digest-mismatch: error
2026-09-10T16:34:38.1594736Z env:
2026-09-10T16:34:38.1594886Z   CARGO_TERM_COLOR: always
2026-09-10T16:34:38.1595064Z   RUST_BACKTRACE: 1
2026-09-10T16:34:38.1595224Z   CARGO_NET_RETRY: 10
2026-09-10T16:34:38.1595388Z   CARGO_INCREMENTAL: 0
2026-09-10T16:34:38.1595586Z   CARGO_PROFILE_DEV_DEBUG: line-tables-only
2026-09-10T16:34:38.1595896Z   CARGO_TARGET_X86_64_UNKNOWN_LINUX_GNU_RUSTFLAGS: -C link-arg=-fuse-ld=lld
2026-09-10T16:34:38.1596385Z   HEAVY: test(=diskann_recall_at_10_vs_brute_force_on_50k) | test(=hnsw_recall_at_10_vs_brute_force_on_50k)
2026-09-10T16:34:38.1596744Z ##[endgroup]
2026-09-10T16:34:38.2643334Z Downloading single artifact
2026-09-10T16:34:38.4982895Z Preparing to download the following artifacts:
2026-09-10T16:34:38.4983762Z - nextest-archive (ID: 10161675440, Size: 5262840513, Expected Digest: sha256:618e98497b5300a9d3af8b580462420583f6da13ea2380f1cb2de1304c0c039c)
2026-09-10T16:34:38.9744515Z Redirecting to blob download url: https://productionresultssa9.blob.core.windows.net/actions-results/eada76d4-304b-4dd4-aa5c-1d74fb145f3f/workflow-job-run-f9795cc8-6617-5429-98ee-f14e77e1b0f9/artifacts/4b5b8a5fdfcb62a8641f27bd1c4e1c85aa57ec2d341f4b8224da19079a84924d.zip
2026-09-10T16:34:38.9746148Z Starting download of artifact to: /home/runner/work/sparq/sparq
2026-09-10T16:34:39.2461152Z (node:2231) [DEP0005] DeprecationWarning: Buffer() is deprecated due to security and usability issues. Please use the Buffer.alloc(), Buffer.allocUnsafe(), or Buffer.from() methods instead.
2026-09-10T16:34:39.2462012Z (Use `node --trace-deprecation ...` to show where the warning was created)
2026-09-10T16:41:01.9678864Z SHA256 digest of downloaded artifact is 618e98497b5300a9d3af8b580462420583f6da13ea2380f1cb2de1304c0c039c
2026-09-10T16:41:01.9679581Z Artifact download completed successfully.
2026-09-10T16:41:01.9681594Z Total of 1 artifact(s) downloaded
2026-09-10T16:41:01.9685335Z Download artifact has finished successfully
2026-09-10T16:41:01.9809775Z ##[group]Run set -euo pipefail
2026-09-10T16:41:01.9810097Z [36;1mset -euo pipefail[0m
2026-09-10T16:41:01.9810414Z [36;1m# [OPUS-4.8] sq-6vshe.6 (research/ci-structural-speedup.md §7, round 2):[0m
2026-09-10T16:41:01.9810834Z [36;1m# DEMOTE the two heavy sparq-vectors recall shards (heavy-diskann/heavy-hnsw)[0m
2026-09-10T16:41:01.9811242Z [36;1m# off the merge_group ref. WHY it is SAFE (per-leg cross-PR-interaction[0m
2026-09-10T16:41:01.9811806Z [36;1m# analysis): each heavy shard runs exactly ONE deterministic, self-contained,[0m
2026-09-10T16:41:01.9812229Z [36;1m# single-crate accuracy gate ({diskann,hnsw}_recall_at_10_vs_brute_force_on_50k[0m
2026-09-10T16:41:01.9812898Z [36;1m# in crates/sparq-vectors/tests/, fixed seeds, `approx-ann` feature). Its[0m
2026-09-10T16:41:01.9813295Z [36;1m# outcome is a pure function of sparq-vectors' ANN impl + its pinned[0m
2026-09-10T16:41:01.9813744Z [36;1m# instant-distance dep — NOTHING else in the workspace. A squash-merge group[0m
2026-09-10T16:41:01.9814184Z [36;1m# re-running it on the combined tree reproduces the identical result each PR[0m
2026-09-10T16:41:01.9814594Z [36;1m# already gated, so it carries no cross-PR-interaction signal (unlike the bulk[0m
2026-09-10T16:41:01.9815011Z [36;1m# workspace-unification build+test, which stays). FULL FORM is UNCHANGED: the[0m
2026-09-10T16:41:01.9815407Z [36;1m# heavy shards still run at PR level AND on push-to-main (both force[0m
2026-09-10T16:41:01.9815796Z [36;1m# rust_changed=true and neither hits this guard), so the recall floors gate[0m
2026-09-10T16:41:01.9816187Z [36;1m# every PR + the canonical main build exactly as before. A post-merge[0m
2026-09-10T16:41:01.9816576Z [36;1m# regression is caught by the push-to-main heavy run (this same job on the[0m
2026-09-10T16:41:01.9817013Z [36;1m# `push` event) + the dedicated `heavy-recall-demoted-filer` job below, which[0m
2026-09-10T16:41:01.9817434Z [36;1m# auto-files a P1 bead + GitHub issue if a heavy shard fails on main. This ONLY[0m
2026-09-10T16:41:01.9817866Z [36;1m# affects the merge_group ref, and reports `success` (exit 0) so the ci-summary gate is[0m
2026-09-10T16:41:01.9818318Z [36;1m# satisfied (the poller discovers whatever check-runs exist; an absent-by-design[0m
2026-09-10T16:41:01.9818742Z [36;1m# sub-result never hangs it). Mirrors the selection skip idiom directly below.[0m
2026-09-10T16:41:01.9819116Z [36;1mif [ "push" = "merge_group" ] && [ -n "$SHARD_FILTER" ]; then[0m
2026-09-10T16:41:01.9819477Z [36;1m  echo "heavy shard 'bulk 2/3' DEMOTED off merge_group (sq-6vshe.6):"[0m
2026-09-10T16:41:01.9819874Z [36;1m  echo "  deterministic single-crate recall gate — no cross-PR interaction;"[0m
2026-09-10T16:41:01.9820270Z [36;1m  echo "  full form runs at PR level + push-to-main. Reporting success."[0m
2026-09-10T16:41:01.9820563Z [36;1m  exit 0[0m
2026-09-10T16:41:01.9820736Z [36;1mfi[0m
2026-09-10T16:41:01.9820989Z [36;1m# [FABLE-5] Draft-tier CI: ALSO demote the heavy recall shards on DRAFT[0m
2026-09-10T16:41:01.9821382Z [36;1m# pull_request heads (docs/branch-protection.md §Draft-tier CI). Safe for[0m
2026-09-10T16:41:01.9821773Z [36;1m# the same reason as the merge_group demotion above — deterministic[0m
2026-09-10T16:41:01.9822164Z [36;1m# single-crate gates — plus the draft-tier invariant: un-drafting fires[0m
2026-09-10T16:41:01.9822986Z [36;1m# ready_for_review, which re-runs this job at FULL tier on the same head[0m
2026-09-10T16:41:01.9823379Z [36;1m# SHA, and a draft-tier gate result can never admit a PR to the merge[0m
2026-09-10T16:41:01.9823756Z [36;1m# queue (scripts/ci_summary_gate.py refuses it). Bulk shards are NEVER[0m
2026-09-10T16:41:01.9824130Z [36;1m# demoted (SHARD_FILTER is empty there); non-draft PRs and push-to-main[0m
2026-09-10T16:41:01.9824430Z [36;1m# keep the full form.[0m
2026-09-10T16:41:01.9824689Z [36;1mif [ "$IS_DRAFT_PR" = "true" ] && [ -n "$SHARD_FILTER" ]; then[0m
2026-09-10T16:41:01.9825196Z [36;1m  echo "heavy shard 'bulk 2/3' DEMOTED on this DRAFT head (draft-tier CI):"[0m
2026-09-10T16:41:01.9825603Z [36;1m  echo "  the full form re-runs at ready_for_review + push-to-main; a draft-tier"[0m
2026-09-10T16:41:01.9826017Z [36;1m  echo "  gate result can never admit a PR to the merge queue. Reporting success."[0m
2026-09-10T16:41:01.9826329Z [36;1m  exit 0[0m
2026-09-10T16:41:01.9826490Z [36;1mfi[0m
2026-09-10T16:41:01.9826750Z [36;1m# [FABLE-5] sq-fmx4u.3 (design §5.2): single-crate shard skip guard.[0m
2026-09-10T16:41:01.9827239Z [36;1m# FAIL-CLOSED: only the exact mode 'selected' AND a non-empty SHARD_CRATE[0m
2026-09-10T16:41:01.9827628Z [36;1m# AND a definite non-membership ('"<crate>"' absent from the affected[0m
2026-09-10T16:41:01.9828003Z [36;1m# JSON — the quote delimiters prevent substring-crate collisions) can[0m
2026-09-10T16:41:01.9828372Z [36;1m# skip; empty/missing selection outputs always fall through to a run.[0m
2026-09-10T16:41:01.9828738Z [36;1mif [ "$SELECT_MODE" = "selected" ] && [ -n "$SHARD_CRATE" ]; then[0m
2026-09-10T16:41:01.9829021Z [36;1m  case "$SELECT_AFFECTED" in[0m
2026-09-10T16:41:01.9829299Z [36;1m    *"\"$SHARD_CRATE\""*) : ;;  # in the affected closure -> run the shard[0m
2026-09-10T16:41:01.9829569Z [36;1m    *)[0m
2026-09-10T16:41:01.9829801Z [36;1m      echo "shard 'bulk 2/3' SKIPPED by change-based selection:"[0m
2026-09-10T16:41:01.9830155Z [36;1m      echo "  $SHARD_CRATE is not in the affected closure $SELECT_AFFECTED"[0m
2026-09-10T16:41:01.9830451Z [36;1m      exit 0[0m
2026-09-10T16:41:01.9830621Z [36;1m      ;;[0m
2026-09-10T16:41:01.9830786Z [36;1m  esac[0m
2026-09-10T16:41:01.9830942Z [36;1mfi[0m
2026-09-10T16:41:01.9831177Z [36;1mcommon=(--archive-file nextest.tar.zst --workspace-remap . \[0m
2026-09-10T16:41:01.9831511Z [36;1m        --extract-to . --extract-overwrite --profile ci)[0m
2026-09-10T16:41:01.9831776Z [36;1mif [ -n "" ]; then[0m
2026-09-10T16:41:01.9832061Z [36;1m  # Dedicated heavy shard: intersect HEAVY with this shard's single test so[0m
2026-09-10T16:41:01.9832441Z [36;1m  # the shard's set is provably a SUBSET of HEAVY (belt-and-braces: if the[0m
2026-09-10T16:41:01.9833052Z [36;1m  # test is ever renamed in only one place, the shard runs empty rather than[0m
2026-09-10T16:41:01.9833378Z [36;1m  # silently re-including it in bulk).[0m
2026-09-10T16:41:01.9833820Z [36;1m  args=("${common[@]}" -E '( test(=diskann_recall_at_10_vs_brute_force_on_50k) | test(=hnsw_recall_at_10_vs_brute_force_on_50k) ) & (  )')[0m
2026-09-10T16:41:01.9834324Z [36;1melif [ "$SELECT_MODE" = "selected" ] && [ -n "$SELECT_FILTERSET" ]; then[0m
2026-09-10T16:41:01.9834693Z [36;1m  # [FABLE-5] sq-fmx4u.3: bulk shard under ENFORCED selection — NARROW[0m
2026-09-10T16:41:01.9835051Z [36;1m  # (never skip) the cross-crate partition to the affected closure[0m
2026-09-10T16:41:01.9835399Z [36;1m  # (design §5.2): intersect the not-heavy set with the package()[0m
2026-09-10T16:41:01.9835773Z [36;1m  # filterset. The count partition applies AFTER filtering, so the three[0m
2026-09-10T16:41:01.9836142Z [36;1m  # bulk shards still partition the narrowed set exactly. A package()[0m
2026-09-10T16:41:01.9836505Z [36;1m  # naming no archived package fails loud (nextest errors), so a stale[0m
2026-09-10T16:41:01.9836875Z [36;1m  # filterset cannot silently select nothing; --no-tests=pass is needed[0m
2026-09-10T16:41:01.9837258Z [36;1m  # because a legitimately-narrowed shard CAN match zero tests (e.g. an[0m
2026-09-10T16:41:01.9837636Z [36;1m  # affected crate whose only tests are heavy/feature-gated) — full and[0m
2026-09-10T16:41:01.9837990Z [36;1m  # shadow runs keep the strict no-tests-is-an-error behaviour.[0m
2026-09-10T16:41:01.9838330Z [36;1m  args=("${common[@]}" --no-tests=pass --partition count:2/3 \[0m
2026-09-10T16:41:01.9838635Z [36;1m        -E "( not ( $HEAVY ) ) & ( $SELECT_FILTERSET )")[0m
2026-09-10T16:41:01.9838872Z [36;1melse[0m
2026-09-10T16:41:01.9839269Z [36;1m  # Bulk shard: everything that is NOT a known-heavy test, count-partitioned.[0m
2026-09-10T16:41:01.9839848Z [36;1m  args=("${common[@]}" --partition count:2/3 -E 'not ( test(=diskann_recall_at_10_vs_brute_force_on_50k) | test(=hnsw_recall_at_10_vs_brute_force_on_50k) )')[0m
2026-09-10T16:41:01.9840298Z [36;1mfi[0m
2026-09-10T16:41:01.9840460Z [36;1mMAX_ATTEMPTS=2[0m
2026-09-10T16:41:01.9840643Z [36;1mattempt=1[0m
2026-09-10T16:41:01.9840818Z [36;1mwhile true; do[0m
2026-09-10T16:41:01.9841188Z [36;1m  echo "::group::nextest shard 'bulk 2/3' — attempt $attempt/$MAX_ATTEMPTS"[0m
2026-09-10T16:41:01.9841588Z [36;1m  # Capture the exit code EXPLICITLY. `cargo … || rc=$?` is `set -e`-safe (the[0m
2026-09-10T16:41:01.9841983Z [36;1m  # `||` makes the failure non-fatal) AND captures nextest's REAL exit code —[0m
2026-09-10T16:41:01.9842371Z [36;1m  # unlike `if cargo …; then`, where `$?` after the `if` is the `if` statement's[0m
2026-09-10T16:41:01.9842960Z [36;1m  # own status (always 0) and a genuine failure would silently exit 0, wrongly[0m
2026-09-10T16:41:01.9843340Z [36;1m  # passing the gate. `rc` is reset to 0 each attempt before the run.[0m
2026-09-10T16:41:01.9843622Z [36;1m  rc=0[0m
2026-09-10T16:41:01.9843809Z [36;1m  cargo nextest run "${args[@]}" || rc=$?[0m
2026-09-10T16:41:01.9844041Z [36;1m  echo "::endgroup::"[0m
2026-09-10T16:41:01.9844246Z [36;1m  if [ "$rc" -eq 0 ]; then[0m
2026-09-10T16:41:01.9844502Z [36;1m    echo "shard 'bulk 2/3' passed on attempt $attempt"[0m
2026-09-10T16:41:01.9844757Z [36;1m    break[0m
2026-09-10T16:41:01.9844917Z [36;1m  fi[0m
2026-09-10T16:41:01.9845110Z [36;1m  if [ "$attempt" -ge "$MAX_ATTEMPTS" ]; then[0m
2026-09-10T16:41:01.9845537Z [36;1m    echo "::error::shard 'bulk 2/3' failed after $attempt attempt(s) (exit $rc) — genuine failure, not a single transient."[0m
2026-09-10T16:41:01.9845927Z [36;1m    exit "$rc"[0m
2026-09-10T16:41:01.9846097Z [36;1m  fi[0m
2026-09-10T16:41:01.9846494Z [36;1m  echo "::warning::shard 'bulk 2/3' attempt $attempt failed (exit $rc) — reclaiming disk and retrying once (sq-c76x transient self-heal)."[0m
2026-09-10T16:41:01.9847023Z [36;1m  # Reclaim disk again in case the first attempt was a `No space left` race[0m
2026-09-10T16:41:01.9847435Z [36;1m  # that left partial extraction/diagnostics behind; the script is best-effort.[0m
2026-09-10T16:41:01.9847775Z [36;1m  ./scripts/ci-free-disk.sh || true[0m
2026-09-10T16:41:01.9848013Z [36;1m  attempt=$((attempt + 1))[0m
2026-09-10T16:41:01.9848218Z [36;1mdone[0m
2026-09-10T16:41:01.9878562Z shell: /usr/bin/bash -e {0}
2026-09-10T16:41:01.9878781Z env:
2026-09-10T16:41:01.9878949Z   CARGO_TERM_COLOR: always
2026-09-10T16:41:01.9879139Z   RUST_BACKTRACE: 1
2026-09-10T16:41:01.9879316Z   CARGO_NET_RETRY: 10
2026-09-10T16:41:01.9879493Z   CARGO_INCREMENTAL: 0
2026-09-10T16:41:01.9879692Z   CARGO_PROFILE_DEV_DEBUG: line-tables-only
2026-09-10T16:41:01.9879999Z   CARGO_TARGET_X86_64_UNKNOWN_LINUX_GNU_RUSTFLAGS: -C link-arg=-fuse-ld=lld
2026-09-10T16:41:01.9880451Z   HEAVY: test(=diskann_recall_at_10_vs_brute_force_on_50k) | test(=hnsw_recall_at_10_vs_brute_force_on_50k)
2026-09-10T16:41:01.9880802Z   RAYON_NUM_THREADS: 
2026-09-10T16:41:01.9880974Z   SELECT_MODE: full
2026-09-10T16:41:01.9884250Z   SELECT_AFFECTED: ["sparq-acbench", "sparq-algos", "sparq-arrow", "sparq-bench", "sparq-canon", "sparq-cli", "sparq-conformance", "sparq-conformance-floors", "sparq-core", "sparq-crdt", "sparq-difftest", "sparq-e2ee-ng", "sparq-engine", "sparq-engine-serialize", "sparq-engine-service", "sparq-fedclient", "sparq-fedplan", "sparq-fedplan-mpc", "sparq-forms", "sparq-geo", "sparq-gpu", "sparq-hdt", "sparq-http3", "sparq-introspect", "sparq-jsonld", "sparq-jsonld-registry", "sparq-kb", "sparq-lws-core", "sparq-lws-wasm", "sparq-mcp", "sparq-metamorph", "sparq-mpc", "sparq-nlq", "sparq-parse", "sparq-policy", "sparq-prov", "sparq-py", "sparq-reason", "sparq-reason-diff", "sparq-reason-dl", "sparq-reason-el", "sparq-reason-ql", "sparq-reason-wasm", "sparq-rsp", "sparq-rsp-wasm", "sparq-secprop-vocab", "sparq-serve", "sparq-server", "sparq-shacl", "sparq-shacl-wasm", "sparq-shaclc", "sparq-sim", "sparq-solid", "sparq-substrate", "sparq-terse", "sparq-text", "sparq-text-wasm", "sparq-trust", "sparq-vc", "sparq-vectors", "sparq-wac-oracle", "sparq-wasm", "sparq-wrapper", "sparq-wrapper-gen", "sparq-wrapper-integration", "sparq-wrapper-shacl", "sparq-zk", "sparq-zk-compose"]
2026-09-10T16:41:01.9891364Z   SELECT_FILTERSET: package(sparq-acbench) + package(sparq-algos) + package(sparq-arrow) + package(sparq-bench) + package(sparq-canon) + package(sparq-cli) + package(sparq-conformance) + package(sparq-conformance-floors) + package(sparq-core) + package(sparq-crdt) + package(sparq-difftest) + package(sparq-e2ee-ng) + package(sparq-engine) + package(sparq-engine-serialize) + package(sparq-engine-service) + package(sparq-fedclient) + package(sparq-fedplan) + package(sparq-fedplan-mpc) + package(sparq-forms) + package(sparq-geo) + package(sparq-gpu) + package(sparq-hdt) + package(sparq-http3) + package(sparq-introspect) + package(sparq-jsonld) + package(sparq-jsonld-registry) + package(sparq-kb) + package(sparq-lws-core) + package(sparq-lws-wasm) + package(sparq-mcp) + package(sparq-metamorph) + package(sparq-mpc) + package(sparq-nlq) + package(sparq-parse) + package(sparq-policy) + package(sparq-prov) + package(sparq-py) + package(sparq-reason) + package(sparq-reason-diff) + package(sparq-reason-dl) + package(sparq-reason-el) + package(sparq-reason-ql) + package(sparq-reason-wasm) + package(sparq-rsp) + package(sparq-rsp-wasm) + package(sparq-secprop-vocab) + package(sparq-serve) + package(sparq-server) + package(sparq-shacl) + package(sparq-shacl-wasm) + package(sparq-shaclc) + package(sparq-sim) + package(sparq-solid) + package(sparq-substrate) + package(sparq-terse) + package(sparq-text) + package(sparq-text-wasm) + package(sparq-trust) + package(sparq-vc) + package(sparq-vectors) + package(sparq-wac-oracle) + package(sparq-wasm) + package(sparq-wrapper) + package(sparq-wrapper-gen) + package(sparq-wrapper-integration) + package(sparq-wrapper-shacl) + package(sparq-zk) + package(sparq-zk-compose)
2026-09-10T16:41:01.9895977Z   SHARD_CRATE: 
2026-09-10T16:41:01.9896142Z   SHARD_FILTER: 
2026-09-10T16:41:01.9896308Z   IS_DRAFT_PR: false
2026-09-10T16:41:01.9896569Z ##[endgroup]
2026-09-10T16:41:01.9946903Z ##[group]nextest shard 'bulk 2/3' — attempt 1/2
2026-09-10T16:41:02.2134348Z [32;1m  Extracting[0m [1m742[0m binaries (including [1m11[0m non-test binaries), [1m1[0m build script output directory, and [1m6[0m linked paths to [1m/home/runner/work/sparq/sparq[0m
2026-09-10T16:43:17.3181120Z [32;1m   Extracted[0m [1m1207[0m files to [1m/home/runner/work/sparq/sparq[0m in 2m 15.29s
2026-09-10T16:43:29.6776038Z ────────────
2026-09-10T16:43:29.6776621Z [32;1m Nextest run[0m ID [1m778919b1-a5d5-484f-a239-320930847093[0m with nextest profile: [1mci[0m
2026-09-10T16:43:29.6777381Z [32;1m    Starting[0m [1m2876[0m tests across [1m731[0m binaries ([1m5896[0m tests [33;1mskipped[0m)
2026-09-10T16:43:29.6879283Z [32;1m        PASS[0m [   0.006s] (   1/2876) [35;1msparq-acbench[0m [36moracle::tests[0m[36m::[0m[34;1mnearest_acl_shadows_the_ancestor_grant[0m
2026-09-10T16:43:29.6880703Z [32;1m        PASS[0m [   0.006s] (   2/2876) [35;1msparq-acbench[0m [36moracle::tests[0m[36m::[0m[34;1mcount_condition_zero_denies_positive_admits[0m
2026-09-10T16:43:29.6881972Z [32;1m        PASS[0m [   0.006s] (   3/2876) [35;1msparq-acbench[0m [36moracle::tests[0m[36m::[0m[34;1mpurpose_condition_matches_only_granted_purpose[0m
2026-09-10T16:43:29.6883666Z [32;1m        PASS[0m [   0.006s] (   4/2876) [35;1msparq-acbench[0m [36moracle::tests[0m[36m::[0m[34;1ma_subtree_row_grants_the_container_resource_itself[0m
2026-09-10T16:43:29.6914410Z [32;1m        PASS[0m [   0.004s] (   5/2876) [35;1msparq-acbench[0m [36moracle::tests[0m[36m::[0m[34;1mtemporal_window_half_open_boundaries[0m
2026-09-10T16:43:29.6938282Z [32;1m        PASS[0m [   0.007s] (   6/2876) [35;1msparq-acbench::consortium[0m [34;1mgenerate_u4_embargo_flip_descriptions_non_empty[0m
2026-09-10T16:43:29.6970218Z [32;1m        PASS[0m [   0.007s] (   7/2876) [35;1msparq-acbench::consortium[0m [34;1mgenerate_u4_expected_decisions_non_empty[0m
2026-09-10T16:43:29.6971334Z [32;1m        PASS[0m [   0.008s] (   8/2876) [35;1msparq-acbench::consortium[0m [34;1mgenerate_u4_data_graph_non_empty[0m
2026-09-10T16:43:29.6972949Z [32;1m        PASS[0m [   0.006s] (   9/2876) [35;1msparq-acbench::consortium[0m [34;1mgenerate_u4_policy_graphs_non_empty[0m
2026-09-10T16:43:29.6991869Z [32;1m        PASS[0m [   0.005s] (  10/2876) [35;1msparq-acbench::consortium[0m [34;1mgenerate_u4_temporal_intents_are_odrl_only[0m
2026-09-10T16:43:29.6997854Z [32;1m        PASS[0m [   0.006s] (  11/2876) [35;1msparq-acbench::determinism[0m [34;1mcompile_acp_deny_produces_triples[0m
2026-09-10T16:43:29.7023671Z [32;1m        PASS[0m [   0.007s] (  12/2876) [35;1msparq-acbench::determinism[0m [34;1maudience_mix_valid[0m
2026-09-10T16:43:29.7042247Z [32;1m        PASS[0m [   0.006s] (  13/2876) [35;1msparq-acbench::determinism[0m [34;1mcompile_odrl_temporal_condition_produces_triples[0m
2026-09-10T16:43:29.7044383Z [32;1m        PASS[0m [   0.005s] (  14/2876) [35;1msparq-acbench::determinism[0m [34;1mcompile_wac_deny_is_unsupported[0m
2026-09-10T16:43:29.7055823Z [32;1m        PASS[0m [   0.006s] (  15/2876) [35;1msparq-acbench::determinism[0m [34;1mgen_params_acl_coverage_bounds[0m
2026-09-10T16:43:29.7058642Z [32;1m        PASS[0m [   0.005s] (  16/2876) [35;1msparq-acbench::determinism[0m [34;1mgen_params_group_nesting_depth_max[0m
2026-09-10T16:43:29.7091981Z [32;1m        PASS[0m [   0.006s] (  17/2876) [35;1msparq-acbench::determinism[0m [34;1mintent_row_round_trip[0m
2026-09-10T16:43:29.7094297Z [32;1m        PASS[0m [   0.005s] (  18/2876) [35;1msparq-acbench::determinism[0m [34;1moracle_anti_vacuity_deny_intent_returns_deny_wac[0m
2026-09-10T16:43:29.7099777Z [32;1m        PASS[0m [   0.004s] (  19/2876) [35;1msparq-acbench::determinism[0m [34;1moracle_odrl_allows_matching_agent_intent[0m
2026-09-10T16:43:29.7135017Z [32;1m        PASS[0m [   0.008s] (  20/2876) [35;1msparq-acbench::determinism[0m [34;1moracle_fail_closed_empty_intents_acp[0m
2026-09-10T16:43:29.7145773Z [32;1m        PASS[0m [   0.006s] (  21/2876) [35;1msparq-acbench::determinism[0m [34;1moracle_wac_subtree_matches_child_resources[0m
2026-09-10T16:43:29.7150966Z [32;1m        PASS[0m [   0.006s] (  22/2876) [35;1msparq-acbench::financial[0m [34;1mgenerate_u3_acp_policy_empty_for_constraint_intents[0m
2026-09-10T16:43:29.7152310Z [32;1m        PASS[0m [   0.005s] (  23/2876) [35;1msparq-acbench::financial[0m [34;1mgenerate_u3_constraint_intents_odrl_only[0m
2026-09-10T16:43:29.7191603Z [32;1m        PASS[0m [   0.004s] (  24/2876) [35;1msparq-acbench::financial[0m [34;1mgenerate_u3_queries_non_empty[0m
2026-09-10T16:43:29.7198538Z [32;1m        PASS[0m [   0.005s] (  25/2876) [35;1msparq-acbench::financial[0m [34;1mgenerate_u3_wac_policy_empty_for_constraint_intents[0m
2026-09-10T16:43:29.7203670Z [32;1m        PASS[0m [   0.006s] (  26/2876) [35;1msparq-acbench::financial[0m [34;1mgenerate_u3_oracle_consistency_temporal[0m
2026-09-10T16:43:29.7220099Z [32;1m        PASS[0m [   0.008s] (  27/2876) [35;1msparq-acbench::financial[0m [34;1mgenerate_u3_expected_decisions_non_vacuous[0m
2026-09-10T16:43:29.7248954Z [32;1m        PASS[0m [   0.005s] (  28/2876) [35;1msparq-acbench::oracle_behavioral[0m [34;1mdeny_effect_never_allows_acp_odrl[0m
2026-09-10T16:43:29.7250136Z [32;1m        PASS[0m [   0.006s] (  29/2876) [35;1msparq-acbench::oracle_behavioral[0m [34;1mall_oracles_fail_closed_on_no_match[0m
2026-09-10T16:43:29.7273010Z [32;1m        PASS[0m [   0.007s] (  30/2876) [35;1msparq-acbench::personal[0m [34;1mdata_nquads_sorted[0m
2026-09-10T16:43:29.7298958Z [32;1m        PASS[0m [   0.005s] (  31/2876) [35;1msparq-acbench::personal[0m [34;1mpersonal_dataset_type_accessible[0m
2026-09-10T16:43:29.7328546Z [32;1m        PASS[0m [   0.008s] (  32/2876) [35;1msparq-acbench::personal[0m [34;1mgenerate_u1_oracle_odrl_round_trip[0m
2026-09-10T16:43:29.7329776Z [32;1m        PASS[0m [   0.011s] (  33/2876) [35;1msparq-acbench::personal[0m [34;1mgenerate_u1_determinism[0m
2026-09-10T16:43:29.7346061Z [32;1m        PASS[0m [   0.007s] (  34/2876) [35;1msparq-acbench::personal[0m [34;1mw2_fixtures_present[0m
2026-09-10T16:43:29.7367548Z [32;1m        PASS[0m [   0.007s] (  35/2876) [35;1msparq-acbench::project_mgmt[0m [34;1mall_except_intents_have_per_model_expressibility_entries[0m
2026-09-10T16:43:29.7405670Z [32;1m        PASS[0m [   0.008s] (  36/2876) [35;1msparq-acbench::project_mgmt[0m [34;1mdata_graph_contains_hierarchy_triples[0m
2026-09-10T16:43:29.7433672Z [32;1m        PASS[0m [   0.007s] (  37/2876) [35;1msparq-acbench::project_mgmt[0m [34;1modrl_policy_non_empty[0m
2026-09-10T16:43:29.7447847Z [32;1m        PASS[0m [   0.009s] (  38/2876) [35;1msparq-acbench::project_mgmt[0m [34;1mgenerate_u2_determinism[0m
2026-09-10T16:43:29.7459895Z [32;1m        PASS[0m [   0.006s] (  39/2876) [35;1msparq-acbench::project_mgmt[0m [34;1mquery_fixtures_all_classes_present[0m
2026-09-10T16:43:29.7468108Z [32;1m        PASS[0m [   0.005s] (  40/2876) [35;1msparq-acbench::workloads[0m [34;1manti_vacuity_wrong_deny_fails_harness[0m
2026-09-10T16:43:29.7469401Z [32;1m        PASS[0m [   0.006s] (  41/2876) [35;1msparq-acbench::project_mgmt[0m [34;1mwac_policy_non_empty[0m
2026-09-10T16:43:29.7473895Z [32;1m        PASS[0m [   0.006s] (  42/2876) [35;1msparq-acbench::workloads[0m [34;1mharness_any_fail_exits_nonzero[0m
2026-09-10T16:43:29.7475784Z [32;1m        PASS[0m [   0.005s] (  43/2876) [35;1msparq-acbench::workloads[0m [34;1mrun_outcome_skipped_is_neither[0m
2026-09-10T16:43:29.7519362Z [32;1m        PASS[0m [   0.005s] (  44/2876) [35;1msparq-acbench::workloads[0m [34;1mw1_wiring_bug_length_mismatch_fails[0m
2026-09-10T16:43:29.7520748Z [32;1m        PASS[0m [   0.005s] (  45/2876) [35;1msparq-acbench::workloads[0m [34;1mw3_revoke_produces_deny_after_step[0m
2026-09-10T16:43:29.7526715Z [32;1m        PASS[0m [   0.006s] (  46/2876) [35;1msparq-acbench::workloads[0m [34;1mw1_temporal_allow_differs_by_model_valid_window[0m
2026-09-10T16:43:29.7531747Z [32;1m        PASS[0m [   0.006s] (  47/2876) [35;1msparq-acbench::workloads[0m [34;1mw2_under_share_fails[0m
2026-09-10T16:43:29.7577778Z [32;1m        PASS[0m [   0.005s] (  48/2876) [35;1msparq-acbench::workloads[0m [34;1mw4_decision_lane_concurrent_passes[0m
2026-09-10T16:43:29.7583831Z [32;1m        PASS[0m [   0.005s] (  49/2876) [35;1msparq-acbench::workloads[0m [34;1mw4_run_params_query_sublane_skipped[0m
2026-09-10T16:43:29.7647912Z [32;1m        PASS[0m [   0.008s] (  50/2876) [35;1msparq-algos[0m [36mtests[0m[36m::[0m[34;1mlabel_propagation_empty[0m
2026-09-10T16:43:29.7652039Z [32;1m        PASS[0m [   0.012s] (  51/2876) [35;1msparq-algos[0m [36mtests[0m[36m::[0m[34;1mempty_node_graph_is_empty[0m
2026-09-10T16:43:29.7658395Z [32;1m        PASS[0m [   0.013s] (  52/2876) [35;1msparq-algos[0m [36mtests[0m[36m::[0m[34;1mdegree_centrality_directions[0m
2026-09-10T16:43:29.7664678Z [32;1m        PASS[0m [   0.009s] (  53/2876) [35;1msparq-algos[0m [36mtests[0m[36m::[0m[34;1mliterals_excluded_by_default_but_included_with_all[0m
2026-09-10T16:43:29.7719644Z [32;1m        PASS[0m [   0.006s] (  54/2876) [35;1msparq-algos[0m [36mtests[0m[36m::[0m[34;1mpagerank_exact_values_with_multi_out_degree_node[0m
2026-09-10T16:43:29.7724102Z [32;1m        PASS[0m [   0.006s] (  55/2876) [35;1msparq-algos[0m [36mtests[0m[36m::[0m[34;1mparallel_edges_collapse[0m
2026-09-10T16:43:29.7725495Z [32;1m        PASS[0m [   0.008s] (  56/2876) [35;1msparq-algos[0m [36mtests[0m[36m::[0m[34;1mnode_indices_are_canonical_term_order[0m
2026-09-10T16:43:29.7742299Z [32;1m        PASS[0m [   0.008s] (  57/2876) [35;1msparq-algos[0m [36mtests[0m[36m::[0m[34;1mweakly_connected_components_partition[0m
2026-09-10T16:43:29.7895030Z [32;1m        PASS[0m [   0.017s] (  58/2876) [35;1msparq-algos::edge_graph_shapes[0m [34;1mempty_graph_algorithms_return_empty_results[0m
2026-09-10T16:43:29.7935456Z [32;1m        PASS[0m [   0.019s] (  59/2876) [35;1msparq-algos::topology_oracles[0m [34;1mchain_is_one_weakly_connected_component[0m
2026-09-10T16:43:29.7965101Z [32;1m        PASS[0m [   0.007s] (  60/2876) [35;1msparq-algos::topology_oracles[0m [34;1mpagerank_dangling_sink_redistributes_mass_and_sums_to_one[0m
2026-09-10T16:43:29.7973428Z [32;1m        PASS[0m [   0.025s] (  61/2876) [35;1msparq-algos::config_edge_contracts[0m [34;1mpagerank_with_full_damping_is_uniform_on_directed_cycle[0m
2026-09-10T16:43:29.8030576Z [32;1m        PASS[0m [   0.009s] (  62/2876) [35;1msparq-algos::example/graphalytics[0m [36mtests[0m[36m::[0m[34;1mcreate_dir_refuses_a_pre_existing_symlink[0m
2026-09-10T16:43:29.8163822Z [32;1m        PASS[0m [   0.019s] (  63/2876) [35;1msparq-bench::bin/sparq-bench[0m [36mfuzz::tests[0m[36m::[0m[34;1ma_header_only_projection_difference_is_a_mismatch[0m
2026-09-10T16:43:29.8240606Z [32;1m        PASS[0m [   0.007s] (  64/2876) [35;1msparq-bench::bin/sparq-bench[0m [36mfuzz::tests[0m[36m::[0m[34;1mcross_family_equality_is_a_type_error[0m
2026-09-10T16:43:29.8940749Z [32;1m        PASS[0m [   0.121s] (  65/2876) [35;1msparq-algos::proptest_metamorph[0m [34;1mdegree_is_exact_and_reversal_swaps_in_and_out[0m
2026-09-10T16:43:29.9865386Z [32;1m        PASS[0m [   0.181s] (  66/2876) [35;1msparq-bench::bin/sparq-bench[0m [36mfuzz::tests[0m[36m::[0m[34;1mboth_order_shapes_are_value_compared_and_the_subset_shape_has_ties[0m
2026-09-10T16:43:30.1335389Z [32;1m        PASS[0m [   0.336s] (  67/2876) [35;1msparq-bench::bin/sparq-bench[0m [36mfuzz::tests[0m[36m::[0m[34;1mantijoin_category_is_the_rewrite_b_trigger[0m
2026-09-10T16:43:30.1424716Z [32;1m        PASS[0m [   0.156s] (  68/2876) [35;1msparq-bench::bin/sparq-bench[0m [36mfuzz::tests[0m[36m::[0m[34;1mgroup_concat_is_generated_only_in_order_independent_shapes[0m
2026-09-10T16:43:30.1454081Z [32;1m        PASS[0m [   0.008s] (  69/2876) [35;1msparq-bench::bin/sparq-bench[0m [36mfuzz::tests[0m[36m::[0m[34;1mnon_equality_shapes_keep_strict_differential[0m
2026-09-10T16:43:30.1477854Z [32;1m        PASS[0m [   0.007s] (  70/2876) [35;1msparq-bench::bin/sparq-bench[0m [36mfuzz::tests[0m[36m::[0m[34;1mquery_form_classifies_every_result_form[0m
2026-09-10T16:43:30.1486137Z [32;1m        PASS[0m [   0.006s] (  71/2876) [35;1msparq-bench::bin/sparq-bench[0m [36mfuzz::tests[0m[36m::[0m[34;1msame_family_and_identity_decide[0m
2026-09-10T16:43:30.1604673Z [32;1m        PASS[0m [   0.011s] (  72/2876) [35;1msparq-bench::bin/sparq-bench[0m [36mfuzz::tests[0m[36m::[0m[34;1mwindow_totality_comes_from_the_header_not_the_sliced_rows[0m
2026-09-10T16:43:30.1663878Z [32;1m        PASS[0m [   0.007s] (  73/2876) [35;1msparq-bench::bin/sparq-bench[0m [36mneutral::tests[0m[36m::[0m[34;1mneutral_term_carries_every_kind[0m
2026-09-10T16:43:30.1754197Z [32;1m        PASS[0m [   0.009s] (  74/2876) [35;1msparq-bench::bin/sparq-bench[0m [36mupdate_fuzz::tests[0m[36m::[0m[34;1mblank_node_compare_is_isomorphism_not_relabelling_blindness[0m
2026-09-10T16:43:30.9468958Z [32;1m        PASS[0m [   0.772s] (  75/2876) [35;1msparq-bench::bin/sparq-bench[0m [36mupdate_fuzz::tests[0m[36m::[0m[34;1mfixed_window_smoke[0m
2026-09-10T16:43:30.9594200Z [32;1m        PASS[0m [   0.013s] (  76/2876) [35;1msparq-bench::bin/sparq-bench[0m [36mupdate_fuzz::tests[0m[36m::[0m[34;1mgenerator_is_deterministic[0m
2026-09-10T16:43:30.9771411Z [32;1m        PASS[0m [   0.017s] (  77/2876) [35;1msparq-bench::bin/sparq-bench[0m [36mupdate_fuzz::tests[0m[36m::[0m[34;1minjected_marker_fails_during_actual_lexical_adjudication[0m
2026-09-10T16:43:30.9866013Z [32;1m        PASS[0m [   0.009s] (  78/2876) [35;1msparq-bench::bin/sparq-bench[0m [36mupdate_fuzz::tests[0m[36m::[0m[34;1mlexical_adjudication_preserves_rows_and_blank_node_structure[0m
2026-09-10T16:43:30.9949182Z [32;1m        PASS[0m [   0.008s] (  79/2876) [35;1msparq-bench::bin/sparq-bench[0m [36mupdate_fuzz::tests[0m[36m::[0m[34;1mnested_noncanonical_terms_remain_exact_in_sparq[0m
2026-09-10T16:43:31.0070983Z [32;1m        PASS[0m [   0.012s] (  80/2876) [35;1msparq-bench::bin/sparq-bench[0m [36mupdate_fuzz::tests[0m[36m::[0m[34;1moxigraph_cannot_load_a_local_file[0m
2026-09-10T16:43:31.0173870Z [32;1m        PASS[0m [   0.010s] (  81/2876) [35;1msparq-canon[0m [36mrdf12::private_tests[0m[36m::[0m[34;1mcanonical_line_no_newline_default_graph[0m
2026-09-10T16:43:31.0253700Z [32;1m        PASS[0m [   0.008s] (  82/2876) [35;1msparq-canon[0m [36mrdf12::private_tests[0m[36m::[0m[34;1mcollect_bnodes_subject_collects_blank_node[0m
2026-09-10T16:43:31.0441524Z [32;1m        PASS[0m [   0.019s] (  83/2876) [35;1msparq-canon[0m [36mrdf12::private_tests[0m[36m::[0m[34;1mcollect_bnodes_term_ignores_iri[0m
2026-09-10T16:43:31.0538129Z [32;1m        PASS[0m [   0.010s] (  84/2876) [35;1msparq-canon[0m [36mrdf12::private_tests[0m[36m::[0m[34;1mensure_triple_term_depth_boundary[0m
2026-09-10T16:43:31.0637991Z [32;1m        PASS[0m [   0.010s] (  85/2876) [35;1msparq-canon[0m [36mrdf12::private_tests[0m[36m::[0m[34;1mhndq_call_counter_increments_and_fails_at_limit[0m
2026-09-10T16:43:31.0771621Z [32;1m        PASS[0m [   0.013s] (  86/2876) [35;1msparq-canon[0m [36mrdf12::private_tests[0m[36m::[0m[34;1midentifier_issuer_issues_sequential_labels[0m
2026-09-10T16:43:31.0838666Z [32;1m        PASS[0m [   0.007s] (  87/2876) [35;1msparq-canon[0m [36mrdf12::private_tests[0m[36m::[0m[34;1mpermutations_three_items_count[0m
2026-09-10T16:43:31.0918665Z [32;1m        PASS[0m [   0.008s] (  88/2876) [35;1msparq-canon[0m [36mrdf12::private_tests[0m[36m::[0m[34;1mpush_unique_does_not_add_duplicates[0m
2026-09-10T16:43:31.0994361Z [32;1m        PASS[0m [   0.007s] (  89/2876) [35;1msparq-canon[0m [36mrdf12::private_tests[0m[36m::[0m[34;1mrelabel_quad_first_degree_reference_becomes_a_others_z[0m
2026-09-10T16:43:31.1067840Z [32;1m        PASS[0m [   0.007s] (  90/2876) [35;1msparq-canon[0m [36mrdf12::private_tests[0m[36m::[0m[34;1mserialize_canonical_concatenates_lines[0m
2026-09-10T16:43:31.1146596Z [32;1m        PASS[0m [   0.007s] (  91/2876) [35;1msparq-canon[0m [36mrdf12::private_tests[0m[36m::[0m[34;1mspecial_label_other_becomes_z[0m
2026-09-10T16:43:31.1207614Z [32;1m        PASS[0m [   0.006s] (  92/2876) [35;1msparq-canon[0m [36mrdf12::private_tests[0m[36m::[0m[34;1msubject_bnode_yields_the_blank_node[0m
2026-09-10T16:43:31.1284924Z [32;1m        PASS[0m [   0.005s] (  93/2876) [35;1msparq-canon[0m [36mrdf12::private_tests[0m[36m::[0m[34;1mterm_has_nested_bnode_detects_inner_subject[0m
2026-09-10T16:43:31.1334900Z [32;1m        PASS[0m [   0.006s] (  94/2876) [35;1msparq-canon[0m [36mrdf12::private_tests[0m[36m::[0m[34;1mtriple_contains_bnode_recurses_to_depth_two[0m
2026-09-10T16:43:31.1433320Z [32;1m        PASS[0m [   0.011s] (  95/2876) [35;1msparq-canon[0m [36mtests[0m[36m::[0m[34;1mcanonicalize_graph_content_relabels_bnode[0m
2026-09-10T16:43:31.1494724Z [32;1m        PASS[0m [   0.006s] (  96/2876) [35;1msparq-canon[0m [36mtests[0m[36m::[0m[34;1mcanonicalize_nquads_isomorphism[0m
2026-09-10T16:43:31.1573773Z [32;1m        PASS[0m [   0.006s] (  97/2876) [35;1msparq-canon[0m [36mtests[0m[36m::[0m[34;1mdataset_named_graph[0m
2026-09-10T16:43:31.1634442Z [32;1m        PASS[0m [   0.006s] (  98/2876) [35;1msparq-canon[0m [36mtests[0m[36m::[0m[34;1missue_triples_exact_label[0m
2026-09-10T16:43:31.1685246Z [32;1m        PASS[0m [   0.006s] (  99/2876) [35;1msparq-canon[0m [36mtests[0m[36m::[0m[34;1mparse_nquads_exact_content[0m
2026-09-10T16:43:31.1753667Z [32;1m        PASS[0m [   0.006s] ( 100/2876) [35;1msparq-canon[0m [36mtests[0m[36m::[0m[34;1mrelabelling_and_order_invariance[0m
2026-09-10T16:43:31.1804720Z [32;1m        PASS[0m [   0.006s] ( 101/2876) [35;1msparq-canon[0m [36mtests[0m[36m::[0m[34;1mtriple_term_depth_error_display_default_features[0m
2026-09-10T16:43:31.1854933Z [32;1m        PASS[0m [   0.006s] ( 102/2876) [35;1msparq-canon::bnode_isomorphism_and_bridge[0m [34;1mcanon_error_display_is_distinct_and_nonempty_per_variant[0m
2026-09-10T16:43:31.1980961Z [32;1m        PASS[0m [   0.013s] ( 103/2876) [35;1msparq-canon::bnode_isomorphism_and_bridge[0m [34;1mnon_isomorphic_graphs_canonicalize_differently[0m
2026-09-10T16:43:31.2083274Z [32;1m        PASS[0m [   0.010s] ( 104/2876) [35;1msparq-canon::digest_quads[0m [34;1mdigest_is_invariant_under_blank_node_relabelling[0m
2026-09-10T16:43:31.4705017Z [32;1m        PASS[0m [   1.576s] ( 105/2876) [35;1msparq-bench::bin/sparq-bench[0m [36mfuzz::tests[0m[36m::[0m[34;1mevery_category_is_value_compared[0m
2026-09-10T16:43:31.4815737Z [32;1m        PASS[0m [   0.012s] ( 106/2876) [35;1msparq-canon::proptest_canon_determinism[0m [34;1midempotence_unit[0m
2026-09-10T16:43:31.4894225Z [32;1m        PASS[0m [   0.008s] ( 107/2876) [35;1msparq-canon::proptest_canon_determinism[0m [34;1mnon_isomorphic_datasets_differ_unit[0m
2026-09-10T16:43:31.4984523Z [32;1m        PASS[0m [   0.007s] ( 108/2876) [35;1msparq-canon::rdf12_nquads_token_tracking[0m [34;1mdirectional_language_token_byte_exact[0m
2026-09-10T16:43:31.5017366Z [32;1m        PASS[0m [   1.354s] ( 109/2876) [35;1msparq-bench::bin/sparq-bench[0m [36mfuzz::tests[0m[36m::[0m[34;1mtyped_columns_agree_by_value_despite_lexical_recanonicalisation[0m
2026-09-10T16:43:31.5068349Z [32;1m        PASS[0m [   0.007s] ( 110/2876) [35;1msparq-canon::rdf12_nquads_token_tracking[0m [34;1mliteral_escaping_vt_and_upper_c0_controls_byte_exact[0m
2026-09-10T16:43:31.5116987Z [32;1m        PASS[0m [   0.010s] ( 111/2876) [35;1msparq-canon::rdf12_nquads_token_tracking[0m [34;1mtriple_term_token_byte_exact[0m
2026-09-10T16:43:31.5226350Z [32;1m        PASS[0m [   0.019s] ( 112/2876) [35;1msparq-canon::rdf12_triple_term_canon[0m [34;1mcanonicalize_graph_content_rdf12_relabels_bnode[0m
2026-09-10T16:43:31.5229443Z [32;1m        PASS[0m [   0.011s] ( 113/2876) [35;1msparq-canon::rdf12_triple_term_canon[0m [34;1mdefault_is_sha256_byte_identical[0m
2026-09-10T16:43:31.5309190Z [32;1m        PASS[0m [   0.008s] ( 114/2876) [35;1msparq-canon::rdf12_triple_term_canon[0m [34;1mdepth_bound_triples_entry_points[0m
2026-09-10T16:43:31.5325638Z [32;1m        PASS[0m [   0.009s] ( 115/2876) [35;1msparq-canon::rdf12_triple_term_canon[0m [34;1mgraph_content_ground_terms_rejects_nested_bnode[0m
2026-09-10T16:43:31.5398239Z [32;1m        PASS[0m [   0.007s] ( 116/2876) [35;1msparq-canon::rdf12_triple_term_canon[0m [34;1mground_terms_accepts_and_matches_full_profile[0m
2026-09-10T16:43:31.5444113Z [32;1m        PASS[0m [   0.008s] ( 117/2876) [35;1msparq-canon::rdf12_triple_term_canon[0m [34;1mground_terms_triples_matches_full_profile[0m
2026-09-10T16:43:31.5486891Z [32;1m        PASS[0m [   0.010s] ( 118/2876) [35;1msparq-canon::rdf12_triple_term_canon[0m [34;1mnested_blank_node_error_display[0m
2026-09-10T16:43:31.5520827Z [32;1m        PASS[0m [   0.011s] ( 119/2876) [35;1msparq-canon::rdf12_triple_term_canon[0m [34;1mnested_bnode_in_object_position_fails_closed[0m
2026-09-10T16:43:31.5538872Z [32;1m        PASS[0m [   0.005s] ( 120/2876) [35;1msparq-canon::rdf12_triple_term_canon[0m [34;1mnested_bnode_now_canonicalizes[0m
2026-09-10T16:43:31.5598226Z [32;1m        PASS[0m [   0.006s] ( 121/2876) [35;1msparq-canon::rdf12_triple_term_canon[0m [34;1msha384_relabels_differently_from_sha256_on_symmetric_cycle[0m
2026-09-10T16:43:31.5652149Z [32;1m        PASS[0m [   0.013s] ( 122/2876) [35;1msparq-canon::rdf12_triple_term_canon[0m [34;1msha384_ground_output_equals_sha256[0m
2026-09-10T16:43:31.5709376Z [32;1m        PASS[0m [   0.005s] ( 123/2876) [35;1msparq-canon::rdf12_triple_term_canon[0m [34;1mvec3_depth1_vs_depth2_nesting_differs[0m
2026-09-10T16:43:31.5763201Z [32;1m        PASS[0m [   0.005s] ( 124/2876) [35;1msparq-canon::rdf12_triple_term_canon[0m [34;1mvec6_sha384_standard_path_rejects_triple_terms[0m
2026-09-10T16:43:31.8434235Z [32;1m        PASS[0m [   0.635s] ( 125/2876) [35;1msparq-canon::proptest_canon_determinism[0m [34;1mcanonical_output_invariant_under_quad_permutation[0m
2026-09-10T16:43:31.8493598Z [32;1m        PASS[0m [   0.006s] ( 126/2876) [35;1msparq-cli::cli_contract[0m [34;1mantijoin_static_decline_is_lit[0m
2026-09-10T16:43:31.8650341Z [32;1m        PASS[0m [   0.015s] ( 127/2876) [35;1msparq-cli::cli_contract[0m [34;1mbench_json_flag_writes_parseable_results_with_expected_keys[0m
2026-09-10T16:43:31.9196124Z [32;1m        PASS[0m [   0.054s] ( 128/2876) [35;1msparq-cli::cli_contract[0m [34;1mbuild_external_then_query_mmap_round_trip[0m
2026-09-10T16:43:32.0268450Z [32;1m        PASS[0m [   0.107s] ( 129/2876) [35;1msparq-cli::cli_contract[0m [34;1mcompressed_input_autodetect_gzip_zstd_bzip2_load_identically[0m
2026-09-10T16:43:32.0520639Z [32;1m        PASS[0m [   0.025s] ( 130/2876) [35;1msparq-cli::cli_contract[0m [34;1mingest_full_reports_triple_and_term_counts[0m
2026-09-10T16:43:32.0709568Z [32;1m        PASS[0m [   0.019s] ( 131/2876) [35;1msparq-cli::cli_contract[0m [34;1mno_subcommand_prints_usage_and_exits_2[0m
2026-09-10T16:43:32.1324820Z [32;1m        PASS[0m [   0.061s] ( 132/2876) [35;1msparq-cli::cli_contract[0m [34;1mquery_count_flag_preserves_legacy_count_output[0m
2026-09-10T16:43:32.1864331Z [32;1m        PASS[0m [   0.052s] ( 133/2876) [35;1msparq-cli::cli_contract[0m [34;1mquery_mmap_ask_prints_boolean[0m
2026-09-10T16:43:32.2184229Z [32;1m        PASS[0m [   0.032s] ( 134/2876) [35;1msparq-cli::cli_contract[0m [34;1mquery_mmap_malformed_query_exits_1[0m
2026-09-10T16:43:32.2798865Z [32;1m        PASS[0m [   0.064s] ( 135/2876) [35;1msparq-cli::cli_contract[0m [34;1mquery_mmap_select_format_shapes[0m
2026-09-10T16:43:32.3764477Z [32;1m        PASS[0m [   0.094s] ( 136/2876) [35;1msparq-cli::cli_contract[0m [34;1mquery_select_format_shapes[0m
2026-09-10T16:43:32.3974331Z [32;1m        PASS[0m [   0.022s] ( 137/2876) [35;1msparq-cli::cli_contract[0m [34;1mquery_unknown_format_exits_2[0m
2026-09-10T16:43:32.4075708Z [32;1m        PASS[0m [   0.011s] ( 138/2876) [35;1msparq-cli::cli_contract[0m [34;1mreason_unknown_profile_exits_2[0m
2026-09-10T16:43:32.4424497Z [32;1m        PASS[0m [   0.035s] ( 139/2876) [35;1msparq-cli::cli_contract[0m [34;1msave_compressed_then_query_mmap_round_trip[0m
2026-09-10T16:43:32.4529552Z [32;1m        PASS[0m [   0.010s] ( 140/2876) [35;1msparq-cli::cli_contract[0m [34;1munsupported_format_exits_nonzero[0m
2026-09-10T16:43:32.4844310Z [32;1m        PASS[0m [   0.027s] ( 141/2876) [35;1msparq-cli::dump_cli[0m [34;1mdump_jsonld_compact_missing_context_errors[0m
2026-09-10T16:43:32.4948989Z [32;1m        PASS[0m [   0.015s] ( 142/2876) [35;1msparq-cli::dump_cli[0m [34;1mdump_jsonld_compact_with_context[0m
2026-09-10T16:43:32.5105744Z [32;1m        PASS[0m [   0.013s] ( 143/2876) [35;1msparq-cli::dump_cli[0m [34;1mdump_jsonld_input_roundtrips_default_build[0m
2026-09-10T16:43:32.5515098Z [32;1m        PASS[0m [   0.041s] ( 144/2876) [35;1msparq-cli::dump_cli[0m [34;1mdump_turtle_roundtrips_default_graph_count[0m
2026-09-10T16:43:32.5921801Z [32;1m        PASS[0m [   0.042s] ( 145/2876) [35;1msparq-cli::emit_format_v2[0m [34;1mflag_without_the_feature_exits_2[0m
2026-09-10T16:43:32.6113650Z [32;1m        PASS[0m [   0.019s] ( 146/2876) [35;1msparq-cli::emit_format_v2[0m [34;1munknown_flag_exits_2[0m
2026-09-10T16:43:32.6298358Z [32;1m        PASS[0m [   0.018s] ( 147/2876) [35;1msparq-cli::error_paths_cli[0m [34;1mclassify_subcommand_absent_without_the_feature[0m
2026-09-10T16:43:32.6464281Z [32;1m        PASS[0m [   0.017s] ( 148/2876) [35;1msparq-cli::error_paths_cli[0m [34;1mquery_format_without_value_exits_2[0m
2026-09-10T16:43:32.6587778Z [32;1m        PASS[0m [   0.012s] ( 149/2876) [35;1msparq-cli::error_paths_cli[0m [34;1mreason_datalog_without_the_feature_exits_2[0m
2026-09-10T16:43:32.6813575Z [32;1m        PASS[0m [   0.021s] ( 150/2876) [35;1msparq-cli::error_paths_cli[0m [34;1mrecompress_nonexistent_source_exits_1[0m
2026-09-10T16:43:32.9170406Z [32;1m        PASS[0m [   0.237s] ( 151/2876) [35;1msparq-cli::store_profile[0m [34;1mcompressed_profile_yields_identical_solutions[0m
2026-09-10T16:43:33.0075121Z [32;1m        PASS[0m [   0.085s] ( 152/2876) [35;1msparq-cli::store_profile[0m [34;1mmemstat_raw_emits_the_composition_breakdown[0m
2026-09-10T16:43:33.0180700Z [32;1m        PASS[0m [   0.016s] ( 153/2876) [35;1msparq-conformance[0m [36mcompare::tests[0m[36m::[0m[34;1mbnode_bijection_consistent[0m
2026-09-10T16:43:33.0298737Z [32;1m        PASS[0m [   0.012s] ( 154/2876) [35;1msparq-conformance[0m [36mdifferential::tests[0m[36m::[0m[34;1midentical_parsers_agree[0m
2026-09-10T16:43:33.0450385Z [32;1m        PASS[0m [   0.013s] ( 155/2876) [35;1msparq-conformance[0m [36minference::entail::tests[0m[36m::[0m[34;1mill_typed_literal_is_inconsistent[0m
2026-09-10T16:43:33.0515178Z [32;1m        PASS[0m [   0.009s] ( 156/2876) [35;1msparq-conformance[0m [36minference::entail::tests[0m[36m::[0m[34;1mvalue_equality_across_lexical_forms[0m
2026-09-10T16:43:33.0575832Z [32;1m        PASS[0m [   0.006s] ( 157/2876) [35;1msparq-conformance[0m [36minference::owl_suite::tests[0m[36m::[0m[34;1mdivergence_dispositions_are_permanent_and_rule_grounded[0m
2026-09-10T16:43:33.0655924Z [32;1m        PASS[0m [   0.007s] ( 158/2876) [35;1msparq-conformance[0m [36mquadset::tests[0m[36m::[0m[34;1mdifferent_quad_detected_with_witness[0m
2026-09-10T16:43:33.1776035Z [32;1m        PASS[0m [   0.113s] ( 159/2876) [35;1msparq-conformance::parser_differential[0m [34;1mdifferential_fuzz_seeds_nquads_corpus[0m
2026-09-10T16:43:33.1864041Z [32;1m        PASS[0m [   0.006s] ( 160/2876) [35;1msparq-conformance::parser_differential[0m [34;1mdifferential_trig_sparq_vs_oxttl_over_w3c_actions[0m
2026-09-10T16:43:33.1964336Z [32;1m        PASS[0m [   0.011s] ( 161/2876) [35;1msparq-conformance::parser_differential[0m [34;1mmutation_quad_drop_detected_with_minimal_repro[0m
2026-09-10T16:43:33.2403493Z [32;1m        PASS[0m [   0.044s] ( 162/2876) [35;1msparq-conformance::quoted_triple_opacity[0m [34;1mquoted_triple_opacity_ratchet[0m
2026-09-10T16:43:33.2532001Z [32;1m        PASS[0m [   0.013s] ( 163/2876) [35;1msparq-conformance::rdf_line_syntax_ratchet[0m [34;1mw3c_ntriples_syntax_ratchet[0m
2026-09-10T16:43:33.2633576Z [32;1m        PASS[0m [   0.010s] ( 164/2876) [35;1msparq-conformance::scoreboard_floors[0m [34;1mcentral_floors_match_crate_local_sources[0m
2026-09-10T16:43:33.2713942Z [32;1m        PASS[0m [   0.006s] ( 165/2876) [35;1msparq-conformance::scoreboard_floors[0m [34;1mshared_crate_floors_are_pinned[0m
2026-09-10T16:43:33.2763747Z [32;1m        PASS[0m [   1.698s] ( 166/2876) [35;1msparq-canon::rdf_canon_suite[0m [34;1mw3c_rdf_canon_suite[0m
2026-09-10T16:43:33.2768517Z [32;1m        PASS[0m [   0.008s] ( 167/2876) [35;1msparq-conformance-floors[0m [36mtests[0m[36m::[0m[34;1mevery_counting_floor_is_non_vacuous[0m
2026-09-10T16:43:33.2858998Z [32;1m        PASS[0m [   0.011s] ( 168/2876) [35;1msparq-core[0m [36mbuild_timing::tests[0m[36m::[0m[34;1mpipelined_path_without_inline_consolidate_omits_the_term[0m
2026-09-10T16:43:33.3410681Z [32;1m        PASS[0m [   0.052s] ( 169/2876) [35;1msparq-core[0m [36mcompress::tests[0m[36m::[0m[34;1mcount_range_equals_materialised_range_len[0m
2026-09-10T16:43:33.3554270Z [32;1m        PASS[0m [   0.016s] ( 170/2876) [35;1msparq-core[0m [36mcompress::tests[0m[36m::[0m[34;1mstream_writer_byte_identical_to_encode_write_to[0m
2026-09-10T16:43:33.3703401Z [32;1m        PASS[0m [   0.016s] ( 171/2876) [35;1msparq-core[0m [36mdict::tests[0m[36m::[0m[34;1mfiltered_rebuild_moves_arena_records_and_filters_metadata[0m
2026-09-10T16:43:33.3779673Z [32;1m        PASS[0m [   0.007s] ( 172/2876) [35;1msparq-core[0m [36mdict::tests[0m[36m::[0m[34;1minline_integer_roundtrip_and_boundaries[0m
2026-09-10T16:43:33.3859296Z [32;1m        PASS[0m [   0.006s] ( 173/2876) [35;1msparq-core[0m [36mdict::tests[0m[36m::[0m[34;1miri_prefix_factoring_roundtrips[0m
2026-09-10T16:43:33.3898312Z [32;1m        PASS[0m [   0.006s] ( 174/2876) [35;1msparq-core[0m [36mdict::tests[0m[36m::[0m[34;1mmapped_find_compares_full_hash_before_eq[0m
2026-09-10T16:43:33.3965932Z [32;1m        PASS[0m [   0.007s] ( 175/2876) [35;1msparq-core[0m [36mdict::tests[0m[36m::[0m[34;1mmmap_dict_on_disk_arrays_are_little_endian[0m
2026-09-10T16:43:33.4041076Z [32;1m        PASS[0m [   0.007s] ( 176/2876) [35;1msparq-core[0m [36mdict::tests[0m[36m::[0m[34;1mnon_canonical_and_out_of_range_do_not_inline[0m
2026-09-10T16:43:33.4098546Z [32;1m        PASS[0m [   0.006s] ( 177/2876) [35;1msparq-core[0m [36mdict::tests[0m[36m::[0m[34;1mreconstruct_triple_wrong_kind_component_is_safe_not_panic[0m
2026-09-10T16:43:33.4167147Z [32;1m        PASS[0m [   0.005s] ( 178/2876) [35;1msparq-core[0m [36mdict::tests[0m[36m::[0m[34;1mtriple_terms_survive_blob_compaction[0m
2026-09-10T16:43:33.4212911Z [32;1m        PASS[0m [   0.006s] ( 179/2876) [35;1msparq-core[0m [36mdict::tests[0m[36m::[0m[34;1mvalidate_dict_bytes_seam_accepts_valid_and_rejects_corruption[0m
2026-09-10T16:43:33.4298233Z [32;1m        PASS[0m [   0.008s] ( 180/2876) [35;1msparq-core[0m [36mdictspill::tests[0m[36m::[0m[34;1mparse_term_roundtrips_all_shapes_via_resolve_record[0m
2026-09-10T16:43:33.4375133Z [32;1m        PASS[0m [   0.008s] ( 181/2876) [35;1msparq-core[0m [36mdictspill::tests[0m[36m::[0m[34;1mread_full_signals_clean_eof_and_truncation[0m
2026-09-10T16:43:33.4470734Z [32;1m        PASS[0m [   0.009s] ( 182/2876) [35;1msparq-core[0m [36mdictspill::tests[0m[36m::[0m[34;1mshard_window_maps_across_epochs_and_rejects_out_of_window[0m
2026-09-10T16:43:33.4546800Z [32;1m        PASS[0m [   0.008s] ( 183/2876) [35;1msparq-core[0m [36mdictspill::tests[0m[36m::[0m[34;1mtable_builder_dedups_and_assigns_dense_ids[0m
2026-09-10T16:43:33.4653363Z [32;1m        PASS[0m [   0.010s] ( 184/2876) [35;1msparq-core[0m [36mdir_roundtrip_test[0m[36m::[0m[34;1mapply_delta_nquads_routes_per_graph[0m
2026-09-10T16:43:33.4727366Z [32;1m        PASS[0m [   0.007s] ( 185/2876) [35;1msparq-core[0m [36mdir_roundtrip_test[0m[36m::[0m[34;1mlanguage_tag_casing_consistent_across_formats[0m
2026-09-10T16:43:33.4797445Z [32;1m        PASS[0m [   0.007s] ( 186/2876) [35;1msparq-core[0m [36mextsort::tests[0m[36m::[0m[34;1mexternal_sort_reorders_into_requested_column_order_and_dedups[0m
2026-09-10T16:43:33.4850249Z [32;1m        PASS[0m [   0.005s] ( 187/2876) [35;1msparq-core[0m [36mextsort::tests[0m[36m::[0m[34;1mspill_run_on_empty_buffer_is_a_noop[0m
2026-09-10T16:43:33.4938844Z [32;1m        PASS[0m [   1.934s] ( 188/2876) [35;1msparq-canon::rdf12_triple_term_canon[0m [34;1mv2_single_graph_agrees_with_standard[0m
2026-09-10T16:43:33.4978897Z [32;1m        PASS[0m [   0.013s] ( 189/2876) [35;1msparq-core[0m [36mnt::tests[0m[36m::[0m[34;1mblank_node_subject_cache_no_false_hit_on_prefix_match[0m
2026-09-10T16:43:33.5025345Z [32;1m        PASS[0m [   0.008s] ( 190/2876) [35;1msparq-core[0m [36mnt::tests[0m[36m::[0m[34;1mdeeply_nested_triple_term_returns_clean_error_not_stack_overflow[0m
2026-09-10T16:43:33.5080896Z [32;1m        PASS[0m [   0.010s] ( 191/2876) [35;1msparq-core[0m [36mnt::tests[0m[36m::[0m[34;1mlanguage_tag_lowercased_to_match_oxttl[0m
2026-09-10T16:43:33.5086210Z [32;1m        PASS[0m [   0.006s] ( 192/2876) [35;1msparq-core[0m [36mnt::tests[0m[36m::[0m[34;1mnested_and_blank_node_triple_terms_parse[0m
2026-09-10T16:43:33.5185687Z [32;1m        PASS[0m [   0.010s] ( 193/2876) [35;1msparq-core[0m [36mnt::tests[0m[36m::[0m[34;1moversized_subject_bypasses_cache_parses_correctly[0m
2026-09-10T16:43:33.5192255Z [32;1m        PASS[0m [   0.010s] ( 194/2876) [35;1msparq-core[0m [36mnt::tests[0m[36m::[0m[34;1mnquads_graph_label_rejects_literal[0m
2026-09-10T16:43:33.5261967Z [32;1m        PASS[0m [   0.007s] ( 195/2876) [35;1msparq-core[0m [36mnt::tests[0m[36m::[0m[34;1mshuffled_input_store_matches_grouped[0m
2026-09-10T16:43:33.5274803Z [32;1m        PASS[0m [   0.008s] ( 196/2876) [35;1msparq-core[0m [36mnt::tests[0m[36m::[0m[34;1mparse_quads_chunk_multibyte_graph_and_terms_round_trip[0m
2026-09-10T16:43:33.5316729Z [32;1m        PASS[0m [   0.005s] ( 197/2876) [35;1msparq-core[0m [36mnt::tests[0m[36m::[0m[34;1mtriple_term_only_in_object_position[0m
2026-09-10T16:43:33.5393766Z [32;1m        PASS[0m [   0.011s] ( 198/2876) [35;1msparq-core[0m [36mstore::overlay_deleted_tests[0m[36m::[0m[34;1mdeleted_cache_graph_snapshot_retains_warm_generation[0m
2026-09-10T16:43:33.5405712Z [32;1m        PASS[0m [   0.009s] ( 199/2876) [35;1msparq-core[0m [36mstore::tests[0m[36m::[0m[34;1mbuild_raw_perms_no_capacity_slack[0m
2026-09-10T16:43:33.5443628Z [32;1m        PASS[0m [   0.005s] ( 200/2876) [35;1msparq-core[0m [36mstore::tests[0m[36m::[0m[34;1mderive_plan_pairs_are_derivable[0m
2026-09-10T16:43:33.5794458Z [32;1m        PASS[0m [   0.034s] ( 201/2876) [35;1msparq-core[0m [36mstore::tests[0m[36m::[0m[34;1mpred_stats_load_is_some_and_exact[0m
2026-09-10T16:43:33.5897152Z [32;1m        PASS[0m [   0.010s] ( 202/2876) [35;1msparq-core[0m [36mstore::tests[0m[36m::[0m[34;1mscan_perm_selects_named_permutation[0m
2026-09-10T16:43:33.6099484Z [32;1m        PASS[0m [   0.021s] ( 203/2876) [35;1msparq-core[0m [36mstrdist::tests[0m[36m::[0m[34;1medit_distance_satisfies_triangle_inequality[0m
2026-09-10T16:43:33.6154940Z [32;1m        PASS[0m [   0.006s] ( 204/2876) [35;1msparq-core[0m [36mtemporal::tests[0m[36m::[0m[34;1mcmp_tl_matches_xpath_and_temporal_cmp[0m
2026-09-10T16:43:33.6206341Z [32;1m        PASS[0m [   0.006s] ( 205/2876) [35;1msparq-core[0m [36mtemporal::tests[0m[36m::[0m[34;1mdatetime_and_datetimestamp_share_a_family_date_is_disjoint[0m
2026-09-10T16:43:33.6259208Z [32;1m        PASS[0m [   0.005s] ( 206/2876) [35;1msparq-core[0m [36mtemporal::tests[0m[36m::[0m[34;1minstant_normalises_timezone_to_utc[0m
2026-09-10T16:43:33.6320895Z [32;1m        PASS[0m [   0.005s] ( 207/2876) [35;1msparq-core[0m [36mtemporal::tests[0m[36m::[0m[34;1mparse_date_handles_timezone_offset_and_bare_date[0m
2026-09-10T16:43:33.6384165Z [32;1m        PASS[0m [   0.006s] ( 208/2876) [35;1msparq-core[0m [36mtemporal::tests[0m[36m::[0m[34;1mwitness_indeterminate_window_lexical_fallback_was_intransitive[0m
2026-09-10T16:43:33.6675340Z [32;1m        PASS[0m [   0.127s] ( 209/2876) [35;1msparq-core[0m [36mstore::tests[0m[36m::[0m[34;1mfrom_triples_perms_match_reference_sort[0m
2026-09-10T16:43:33.7045724Z [32;1m        PASS[0m [   0.037s] ( 210/2876) [35;1msparq-core[0m [36mtests[0m[36m::[0m[34;1mbuild_external_quads_empty_default_graph[0m
2026-09-10T16:43:33.7498618Z [32;1m        PASS[0m [   3.925s] ( 211/2876) [35;1msparq-bench::bin/sparq-bench[0m [36mfuzz::tests[0m[36m::[0m[34;1mevery_category_binds_rows_on_a_healthy_share_of_seeds[0m
2026-09-10T16:43:33.7632086Z [32;1m        PASS[0m [   0.013s] ( 212/2876) [35;1msparq-core[0m [36mtests[0m[36m::[0m[34;1mclear_named_durable_survives_reopen[0m
2026-09-10T16:43:33.7698363Z [32;1m        PASS[0m [   0.007s] ( 213/2876) [35;1msparq-core[0m [36mtests[0m[36m::[0m[34;1mdecimal_significant_digits_counts[0m
2026-09-10T16:43:33.7703863Z [32;1m        PASS[0m [   0.066s] ( 214/2876) [35;1msparq-core[0m [36mtests[0m[36m::[0m[34;1mbuild_external_quads_trig_lossless_open[0m
2026-09-10T16:43:33.7891102Z [32;1m        PASS[0m [   0.019s] ( 215/2876) [35;1msparq-core[0m [36mtests[0m[36m::[0m[34;1mdrop_all_named_durable_batch_survives_restart[0m
2026-09-10T16:43:33.7953448Z [32;1m        PASS[0m [   0.006s] ( 216/2876) [35;1msparq-core[0m [36mtests[0m[36m::[0m[34;1mestimate_turtle_triples_never_zero_and_monotonic[0m
2026-09-10T16:43:33.8044802Z [32;1m        PASS[0m [   0.008s] ( 217/2876) [35;1msparq-core[0m [36mtests[0m[36m::[0m[34;1mgraph_iter_ids_orders_and_overlay[0m
2026-09-10T16:43:33.8214013Z [32;1m        PASS[0m [   0.018s] ( 218/2876) [35;1msparq-core[0m [36mtests[0m[36m::[0m[34;1mhas_high_precision_decimal_memo_survives_delta_insert[0m
2026-09-10T16:43:33.8286881Z [32;1m        PASS[0m [   0.007s] ( 219/2876) [35;1msparq-core[0m [36mtests[0m[36m::[0m[34;1mis_integer_datatype_accepts_integer_subtypes_only[0m
2026-09-10T16:43:33.8376287Z [32;1m        PASS[0m [   0.009s] ( 220/2876) [35;1msparq-core[0m [36mtests[0m[36m::[0m[34;1mjsonld_load_str_array[0m
2026-09-10T16:43:33.8408180Z [32;1m        PASS[0m [   0.562s] ( 221/2876) [35;1msparq-core[0m [36mcompress::byte_attribution[0m[36m::[0m[34;1mattribution_total_exact_at_every_swept_block_size[0m
2026-09-10T16:43:33.8462010Z [32;1m        PASS[0m [   0.007s] ( 222/2876) [35;1msparq-core[0m [36mtests[0m[36m::[0m[34;1mjsonld_malformed_errors[0m
2026-09-10T16:43:33.8488019Z [32;1m        PASS[0m [   0.009s] ( 223/2876) [35;1msparq-core[0m [36mtests[0m[36m::[0m[34;1mload_dataset_rejects_unknown_format[0m
2026-09-10T16:43:33.8521142Z [32;1m        PASS[0m [   0.007s] ( 224/2876) [35;1msparq-core[0m [36mtests[0m[36m::[0m[34;1mload_dataset_with_base_resolves_and_preserves_named_graphs[0m
2026-09-10T16:43:33.8554678Z [32;1m        PASS[0m [   0.006s] ( 225/2876) [35;1msparq-core[0m [36mtests[0m[36m::[0m[34;1mload_str_with_base_resolves_relative_iris[0m
2026-09-10T16:43:34.2219859Z [32;1m        PASS[0m [   0.368s] ( 226/2876) [35;1msparq-core[0m [36mtests[0m[36m::[0m[34;1mnamed_graph_updates_are_wal_durable[0m
2026-09-10T16:43:34.2232230Z [32;1m        PASS[0m [   0.367s] ( 227/2876) [35;1msparq-core[0m [36mtests[0m[36m::[0m[34;1mnamed_manifest_write_is_atomic_temp_then_rename[0m
2026-09-10T16:43:34.2310093Z [32;1m        PASS[0m [   0.006s] ( 228/2876) [35;1msparq-core[0m [36mtests[0m[36m::[0m[34;1mnumeric_cache_lookup_covers_outlined_storage_variants[0m
2026-09-10T16:43:34.2514504Z [32;1m        PASS[0m [   0.021s] ( 229/2876) [35;1msparq-core[0m [36mtests[0m[36m::[0m[34;1mopen_falls_back_to_legacy_dict_bin[0m
2026-09-10T16:43:34.2890565Z [32;1m        PASS[0m [   0.069s] ( 230/2876) [35;1msparq-core[0m [36mtests[0m[36m::[0m[34;1mntriples_parallel_matches_sequential[0m
2026-09-10T16:43:34.2910951Z [32;1m        PASS[0m [   0.521s] ( 231/2876) [35;1msparq-core[0m [36mtests[0m[36m::[0m[34;1mdict_spill_build_byte_identical_to_sharded[0m
2026-09-10T16:43:34.3485779Z [32;1m        PASS[0m [   0.058s] ( 232/2876) [35;1msparq-core[0m [36mtests[0m[36m::[0m[34;1mparallel_turtle_escaped_hash_in_local[0m
2026-09-10T16:43:34.4552978Z [32;1m        PASS[0m [   0.203s] ( 233/2876) [35;1msparq-core[0m [36mtests[0m[36m::[0m[34;1mparallel_trig_matches_serial[0m
2026-09-10T16:43:34.4628339Z [32;1m        PASS[0m [   0.171s] ( 234/2876) [35;1msparq-core[0m [36mtests[0m[36m::[0m[34;1mparallel_turtle_quoted_triples_match_serial[0m
2026-09-10T16:43:34.4644368Z [32;1m        PASS[0m [   0.009s] ( 235/2876) [35;1msparq-core[0m [36mtests[0m[36m::[0m[34;1mpredicate_has_literal_object_iri_only_vs_literal_vs_bnode[0m
2026-09-10T16:43:34.4698061Z [32;1m        PASS[0m [   0.006s] ( 236/2876) [35;1msparq-core[0m [36mtests[0m[36m::[0m[34;1mrdfxml_load_str_with_base_resolves_relative[0m
2026-09-10T16:43:34.5273622Z [32;1m        PASS[0m [   0.057s] ( 237/2876) [35;1msparq-core[0m [36mtests[0m[36m::[0m[34;1mrestore_into_durable_round_trips_and_is_wal_backed[0m
2026-09-10T16:43:34.6116897Z [32;1m        PASS[0m [   0.149s] ( 238/2876) [35;1msparq-core[0m [36mtests[0m[36m::[0m[34;1mpresizing_is_pure_capacity_hint[0m
2026-09-10T16:43:34.6254494Z [32;1m        PASS[0m [   0.278s] ( 239/2876) [35;1msparq-core[0m [36mtests[0m[36m::[0m[34;1mparallel_turtle_terminator_scan_is_linear_not_quadratic[0m
2026-09-10T16:43:34.6322446Z [32;1m        PASS[0m [   0.020s] ( 240/2876) [35;1msparq-core[0m [36mtests[0m[36m::[0m[34;1mstreamed_caches_byte_identical_to_dense[0m
2026-09-10T16:43:34.6338574Z [32;1m        PASS[0m [   0.107s] ( 241/2876) [35;1msparq-core[0m [36mtests[0m[36m::[0m[34;1msave_open_mmap_roundtrip[0m
2026-09-10T16:43:34.6370600Z [32;1m        PASS[0m [   0.011s] ( 242/2876) [35;1msparq-core[0m [36mtests[0m[36m::[0m[34;1mtxn_default_redo_survives_double_restart[0m
2026-09-10T16:43:34.6493908Z [32;1m        PASS[0m [   0.012s] ( 243/2876) [35;1msparq-core[0m [36mtests[0m[36m::[0m[34;1mwal_torn_batch_replay[0m
2026-09-10T16:43:34.6561545Z [32;1m        PASS[0m [   0.024s] ( 244/2876) [35;1msparq-core[0m [36mtests[0m[36m::[0m[34;1mtxn_named_redo_survives_double_restart[0m
2026-09-10T16:43:34.6711301Z [32;1m        PASS[0m [   0.037s] ( 245/2876) [35;1msparq-core[0m [36mtests[0m[36m::[0m[34;1mvacuum_preserves_live_dataset_exactly[0m
2026-09-10T16:43:34.6715822Z [32;1m        PASS[0m [   0.022s] ( 246/2876) [35;1msparq-core::dict_spill_activation[0m [34;1mspill_build_empty_input_opens_empty[0m
2026-09-10T16:43:34.6798903Z [32;1m        PASS[0m [   0.023s] ( 247/2876) [35;1msparq-core::fork_differential[0m [34;1mfork_pending_delta_accounting[0m
2026-09-10T16:43:34.6920572Z [32;1m        PASS[0m [   0.012s] ( 248/2876) [35;1msparq-core::proptest_roundtrip[0m [34;1mdict_blank_roundtrip_unit[0m
2026-09-10T16:43:34.7903359Z [32;1m        PASS[0m [   0.097s] ( 249/2876) [35;1msparq-core::proptest_roundtrip[0m [34;1mdict_intern_deterministic[0m
2026-09-10T16:43:34.7988346Z [32;1m        PASS[0m [   0.009s] ( 250/2876) [35;1msparq-core::proptest_roundtrip[0m [34;1mdict_iri_roundtrip_unit[0m
2026-09-10T16:43:34.8059509Z [32;1m        PASS[0m [   0.007s] ( 251/2876) [35;1msparq-core::proptest_roundtrip[0m [34;1mdict_plain_lit_roundtrip_unit[0m
2026-09-10T16:43:34.8154999Z [32;1m        PASS[0m [   0.009s] ( 252/2876) [35;1msparq-core::proptest_roundtrip[0m [34;1mnt_roundtrip_blank_nodes_unit[0m
2026-09-10T16:43:34.8234723Z [32;1m        PASS[0m [   0.008s] ( 253/2876) [35;1msparq-core::proptest_roundtrip[0m [34;1mnt_serialize_fixpoint_unit[0m
2026-09-10T16:43:34.8403046Z [32;1m        PASS[0m [   0.016s] ( 254/2876) [35;1msparq-core::snapshot[0m [34;1msnapshot_covers_named_graphs[0m
2026-09-10T16:43:34.8500383Z [32;1m        PASS[0m [   0.010s] ( 255/2876) [35;1msparq-core::snapshot[0m [34;1msnapshot_mutation_invisible_to_base[0m
2026-09-10T16:43:34.8636795Z [32;1m        PASS[0m [   0.013s] ( 256/2876) [35;1msparq-crdt[0m [36mcodec::tests[0m[36m::[0m[34;1mb64url_encode_matches_rfc4648_vectors[0m
2026-09-10T16:43:34.8704725Z [32;1m        PASS[0m [   0.006s] ( 257/2876) [35;1msparq-crdt[0m [36mcodec::tests[0m[36m::[0m[34;1mparse_dot_requires_two_string_elements[0m
2026-09-10T16:43:34.8779812Z [32;1m        PASS[0m [   0.008s] ( 258/2876) [35;1msparq-crdt[0m [36mcodec::tests[0m[36m::[0m[34;1mwrite_dot_emits_canonical_pair[0m
2026-09-10T16:43:34.8876146Z [32;1m        PASS[0m [   0.009s] ( 259/2876) [35;1msparq-crdt[0m [36menvelope::tests[0m[36m::[0m[34;1maccessors_expose_the_constructed_fields[0m
2026-09-10T16:43:34.8939995Z [32;1m        PASS[0m [   0.006s] ( 260/2876) [35;1msparq-crdt[0m [36menvelope::tests[0m[36m::[0m[34;1mdecode_fails_closed_on_unknown_format_versions[0m
2026-09-10T16:43:34.9020839Z [32;1m        PASS[0m [   0.008s] ( 261/2876) [35;1msparq-crdt[0m [36menvelope::tests[0m[36m::[0m[34;1mdecode_rejects_oversized_input_before_parsing[0m
2026-09-10T16:43:34.9104225Z [32;1m        PASS[0m [   0.008s] ( 262/2876) [35;1msparq-crdt[0m [36menvelope::tests[0m[36m::[0m[34;1mencode_produces_the_golden_canonical_bytes[0m
2026-09-10T16:43:34.9163644Z [32;1m        PASS[0m [   0.006s] ( 263/2876) [35;1msparq-crdt[0m [36menvelope::tests[0m[36m::[0m[34;1mlimits_default_is_the_recommended_baseline[0m
2026-09-10T16:43:34.9171555Z [32;1m        PASS[0m [   0.246s] ( 264/2876) [35;1msparq-core::parallel_serial_load_differential[0m [34;1mntriples_load_matches_reference[0m
2026-09-10T16:43:34.9218235Z [32;1m        PASS[0m [   0.004s] ( 265/2876) [35;1msparq-crdt[0m [36mid::tests[0m[36m::[0m[34;1mdot_new_rejects_zero_counter[0m
2026-09-10T16:43:34.9234060Z [32;1m        PASS[0m [   0.005s] ( 266/2876) [35;1msparq-crdt[0m [36mid::tests[0m[36m::[0m[34;1mdataset_id_as_str_returns_the_iri[0m
2026-09-10T16:43:34.9283711Z [32;1m        PASS[0m [   0.006s] ( 267/2876) [35;1msparq-crdt[0m [36mid::tests[0m[36m::[0m[34;1mreplica_id_orders_by_raw_bytes[0m
2026-09-10T16:43:34.9299105Z [32;1m        PASS[0m [   0.007s] ( 268/2876) [35;1msparq-crdt[0m [36mid::tests[0m[36m::[0m[34;1mreplica_id_base64url_round_trips_unpadded[0m
2026-09-10T16:43:34.9383995Z [32;1m        PASS[0m [   0.007s] ( 269/2876) [35;1msparq-crdt[0m [36mjournal::tests[0m[36m::[0m[34;1mfrontier_summarises_contiguous_sequences_into_the_clock[0m
2026-09-10T16:43:34.9385486Z [32;1m        PASS[0m [   0.008s] ( 270/2876) [35;1msparq-crdt[0m [36mjournal::tests[0m[36m::[0m[34;1mappend_rejects_same_identity_with_different_bytes[0m
2026-09-10T16:43:34.9444039Z [32;1m        PASS[0m [   0.008s] ( 271/2876) [35;1msparq-crdt[0m [36mjournal::tests[0m[36m::[0m[34;1msnapshot_decode_rejects_wrong_admission_bounds_and_corruption[0m
2026-09-10T16:43:34.9473131Z [32;1m        PASS[0m [   0.011s] ( 272/2876) [35;1msparq-crdt[0m [36mjournal::tests[0m[36m::[0m[34;1mserve_missing_returns_exactly_the_gap_in_order[0m
2026-09-10T16:43:34.9569364Z [32;1m        PASS[0m [   0.012s] ( 273/2876) [35;1msparq-crdt[0m [36mjournal::tests[0m[36m::[0m[34;1mstreaming_scan_agrees_with_the_whole_buffer_scan[0m
2026-09-10T16:43:34.9630000Z [32;1m        PASS[0m [   0.006s] ( 274/2876) [35;1msparq-crdt[0m [36mquad::tests[0m[36m::[0m[34;1mparse_accepts_canonical_default_and_named_graph_lines[0m
2026-09-10T16:43:34.9644321Z [32;1m        PASS[0m [   0.017s] ( 275/2876) [35;1msparq-crdt[0m [36mjournal::tests[0m[36m::[0m[34;1mtorn_tail_is_truncated_on_recovery[0m
2026-09-10T16:43:34.9701030Z [32;1m        PASS[0m [   0.007s] ( 276/2876) [35;1msparq-crdt[0m [36mquad::tests[0m[36m::[0m[34;1mparse_rejects_non_canonical_byte_forms[0m
2026-09-10T16:43:34.9731605Z [32;1m        PASS[0m [   0.008s] ( 277/2876) [35;1msparq-crdt[0m [36msummary::tests[0m[36m::[0m[34;1mequality_is_denotation_equality_via_normal_form[0m
2026-09-10T16:43:34.9761244Z [32;1m        PASS[0m [   0.006s] ( 278/2876) [35;1msparq-crdt[0m [36msummary::tests[0m[36m::[0m[34;1minsert_gapped_dot_stays_in_cloud_until_the_gap_fills[0m
2026-09-10T16:43:34.9785700Z [32;1m        PASS[0m [   0.006s] ( 279/2876) [35;1msparq-crdt[0m [36msummary::tests[0m[36m::[0m[34;1munion_is_commutative_associative_idempotent_on_samples[0m
2026-09-10T16:43:34.9813497Z [32;1m        PASS[0m [   0.005s] ( 280/2876) [35;1msparq-crdt[0m [36msync::tests[0m[36m::[0m[34;1mhello_decode_rejects_wrong_dataset_epoch_version_and_noncanonical[0m
2026-09-10T16:43:34.9842403Z [32;1m        PASS[0m [   0.005s] ( 281/2876) [35;1msparq-crdt[0m [36msync::tests[0m[36m::[0m[34;1mmembership_new_rejects_an_empty_member_set[0m
2026-09-10T16:43:35.2023389Z [32;1m        PASS[0m [   0.005s] ( 282/2876) [35;1msparq-crdt[0m [36msync::tests[0m[36m::[0m[34;1mmissing_intervals_handles_u64_max_boundaries_without_overflow[0m
2026-09-10T16:43:35.2025860Z [32;1m        PASS[0m [   0.005s] ( 283/2876) [35;1msparq-crdt[0m [36msync::tests[0m[36m::[0m[34;1mrecord_ack_unions_so_replayed_acks_never_move_backwards[0m
2026-09-10T16:43:35.2027103Z [32;1m        PASS[0m [   0.017s] ( 284/2876) [35;1msparq-crdt[0m [36mtests[0m[36m::[0m[34;1merror_display_is_specific_per_variant[0m
2026-09-10T16:43:35.2028431Z [32;1m        PASS[0m [   0.040s] ( 285/2876) [35;1msparq-difftest[0m [36mdecision::tests[0m[36m::[0m[34;1mdiff_classifies_all_four_directions[0m
2026-09-10T16:43:35.2029787Z [32;1m        PASS[0m [   0.012s] ( 286/2876) [35;1msparq-difftest[0m [36miso::tests[0m[36m::[0m[34;1mhex_variable_names_cannot_collide_or_produce_an_invalid_iri[0m
2026-09-10T16:43:35.2031203Z [32;1m        PASS[0m [   0.037s] ( 287/2876) [35;1msparq-difftest[0m [36miso::tests[0m[36m::[0m[34;1mcanonical_graph_relabels_blank_nodes_and_is_n_triples[0m
2026-09-10T16:43:35.2032960Z [32;1m        PASS[0m [   0.006s] ( 288/2876) [35;1msparq-difftest[0m [36miso::tests[0m[36m::[0m[34;1msolutions_isomorphic_agrees_with_multiset_equality_on_ground_tables[0m
2026-09-10T16:43:35.2034392Z [32;1m        PASS[0m [   0.004s] ( 289/2876) [35;1msparq-difftest[0m [36mjson::tests[0m[36m::[0m[34;1mrejects_lang_with_conflicting_datatype[0m
2026-09-10T16:43:35.2035689Z [32;1m        PASS[0m [   0.004s] ( 290/2876) [35;1msparq-difftest[0m [36mjson::tests[0m[36m::[0m[34;1mrejects_structurally_invalid_triple_term[0m
2026-09-10T16:43:35.2036994Z [32;1m        PASS[0m [   0.006s] ( 291/2876) [35;1msparq-difftest[0m [36mmultiset::tests[0m[36m::[0m[34;1morder_by_equal_permutes_within_ties[0m
2026-09-10T16:43:35.2038191Z [32;1m        PASS[0m [   0.031s] ( 292/2876) [35;1msparq-difftest[0m [36mjson::tests[0m[36m::[0m[34;1mparse_ask_boolean[0m
2026-09-10T16:43:35.2039433Z [32;1m        PASS[0m [   0.014s] ( 293/2876) [35;1msparq-difftest[0m [36mnumeric::tests[0m[36m::[0m[34;1mnumeric_equal_covers_types_and_promotion[0m
2026-09-10T16:43:35.2040756Z [32;1m        PASS[0m [   0.004s] ( 294/2876) [35;1msparq-difftest[0m [36mtemporal::tests[0m[36m::[0m[34;1mcanonical_keys_are_value_stable[0m
2026-09-10T16:43:35.2042022Z [32;1m        PASS[0m [   0.004s] ( 295/2876) [35;1msparq-difftest[0m [36mtemporal::tests[0m[36m::[0m[34;1mduration_compare_partial_order[0m
2026-09-10T16:43:35.2043861Z [32;1m        PASS[0m [   0.004s] ( 296/2876) [35;1msparq-difftest[0m [36mtemporal::tests[0m[36m::[0m[34;1mparse_datetime_rejects_out_of_range_timezone[0m
2026-09-10T16:43:35.2045252Z [32;1m        PASS[0m [   0.004s] ( 297/2876) [35;1msparq-difftest[0m [36mtemporal::tests[0m[36m::[0m[34;1mparse_duration_only_seconds_may_be_fractional[0m
2026-09-10T16:43:35.2046574Z [32;1m        PASS[0m [   0.004s] ( 298/2876) [35;1msparq-difftest[0m [36mterm::tests[0m[36m::[0m[34;1mcanonical_key_collapses_value_variants[0m
2026-09-10T16:43:35.2047918Z [32;1m        PASS[0m [   0.004s] ( 299/2876) [35;1msparq-difftest[0m [36mterm::tests[0m[36m::[0m[34;1mtriple_key_is_injective_across_component_boundaries[0m
2026-09-10T16:43:35.2049187Z [32;1m        PASS[0m [   0.028s] ( 300/2876) [35;1msparq-difftest::decision_equiv[0m [34;1mdeny_changes_classified_correctly[0m
2026-09-10T16:43:35.2050477Z [32;1m        PASS[0m [   0.006s] ( 301/2876) [35;1msparq-e2ee-ng[0m [36mcapability::tests[0m[36m::[0m[34;1mdecode_accepts_canonical_authority_array[0m
2026-09-10T16:43:35.2051779Z [32;1m        PASS[0m [   0.032s] ( 302/2876) [35;1msparq-difftest::edge_contracts[0m [34;1mmultiset_empty_and_length_mismatch_contract[0m
2026-09-10T16:43:35.2083447Z [32;1m        PASS[0m [   0.004s] ( 303/2876) [35;1msparq-e2ee-ng[0m [36mcapability::tests[0m[36m::[0m[34;1mdecode_rejects_non_canonical_branch_set[0m
2026-09-10T16:43:35.2085022Z [32;1m        PASS[0m [   0.004s] ( 304/2876) [35;1msparq-e2ee-ng[0m [36mcapability::tests[0m[36m::[0m[34;1mpublic_decode_rejects_publisher_pub_without_publish[0m
2026-09-10T16:43:35.2086184Z [32;1m        PASS[0m [   0.054s] ( 305/2876) [35;1msparq-e2ee-ng::object[0m [34;1mobject_layout_is_validated[0m
2026-09-10T16:43:35.2087195Z [32;1m        PASS[0m [   0.018s] ( 306/2876) [35;1msparq-e2ee-ng::object[0m [34;1mobject_merkle_root_is_the_root_block_digest[0m
2026-09-10T16:43:35.2088180Z [32;1m        PASS[0m [   0.074s] ( 307/2876) [35;1msparq-e2ee-ng::object[0m [34;1mobject_extra_block_fails_closed[0m
2026-09-10T16:43:35.2166725Z [32;1m        PASS[0m [   0.021s] ( 308/2876) [35;1msparq-e2ee-ng::object[0m [34;1mobject_root_outside_the_block_set_fails_closed[0m
2026-09-10T16:43:35.2421017Z [32;1m        PASS[0m [   0.025s] ( 309/2876) [35;1msparq-e2ee-ng::object[0m [34;1mobject_tampered_root_ciphertext_fails_closed[0m
2026-09-10T16:43:35.2523762Z [32;1m        PASS[0m [   0.010s] ( 310/2876) [35;1msparq-e2ee-ng::roundtrip[0m [34;1mblock_open_wrong_branch_fails_closed[0m
2026-09-10T16:43:35.2577539Z [32;1m        PASS[0m [   0.005s] ( 311/2876) [35;1msparq-e2ee-ng::roundtrip[0m [34;1mblock_seal_open_roundtrip[0m
2026-09-10T16:43:35.2627165Z [32;1m        PASS[0m [   0.005s] ( 312/2876) [35;1msparq-e2ee-ng::roundtrip[0m [34;1mcap_id_is_stable_and_nonce_sensitive[0m
2026-09-10T16:43:35.2671562Z [32;1m        PASS[0m [   0.005s] ( 313/2876) [35;1msparq-e2ee-ng::roundtrip[0m [34;1mcbor_enforces_limits[0m
2026-09-10T16:43:35.2736985Z [32;1m        PASS[0m [   0.006s] ( 314/2876) [35;1msparq-e2ee-ng::roundtrip[0m [34;1mcbor_rejects_indefinite_length[0m
2026-09-10T16:43:35.2821175Z [32;1m        PASS[0m [   0.007s] ( 315/2876) [35;1msparq-e2ee-ng::roundtrip[0m [34;1mcbor_rejects_trailing_bytes[0m
2026-09-10T16:43:35.3677980Z [32;1m        PASS[0m [   0.087s] ( 316/2876) [35;1msparq-e2ee-ng::roundtrip[0m [34;1mdelegation_narrows_branch_set[0m
2026-09-10T16:43:35.3846148Z [32;1m        PASS[0m [   0.017s] ( 317/2876) [35;1msparq-e2ee-ng::roundtrip[0m [34;1mepoch_transition_must_increase[0m
2026-09-10T16:43:35.4114054Z [32;1m        PASS[0m [   0.026s] ( 318/2876) [35;1msparq-e2ee-ng::roundtrip[0m [34;1mpublic_grant_decode_rejects_secret_field[0m
2026-09-10T16:43:35.4416227Z [32;1m        PASS[0m [   0.245s] ( 319/2876) [35;1msparq-e2ee-ng::object[0m [34;1mobject_roundtrip_spans_many_blocks[0m
2026-09-10T16:43:35.4703373Z [32;1m        PASS[0m [   0.058s] ( 320/2876) [35;1msparq-e2ee-ng::roundtrip[0m [34;1mpublisher_secret_must_match_signed_publisher_pub[0m
2026-09-10T16:43:35.4904661Z [32;1m        PASS[0m [   0.021s] ( 321/2876) [35;1msparq-e2ee-ng::roundtrip[0m [34;1mwrap_capability_rejects_a_capability_that_violates_separation[0m
2026-09-10T16:43:35.4913962Z [32;1m        PASS[0m [   0.050s] ( 322/2876) [35;1msparq-e2ee-ng::roundtrip[0m [34;1msign_verify_roundtrip_and_tamper[0m
2026-09-10T16:43:35.5303092Z [32;1m        PASS[0m [   0.039s] ( 323/2876) [35;1msparq-e2ee-ng::roundtrip[0m [34;1mwrap_unwrap_roundtrip[0m
2026-09-10T16:43:35.5938061Z [32;1m        PASS[0m [   0.063s] ( 324/2876) [35;1msparq-e2ee-ng::roundtrip[0m [34;1mwrapped_secret_encode_decode_roundtrip[0m
2026-09-10T16:43:35.6074957Z [32;1m        PASS[0m [   0.117s] ( 325/2876) [35;1msparq-e2ee-ng::roundtrip[0m [34;1mwrap_capability_roundtrip_recovers_every_secret_field[0m
2026-09-10T16:43:35.6249375Z [32;1m        PASS[0m [   0.017s] ( 326/2876) [35;1msparq-e2ee-ng::vectors[0m [34;1mvector_key_schedule[0m
2026-09-10T16:43:35.6380409Z [32;1m        PASS[0m [   0.044s] ( 327/2876) [35;1msparq-e2ee-ng::vectors[0m [34;1mvector_capability_public_grant[0m
2026-09-10T16:43:35.6581105Z [32;1m        PASS[0m [   0.033s] ( 328/2876) [35;1msparq-engine[0m [36mconstruct::tests[0m[36m::[0m[34;1mconstruct_budget_applies_to_where[0m
2026-09-10T16:43:35.6595775Z [32;1m        PASS[0m [   2.022s] ( 329/2876) [35;1msparq-core[0m [36mtests[0m[36m::[0m[34;1mbuild_external_quads_bounded_open_writers[0m
2026-09-10T16:43:35.6615600Z [32;1m        PASS[0m [   0.023s] ( 330/2876) [35;1msparq-engine[0m [36mconstruct::tests[0m[36m::[0m[34;1mconstruct_ntriples_serialisation[0m
2026-09-10T16:43:35.6668285Z [32;1m        PASS[0m [   0.009s] ( 331/2876) [35;1msparq-engine[0m [36mconstruct::tests[0m[36m::[0m[34;1mconstruct_skips_unbound_slots[0m
2026-09-10T16:43:35.6705173Z [32;1m        PASS[0m [   0.009s] ( 332/2876) [35;1msparq-engine[0m [36mconstruct::tests[0m[36m::[0m[34;1mdescribe_bnode_cycle_terminates[0m
2026-09-10T16:43:35.6732835Z [32;1m        PASS[0m [   0.009s] ( 333/2876) [35;1msparq-engine[0m [36mconstruct::tests[0m[36m::[0m[34;1mdescribe_recurses_through_bnodes[0m
2026-09-10T16:43:35.6783816Z [32;1m        PASS[0m [   0.006s] ( 334/2876) [35;1msparq-engine[0m [36mdp::tests[0m[36m::[0m[34;1mdisabled_state_makes_active_return_none[0m
2026-09-10T16:43:35.6801513Z [32;1m        PASS[0m [   0.010s] ( 335/2876) [35;1msparq-engine[0m [36mdataset::tests[0m[36m::[0m[34;1mfrom_named_selects_exactly_those_graphs[0m
2026-09-10T16:43:35.6853653Z [32;1m        PASS[0m [   0.005s] ( 336/2876) [35;1msparq-engine[0m [36mdp::tests[0m[36m::[0m[34;1msingle_pattern_falls_back[0m
2026-09-10T16:43:35.6867748Z [32;1m        PASS[0m [   0.005s] ( 337/2876) [35;1msparq-engine[0m [36mdp::tests[0m[36m::[0m[34;1mtwo_pattern_bgp_falls_back_to_greedy[0m
2026-09-10T16:43:35.6894750Z [32;1m        PASS[0m [   0.009s] ( 338/2876) [35;1msparq-engine[0m [36mexec::aggregate_empty_semantics[0m[36m::[0m[34;1mcount_star_vs_count_var_agree_over_empty[0m
2026-09-10T16:43:35.6908123Z [32;1m        PASS[0m [   0.009s] ( 339/2876) [35;1msparq-engine[0m [36mexec::aggregate_empty_semantics[0m[36m::[0m[34;1mgroup_by_constant_over_empty_is_zero_rows[0m
2026-09-10T16:43:35.6998840Z [32;1m        PASS[0m [   0.009s] ( 340/2876) [35;1msparq-engine[0m [36mexec::aggregate_empty_semantics[0m[36m::[0m[34;1mmixed_aggregates_no_group_by_yield_one_row[0m
2026-09-10T16:43:35.7020108Z [32;1m        PASS[0m [   0.012s] ( 341/2876) [35;1msparq-engine[0m [36mexec::aggregate_empty_semantics[0m[36m::[0m[34;1mmax_over_empty_is_unbound_one_row[0m
2026-09-10T16:43:35.7083145Z [32;1m        PASS[0m [   0.007s] ( 342/2876) [35;1msparq-engine[0m [36mexec::aggregate_empty_semantics[0m[36m::[0m[34;1msum_with_group_by_over_empty_is_zero_rows[0m
2026-09-10T16:43:35.7644721Z [32;1m        PASS[0m [   0.056s] ( 343/2876) [35;1msparq-engine[0m [36mexec::bind_join_run_grouping[0m[36m::[0m[34;1mrandomized_differential_vs_naive_reference[0m
2026-09-10T16:43:35.7675837Z [32;1m        PASS[0m [   0.065s] ( 344/2876) [35;1msparq-engine[0m [36mexec::ask_exists_tests[0m[36m::[0m[34;1mexists_early_exit_does_not_over_evaluate[0m
2026-09-10T16:43:35.7932827Z [32;1m        PASS[0m [   0.030s] ( 345/2876) [35;1msparq-engine[0m [36mexec::bind_join_run_grouping[0m[36m::[0m[34;1msparql_seed_scan_reaches_verified_runs_and_filter_scan_reaches_hash_fallback[0m
2026-09-10T16:43:35.8040833Z [32;1m        PASS[0m [   0.010s] ( 346/2876) [35;1msparq-engine[0m [36mexec::budget::nested_budget_tests[0m[36m::[0m[34;1mexpired_parent_deadline_returns_after_unlimited_child_without_sleep[0m
2026-09-10T16:43:35.8151937Z [32;1m        PASS[0m [   0.011s] ( 347/2876) [35;1msparq-engine[0m [36mexec::budget::nested_budget_tests[0m[36m::[0m[34;1mservice_savepoint_brackets_a_fully_returned_nested_budget[0m
2026-09-10T16:43:35.8232346Z [32;1m        PASS[0m [   0.008s] ( 348/2876) [35;1msparq-engine[0m [36mexec::budget::snapshot_reason_tests[0m[36m::[0m[34;1ma_limit_not_yet_crossed_reports_nothing[0m
2026-09-10T16:43:35.8350118Z [32;1m        PASS[0m [   0.011s] ( 349/2876) [35;1msparq-engine[0m [36mexec::budget::snapshot_reason_tests[0m[36m::[0m[34;1msnapshot_is_the_only_signal_a_worker_thread_can_see[0m
2026-09-10T16:43:35.8502980Z [32;1m        PASS[0m [   0.015s] ( 350/2876) [35;1msparq-engine[0m [36mexec::builtin_error_paths[0m[36m::[0m[34;1mhash_builtins[0m
2026-09-10T16:43:35.8662389Z [32;1m        PASS[0m [   0.015s] ( 351/2876) [35;1msparq-engine[0m [36mexec::builtin_error_paths[0m[36m::[0m[34;1mstring_builtins[0m
2026-09-10T16:43:35.8685326Z [32;1m        PASS[0m [   0.099s] ( 352/2876) [35;1msparq-engine[0m [36mexec::budget::cancel_tests[0m[36m::[0m[34;1mcancel_from_another_thread_stops_large_query_promptly[0m
2026-09-10T16:43:35.8729340Z [32;1m        PASS[0m [   0.006s] ( 353/2876) [35;1msparq-engine[0m [36mexec::builtin_memo_tests[0m[36m::[0m[34;1mquery_now_scope_mechanics[0m
2026-09-10T16:43:35.8862999Z [32;1m        PASS[0m [   0.013s] ( 354/2876) [35;1msparq-engine[0m [36mexec::builtin_memo_tests[0m[36m::[0m[34;1mregex_cache_exists_reentry[0m
2026-09-10T16:43:35.9141110Z [32;1m        PASS[0m [   0.243s] ( 355/2876) [35;1msparq-engine[0m [36mdp::tests[0m[36m::[0m[34;1mmatches_bruteforce_on_many_random_graphs[0m
2026-09-10T16:43:35.9198512Z [32;1m        PASS[0m [   0.006s] ( 356/2876) [35;1msparq-engine[0m [36mexec::capped_rhs_tests[0m[36m::[0m[34;1mcapped_rhs_keeps_rows_and_actual_order_until_request_changes[0m
2026-09-10T16:43:35.9279667Z [32;1m        PASS[0m [   0.008s] ( 357/2876) [35;1msparq-engine[0m [36mexec::capped_rhs_tests[0m[36m::[0m[34;1mcapped_rhs_public_bags_repeated_variables_and_first_block_hit[0m
2026-09-10T16:43:37.0804544Z [32;1m        PASS[0m [   1.212s] ( 358/2876) [35;1msparq-engine[0m [36mexec::builtin_memo_tests[0m[36m::[0m[34;1mnow_constant_within_execution_fresh_across_executions[0m
2026-09-10T16:43:37.0965839Z [32;1m        PASS[0m [   0.016s] ( 359/2876) [35;1msparq-engine[0m [36mexec::compiled_expr_tests[0m[36m::[0m[34;1mcompiled_filter_is_byte_identical_to_eval_expr[0m
2026-09-10T16:43:37.1020186Z [32;1m        PASS[0m [   0.007s] ( 360/2876) [35;1msparq-engine[0m [36mexec::effective_boolean_unit[0m[36m::[0m[34;1mebv_bool_false_is_some_false[0m
2026-09-10T16:43:37.1084720Z [32;1m        PASS[0m [   0.006s] ( 361/2876) [35;1msparq-engine[0m [36mexec::effective_boolean_unit[0m[36m::[0m[34;1mebv_error_is_none[0m
2026-09-10T16:43:37.1143482Z [32;1m        PASS[0m [   0.006s] ( 362/2876) [35;1msparq-engine[0m [36mexec::effective_boolean_unit[0m[36m::[0m[34;1mebv_lang_tagged_literal_is_none_type_error[0m
2026-09-10T16:43:37.1201626Z [32;1m        PASS[0m [   0.006s] ( 363/2876) [35;1msparq-engine[0m [36mexec::effective_boolean_unit[0m[36m::[0m[34;1mebv_typed_boolean_true_false[0m
2026-09-10T16:43:37.1255011Z [32;1m        PASS[0m [   0.005s] ( 364/2876) [35;1msparq-engine[0m [36mexec::effective_boolean_unit[0m[36m::[0m[34;1mebv_xsd_string_nonempty_is_true[0m
2026-09-10T16:43:37.1319328Z [32;1m        PASS[0m [   0.006s] ( 365/2876) [35;1msparq-engine[0m [36mexec::exact_decimal_tests[0m[36m::[0m[34;1mdec_arithmetic_is_exact[0m
2026-09-10T16:43:37.1424155Z [32;1m        PASS[0m [   0.008s] ( 366/2876) [35;1msparq-engine[0m [36mexec::f64_collapse_order_agreement[0m[36m::[0m[34;1mcompare_orders_double_infinities_and_isolates_nan[0m
2026-09-10T16:43:37.1511765Z [32;1m        PASS[0m [   0.008s] ( 367/2876) [35;1msparq-engine[0m [36mexec::f64_collapse_order_agreement[0m[36m::[0m[34;1morder_by_cross_kind_ranks_and_collapse_is_exact[0m
2026-09-10T16:43:37.1569623Z [32;1m        PASS[0m [   0.009s] ( 368/2876) [35;1msparq-engine[0m [36mexec::function_tests[0m[36m::[0m[34;1mdatetime_accessors[0m
2026-09-10T16:43:37.1725481Z [32;1m        PASS[0m [   0.015s] ( 369/2876) [35;1msparq-engine[0m [36mexec::function_tests[0m[36m::[0m[34;1mregex_functions[0m
2026-09-10T16:43:37.1804080Z [32;1m        PASS[0m [   0.008s] ( 370/2876) [35;1msparq-engine[0m [36mexec::group_by_unbound_var[0m[36m::[0m[34;1mgroup_by_never_bound_var_is_one_unbound_group[0m
2026-09-10T16:43:37.1864144Z [32;1m        PASS[0m [   0.006s] ( 371/2876) [35;1msparq-engine[0m [36mexec::minmax_values_unit[0m[36m::[0m[34;1mmax_over_integers_is_largest[0m
2026-09-10T16:43:37.1948651Z [32;1m        PASS[0m [   0.007s] ( 372/2876) [35;1msparq-engine[0m [36mexec::minmax_values_unit[0m[36m::[0m[34;1mminmax_empty_is_unbound[0m
2026-09-10T16:43:37.2005935Z [32;1m        PASS[0m [   0.007s] ( 373/2876) [35;1msparq-engine[0m [36mexec::minus_bindings_unit[0m[36m::[0m[34;1mminus_general_path_bound_overlap_removes_despite_unbound_var[0m
2026-09-10T16:43:37.2088257Z [32;1m        PASS[0m [   0.008s] ( 374/2876) [35;1msparq-engine[0m [36mexec::multiplicity_builtin[0m[36m::[0m[34;1mall_unique_solutions_have_multiplicity_one[0m
2026-09-10T16:43:37.2179239Z [32;1m        PASS[0m [   0.007s] ( 375/2876) [35;1msparq-engine[0m [36mexec::multiplicity_builtin[0m[36m::[0m[34;1mmultiplicity_context_guard_nests_and_restores[0m
2026-09-10T16:43:37.2284016Z [32;1m        PASS[0m [   0.009s] ( 376/2876) [35;1msparq-engine[0m [36mexec::multiplicity_builtin[0m[36m::[0m[34;1msum_of_multiplicities_is_bag_size[0m
2026-09-10T16:43:37.9644406Z [32;1m        PASS[0m [   2.034s] ( 377/2876) [35;1msparq-engine[0m [36mexec::capped_rhs_tests[0m[36m::[0m[34;1mcapped_rhs_three_block_miss[0m
2026-09-10T16:43:37.9954525Z [32;1m        PASS[0m [   0.031s] ( 378/2876) [35;1msparq-engine[0m [36mexec::path_pushdown_tests[0m[36m::[0m[34;1mnegated_property_set_matches_filter_oracle[0m
2026-09-10T16:43:38.1215997Z [32;1m        PASS[0m [   0.126s] ( 379/2876) [35;1msparq-engine[0m [36mexec::path_tests::graph_prefix_index[0m[36m::[0m[34;1mindex_stays_correct_after_mutation_changes_graph_set[0m
2026-09-10T16:43:38.1684396Z [32;1m        PASS[0m [   0.046s] ( 380/2876) [35;1msparq-engine[0m [36mexec::path_tests[0m[36m::[0m[34;1mnamed_graphs[0m
2026-09-10T16:43:38.1874243Z [32;1m        PASS[0m [   0.021s] ( 381/2876) [35;1msparq-engine[0m [36mexec::path_tests[0m[36m::[0m[34;1mrdf_star_nested_triple_terms[0m
2026-09-10T16:43:38.2074258Z [32;1m        PASS[0m [   0.018s] ( 382/2876) [35;1msparq-engine[0m [36mexec::path_tests[0m[36m::[0m[34;1mrdf_star_quoted_pattern_nested_one_level[0m
2026-09-10T16:43:38.2324255Z [32;1m        PASS[0m [   0.025s] ( 383/2876) [35;1msparq-engine[0m [36mexec::path_tests[0m[36m::[0m[34;1mrdf_star_triple_builtins[0m
2026-09-10T16:43:38.2554139Z [32;1m        PASS[0m [   0.024s] ( 384/2876) [35;1msparq-engine[0m [36mexec::service_exec_tests[0m[36m::[0m[34;1mbound_join_block_boundary_unions_all_blocks[0m
2026-09-10T16:43:38.2754029Z [32;1m        PASS[0m [   0.019s] ( 385/2876) [35;1msparq-engine[0m [36mexec::service_exec_tests[0m[36m::[0m[34;1mbound_join_silent_block_failure_keeps_left[0m
2026-09-10T16:43:38.2973986Z [32;1m        PASS[0m [   0.022s] ( 386/2876) [35;1msparq-engine[0m [36mexec::service_exec_tests[0m[36m::[0m[34;1mremote_request_cap_at_or_under_limit_passes[0m
2026-09-10T16:43:38.3183912Z [32;1m        PASS[0m [   0.021s] ( 387/2876) [35;1msparq-engine[0m [36mexec::service_exec_tests[0m[36m::[0m[34;1mremote_request_cap_fires_before_dispatch[0m
2026-09-10T16:43:38.3364167Z [32;1m        PASS[0m [   0.017s] ( 388/2876) [35;1msparq-engine[0m [36mexec::service_exec_tests[0m[36m::[0m[34;1mservice_nonsilent_propagates_mock_error[0m
2026-09-10T16:43:38.3483955Z [32;1m        PASS[0m [   0.013s] ( 389/2876) [35;1msparq-engine[0m [36mexec::service_exec_tests[0m[36m::[0m[34;1mservice_silent_swallows_mock_error[0m
2026-09-10T16:43:38.3708392Z [32;1m        PASS[0m [   0.022s] ( 390/2876) [35;1msparq-engine[0m [36mexec::service_exec_tests[0m[36m::[0m[34;1mvariable_endpoint_optional_keeps_unmatched[0m
2026-09-10T16:43:38.3833855Z [32;1m        PASS[0m [   0.011s] ( 391/2876) [35;1msparq-engine[0m [36mexec::sip_unit[0m[36m::[0m[34;1mcertain_vars_leftjoin_excludes_optional_side[0m
2026-09-10T16:43:38.3913732Z [32;1m        PASS[0m [   0.012s] ( 392/2876) [35;1msparq-engine[0m [36mexec::sip_unit[0m[36m::[0m[34;1msubst_pattern_replaces_variable_in_bgp_and_filter[0m
2026-09-10T16:43:38.4394860Z [32;1m        PASS[0m [   0.046s] ( 393/2876) [35;1msparq-engine[0m [36mexec::sort_collation_key_differential[0m[36m::[0m[34;1mprecomputed_key_reproduces_antisymmetry_and_reflexivity[0m
2026-09-10T16:43:38.4534223Z [32;1m        PASS[0m [   0.014s] ( 394/2876) [35;1msparq-engine[0m [36mexec::sum_values_unit[0m[36m::[0m[34;1msum_int_plus_decimal_promotes_to_decimal[0m
2026-09-10T16:43:38.4707516Z [32;1m        PASS[0m [   0.020s] ( 395/2876) [35;1msparq-engine[0m [36mexec::theta_antijoin_unit[0m[36m::[0m[34;1mas_correlation_pair_classifies_eq_sameterm_and_single_var_in[0m
2026-09-10T16:43:38.4864102Z [32;1m        PASS[0m [   0.014s] ( 396/2876) [35;1msparq-engine[0m [36mexec::theta_antijoin_unit[0m[36m::[0m[34;1mcorr_recheck_expr_uses_the_correlations_own_relation[0m
2026-09-10T16:43:38.5033993Z [32;1m        PASS[0m [   0.017s] ( 397/2876) [35;1msparq-engine[0m [36mexec::wcoj_tests[0m[36m::[0m[34;1mcyclicity_classification[0m
2026-09-10T16:43:38.5314038Z [32;1m        PASS[0m [   0.026s] ( 398/2876) [35;1msparq-engine[0m [36mexplain::tests[0m[36m::[0m[34;1mexplain_analyze_reports_rows_and_times[0m
2026-09-10T16:43:38.5544347Z [32;1m        PASS[0m [   0.024s] ( 399/2876) [35;1msparq-engine[0m [36mexplain::tests[0m[36m::[0m[34;1mexplain_construct_and_malformed[0m
2026-09-10T16:43:38.6974574Z [32;1m        PASS[0m [   0.141s] ( 400/2876) [35;1msparq-engine[0m [36mexplain::tests[0m[36m::[0m[34;1mexplain_does_not_execute[0m
2026-09-10T16:43:38.7194239Z [32;1m        PASS[0m [   0.025s] ( 401/2876) [35;1msparq-engine[0m [36mexplain::tests[0m[36m::[0m[34;1mexplain_predicts_bind_join_on_selective_seed[0m
2026-09-10T16:43:38.7654460Z [32;1m        PASS[0m [   0.042s] ( 402/2876) [35;1msparq-engine[0m [36mexplain::tests[0m[36m::[0m[34;1mexplain_shows_filter_pushdown_and_modifiers[0m
2026-09-10T16:43:38.7904323Z [32;1m        PASS[0m [   0.028s] ( 403/2876) [35;1msparq-engine[0m [36mexplain::tests[0m[36m::[0m[34;1mpredicted_perm_matches_store_choice[0m
2026-09-10T16:43:38.8114389Z [32;1m        PASS[0m [   0.021s] ( 404/2876) [35;1msparq-engine[0m [36mexplain_json::tests[0m[36m::[0m[34;1mplan_tree_shape_and_estimate[0m
2026-09-10T16:43:38.8434807Z [32;1m        PASS[0m [   2.949s] ( 405/2876) [35;1msparq-engine[0m [36mexec::capped_rhs_tests[0m[36m::[0m[34;1mcapped_rhs_changing_sort_mixed_kernels_preserves_full_bag[0m
2026-09-10T16:43:38.8485598Z [32;1m        PASS[0m [   0.027s] ( 406/2876) [35;1msparq-engine[0m [36mexplain_json::tests[0m[36m::[0m[34;1mslow_query_ring_records_real_query[0m
2026-09-10T16:43:38.8553925Z [32;1m        PASS[0m [   0.016s] ( 407/2876) [35;1msparq-engine[0m [36mjson::term_shape_tests[0m[36m::[0m[34;1mrdf_star_triple_term_shape_recurses[0m
2026-09-10T16:43:38.8584306Z [32;1m        PASS[0m [   0.019s] ( 408/2876) [35;1msparq-engine[0m [36mjson::term_shape_tests[0m[36m::[0m[34;1miri_and_bnode_shapes[0m
2026-09-10T16:43:38.8685043Z [32;1m        PASS[0m [   0.012s] ( 409/2876) [35;1msparq-engine[0m [36mrewrite::tests[0m[36m::[0m[34;1mcertain_vars_group_excludes_aggregate_output[0m
2026-09-10T16:43:38.8725359Z [32;1m        PASS[0m [   0.014s] ( 410/2876) [35;1msparq-engine[0m [36mrewrite::tests[0m[36m::[0m[34;1mantijoin_fires[0m
2026-09-10T16:43:38.8824093Z [32;1m        PASS[0m [   0.014s] ( 411/2876) [35;1msparq-engine[0m [36mrewrite::tests[0m[36m::[0m[34;1minteger_literal_equality_not_rewritten[0m
2026-09-10T16:43:38.8868897Z [32;1m        PASS[0m [   0.014s] ( 412/2876) [35;1msparq-engine[0m [36mrewrite::tests[0m[36m::[0m[34;1mplain_literal_equality_not_rewritten[0m
2026-09-10T16:43:38.9003767Z [32;1m        PASS[0m [   0.019s] ( 413/2876) [35;1msparq-engine[0m [36mtemporal_cache_tests[0m[36m::[0m[34;1mequality_across_timezones[0m
2026-09-10T16:43:38.9134286Z [32;1m        PASS[0m [   0.033s] ( 414/2876) [35;1msparq-engine[0m [36mtemporal_cache_tests[0m[36m::[0m[34;1mcompressed_mode_temporal_filter[0m
2026-09-10T16:43:38.9234152Z [32;1m        PASS[0m [   0.020s] ( 415/2876) [35;1msparq-engine[0m [36mtemporal_cache_tests[0m[36m::[0m[34;1mminmax_temporal_semantics[0m
2026-09-10T16:43:38.9394119Z [32;1m        PASS[0m [   0.024s] ( 416/2876) [35;1msparq-engine[0m [36mtemporal_cache_tests[0m[36m::[0m[34;1morder_by_mixed_timezones_matches_lenient_order[0m
2026-09-10T16:43:38.9453814Z [32;1m        PASS[0m [   0.022s] ( 417/2876) [35;1msparq-engine[0m [36mtests[0m[36m::[0m[34;1maggregate_count_and_group[0m
2026-09-10T16:43:38.9564794Z [32;1m        PASS[0m [   0.018s] ( 418/2876) [35;1msparq-engine[0m [36mtests[0m[36m::[0m[34;1mbind_and_arithmetic[0m
2026-09-10T16:43:38.9646949Z [32;1m        PASS[0m [   0.022s] ( 419/2876) [35;1msparq-engine[0m [36mtests[0m[36m::[0m[34;1mbnode_prefix_does_not_collide[0m
2026-09-10T16:43:38.9880584Z [32;1m        PASS[0m [   0.033s] ( 420/2876) [35;1msparq-engine[0m [36mtests[0m[36m::[0m[34;1mbudget_max_bytes_prices_computed_literals[0m
2026-09-10T16:43:38.9963767Z [32;1m        PASS[0m [   0.030s] ( 421/2876) [35;1msparq-engine[0m [36mtests[0m[36m::[0m[34;1mbudget_max_rows_refuses_not_truncates[0m
2026-09-10T16:43:39.0156732Z [32;1m        PASS[0m [   0.021s] ( 422/2876) [35;1msparq-engine[0m [36mtests[0m[36m::[0m[34;1mcount_of_ask_is_zero_or_one[0m
2026-09-10T16:43:39.0233718Z [32;1m        PASS[0m [   0.033s] ( 423/2876) [35;1msparq-engine[0m [36mtests[0m[36m::[0m[34;1mcomputed_values_dedup[0m
2026-09-10T16:43:39.0424077Z [32;1m        PASS[0m [   0.019s] ( 424/2876) [35;1msparq-engine[0m [36mtests[0m[36m::[0m[34;1mfilter_numeric[0m
2026-09-10T16:43:39.0463678Z [32;1m        PASS[0m [   0.028s] ( 425/2876) [35;1msparq-engine[0m [36mtests[0m[36m::[0m[34;1mexact_decimal_arithmetic_filter[0m
2026-09-10T16:43:39.0644700Z [32;1m        PASS[0m [   0.021s] ( 426/2876) [35;1msparq-engine[0m [36mtests[0m[36m::[0m[34;1mfunction_registry_dispatch_bind_and_filter[0m
2026-09-10T16:43:39.0703593Z [32;1m        PASS[0m [   0.027s] ( 427/2876) [35;1msparq-engine[0m [36mtests[0m[36m::[0m[34;1mfilter_pushdown_with_join[0m
2026-09-10T16:43:39.1095009Z [32;1m        PASS[0m [   0.043s] ( 428/2876) [35;1msparq-engine[0m [36mtests[0m[36m::[0m[34;1mfunction_registry_unknown_iri_is_hard_error[0m
2026-09-10T16:43:39.1444522Z [32;1m        PASS[0m [   0.033s] ( 429/2876) [35;1msparq-engine[0m [36mtests[0m[36m::[0m[34;1mjoin_two_shared_vars[0m
2026-09-10T16:43:39.2984463Z [32;1m        PASS[0m [   0.155s] ( 430/2876) [35;1msparq-engine[0m [36mtests[0m[36m::[0m[34;1mlazy_count_matches_materialized[0m
2026-09-10T16:43:39.3394305Z [32;1m        PASS[0m [   0.042s] ( 431/2876) [35;1msparq-engine[0m [36mtests[0m[36m::[0m[34;1mlogical_error_propagation_and_short_circuit[0m
2026-09-10T16:43:39.3664223Z [32;1m        PASS[0m [   0.028s] ( 432/2876) [35;1msparq-engine[0m [36mtests[0m[36m::[0m[34;1mnamed_graph_query_over_default_only_is_empty[0m
2026-09-10T16:43:39.4023783Z [32;1m        PASS[0m [   0.035s] ( 433/2876) [35;1msparq-engine[0m [36mtests[0m[36m::[0m[34;1morder_by[0m
2026-09-10T16:43:39.4755962Z [32;1m        PASS[0m [   0.075s] ( 434/2876) [35;1msparq-engine[0m [36mtests[0m[36m::[0m[34;1mplanner_path_vs_naive[0m
2026-09-10T16:43:39.6554604Z [32;1m        PASS[0m [   0.180s] ( 435/2876) [35;1msparq-engine[0m [36mtests[0m[36m::[0m[34;1mquery_json_chunks_concat_is_byte_identical[0m
2026-09-10T16:43:39.6782330Z [32;1m        PASS[0m [   2.453s] ( 436/2876) [35;1msparq-engine[0m [36mexec::order_bindings_worker_reinstall[0m[36m::[0m[34;1morder_by_exists_restricted_view_parallel_matches_lex_sort[0m
2026-09-10T16:43:39.7366148Z [32;1m        PASS[0m [   0.081s] ( 437/2876) [35;1msparq-engine[0m [36mtests[0m[36m::[0m[34;1mquery_json_stream_break_stops_early[0m
2026-09-10T16:43:39.7401789Z [32;1m        PASS[0m [   0.061s] ( 438/2876) [35;1msparq-engine[0m [36mtests[0m[36m::[0m[34;1mquery_json_stream_prepared_matches_string_and_buffered[0m
2026-09-10T16:43:39.7468747Z [32;1m        PASS[0m [   0.007s] ( 439/2876) [35;1msparq-engine[0m [36mtests[0m[36m::[0m[34;1msameterm_numeric_identity[0m
2026-09-10T16:43:39.7488192Z [32;1m        PASS[0m [   0.011s] ( 440/2876) [35;1msparq-engine[0m [36mtests[0m[36m::[0m[34;1mrelational_type_error_semantics[0m
2026-09-10T16:43:39.7511178Z [32;1m        PASS[0m [   0.681s] ( 441/2876) [35;1msparq-engine[0m [36mtests[0m[36m::[0m[34;1mgroup_aggregate_above_par_threshold_complete[0m
2026-09-10T16:43:39.7574801Z [32;1m        PASS[0m [   0.007s] ( 442/2876) [35;1msparq-engine[0m [36mtests[0m[36m::[0m[34;1munsatisfiable_absent_term[0m
2026-09-10T16:43:39.7602007Z [32;1m        PASS[0m [   0.013s] ( 443/2876) [35;1msparq-engine[0m [36mtests[0m[36m::[0m[34;1mtimezone_tz_bnode_uuid_builtins[0m
2026-09-10T16:43:39.7621820Z [32;1m        PASS[0m [   0.015s] ( 444/2876) [35;1msparq-engine[0m [36mtests[0m[36m::[0m[34;1mstring_functions_preserve_language_tags[0m
2026-09-10T16:43:39.7675137Z [32;1m        PASS[0m [   0.011s] ( 445/2876) [35;1msparq-engine[0m [36mupdate::capture_replay[0m[36m::[0m[34;1mapply_effects_on_fresh_graph_full_request[0m
2026-09-10T16:43:39.7698983Z [32;1m        PASS[0m [   0.010s] ( 446/2876) [35;1msparq-engine[0m [36mupdate::capture_replay[0m[36m::[0m[34;1mdelta_delete_data[0m
2026-09-10T16:43:39.7783545Z [32;1m        PASS[0m [   0.016s] ( 447/2876) [35;1msparq-engine[0m [36mupdate::capture_replay[0m[36m::[0m[34;1mdrop_effect_all_targets[0m
2026-09-10T16:43:39.7814227Z [32;1m        PASS[0m [   0.014s] ( 448/2876) [35;1msparq-engine[0m [36mupdate::capture_replay[0m[36m::[0m[34;1mnondeterministic_functions_replay_identically[0m
2026-09-10T16:43:39.7890903Z [32;1m        PASS[0m [   0.019s] ( 449/2876) [35;1msparq-engine[0m [36mupdate::tests[0m[36m::[0m[34;1mapply_effects_reload_parity_insert_then_clear[0m
2026-09-10T16:43:39.7893791Z [32;1m        PASS[0m [   0.011s] ( 450/2876) [35;1msparq-engine[0m [36mupdate::tests[0m[36m::[0m[34;1minsert_data_blank_nodes_are_fresh[0m
2026-09-10T16:43:39.7944063Z [32;1m        PASS[0m [   0.008s] ( 451/2876) [35;1msparq-engine[0m [36mupdate::tests[0m[36m::[0m[34;1mjournal_clear_one_of_two_named_graphs[0m
2026-09-10T16:43:39.7964246Z [32;1m        PASS[0m [   0.007s] ( 452/2876) [35;1msparq-engine[0m [36mupdate::tests[0m[36m::[0m[34;1mjournal_intra_body_insert_then_drop_named_is_net_empty[0m
2026-09-10T16:43:39.8027284Z [32;1m        PASS[0m [   0.013s] ( 453/2876) [35;1msparq-engine[0m [36mupdate::update_contract[0m[36m::[0m[34;1mcontract_clear[0m
2026-09-10T16:43:39.8056332Z [32;1m        PASS[0m [   0.008s] ( 454/2876) [35;1msparq-engine[0m [36mupdate::update_contract[0m[36m::[0m[34;1mcontract_load_silent_is_the_real_lever[0m
2026-09-10T16:43:39.8111952Z [32;1m        PASS[0m [   0.006s] ( 455/2876) [35;1msparq-engine[0m [36mzk::tests[0m[36m::[0m[34;1mguard_clears_state[0m
2026-09-10T16:43:39.8128565Z [32;1m        PASS[0m [   0.024s] ( 456/2876) [35;1msparq-engine[0m [36mupdate::tests[0m[36m::[0m[34;1mupdate_in_place_matches_rebuild[0m
2026-09-10T16:43:39.8149734Z [32;1m        PASS[0m [   0.012s] ( 457/2876) [35;1msparq-engine[0m [36mupdate::update_contract[0m[36m::[0m[34;1min_place_atomic_rolls_back_whole_request_on_error[0m
2026-09-10T16:43:39.8459779Z [32;1m        PASS[0m [   0.033s] ( 458/2876) [35;1msparq-engine::ask_early_exit[0m [34;1mask_bind_over_capped_inner[0m
2026-09-10T16:43:39.8472893Z [32;1m        PASS[0m [   0.032s] ( 459/2876) [35;1msparq-engine::ask_early_exit[0m [34;1mask_filter_eliminates_everything[0m
2026-09-10T16:43:39.8551738Z [32;1m        PASS[0m [   0.009s] ( 460/2876) [35;1msparq-engine::ask_early_exit[0m [34;1mask_join_with_union_child[0m
2026-09-10T16:43:39.8564122Z [32;1m        PASS[0m [   0.045s] ( 461/2876) [35;1msparq-engine::antijoin_static_decline_differential[0m [34;1mmutation_equivalence_is_non_vacuous[0m
2026-09-10T16:43:39.8593823Z [32;1m        PASS[0m [   0.009s] ( 462/2876) [35;1msparq-engine::ask_early_exit[0m [34;1mask_optional_true_and_false[0m
2026-09-10T16:43:39.8684181Z [32;1m        PASS[0m [   0.010s] ( 463/2876) [35;1msparq-engine::ask_early_exit[0m [34;1mlimit_zero_through_capped_shapes[0m
2026-09-10T16:43:40.0708828Z [32;1m        PASS[0m [   0.214s] ( 464/2876) [35;1msparq-engine::ask_early_exit[0m [34;1mask_union_skips_expensive_right_branch[0m
2026-09-10T16:43:40.1209690Z [32;1m        PASS[0m [   0.050s] ( 465/2876) [35;1msparq-engine::coverage_gaps[0m [34;1maggregate_max_bound_covers_value_to_id_bool_arm[0m
2026-09-10T16:43:40.1444285Z [32;1m        PASS[0m [   0.277s] ( 466/2876) [35;1msparq-engine::cluster_materialize_differential[0m [34;1mcluster_path_matches_unclustered_across_random_shapes[0m
2026-09-10T16:43:40.1671169Z [32;1m        PASS[0m [   0.023s] ( 467/2876) [35;1msparq-engine::coverage_gaps[0m [34;1mbind_computed_bool[0m
2026-09-10T16:43:40.1694221Z [32;1m        PASS[0m [   0.047s] ( 468/2876) [35;1msparq-engine::coverage_gaps[0m [34;1mas_bool_val_other_datatype[0m
2026-09-10T16:43:40.1765854Z [32;1m        PASS[0m [   0.009s] ( 469/2876) [35;1msparq-engine::coverage_gaps[0m [34;1mcoalesce_all_error[0m
2026-09-10T16:43:40.1794021Z [32;1m        PASS[0m [   0.011s] ( 470/2876) [35;1msparq-engine::coverage_gaps[0m [34;1mconcat_same_lang_tag_preserved[0m
2026-09-10T16:43:40.1870884Z [32;1m        PASS[0m [   0.008s] ( 471/2876) [35;1msparq-engine::coverage_gaps[0m [34;1mcount_star_shape_with_fixed_predicate_covers_sorted_vals_fallback[0m
2026-09-10T16:43:40.1908491Z [32;1m        PASS[0m [   0.014s] ( 472/2876) [35;1msparq-engine::coverage_gaps[0m [34;1mcontains_match[0m
2026-09-10T16:43:40.1973738Z [32;1m        PASS[0m [   0.009s] ( 473/2876) [35;1msparq-engine::coverage_gaps[0m [34;1mdatatype_computed_bool[0m
2026-09-10T16:43:40.2009578Z [32;1m        PASS[0m [   0.010s] ( 474/2876) [35;1msparq-engine::coverage_gaps[0m [34;1mdescribe_with_literal_result_covers_cbd_literal_skip_arm[0m
2026-09-10T16:43:40.2047966Z [32;1m        PASS[0m [   0.009s] ( 475/2876) [35;1msparq-engine::coverage_gaps[0m [34;1meval_dec_arithmetic_in_filter[0m
2026-09-10T16:43:40.2112184Z [32;1m        PASS[0m [   0.006s] ( 476/2876) [35;1msparq-engine::coverage_gaps[0m [34;1mexplain_analyze_sub_select_in_join_covers_trace_label_project[0m
2026-09-10T16:43:40.2153895Z [32;1m        PASS[0m [   0.012s] ( 477/2876) [35;1msparq-engine::coverage_gaps[0m [34;1mexplain_aggregate_no_group_by_covers_all_string_branch[0m
2026-09-10T16:43:40.2223747Z [32;1m        PASS[0m [   0.008s] ( 478/2876) [35;1msparq-engine::coverage_gaps[0m [34;1mhaslang_branches[0m
2026-09-10T16:43:40.2253764Z [32;1m        PASS[0m [   0.014s] ( 479/2876) [35;1msparq-engine::coverage_gaps[0m [34;1mfilter_unary_minus_positive_input_covers_none_branch[0m
2026-09-10T16:43:40.2466559Z [32;1m        PASS[0m [   0.019s] ( 480/2876) [35;1msparq-engine::coverage_gaps[0m [34;1min_expr_false[0m
2026-09-10T16:43:40.2483240Z [32;1m        PASS[0m [   0.025s] ( 481/2876) [35;1msparq-engine::coverage_gaps[0m [34;1mhaslangdir_iri_branch[0m
2026-09-10T16:43:40.2643677Z [32;1m        PASS[0m [   0.017s] ( 482/2876) [35;1msparq-engine::coverage_gaps[0m [34;1mis_blank_branches[0m
2026-09-10T16:43:40.2673508Z [32;1m        PASS[0m [   0.020s] ( 483/2876) [35;1msparq-engine::coverage_gaps[0m [34;1misnumeric_computed_num[0m
2026-09-10T16:43:40.2720288Z [32;1m        PASS[0m [   0.010s] ( 484/2876) [35;1msparq-engine::coverage_gaps[0m [34;1mlangdir_branches[0m
2026-09-10T16:43:40.2813518Z [32;1m        PASS[0m [   0.013s] ( 485/2876) [35;1msparq-engine::coverage_gaps[0m [34;1mlangdir_iri_branch[0m
2026-09-10T16:43:40.2873449Z [32;1m        PASS[0m [   0.008s] ( 486/2876) [35;1msparq-engine::coverage_gaps[0m [34;1mlangmatches_star[0m
2026-09-10T16:43:40.2996887Z [32;1m        PASS[0m [   0.020s] ( 487/2876) [35;1msparq-engine::coverage_gaps[0m [34;1mmd5_non_string_error[0m
2026-09-10T16:43:40.3033493Z [32;1m        PASS[0m [   0.020s] ( 488/2876) [35;1msparq-engine::coverage_gaps[0m [34;1mquery_ask_true_returns_unit_row[0m
2026-09-10T16:43:40.3216262Z [32;1m        PASS[0m [   0.022s] ( 489/2876) [35;1msparq-engine::coverage_gaps[0m [34;1mquery_json_blank_node_subject_in_result[0m
2026-09-10T16:43:40.3225010Z [32;1m        PASS[0m [   0.022s] ( 490/2876) [35;1msparq-engine::coverage_gaps[0m [34;1mquery_json_lang_tagged_literal_in_result[0m
2026-09-10T16:43:40.3288472Z [32;1m        PASS[0m [   0.007s] ( 491/2876) [35;1msparq-engine::coverage_gaps[0m [34;1mrand_returns_double[0m
2026-09-10T16:43:40.3438580Z [32;1m        PASS[0m [   0.015s] ( 492/2876) [35;1msparq-engine::coverage_gaps[0m [34;1mregex_no_match[0m
2026-09-10T16:43:40.3483628Z [32;1m        PASS[0m [   0.021s] ( 493/2876) [35;1msparq-engine::coverage_gaps[0m [34;1mregex_basic_match[0m
2026-09-10T16:43:40.3644092Z [32;1m        PASS[0m [   0.019s] ( 494/2876) [35;1msparq-engine::coverage_gaps[0m [34;1mseq_path_bound_start[0m
2026-09-10T16:43:40.3683745Z [32;1m        PASS[0m [   0.022s] ( 495/2876) [35;1msparq-engine::coverage_gaps[0m [34;1mreplace_invalid_pattern[0m
2026-09-10T16:43:40.3859136Z [32;1m        PASS[0m [   0.019s] ( 496/2876) [35;1msparq-engine::coverage_gaps[0m [34;1mstrafter_match[0m
2026-09-10T16:43:40.3865264Z [32;1m        PASS[0m [   0.023s] ( 497/2876) [35;1msparq-engine::coverage_gaps[0m [34;1msha384_basic[0m
2026-09-10T16:43:40.3933909Z [32;1m        PASS[0m [   0.006s] ( 498/2876) [35;1msparq-engine::coverage_gaps[0m [34;1mstrlangdir_construct[0m
2026-09-10T16:43:40.3950442Z [32;1m        PASS[0m [   0.009s] ( 499/2876) [35;1msparq-engine::coverage_gaps[0m [34;1mstrbefore_no_match[0m
2026-09-10T16:43:40.4009479Z [32;1m        PASS[0m [   0.008s] ( 500/2876) [35;1msparq-engine::coverage_gaps[0m [34;1mstrstarts_match[0m
2026-09-10T16:43:40.4051188Z [32;1m        PASS[0m [   0.010s] ( 501/2876) [35;1msparq-engine::coverage_gaps[0m [34;1mtimezone_no_timezone_error[0m
2026-09-10T16:43:40.4143896Z [32;1m        PASS[0m [   0.011s] ( 502/2876) [35;1msparq-engine::coverage_gaps[0m [34;1mtimezone_zero_offset[0m
2026-09-10T16:43:40.4220271Z [32;1m        PASS[0m [   0.010s] ( 503/2876) [35;1msparq-engine::coverage_gaps[0m [34;1mupdate_clear_all_empties_all_graphs[0m
2026-09-10T16:43:40.4238218Z [32;1m        PASS[0m [   0.018s] ( 504/2876) [35;1msparq-engine::coverage_gaps[0m [34;1mtz_no_timezone[0m
2026-09-10T16:43:40.4340599Z [32;1m        PASS[0m [   0.012s] ( 505/2876) [35;1msparq-engine::coverage_gaps[0m [34;1mupdate_drop_default_clears_default_graph[0m
2026-09-10T16:43:40.4348106Z [32;1m        PASS[0m [   0.011s] ( 506/2876) [35;1msparq-engine::coverage_gaps[0m [34;1mupdate_immutable_drop_default_covers_apply_op_default_arm[0m
2026-09-10T16:43:40.4421117Z [32;1m        PASS[0m [   0.008s] ( 507/2876) [35;1msparq-engine::coverage_gaps[0m [34;1mxsd_boolean_from_bool[0m
2026-09-10T16:43:40.4429203Z [32;1m        PASS[0m [   0.008s] ( 508/2876) [35;1msparq-engine::coverage_gaps[0m [34;1mxsd_boolean_from_invalid_string[0m
2026-09-10T16:43:40.4495150Z [32;1m        PASS[0m [   0.008s] ( 509/2876) [35;1msparq-engine::coverage_gaps[0m [34;1mxsd_boolean_from_string[0m
2026-09-10T16:43:40.4512903Z [32;1m        PASS[0m [   0.008s] ( 510/2876) [35;1msparq-engine::coverage_gaps[0m [34;1mxsd_datetime_from_string[0m
2026-09-10T16:43:40.4614242Z [32;1m        PASS[0m [   0.008s] ( 511/2876) [35;1msparq-engine::coverage_gaps[0m [34;1mxsd_decimal_from_integer_string[0m
2026-09-10T16:43:40.4653690Z [32;1m        PASS[0m [   0.013s] ( 512/2876) [35;1msparq-engine::coverage_gaps[0m [34;1mxsd_decimal_from_float[0m
2026-09-10T16:43:40.4719264Z [32;1m        PASS[0m [   0.008s] ( 513/2876) [35;1msparq-engine::coverage_gaps[0m [34;1mxsd_double_from_integer_nonzero[0m
2026-09-10T16:43:40.4726232Z [32;1m        PASS[0m [   0.014s] ( 514/2876) [35;1msparq-engine::coverage_gaps[0m [34;1mxsd_double_from_bool[0m
2026-09-10T16:43:40.4855096Z [32;1m        PASS[0m [   0.012s] ( 515/2876) [35;1msparq-engine::coverage_gaps[0m [34;1mxsd_float_from_integer_nonzero[0m
2026-09-10T16:43:40.4893492Z [32;1m        PASS[0m [   0.017s] ( 516/2876) [35;1msparq-engine::coverage_gaps[0m [34;1mxsd_double_from_string_sci[0m
2026-09-10T16:43:40.5073928Z [32;1m        PASS[0m [   0.022s] ( 517/2876) [35;1msparq-engine::coverage_gaps[0m [34;1mxsd_integer_from_bool[0m
2026-09-10T16:43:40.5103350Z [32;1m        PASS[0m [   0.019s] ( 518/2876) [35;1msparq-engine::coverage_gaps[0m [34;1mxsd_integer_from_infinite_float[0m
2026-09-10T16:43:40.5200618Z [32;1m        PASS[0m [   0.013s] ( 519/2876) [35;1msparq-engine::coverage_gaps[0m [34;1mxsd_string_from_bool[0m
2026-09-10T16:43:40.5219553Z [32;1m        PASS[0m [   0.014s] ( 520/2876) [35;1msparq-engine::coverage_gaps[0m [34;1mxsd_string_from_double[0m
2026-09-10T16:43:40.5289844Z [32;1m        PASS[0m [   0.009s] ( 521/2876) [35;1msparq-engine::coverage_gaps[0m [34;1mxsd_string_from_integer[0m
2026-09-10T16:43:40.5908645Z [32;1m        PASS[0m [   0.069s] ( 522/2876) [35;1msparq-engine::differentials[0m [36msemijoin_differential[0m[36m::[0m[34;1mrepeated_var_pattern_matches_brute_force[0m
2026-09-10T16:43:40.6122707Z [32;1m        PASS[0m [   0.083s] ( 523/2876) [35;1msparq-engine::differentials[0m [36msemijoin_differential[0m[36m::[0m[34;1mstar_join_matches_brute_force[0m
2026-09-10T16:43:40.6204040Z [32;1m        PASS[0m [   0.028s] ( 524/2876) [35;1msparq-engine::differentials[0m [36myannakakis_differential[0m[36m::[0m[34;1mdisjoint_join_is_empty_both_ways[0m
2026-09-10T16:43:40.9867890Z [32;1m        PASS[0m [   1.132s] ( 525/2876) [35;1msparq-engine::ask_early_exit[0m [34;1mask_q12a_shape_matches_select_oracle[0m
2026-09-10T16:43:40.9975647Z [32;1m        PASS[0m [   0.010s] ( 526/2876) [35;1msparq-engine::differentials[0m [36mzk_trace_operators[0m[36m::[0m[34;1mbgp_single_pattern_exact_set[0m
2026-09-10T16:43:41.0073968Z [32;1m        PASS[0m [   0.009s] ( 527/2876) [35;1msparq-engine::differentials[0m [36mzk_trace_operators[0m[36m::[0m[34;1mfilter_records_obligation_with_verdicts[0m
2026-09-10T16:43:41.0154342Z [32;1m        PASS[0m [   0.008s] ( 528/2876) [35;1msparq-engine::differentials[0m [36mzk_trace_operators[0m[36m::[0m[34;1mgroup_aggregation_records_pre_aggregation_input[0m
2026-09-10T16:43:41.0232355Z [32;1m        PASS[0m [   0.007s] ( 529/2876) [35;1msparq-engine::differentials[0m [36mzk_trace_operators[0m[36m::[0m[34;1moptional_records_boundary_and_both_sides[0m
2026-09-10T16:43:41.0370094Z [32;1m        PASS[0m [   0.014s] ( 530/2876) [35;1msparq-engine::differentials[0m [36mzk_trace_operators[0m[36m::[0m[34;1munion_records_boundary_and_both_branches[0m
2026-09-10T16:43:41.0674946Z [32;1m        PASS[0m [   0.030s] ( 531/2876) [35;1msparq-engine::distinct_pushdown[0m [34;1mempty_result_equivalence[0m
2026-09-10T16:43:41.1876038Z [32;1m        PASS[0m [   0.120s] ( 532/2876) [35;1msparq-engine::distinct_pushdown[0m [34;1mmulti_var_projection_fallback[0m
2026-09-10T16:43:41.2791414Z [32;1m        PASS[0m [   0.091s] ( 533/2876) [35;1msparq-engine::distinct_pushdown[0m [34;1mq09_shape_anti_vacuity[0m
2026-09-10T16:43:42.0984413Z [32;1m        PASS[0m [   0.817s] ( 534/2876) [35;1msparq-engine::distinct_pushdown[0m [34;1mrandomized_differential_both_strategies[0m
2026-09-10T16:43:42.1134057Z [32;1m        PASS[0m [   0.016s] ( 535/2876) [35;1msparq-engine::distinct_pushdown[0m [34;1mslice_over_distinct_preserved[0m
2026-09-10T16:43:42.2383274Z [32;1m        PASS[0m [   0.126s] ( 536/2876) [35;1msparq-engine::dp_default[0m [34;1mdefault_on_fires_for_multi_pattern_bgp[0m
2026-09-10T16:43:42.2487974Z [32;1m        PASS[0m [   0.010s] ( 537/2876) [35;1msparq-engine::dp_default[0m [34;1mwithout_dp_planner_gives_same_results[0m
2026-09-10T16:43:42.2847438Z [32;1m        PASS[0m [   0.036s] ( 538/2876) [35;1msparq-engine::eval_semantics[0m [36maggregate_error_in_group[0m[36m::[0m[34;1mcount_with_non_numeric_member_counts_bound_members[0m
2026-09-10T16:43:42.2953771Z [32;1m        PASS[0m [   0.010s] ( 539/2876) [35;1msparq-engine::eval_semantics[0m [36maggregate_mixed_numeric[0m[36m::[0m[34;1mavg_all_integers_is_decimal_quotient[0m
2026-09-10T16:43:42.3039717Z [32;1m        PASS[0m [   0.008s] ( 540/2876) [35;1msparq-engine::eval_semantics[0m [36maggregate_mixed_numeric[0m[36m::[0m[34;1msum_int_plus_double_is_double[0m
2026-09-10T16:43:42.3125050Z [32;1m        PASS[0m [   0.008s] ( 541/2876) [35;1msparq-engine::eval_semantics[0m [36mcount_distinct[0m[36m::[0m[34;1mcount_star_distinct_counts_distinct_solution_rows[0m
2026-09-10T16:43:42.3234101Z [32;1m        PASS[0m [   0.009s] ( 542/2876) [35;1msparq-engine::eval_semantics[0m [36mdp_planner_result_equivalence[0m[36m::[0m[34;1mgreedy_planner_star_correctness[0m
2026-09-10T16:43:42.3292109Z [32;1m        PASS[0m [   0.008s] ( 543/2876) [35;1msparq-engine::eval_semantics[0m [36mfilter_three_valued_logic[0m[36m::[0m[34;1mfilter_not_of_type_error_is_still_error_drops_rows[0m
2026-09-10T16:43:42.3384501Z [32;1m        PASS[0m [   0.008s] ( 544/2876) [35;1msparq-engine::eval_semantics[0m [36mfilter_three_valued_logic[0m[36m::[0m[34;1mfilter_strlen_of_integer_drops_rows[0m
2026-09-10T16:43:42.3474419Z [32;1m        PASS[0m [   0.008s] ( 545/2876) [35;1msparq-engine::eval_semantics[0m [36mhaving_clause[0m[36m::[0m[34;1mhaving_filters_groups_by_aggregate_value[0m
2026-09-10T16:43:42.3574349Z [32;1m        PASS[0m [   0.008s] ( 546/2876) [35;1msparq-engine::eval_semantics[0m [36mminus_scoping[0m[36m::[0m[34;1mminus_disjoint_domains_is_noop[0m
2026-09-10T16:43:42.3634301Z [32;1m        PASS[0m [   0.008s] ( 547/2876) [35;1msparq-engine::eval_semantics[0m [36mminus_scoping[0m[36m::[0m[34;1mminus_unbound_left_variable_is_not_removed_by_bound_right[0m
2026-09-10T16:43:42.3724655Z [32;1m        PASS[0m [   0.008s] ( 548/2876) [35;1msparq-engine::eval_semantics[0m [36mnumeric_fast_slow_path_agreement[0m[36m::[0m[34;1mmutation_witness_datatype_aware_cache_excludes_integer_fraction[0m
2026-09-10T16:43:42.3975594Z [32;1m        PASS[0m [   0.026s] ( 549/2876) [35;1msparq-engine::eval_semantics[0m [36mnumeric_fast_slow_path_agreement[0m[36m::[0m[34;1mwellformed_lexicals_pass_relational_and_equality_on_both_paths[0m
2026-09-10T16:43:42.4094563Z [32;1m        PASS[0m [   0.009s] ( 550/2876) [35;1msparq-engine::eval_semantics[0m [36moptional_scoping[0m[36m::[0m[34;1moptional_compat_scan_with_unbound_left_key[0m
2026-09-10T16:43:42.4161674Z [32;1m        PASS[0m [   0.009s] ( 551/2876) [35;1msparq-engine::eval_semantics[0m [36moptional_scoping[0m[36m::[0m[34;1moptional_multiple_right_rows_produce_combinations[0m
2026-09-10T16:43:42.4256342Z [32;1m        PASS[0m [   0.009s] ( 552/2876) [35;1msparq-engine::eval_semantics[0m [36morder_by_type_boundary[0m[36m::[0m[34;1morder_by_unbound_sorts_first_in_asc[0m
2026-09-10T16:43:42.4339337Z [32;1m        PASS[0m [   0.008s] ( 553/2876) [35;1msparq-engine::eval_semantics[0m [36msample_and_group_concat[0m[36m::[0m[34;1mmin_max_over_string_literals[0m
2026-09-10T16:43:42.4413790Z [32;1m        PASS[0m [   0.007s] ( 554/2876) [35;1msparq-engine::eval_semantics[0m [36msubselect_and_union[0m[36m::[0m[34;1msubselect_with_limit_caps_rows[0m
2026-09-10T16:43:42.4504214Z [32;1m        PASS[0m [   0.008s] ( 555/2876) [35;1msparq-engine::eval_semantics[0m [36mtype_error_builtins[0m[36m::[0m[34;1mnot_isiri_of_unbound_is_error_drops_row[0m
2026-09-10T16:43:42.4584210Z [32;1m        PASS[0m [   0.008s] ( 556/2876) [35;1msparq-engine::eval_semantics[0m [36mtype_error_builtins[0m[36m::[0m[34;1mstr_on_defined_domains_unchanged[0m
2026-09-10T16:43:42.4651042Z [32;1m        PASS[0m [   0.008s] ( 557/2876) [35;1msparq-engine::eval_semantics[0m [36mvalues_inline[0m[36m::[0m[34;1mvalues_join_with_bgp[0m
2026-09-10T16:43:42.5153490Z [32;1m        PASS[0m [   0.050s] ( 558/2876) [35;1msparq-engine::federation_features[0m [36mservice_bound_join[0m[36m::[0m[34;1mbound_join_empty_left_side_yields_empty[0m
2026-09-10T16:43:42.5360083Z [32;1m        PASS[0m [   0.021s] ( 559/2876) [35;1msparq-engine::federation_features[0m [36mservice_bound_join[0m[36m::[0m[34;1mbound_join_results_match_and_restrict_remote[0m
2026-09-10T16:43:42.5482827Z [32;1m        PASS[0m [   0.012s] ( 560/2876) [35;1msparq-engine::federation_features[0m [36mservice_federation[0m[36m::[0m[34;1mservice_join_restricts_to_overlapping_subject[0m
2026-09-10T16:43:42.5600785Z [32;1m        PASS[0m [   0.011s] ( 561/2876) [35;1msparq-engine::federation_features[0m [36mservice_federation[0m[36m::[0m[34;1mservice_returns_and_joins_remote_solutions[0m
2026-09-10T16:43:43.7864209Z [32;1m        PASS[0m [   1.223s] ( 562/2876) [35;1msparq-engine::federation_features[0m [36mservice_stream_bounded[0m[36m::[0m[34;1mlarge_service_result_consumption_is_bounded_by_the_body_not_the_relation[0m
2026-09-10T16:43:43.8340653Z [32;1m        PASS[0m [   0.050s] ( 563/2876) [35;1msparq-engine::orderby_limit_zero[0m [34;1morder_by_limit_zero_is_empty_not_panic[0m
2026-09-10T16:43:44.0863981Z [32;1m        PASS[0m [   0.251s] ( 564/2876) [35;1msparq-engine::proptest_eval[0m [34;1mfamily1_engine_matches_naive_reference[0m
2026-09-10T16:43:44.0926587Z [32;1m        PASS[0m [   0.007s] ( 565/2876) [35;1msparq-engine::proptest_eval[0m [34;1mfmt_double_oracle_matches_engine_rules[0m
2026-09-10T16:43:44.1002066Z [32;1m        PASS[0m [   0.008s] ( 566/2876) [35;1msparq-engine::proptest_eval[0m [34;1moracle_known_answer_computed_double[0m
2026-09-10T16:43:44.1081117Z [32;1m        PASS[0m [   0.008s] ( 567/2876) [35;1msparq-engine::proptest_eval[0m [34;1moracle_known_answer_optional[0m
2026-09-10T16:43:44.1140338Z [32;1m        PASS[0m [   0.006s] ( 568/2876) [35;1msparq-engine::proptest_eval[0m [34;1mparse_rendered_roundtrips_every_generated_shape[0m
2026-09-10T16:43:44.1981601Z [32;1m        PASS[0m [   0.084s] ( 569/2876) [35;1msparq-engine::query_features[0m [36mdataset_view[0m[36m::[0m[34;1mdataset_clause_intersects_with_view[0m
2026-09-10T16:43:44.2124324Z [32;1m        PASS[0m [   0.012s] ( 570/2876) [35;1msparq-engine::query_features[0m [36mdataset_view[0m[36m::[0m[34;1mgraph_var_enumerates_only_visible_graphs[0m
2026-09-10T16:43:44.5915642Z [32;1m        PASS[0m [   0.380s] ( 571/2876) [35;1msparq-engine::query_features[0m [36mdp_planner_differential[0m[36m::[0m[34;1mchain_join_matches_brute_force[0m
2026-09-10T16:43:44.6012191Z [32;1m        PASS[0m [   0.010s] ( 572/2876) [35;1msparq-engine::query_features[0m [36mdp_planner_differential[0m[36m::[0m[34;1mempty_result_matches_brute_force[0m
2026-09-10T16:43:44.6119417Z [32;1m        PASS[0m [   0.010s] ( 573/2876) [35;1msparq-engine::query_features[0m [36mdp_planner_differential[0m[36m::[0m[34;1mrepeated_variable_pattern_matches_brute_force[0m
2026-09-10T16:43:44.6469958Z [32;1m        PASS[0m [   0.035s] ( 574/2876) [35;1msparq-engine::query_features[0m [36mparse_recursion_depth[0m[36m::[0m[34;1mbody_cap_nested_expressions_is_clean_err_not_overflow[0m
2026-09-10T16:43:44.6558573Z [32;1m        PASS[0m [   0.008s] ( 575/2876) [35;1msparq-engine::query_features[0m [36mparse_recursion_depth[0m[36m::[0m[34;1mpast_cap_depth_reports_too_deeply_nested[0m
2026-09-10T16:43:44.6753901Z [32;1m        PASS[0m [   0.020s] ( 576/2876) [35;1msparq-engine::query_features[0m [36mprepared[0m[36m::[0m[34;1mprepared_respects_dataset_clause_and_budget[0m
2026-09-10T16:43:44.6924501Z [32;1m        PASS[0m [   0.016s] ( 577/2876) [35;1msparq-engine::query_features[0m [36mrdfstar_write[0m[36m::[0m[34;1mconstruct_builds_triple_term_object[0m
2026-09-10T16:43:44.7134654Z [32;1m        PASS[0m [   0.019s] ( 578/2876) [35;1msparq-engine::query_features[0m [36mrdfstar_write[0m[36m::[0m[34;1mdelete_insert_where_rewrites_a_reified_statement[0m
2026-09-10T16:43:44.7210518Z [32;1m        PASS[0m [   0.010s] ( 579/2876) [35;1msparq-engine::query_features[0m [36mrdfstar_write[0m[36m::[0m[34;1mdir_langstring_survives_insert_data_and_construct[0m
2026-09-10T16:43:44.7294008Z [32;1m        PASS[0m [   0.008s] ( 580/2876) [35;1msparq-engine::query_features[0m [36mrdfstar_write[0m[36m::[0m[34;1minsert_data_triple_term_object_roundtrips[0m
2026-09-10T16:43:44.7378265Z [32;1m        PASS[0m [   0.008s] ( 581/2876) [35;1msparq-engine::query_features[0m [36mrdfstar_write[0m[36m::[0m[34;1mreifier_syntax_parses_to_rdf_reifies_and_roundtrips[0m
2026-09-10T16:43:44.8045821Z [32;1m        PASS[0m [   0.067s] ( 582/2876) [35;1msparq-engine::rewrite_pass[0m [34;1mliteral_equality_is_not_rewritten[0m
2026-09-10T16:43:44.8358612Z [32;1m        PASS[0m [   0.030s] ( 583/2876) [35;1msparq-engine::rewrite_pass[0m [34;1mq07_antijoin_result_equivalent[0m
2026-09-10T16:43:44.9418799Z [32;1m        PASS[0m [   0.107s] ( 584/2876) [35;1msparq-engine::sargable_decimal_precision[0m [34;1mhigh_precision_decimal_equality_does_not_match_integer[0m
2026-09-10T16:43:44.9655276Z [32;1m        PASS[0m [   0.022s] ( 585/2876) [35;1msparq-engine::sargable_decimal_precision[0m [34;1mordinary_decimals_still_use_fast_path_correctly[0m
2026-09-10T16:43:45.0422470Z [32;1m        PASS[0m [   0.077s] ( 586/2876) [35;1msparq-engine::sip_join[0m [34;1mminus_fallback[0m
2026-09-10T16:43:45.0660370Z [32;1m        PASS[0m [   0.024s] ( 587/2876) [35;1msparq-engine::sip_join[0m [34;1moptional_inside_union_fallback[0m
2026-09-10T16:43:45.1260388Z [32;1m        PASS[0m [   0.061s] ( 588/2876) [35;1msparq-engine::sip_join[0m [34;1mq08_shape_equivalence[0m
2026-09-10T16:43:45.4819398Z [32;1m        PASS[0m [   0.354s] ( 589/2876) [35;1msparq-engine::storage[0m [36mcompressed_build_differential[0m[36m::[0m[34;1mone_pass_compressed_build_is_byte_identical_to_build_then_recompress[0m
2026-09-10T16:43:45.5800807Z [32;1m        PASS[0m [   0.100s] ( 590/2876) [35;1msparq-engine::storage[0m [36mdict_consolidation_differential[0m[36m::[0m[34;1msharded_in_memory_dict_supports_lookup_after_load[0m
2026-09-10T16:43:45.8917387Z [32;1m        PASS[0m [   0.311s] ( 591/2876) [35;1msparq-engine::storage[0m [36mdict_spill_differential[0m[36m::[0m[34;1mspilled_dict_build_is_byte_identical_to_sharded[0m
2026-09-10T16:43:45.9149289Z [32;1m        PASS[0m [   0.023s] ( 592/2876) [35;1msparq-engine::storage[0m [36mnamed_graph_durable_clear_drop[0m[36m::[0m[34;1mclear_all_then_drop_all_named_are_durable[0m
2026-09-10T16:43:46.0160922Z [32;1m        PASS[0m [   0.101s] ( 593/2876) [35;1msparq-engine::storage[0m [36mnamed_graph_durable_clear_drop[0m[36m::[0m[34;1mdrop_middle_named_graph_renumbers_and_survives_restart[0m
2026-09-10T16:43:46.0544603Z [32;1m        PASS[0m [   0.038s] ( 594/2876) [35;1msparq-engine::storage[0m [36mnamed_graph_persistence[0m[36m::[0m[34;1mgraph_query_survives_save_open_roundtrip[0m
2026-09-10T16:43:46.4409914Z [32;1m        PASS[0m [   0.385s] ( 595/2876) [35;1msparq-engine::stream_pipeline_equivalence[0m [34;1mq04_class_result_is_genuinely_multi_chunk_under_64kib[0m
2026-09-10T16:43:46.6366567Z [32;1m        PASS[0m [   0.196s] ( 596/2876) [35;1msparq-engine::theta_antijoin[0m [34;1marmed_but_unexhausted_budget_does_not_perturb_the_hash_strategy[0m
2026-09-10T16:43:46.6473963Z [32;1m        PASS[0m [   0.011s] ( 597/2876) [35;1msparq-engine::theta_antijoin[0m [34;1mdecline_nb_in_left[0m
2026-09-10T16:43:46.6624884Z [32;1m        PASS[0m [   0.015s] ( 598/2876) [35;1msparq-engine::theta_antijoin[0m [34;1min_single_var_correlation_equivalence_and_fires[0m
2026-09-10T16:43:46.6785011Z [32;1m        PASS[0m [   0.014s] ( 599/2876) [35;1msparq-engine::theta_antijoin[0m [34;1mnested_optional_equivalence[0m
2026-09-10T16:43:46.6864138Z [32;1m        PASS[0m [   0.010s] ( 600/2876) [35;1msparq-engine::theta_antijoin[0m [34;1mpartially_bound_shared_var_fill_through[0m
2026-09-10T16:43:46.7153927Z [32;1m        PASS[0m [   0.029s] ( 601/2876) [35;1msparq-engine::theta_antijoin[0m [34;1mq06_shape_equivalence[0m
2026-09-10T16:43:46.9064454Z [32;1m        PASS[0m [   0.192s] ( 602/2876) [35;1msparq-engine::theta_antijoin[0m [34;1msameterm_literal_hash_path_equivalence[0m
2026-09-10T16:43:46.9347657Z [32;1m        PASS[0m [   0.028s] ( 603/2876) [35;1msparq-engine::theta_antijoin[0m [34;1mtheta_type_error_survives[0m
2026-09-10T16:43:47.0015924Z [32;1m        PASS[0m [   0.067s] ( 604/2876) [35;1msparq-engine::topk_orderby[0m [34;1mdistinct_keys[0m
2026-09-10T16:43:47.0334475Z [32;1m        PASS[0m [   0.030s] ( 605/2876) [35;1msparq-engine::topk_orderby[0m [34;1miri_column[0m
2026-09-10T16:43:47.1684403Z [32;1m        PASS[0m [   0.134s] ( 606/2876) [35;1msparq-engine::topk_orderby[0m [34;1mk_over_threshold[0m
2026-09-10T16:43:47.1954122Z [32;1m        PASS[0m [   0.027s] ( 607/2876) [35;1msparq-engine::topk_orderby[0m [34;1mmulti_key_order_by[0m
2026-09-10T16:43:47.2214438Z [32;1m        PASS[0m [   0.028s] ( 608/2876) [35;1msparq-engine::topk_orderby[0m [34;1moffset_lands_on_boundary[0m
2026-09-10T16:43:47.2724686Z [32;1m        PASS[0m [   0.049s] ( 609/2876) [35;1msparq-engine-serialize[0m [36mserialize::frame::tests[0m[36m::[0m[34;1mcircular_reference_terminates[0m
2026-09-10T16:43:47.2893592Z [32;1m        PASS[0m [   0.016s] ( 610/2876) [35;1msparq-engine-serialize[0m [36mserialize::frame::tests[0m[36m::[0m[34;1mdefault_null_emits_preserve_null[0m
2026-09-10T16:43:47.3082735Z [32;1m        PASS[0m [   0.016s] ( 611/2876) [35;1msparq-engine-serialize[0m [36mserialize::frame::tests[0m[36m::[0m[34;1membed_never_emits_node_reference[0m
2026-09-10T16:43:47.3296629Z [32;1m        PASS[0m [   0.025s] ( 612/2876) [35;1msparq-engine-serialize[0m [36mserialize::frame::tests[0m[36m::[0m[34;1mlist_framing_preserves_list_wrapper[0m
2026-09-10T16:43:47.3444091Z [32;1m        PASS[0m [   0.016s] ( 613/2876) [35;1msparq-engine-serialize[0m [36mserialize::frame::tests[0m[36m::[0m[34;1mno_match_yields_empty_graph[0m
2026-09-10T16:43:47.3614564Z [32;1m        PASS[0m [   0.017s] ( 614/2876) [35;1msparq-engine-serialize[0m [36mserialize::frame::tests[0m[36m::[0m[34;1mrequire_all_false_disjoins_to_two_roots_with_preserve_null[0m
2026-09-10T16:43:47.3834282Z [32;1m        PASS[0m [   0.021s] ( 615/2876) [35;1msparq-engine-serialize[0m [36mserialize::frame::tests[0m[36m::[0m[34;1mtype_frame_embeds_referenced_node[0m
2026-09-10T16:43:47.4034788Z [32;1m        PASS[0m [   0.020s] ( 616/2876) [35;1msparq-engine-serialize[0m [36mserialize::frame::tests[0m[36m::[0m[34;1mtyped_literal_native_coercion[0m
2026-09-10T16:43:47.4344489Z [32;1m        PASS[0m [   0.030s] ( 617/2876) [35;1msparq-engine-serialize[0m [36mserialize::tests[0m[36m::[0m[34;1mblank_node_graph_name_in_trig[0m
2026-09-10T16:43:47.4604525Z [32;1m        PASS[0m [   0.025s] ( 618/2876) [35;1msparq-engine-serialize[0m [36mserialize::tests[0m[36m::[0m[34;1mcompact_container_list[0m
2026-09-10T16:43:47.4664030Z [32;1m        PASS[0m [   0.008s] ( 619/2876) [35;1msparq-engine-serialize[0m [36mserialize::tests[0m[36m::[0m[34;1mcompact_empty_context_is_expanded_graph[0m
2026-09-10T16:43:47.4830056Z [32;1m        PASS[0m [   0.018s] ( 620/2876) [35;1msparq-engine-serialize[0m [36mserialize::tests[0m[36m::[0m[34;1mcompact_iri_against_prefix[0m
2026-09-10T16:43:47.5064532Z [32;1m        PASS[0m [   0.023s] ( 621/2876) [35;1msparq-engine-serialize[0m [36mserialize::tests[0m[36m::[0m[34;1mcompact_language_container_keeps_nonlang_under_none[0m
2026-09-10T16:43:47.5294862Z [32;1m        PASS[0m [   0.022s] ( 622/2876) [35;1msparq-engine-serialize[0m [36mserialize::tests[0m[36m::[0m[34;1mcompact_language_nonstring_routes_to_separate_key[0m
2026-09-10T16:43:47.5554518Z [32;1m        PASS[0m [   0.025s] ( 623/2876) [35;1msparq-engine-serialize[0m [36mserialize::tests[0m[36m::[0m[34;1mcompact_node_compaction_nested[0m
2026-09-10T16:43:47.5634304Z [32;1m        PASS[0m [   0.010s] ( 624/2876) [35;1msparq-engine-serialize[0m [36mserialize::tests[0m[36m::[0m[34;1mcompact_reverse_term_as_forward_member_not_block[0m
2026-09-10T16:43:47.5720855Z [32;1m        PASS[0m [   0.009s] ( 625/2876) [35;1msparq-engine-serialize[0m [36mserialize::tests[0m[36m::[0m[34;1mcompact_typeid_literal_kept_off_coerced_term[0m
2026-09-10T16:43:47.5854630Z [32;1m        PASS[0m [   0.011s] ( 626/2876) [35;1msparq-engine-serialize[0m [36mserialize::tests[0m[36m::[0m[34;1mcustom_prefix_map_abbreviates_example_org_and_uses_https_schema[0m
2026-09-10T16:43:47.6044959Z [32;1m        PASS[0m [   0.020s] ( 627/2876) [35;1msparq-engine-serialize[0m [36mserialize::tests[0m[36m::[0m[34;1mgraph_to_trig_pretty_round_trips[0m
2026-09-10T16:43:47.6194358Z [32;1m        PASS[0m [   0.016s] ( 628/2876) [35;1msparq-engine-serialize[0m [36mserialize::tests[0m[36m::[0m[34;1mjsonld_empty_graph[0m
2026-09-10T16:43:47.6465444Z [32;1m        PASS[0m [   0.025s] ( 629/2876) [35;1msparq-engine-serialize[0m [36mserialize::tests[0m[36m::[0m[34;1mjsonld_list_collapses_and_roundtrips[0m
2026-09-10T16:43:47.6880513Z [32;1m        PASS[0m [   0.044s] ( 630/2876) [35;1msparq-engine-serialize[0m [36mserialize::tests[0m[36m::[0m[34;1mjsonld_native_coercion_only_when_canonical[0m
2026-09-10T16:43:47.6980398Z [32;1m        PASS[0m [   0.009s] ( 631/2876) [35;1msparq-engine-serialize[0m [36mserialize::tests[0m[36m::[0m[34;1mjsonld_pretty_custom_indent[0m
2026-09-10T16:43:47.7164806Z [32;1m        PASS[0m [   0.017s] ( 632/2876) [35;1msparq-engine-serialize[0m [36mserialize::tests[0m[36m::[0m[34;1mjsonld_pretty_equiv_literals_and_lists[0m
2026-09-10T16:43:47.7391308Z [32;1m        PASS[0m [   0.025s] ( 633/2876) [35;1msparq-engine-serialize[0m [36mserialize::tests[0m[36m::[0m[34;1mjsonld_pretty_golden_expanded[0m
2026-09-10T16:43:47.7650593Z [32;1m        PASS[0m [   0.025s] ( 634/2876) [35;1msparq-engine-serialize[0m [36mserialize::tests[0m[36m::[0m[34;1mjsonld_roundtrip_blank_nodes[0m
2026-09-10T16:43:47.7814363Z [32;1m        PASS[0m [   0.015s] ( 635/2876) [35;1msparq-engine-serialize[0m [36mserialize::tests[0m[36m::[0m[34;1mjsonld_roundtrip_named_graphs[0m
2026-09-10T16:43:47.7874084Z [32;1m        PASS[0m [   0.006s] ( 636/2876) [35;1msparq-engine-serialize[0m [36mserialize::tests[0m[36m::[0m[34;1mnquads_default_graph_has_no_fourth_column[0m
2026-09-10T16:43:47.7905529Z [32;1m        PASS[0m [   0.006s] ( 637/2876) [35;1msparq-engine-serialize[0m [36mserialize::tests[0m[36m::[0m[34;1mparse_context_json_rejects_non_object[0m
2026-09-10T16:43:47.7985331Z [32;1m        PASS[0m [   0.005s] ( 638/2876) [35;1msparq-engine-serialize[0m [36mserialize::tests[0m[36m::[0m[34;1mpn_local_fallback_is_correct[0m
2026-09-10T16:43:47.8029167Z [32;1m        PASS[0m [   0.007s] ( 639/2876) [35;1msparq-engine-serialize[0m [36mserialize::tests[0m[36m::[0m[34;1mpretty_empty_graph_is_empty_string[0m
2026-09-10T16:43:47.8223607Z [32;1m        PASS[0m [   0.019s] ( 640/2876) [35;1msparq-engine-serialize[0m [36mserialize::tests[0m[36m::[0m[34;1mpretty_ordering_is_emission_independent[0m
2026-09-10T16:43:47.8410434Z [32;1m        PASS[0m [   0.019s] ( 641/2876) [35;1msparq-engine-serialize[0m [36mserialize::tests[0m[36m::[0m[34;1mroundtrip_basic_prefixed[0m
2026-09-10T16:43:47.8750002Z [32;1m        PASS[0m [   0.034s] ( 642/2876) [35;1msparq-engine-serialize[0m [36mserialize::tests[0m[36m::[0m[34;1mroundtrip_language_and_datatypes[0m
2026-09-10T16:43:47.8993096Z [32;1m        PASS[0m [   0.024s] ( 643/2876) [35;1msparq-engine-serialize[0m [36mserialize::tests[0m[36m::[0m[34;1mroundtrip_rdf12_triple_term[0m
2026-09-10T16:43:47.9210002Z [32;1m        PASS[0m [   0.022s] ( 644/2876) [35;1msparq-engine-serialize[0m [36mserialize::tests[0m[36m::[0m[34;1mturtle_uses_a_and_prefixes_and_drops_unused[0m
2026-09-10T16:43:47.9414353Z [32;1m        PASS[0m [   0.015s] ( 645/2876) [35;1msparq-engine-serialize[0m [36mserialize::tests[0m[36m::[0m[34;1mwrite_term_full_triple_term[0m
2026-09-10T16:43:47.9701260Z [32;1m        PASS[0m [   0.031s] ( 646/2876) [35;1msparq-engine-serialize::empty_graphs[0m [34;1mempty_nquads_round_trips[0m
2026-09-10T16:43:48.0499764Z [32;1m        PASS[0m [   0.080s] ( 647/2876) [35;1msparq-engine-serialize::empty_graphs[0m [34;1misomorphism_assertion_rejects_a_stray_expected_triple[0m
2026-09-10T16:43:48.0656871Z [32;1m        PASS[0m [   0.016s] ( 648/2876) [35;1msparq-engine-service[0m [36mservice::tests[0m[36m::[0m[34;1mallowlist_entry_permits_is_the_shared_per_entry_rule[0m
2026-09-10T16:43:48.0772305Z [32;1m        PASS[0m [   0.012s] ( 649/2876) [35;1msparq-engine-service[0m [36mservice::tests[0m[36m::[0m[34;1mbare_ipv6_entry_is_host_level_not_port_amputated[0m
2026-09-10T16:43:48.0877133Z [32;1m        PASS[0m [   0.010s] ( 650/2876) [35;1msparq-engine-service[0m [36mservice::tests[0m[36m::[0m[34;1mcgnat_and_broadcast_are_forbidden[0m
2026-09-10T16:43:48.1017482Z [32;1m        PASS[0m [   0.014s] ( 651/2876) [35;1msparq-engine-service[0m [36mservice::tests[0m[36m::[0m[34;1meval_remote_handles_xml_endpoint[0m
2026-09-10T16:43:48.1128582Z [32;1m        PASS[0m [   0.011s] ( 652/2876) [35;1msparq-engine-service[0m [36mservice::tests[0m[36m::[0m[34;1mhost_level_entry_permits_all_ports_backward_compat[0m
2026-09-10T16:43:48.1258569Z [32;1m        PASS[0m [   0.013s] ( 653/2876) [35;1msparq-engine-service[0m [36mservice::tests[0m[36m::[0m[34;1mhttp_transport_timeout_tracks_budget[0m
2026-09-10T16:43:48.1354369Z [32;1m        PASS[0m [   0.008s] ( 654/2876) [35;1msparq-engine-service[0m [36mservice::tests[0m[36m::[0m[34;1mlink_local_and_cloud_metadata_are_forbidden[0m
2026-09-10T16:43:48.1403929Z [32;1m        PASS[0m [   0.006s] ( 655/2876) [35;1msparq-engine-service[0m [36mservice::tests[0m[36m::[0m[34;1mmalformed_port_in_entry_fails_closed[0m
2026-09-10T16:43:48.1474203Z [32;1m        PASS[0m [   0.006s] ( 656/2876) [35;1msparq-engine-service[0m [36mservice::tests[0m[36m::[0m[34;1mparse_results_collecting_wrapper_delivers_rows[0m
2026-09-10T16:43:48.1533989Z [32;1m        PASS[0m [   0.006s] ( 657/2876) [35;1msparq-engine-service[0m [36mservice::tests[0m[36m::[0m[34;1mparse_srx_bad_variable_name_is_error[0m
2026-09-10T16:43:48.1581101Z [32;1m        PASS[0m [   0.006s] ( 658/2876) [35;1msparq-engine-service[0m [36mservice::tests[0m[36m::[0m[34;1mparse_srx_into_read_cdata_section[0m
2026-09-10T16:43:48.1664288Z [32;1m        PASS[0m [   0.006s] ( 659/2876) [35;1msparq-engine-service[0m [36mservice::tests[0m[36m::[0m[34;1mparse_srx_into_read_triple_term_roundtrip[0m
2026-09-10T16:43:48.1699139Z [32;1m        PASS[0m [   0.006s] ( 660/2876) [35;1msparq-engine-service[0m [36mservice::tests[0m[36m::[0m[34;1mparse_srx_triple_term_complete_roundtrip[0m
2026-09-10T16:43:48.1774455Z [32;1m        PASS[0m [   0.006s] ( 661/2876) [35;1msparq-engine-service[0m [36mservice::tests[0m[36m::[0m[34;1mport_scoped_entry_permits_exact_port_only[0m
2026-09-10T16:43:48.1815789Z [32;1m        PASS[0m [   0.005s] ( 662/2876) [35;1msparq-engine-service[0m [36mservice::tests[0m[36m::[0m[34;1mpushable_term_bnode_returns_false[0m
2026-09-10T16:43:48.1870134Z [32;1m        PASS[0m [   0.006s] ( 663/2876) [35;1msparq-engine-service[0m [36mservice::tests[0m[36m::[0m[34;1mrender_values_block_empty_tuples[0m
2026-09-10T16:43:48.1925987Z [32;1m        PASS[0m [   0.005s] ( 664/2876) [35;1msparq-engine-service[0m [36mservice::tests[0m[36m::[0m[34;1mrender_values_block_single_var_multi_tuple[0m
2026-09-10T16:43:48.1979481Z [32;1m        PASS[0m [   0.005s] ( 665/2876) [35;1msparq-engine-service[0m [36mservice::tests[0m[36m::[0m[34;1mresolve_xml_entity_hex_numeric_ref[0m
2026-09-10T16:43:48.2063931Z [32;1m        PASS[0m [   0.005s] ( 666/2876) [35;1msparq-engine-service[0m [36mservice::tests[0m[36m::[0m[34;1mresolve_xml_entity_predefined_named_entities[0m
2026-09-10T16:43:48.2094021Z [32;1m        PASS[0m [   0.006s] ( 667/2876) [35;1msparq-engine-service[0m [36mservice::tests::resolver[0m[36m::[0m[34;1mresolver_allows_public_endpoint[0m
2026-09-10T16:43:48.2173972Z [32;1m        PASS[0m [   0.006s] ( 668/2876) [35;1msparq-engine-service[0m [36mservice::tests::resolver[0m[36m::[0m[34;1mresolver_permits_allowlisted_private_endpoint[0m
2026-09-10T16:43:48.2234552Z [32;1m        PASS[0m [   0.006s] ( 669/2876) [35;1msparq-engine-service[0m [36mservice::tests::resolver[0m[36m::[0m[34;1mresolver_refuses_cloud_metadata_endpoint[0m
2026-09-10T16:43:48.2293805Z [32;1m        PASS[0m [   0.006s] ( 670/2876) [35;1msparq-engine-service[0m [36mservice::tests::resolver[0m[36m::[0m[34;1mstrict_empty_allowlist_denies_all[0m
2026-09-10T16:43:48.2357838Z [32;1m        PASS[0m [   0.008s] ( 671/2876) [35;1msparq-engine-service[0m [36mservice::tests[0m[36m::[0m[34;1mrfc1918_private_is_forbidden[0m
2026-09-10T16:43:48.2454029Z [32;1m        PASS[0m [   0.008s] ( 672/2876) [35;1msparq-engine-service[0m [36mservice::tests[0m[36m::[0m[34;1msrj_term_literal_missing_value_is_error[0m
2026-09-10T16:43:48.2497505Z [32;1m        PASS[0m [   0.006s] ( 673/2876) [35;1msparq-engine-service[0m [36mservice::tests[0m[36m::[0m[34;1msrx_ask_boolean_is_rejected[0m
2026-09-10T16:43:48.2593995Z [32;1m        PASS[0m [   0.007s] ( 674/2876) [35;1msparq-engine-service[0m [36mservice::tests[0m[36m::[0m[34;1msrx_parses_uri_and_literals[0m
2026-09-10T16:43:48.2640570Z [32;1m        PASS[0m [   0.006s] ( 675/2876) [35;1msparq-engine-service[0m [36mservice::tests[0m[36m::[0m[34;1msrx_unbound_variable_becomes_none[0m
2026-09-10T16:43:48.2704222Z [32;1m        PASS[0m [   0.006s] ( 676/2876) [35;1msparq-engine-service[0m [36mservice::tests::streaming_equivalence[0m[36m::[0m[34;1mequivalence_on_representative_and_boundary_documents[0m
2026-09-10T16:43:48.2747663Z [32;1m        PASS[0m [   0.005s] ( 677/2876) [35;1msparq-engine-service[0m [36mservice::tests::streaming_equivalence[0m[36m::[0m[34;1mparse_results_into_read_empty_body_is_error[0m
2026-09-10T16:43:48.2821630Z [32;1m        PASS[0m [   0.008s] ( 678/2876) [35;1msparq-engine-service[0m [36mservice::tests::streaming_equivalence[0m[36m::[0m[34;1mparse_results_into_read_sniffs_srx[0m
2026-09-10T16:43:48.2893714Z [32;1m        PASS[0m [   0.007s] ( 679/2876) [35;1msparq-engine-service[0m [36mservice::tests::streaming_equivalence[0m[36m::[0m[34;1mparse_srj_into_read_agrees_with_into_on_representative_doc[0m
2026-09-10T16:43:48.2953002Z [32;1m        PASS[0m [   0.006s] ( 680/2876) [35;1msparq-engine-service[0m [36mservice::tests::streaming_equivalence[0m[36m::[0m[34;1msrj_streams_rows_before_later_input_is_parsed[0m
2026-09-10T16:43:48.3014339Z [32;1m        PASS[0m [   0.006s] ( 681/2876) [35;1msparq-engine-service[0m [36mservice::tests[0m[36m::[0m[34;1mstrict_allowlist_only_mode_scopes_and_restores[0m
2026-09-10T16:43:48.3073920Z [32;1m        PASS[0m [   0.006s] ( 682/2876) [35;1msparq-engine-service[0m [36mservice::tests[0m[36m::[0m[34;1munbound_variable_becomes_none[0m
2026-09-10T16:43:48.3124228Z [32;1m        PASS[0m [   0.005s] ( 683/2876) [35;1msparq-engine-service[0m [36mservice::tests::uri_host_port_tests[0m[36m::[0m[34;1mempty_host_yields_none[0m
2026-09-10T16:43:48.3183918Z [32;1m        PASS[0m [   0.006s] ( 684/2876) [35;1msparq-engine-service[0m [36mservice::tests::uri_host_port_tests[0m[36m::[0m[34;1mhttps_no_port_defaults_to_443[0m
2026-09-10T16:43:48.3234238Z [32;1m        PASS[0m [   0.005s] ( 685/2876) [35;1msparq-engine-service[0m [36mservice::tests[0m[36m::[0m[34;1mwith_service_egress_allow_scopes_the_allowlist[0m
2026-09-10T16:43:48.3316121Z [32;1m        PASS[0m [   0.008s] ( 686/2876) [35;1msparq-engine-service::proptest_srj_srx[0m [36mservice::tests[0m[36m::[0m[34;1mallowlist_entry_permits_is_the_shared_per_entry_rule[0m
2026-09-10T16:43:48.3385470Z [32;1m        PASS[0m [   0.006s] ( 687/2876) [35;1msparq-engine-service::proptest_srj_srx[0m [36mservice::tests[0m[36m::[0m[34;1mbare_ipv6_entry_is_host_level_not_port_amputated[0m
2026-09-10T16:43:48.3474012Z [32;1m        PASS[0m [   0.006s] ( 688/2876) [35;1msparq-engine-service::proptest_srj_srx[0m [36mservice::tests[0m[36m::[0m[34;1mcgnat_and_broadcast_are_forbidden[0m
2026-09-10T16:43:48.4636741Z [32;1m        PASS[0m [   0.119s] ( 689/2876) [35;1msparq-engine-service::proptest_srj_srx[0m [36mservice::tests[0m[36m::[0m[34;1meval_remote_handles_xml_endpoint[0m
2026-09-10T16:43:48.4707731Z [32;1m        PASS[0m [   0.006s] ( 690/2876) [35;1msparq-engine-service::proptest_srj_srx[0m [36mservice::tests[0m[36m::[0m[34;1mhost_level_entry_permits_all_ports_backward_compat[0m
2026-09-10T16:43:48.4758009Z [32;1m        PASS[0m [   0.005s] ( 691/2876) [35;1msparq-engine-service::proptest_srj_srx[0m [36mservice::tests[0m[36m::[0m[34;1mhttp_transport_timeout_tracks_budget[0m
2026-09-10T16:43:48.4816484Z [32;1m        PASS[0m [   0.005s] ( 692/2876) [35;1msparq-engine-service::proptest_srj_srx[0m [36mservice::tests[0m[36m::[0m[34;1mlink_local_and_cloud_metadata_are_forbidden[0m
2026-09-10T16:43:48.4882866Z [32;1m        PASS[0m [   0.005s] ( 693/2876) [35;1msparq-engine-service::proptest_srj_srx[0m [36mservice::tests[0m[36m::[0m[34;1mmalformed_port_in_entry_fails_closed[0m
2026-09-10T16:43:48.4950244Z [32;1m        PASS[0m [   0.008s] ( 694/2876) [35;1msparq-engine-service::proptest_srj_srx[0m [36mservice::tests[0m[36m::[0m[34;1mparse_results_collecting_wrapper_delivers_rows[0m
2026-09-10T16:43:48.5076255Z [32;1m        PASS[0m [   0.012s] ( 695/2876) [35;1msparq-engine-service::proptest_srj_srx[0m [36mservice::tests[0m[36m::[0m[34;1mparse_srx_bad_variable_name_is_error[0m
2026-09-10T16:43:48.5213966Z [32;1m        PASS[0m [   0.014s] ( 696/2876) [35;1msparq-engine-service::proptest_srj_srx[0m [36mservice::tests[0m[36m::[0m[34;1mparse_srx_into_read_cdata_section[0m
2026-09-10T16:43:48.5280769Z [32;1m        PASS[0m [   0.007s] ( 697/2876) [35;1msparq-engine-service::proptest_srj_srx[0m [36mservice::tests[0m[36m::[0m[34;1mparse_srx_into_read_triple_term_roundtrip[0m
2026-09-10T16:43:48.5354132Z [32;1m        PASS[0m [   0.006s] ( 698/2876) [35;1msparq-engine-service::proptest_srj_srx[0m [36mservice::tests[0m[36m::[0m[34;1mparse_srx_triple_term_complete_roundtrip[0m
2026-09-10T16:43:48.5414016Z [32;1m        PASS[0m [   0.005s] ( 699/2876) [35;1msparq-engine-service::proptest_srj_srx[0m [36mservice::tests[0m[36m::[0m[34;1mport_scoped_entry_permits_exact_port_only[0m
2026-09-10T16:43:48.5488447Z [32;1m        PASS[0m [   0.009s] ( 700/2876) [35;1msparq-engine-service::proptest_srj_srx[0m [36mservice::tests[0m[36m::[0m[34;1mpushable_term_bnode_returns_false[0m
2026-09-10T16:43:48.5545848Z [32;1m        PASS[0m [   0.006s] ( 701/2876) [35;1msparq-engine-service::proptest_srj_srx[0m [36mservice::tests[0m[36m::[0m[34;1mrender_values_block_empty_tuples[0m
2026-09-10T16:43:48.5634059Z [32;1m        PASS[0m [   0.007s] ( 702/2876) [35;1msparq-engine-service::proptest_srj_srx[0m [36mservice::tests[0m[36m::[0m[34;1mrender_values_block_single_var_multi_tuple[0m
2026-09-10T16:43:48.5750251Z [32;1m        PASS[0m [   0.013s] ( 703/2876) [35;1msparq-engine-service::proptest_srj_srx[0m [36mservice::tests[0m[36m::[0m[34;1mresolve_xml_entity_hex_numeric_ref[0m
2026-09-10T16:43:48.5824905Z [32;1m        PASS[0m [   0.006s] ( 704/2876) [35;1msparq-engine-service::proptest_srj_srx[0m [36mservice::tests[0m[36m::[0m[34;1mresolve_xml_entity_predefined_named_entities[0m
2026-09-10T16:43:48.5953263Z [32;1m        PASS[0m [   0.014s] ( 705/2876) [35;1msparq-engine-service::proptest_srj_srx[0m [36mservice::tests::resolver[0m[36m::[0m[34;1mresolver_allows_public_endpoint[0m
2026-09-10T16:43:48.6068520Z [32;1m        PASS[0m [   0.012s] ( 706/2876) [35;1msparq-engine-service::proptest_srj_srx[0m [36mservice::tests::resolver[0m[36m::[0m[34;1mresolver_permits_allowlisted_private_endpoint[0m
2026-09-10T16:43:48.6161866Z [32;1m        PASS[0m [   0.009s] ( 707/2876) [35;1msparq-engine-service::proptest_srj_srx[0m [36mservice::tests::resolver[0m[36m::[0m[34;1mresolver_refuses_cloud_metadata_endpoint[0m
2026-09-10T16:43:48.6218981Z [32;1m        PASS[0m [   0.006s] ( 708/2876) [35;1msparq-engine-service::proptest_srj_srx[0m [36mservice::tests::resolver[0m[36m::[0m[34;1mstrict_empty_allowlist_denies_all[0m
2026-09-10T16:43:48.6295030Z [32;1m        PASS[0m [   0.005s] ( 709/2876) [35;1msparq-engine-service::proptest_srj_srx[0m [36mservice::tests[0m[36m::[0m[34;1mrfc1918_private_is_forbidden[0m
2026-09-10T16:43:48.6336710Z [32;1m        PASS[0m [   0.006s] ( 710/2876) [35;1msparq-engine-service::proptest_srj_srx[0m [36mservice::tests[0m[36m::[0m[34;1msrj_term_literal_missing_value_is_error[0m
2026-09-10T16:43:48.6449409Z [32;1m        PASS[0m [   0.011s] ( 711/2876) [35;1msparq-engine-service::proptest_srj_srx[0m [36mservice::tests[0m[36m::[0m[34;1msrx_ask_boolean_is_rejected[0m
2026-09-10T16:43:48.6509751Z [32;1m        PASS[0m [   0.006s] ( 712/2876) [35;1msparq-engine-service::proptest_srj_srx[0m [36mservice::tests[0m[36m::[0m[34;1msrx_parses_uri_and_literals[0m
2026-09-10T16:43:48.6566284Z [32;1m        PASS[0m [   0.006s] ( 713/2876) [35;1msparq-engine-service::proptest_srj_srx[0m [36mservice::tests[0m[36m::[0m[34;1msrx_unbound_variable_becomes_none[0m
2026-09-10T16:43:48.6629400Z [32;1m        PASS[0m [   0.006s] ( 714/2876) [35;1msparq-engine-service::proptest_srj_srx[0m [36mservice::tests::streaming_equivalence[0m[36m::[0m[34;1mequivalence_on_representative_and_boundary_documents[0m
2026-09-10T16:43:48.6692168Z [32;1m        PASS[0m [   0.006s] ( 715/2876) [35;1msparq-engine-service::proptest_srj_srx[0m [36mservice::tests::streaming_equivalence[0m[36m::[0m[34;1mparse_results_into_read_empty_body_is_error[0m
2026-09-10T16:43:48.6880236Z [32;1m        PASS[0m [   0.017s] ( 716/2876) [35;1msparq-engine-service::proptest_srj_srx[0m [36mservice::tests::streaming_equivalence[0m[36m::[0m[34;1mparse_results_into_read_sniffs_srx[0m
2026-09-10T16:43:48.7064711Z [32;1m        PASS[0m [   0.018s] ( 717/2876) [35;1msparq-engine-service::proptest_srj_srx[0m [36mservice::tests::streaming_equivalence[0m[36m::[0m[34;1mparse_srj_into_read_agrees_with_into_on_representative_doc[0m
2026-09-10T16:43:48.7128367Z [32;1m        PASS[0m [   0.007s] ( 718/2876) [35;1msparq-engine-service::proptest_srj_srx[0m [36mservice::tests::streaming_equivalence[0m[36m::[0m[34;1msrj_streams_rows_before_later_input_is_parsed[0m
2026-09-10T16:43:48.7211408Z [32;1m        PASS[0m [   0.008s] ( 719/2876) [35;1msparq-engine-service::proptest_srj_srx[0m [36mservice::tests[0m[36m::[0m[34;1mstrict_allowlist_only_mode_scopes_and_restores[0m
2026-09-10T16:43:48.7284561Z [32;1m        PASS[0m [   0.006s] ( 720/2876) [35;1msparq-engine-service::proptest_srj_srx[0m [36mservice::tests[0m[36m::[0m[34;1munbound_variable_becomes_none[0m
2026-09-10T16:43:48.7329628Z [32;1m        PASS[0m [   0.006s] ( 721/2876) [35;1msparq-engine-service::proptest_srj_srx[0m [36mservice::tests::uri_host_port_tests[0m[36m::[0m[34;1mempty_host_yields_none[0m
2026-09-10T16:43:48.7402969Z [32;1m        PASS[0m [   0.007s] ( 722/2876) [35;1msparq-engine-service::proptest_srj_srx[0m [36mservice::tests::uri_host_port_tests[0m[36m::[0m[34;1mhttps_no_port_defaults_to_443[0m
2026-09-10T16:43:48.7470757Z [32;1m        PASS[0m [   0.007s] ( 723/2876) [35;1msparq-engine-service::proptest_srj_srx[0m [36mservice::tests[0m[36m::[0m[34;1mwith_service_egress_allow_scopes_the_allowlist[0m
2026-09-10T16:43:50.1368847Z [32;1m        PASS[0m [   1.390s] ( 724/2876) [35;1msparq-fedclient::boundary[0m [34;1mlean_core_has_no_edge_to_fedclient[0m
2026-09-10T16:43:50.1435636Z [32;1m        PASS[0m [   0.007s] ( 725/2876) [35;1msparq-forms[0m [36mdescription::tests[0m[36m::[0m[34;1mterm_ref_from_term_structures_all_kinds[0m
2026-09-10T16:43:50.1494803Z [32;1m        PASS[0m [   0.005s] ( 726/2876) [35;1msparq-forms[0m [36mwidgets::tests[0m[36m::[0m[34;1mboolean_select_scores[0m
2026-09-10T16:43:50.1553834Z [32;1m        PASS[0m [   0.005s] ( 727/2876) [35;1msparq-forms[0m [36mwidgets::tests[0m[36m::[0m[34;1mdefault_registry_is_dash[0m
2026-09-10T16:43:50.1583458Z [32;1m        PASS[0m [   0.005s] ( 728/2876) [35;1msparq-forms[0m [36mwidgets::tests[0m[36m::[0m[34;1minstances_select_scores[0m
2026-09-10T16:43:50.1633798Z [32;1m        PASS[0m [   0.005s] ( 729/2876) [35;1msparq-forms[0m [36mwidgets::tests[0m[36m::[0m[34;1mresolve_editor_picks_best_and_lists_alternatives[0m
2026-09-10T16:43:50.1694234Z [32;1m        PASS[0m [   0.005s] ( 730/2876) [35;1msparq-forms[0m [36mwidgets::tests[0m[36m::[0m[34;1mscore_unknown_widget_is_none[0m
2026-09-10T16:43:50.1739765Z [32;1m        PASS[0m [   0.005s] ( 731/2876) [35;1msparq-forms[0m [36mwidgets::tests[0m[36m::[0m[34;1mtext_area_with_lang_scores[0m
2026-09-10T16:43:50.1783828Z [32;1m        PASS[0m [   0.005s] ( 732/2876) [35;1msparq-forms[0m [36mwidgets::tests[0m[36m::[0m[34;1muri_editor_scores[0m
2026-09-10T16:43:50.1964576Z [32;1m        PASS[0m [   0.018s] ( 733/2876) [35;1msparq-forms::derive[0m [34;1mdash_hidden_readonly_and_default_value_surface_on_fields[0m
2026-09-10T16:43:50.2092111Z [32;1m        PASS[0m [   0.012s] ( 734/2876) [35;1msparq-forms::derive[0m [34;1mderive_form_view_mode_has_no_editors[0m
2026-09-10T16:43:50.2179155Z [32;1m        PASS[0m [   0.009s] ( 735/2876) [35;1msparq-forms::derive[0m [34;1mexplicit_shape_option_wins_and_is_marked[0m
2026-09-10T16:43:50.2292344Z [32;1m        PASS[0m [   0.011s] ( 736/2876) [35;1msparq-forms::derive[0m [34;1minverse_path_yields_incoming_reference_field[0m
2026-09-10T16:43:50.2400393Z [32;1m        PASS[0m [   0.011s] ( 737/2876) [35;1msparq-forms::derive[0m [34;1mrole_is_echoed_and_focus_without_shapes_is_all_other[0m
2026-09-10T16:43:50.3229670Z [32;1m        PASS[0m [   0.083s] ( 738/2876) [35;1msparq-forms::diff[0m [34;1mdiff_excludes_readonly_and_inverse_fields[0m
2026-09-10T16:43:50.3626103Z [32;1m        PASS[0m [   0.040s] ( 739/2876) [35;1msparq-forms::edge_applicability[0m [34;1mone_shape_reports_its_strongest_rationale[0m
2026-09-10T16:43:50.3702048Z [32;1m        PASS[0m [   0.008s] ( 740/2876) [35;1msparq-forms::edge_applicability[0m [34;1mtarget_objects_of_applies_to_objects_only[0m
2026-09-10T16:43:50.3920260Z [32;1m        PASS[0m [   0.021s] ( 741/2876) [35;1msparq-forms::golden[0m [34;1mgolden_inverse_multi[0m
2026-09-10T16:43:51.2239043Z [32;1m        PASS[0m [   0.831s] ( 742/2876) [35;1msparq-forms::proptest_diff_update[0m [34;1mrandom_edits_roundtrip_without_collateral_mutation[0m
2026-09-10T16:43:51.2655162Z [32;1m        PASS[0m [   0.040s] ( 743/2876) [35;1msparq-forms::validation[0m [34;1mvalidation_does_not_attach_to_read_only_fields[0m
2026-09-10T16:43:51.2782356Z [32;1m        PASS[0m [   0.014s] ( 744/2876) [35;1msparq-geo[0m [36mgeof::tests[0m[36m::[0m[34;1mbounding_coordinates_distinguish_polygon_extrema[0m
2026-09-10T16:43:51.2864347Z [32;1m        PASS[0m [   0.006s] ( 745/2876) [35;1msparq-geo[0m [36mgeof::tests[0m[36m::[0m[34;1mpoint_has_identical_minimum_and_maximum_coordinates[0m
2026-09-10T16:43:51.2999080Z [32;1m        PASS[0m [   0.015s] ( 746/2876) [35;1msparq-geo[0m [36mindex::indexed_ids_tests[0m[36m::[0m[34;1mshared_geometry_id_is_refcounted_across_owning_features[0m
2026-09-10T16:43:51.3109298Z [32;1m        PASS[0m [   0.010s] ( 747/2876) [35;1msparq-geo[0m [36mmetadata::tests[0m[36m::[0m[34;1mdegenerate_linestring_is_simple[0m
2026-09-10T16:43:51.3194861Z [32;1m        PASS[0m [   0.007s] ( 748/2876) [35;1msparq-geo[0m [36mmetadata::tests[0m[36m::[0m[34;1mhas_serialization_round_trips_to_wkt[0m
2026-09-10T16:43:51.3237575Z [32;1m        PASS[0m [   0.006s] ( 749/2876) [35;1msparq-geo[0m [36mmetadata::tests[0m[36m::[0m[34;1mnon_empty_is_not_empty[0m
2026-09-10T16:43:51.3299169Z [32;1m        PASS[0m [   0.006s] ( 750/2876) [35;1msparq-geo[0m [36mmetadata::tests[0m[36m::[0m[34;1msurfaces_are_simple[0m
2026-09-10T16:43:51.3463996Z [32;1m        PASS[0m [   0.013s] ( 751/2876) [35;1msparq-geo[0m [36mprovider::tests[0m[36m::[0m[34;1mdistance_from_non_geographic_constant_is_declined[0m
2026-09-10T16:43:51.3523833Z [32;1m        PASS[0m [   0.007s] ( 752/2876) [35;1msparq-geo[0m [36mprovider::tests[0m[36m::[0m[34;1mindex_accessor_borrows_the_inner_index[0m
2026-09-10T16:43:51.3556369Z [32;1m        PASS[0m [   0.006s] ( 753/2876) [35;1msparq-geo[0m [36mregistry::tests[0m[36m::[0m[34;1mbad_arguments_are_errs[0m
2026-09-10T16:43:51.3618838Z [32;1m        PASS[0m [   0.006s] ( 754/2876) [35;1msparq-geo[0m [36mregistry::tests[0m[36m::[0m[34;1mcache_entry_count_is_bounded_and_mru_survives[0m
2026-09-10T16:43:51.3793891Z [32;1m        PASS[0m [   0.016s] ( 755/2876) [35;1msparq-geo[0m [36mregistry::tests[0m[36m::[0m[34;1mconstant_relate_operand_is_prepared_once_across_rows[0m
2026-09-10T16:43:51.3853619Z [32;1m        PASS[0m [   0.006s] ( 756/2876) [35;1msparq-geo[0m [36mregistry::tests[0m[36m::[0m[34;1mget_srid_term_level[0m
2026-09-10T16:43:51.3913679Z [32;1m        PASS[0m [   0.005s] ( 757/2876) [35;1msparq-geo[0m [36mregistry::tests[0m[36m::[0m[34;1mmeasurement_functions_term_level[0m
2026-09-10T16:43:51.5781467Z [32;1m        PASS[0m [   0.188s] ( 758/2876) [35;1msparq-geo[0m [36mregistry::tests[0m[36m::[0m[34;1mprepared_relation_results_equal_unprepared_for_all_24_relations[0m
2026-09-10T16:43:51.5845284Z [32;1m        PASS[0m [   0.006s] ( 759/2876) [35;1msparq-geo[0m [36mregistry::tests[0m[36m::[0m[34;1mrelation_and_unary_term_level[0m
2026-09-10T16:43:51.5910451Z [32;1m        PASS[0m [   0.006s] ( 760/2876) [35;1msparq-geo[0m [36mregistry::tests[0m[36m::[0m[34;1msingle_use_relate_operands_are_never_prepared[0m
2026-09-10T16:43:51.6626435Z [32;1m        PASS[0m [   0.071s] ( 761/2876) [35;1msparq-geo::coverage_direct[0m [34;1mbbox_candidate_literals_superset_of_intersects[0m
2026-09-10T16:43:51.6690199Z [32;1m        PASS[0m [   0.006s] ( 762/2876) [35;1msparq-geo::coverage_direct[0m [34;1mboundary_of_multipolygon[0m
2026-09-10T16:43:51.6778749Z [32;1m        PASS[0m [   0.009s] ( 763/2876) [35;1msparq-geo::coverage_direct[0m [34;1mbuffer_at_pole_returns_unsupported[0m
2026-09-10T16:43:51.6841278Z [32;1m        PASS[0m [   0.006s] ( 764/2876) [35;1msparq-geo::coverage_direct[0m [34;1mdistance_meters_empty_geometry_error[0m
2026-09-10T16:43:51.6919297Z [32;1m        PASS[0m [   0.008s] ( 765/2876) [35;1msparq-geo::coverage_direct[0m [34;1mintersection_rect_with_triangle_covers_polygonal[0m
2026-09-10T16:43:51.6996096Z [32;1m        PASS[0m [   0.008s] ( 766/2876) [35;1msparq-geo::coverage_direct[0m [34;1mis_simple_multilinestring[0m
2026-09-10T16:43:51.7063634Z [32;1m        PASS[0m [   0.005s] ( 767/2876) [35;1msparq-geo::coverage_direct[0m [34;1mparse_geometry_literal_unsupported_datatype_errors[0m
2026-09-10T16:43:51.7110846Z [32;1m        PASS[0m [   0.005s] ( 768/2876) [35;1msparq-geo::coverage_direct[0m [34;1mtopological_dimension_empty_multilinestring_is_none[0m
2026-09-10T16:43:51.7183899Z [32;1m        PASS[0m [   0.005s] ( 769/2876) [35;1msparq-geo::coverage_direct[0m [34;1munion_with_empty_left_returns_right[0m
2026-09-10T16:43:51.7248380Z [32;1m        PASS[0m [   0.008s] ( 770/2876) [35;1msparq-geo::coverage_direct[0m [34;1mwithin_distance_literals_zero_radius[0m
2026-09-10T16:43:51.8124339Z [32;1m        PASS[0m [   0.083s] ( 771/2876) [35;1msparq-geo::de9im_differential[0m [34;1mde9im_relation_laws_hold_over_corpus[0m
2026-09-10T16:43:51.8157701Z [32;1m        PASS[0m [   0.008s] ( 772/2876) [35;1msparq-geo::distance_differential[0m [34;1mextended_distance_resolves_equirectangular_distortion[0m
2026-09-10T16:43:51.8389843Z [32;1m        PASS[0m [   0.023s] ( 773/2876) [35;1msparq-geo::e2e[0m [34;1mturtle_to_index_to_queries[0m
2026-09-10T16:43:51.8476663Z [32;1m        PASS[0m [   0.009s] ( 774/2876) [35;1msparq-geo::entailment[0m [34;1mowl_rl_entailment_superset_of_rdfs[0m
2026-09-10T16:43:51.9273558Z [32;1m        PASS[0m [   0.080s] ( 775/2876) [35;1msparq-geo::geof_metamorph[0m [34;1menvelope_is_idempotent[0m
2026-09-10T16:43:51.9827529Z [32;1m        PASS[0m [   0.055s] ( 776/2876) [35;1msparq-geo::geof_metamorph[0m [34;1mwithin_and_contains_are_dual[0m
2026-09-10T16:43:52.0010818Z [32;1m        PASS[0m [   0.018s] ( 777/2876) [35;1msparq-geo::gml[0m [34;1marc_string_densifies_to_linestring_within_tolerance[0m
2026-09-10T16:43:52.0115547Z [32;1m        PASS[0m [   0.011s] ( 778/2876) [35;1msparq-geo::gml[0m [34;1mcurve_with_linestring_segment_is_linear[0m
2026-09-10T16:43:52.0246248Z [32;1m        PASS[0m [   0.012s] ( 779/2876) [35;1msparq-geo::gml[0m [34;1menvelope_epsg4326_axis_swapped[0m
2026-09-10T16:43:52.0324166Z [32;1m        PASS[0m [   0.008s] ( 780/2876) [35;1msparq-geo::gml[0m [34;1mgml_multigeometry_with_members_parses[0m
2026-09-10T16:43:52.0388584Z [32;1m        PASS[0m [   0.007s] ( 781/2876) [35;1msparq-geo::gml[0m [34;1mnamespace_prefix_is_irrelevant[0m
2026-09-10T16:43:52.0465500Z [32;1m        PASS[0m [   0.008s] ( 782/2876) [35;1msparq-geo::gml[0m [34;1mparses_linestring_poslist[0m
2026-09-10T16:43:52.0525150Z [32;1m        PASS[0m [   0.006s] ( 783/2876) [35;1msparq-geo::gml[0m [34;1mparses_multipoint[0m
2026-09-10T16:43:52.0575921Z [32;1m        PASS[0m [   0.005s] ( 784/2876) [35;1msparq-geo::gml[0m [34;1mparses_point_pos_default_crs[0m
2026-09-10T16:43:52.0679903Z [32;1m        PASS[0m [   0.010s] ( 785/2876) [35;1msparq-geo::gml[0m [34;1mparses_polygon_with_interior_ring[0m
2026-09-10T16:43:52.1558253Z [32;1m        PASS[0m [   0.087s] ( 786/2876) [35;1msparq-geo::gml[0m [36msparql[0m[36m::[0m[34;1mgeof_buffer_of_gml_feeds_sf_within[0m
2026-09-10T16:43:52.1711445Z [32;1m        PASS[0m [   0.016s] ( 787/2876) [35;1msparq-geo::gml[0m [34;1msrs_name_crs84_default_equivalent[0m
2026-09-10T16:43:52.1819593Z [32;1m        PASS[0m [   0.011s] ( 788/2876) [35;1msparq-geo::gml[0m [34;1mthree_d_linestring_drops_z[0m
2026-09-10T16:43:52.1949377Z [32;1m        PASS[0m [   0.013s] ( 789/2876) [35;1msparq-geo::gml[0m [34;1mtwo_d_unchanged_when_no_srs_dimension[0m
2026-09-10T16:43:52.2279475Z [32;1m        PASS[0m [   0.033s] ( 790/2876) [35;1msparq-geo::index[0m [34;1mapply_delta_inserts_deletes_and_ownership_changes[0m
2026-09-10T16:43:52.3033133Z [32;1m        PASS[0m [   0.075s] ( 791/2876) [35;1msparq-geo::index[0m [34;1mintersects_matches_brute_force[0m
2026-09-10T16:43:52.3213998Z [32;1m        PASS[0m [   0.016s] ( 792/2876) [35;1msparq-geo::index[0m [34;1mnearest_with_k_larger_than_index[0m
2026-09-10T16:43:52.4564401Z [32;1m        PASS[0m [   0.136s] ( 793/2876) [35;1msparq-geo::index[0m [34;1mwithin_distance_matches_brute_force[0m
2026-09-10T16:43:52.4824038Z [32;1m        PASS[0m [   0.026s] ( 794/2876) [35;1msparq-geo::index_edge_paths[0m [34;1mintersects_wkt_rejects_malformed_wkt[0m
2026-09-10T16:43:52.4913909Z [32;1m        PASS[0m [   0.008s] ( 795/2876) [35;1msparq-geo::index_edge_paths[0m [34;1mwithin_distance_wkt_returns_known_point_in_radius[0m
2026-09-10T16:43:52.4954834Z [32;1m        PASS[0m [   0.006s] ( 796/2876) [35;1msparq-geo::measurements[0m [34;1mline_length_matches_haversine_oracle[0m
2026-09-10T16:43:52.5050691Z [32;1m        PASS[0m [   0.010s] ( 797/2876) [35;1msparq-geo::ogc_compliance_ratchet[0m [34;1mgml_equivalence_for_topology[0m
2026-09-10T16:43:52.5245951Z [32;1m        PASS[0m [   0.019s] ( 798/2876) [35;1msparq-geo::ogc_geosparql_requirements[0m [34;1mdistance_accuracy_boundary_is_as_documented[0m
2026-09-10T16:43:52.5985526Z [32;1m        PASS[0m [   0.072s] ( 799/2876) [35;1msparq-geo::ogc_geosparql_requirements[0m [34;1mrequirements_floor_is_consistent[0m
2026-09-10T16:43:52.6732190Z [32;1m        PASS[0m [   0.076s] ( 800/2876) [35;1msparq-geo::pushdown[0m [34;1mdistance_within_same_results_fewer_checks[0m
2026-09-10T16:43:52.6915501Z [32;1m        PASS[0m [   0.016s] ( 801/2876) [35;1msparq-geo::pushdown[0m [34;1mid_level_and_per_row_paths_agree_non_geographic_aswkt_literal_kept[0m
2026-09-10T16:43:52.7047277Z [32;1m        PASS[0m [   0.015s] ( 802/2876) [35;1msparq-geo::pushdown[0m [34;1mid_level_path_stays_consistent_after_apply_delta[0m
2026-09-10T16:43:52.7213874Z [32;1m        PASS[0m [   0.017s] ( 803/2876) [35;1msparq-geo::pushdown[0m [34;1mnon_metric_unit_declined_still_correct[0m
2026-09-10T16:43:52.7465810Z [32;1m        PASS[0m [   0.025s] ( 804/2876) [35;1msparq-geo::pushdown[0m [34;1mreversed_operand_exterior_stays_posthoc[0m
2026-09-10T16:43:52.8021539Z [32;1m        PASS[0m [   0.055s] ( 805/2876) [35;1msparq-geo::registry_sparql[0m [34;1mbuffer_through_sparql[0m
2026-09-10T16:43:52.8131754Z [32;1m        PASS[0m [   0.011s] ( 806/2876) [35;1msparq-geo::registry_sparql[0m [34;1mfilter_distance[0m
2026-09-10T16:43:52.8220783Z [32;1m        PASS[0m [   0.009s] ( 807/2876) [35;1msparq-geo::registry_sparql[0m [34;1mmetric_measurements_and_centroid_through_sparql[0m
2026-09-10T16:43:52.8308598Z [32;1m        PASS[0m [   0.008s] ( 808/2876) [35;1msparq-geo::registry_sparql[0m [34;1mselect_expression_boolean[0m
2026-09-10T16:43:52.8403774Z [32;1m        PASS[0m [   0.009s] ( 809/2876) [35;1msparq-geo::registry_sparql[0m [34;1mspatial_join_sf_within[0m
2026-09-10T16:43:52.8530167Z [32;1m        PASS[0m [   0.013s] ( 810/2876) [35;1msparq-geo::relations[0m [34;1mbuffer_metric_approximates_a_great_circle_disc[0m
2026-09-10T16:43:52.8591221Z [32;1m        PASS[0m [   0.006s] ( 811/2876) [35;1msparq-geo::relations[0m [34;1mdifference_line_minus_line[0m
2026-09-10T16:43:52.8653636Z [32;1m        PASS[0m [   0.005s] ( 812/2876) [35;1msparq-geo::relations[0m [34;1mdistance_between_extended_geometries_approximates_locally[0m
2026-09-10T16:43:52.8713454Z [32;1m        PASS[0m [   0.005s] ( 813/2876) [35;1msparq-geo::relations[0m [34;1mdistance_in_degrees_and_radians[0m
2026-09-10T16:43:52.8773469Z [32;1m        PASS[0m [   0.007s] ( 814/2876) [35;1msparq-geo::relations[0m [34;1megenhofer_and_rcc8_inverse_pairs_are_consistent[0m
2026-09-10T16:43:52.8833473Z [32;1m        PASS[0m [   0.005s] ( 815/2876) [35;1msparq-geo::relations[0m [34;1mget_srid_returns_the_crs_iri[0m
2026-09-10T16:43:52.8873662Z [32;1m        PASS[0m [   0.005s] ( 816/2876) [35;1msparq-geo::relations[0m [34;1mintersection_of_unequal_points_is_empty_not_error[0m
2026-09-10T16:43:52.8983798Z [32;1m        PASS[0m [   0.008s] ( 817/2876) [35;1msparq-geo::relations[0m [34;1mintersects_is_negation_of_disjoint_and_relations_are_consistent[0m
2026-09-10T16:43:52.9013463Z [32;1m        PASS[0m [   0.005s] ( 818/2876) [35;1msparq-geo::relations[0m [34;1mrelations_require_compatible_crs[0m
2026-09-10T16:43:52.9133653Z [32;1m        PASS[0m [   0.012s] ( 819/2876) [35;1msparq-geo::relations[0m [34;1msimple_features_truth_table[0m
2026-09-10T16:43:52.9193576Z [32;1m        PASS[0m [   0.006s] ( 820/2876) [35;1msparq-geo::relations[0m [34;1munion_same_dimension_operands[0m
2026-09-10T16:43:52.9276870Z [32;1m        PASS[0m [   0.009s] ( 821/2876) [35;1msparq-geo::simplify[0m [34;1mgeometry_collection_is_honestly_unsupported[0m
2026-09-10T16:43:52.9341125Z [32;1m        PASS[0m [   0.007s] ( 822/2876) [35;1msparq-geo::simplify[0m [34;1mpoint_is_returned_unchanged[0m
2026-09-10T16:43:52.9414164Z [32;1m        PASS[0m [   0.006s] ( 823/2876) [35;1msparq-geo::wkt[0m [34;1mepsg_4326_swaps_axis_order[0m
2026-09-10T16:43:52.9474248Z [32;1m        PASS[0m [   0.005s] ( 824/2876) [35;1msparq-geo::wkt[0m [34;1mparses_crs84_prefix[0m
2026-09-10T16:43:52.9523669Z [32;1m        PASS[0m [   0.005s] ( 825/2876) [35;1msparq-geo::wkt[0m [34;1mrejects_garbage_and_unterminated_crs[0m
2026-09-10T16:43:53.0043765Z [32;1m        PASS[0m [  12.385s] ( 826/2876) [35;1msparq-engine::differentials[0m [36mzk_trace_differential[0m[36m::[0m[34;1mdifferential_zk_on_equals_off_10k[0m
2026-09-10T16:43:53.0134442Z [32;1m        PASS[0m [   0.062s] ( 827/2876) [35;1msparq-geo::wkt_gml_roundtrip_prop[0m [34;1mmultilinestring_roundtrip[0m
2026-09-10T16:43:53.0291433Z [32;1m        PASS[0m [   0.025s] ( 828/2876) [35;1msparq-geo::wkt_gml_roundtrip_prop[0m [34;1mpoint_roundtrip[0m
2026-09-10T16:43:53.0331711Z [32;1m        PASS[0m [   0.004s] ( 829/2876) [35;1msparq-gpu[0m [36mcpu::tests[0m[36m::[0m[34;1mfilter_u32_boundary_is_half_open[0m
2026-09-10T16:43:53.0367298Z [32;1m        PASS[0m [   0.004s] ( 830/2876) [35;1msparq-gpu[0m [36mcpu::tests[0m[36m::[0m[34;1mgroup_aggregate_sum_exceeds_u32[0m
2026-09-10T16:43:53.0405933Z [32;1m        PASS[0m [   0.004s] ( 831/2876) [35;1msparq-gpu[0m [36mtests[0m[36m::[0m[34;1mhash32_is_deterministic_and_total_for_sampled_inputs[0m
2026-09-10T16:43:53.1154455Z [32;1m        PASS[0m [   0.074s] ( 832/2876) [35;1msparq-gpu::correctness[0m [34;1mfilter_f64_matches_cpu_including_ieee_edges[0m
2026-09-10T16:43:53.1224926Z [32;1m        PASS[0m [   0.008s] ( 833/2876) [35;1msparq-gpu::correctness[0m [34;1mhash_probe_matches_cpu[0m
2026-09-10T16:43:53.1280456Z [32;1m        PASS[0m [   0.006s] ( 834/2876) [35;1msparq-gpu::deferral_premise[0m [34;1mdependency_trip_wire_follows_renames_and_inherited_workspace_dependencies[0m
2026-09-10T16:43:53.1335037Z [32;1m        PASS[0m [   0.006s] ( 835/2876) [35;1msparq-gpu::deferral_premise[0m [34;1mthe_deferral_record_still_exists[0m
2026-09-10T16:43:53.1395075Z [32;1m        PASS[0m [   0.127s] ( 836/2876) [35;1msparq-gpu[0m [36mcpu::tests[0m[36m::[0m[34;1mbuild_hash_table_rejects_sentinel_key[0m
2026-09-10T16:43:53.1414772Z [32;1m        PASS[0m [   0.008s] ( 837/2876) [35;1msparq-hdt[0m [36mdecode::tests[0m[36m::[0m[34;1mdecode_vbyte_delta_multibyte[0m
2026-09-10T16:43:53.1473486Z [32;1m        PASS[0m [   0.006s] ( 838/2876) [35;1msparq-hdt[0m [36mtests[0m[36m::[0m[34;1merror_display_and_source_chain[0m
2026-09-10T16:43:53.1525082Z [32;1m        PASS[0m [   0.005s] ( 839/2876) [35;1msparq-hdt[0m [36mtests[0m[36m::[0m[34;1mprefix_is_chained_back_for_passthrough[0m
2026-09-10T16:43:53.1683988Z [32;1m        PASS[0m [   0.028s] ( 840/2876) [35;1msparq-hdt[0m [36mdecode::tests[0m[36m::[0m[34;1mparallel_matches_sequential_reference[0m
2026-09-10T16:43:53.2004628Z [32;1m        PASS[0m [   0.032s] ( 841/2876) [35;1msparq-hdt::decode_paths[0m [34;1msingle_threaded_pool_decode_matches_default[0m
2026-09-10T16:43:53.2015276Z [32;1m        PASS[0m [   0.049s] ( 842/2876) [35;1msparq-hdt::decode_paths[0m [34;1mmissing_order_property_is_rejected[0m
2026-09-10T16:43:53.2098076Z [32;1m        PASS[0m [   0.009s] ( 843/2876) [35;1msparq-hdt::decode_paths[0m [34;1mwrong_control_type_at_triples_position_is_rejected[0m
2026-09-10T16:43:53.2430079Z [32;1m        PASS[0m [   0.033s] ( 844/2876) [35;1msparq-hdt::roundtrip[0m [34;1mbzip2_hdt_loads_transparently[0m
2026-09-10T16:43:53.2609221Z [32;1m        PASS[0m [   0.018s] ( 845/2876) [35;1msparq-hdt::roundtrip[0m [34;1mdirect_decoder_matches_upstream_snikmeta[0m
2026-09-10T16:43:53.2829453Z [32;1m        PASS[0m [   0.022s] ( 846/2876) [35;1msparq-hdt::roundtrip[0m [34;1mgenerated_hdt_round_trips[0m
2026-09-10T16:43:53.2968855Z [32;1m        PASS[0m [   0.014s] ( 847/2876) [35;1msparq-hdt::roundtrip[0m [34;1mheader_exposes_dataset_metadata[0m
2026-09-10T16:43:53.3098078Z [32;1m        PASS[0m [   0.013s] ( 848/2876) [35;1msparq-hdt::roundtrip[0m [34;1mrejection_oracle_named_corruptions[0m
2026-09-10T16:43:53.3159472Z [32;1m        PASS[0m [   0.006s] ( 849/2876) [35;1msparq-hdt::roundtrip[0m [34;1mrejects_non_hdt_input[0m
2026-09-10T16:43:53.3214143Z [32;1m        PASS[0m [   0.005s] ( 850/2876) [35;1msparq-hdt::example/bench_load[0m [36mtests[0m[36m::[0m[34;1mresults_json_shape_and_keys[0m
2026-09-10T16:43:53.3290335Z [32;1m        PASS[0m [   0.005s] ( 851/2876) [35;1msparq-introspect[0m [36mtests[0m[36m::[0m[34;1mbudget_writer_finish_elision_marker_exact[0m
2026-09-10T16:43:53.3382744Z [32;1m        PASS[0m [   0.011s] ( 852/2876) [35;1msparq-introspect[0m [36mtests[0m[36m::[0m[34;1mcharacteristic_set_cap_aggregates_tail[0m
2026-09-10T16:43:53.3463792Z [32;1m        PASS[0m [   0.007s] ( 853/2876) [35;1msparq-introspect[0m [36mtests[0m[36m::[0m[34;1mcharacteristic_sets_exact[0m
2026-09-10T16:43:53.3539154Z [32;1m        PASS[0m [   0.009s] ( 854/2876) [35;1msparq-introspect[0m [36mtests[0m[36m::[0m[34;1mdomain_range_inference_and_declared[0m
2026-09-10T16:43:53.3612801Z [32;1m        PASS[0m [   0.007s] ( 855/2876) [35;1msparq-introspect[0m [36mtests[0m[36m::[0m[34;1mjoin_hints_cross_class_edges[0m
2026-09-10T16:43:53.3708280Z [32;1m        PASS[0m [   0.009s] ( 856/2876) [35;1msparq-introspect[0m [36mtests[0m[36m::[0m[34;1mminimalize_type_set_short_circuit_and_dedup[0m
2026-09-10T16:43:53.3776793Z [32;1m        PASS[0m [   0.007s] ( 857/2876) [35;1msparq-introspect[0m [36mtests[0m[36m::[0m[34;1mminimalize_types_tolerates_cycles[0m
2026-09-10T16:43:53.3856658Z [32;1m        PASS[0m [   0.008s] ( 858/2876) [35;1msparq-introspect[0m [36mtests[0m[36m::[0m[34;1mpredicate_profiles_kinds_datatypes_and_samples[0m
2026-09-10T16:43:53.3938285Z [32;1m        PASS[0m [   0.008s] ( 859/2876) [35;1msparq-introspect[0m [36mtests[0m[36m::[0m[34;1mschema_summary_for_seeds[0m
2026-09-10T16:43:53.4009493Z [32;1m        PASS[0m [   0.007s] ( 860/2876) [35;1msparq-introspect[0m [36mtests[0m[36m::[0m[34;1mshacl_maxcount_exact_triples_eq_subjects_guard[0m
2026-09-10T16:43:53.4107962Z [32;1m        PASS[0m [   0.010s] ( 861/2876) [35;1msparq-introspect[0m [36mtests[0m[36m::[0m[34;1msidecar_save_load_roundtrip[0m
2026-09-10T16:43:53.4224185Z [32;1m        PASS[0m [   0.009s] ( 862/2876) [35;1msparq-introspect[0m [36mtests[0m[36m::[0m[34;1mto_text_summary_coverage_pct_and_avg_mult_exact[0m
2026-09-10T16:43:53.4290077Z [32;1m        PASS[0m [   0.008s] ( 863/2876) [35;1msparq-introspect[0m [36mtests[0m[36m::[0m[34;1mvoid_exact_class_and_property_counts[0m
2026-09-10T16:43:53.4379553Z [32;1m        PASS[0m [   0.009s] ( 864/2876) [35;1msparq-introspect[0m [36mtests[0m[36m::[0m[34;1mvoid_with_cs_superset_and_carries_char_sets[0m
2026-09-10T16:43:53.4478520Z [32;1m        PASS[0m [   0.010s] ( 865/2876) [35;1msparq-introspect::error_paths_direct[0m [34;1mfrom_json_rejects_syntax_and_numeric_type_errors[0m
2026-09-10T16:43:53.4579104Z [32;1m        PASS[0m [   0.010s] ( 866/2876) [35;1msparq-introspect::facets[0m [34;1mexact_whole_class_and_constrained_facets_with_elision[0m
2026-09-10T16:43:53.6380834Z [32;1m        PASS[0m [   0.180s] ( 867/2876) [35;1msparq-introspect::facets_metamorph[0m [34;1madding_a_constraint_never_increases_facet_counts[0m
2026-09-10T16:43:53.6470978Z [32;1m        PASS[0m [   0.008s] ( 868/2876) [35;1msparq-introspect::sidecar_persistence[0m [34;1mjson_round_trip_is_byte_exact_and_malformed_json_is_rejected[0m
2026-09-10T16:43:53.6541896Z [32;1m        PASS[0m [   0.005s] ( 869/2876) [35;1msparq-introspect::example/olympics_introspect[0m [36mtests[0m[36m::[0m[34;1mjson_flag_extraction[0m
2026-09-10T16:43:53.6578220Z [32;1m        PASS[0m [   0.005s] ( 870/2876) [35;1msparq-jsonld[0m [36mcontext::inverse::tests[0m[36m::[0m[34;1mcompact_iri_base_relative_parent_traversal[0m
2026-09-10T16:43:53.6674476Z [32;1m        PASS[0m [   0.005s] ( 871/2876) [35;1msparq-jsonld[0m [36mcontext::inverse::tests[0m[36m::[0m[34;1mcompact_iri_basic_term_lookup_w3c_0002[0m
2026-09-10T16:43:53.6724321Z [32;1m        PASS[0m [   0.006s] ( 872/2876) [35;1msparq-jsonld[0m [36mcontext::inverse::tests[0m[36m::[0m[34;1mcompact_iri_index_guard_iri_keyed_term_regression[0m
2026-09-10T16:43:53.6753747Z [32;1m        PASS[0m [   0.005s] ( 873/2876) [35;1msparq-jsonld[0m [36mcontext::inverse::tests[0m[36m::[0m[34;1mcompact_iri_unknown_iri_returned_unchanged[0m
2026-09-10T16:43:53.6815125Z [32;1m        PASS[0m [   0.005s] ( 874/2876) [35;1msparq-jsonld[0m [36mcontext::inverse::tests[0m[36m::[0m[34;1minverse_ctx_language_mapped_term_in_language_submap[0m
2026-09-10T16:43:53.6863950Z [32;1m        PASS[0m [   0.005s] ( 875/2876) [35;1msparq-jsonld[0m [36mcontext::inverse::tests[0m[36m::[0m[34;1minverse_ctx_shorter_term_wins_over_longer[0m
2026-09-10T16:43:53.6903611Z [32;1m        PASS[0m [   0.005s] ( 876/2876) [35;1msparq-jsonld[0m [36mcontext::inverse::tests[0m[36m::[0m[34;1mselect_term_preference_order[0m
2026-09-10T16:43:53.6964261Z [32;1m        PASS[0m [   0.005s] ( 877/2876) [35;1msparq-jsonld[0m [36mcontext::iri::tests[0m[36m::[0m[34;1mbracket_gen_delims_are_tolerated_outside_the_authority[0m
2026-09-10T16:43:53.7024200Z [32;1m        PASS[0m [   0.005s] ( 878/2876) [35;1msparq-jsonld[0m [36mcontext::iri::tests[0m[36m::[0m[34;1mmalformed_percent_escapes_are_not_absolute_iris[0m
2026-09-10T16:43:53.7073664Z [32;1m        PASS[0m [   0.005s] ( 879/2876) [35;1msparq-jsonld[0m [36mcontext::iri::tests[0m[36m::[0m[34;1mrelativize_fragment_preservation[0m
2026-09-10T16:43:53.7111352Z [32;1m        PASS[0m [   0.005s] ( 880/2876) [35;1msparq-jsonld[0m [36mcontext::iri::tests[0m[36m::[0m[34;1mrelativize_query_preservation[0m
2026-09-10T16:43:53.7166523Z [32;1m        PASS[0m [   0.005s] ( 881/2876) [35;1msparq-jsonld[0m [36mcontext::iri::tests[0m[36m::[0m[34;1mrelativize_same_file[0m
2026-09-10T16:43:53.7223645Z [32;1m        PASS[0m [   0.005s] ( 882/2876) [35;1msparq-jsonld[0m [36mcontext::iri::tests[0m[36m::[0m[34;1mresolve_iri_matches_oxiri_on_shared_corpus[0m
2026-09-10T16:43:53.7274493Z [32;1m        PASS[0m [   0.005s] ( 883/2876) [35;1msparq-jsonld[0m [36mcontext::iri::tests[0m[36m::[0m[34;1mscheme_and_absolute_iri_predicates[0m
2026-09-10T16:43:53.7323960Z [32;1m        PASS[0m [   0.005s] ( 884/2876) [35;1msparq-jsonld[0m [36mcontext::iri::tests[0m[36m::[0m[34;1municode_iri_code_points_follow_ucschar[0m
2026-09-10T16:43:53.7384828Z [32;1m        PASS[0m [   0.005s] ( 885/2876) [35;1msparq-jsonld[0m [36mcontext::tests[0m[36m::[0m[34;1mclone_shares_term_definitions_and_mutation_does_not_alias[0m
2026-09-10T16:43:53.7463592Z [32;1m        PASS[0m [   0.006s] ( 886/2876) [35;1msparq-jsonld[0m [36mcontext::tests[0m[36m::[0m[34;1mkeyword_predicates[0m
2026-09-10T16:43:53.7492258Z [32;1m        PASS[0m [   0.005s] ( 887/2876) [35;1msparq-jsonld[0m [36mcontext::tests[0m[36m::[0m[34;1msame_except_protected_ignores_only_the_protected_flag[0m
2026-09-10T16:43:53.7536415Z [32;1m        PASS[0m [   0.005s] ( 888/2876) [35;1msparq-jsonld[0m [36merror::tests[0m[36m::[0m[34;1mcode_display_matches_as_str[0m
2026-09-10T16:43:53.7594255Z [32;1m        PASS[0m [   0.005s] ( 889/2876) [35;1msparq-jsonld[0m [36merror::tests[0m[36m::[0m[34;1mnew_carries_code_and_no_detail[0m
2026-09-10T16:43:53.7649700Z [32;1m        PASS[0m [   0.006s] ( 890/2876) [35;1msparq-jsonld[0m [36mexpand::tests[0m[36m::[0m[34;1mas_array_and_array_of_round_trip[0m
2026-09-10T16:43:53.7705299Z [32;1m        PASS[0m [   0.005s] ( 891/2876) [35;1msparq-jsonld[0m [36mexpand::tests[0m[36m::[0m[34;1mnull_and_scalar_predicates[0m
2026-09-10T16:43:53.7764929Z [32;1m        PASS[0m [   0.006s] ( 892/2876) [35;1msparq-jsonld[0m [36mexpand::tests[0m[36m::[0m[34;1mreverse_map_is_created_once[0m
2026-09-10T16:43:53.7831486Z [32;1m        PASS[0m [   0.006s] ( 893/2876) [35;1msparq-jsonld[0m [36mexpand::tests[0m[36m::[0m[34;1mtype_values_validates[0m
2026-09-10T16:43:53.7890865Z [32;1m        PASS[0m [   0.006s] ( 894/2876) [35;1msparq-jsonld[0m [36mflatten::tests[0m[36m::[0m[34;1mflatten_expanded_nests_out[0m
2026-09-10T16:43:53.7947123Z [32;1m        PASS[0m [   0.005s] ( 895/2876) [35;1msparq-jsonld[0m [36mframe::tests[0m[36m::[0m[34;1mframe_end_to_end_embeds_and_compacts[0m
2026-09-10T16:43:53.8001756Z [32;1m        PASS[0m [   0.005s] ( 896/2876) [35;1msparq-jsonld[0m [36mframe::tests[0m[36m::[0m[34;1mframe_expanded_prunes_single_use_bnode_ids[0m
2026-09-10T16:43:53.8054373Z [32;1m        PASS[0m [   0.005s] ( 897/2876) [35;1msparq-jsonld[0m [36mframe::tests[0m[36m::[0m[34;1mvalue_pattern_matching[0m
2026-09-10T16:43:53.8102046Z [32;1m        PASS[0m [   0.005s] ( 898/2876) [35;1msparq-jsonld[0m [36mjson::tests[0m[36m::[0m[34;1mget_borrows_member_or_none[0m
2026-09-10T16:43:53.8151406Z [32;1m        PASS[0m [   0.005s] ( 899/2876) [35;1msparq-jsonld[0m [36mjson::tests[0m[36m::[0m[34;1mparse_decodes_string_escapes_including_unicode_and_surrogates[0m
2026-09-10T16:43:53.8200974Z [32;1m        PASS[0m [   0.005s] ( 900/2876) [35;1msparq-jsonld[0m [36mjson::tests[0m[36m::[0m[34;1mparse_rejects_malformed_input[0m
2026-09-10T16:43:53.8248672Z [32;1m        PASS[0m [   0.005s] ( 901/2876) [35;1msparq-jsonld[0m [36mjson::tests[0m[36m::[0m[34;1mparse_scalars_are_preserved_as_raw_tokens[0m
2026-09-10T16:43:53.8295832Z [32;1m        PASS[0m [   0.005s] ( 902/2876) [35;1msparq-jsonld[0m [36mjson::tests[0m[36m::[0m[34;1mwrite_emits_canonical_minified_json_with_escaping[0m
2026-09-10T16:43:53.8344653Z [32;1m        PASS[0m [   0.005s] ( 903/2876) [35;1msparq-jsonld[0m [36mloader::tests[0m[36m::[0m[34;1mfs_loader_map_prefix_reads_a_local_fixture[0m
2026-09-10T16:43:53.8392925Z [32;1m        PASS[0m [   0.005s] ( 904/2876) [35;1msparq-jsonld[0m [36mloader::tests[0m[36m::[0m[34;1mnoop_loader_denies_every_load_fail_closed[0m
2026-09-10T16:43:53.8441059Z [32;1m        PASS[0m [   0.005s] ( 905/2876) [35;1msparq-jsonld[0m [36mnode_map::tests[0m[36m::[0m[34;1mblank_node_issuer_new_mints_and_reuses[0m
2026-09-10T16:43:53.8491591Z [32;1m        PASS[0m [   0.005s] ( 906/2876) [35;1msparq-jsonld[0m [36mnode_map::tests[0m[36m::[0m[34;1mgenerate_node_map_indexes_default_graph_node[0m
2026-09-10T16:43:53.8539988Z [32;1m        PASS[0m [   0.005s] ( 907/2876) [35;1msparq-jsonld[0m [36moptions::tests[0m[36m::[0m[34;1membed_flag_as_str[0m
2026-09-10T16:43:53.8588016Z [32;1m        PASS[0m [   0.005s] ( 908/2876) [35;1msparq-jsonld[0m [36moptions::tests[0m[36m::[0m[34;1mrdf_direction_as_str[0m
2026-09-10T16:43:53.8637266Z [32;1m        PASS[0m [   0.005s] ( 909/2876) [35;1msparq-jsonld::compact[0m [34;1mcompact_to_relative_false_keeps_absolute_ids[0m
2026-09-10T16:43:53.8686320Z [32;1m        PASS[0m [   0.005s] ( 910/2876) [35;1msparq-jsonld::compact[0m [34;1mempty_array_property_is_retained_as_an_empty_array[0m
2026-09-10T16:43:53.8736924Z [32;1m        PASS[0m [   0.005s] ( 911/2876) [35;1msparq-jsonld::compact[0m [34;1mgraph_index_container_indexless_graph_files_under_aliased_none[0m
2026-09-10T16:43:53.8782011Z [32;1m        PASS[0m [   0.005s] ( 912/2876) [35;1msparq-jsonld::compact[0m [34;1mid_typed_term_compacts_a_node_reference_to_a_string[0m
2026-09-10T16:43:53.8835517Z [32;1m        PASS[0m [   0.005s] ( 913/2876) [35;1msparq-jsonld::compact[0m [34;1minvalid_nest_value_is_raised[0m
2026-09-10T16:43:53.8887867Z [32;1m        PASS[0m [   0.005s] ( 914/2876) [35;1msparq-jsonld::compact[0m [34;1mkeyword_shaped_relative_reference_is_prefixed_with_dot_slash[0m
2026-09-10T16:43:53.8936009Z [32;1m        PASS[0m [   0.005s] ( 915/2876) [35;1msparq-jsonld::compact[0m [34;1mlanguage_mismatch_keeps_the_value_object[0m
2026-09-10T16:43:53.8987037Z [32;1m        PASS[0m [   0.005s] ( 916/2876) [35;1msparq-jsonld::compact[0m [34;1mlist_without_list_container_is_rewrapped_with_aliased_keywords[0m
2026-09-10T16:43:53.9034116Z [32;1m        PASS[0m [   0.005s] ( 917/2876) [35;1msparq-jsonld::compact[0m [34;1mmatching_type_with_unexpressed_index_keeps_the_value_object[0m
2026-09-10T16:43:53.9084210Z [32;1m        PASS[0m [   0.005s] ( 918/2876) [35;1msparq-jsonld::compact[0m [34;1mmulti_node_document_is_wrapped_under_aliased_graph[0m
2026-09-10T16:43:53.9132757Z [32;1m        PASS[0m [   0.005s] ( 919/2876) [35;1msparq-jsonld::compact[0m [34;1mnon_string_literals_compact_to_native_scalars[0m
2026-09-10T16:43:53.9181716Z [32;1m        PASS[0m [   0.005s] ( 920/2876) [35;1msparq-jsonld::compact[0m [34;1mpreserve_payload_is_compacted_in_place[0m
2026-09-10T16:43:53.9234588Z [32;1m        PASS[0m [   0.005s] ( 921/2876) [35;1msparq-jsonld::compact[0m [34;1mreverse_entries_redistribute_onto_reverse_terms[0m
2026-09-10T16:43:53.9299242Z [32;1m        PASS[0m [   0.005s] ( 922/2876) [35;1msparq-jsonld::compact[0m [34;1msimple_graph_with_multiple_nodes_wraps_in_included[0m
2026-09-10T16:43:53.9350565Z [32;1m        PASS[0m [   0.006s] ( 923/2876) [35;1msparq-jsonld::compact[0m [34;1mterm_compaction_embeds_the_caller_context[0m
2026-09-10T16:43:53.9433624Z [32;1m        PASS[0m [   0.005s] ( 924/2876) [35;1msparq-jsonld::compact[0m [34;1mtype_scoped_context_reverts_for_child_nodes[0m
2026-09-10T16:43:53.9463703Z [32;1m        PASS[0m [   0.005s] ( 925/2876) [35;1msparq-jsonld::compact[0m [34;1mvocab_relative_suffix_is_used_when_unambiguous[0m
2026-09-10T16:43:53.9513541Z [32;1m        PASS[0m [   0.005s] ( 926/2876) [35;1msparq-jsonld::context[0m [34;1mbase_is_set_reset_and_resolved_relatively[0m
2026-09-10T16:43:53.9573627Z [32;1m        PASS[0m [   0.005s] ( 927/2876) [35;1msparq-jsonld::context[0m [34;1mexpand_keywords_and_document_relative[0m
2026-09-10T16:43:53.9623602Z [32;1m        PASS[0m [   0.005s] ( 928/2876) [35;1msparq-jsonld::context[0m [34;1mexpand_simple_term_prefix_produces_compact_iri[0m
2026-09-10T16:43:53.9683582Z [32;1m        PASS[0m [   0.005s] ( 929/2876) [35;1msparq-jsonld::context[0m [34;1mimport_merges_a_remote_context_under_the_local_one[0m
2026-09-10T16:43:53.9733708Z [32;1m        PASS[0m [   0.005s] ( 930/2876) [35;1msparq-jsonld::context[0m [34;1minvalid_keyword_alias_to_context[0m
2026-09-10T16:43:53.9793666Z [32;1m        PASS[0m [   0.005s] ( 931/2876) [35;1msparq-jsonld::context[0m [34;1minvalid_reverse_property_with_id[0m
2026-09-10T16:43:53.9823613Z [32;1m        PASS[0m [   0.005s] ( 932/2876) [35;1msparq-jsonld::context[0m [34;1mkeyword_alias_definitions[0m
2026-09-10T16:43:53.9871887Z [32;1m        PASS[0m [   0.005s] ( 933/2876) [35;1msparq-jsonld::context[0m [34;1mnull_context_resets_terms[0m
2026-09-10T16:43:53.9917199Z [32;1m        PASS[0m [   0.004s] ( 934/2876) [35;1msparq-jsonld::context[0m [34;1mprocessing_mode_conflict_error[0m
2026-09-10T16:43:53.9967747Z [32;1m        PASS[0m [   0.005s] ( 935/2876) [35;1msparq-jsonld::context[0m [34;1mredefining_type_with_set_container_is_allowed[0m
2026-09-10T16:43:54.0021948Z [32;1m        PASS[0m [   0.005s] ( 936/2876) [35;1msparq-jsonld::context[0m [34;1mreverse_property_definition[0m
2026-09-10T16:43:54.0086856Z [32;1m        PASS[0m [   0.006s] ( 937/2876) [35;1msparq-jsonld::context[0m [34;1mterm_scoped_language_and_direction_are_tri_state[0m
2026-09-10T16:43:54.0155068Z [32;1m        PASS[0m [   0.006s] ( 938/2876) [35;1msparq-jsonld::edge_min_inputs[0m [34;1mempty_object_context_is_not_embedded_by_compact_expanded[0m
2026-09-10T16:43:54.0214969Z [32;1m        PASS[0m [   0.006s] ( 939/2876) [35;1msparq-jsonld::edge_min_inputs[0m [34;1mnull_and_empty_array_expand_to_empty_arrays[0m
2026-09-10T16:43:54.0284431Z [32;1m        PASS[0m [   0.005s] ( 940/2876) [35;1msparq-jsonld::expand[0m [34;1mcolliding_keywords[0m
2026-09-10T16:43:54.0332016Z [32;1m        PASS[0m [   0.005s] ( 941/2876) [35;1msparq-jsonld::expand[0m [34;1mcontainer_string_is_still_valid_in_1_0_mode[0m
2026-09-10T16:43:54.0370567Z [32;1m        PASS[0m [   0.005s] ( 942/2876) [35;1msparq-jsonld::expand[0m [34;1mdatatype_iri_with_a_structurally_invalid_authority_is_rejected[0m
2026-09-10T16:43:54.0433926Z [32;1m        PASS[0m [   0.005s] ( 943/2876) [35;1msparq-jsonld::expand[0m [34;1mfree_floating_id_only_node_is_dropped[0m
2026-09-10T16:43:54.0482076Z [32;1m        PASS[0m [   0.005s] ( 944/2876) [35;1msparq-jsonld::expand[0m [34;1mid_coercion_keyword_shaped_scalar_and_arrays_retain_null_id[0m
2026-09-10T16:43:54.0539393Z [32;1m        PASS[0m [   0.006s] ( 945/2876) [35;1msparq-jsonld::expand[0m [34;1mincluded_value_must_be_a_node_object[0m
2026-09-10T16:43:54.0599685Z [32;1m        PASS[0m [   0.006s] ( 946/2876) [35;1msparq-jsonld::expand[0m [34;1minvalid_language_tagged_string[0m
2026-09-10T16:43:54.0659171Z [32;1m        PASS[0m [   0.006s] ( 947/2876) [35;1msparq-jsonld::expand[0m [34;1minvalid_type_value[0m
2026-09-10T16:43:54.0718256Z [32;1m        PASS[0m [   0.006s] ( 948/2876) [35;1msparq-jsonld::expand[0m [34;1miri_shaped_term_may_not_be_remapped_onto_a_keyword_in_1_1[0m
2026-09-10T16:43:54.0787461Z [32;1m        PASS[0m [   0.007s] ( 949/2876) [35;1msparq-jsonld::expand[0m [34;1mkeyword_aliases_for_id_and_type[0m
2026-09-10T16:43:54.0847739Z [32;1m        PASS[0m [   0.006s] ( 950/2876) [35;1msparq-jsonld::expand[0m [34;1mnest_flattens_into_parent[0m
2026-09-10T16:43:54.0914298Z [32;1m        PASS[0m [   0.005s] ( 951/2876) [35;1msparq-jsonld::expand[0m [34;1mnumber_and_boolean_values_have_no_language[0m
2026-09-10T16:43:54.0980510Z [32;1m        PASS[0m [   0.005s] ( 952/2876) [35;1msparq-jsonld::expand[0m [34;1mproperty_scoped_context[0m
2026-09-10T16:43:54.1019907Z [32;1m        PASS[0m [   0.006s] ( 953/2876) [35;1msparq-jsonld::expand[0m [34;1mproperty_valued_index_on_value_object_errors[0m
2026-09-10T16:43:54.1086462Z [32;1m        PASS[0m [   0.006s] ( 954/2876) [35;1msparq-jsonld::expand[0m [34;1mrelative_vocab_is_accepted_in_1_1_mode[0m
2026-09-10T16:43:54.1143139Z [32;1m        PASS[0m [   0.005s] ( 955/2876) [35;1msparq-jsonld::expand[0m [34;1mreverse_property_term[0m
2026-09-10T16:43:54.1205148Z [32;1m        PASS[0m [   0.006s] ( 956/2876) [35;1msparq-jsonld::expand[0m [34;1msimple_terms_and_id_coercion[0m
2026-09-10T16:43:54.1268949Z [32;1m        PASS[0m [   0.007s] ( 957/2876) [35;1msparq-jsonld::expand[0m [34;1mtop_level_scalar_expands_to_empty_array[0m
2026-09-10T16:43:54.1320365Z [32;1m        PASS[0m [   0.005s] ( 958/2876) [35;1msparq-jsonld::expand[0m [34;1mtype_map_none_alias_adds_no_type[0m
2026-09-10T16:43:54.1396362Z [32;1m        PASS[0m [   0.007s] ( 959/2876) [35;1msparq-jsonld::expand[0m [34;1mvalue_object_type_and_direction_are_exclusive[0m
2026-09-10T16:43:54.1484499Z [32;1m        PASS[0m [   0.008s] ( 960/2876) [35;1msparq-jsonld::expand[0m [34;1mwell_formed_percent_encoded_and_unicode_datatype_iris_are_accepted[0m
2026-09-10T16:43:54.1545130Z [32;1m        PASS[0m [   0.006s] ( 961/2876) [35;1msparq-jsonld::flatten[0m [34;1mnative_flatten_matches_w3c_suite[0m
2026-09-10T16:43:54.1607557Z [32;1m        PASS[0m [   0.006s] ( 962/2876) [35;1msparq-jsonld::frame[0m [34;1membed_last_keeps_only_last[0m
2026-09-10T16:43:54.1688330Z [32;1m        PASS[0m [   0.008s] ( 963/2876) [35;1msparq-jsonld::frame[0m [34;1mframing_error_codes[0m
2026-09-10T16:43:54.1766946Z [32;1m        PASS[0m [   0.008s] ( 964/2876) [35;1msparq-jsonld::frame[0m [34;1momit_graph_shaping[0m
2026-09-10T16:43:54.1823791Z [32;1m        PASS[0m [   0.005s] ( 965/2876) [35;1msparq-jsonld::frame[0m [34;1mtype_match_embeds_referenced_node[0m
2026-09-10T16:43:54.1896689Z [32;1m        PASS[0m [   0.007s] ( 966/2876) [35;1msparq-jsonld::from_rdf[0m [34;1mcompound_literal_collapses_into_a_value_object[0m
2026-09-10T16:43:54.1960407Z [32;1m        PASS[0m [   0.006s] ( 967/2876) [35;1msparq-jsonld::from_rdf[0m [34;1mcross_graph_shared_cell_stays_plain[0m
2026-09-10T16:43:54.2029029Z [32;1m        PASS[0m [   0.007s] ( 968/2876) [35;1msparq-jsonld::from_rdf[0m [34;1mfrom_rdf_empty_dataset_yields_the_empty_expanded_document[0m
2026-09-10T16:43:54.2084027Z [32;1m        PASS[0m [   0.006s] ( 969/2876) [35;1msparq-jsonld::from_rdf[0m [34;1mgroups_by_subject_with_types_and_deduplicates_quads[0m
2026-09-10T16:43:54.2146928Z [32;1m        PASS[0m [   0.006s] ( 970/2876) [35;1msparq-jsonld::from_rdf[0m [34;1mjson_literal_stays_typed_in_json_ld_10_mode[0m
2026-09-10T16:43:54.2209792Z [32;1m        PASS[0m [   0.006s] ( 971/2876) [35;1msparq-jsonld::from_rdf[0m [34;1mmalformed_json_literal_raises_invalid_json_literal[0m
2026-09-10T16:43:54.2271016Z [32;1m        PASS[0m [   0.006s] ( 972/2876) [35;1msparq-jsonld::from_rdf[0m [34;1mnested_lists_reconstruct_recursively[0m
2026-09-10T16:43:54.2329570Z [32;1m        PASS[0m [   0.006s] ( 973/2876) [35;1msparq-jsonld::from_rdf[0m [34;1moutput_is_the_json_arr_variant[0m
2026-09-10T16:43:54.2384202Z [32;1m        PASS[0m [   0.005s] ( 974/2876) [35;1msparq-jsonld::from_rdf[0m [34;1mrdf_term_blank_constructor[0m
2026-09-10T16:43:54.2435980Z [32;1m        PASS[0m [   0.005s] ( 975/2876) [35;1msparq-jsonld::from_rdf[0m [34;1mrdf_term_literal_constructor[0m
2026-09-10T16:43:54.2489963Z [32;1m        PASS[0m [   0.006s] ( 976/2876) [35;1msparq-jsonld::from_rdf[0m [34;1mshared_compound_literal_is_not_converted[0m
2026-09-10T16:43:54.2560720Z [32;1m        PASS[0m [   0.007s] ( 977/2876) [35;1msparq-jsonld::from_rdf[0m [34;1mwell_formed_chain_collapses_into_a_list[0m
2026-09-10T16:43:54.2633726Z [32;1m        PASS[0m [   0.006s] ( 978/2876) [35;1msparq-jsonld::round_trip[0m [34;1mblank_node_cross_references_round_trip[0m
2026-09-10T16:43:54.2693567Z [32;1m        PASS[0m [   0.005s] ( 979/2876) [35;1msparq-jsonld::round_trip[0m [34;1mempty_context_round_trips[0m
2026-09-10T16:43:54.2749425Z [32;1m        PASS[0m [   0.005s] ( 980/2876) [35;1msparq-jsonld::round_trip[0m [34;1mid_and_vocab_coercions_round_trip[0m
2026-09-10T16:43:54.2783564Z [32;1m        PASS[0m [   0.005s] ( 981/2876) [35;1msparq-jsonld::round_trip[0m [34;1mjson_literal_round_trips[0m
2026-09-10T16:43:54.2856883Z [32;1m        PASS[0m [   0.006s] ( 982/2876) [35;1msparq-jsonld::round_trip[0m [34;1mlanguage_and_direction_round_trip[0m
2026-09-10T16:43:54.2913833Z [32;1m        PASS[0m [   0.005s] ( 983/2876) [35;1msparq-jsonld::round_trip[0m [34;1mmulti_node_document_round_trips_through_the_graph_wrap[0m
2026-09-10T16:43:54.2947439Z [32;1m        PASS[0m [   0.005s] ( 984/2876) [35;1msparq-jsonld::round_trip[0m [34;1mnest_grouping_round_trips[0m
2026-09-10T16:43:54.3005281Z [32;1m        PASS[0m [   0.006s] ( 985/2876) [35;1msparq-jsonld::round_trip[0m [34;1mset_container_and_empty_array_round_trip[0m
2026-09-10T16:43:54.3062276Z [32;1m        PASS[0m [   0.005s] ( 986/2876) [35;1msparq-jsonld::round_trip[0m [34;1munmatched_iri_falls_back_and_still_round_trips[0m
2026-09-10T16:43:54.3123076Z [32;1m        PASS[0m [   0.006s] ( 987/2876) [35;1msparq-jsonld::example/jsonld_conformance[0m [36mtests[0m[36m::[0m[34;1mcomparator_multiset_duplicates[0m
2026-09-10T16:43:54.3185464Z [32;1m        PASS[0m [   0.006s] ( 988/2876) [35;1msparq-jsonld::example/jsonld_conformance[0m [36mtests[0m[36m::[0m[34;1mmanifest_reader_fields[0m
2026-09-10T16:43:54.3240444Z [32;1m        PASS[0m [   0.005s] ( 989/2876) [35;1msparq-jsonld::example/jsonld_conformance[0m [36mtests[0m[36m::[0m[34;1mpass_rate_truncates_never_rounds_up[0m
2026-09-10T16:43:54.3299048Z [32;1m        PASS[0m [   0.006s] ( 990/2876) [35;1msparq-jsonld-registry::context_semantics[0m [34;1munknown_context_fails_closed[0m
2026-09-10T16:43:54.3348413Z [32;1m        PASS[0m [   0.005s] ( 991/2876) [35;1msparq-jsonld-registry::get_contract[0m [34;1mget_returns_parseable_json_for_every_registered_iri[0m
2026-09-10T16:43:54.3397625Z [32;1m        PASS[0m [   0.005s] ( 992/2876) [35;1msparq-jsonld-registry::registry_loader[0m [34;1mregistered_context_round_trips_vendored_bytes[0m
2026-09-10T16:43:54.3490379Z [32;1m        PASS[0m [   0.009s] ( 993/2876) [35;1msparq-kb[0m [36mvocab::tests[0m[36m::[0m[34;1mttl_pins_match_rust_constants[0m
2026-09-10T16:43:54.3556132Z [32;1m        PASS[0m [   0.007s] ( 994/2876) [35;1msparq-lws-core[0m [36macl_cache::tests[0m[36m::[0m[34;1mdisabled_cache_never_stores_and_always_misses[0m
2026-09-10T16:43:54.3618524Z [32;1m        PASS[0m [   0.006s] ( 995/2876) [35;1msparq-lws-core[0m [36macl_cache::tests[0m[36m::[0m[34;1minvalidate_removes_the_entry[0m
2026-09-10T16:43:54.3686356Z [32;1m        PASS[0m [   0.007s] ( 996/2876) [35;1msparq-lws-core[0m [36macl_cache::tests[0m[36m::[0m[34;1mrefresh_after_rotation_serves_new_parse[0m
2026-09-10T16:43:54.3750393Z [32;1m        PASS[0m [   0.006s] ( 997/2876) [35;1msparq-lws-core[0m [36mapp_wasm_native_tests::tests[0m[36m::[0m[34;1mapp_state_new_preserves_ldp_state[0m
2026-09-10T16:43:54.3893275Z [32;1m        PASS[0m [   0.014s] ( 998/2876) [35;1msparq-lws-core[0m [36mauth_cache::tests[0m[36m::[0m[34;1math_compat_absent_ok_present_wrong_rejected[0m
2026-09-10T16:43:54.4045760Z [32;1m        PASS[0m [   0.014s] ( 999/2876) [35;1msparq-lws-core[0m [36mauth_cache::tests[0m[36m::[0m[34;1mentry_older_than_validation_ttl_is_miss[0m
2026-09-10T16:43:54.4194014Z [32;1m        PASS[0m [   0.013s] (1000/2876) [35;1msparq-lws-core[0m [36mauth_cache::tests[0m[36m::[0m[34;1mfuture_proof_iat_rejected_on_hit[0m
2026-09-10T16:43:54.4334028Z [32;1m        PASS[0m [   0.013s] (1001/2876) [35;1msparq-lws-core[0m [36mauth_cache::tests[0m[36m::[0m[34;1mjti_shared_across_miss_and_hit_paths[0m
2026-09-10T16:43:54.4444437Z [32;1m        PASS[0m [   0.013s] (1002/2876) [35;1msparq-lws-core[0m [36mauth_cache::tests[0m[36m::[0m[34;1mreplayed_jti_rejected_on_hit[0m
2026-09-10T16:43:54.4533769Z [32;1m        PASS[0m [   0.007s] (1003/2876) [35;1msparq-lws-core[0m [36mauth_cache::tests[0m[36m::[0m[34;1mtoken_without_cnf_or_exp_not_cached[0m
2026-09-10T16:43:54.4663873Z [32;1m        PASS[0m [   0.014s] (1004/2876) [35;1msparq-lws-core[0m [36mauth_cache::tests[0m[36m::[0m[34;1mwrong_dpop_key_rejected_on_hit[0m
2026-09-10T16:43:54.4753921Z [32;1m        PASS[0m [   0.007s] (1005/2876) [35;1msparq-lws-core[0m [36mauth_wasm_native_tests::tests[0m[36m::[0m[34;1mis_public_tracks_webid_presence[0m
2026-09-10T16:43:54.4808338Z [32;1m        PASS[0m [   0.007s] (1006/2876) [35;1msparq-lws-core[0m [36mauthz::acl::tests[0m[36m::[0m[34;1magent_group_does_not_grant_membership_of_a_different_group[0m
2026-09-10T16:43:54.4893967Z [32;1m        PASS[0m [   0.008s] (1007/2876) [35;1msparq-lws-core[0m [36mauthz::acl::tests[0m[36m::[0m[34;1magent_group_iris_skips_rules_that_already_match_and_dedupes[0m
2026-09-10T16:43:54.4967151Z [32;1m        PASS[0m [   0.009s] (1008/2876) [35;1msparq-lws-core[0m [36mauthz::acl::tests[0m[36m::[0m[34;1magent_group_unresolved_never_matches_fail_closed[0m
2026-09-10T16:43:54.5056481Z [32;1m        PASS[0m [   0.009s] (1009/2876) [35;1msparq-lws-core[0m [36mauthz::acl::tests[0m[36m::[0m[34;1mdefault_scope_only_matches_acl_default[0m
2026-09-10T16:43:54.5140738Z [32;1m        PASS[0m [   0.008s] (1010/2876) [35;1msparq-lws-core[0m [36mauthz::acl::tests[0m[36m::[0m[34;1mgroup_has_member_matches_the_full_group_iri[0m
2026-09-10T16:43:54.5225042Z [32;1m        PASS[0m [   0.008s] (1011/2876) [35;1msparq-lws-core[0m [36mauthz::acl::tests[0m[36m::[0m[34;1mmultiple_acl_origin_values_any_one_matches[0m
2026-09-10T16:43:54.5314321Z [32;1m        PASS[0m [   0.008s] (1012/2876) [35;1msparq-lws-core[0m [36mauthz::acl::tests[0m[36m::[0m[34;1morigin_restricted_rule_grants_only_from_matching_origin[0m
2026-09-10T16:43:54.5379972Z [32;1m        PASS[0m [   0.007s] (1013/2876) [35;1msparq-lws-core[0m [36mauthz::acl::tests[0m[36m::[0m[34;1mrule_for_a_different_resource_does_not_apply[0m
2026-09-10T16:43:54.5458131Z [32;1m        PASS[0m [   0.008s] (1014/2876) [35;1msparq-lws-core[0m [36mauthz::mode::tests[0m[36m::[0m[34;1macl_iris_round_trip[0m
2026-09-10T16:43:54.5530563Z [32;1m        PASS[0m [   0.007s] (1015/2876) [35;1msparq-lws-core[0m [36mauthz::mode::tests[0m[36m::[0m[34;1mis_acl_auxiliary_suffix_does_not_guard_meta[0m
2026-09-10T16:43:54.5614953Z [32;1m        PASS[0m [   0.007s] (1016/2876) [35;1msparq-lws-core[0m [36mauthz::mode::tests[0m[36m::[0m[34;1mpost_to_container_is_append_else_write[0m
2026-09-10T16:43:54.5704003Z [32;1m        PASS[0m [   0.009s] (1017/2876) [35;1msparq-lws-core[0m [36mauthz::wac::tests[0m[36m::[0m[34;1macl_write_is_seen_by_next_cached_read_no_stale_grant[0m
2026-09-10T16:43:54.5813774Z [32;1m        PASS[0m [   0.011s] (1018/2876) [35;1msparq-lws-core[0m [36mauthz::wac::tests[0m[36m::[0m[34;1magent_group_planned_paths_match_the_sequential_walk[0m
2026-09-10T16:43:54.5883154Z [32;1m        PASS[0m [   0.008s] (1019/2876) [35;1msparq-lws-core[0m [36mauthz::wac::tests[0m[36m::[0m[34;1mancestors_for_a_container_start_at_parent[0m
2026-09-10T16:43:54.6039592Z [32;1m        PASS[0m [   0.015s] (1020/2876) [35;1msparq-lws-core[0m [36mauthz::wac::tests[0m[36m::[0m[34;1mauthorize_read_equivalence_across_cases[0m
2026-09-10T16:43:54.6124773Z [32;1m        PASS[0m [   0.008s] (1021/2876) [35;1msparq-lws-core[0m [36mauthz::wac::tests[0m[36m::[0m[34;1mdeleted_acl_is_not_resurrected_by_cache[0m
2026-09-10T16:43:54.6204962Z [32;1m        PASS[0m [   0.007s] (1022/2876) [35;1msparq-lws-core[0m [36mauthz::wac::tests[0m[36m::[0m[34;1mmalformed_own_acl_denies_does_not_inherit[0m
2026-09-10T16:43:54.6283985Z [32;1m        PASS[0m [   0.008s] (1023/2876) [35;1msparq-lws-core[0m [36mauthz::wac::tests[0m[36m::[0m[34;1mno_bypass_wrong_webid_or_anonymous_cannot_read_or_write[0m
2026-09-10T16:43:54.6964612Z [32;1m        PASS[0m [   0.068s] (1024/2876) [35;1msparq-lws-core[0m [36mauthz::wac::tests[0m[36m::[0m[34;1mplanned_authorize_is_decision_equivalent_across_modes_and_the_wac_matrix[0m
2026-09-10T16:43:54.7052403Z [32;1m        PASS[0m [   0.009s] (1025/2876) [35;1msparq-lws-core[0m [36mauthz::wac::tests[0m[36m::[0m[34;1mplanned_read_cached_acl_rotated_after_plan_uses_current_rules[0m
2026-09-10T16:43:54.7126440Z [32;1m        PASS[0m [   0.007s] (1026/2876) [35;1msparq-lws-core[0m [36mauthz::wac::tests[0m[36m::[0m[34;1mplanned_read_vanished_acl_falls_through_to_the_next_candidate[0m
2026-09-10T16:43:54.7177367Z [32;1m        PASS[0m [   0.005s] (1027/2876) [35;1msparq-lws-core[0m [36mauthz::wac::tests[0m[36m::[0m[34;1mread_plan_candidates_derive_from_the_protected_resource[0m
2026-09-10T16:43:54.7249954Z [32;1m        PASS[0m [   0.007s] (1028/2876) [35;1msparq-lws-core[0m [36mauthz::wac::tests[0m[36m::[0m[34;1mwac_allow_reflects_owner_full_and_public_subset[0m
2026-09-10T16:43:54.7306923Z [32;1m        PASS[0m [   0.006s] (1029/2876) [35;1msparq-lws-core[0m [36mauthz::wac_allow::tests[0m[36m::[0m[34;1mappend_only_is_not_expanded_to_write[0m
2026-09-10T16:43:54.7364510Z [32;1m        PASS[0m [   0.006s] (1030/2876) [35;1msparq-lws-core[0m [36mauthz::wac_allow::tests[0m[36m::[0m[34;1mfull_user_some_public[0m
2026-09-10T16:43:54.7424758Z [32;1m        PASS[0m [   0.006s] (1031/2876) [35;1msparq-lws-core[0m [36mbody_limit::tests[0m[36m::[0m[34;1mexplicit_positive_is_honoured[0m
2026-09-10T16:43:54.7478602Z [32;1m        PASS[0m [   0.005s] (1032/2876) [35;1msparq-lws-core[0m [36midentity::tests[0m[36m::[0m[34;1mconfig_rejects_bad_hosts_fail_closed[0m
2026-09-10T16:43:54.7532191Z [32;1m        PASS[0m [   0.005s] (1033/2876) [35;1msparq-lws-core[0m [36midentity::tests[0m[36m::[0m[34;1mreserved_path_predicate_leaves_normal_paths_alone[0m
2026-09-10T16:43:54.7581474Z [32;1m        PASS[0m [   0.005s] (1034/2876) [35;1msparq-lws-core[0m [36mldp::conditional::tests[0m[36m::[0m[34;1mempty_opaque_tag_matches_only_an_empty_current_tag[0m
2026-09-10T16:43:54.7631999Z [32;1m        PASS[0m [   0.005s] (1035/2876) [35;1msparq-lws-core[0m [36mldp::conditional::tests[0m[36m::[0m[34;1mif_match_rejects_a_weak_validator[0m
2026-09-10T16:43:54.7689220Z [32;1m        PASS[0m [   0.006s] (1036/2876) [35;1msparq-lws-core[0m [36mldp::conditional::tests[0m[36m::[0m[34;1mif_none_match_concrete_tag_blocks_on_match[0m
2026-09-10T16:43:54.7764974Z [32;1m        PASS[0m [   0.007s] (1037/2876) [35;1msparq-lws-core[0m [36mldp::conditional::tests[0m[36m::[0m[34;1mmalformed_if_none_match_never_matches_so_the_guard_proceeds[0m
2026-09-10T16:43:54.7831321Z [32;1m        PASS[0m [   0.006s] (1038/2876) [35;1msparq-lws-core[0m [36mldp::conditional::tests[0m[36m::[0m[34;1mno_preconditions_always_proceeds[0m
2026-09-10T16:43:54.7886133Z [32;1m        PASS[0m [   0.006s] (1039/2876) [35;1msparq-lws-core[0m [36mldp::conditional::tests[0m[36m::[0m[34;1mparse_http_date_rejects_malformed[0m
2026-09-10T16:43:54.7949602Z [32;1m        PASS[0m [   0.006s] (1040/2876) [35;1msparq-lws-core[0m [36mldp::conditional::tests[0m[36m::[0m[34;1mread_comparison_is_exact_per_representation[0m
2026-09-10T16:43:54.8034682Z [32;1m        PASS[0m [   0.006s] (1041/2876) [35;1msparq-lws-core[0m [36mldp::conditional::tests[0m[36m::[0m[34;1mread_if_modified_since_not_modified_is_304[0m
2026-09-10T16:43:54.8099388Z [32;1m        PASS[0m [   0.008s] (1042/2876) [35;1msparq-lws-core[0m [36mldp::conditional::tests[0m[36m::[0m[34;1mread_if_none_match_list_matches_any_member[0m
2026-09-10T16:43:54.8169114Z [32;1m        PASS[0m [   0.007s] (1043/2876) [35;1msparq-lws-core[0m [36mldp::conditional::tests[0m[36m::[0m[34;1mread_if_none_match_present_suppresses_if_modified_since[0m
2026-09-10T16:43:54.8234870Z [32;1m        PASS[0m [   0.006s] (1044/2876) [35;1msparq-lws-core[0m [36mldp::conditional::tests[0m[36m::[0m[34;1mread_no_preconditions_proceeds[0m
2026-09-10T16:43:54.8306565Z [32;1m        PASS[0m [   0.007s] (1045/2876) [35;1msparq-lws-core[0m [36mldp::conditional::tests[0m[36m::[0m[34;1mwildcard_is_only_the_whole_header_never_a_list_member[0m
2026-09-10T16:43:54.8393194Z [32;1m        PASS[0m [   0.008s] (1046/2876) [35;1msparq-lws-core[0m [36mldp::conditional::tests[0m[36m::[0m[34;1mwrite_if_match_still_rejects_a_weak_variant_tag[0m
2026-09-10T16:43:54.8449540Z [32;1m        PASS[0m [   0.005s] (1047/2876) [35;1msparq-lws-core[0m [36mldp::content::tests[0m[36m::[0m[34;1many_wildcard_covers_both_and_keeps_stored[0m
2026-09-10T16:43:54.8503267Z [32;1m        PASS[0m [   0.005s] (1048/2876) [35;1msparq-lws-core[0m [36mldp::content::tests[0m[36m::[0m[34;1mcompacting_an_empty_document_yields_the_empty_object[0m
2026-09-10T16:43:54.8565750Z [32;1m        PASS[0m [   0.006s] (1049/2876) [35;1msparq-lws-core[0m [36mldp::content::tests[0m[36m::[0m[34;1mexplicit_jsonld_wins_over_stored_turtle[0m
2026-09-10T16:43:54.8621671Z [32;1m        PASS[0m [   0.005s] (1050/2876) [35;1msparq-lws-core[0m [36mldp::content::tests[0m[36m::[0m[34;1mprofile_iris_come_from_the_vendored_implementation[0m
2026-09-10T16:43:54.8692867Z [32;1m        PASS[0m [   0.007s] (1051/2876) [35;1msparq-lws-core[0m [36mldp::content::tests[0m[36m::[0m[34;1mserialise_to_turtle_is_reparseable[0m
2026-09-10T16:43:54.8774054Z [32;1m        PASS[0m [   0.007s] (1052/2876) [35;1msparq-lws-core[0m [36mldp::content::tests[0m[36m::[0m[34;1mturtle_round_trips_through_jsonld_and_back[0m
2026-09-10T16:43:54.8833705Z [32;1m        PASS[0m [   0.007s] (1053/2876) [35;1msparq-lws-core[0m [36mldp::cors::tests[0m[36m::[0m[34;1mno_origin_request_gets_no_acao_but_vary_origin[0m
2026-09-10T16:43:54.8891656Z [32;1m        PASS[0m [   0.006s] (1054/2876) [35;1msparq-lws-core[0m [36mldp::cors::tests[0m[36m::[0m[34;1msimple_request_with_origin_gets_acao_expose_and_vary[0m
2026-09-10T16:43:54.8946507Z [32;1m        PASS[0m [   0.005s] (1055/2876) [35;1msparq-lws-core[0m [36mldp::handler::tests[0m[36m::[0m[34;1macl_url_is_the_dot_acl_sibling[0m
2026-09-10T16:43:54.9010171Z [32;1m        PASS[0m [   0.006s] (1056/2876) [35;1msparq-lws-core[0m [36mldp::handler::tests[0m[36m::[0m[34;1mcreate_authz_default_write_only_agent_denied_deep_ancestor_mint[0m
2026-09-10T16:43:54.9072052Z [32;1m        PASS[0m [   0.006s] (1057/2876) [35;1msparq-lws-core[0m [36mldp::handler::tests[0m[36m::[0m[34;1mcreate_authz_default_write_only_agent_denied_put_create[0m
2026-09-10T16:43:54.9140336Z [32;1m        PASS[0m [   0.007s] (1058/2876) [35;1msparq-lws-core[0m [36mldp::handler::tests[0m[36m::[0m[34;1mget_container_emits_no_last_modified[0m
2026-09-10T16:43:54.9223503Z [32;1m        PASS[0m [   0.007s] (1059/2876) [35;1msparq-lws-core[0m [36mldp::handler::tests[0m[36m::[0m[34;1mget_if_modified_since_far_future_is_304[0m
2026-09-10T16:43:54.9304040Z [32;1m        PASS[0m [   0.009s] (1060/2876) [35;1msparq-lws-core[0m [36mldp::handler::tests[0m[36m::[0m[34;1mget_if_modified_since_on_container_is_200_never_304[0m
2026-09-10T16:43:54.9394098Z [32;1m        PASS[0m [   0.009s] (1061/2876) [35;1msparq-lws-core[0m [36mldp::handler::tests[0m[36m::[0m[34;1mget_if_none_match_non_matching_is_200_with_body[0m
2026-09-10T16:43:54.9479911Z [32;1m        PASS[0m [   0.009s] (1062/2876) [35;1msparq-lws-core[0m [36mldp::handler::tests[0m[36m::[0m[34;1mget_jsonld_expanded_profile_echoes_profile_with_byte_identical_body[0m
2026-09-10T16:43:54.9573047Z [32;1m        PASS[0m [   0.009s] (1063/2876) [35;1msparq-lws-core[0m [36mldp::handler::tests[0m[36m::[0m[34;1mget_stored_tag_with_accept_jsonld_is_200_not_304[0m
2026-09-10T16:43:54.9653874Z [32;1m        PASS[0m [   0.008s] (1064/2876) [35;1msparq-lws-core[0m [36mldp::handler::tests[0m[36m::[0m[34;1minterned_type_link_values_match_reference_formatting[0m
2026-09-10T16:43:54.9734286Z [32;1m        PASS[0m [   0.008s] (1065/2876) [35;1msparq-lws-core[0m [36mldp::handler::tests[0m[36m::[0m[34;1mnegotiated_validator_is_profile_variant_specific_when_the_bytes_differ[0m
2026-09-10T16:43:54.9794156Z [32;1m        PASS[0m [   0.006s] (1066/2876) [35;1msparq-lws-core[0m [36mldp::handler::tests[0m[36m::[0m[34;1mpatch_authorized_caller_with_faulting_target_read_gets_500_surfaced_post_auth[0m
2026-09-10T16:43:54.9894229Z [32;1m        PASS[0m [   0.007s] (1067/2876) [35;1msparq-lws-core[0m [36mldp::handler::tests[0m[36m::[0m[34;1mpatch_propagates_non_notfound_read_error_does_not_treat_as_missing[0m
2026-09-10T16:43:54.9936774Z [32;1m        PASS[0m [   0.007s] (1068/2876) [35;1msparq-lws-core[0m [36mldp::handler::tests[0m[36m::[0m[34;1mplain_resource_advertises_only_ldp_resource_type[0m
2026-09-10T16:43:55.0084146Z [32;1m        PASS[0m [   0.011s] (1069/2876) [35;1msparq-lws-core[0m [36mldp::handler::tests[0m[36m::[0m[34;1mpost_slug_dot_acl_case_variant_is_also_denied[0m
2026-09-10T16:43:55.0153242Z [32;1m        PASS[0m [   0.010s] (1070/2876) [35;1msparq-lws-core[0m [36mldp::handler::tests[0m[36m::[0m[34;1mpost_slug_dot_meta_is_allowed_meta_is_not_load_bearing[0m
2026-09-10T16:43:55.0229081Z [32;1m        PASS[0m [   0.008s] (1071/2876) [35;1msparq-lws-core[0m [36mldp::handler::tests[0m[36m::[0m[34;1mput_create_of_normal_resource_does_emit_parent_containment_add[0m
2026-09-10T16:43:55.0311694Z [32;1m        PASS[0m [   0.008s] (1072/2876) [35;1msparq-lws-core[0m [36mldp::handler::tests[0m[36m::[0m[34;1mrender_container_dedups_large_stored_body_via_hashset_branch[0m
2026-09-10T16:43:55.0373333Z [32;1m        PASS[0m [   0.006s] (1073/2876) [35;1msparq-lws-core[0m [36mldp::handler::tests[0m[36m::[0m[34;1mrequire_content_type_distinguishes_absent_from_present[0m
2026-09-10T16:43:55.0657319Z [32;1m        PASS[0m [   0.028s] (1074/2876) [35;1msparq-lws-core[0m [36mldp::handler::tests[0m[36m::[0m[34;1msparql_snapshot_read_guard_blocks_an_ldp_write_guard[0m
2026-09-10T16:43:55.0736462Z [32;1m        PASS[0m [   0.008s] (1075/2876) [35;1msparq-lws-core[0m [36mldp::handler::tests[0m[36m::[0m[34;1munauthorized_caller_gets_denial_not_304_no_existence_leak[0m
2026-09-10T16:43:55.0820325Z [32;1m        PASS[0m [   0.008s] (1076/2876) [35;1msparq-lws-core[0m [36mldp::handler::tests[0m[36m::[0m[34;1mv2_post_location_shape_is_collision_independent[0m
2026-09-10T16:43:55.0890980Z [32;1m        PASS[0m [   0.007s] (1077/2876) [35;1msparq-lws-core[0m [36mldp::handler::tests[0m[36m::[0m[34;1mv4_control_only_holder_conditional_acl_write_is_not_wrongly_denied[0m
2026-09-10T16:43:55.0967238Z [32;1m        PASS[0m [   0.008s] (1078/2876) [35;1msparq-lws-core[0m [36mldp::handler::tests[0m[36m::[0m[34;1mv4_write_without_read_conditional_delete_is_denied[0m
2026-09-10T16:43:55.1057958Z [32;1m        PASS[0m [   0.009s] (1079/2876) [35;1msparq-lws-core[0m [36mldp::handler::tests[0m[36m::[0m[34;1mv4_write_without_read_unconditional_put_still_succeeds[0m
2026-09-10T16:43:55.1151722Z [32;1m        PASS[0m [   0.009s] (1080/2876) [35;1msparq-lws-core[0m [36mldp::handler::tests[0m[36m::[0m[34;1mv6_post_append_only_dropbox_create_into_existing_container_still_201[0m
2026-09-10T16:43:55.1221024Z [32;1m        PASS[0m [   0.007s] (1081/2876) [35;1msparq-lws-core[0m [36mldp::handler::tests[0m[36m::[0m[34;1mv6_post_default_append_dropbox_existence_oracle_closed[0m
2026-09-10T16:43:55.1313988Z [32;1m        PASS[0m [   0.008s] (1082/2876) [35;1msparq-lws-core[0m [36mldp::handler::tests[0m[36m::[0m[34;1mv6_post_write_without_read_non_container_branch_closed[0m
2026-09-10T16:43:55.1376093Z [32;1m        PASS[0m [   0.007s] (1083/2876) [35;1msparq-lws-core[0m [36mldp::handler::tests[0m[36m::[0m[34;1mwhere_patch_is_not_an_existence_oracle_present_vs_absent_byte_identical[0m
2026-09-10T16:43:55.1441762Z [32;1m        PASS[0m [   0.007s] (1084/2876) [35;1msparq-lws-core[0m [36mldp::patch::tests[0m[36m::[0m[34;1mblank_node_in_delete_template_is_422[0m
2026-09-10T16:43:55.1508315Z [32;1m        PASS[0m [   0.006s] (1085/2876) [35;1msparq-lws-core[0m [36mldp::patch::tests[0m[36m::[0m[34;1mempty_patch_is_rejected[0m
2026-09-10T16:43:55.1573865Z [32;1m        PASS[0m [   0.006s] (1086/2876) [35;1msparq-lws-core[0m [36mldp::patch::tests[0m[36m::[0m[34;1minstantiate_rejects_quoted_triple_subject_binding[0m
2026-09-10T16:43:55.1638387Z [32;1m        PASS[0m [   0.006s] (1087/2876) [35;1msparq-lws-core[0m [36mldp::patch::tests[0m[36m::[0m[34;1mparses_insert_and_delete[0m
2026-09-10T16:43:55.1695492Z [32;1m        PASS[0m [   0.006s] (1088/2876) [35;1msparq-lws-core[0m [36mldp::patch::tests[0m[36m::[0m[34;1msparql_update_accepts_trailing_semicolon[0m
2026-09-10T16:43:55.1752663Z [32;1m        PASS[0m [   0.006s] (1089/2876) [35;1msparq-lws-core[0m [36mldp::patch::tests[0m[36m::[0m[34;1munbound_template_variable_is_422[0m
2026-09-10T16:43:55.1821701Z [32;1m        PASS[0m [   0.007s] (1090/2876) [35;1msparq-lws-core[0m [36mldp::patch::tests[0m[36m::[0m[34;1mwhere_blank_node_is_existential_variable[0m
2026-09-10T16:43:55.1910912Z [32;1m        PASS[0m [   0.007s] (1091/2876) [35;1msparq-lws-core[0m [36mldp::patch::tests[0m[36m::[0m[34;1mwhere_conjunctive_join_on_shared_var[0m
2026-09-10T16:43:55.1973478Z [32;1m        PASS[0m [   0.007s] (1092/2876) [35;1msparq-lws-core[0m [36mldp::patch::tests[0m[36m::[0m[34;1mwhere_repeated_blank_label_unifies_as_join[0m
2026-09-10T16:43:55.2036373Z [32;1m        PASS[0m [   0.006s] (1093/2876) [35;1msparq-lws-core[0m [36mldp::range::tests[0m[36m::[0m[34;1mclosed_range[0m
2026-09-10T16:43:55.2086652Z [32;1m        PASS[0m [   0.005s] (1094/2876) [35;1msparq-lws-core[0m [36mldp::range::tests[0m[36m::[0m[34;1minverted_range_is_ignored[0m
2026-09-10T16:43:55.2143599Z [32;1m        PASS[0m [   0.005s] (1095/2876) [35;1msparq-lws-core[0m [36mldp::range::tests[0m[36m::[0m[34;1mno_range_is_full[0m
2026-09-10T16:43:55.2197077Z [32;1m        PASS[0m [   0.005s] (1096/2876) [35;1msparq-lws-core[0m [36mldp::range::tests[0m[36m::[0m[34;1mstart_past_end_is_unsatisfiable[0m
2026-09-10T16:43:55.2263060Z [32;1m        PASS[0m [   0.006s] (1097/2876) [35;1msparq-lws-core[0m [36mldp::range::tests[0m[36m::[0m[34;1mzero_length_resource_is_unsatisfiable[0m
2026-09-10T16:43:55.2324175Z [32;1m        PASS[0m [   0.006s] (1098/2876) [35;1msparq-lws-core[0m [36mnotifications::activity::tests[0m[36m::[0m[34;1meach_activity_serialises_to_its_verb[0m
2026-09-10T16:43:55.2391260Z [32;1m        PASS[0m [   0.007s] (1099/2876) [35;1msparq-lws-core[0m [36mnotifications::tests[0m[36m::[0m[34;1mcreate_fans_to_resource_and_parent_membership[0m
2026-09-10T16:43:55.3001845Z [32;1m        PASS[0m [   0.060s] (1100/2876) [35;1msparq-lws-core[0m [36mnotifications::tests[0m[36m::[0m[34;1mminted_receive_token_validates_for_its_bound_topic[0m
2026-09-10T16:43:55.3376013Z [32;1m        PASS[0m [   2.136s] (1101/2876) [35;1msparq-hdt::error_paths[0m [34;1mevery_truncated_prefix_is_rejected_without_panicking[0m
2026-09-10T16:43:55.3479567Z [32;1m        PASS[0m [   0.049s] (1102/2876) [35;1msparq-lws-core[0m [36mnotifications::tests[0m[36m::[0m[34;1mreceive_token_rejects_expired[0m
2026-09-10T16:43:55.3529451Z [32;1m        PASS[0m [   0.005s] (1103/2876) [35;1msparq-lws-core[0m [36mnotifications::ws::tests[0m[36m::[0m[34;1mencode_query_value_escapes_reserved[0m
2026-09-10T16:43:55.3581073Z [32;1m        PASS[0m [   0.005s] (1104/2876) [35;1msparq-lws-core[0m [36mnotifications::ws::tests[0m[36m::[0m[34;1mreceive_from_maps_https_to_wss[0m
2026-09-10T16:43:55.3631629Z [32;1m        PASS[0m [   0.005s] (1105/2876) [35;1msparq-lws-core[0m [36mnotifications::ws::tests[0m[36m::[0m[34;1msubscribe_handler_rejects_anonymous[0m
2026-09-10T16:43:55.3680635Z [32;1m        PASS[0m [   0.005s] (1106/2876) [35;1msparq-lws-core[0m [36mnotifications::ws::tests[0m[36m::[0m[34;1msubscription_service_url_is_absolute[0m
2026-09-10T16:43:55.3732464Z [32;1m        PASS[0m [   0.005s] (1107/2876) [35;1msparq-lws-core[0m [36moverload::tests[0m[36m::[0m[34;1mjittered_retry_after_within_bounds[0m
2026-09-10T16:43:55.3781157Z [32;1m        PASS[0m [   0.005s] (1108/2876) [35;1msparq-lws-core[0m [36moverload::tests[0m[36m::[0m[34;1mmetrics_track_in_flight_via_guard[0m
2026-09-10T16:43:55.3831901Z [32;1m        PASS[0m [   0.005s] (1109/2876) [35;1msparq-lws-core[0m [36mpop::cert_bound::tests[0m[36m::[0m[34;1mconfirmed_when_presented_matches_expected[0m
2026-09-10T16:43:55.3879113Z [32;1m        PASS[0m [   0.005s] (1110/2876) [35;1msparq-lws-core[0m [36mpop::cert_bound::tests[0m[36m::[0m[34;1mfrom_base64url_rejects_invalid_base64[0m
2026-09-10T16:43:55.3929458Z [32;1m        PASS[0m [   0.005s] (1111/2876) [35;1msparq-lws-core[0m [36mpop::cert_bound::tests[0m[36m::[0m[34;1mverify_accepts_thumbprint_decoded_from_the_wire[0m
2026-09-10T16:43:55.3938386Z [32;1m        PASS[0m [   0.056s] (1112/2876) [35;1msparq-lws-core[0m [36mnotifications::tests[0m[36m::[0m[34;1mreceive_tokens_are_unguessable_and_distinct[0m
2026-09-10T16:43:55.4004111Z [32;1m        PASS[0m [   0.006s] (1113/2876) [35;1msparq-lws-core[0m [36mpop::conn::tests[0m[36m::[0m[34;1mpeer_cert_der_trait_yields_the_presented_der[0m
2026-09-10T16:43:55.4054018Z [32;1m        PASS[0m [   0.007s] (1114/2876) [35;1msparq-lws-core[0m [36mpop::conn::tests[0m[36m::[0m[34;1macceptor_with_sk_flag_exports_ekm_under_the_dpop_sk_label[0m
2026-09-10T16:43:55.4064106Z [32;1m        PASS[0m [   0.006s] (1115/2876) [35;1msparq-lws-core[0m [36mpop::sk::derive::tests[0m[36m::[0m[34;1mappendix_a_confirm_value_matches[0m
2026-09-10T16:43:55.4074285Z [32;1m        PASS[0m [   0.008s] (1116/2876) [35;1msparq-lws-core[0m [36mpop::conn::tests[0m[36m::[0m[34;1msk_context_injects_conn_id_everywhere_but_ekm_only_on_establishment_path[0m
2026-09-10T16:43:55.4118419Z [32;1m        PASS[0m [   0.006s] (1117/2876) [35;1msparq-lws-core[0m [36mpop::sk::derive::tests[0m[36m::[0m[34;1mappendix_a_session_id_and_key_encodings_match[0m
2026-09-10T16:43:55.4146557Z [32;1m        PASS[0m [   0.007s] (1118/2876) [35;1msparq-lws-core[0m [36mpop::sk::derive::tests[0m[36m::[0m[34;1msecrets_debug_is_redacted[0m
2026-09-10T16:43:55.4224094Z [32;1m        PASS[0m [   0.009s] (1119/2876) [35;1msparq-lws-core[0m [36mpop::sk::handlers::tests[0m[36m::[0m[34;1msession_ids_are_distinct_and_urlsafe[0m
2026-09-10T16:43:55.4226498Z [32;1m        PASS[0m [   0.007s] (1120/2876) [35;1msparq-lws-core[0m [36mpop::sk::sig::tests[0m[36m::[0m[34;1mcovered_set_must_start_with_required_triple_in_order[0m
2026-09-10T16:43:55.4275389Z [32;1m        PASS[0m [   0.007s] (1121/2876) [35;1msparq-lws-core[0m [36mpop::sk::sig::tests[0m[36m::[0m[34;1mmissing_required_params_rejected[0m
2026-09-10T16:43:55.4294557Z [32;1m        PASS[0m [   0.006s] (1122/2876) [35;1msparq-lws-core[0m [36mpop::sk::sig::tests[0m[36m::[0m[34;1mnonce_strictness[0m
2026-09-10T16:43:55.4340963Z [32;1m        PASS[0m [   0.007s] (1123/2876) [35;1msparq-lws-core[0m [36mpop::sk::sig::tests[0m[36m::[0m[34;1mtwo_dpop_sk_tagged_members_are_rejected[0m
2026-09-10T16:43:55.4360830Z [32;1m        PASS[0m [   0.007s] (1124/2876) [35;1msparq-lws-core[0m [36mpop::sk::store::tests[0m[36m::[0m[34;1mcapacity_is_bounded_with_soonest_expiry_eviction[0m
2026-09-10T16:43:55.4412774Z [32;1m        PASS[0m [   0.006s] (1125/2876) [35;1msparq-lws-core[0m [36mpop::sk::tests[0m[36m::[0m[34;1menv_flag_default_off[0m
2026-09-10T16:43:55.4414391Z [32;1m        PASS[0m [   0.007s] (1126/2876) [35;1msparq-lws-core[0m [36mpop::sk::store::tests[0m[36m::[0m[34;1mid_collision_refused[0m
2026-09-10T16:43:55.4477197Z [32;1m        PASS[0m [   0.006s] (1127/2876) [35;1msparq-lws-core[0m [36mpop::sk::verify::tests[0m[36m::[0m[34;1mexpired_bound_token_denies_even_with_live_session[0m
2026-09-10T16:43:55.4523898Z [32;1m        PASS[0m [   0.010s] (1128/2876) [35;1msparq-lws-core[0m [36mpop::sk::verify::tests[0m[36m::[0m[34;1mconnection_pinned_session_requires_the_same_connection[0m
2026-09-10T16:43:55.4583977Z [32;1m        PASS[0m [   0.007s] (1129/2876) [35;1msparq-lws-core[0m [36mpop::sk::verify::tests[0m[36m::[0m[34;1mmutated_components_fail_the_hmac[0m
2026-09-10T16:43:55.4603817Z [32;1m        PASS[0m [   0.006s] (1130/2876) [35;1msparq-lws-core[0m [36mpop::sk::window::tests[0m[36m::[0m[34;1mbelow_window_is_rejected_even_if_never_seen[0m
2026-09-10T16:43:55.4627083Z [32;1m        PASS[0m [   0.007s] (1131/2876) [35;1msparq-lws-core[0m [36mpop::sk::window::tests[0m[36m::[0m[34;1mforged_traffic_cannot_advance_the_window[0m
2026-09-10T16:43:55.4653738Z [32;1m        PASS[0m [   0.006s] (1132/2876) [35;1msparq-lws-core[0m [36mpop::sk::window::tests[0m[36m::[0m[34;1mshift_by_multiples_of_64_and_large_jumps[0m
2026-09-10T16:43:55.4693440Z [32;1m        PASS[0m [   0.007s] (1133/2876) [35;1msparq-lws-core[0m [36mpop::tests[0m[36m::[0m[34;1mcert_bound_token_denied_on_wrong_cert[0m
2026-09-10T16:43:55.4698341Z [32;1m        PASS[0m [   0.006s] (1134/2876) [35;1msparq-lws-core[0m [36mpop::tests[0m[36m::[0m[34;1mdpop_token_always_routes_to_full_dpop_verify[0m
2026-09-10T16:43:55.4757965Z [32;1m        PASS[0m [   0.007s] (1135/2876) [35;1msparq-lws-core[0m [36mpop::tests[0m[36m::[0m[34;1munbound_token_routes_to_unbound[0m
2026-09-10T16:43:55.4781041Z [32;1m        PASS[0m [   0.008s] (1136/2876) [35;1msparq-lws-core[0m [36mrate_limit::tests[0m[36m::[0m[34;1mdoes_not_trip_at_modest_sequential_rate_under_default[0m
2026-09-10T16:43:55.4842243Z [32;1m        PASS[0m [   0.006s] (1137/2876) [35;1msparq-lws-core[0m [36mrate_limit::tests[0m[36m::[0m[34;1mlimited_response_is_429_with_retry_after_and_no_store[0m
2026-09-10T16:43:55.4894218Z [32;1m        PASS[0m [   0.005s] (1138/2876) [35;1msparq-lws-core[0m [36mrate_limit::tests[0m[36m::[0m[34;1mper_ip_isolation_a_floods_b_unaffected[0m
2026-09-10T16:43:55.4946705Z [32;1m        PASS[0m [   0.019s] (1139/2876) [35;1msparq-lws-core[0m [36mrate_limit::tests[0m[36m::[0m[34;1mhot_ip_throttle_survives_a_spray_of_cold_ips[0m
2026-09-10T16:43:55.4955205Z [32;1m        PASS[0m [   0.006s] (1140/2876) [35;1msparq-lws-core[0m [36mrate_limit::tests[0m[36m::[0m[34;1mrate_off_sentinel_disables[0m
2026-09-10T16:43:55.5019573Z [32;1m        PASS[0m [   0.006s] (1141/2876) [35;1msparq-lws-core[0m [36mrate_limit::tests[0m[36m::[0m[34;1mxff_ignored_by_default_spoof_does_not_dodge_limit[0m
2026-09-10T16:43:55.5034261Z [32;1m        PASS[0m [   0.007s] (1142/2876) [35;1msparq-lws-core[0m [36mrate_limit::tests[0m[36m::[0m[34;1mretry_after_within_bounds[0m
2026-09-10T16:43:55.5098054Z [32;1m        PASS[0m [   0.008s] (1143/2876) [35;1msparq-lws-core[0m [36mrate_limit::tests[0m[36m::[0m[34;1mxff_too_short_falls_back_to_peer[0m
2026-09-10T16:43:55.5123689Z [32;1m        PASS[0m [   0.008s] (1144/2876) [35;1msparq-lws-core[0m [36mseed::tests[0m[36m::[0m[34;1mdemo_seed_is_idempotent[0m
2026-09-10T16:43:55.5175003Z [32;1m        PASS[0m [   0.008s] (1145/2876) [35;1msparq-lws-core[0m [36mseed::tests[0m[36m::[0m[34;1midentity_seed_writes_locked_id_docs_outside_the_pod[0m
2026-09-10T16:43:55.5203968Z [32;1m        PASS[0m [   0.009s] (1146/2876) [35;1msparq-lws-core[0m [36mseed::tests[0m[36m::[0m[34;1mseeds_demo_playground_authenticated_write_public_read[0m
2026-09-10T16:43:55.5260544Z [32;1m        PASS[0m [   0.007s] (1147/2876) [35;1msparq-lws-core[0m [36mseed::tests[0m[36m::[0m[34;1mwebid_profile_is_valid_turtle[0m
2026-09-10T16:43:55.5295821Z [32;1m        PASS[0m [   0.010s] (1148/2876) [35;1msparq-lws-core[0m [36mstore::blob::tests[0m[36m::[0m[34;1mconcurrent_writes_get_unique_strictly_ordered_generations[0m
2026-09-10T16:43:55.5334309Z [32;1m        PASS[0m [   0.008s] (1149/2876) [35;1msparq-lws-core[0m [36mstore::body_cache::tests[0m[36m::[0m[34;1mbyte_budget_evicts_lru_first[0m
2026-09-10T16:43:55.5383787Z [32;1m        PASS[0m [   0.006s] (1150/2876) [35;1msparq-lws-core[0m [36mstore::body_cache::tests[0m[36m::[0m[34;1mdisabled_cache_never_stores_and_always_misses[0m
2026-09-10T16:43:55.5407133Z [32;1m        PASS[0m [   0.007s] (1151/2876) [35;1msparq-lws-core[0m [36mstore::body_cache::tests[0m[36m::[0m[34;1mmiss_on_empty_then_hit_after_insert_same_key[0m
2026-09-10T16:43:55.5449143Z [32;1m        PASS[0m [   0.009s] (1152/2876) [35;1msparq-lws-core[0m [36mstore::body_cache::tests[0m[36m::[0m[34;1mreplacement_of_the_same_key_does_not_leak_charge[0m
2026-09-10T16:43:55.5484024Z [32;1m        PASS[0m [   0.007s] (1153/2876) [35;1msparq-lws-core[0m [36mstore::counting::tests[0m[36m::[0m[34;1mcounters_pin_the_per_method_mapping[0m
2026-09-10T16:43:55.5515318Z [32;1m        PASS[0m [   0.006s] (1154/2876) [35;1msparq-lws-core[0m [36mstore::counting::tests[0m[36m::[0m[34;1mscope_opened_during_in_flight_counts_the_outstanding_concurrency[0m
2026-09-10T16:43:55.5733485Z [32;1m        PASS[0m [   0.021s] (1155/2876) [35;1msparq-lws-core[0m [36mstore::embedded::tests[0m[36m::[0m[34;1mdelete_meta_is_idempotent[0m
2026-09-10T16:43:55.5881722Z [32;1m        PASS[0m [   0.039s] (1156/2876) [35;1msparq-lws-core[0m [36mstore::embedded::tests[0m[36m::[0m[34;1mconcurrent_callers_are_serialised_and_every_write_lands[0m
2026-09-10T16:43:55.5938296Z [32;1m        PASS[0m [   0.020s] (1157/2876) [35;1msparq-lws-core[0m [36mstore::embedded::tests[0m[36m::[0m[34;1mput_then_get_meta_round_trips[0m
2026-09-10T16:43:55.5985063Z [32;1m        PASS[0m [   0.011s] (1158/2876) [35;1msparq-lws-core[0m [36mstore::embedded::tests[0m[36m::[0m[34;1mread_plan_rejects_invalid_iri_without_dispatching[0m
2026-09-10T16:43:55.6009386Z [32;1m        PASS[0m [   0.008s] (1159/2876) [35;1msparq-lws-core[0m [36mstore::reconcile::tests[0m[36m::[0m[34;1mcandidate_recreated_with_same_timestamp_but_new_generation_is_kept[0m
2026-09-10T16:43:55.6075332Z [32;1m        PASS[0m [   0.009s] (1160/2876) [35;1msparq-lws-core[0m [36mstore::reconcile::tests[0m[36m::[0m[34;1mcandidate_that_becomes_referenced_between_snapshot_and_delete_is_kept[0m
2026-09-10T16:43:55.6083608Z [32;1m        PASS[0m [   0.007s] (1161/2876) [35;1msparq-lws-core[0m [36mstore::reconcile::tests[0m[36m::[0m[34;1mdry_run_does_not_count_a_versioned_rewrite_as_would_delete[0m
2026-09-10T16:43:55.6164739Z [32;1m        PASS[0m [   0.007s] (1162/2876) [35;1msparq-lws-core[0m [36mstore::reconcile::tests[0m[36m::[0m[34;1midempotent_second_run_deletes_nothing[0m
2026-09-10T16:43:55.6189676Z [32;1m        PASS[0m [   0.007s] (1163/2876) [35;1msparq-lws-core[0m [36mstore::reconcile::tests[0m[36m::[0m[34;1mold_versionless_orphan_is_reclaimed_via_unconditional_delete[0m
2026-09-10T16:43:55.6243803Z [32;1m        PASS[0m [   0.007s] (1164/2876) [35;1msparq-lws-core[0m [36mstore::reconcile::tests[0m[36m::[0m[34;1mreport_counts_partition_correctly[0m
2026-09-10T16:43:55.6283186Z [32;1m        PASS[0m [   0.007s] (1165/2876) [35;1msparq-lws-core[0m [36mstore::reconcile::tests[0m[36m::[0m[34;1munreferenced_but_too_young_blob_is_kept[0m
2026-09-10T16:43:55.6293618Z [32;1m        PASS[0m [   0.006s] (1166/2876) [35;1msparq-lws-core[0m [36mstore::sparql::tests[0m[36m::[0m[34;1mask_contains_edge_targets_the_exact_edge[0m
2026-09-10T16:43:55.6338273Z [32;1m        PASS[0m [   0.007s] (1167/2876) [35;1msparq-lws-core[0m [36mstore::sparql::tests[0m[36m::[0m[34;1mbody_object_renders_each_term_safely[0m
2026-09-10T16:43:55.6354522Z [32;1m        PASS[0m [   0.007s] (1168/2876) [35;1msparq-lws-core[0m [36mstore::sparql::tests[0m[36m::[0m[34;1mcreate_child_rejects_an_invalid_child_iri[0m
2026-09-10T16:43:55.6368339Z [32;1m        PASS[0m [   0.007s] (1169/2876) [35;1msparq-lws-core[0m [36mstore::sparql::tests[0m[36m::[0m[34;1mdelete_container_if_empty_is_one_single_modify_not_a_sequence[0m
2026-09-10T16:43:55.6419628Z [32;1m        PASS[0m [   0.007s] (1170/2876) [35;1msparq-lws-core[0m [36mstore::sparql::tests[0m[36m::[0m[34;1mdelete_container_if_empty_rejects_an_invalid_parent_iri[0m
2026-09-10T16:43:55.6443908Z [32;1m        PASS[0m [   0.008s] (1171/2876) [35;1msparq-lws-core[0m [36mstore::sparql::tests[0m[36m::[0m[34;1minsert_body_data_rejects_reserved_term_collisions[0m
2026-09-10T16:43:55.6486729Z [32;1m        PASS[0m [   0.006s] (1172/2876) [35;1msparq-lws-core[0m [36mstore::sparql::tests[0m[36m::[0m[34;1miri_rejects_injection_delimiters[0m
2026-09-10T16:43:55.6531992Z [32;1m        PASS[0m [   0.009s] (1173/2876) [35;1msparq-lws-core[0m [36mstore::sparql::tests[0m[36m::[0m[34;1mput_meta_does_not_drop_the_whole_graph[0m
2026-09-10T16:43:55.6583932Z [32;1m        PASS[0m [   0.007s] (1174/2876) [35;1msparq-lws-core[0m [36mstore::sparql::tests[0m[36m::[0m[34;1mselect_meta_binds_modified_optionally[0m
2026-09-10T16:43:55.6614540Z [32;1m        PASS[0m [   0.007s] (1175/2876) [35;1msparq-lws-core[0m [36mstore::sparql::tests[0m[36m::[0m[34;1mselect_read_plan_is_one_query_over_all_candidates[0m
2026-09-10T16:43:55.6621489Z [32;1m        PASS[0m [   0.007s] (1176/2876) [35;1msparq-lws-core[0m [36mstore::tests[0m[36m::[0m[34;1mmint_blob_key_is_fallible_and_succeeds_on_a_working_os_rng[0m
2026-09-10T16:43:55.6701855Z [32;1m        PASS[0m [   0.007s] (1177/2876) [35;1msparq-lws-core[0m [36mstore::tests[0m[36m::[0m[34;1mvalidated_child_iri_accepts_valid_rejects_malformed[0m
2026-09-10T16:43:55.6707077Z [32;1m        PASS[0m [   0.007s] (1178/2876) [35;1msparq-lws-core[0m [36mstore::timestamp::tests[0m[36m::[0m[34;1mformats_canonical_utc[0m
2026-09-10T16:43:55.6749575Z [32;1m        PASS[0m [   0.007s] (1179/2876) [35;1msparq-lws-core[0m [36mstore::timestamp::tests[0m[36m::[0m[34;1mpre_epoch_is_none[0m
2026-09-10T16:43:55.6773525Z [32;1m        PASS[0m [   0.006s] (1180/2876) [35;1msparq-lws-core[0m [36mstore::timestamp::tests[0m[36m::[0m[34;1mround_trips_a_range_of_instants[0m
2026-09-10T16:43:55.6813007Z [32;1m        PASS[0m [   0.006s] (1181/2876) [35;1msparq-lws-core[0m [36mtls::tests[0m[36m::[0m[34;1mblank_value_counts_as_set_so_one_blank_is_incomplete[0m
2026-09-10T16:43:55.6885421Z [32;1m        PASS[0m [   0.007s] (1182/2876) [35;1msparq-lws-core[0m [36mtls::tests[0m[36m::[0m[34;1mcert_only_is_incomplete[0m
2026-09-10T16:43:55.6913734Z [32;1m        PASS[0m [   0.014s] (1183/2876) [35;1msparq-lws-core[0m [36mtls::tests[0m[36m::[0m[34;1mbuilt_config_advertises_h2_then_http11_alpn[0m
2026-09-10T16:43:55.6954013Z [32;1m        PASS[0m [   0.006s] (1184/2876) [35;1msparq-lws-core[0m [36mtls::tests[0m[36m::[0m[34;1mis_affirmative_grammar_matches_opt_in_only[0m
2026-09-10T16:43:55.7114320Z [32;1m        PASS[0m [   0.015s] (1185/2876) [35;1msparq-lws-core[0m [36mtls::tests[0m[36m::[0m[34;1mmtls_config_builds_optional_client_auth_and_keeps_alpn[0m
2026-09-10T16:43:55.7164497Z [32;1m        PASS[0m [   0.007s] (1186/2876) [35;1msparq-lws-core[0m [36mtls::tests[0m[36m::[0m[34;1mneither_set_is_plain[0m
2026-09-10T16:43:55.7233680Z [32;1m        PASS[0m [   0.006s] (1187/2876) [35;1msparq-lws-core[0m [36mtls::tests[0m[36m::[0m[34;1mparse_session_cache_size_table[0m
2026-09-10T16:43:55.7369013Z [32;1m        PASS[0m [   0.047s] (1188/2876) [35;1msparq-lws-core[0m [36mtls::tests[0m[36m::[0m[34;1mmake_ticketer_is_none_when_off_and_enabled_when_on[0m
2026-09-10T16:43:55.7418130Z [32;1m        PASS[0m [   0.005s] (1189/2876) [35;1msparq-lws-core[0m [36mtransport::tests[0m[36m::[0m[34;1mconn_exempt_internal_parse_rules[0m
2026-09-10T16:43:55.7467189Z [32;1m        PASS[0m [   0.005s] (1190/2876) [35;1msparq-lws-core[0m [36mtransport::tests[0m[36m::[0m[34;1mconnection_limiter_clamps_to_at_least_one_permit[0m
2026-09-10T16:43:55.7512654Z [32;1m        PASS[0m [   0.005s] (1191/2876) [35;1msparq-lws-core[0m [36mtransport::tests[0m[36m::[0m[34;1mh2_max_concurrent_streams_explicit_positive_is_honoured[0m
2026-09-10T16:43:55.8313939Z [32;1m        PASS[0m [   0.108s] (1192/2876) [35;1msparq-lws-core[0m [36mtransport::tests[0m[36m::[0m[34;1macceptor_releases_permit_when_handshake_stalls[0m
2026-09-10T16:43:56.0096266Z [32;1m        PASS[0m [   0.258s] (1193/2876) [35;1msparq-lws-core[0m [36mtransport::tests[0m[36m::[0m[34;1midle_timeout_stream_grants_a_full_fresh_window_after_an_exchange_ends[0m
2026-09-10T16:43:56.0161517Z [32;1m        PASS[0m [   0.007s] (1194/2876) [35;1msparq-lws-core[0m [36mtransport::tests[0m[36m::[0m[34;1mmax_connections_default_on_absent_empty_invalid_or_zero[0m
2026-09-10T16:43:56.0226344Z [32;1m        PASS[0m [   0.006s] (1195/2876) [35;1msparq-lws-core[0m [36mtransport::tests[0m[36m::[0m[34;1mmax_requests_per_conn_disabled_on_absent_empty_invalid_or_zero[0m
2026-09-10T16:43:56.0292904Z [32;1m        PASS[0m [   0.006s] (1196/2876) [35;1msparq-lws-core[0m [36mtransport::tests[0m[36m::[0m[34;1mmax_requests_service_never_clobbers_a_101_websocket_upgrade[0m
2026-09-10T16:43:56.0355568Z [32;1m        PASS[0m [   0.006s] (1197/2876) [35;1msparq-lws-core[0m [36mtransport::tests[0m[36m::[0m[34;1mmax_requests_service_still_stamps_close_on_a_non_101_upgrade_advertising_response[0m
2026-09-10T16:43:56.0420686Z [32;1m        PASS[0m [   0.006s] (1198/2876) [35;1msparq-lws-core[0m [36mtransport::tests[0m[36m::[0m[34;1mper_ip_cap_disabled_admits_everything[0m
2026-09-10T16:43:56.0476113Z [32;1m        PASS[0m [   0.006s] (1199/2876) [35;1msparq-lws-core[0m [36mtransport::tests[0m[36m::[0m[34;1mper_ip_cap_zero_is_clamped_to_one_never_refuses_all[0m
2026-09-10T16:43:56.0830274Z [32;1m        PASS[0m [   0.035s] (1200/2876) [35;1msparq-lws-core::adversarial_invariants[0m [34;1mbogus_credentials_never_authorize[0m
2026-09-10T16:43:56.2459316Z [32;1m        PASS[0m [   0.414s] (1201/2876) [35;1msparq-lws-core[0m [36mtransport::tests[0m[36m::[0m[34;1midle_timeout_stream_pauses_while_a_request_is_in_flight_then_fires_when_idle[0m
2026-09-10T16:43:56.2494055Z [32;1m        PASS[0m [   0.166s] (1202/2876) [35;1msparq-lws-core::adversarial_invariants[0m [34;1mfresh_jtis_keep_being_accepted[0m
2026-09-10T16:43:56.2713106Z [32;1m        PASS[0m [   0.025s] (1203/2876) [35;1msparq-lws-core::auth_cache_integration[0m [34;1mmiss_then_hit_returns_same_identity_with_fresh_proof[0m
2026-09-10T16:43:56.2879487Z [32;1m        PASS[0m [   0.038s] (1204/2876) [35;1msparq-lws-core::auth_middleware[0m [34;1mdpop_proof_for_a_different_url_is_rejected[0m
2026-09-10T16:43:56.2954148Z [32;1m        PASS[0m [   0.022s] (1205/2876) [35;1msparq-lws-core::auth_middleware[0m [34;1mhttp_get_without_auth_injects_public_creds_and_the_ldp_layer_gates[0m
2026-09-10T16:43:56.3059228Z [32;1m        PASS[0m [   0.018s] (1206/2876) [35;1msparq-lws-core::auth_middleware[0m [34;1mtoken_from_an_untrusted_issuer_is_rejected[0m
2026-09-10T16:43:56.3510422Z [32;1m        PASS[0m [   0.057s] (1207/2876) [35;1msparq-lws-core::body_limit[0m [34;1mdefault_two_mib_limit_admits_a_normal_body[0m
2026-09-10T16:43:56.3888379Z [32;1m        PASS[0m [   0.082s] (1208/2876) [35;1msparq-lws-core::demo_seed[0m [34;1mdemo_seed_anonymous_get_readme_is_public[0m
2026-09-10T16:43:56.4044738Z [32;1m        PASS[0m [   0.054s] (1209/2876) [35;1msparq-lws-core::demo_seed[0m [34;1mdemo_seed_authenticated_put_under_playground_creates[0m
2026-09-10T16:43:56.4190369Z [32;1m        PASS[0m [   0.030s] (1210/2876) [35;1msparq-lws-core::demo_seed[0m [34;1mdemo_seed_readme_banner_discloses_the_shared_write_consequences[0m
2026-09-10T16:43:56.5225651Z [32;1m        PASS[0m [   0.103s] (1211/2876) [35;1msparq-lws-core::embedded_read_counters[0m [34;1membedded_head_doc_warm_k3_seam_counts[0m
2026-09-10T16:43:56.5304193Z [32;1m        PASS[0m [   0.125s] (1212/2876) [35;1msparq-lws-core::embedded_read_counters[0m [34;1membedded_get_304_warm_seam_counts[0m
2026-09-10T16:43:56.5655481Z [32;1m        PASS[0m [   0.043s] (1213/2876) [35;1msparq-lws-core::identity_conneg[0m [34;1mreserved_identity_namespace_still_refuses_writes[0m
2026-09-10T16:43:56.5763100Z [32;1m        PASS[0m [   0.046s] (1214/2876) [35;1msparq-lws-core::identity_http[0m [34;1mid_doc_demoted_card_is_an_honest_extension_of_the_id_host_webid[0m
2026-09-10T16:43:56.5824056Z [32;1m        PASS[0m [   0.015s] (1215/2876) [35;1msparq-lws-core::identity_http[0m [34;1mid_doc_if_none_match_answers_304[0m
2026-09-10T16:43:56.5903746Z [32;1m        PASS[0m [   0.013s] (1216/2876) [35;1msparq-lws-core::identity_http[0m [34;1mid_doc_negotiates_jsonld[0m
2026-09-10T16:43:56.5928213Z [32;1m        PASS[0m [   0.012s] (1217/2876) [35;1msparq-lws-core::identity_http[0m [34;1mid_host_write_methods_are_405_with_allow_get_head[0m
2026-09-10T16:43:56.6004408Z [32;1m        PASS[0m [   0.006s] (1218/2876) [35;1msparq-lws-core::ldp_conneg[0m [34;1mblank_accept_falls_back_to_turtle[0m
2026-09-10T16:43:56.6045449Z [32;1m        PASS[0m [   0.006s] (1219/2876) [35;1msparq-lws-core::ldp_conneg[0m [34;1mcontent_type_echoes_the_honoured_profile_per_the_iana_registration[0m
2026-09-10T16:43:56.6127692Z [32;1m        PASS[0m [   0.008s] (1220/2876) [35;1msparq-lws-core::ldp_conneg[0m [34;1mjsonld_serialisation_round_trips_locally[0m
2026-09-10T16:43:56.6204788Z [32;1m        PASS[0m [   0.005s] (1221/2876) [35;1msparq-lws-core::ldp_conneg[0m [34;1mprofile_of_the_best_q_ldjson_range_wins[0m
2026-09-10T16:43:56.6234070Z [32;1m        PASS[0m [   0.033s] (1222/2876) [35;1msparq-lws-core::identity_http[0m [34;1mldp_surface_refuses_reserved_namespace_for_credentialed_requests_too[0m
2026-09-10T16:43:56.6263597Z [32;1m        PASS[0m [   0.005s] (1223/2876) [35;1msparq-lws-core::ldp_conneg[0m [34;1mprofile_param_selects_expanded[0m
2026-09-10T16:43:56.6281705Z [32;1m        PASS[0m [   0.005s] (1224/2876) [35;1msparq-lws-core::ldp_conneg[0m [34;1mq_zero_excludes_a_type_and_the_other_still_wins[0m
2026-09-10T16:43:56.6316362Z [32;1m        PASS[0m [   0.005s] (1225/2876) [35;1msparq-lws-core::ldp_conneg[0m [34;1mvariant_suffix_is_profile_specific_only_when_the_bytes_differ[0m
2026-09-10T16:43:56.7405279Z [32;1m        PASS[0m [   0.112s] (1226/2876) [35;1msparq-lws-core::ldp_http[0m [34;1mappend_only_caller_patch_with_deletes_is_uniformly_denied_no_oracle[0m
2026-09-10T16:43:56.7568071Z [32;1m        PASS[0m [   0.126s] (1227/2876) [35;1msparq-lws-core::ldp_http[0m [34;1mcontainer_get_renders_ldp_contains_listing[0m
2026-09-10T16:43:56.7621328Z [32;1m        PASS[0m [   0.020s] (1228/2876) [35;1msparq-lws-core::ldp_http[0m [34;1mcors_simple_request_carries_acao_and_expose_headers_even_on_401[0m
2026-09-10T16:43:56.7809360Z [32;1m        PASS[0m [   0.025s] (1229/2876) [35;1msparq-lws-core::ldp_http[0m [34;1mdelete_a_missing_resource_is_a_uniform_denial_not_404[0m
2026-09-10T16:43:56.8104000Z [32;1m        PASS[0m [   0.050s] (1230/2876) [35;1msparq-lws-core::ldp_http[0m [34;1mdelete_removes_a_resource[0m
2026-09-10T16:43:56.8201993Z [32;1m        PASS[0m [   0.038s] (1231/2876) [35;1msparq-lws-core::ldp_http[0m [34;1mget_response_advertises_allow_accept_post_accept_patch[0m
2026-09-10T16:43:56.8494593Z [32;1m        PASS[0m [   0.037s] (1232/2876) [35;1msparq-lws-core::ldp_http[0m [34;1mget_with_explicit_q_zero_refusal_is_406[0m
2026-09-10T16:43:56.8559375Z [32;1m        PASS[0m [   0.036s] (1233/2876) [35;1msparq-lws-core::ldp_http[0m [34;1mhead_with_a_range_is_200_not_206[0m
2026-09-10T16:43:56.8904121Z [32;1m        PASS[0m [   0.043s] (1234/2876) [35;1msparq-lws-core::ldp_http[0m [34;1mpatch_deleting_an_absent_triple_is_409[0m
2026-09-10T16:43:56.8924387Z [32;1m        PASS[0m [   0.037s] (1235/2876) [35;1msparq-lws-core::ldp_http[0m [34;1mpatch_with_a_multi_solution_where_is_409[0m
2026-09-10T16:43:56.9214318Z [32;1m        PASS[0m [   0.027s] (1236/2876) [35;1msparq-lws-core::ldp_http[0m [34;1mpost_to_a_missing_container_is_404[0m
2026-09-10T16:43:56.9566319Z [32;1m        PASS[0m [   0.066s] (1237/2876) [35;1msparq-lws-core::ldp_http[0m [34;1mpatch_with_sparql_update_insert_data_applies[0m
2026-09-10T16:43:56.9727108Z [32;1m        PASS[0m [   0.053s] (1238/2876) [35;1msparq-lws-core::ldp_http[0m [34;1mput_creates_intermediate_containers_and_wires_membership[0m
2026-09-10T16:43:56.9961232Z [32;1m        PASS[0m [   0.023s] (1239/2876) [35;1msparq-lws-core::ldp_http[0m [34;1mput_malformed_rdf_in_a_declared_rdf_type_is_400[0m
2026-09-10T16:43:56.9985021Z [32;1m        PASS[0m [   0.041s] (1240/2876) [35;1msparq-lws-core::ldp_http[0m [34;1mput_if_match_with_correct_etag_succeeds[0m
2026-09-10T16:43:57.0384266Z [32;1m        PASS[0m [   0.040s] (1241/2876) [35;1msparq-lws-core::ldp_http[0m [34;1mput_with_malformed_turtle_is_400[0m
2026-09-10T16:43:57.0784904Z [32;1m        PASS[0m [   0.042s] (1242/2876) [35;1msparq-lws-core::ldp_http[0m [34;1munauthenticated_post_is_401_with_challenge[0m
2026-09-10T16:43:57.0833946Z [32;1m        PASS[0m [   0.082s] (1243/2876) [35;1msparq-lws-core::ldp_http[0m [34;1mslash_semantics_resource_and_container_cannot_coexist[0m
2026-09-10T16:43:57.0864723Z [32;1m        PASS[0m [   0.006s] (1244/2876) [35;1msparq-lws-core::ldp_target[0m [34;1ma_non_absolute_path_is_rejected[0m
2026-09-10T16:43:57.0893955Z [32;1m        PASS[0m [   0.006s] (1245/2876) [35;1msparq-lws-core::ldp_range_multipart[0m [34;1msingle_range_golden_is_unchanged[0m
2026-09-10T16:43:57.0895496Z [32;1m        PASS[0m [   0.005s] (1246/2876) [35;1msparq-lws-core::ldp_target[0m [34;1man_empty_base_is_rejected[0m
2026-09-10T16:43:57.0914884Z [32;1m        PASS[0m [   0.006s] (1247/2876) [35;1msparq-lws-core::ldp_target[0m [34;1mparses_a_simple_resource_path[0m
2026-09-10T16:43:57.0963712Z [32;1m        PASS[0m [   0.005s] (1248/2876) [35;1msparq-lws-core::ldp_target[0m [34;1mthe_root_is_a_valid_target_and_is_a_container[0m
2026-09-10T16:43:57.1335044Z [32;1m        PASS[0m [   0.039s] (1249/2876) [35;1msparq-lws-core::notifications_http[0m [34;1mreceive_without_token_is_rejected[0m
2026-09-10T16:43:57.1484448Z [32;1m        PASS[0m [   0.015s] (1250/2876) [35;1msparq-lws-core::notifications_http[0m [34;1mwell_known_solid_advertises_the_subscription_service[0m
2026-09-10T16:43:57.2020339Z [32;1m        PASS[0m [   0.110s] (1251/2876) [35;1msparq-lws-core::notifications_http[0m [34;1mlive_websocket_overflow_closes_and_increments_metrics[0m
2026-09-10T16:43:57.2404692Z [32;1m        PASS[0m [   0.035s] (1252/2876) [35;1msparq-lws-core::overload_http[0m [34;1mnormal_concurrency_does_not_trip_the_limit[0m
2026-09-10T16:43:57.2486712Z [32;1m        PASS[0m [   0.011s] (1253/2876) [35;1msparq-lws-core::overload_http[0m [34;1mshed_does_not_bypass_auth_for_a_protected_write[0m
2026-09-10T16:43:57.2770280Z [32;1m        PASS[0m [   0.129s] (1254/2876) [35;1msparq-lws-core::odrl_query_enforcement[0m [34;1msame_query_two_requesters_observe_different_result_sets[0m
2026-09-10T16:43:57.3014868Z [32;1m        PASS[0m [   0.052s] (1255/2876) [35;1msparq-lws-core::pop_dpop_sk[0m [34;1mattested_delete_terminates_the_session[0m
2026-09-10T16:43:57.3165022Z [32;1m        PASS[0m [   0.037s] (1256/2876) [35;1msparq-lws-core::pop_dpop_sk[0m [34;1mestablishment_refuses_unavailable_or_unknown_flavours[0m
2026-09-10T16:43:57.3213817Z [32;1m        PASS[0m [   0.021s] (1257/2876) [35;1msparq-lws-core::pop_dpop_sk[0m [34;1minvalid_attestation_wins_over_a_valid_dpop_proof[0m
2026-09-10T16:43:57.3469768Z [32;1m        PASS[0m [   0.025s] (1258/2876) [35;1msparq-lws-core::pop_dpop_sk[0m [34;1mtls_exporter_flavour_derives_and_confirms_the_same_key_both_sides[0m
2026-09-10T16:43:57.3494044Z [32;1m        PASS[0m [   0.034s] (1259/2876) [35;1msparq-lws-core::pop_dpop_sk[0m [34;1mnonce_below_the_window_is_denied_even_if_never_used[0m
2026-09-10T16:43:57.3655149Z [32;1m        PASS[0m [   0.019s] (1260/2876) [35;1msparq-lws-core::pop_dpop_sk[0m [34;1mtrailing_slash_base_url_still_verifies_attestations[0m
2026-09-10T16:43:57.3724598Z [32;1m        PASS[0m [   0.024s] (1261/2876) [35;1msparq-lws-core::pop_mtls[0m [34;1mcache_enabled_pure_dpop_token_still_caches_and_authenticates[0m
2026-09-10T16:43:57.3760292Z [32;1m        PASS[0m [   0.010s] (1262/2876) [35;1msparq-lws-core::pop_mtls[0m [34;1mcert_bound_token_with_no_client_cert_is_denied[0m
2026-09-10T16:43:57.3864070Z [32;1m        PASS[0m [   0.011s] (1263/2876) [35;1msparq-lws-core::pop_mtls[0m [34;1mlive_cert_bound_bearer_authenticates_through_verify_under_require_dpop[0m
2026-09-10T16:43:57.3893069Z [32;1m        PASS[0m [   0.013s] (1264/2876) [35;1msparq-lws-core::pop_mtls[0m [34;1mlive_dpop_bound_token_presented_as_bearer_with_cert_is_401_under_require_dpop[0m
2026-09-10T16:43:57.3953083Z [32;1m        PASS[0m [   0.012s] (1265/2876) [35;1msparq-lws-core::pop_mtls[0m [34;1mlive_plain_bearer_still_rejected_under_require_dpop[0m
2026-09-10T16:43:57.4295970Z [32;1m        PASS[0m [   0.040s] (1266/2876) [35;1msparq-lws-core::public_read_skip[0m [34;1minv1_skip_path_is_byte_identical_to_full_anonymous_path_get[0m
2026-09-10T16:43:57.4354230Z [32;1m        PASS[0m [   0.038s] (1267/2876) [35;1msparq-lws-core::public_read_skip[0m [34;1minv2_authenticated_owner_of_public_resource_sees_full_user_modes[0m
2026-09-10T16:43:57.4510800Z [32;1m        PASS[0m [   0.014s] (1268/2876) [35;1msparq-lws-core::public_read_skip[0m [34;1mmutation_never_skips_crypto_anonymous_put_is_401[0m
2026-09-10T16:43:57.4554814Z [32;1m        PASS[0m [   0.024s] (1269/2876) [35;1msparq-lws-core::public_read_skip[0m [34;1minv3_missing_public_resource_is_same_404_as_anonymous[0m
2026-09-10T16:43:57.4825484Z [32;1m        PASS[0m [   0.029s] (1270/2876) [35;1msparq-lws-core::rate_limit_http[0m [34;1mrate_limited_request_never_reaches_auth_no_bypass[0m
2026-09-10T16:43:57.4839780Z [32;1m        PASS[0m [   0.036s] (1271/2876) [35;1msparq-lws-core::rate_limit_http[0m [34;1mflood_from_one_ip_429s_and_a_different_ip_is_unaffected[0m
2026-09-10T16:43:57.6586063Z [32;1m        PASS[0m [   0.174s] (1272/2876) [35;1msparq-lws-core::read_path_counters[0m [34;1mget_container_warm_k2_pins_plan_confirm_listing_queries[0m
2026-09-10T16:43:57.6864255Z [32;1m        PASS[0m [   0.203s] (1273/2876) [35;1msparq-lws-core::read_path_counters[0m [34;1mcontainer_listing_query_count_is_independent_of_child_count[0m
2026-09-10T16:43:57.6949578Z [32;1m        PASS[0m [   0.036s] (1274/2876) [35;1msparq-lws-core::read_path_counters[0m [34;1mhead_doc_warm_k3_pins_same_as_get[0m
2026-09-10T16:43:57.8099814Z [32;1m        PASS[0m [   0.124s] (1275/2876) [35;1msparq-lws-core::response_write_coalescing[0m [34;1mreal_container_listing_is_single_vectored_write[0m
2026-09-10T16:43:57.8165907Z [32;1m        PASS[0m [   0.121s] (1276/2876) [35;1msparq-lws-core::sparql_endpoint[0m [34;1mnegation_cannot_distinguish_an_unreadable_resource_from_absence[0m
2026-09-10T16:43:57.8192490Z [32;1m        PASS[0m [   0.009s] (1277/2876) [35;1msparq-lws-core::store[0m [34;1mclassifies_turtle_and_jsonld_ignoring_params[0m
2026-09-10T16:43:57.8240034Z [32;1m        PASS[0m [   0.007s] (1278/2876) [35;1msparq-lws-core::store[0m [34;1mcreate_in_a_missing_container_is_not_found[0m
2026-09-10T16:43:57.8272820Z [32;1m        PASS[0m [   0.006s] (1279/2876) [35;1msparq-lws-core::store[0m [34;1mdelete_container_if_empty_deletes_an_empty_container[0m
2026-09-10T16:43:57.8318754Z [32;1m        PASS[0m [   0.008s] (1280/2876) [35;1msparq-lws-core::store[0m [34;1mdelete_container_if_empty_refuses_a_populated_container[0m
2026-09-10T16:43:57.8336633Z [32;1m        PASS[0m [   0.006s] (1281/2876) [35;1msparq-lws-core::store[0m [34;1mdelete_is_idempotent_on_absent[0m
2026-09-10T16:43:57.8384682Z [32;1m        PASS[0m [   0.006s] (1282/2876) [35;1msparq-lws-core::store[0m [34;1mdelete_removes_metadata_and_bytes[0m
2026-09-10T16:43:57.8391131Z [32;1m        PASS[0m [   0.005s] (1283/2876) [35;1msparq-lws-core::store[0m [34;1meach_write_to_the_same_iri_mints_a_distinct_blob_key[0m
2026-09-10T16:43:57.8438269Z [32;1m        PASS[0m [   0.005s] (1284/2876) [35;1msparq-lws-core::store[0m [34;1mread_of_a_missing_resource_is_not_found[0m
2026-09-10T16:43:57.8466348Z [32;1m        PASS[0m [   0.008s] (1285/2876) [35;1msparq-lws-core::store[0m [34;1mrejects_malformed_turtle[0m
2026-09-10T16:43:57.8527986Z [32;1m        PASS[0m [   0.009s] (1286/2876) [35;1msparq-lws-core::store[0m [34;1mvalidates_well_formed_jsonld[0m
2026-09-10T16:43:57.8912964Z [32;1m        PASS[0m [   0.038s] (1287/2876) [35;1msparq-lws-core::store_embedded[0m [34;1mcreate_in_container_records_membership[0m
2026-09-10T16:43:57.9015588Z [32;1m        PASS[0m [   0.055s] (1288/2876) [35;1msparq-lws-core::store_embedded[0m [34;1mconcurrent_same_child_creates_commit_exactly_one_untorn_record[0m
2026-09-10T16:43:57.9093627Z [32;1m        PASS[0m [   0.018s] (1289/2876) [35;1msparq-lws-core::store_embedded[0m [34;1mdelete_container_if_empty_detaches_from_parent_and_routes_recreate_clean[0m
2026-09-10T16:43:57.9176928Z [32;1m        PASS[0m [   0.016s] (1290/2876) [35;1msparq-lws-core::store_embedded[0m [34;1mdelete_detaches_from_parent_container[0m
2026-09-10T16:43:57.9178438Z [32;1m        PASS[0m [   0.008s] (1291/2876) [35;1msparq-lws-core::store_embedded[0m [34;1mexists_is_false_before_a_write[0m
2026-09-10T16:43:57.9285045Z [32;1m        PASS[0m [   0.010s] (1292/2876) [35;1msparq-lws-core::store_embedded[0m [34;1mrewrite_replaces_the_bytes_and_metadata[0m
2026-09-10T16:43:57.9293118Z [32;1m        PASS[0m [   0.011s] (1293/2876) [35;1msparq-lws-core::store_embedded[0m [34;1mread_of_a_missing_resource_is_not_found[0m
2026-09-10T16:43:57.9364172Z [32;1m        PASS[0m [   0.008s] (1294/2876) [35;1msparq-lws-core::tcp_nodelay[0m [34;1mtls_path_nodelay_acceptor_sets_nodelay_on_raw_stream[0m
2026-09-10T16:43:58.0094585Z [32;1m        PASS[0m [   0.073s] (1295/2876) [35;1msparq-lws-core::write_path_counters[0m [34;1mpatch_insert_existing_k3_counts[0m
2026-09-10T16:43:58.0441647Z [32;1m        PASS[0m [   0.035s] (1296/2876) [35;1msparq-lws-core::write_path_counters[0m [34;1mput_overwrite_k3_counts[0m
2026-09-10T16:43:58.0781040Z [32;1m        PASS[0m [   0.034s] (1297/2876) [35;1msparq-lws-core::bin/sparq-lws-core[0m [36mtests[0m[36m::[0m[34;1mbench_seed_explicit_count_is_literal[0m
2026-09-10T16:43:58.0841676Z [32;1m        PASS[0m [   0.006s] (1298/2876) [35;1msparq-lws-core::bin/sparq-lws-core[0m [36mtests[0m[36m::[0m[34;1mbench_seed_truthy_non_numeric_falls_back_to_default[0m
2026-09-10T16:43:58.0912962Z [32;1m        PASS[0m [   0.007s] (1299/2876) [35;1msparq-lws-core::bin/sparq-lws-core[0m [36mtests[0m[36m::[0m[34;1mdemo_seed_boot_call_site_writes_nothing_unless_flag_is_on[0m
2026-09-10T16:43:58.0987124Z [32;1m        PASS[0m [   0.006s] (1300/2876) [35;1msparq-lws-core::bin/sparq-lws-core[0m [36mtests[0m[36m::[0m[34;1mguard1_does_not_fire_once_blob_is_durable[0m
2026-09-10T16:43:58.1027022Z [32;1m        PASS[0m [   0.006s] (1301/2876) [35;1msparq-lws-core::bin/sparq-lws-core[0m [36mtests[0m[36m::[0m[34;1mguard2_always_allows_seed_on_memory[0m
2026-09-10T16:43:58.1074087Z [32;1m        PASS[0m [   0.178s] (1302/2876) [35;1msparq-lws-core::transport_header_flood[0m [34;1mcloses_stalled_partial_header_at_configured_timeout[0m
2026-09-10T16:43:58.1144380Z [32;1m        PASS[0m [   0.008s] (1303/2876) [35;1msparq-lws-core::bin/sparq-lws-core[0m [36mtests[0m[36m::[0m[34;1mguard2_seed_requested_sees_the_demo_flag_and_refuses_nonmemory_boot[0m
2026-09-10T16:43:58.1160139Z [32;1m        PASS[0m [   0.009s] (1304/2876) [35;1msparq-lws-wasm[0m [36mmemory::tests[0m[36m::[0m[34;1ma_request_is_refused_once_its_projection_crosses_the_ceiling[0m
2026-09-10T16:43:58.1187308Z [32;1m        PASS[0m [   0.008s] (1305/2876) [35;1msparq-lws-wasm[0m [36mmemory::tests[0m[36m::[0m[34;1mprojection_charges_four_body_copies_plus_fixed_headroom[0m
2026-09-10T16:43:58.1243932Z [32;1m        PASS[0m [   0.006s] (1306/2876) [35;1msparq-lws-wasm[0m [36mmemory::tests[0m[36m::[0m[34;1mthe_default_ceiling_leaves_the_stores_own_quota_untouched[0m
2026-09-10T16:43:58.1245738Z [32;1m        PASS[0m [   0.006s] (1307/2876) [35;1msparq-lws-wasm[0m [36mpersist::tests[0m[36m::[0m[34;1ma_delete_is_kept_verbatim_while_a_record_still_needs_it_as_a_container[0m
2026-09-10T16:43:58.1286586Z [32;1m        PASS[0m [   0.006s] (1308/2876) [35;1msparq-lws-wasm[0m [36mpersist::tests[0m[36m::[0m[34;1man_empty_journal_encodes_to_a_header_that_decodes_to_no_records[0m
2026-09-10T16:43:58.1295657Z [32;1m        PASS[0m [   0.005s] (1309/2876) [35;1msparq-lws-wasm[0m [36mpersist::tests[0m[36m::[0m[34;1mdecode_rejects_a_truncated_journal_instead_of_panicking[0m
2026-09-10T16:43:58.1339367Z [32;1m        PASS[0m [   0.005s] (1310/2876) [35;1msparq-lws-wasm[0m [36mpersist::tests[0m[36m::[0m[34;1mdecode_rejects_bytes_appended_after_the_declared_records[0m
2026-09-10T16:43:58.1358374Z [32;1m        PASS[0m [   0.006s] (1311/2876) [35;1msparq-lws-wasm[0m [36mpersist::tests[0m[36m::[0m[34;1mdeleting_the_last_child_lets_the_container_fold_away_too[0m
2026-09-10T16:43:58.1417266Z [32;1m        PASS[0m [   0.007s] (1312/2876) [35;1msparq-lws-wasm[0m [36mpersist::tests[0m[36m::[0m[34;1mthe_revision_advances_on_every_mutation_including_folding_ones[0m
2026-09-10T16:43:58.1458167Z [32;1m        PASS[0m [   0.010s] (1313/2876) [35;1msparq-mcp[0m [36mprompts::tests[0m[36m::[0m[34;1margument_to_json_marks_optionality[0m
2026-09-10T16:43:58.1520634Z [32;1m        PASS[0m [   0.010s] (1314/2876) [35;1msparq-mcp[0m [36mprompts::tests[0m[36m::[0m[34;1miri_arguments_that_escape_the_iriref_are_refused[0m
2026-09-10T16:43:58.1551530Z [32;1m        PASS[0m [   0.009s] (1315/2876) [35;1msparq-mcp[0m [36mprompts::tests[0m[36m::[0m[34;1mto_json_carries_name_description_and_declared_arguments[0m
2026-09-10T16:43:58.1613192Z [32;1m        PASS[0m [   0.006s] (1316/2876) [35;1msparq-mcp[0m [36mresources::tests[0m[36m::[0m[34;1mread_error_message_reads_both_variants[0m
2026-09-10T16:43:58.1672027Z [32;1m        PASS[0m [   0.015s] (1317/2876) [35;1msparq-mcp[0m [36mresources::tests[0m[36m::[0m[34;1mdescriptors_list_dataset_default_and_named_graphs_in_order[0m
2026-09-10T16:43:58.1719019Z [32;1m        PASS[0m [   0.011s] (1318/2876) [35;1msparq-mcp[0m [36mshapes::tests[0m[36m::[0m[34;1mcardinality_is_data_grounded_not_aspirational[0m
2026-09-10T16:43:58.1766577Z [32;1m        PASS[0m [   0.009s] (1319/2876) [35;1msparq-mcp[0m [36mshapes::tests[0m[36m::[0m[34;1mshape_lists_the_right_predicates_for_a_known_class[0m
2026-09-10T16:43:58.1885084Z [32;1m        PASS[0m [   0.012s] (1320/2876) [35;1msparq-mcp::dispatch_edges[0m [34;1mempty_batch_is_a_single_invalid_request_error[0m
2026-09-10T16:43:58.1946062Z [32;1m        PASS[0m [   0.006s] (1321/2876) [35;1msparq-mcp::dispatch_edges[0m [34;1mmalformed_json_error_has_null_id[0m
2026-09-10T16:43:58.2009149Z [32;1m        PASS[0m [   0.006s] (1322/2876) [35;1msparq-mcp::dispatch_edges[0m [34;1munknown_method_notification_gets_no_response[0m
2026-09-10T16:43:58.2041685Z [32;1m        PASS[0m [   0.032s] (1323/2876) [35;1msparq-mcp::dispatch_edges[0m [34;1mbatch_dispatch_sees_state_written_by_an_earlier_element[0m
2026-09-10T16:43:58.2117720Z [32;1m        PASS[0m [   0.011s] (1324/2876) [35;1msparq-mcp::planner_features_default[0m [34;1mdefault_feature_set_keeps_both_planner_features_lit[0m
2026-09-10T16:43:58.2338209Z [32;1m        PASS[0m [   0.022s] (1325/2876) [35;1msparq-mcp::resources_prompts[0m [34;1mprompts_get_of_an_unknown_prompt_is_invalid_params[0m
2026-09-10T16:43:58.2364549Z [32;1m        PASS[0m [   0.032s] (1326/2876) [35;1msparq-mcp::planner_features_default[0m [34;1miri_equality_filter_answers_correctly_through_the_mcp_query_tool[0m
2026-09-10T16:43:58.2423989Z [32;1m        PASS[0m [   0.008s] (1327/2876) [35;1msparq-mcp::resources_prompts[0m [34;1mprompts_get_renders_an_argument_free_prompt[0m
2026-09-10T16:43:58.2458980Z [32;1m        PASS[0m [   0.009s] (1328/2876) [35;1msparq-mcp::resources_prompts[0m [34;1mresources_read_of_an_unserved_uri_is_resource_not_found[0m
2026-09-10T16:43:58.2504046Z [32;1m        PASS[0m [   0.008s] (1329/2876) [35;1msparq-mcp::resources_prompts[0m [34;1mresources_read_without_a_uri_is_invalid_params[0m
2026-09-10T16:43:58.2655609Z [32;1m        PASS[0m [   0.016s] (1330/2876) [35;1msparq-mcp::roundtrip[0m [34;1minitialize_defaults_to_the_latest_when_no_version_is_proposed[0m
2026-09-10T16:43:58.2674313Z [32;1m        PASS[0m [   0.020s] (1331/2876) [35;1msparq-mcp::roundtrip[0m [34;1mclasses_tool_lists_profiles_by_descending_instance_count[0m
2026-09-10T16:43:58.2721409Z [32;1m        PASS[0m [   0.006s] (1332/2876) [35;1msparq-mcp::roundtrip[0m [34;1mlatest_protocol_version_heads_the_supported_list[0m
2026-09-10T16:43:58.2741319Z [32;1m        PASS[0m [   0.008s] (1333/2876) [35;1msparq-mcp::roundtrip[0m [34;1mprefixes_tool_lists_namespaces_by_descending_term_count[0m
2026-09-10T16:43:58.2825690Z [32;1m        PASS[0m [   0.010s] (1334/2876) [35;1msparq-mcp::roundtrip[0m [34;1mshapes_tool_returns_data_grounded_constraints_for_a_class[0m
2026-09-10T16:43:58.2888799Z [32;1m        PASS[0m [   0.006s] (1335/2876) [35;1msparq-mcp::roundtrip[0m [34;1mvoid_tool_emits_dataset_descriptor[0m
2026-09-10T16:43:58.2938884Z [32;1m        PASS[0m [   0.020s] (1336/2876) [35;1msparq-mcp::roundtrip[0m [34;1mupdate_applies_when_enabled_and_query_observes_it[0m
2026-09-10T16:43:58.2992464Z [32;1m        PASS[0m [   0.010s] (1337/2876) [35;1msparq-metamorph[0m [36maggregate::tests[0m[36m::[0m[34;1maggregate_queries_project_the_aggregate_and_share_the_branch_filters[0m
2026-09-10T16:43:58.3014675Z [32;1m        PASS[0m [   0.005s] (1338/2876) [35;1msparq-metamorph[0m [36maggregate::tests[0m[36m::[0m[34;1mthe_aggregate_variable_is_kept_fresh_against_pattern_predicate_and_expression[0m
2026-09-10T16:43:58.3060637Z [32;1m        PASS[0m [   0.007s] (1339/2876) [35;1msparq-metamorph[0m [36mdifferential::tests[0m[36m::[0m[34;1mshape_mismatch_is_an_engine_failure_not_a_wrong_result[0m
2026-09-10T16:43:58.3157124Z [32;1m        PASS[0m [   0.010s] (1340/2876) [35;1msparq-metamorph[0m [36mengine::tests[0m[36m::[0m[34;1minvalid_query_is_engine_failure_not_empty_result[0m
2026-09-10T16:43:58.3237931Z [32;1m        PASS[0m [   0.024s] (1341/2876) [35;1msparq-metamorph[0m [36mengine::tests[0m[36m::[0m[34;1mfilter_drops_row_mutant_drops_exactly_on_filter_queries[0m
2026-09-10T16:43:58.3263893Z [32;1m        PASS[0m [   0.010s] (1342/2876) [35;1msparq-metamorph[0m [36mgenerate::tests[0m[36m::[0m[34;1mgenerated_predicates_respect_the_exclusion_list[0m
2026-09-10T16:43:58.3404194Z [32;1m        PASS[0m [   0.014s] (1343/2876) [35;1msparq-metamorph[0m [36mharness::tests[0m[36m::[0m[34;1mcheck_seed_passes_both_oracles_on_the_real_engine[0m
2026-09-10T16:43:58.3493917Z [32;1m        PASS[0m [   0.008s] (1344/2876) [35;1msparq-metamorph[0m [36mharness::tests[0m[36m::[0m[34;1msummary_line_carries_every_count[0m
2026-09-10T16:43:58.3506003Z [32;1m        PASS[0m [   0.025s] (1345/2876) [35;1msparq-metamorph[0m [36mharness::tests[0m[36m::[0m[34;1mrun_window_green_path_prints_only_the_summary[0m
2026-09-10T16:43:58.3553918Z [32;1m        PASS[0m [   0.007s] (1346/2876) [35;1msparq-metamorph[0m [36mledger::tests[0m[36m::[0m[34;1mto_jsonl_round_trips_and_fails_closed_on_invalid_entries[0m
2026-09-10T16:43:58.3583628Z [32;1m        PASS[0m [   0.006s] (1347/2876) [35;1msparq-metamorph[0m [36mledger::tests[0m[36m::[0m[34;1mvalidate_entry_requires_an_upstream_issue_url[0m
2026-09-10T16:43:58.3601170Z [32;1m        PASS[0m [   0.006s] (1348/2876) [35;1msparq-metamorph[0m [36mnorec::tests[0m[36m::[0m[34;1mnorec_queries_picks_a_fresh_flag_variable[0m
2026-09-10T16:43:58.3674345Z [32;1m        PASS[0m [   0.008s] (1349/2876) [35;1msparq-metamorph[0m [36mverdict::tests[0m[36m::[0m[34;1mengine_failure_display_names_kind_and_engine[0m
2026-09-10T16:43:58.3703826Z [32;1m        PASS[0m [   0.007s] (1350/2876) [35;1msparq-metamorph[0m [36mverdict::tests[0m[36m::[0m[34;1mviolation_display_names_oracle_and_engines[0m
2026-09-10T16:43:58.3769935Z [32;1m        PASS[0m [   0.012s] (1351/2876) [35;1msparq-metamorph::edge_determinism_failclosed[0m [34;1min_process_engine_rejects_invalid_ntriples[0m
2026-09-10T16:43:58.3873069Z [32;1m        PASS[0m [   0.020s] (1352/2876) [35;1msparq-metamorph::oracle_self_tests[0m [34;1ma_syntactically_invalid_query_is_an_engine_failure_on_the_real_engine[0m
2026-09-10T16:43:58.3994229Z [32;1m        PASS[0m [   0.010s] (1353/2876) [35;1msparq-metamorph::oracle_self_tests[0m [34;1mdifferential_flags_the_seeded_wrong_result_mutant[0m
2026-09-10T16:43:58.4033531Z [32;1m        PASS[0m [   0.026s] (1354/2876) [35;1msparq-metamorph::oracle_self_tests[0m [34;1maggregate_partitions_recombine_by_addition[0m
2026-09-10T16:43:58.4140223Z [32;1m        PASS[0m [   0.016s] (1355/2876) [35;1msparq-metamorph::oracle_self_tests[0m [34;1mdistinct_oracle_flags_the_seeded_wrong_result_mutant[0m
2026-09-10T16:43:58.4270561Z [32;1m        PASS[0m [   0.013s] (1356/2876) [35;1msparq-metamorph::oracle_self_tests[0m [34;1mis_literal_atom_splits_literals_from_iris[0m
2026-09-10T16:43:58.4404343Z [32;1m        PASS[0m [   0.012s] (1357/2876) [35;1msparq-metamorph::oracle_self_tests[0m [34;1mnorec_flags_the_seeded_wrong_result_mutant[0m
2026-09-10T16:43:58.4664774Z [32;1m        PASS[0m [   0.026s] (1358/2876) [35;1msparq-metamorph::oracle_self_tests[0m [34;1mnorec_rewrite_preserves_absolute_cardinality_across_generated_cases[0m
2026-09-10T16:43:58.4760354Z [32;1m        PASS[0m [   0.011s] (1359/2876) [35;1msparq-metamorph::oracle_self_tests[0m [34;1mordered_differential_flags_a_reordering_the_unordered_oracle_cannot_see[0m
2026-09-10T16:43:58.4830547Z [32;1m        PASS[0m [   0.007s] (1360/2876) [35;1msparq-metamorph::oracle_self_tests[0m [34;1mordered_query_builds_the_order_by_clause_and_its_sort_var_list[0m
2026-09-10T16:43:58.4917158Z [32;1m        PASS[0m [   0.008s] (1361/2876) [35;1msparq-metamorph::oracle_self_tests[0m [34;1mtlp_branches_partition_the_base_as_the_case_analysis_predicts[0m
2026-09-10T16:43:58.4990178Z [32;1m        PASS[0m [   0.007s] (1362/2876) [35;1msparq-mpc[0m [36madversarial_tests::field_fuzz[0m[36m::[0m[34;1mboundary_operands_match_reference[0m
2026-09-10T16:43:58.5270934Z [32;1m        PASS[0m [   0.028s] (1363/2876) [35;1msparq-mpc[0m [36madversarial_tests::field_fuzz[0m[36m::[0m[34;1mscale_share_op_matches_field_mul[0m
2026-09-10T16:43:58.5403685Z [32;1m        PASS[0m [   0.013s] (1364/2876) [35;1msparq-mpc[0m [36madversarial_tests::no_fake_crypto[0m[36m::[0m[34;1mrow3_collaborative_verify_is_typed_stub[0m
2026-09-10T16:43:58.5483819Z [32;1m        PASS[0m [   0.008s] (1365/2876) [35;1msparq-mpc[0m [36madversarial_tests::no_fake_crypto[0m[36m::[0m[34;1mrow6_real_backend_fails_closed_on_preconditions_not_with_fake_data[0m
2026-09-10T16:43:58.5596609Z [32;1m        PASS[0m [   0.011s] (1366/2876) [35;1msparq-mpc[0m [36madversarial_tests::no_fake_crypto[0m[36m::[0m[34;1mrow7_hidden_join_discloses_only_payload_not_the_private_key[0m
2026-09-10T16:43:58.6781282Z [32;1m        PASS[0m [   0.118s] (1367/2876) [35;1msparq-mpc[0m [36madversarial_tests::robust_props[0m[36m::[0m[34;1mequality_open_detects_tamper_whenever_redundant[0m
2026-09-10T16:43:58.8500393Z [32;1m        PASS[0m [   0.172s] (1368/2876) [35;1msparq-mpc[0m [36madversarial_tests::robust_props[0m[36m::[0m[34;1mhonest_majority_equality_open_never_corrects_tamper[0m
2026-09-10T16:43:58.9261544Z [32;1m        PASS[0m [   0.521s] (1369/2876) [35;1msparq-metamorph::oracle_self_tests[0m [34;1mextension_oracles_hold_on_generated_cases_and_flag_the_mutant[0m
2026-09-10T16:43:58.9330182Z [32;1m        PASS[0m [   0.008s] (1370/2876) [35;1msparq-mpc[0m [36madversarial_tests::tamper[0m[36m::[0m[34;1mtampered_share_at_reconstruct_disclosed_boundary_is_corrected_or_aborts[0m
2026-09-10T16:43:58.9415380Z [32;1m        PASS[0m [   0.006s] (1371/2876) [35;1msparq-mpc[0m [36madversarial_tests::tamper[0m[36m::[0m[34;1mtampered_share_in_secure_sum_is_corrected_or_aborts[0m
2026-09-10T16:43:58.9460964Z [32;1m        PASS[0m [   0.006s] (1372/2876) [35;1msparq-mpc[0m [36madversarial_tests::threshold[0m[36m::[0m[34;1mboundary_table_t_fails_t_plus_one_succeeds[0m
2026-09-10T16:43:58.9542062Z [32;1m        PASS[0m [   0.008s] (1373/2876) [35;1msparq-mpc[0m [36madversarial_tests::threshold[0m[36m::[0m[34;1mt_shares_are_consistent_with_every_secret[0m
2026-09-10T16:43:58.9639190Z [32;1m        PASS[0m [   0.009s] (1374/2876) [35;1msparq-mpc[0m [36mauth_compare::tests[0m[36m::[0m[34;1mbatched_check_catches_one_bad_value_among_many[0m
2026-09-10T16:43:59.0619129Z [32;1m        PASS[0m [   0.211s] (1375/2876) [35;1msparq-mpc[0m [36madversarial_tests::robust_props[0m[36m::[0m[34;1mrobust_matches_honest_lagrange_on_clean_inputs[0m
2026-09-10T16:43:59.1034604Z [32;1m        PASS[0m [   0.137s] (1376/2876) [35;1msparq-mpc[0m [36mauth_compare::tests[0m[36m::[0m[34;1mdifferential_malicious_threshold[0m
2026-09-10T16:43:59.1225009Z [32;1m        PASS[0m [   0.022s] (1377/2876) [35;1msparq-mpc[0m [36mauth_compare::tests[0m[36m::[0m[34;1mtamper_in_the_mac_is_caught[0m
2026-09-10T16:43:59.2959066Z [32;1m        PASS[0m [   0.234s] (1378/2876) [35;1msparq-mpc[0m [36mauth_compare::tests[0m[36m::[0m[34;1mhonest_path_mac_check_passes[0m
2026-09-10T16:43:59.3050840Z [32;1m        PASS[0m [   0.009s] (1379/2876) [35;1msparq-mpc[0m [36mauth_disclose::tests[0m[36m::[0m[34;1mauthenticate_existing_carries_the_alpha_v_mac[0m
2026-09-10T16:43:59.3616951Z [32;1m        PASS[0m [   0.056s] (1380/2876) [35;1msparq-mpc[0m [36mauth_disclose::tests[0m[36m::[0m[34;1mfails_closed_on_bad_inputs[0m
2026-09-10T16:43:59.7148129Z [32;1m        PASS[0m [   0.353s] (1381/2876) [35;1msparq-mpc[0m [36mauth_disclose::tests[0m[36m::[0m[34;1mmatches_semi_honest_disclose[0m
2026-09-10T16:44:00.0144628Z [32;1m        PASS[0m [   0.298s] (1382/2876) [35;1msparq-mpc[0m [36mauth_disclose::tests[0m[36m::[0m[34;1mtamper_in_any_recovered_rabbit_bit_aborts[0m
2026-09-10T16:44:00.0364390Z [32;1m        PASS[0m [   0.913s] (1383/2876) [35;1msparq-mpc[0m [36mauth_disclose::tests[0m[36m::[0m[34;1mauth_rabbit_decompose_recovers_the_plaintext_bits[0m
2026-09-10T16:44:00.0418276Z [32;1m        PASS[0m [   0.007s] (1384/2876) [35;1msparq-mpc[0m [36mauth_disclose::tests[0m[36m::[0m[34;1mtamper_in_the_zero_test_open_is_caught[0m
2026-09-10T16:44:00.0476028Z [32;1m        PASS[0m [   0.006s] (1385/2876) [35;1msparq-mpc[0m [36mauthenticated::tests[0m[36m::[0m[34;1mauth_sum_rejects_empty_input[0m
2026-09-10T16:44:00.0544902Z [32;1m        PASS[0m [   0.007s] (1386/2876) [35;1msparq-mpc[0m [36mauthenticated::tests[0m[36m::[0m[34;1mauthenticated_sum_round_trips_and_stays_authenticated[0m
2026-09-10T16:44:00.0614756Z [32;1m        PASS[0m [   0.007s] (1387/2876) [35;1msparq-mpc[0m [36mauthenticated::tests[0m[36m::[0m[34;1mmac_key_debug_redacts_alpha_shares[0m
2026-09-10T16:44:00.0714404Z [32;1m        PASS[0m [   0.008s] (1388/2876) [35;1msparq-mpc[0m [36mauthenticated::tests[0m[36m::[0m[34;1mt_shares_of_alpha_are_independent_of_alpha[0m
2026-09-10T16:44:00.0795473Z [32;1m        PASS[0m [   0.010s] (1389/2876) [35;1msparq-mpc[0m [36mbackend::axis_tests[0m[36m::[0m[34;1mbackend_info_new_derives_consistent_projection[0m
2026-09-10T16:44:00.0880859Z [32;1m        PASS[0m [   0.008s] (1390/2876) [35;1msparq-mpc[0m [36mbackend::axis_tests[0m[36m::[0m[34;1mcleve_invariant_honest_majority_can_construct_fairness_and_god[0m
2026-09-10T16:44:00.0954913Z [32;1m        PASS[0m [   0.007s] (1391/2876) [35;1msparq-mpc[0m [36mbackend::axis_tests[0m[36m::[0m[34;1mprojection_malicious_security_maps_each_case[0m
2026-09-10T16:44:00.1025108Z [32;1m        PASS[0m [   0.007s] (1392/2876) [35;1msparq-mpc[0m [36mbackend::selection_tests[0m[36m::[0m[34;1mdescribe_distinguishes_requirements_by_concrete_t[0m
2026-09-10T16:44:00.1107209Z [32;1m        PASS[0m [   0.008s] (1393/2876) [35;1msparq-mpc[0m [36mbackend::selection_tests[0m[36m::[0m[34;1msatisfies_concrete_threshold_t_is_not_silently_downgraded[0m
2026-09-10T16:44:00.1214798Z [32;1m        PASS[0m [   0.007s] (1394/2876) [35;1msparq-mpc[0m [36mbackend::selection_tests[0m[36m::[0m[34;1msatisfies_output_guarantee_floor_is_ordered[0m
2026-09-10T16:44:00.1240554Z [32;1m        PASS[0m [   0.006s] (1395/2876) [35;1msparq-mpc[0m [36mbackend::selection_tests[0m[36m::[0m[34;1mselect_fails_closed_on_empty_registry[0m
2026-09-10T16:44:00.1318677Z [32;1m        PASS[0m [   0.117s] (1396/2876) [35;1msparq-mpc[0m [36mauth_disclose::tests[0m[36m::[0m[34;1mtamper_in_the_rabbit_wrap_indicator_aborts[0m
2026-09-10T16:44:00.1344975Z [32;1m        PASS[0m [   0.010s] (1397/2876) [35;1msparq-mpc[0m [36mbackend::selection_tests[0m[36m::[0m[34;1mselect_returns_strongest_among_satisfiers[0m
2026-09-10T16:44:00.1378635Z [32;1m        PASS[0m [   0.006s] (1398/2876) [35;1msparq-mpc[0m [36mbatched::tests[0m[36m::[0m[34;1mbatched_authenticated_api_never_opens_alpha[0m
2026-09-10T16:44:00.1434310Z [32;1m        PASS[0m [   0.008s] (1399/2876) [35;1msparq-mpc[0m [36mbatched::tests[0m[36m::[0m[34;1mkeyed_binding_key_count_must_match[0m
2026-09-10T16:44:00.1444973Z [32;1m        PASS[0m [   0.006s] (1400/2876) [35;1msparq-mpc[0m [36mbatched::tests[0m[36m::[0m[34;1mt_shares_of_batch_are_independent_of_values[0m
2026-09-10T16:44:00.1499509Z [32;1m        PASS[0m [   0.007s] (1401/2876) [35;1msparq-mpc[0m [36mbench::tests[0m[36m::[0m[34;1maggregate_pays_zero_multiplications_and_one_open[0m
2026-09-10T16:44:00.1513355Z [32;1m        PASS[0m [   0.007s] (1402/2876) [35;1msparq-mpc[0m [36mbench::tests[0m[36m::[0m[34;1mhidden_join_opens_grow_as_scale_squared[0m
2026-09-10T16:44:00.1590816Z [32;1m        PASS[0m [   0.009s] (1403/2876) [35;1msparq-mpc[0m [36mbench::tests[0m[36m::[0m[34;1mmatrix_is_deterministic[0m
2026-09-10T16:44:00.1743336Z [32;1m        PASS[0m [   0.023s] (1404/2876) [35;1msparq-mpc[0m [36mbounded_path::tests[0m[36m::[0m[34;1mcrypto_free_no_mpc_round_artifacts[0m
2026-09-10T16:44:00.1776710Z [32;1m        PASS[0m [   0.019s] (1405/2876) [35;1msparq-mpc[0m [36mbounded_path::tests[0m[36m::[0m[34;1mdifferential_alternation_range_one_two[0m
2026-09-10T16:44:00.1861222Z [32;1m        PASS[0m [   0.012s] (1406/2876) [35;1msparq-mpc[0m [36mbounded_path::tests[0m[36m::[0m[34;1mdifferential_range_m_k_equals_eval_path[0m
2026-09-10T16:44:00.1881760Z [32;1m        PASS[0m [   0.010s] (1407/2876) [35;1msparq-mpc[0m [36mbounded_path::tests[0m[36m::[0m[34;1mdifferential_sequence_with_alternation_repetition_element[0m
2026-09-10T16:44:00.1932871Z [32;1m        PASS[0m [   0.007s] (1408/2876) [35;1msparq-mpc[0m [36mbounded_path::tests[0m[36m::[0m[34;1medge_partial_wrong_arity_is_protocol_error[0m
2026-09-10T16:44:00.1955469Z [32;1m        PASS[0m [   0.007s] (1409/2876) [35;1msparq-mpc[0m [36mbounded_path::tests[0m[36m::[0m[34;1mprojected_chain_count_matches_closed_form_and_detects_overflow[0m
2026-09-10T16:44:00.2001326Z [32;1m        PASS[0m [   0.007s] (1410/2876) [35;1msparq-mpc[0m [36mchacha::tests[0m[36m::[0m[34;1mkey_schedule_is_zeroized_on_drop[0m
2026-09-10T16:44:00.3954609Z [32;1m        PASS[0m [   0.200s] (1411/2876) [35;1msparq-mpc[0m [36mcompare::tests[0m[36m::[0m[34;1mbit_decompose_recovers_the_true_bits_without_opening_the_sum[0m
2026-09-10T16:44:00.4348460Z [32;1m        PASS[0m [   0.234s] (1412/2876) [35;1msparq-mpc[0m [36mcompare::tests[0m[36m::[0m[34;1mdifferential_greater_than_across_many_pairs[0m
2026-09-10T16:44:00.4605235Z [32;1m        PASS[0m [   0.025s] (1413/2876) [35;1msparq-mpc[0m [36mcompare::tests[0m[36m::[0m[34;1mdisclose_threshold_in_mpc_out_of_range_sum_is_handled[0m
2026-09-10T16:44:00.5576834Z [32;1m        PASS[0m [   0.098s] (1414/2876) [35;1msparq-mpc[0m [36mcompare::tests[0m[36m::[0m[34;1mdisclose_threshold_out_of_range_public_threshold_fails_closed[0m
2026-09-10T16:44:00.5958449Z [32;1m        PASS[0m [   0.038s] (1415/2876) [35;1msparq-mpc[0m [36mcompare::tests[0m[36m::[0m[34;1mdisclosure_minimisation_only_the_bit_is_opened[0m
2026-09-10T16:44:00.6112919Z [32;1m        PASS[0m [   0.013s] (1416/2876) [35;1msparq-mpc[0m [36mcompare::tests[0m[36m::[0m[34;1mequal_to_bit_is_valid_degree_t_sharing[0m
2026-09-10T16:44:00.6391910Z [32;1m        PASS[0m [   0.030s] (1417/2876) [35;1msparq-mpc[0m [36mcompare::tests[0m[36m::[0m[34;1mfour_flatmates_hundred_k_verdict[0m
2026-09-10T16:44:00.7318888Z [32;1m        PASS[0m [   0.092s] (1418/2876) [35;1msparq-mpc[0m [36mcompare::tests[0m[36m::[0m[34;1mmasked_open_verify_sum_in_range_accepts_in_range_rejects_oob[0m
2026-09-10T16:44:00.7387471Z [32;1m        PASS[0m [   0.006s] (1419/2876) [35;1msparq-mpc[0m [36mcompare::tests[0m[36m::[0m[34;1mparty_count_precondition_fails_closed[0m
2026-09-10T16:44:00.7445217Z [32;1m        PASS[0m [   0.006s] (1420/2876) [35;1msparq-mpc[0m [36mcompare::tests[0m[36m::[0m[34;1mrabbit_open_is_independent_of_the_value[0m
2026-09-10T16:44:00.7876690Z [32;1m        PASS[0m [   0.043s] (1421/2876) [35;1msparq-mpc[0m [36mcompare::tests[0m[36m::[0m[34;1mrange_proof_opens_only_two_mask_products_and_the_verdict_never_the_sum[0m
2026-09-10T16:44:00.8043765Z [32;1m        PASS[0m [   0.017s] (1422/2876) [35;1msparq-mpc[0m [36mcompare::tests[0m[36m::[0m[34;1msquare_protocol_bit_is_a_valid_degree_t_zero_one_sharing[0m
2026-09-10T16:44:00.8140659Z [32;1m        PASS[0m [   0.009s] (1423/2876) [35;1msparq-mpc[0m [36mcompare::tests[0m[36m::[0m[34;1msquare_protocol_random_bit_fails_closed_on_deficient_party_count[0m
2026-09-10T16:44:00.9084578Z [32;1m        PASS[0m [   0.513s] (1424/2876) [35;1msparq-mpc[0m [36mcompare::tests[0m[36m::[0m[34;1mdisclose_threshold_in_mpc_matches_plaintext_across_boundary[0m
2026-09-10T16:44:00.9136054Z [32;1m        PASS[0m [   0.005s] (1425/2876) [35;1msparq-mpc[0m [36mfederated_binding::tests[0m[36m::[0m[34;1mbinding_errors_are_protocol_errors_not_deferrals[0m
2026-09-10T16:44:00.9209680Z [32;1m        PASS[0m [   0.007s] (1426/2876) [35;1msparq-mpc[0m [36mfederated_binding::tests[0m[36m::[0m[34;1mdigests_are_canonical_field_elements[0m
2026-09-10T16:44:00.9305493Z [32;1m        PASS[0m [   0.116s] (1427/2876) [35;1msparq-mpc[0m [36mcompare::tests[0m[36m::[0m[34;1mverdict_output_does_not_distinguish_sums_on_the_same_side[0m
2026-09-10T16:44:00.9377791Z [32;1m        PASS[0m [   0.007s] (1428/2876) [35;1msparq-mpc[0m [36mfederated_binding::tests[0m[36m::[0m[34;1mfresh_challenges_are_distinct_and_canonical[0m
2026-09-10T16:44:00.9432485Z [32;1m        PASS[0m [   0.006s] (1429/2876) [35;1msparq-mpc[0m [36mfederated_binding::tests[0m[36m::[0m[34;1minverted_window_is_refused[0m
2026-09-10T16:44:00.9495748Z [32;1m        PASS[0m [   0.005s] (1430/2876) [35;1msparq-mpc[0m [36mfederated_binding::tests[0m[36m::[0m[34;1mmerging_holders_changes_the_transcript[0m
2026-09-10T16:44:00.9510504Z [32;1m        PASS[0m [   0.030s] (1431/2876) [35;1msparq-mpc[0m [36mfederated_binding::tests[0m[36m::[0m[34;1mfederated_layout_binds_segmentation[0m
2026-09-10T16:44:00.9540846Z [32;1m        PASS[0m [   0.005s] (1432/2876) [35;1msparq-mpc[0m [36mfield::tests[0m[36m::[0m[34;1madd_sub_roundtrip[0m
2026-09-10T16:44:00.9604086Z [32;1m        PASS[0m [   0.008s] (1433/2876) [35;1msparq-mpc[0m [36mfield::tests[0m[36m::[0m[34;1mfp_zeroizes_to_zero[0m
2026-09-10T16:44:00.9633739Z [32;1m        PASS[0m [   0.006s] (1434/2876) [35;1msparq-mpc[0m [36mfield::tests[0m[36m::[0m[34;1mmul_reduces_near_modulus[0m
2026-09-10T16:44:00.9653129Z [32;1m        PASS[0m [   0.006s] (1435/2876) [35;1msparq-mpc[0m [36mfield::tests[0m[36m::[0m[34;1mreduce_matches_reference_modulo[0m
2026-09-10T16:44:01.0684819Z [32;1m        PASS[0m [   0.103s] (1436/2876) [35;1msparq-mpc[0m [36mhidden_distinct::tests[0m[36m::[0m[34;1mnon_adjacent_duplicates_collapse[0m
2026-09-10T16:44:01.1982440Z [32;1m        PASS[0m [   0.130s] (1437/2876) [35;1msparq-mpc[0m [36mhidden_distinct::tests[0m[36m::[0m[34;1msort_access_pattern_is_data_independent[0m
2026-09-10T16:44:01.2149829Z [32;1m        PASS[0m [   0.016s] (1438/2876) [35;1msparq-mpc[0m [36mhidden_path::bounded_tests[0m[36m::[0m[34;1mbounded_bound_below_candidate_count_fails_closed[0m
2026-09-10T16:44:01.2240358Z [32;1m        PASS[0m [   0.009s] (1439/2876) [35;1msparq-mpc[0m [36mhidden_path::bounded_tests[0m[36m::[0m[34;1mbounded_min_gt_max_is_rejected[0m
2026-09-10T16:44:01.2850078Z [32;1m        PASS[0m [   0.061s] (1440/2876) [35;1msparq-mpc[0m [36mhidden_path::bounded_tests[0m[36m::[0m[34;1mbounded_revealed_slot_count_is_bound_not_cardinality[0m
2026-09-10T16:44:01.3191567Z [32;1m        PASS[0m [   0.034s] (1441/2876) [35;1msparq-mpc[0m [36mhidden_path::bounded_tests[0m[36m::[0m[34;1mdifferential_exact_k_via_bounded_matches_plaintext[0m
2026-09-10T16:44:01.3554443Z [32;1m        PASS[0m [   0.395s] (1442/2876) [35;1msparq-mpc[0m [36mhidden_distinct::tests[0m[36m::[0m[34;1mdifferential_against_cleartext_distinct_many_shapes[0m
2026-09-10T16:44:01.3615435Z [32;1m        PASS[0m [   0.006s] (1443/2876) [35;1msparq-mpc[0m [36mhidden_path::planner::tests[0m[36m::[0m[34;1madmissible_but_heavy_path_sets_the_warn_flag[0m
2026-09-10T16:44:01.3692077Z [32;1m        PASS[0m [   0.008s] (1444/2876) [35;1msparq-mpc[0m [36mhidden_path::planner::tests[0m[36m::[0m[34;1mcomm_counter_counts_equalities_reductions_and_output[0m
2026-09-10T16:44:01.3763971Z [32;1m        PASS[0m [   0.007s] (1445/2876) [35;1msparq-mpc[0m [36mhidden_path::planner::tests[0m[36m::[0m[34;1mmatrix_bounded_path_cost_grows_with_edge_count[0m
2026-09-10T16:44:01.3809459Z [32;1m        PASS[0m [   0.005s] (1446/2876) [35;1msparq-mpc[0m [36mhidden_path::planner::tests[0m[36m::[0m[34;1mopen_bound_is_never_silently_approximated_to_a_default_k[0m
2026-09-10T16:44:01.3866827Z [32;1m        PASS[0m [   0.005s] (1447/2876) [35;1msparq-mpc[0m [36mhidden_path::planner::tests[0m[36m::[0m[34;1munbounded_plus_is_refused_via_no_backend_satisfies[0m
2026-09-10T16:44:01.4034346Z [32;1m        PASS[0m [   0.017s] (1448/2876) [35;1msparq-mpc[0m [36mhidden_path::tests[0m[36m::[0m[34;1mdifferential_cycle_equals_plaintext[0m
2026-09-10T16:44:01.5811774Z [32;1m        PASS[0m [   0.178s] (1449/2876) [35;1msparq-mpc[0m [36mhidden_path::tests[0m[36m::[0m[34;1mdifferential_exact_3_equals_plaintext[0m
2026-09-10T16:44:01.5895772Z [32;1m        PASS[0m [   0.008s] (1450/2876) [35;1msparq-mpc[0m [36mhidden_path::tests[0m[36m::[0m[34;1moversized_k_is_rejected[0m
2026-09-10T16:44:01.5955682Z [32;1m        PASS[0m [   0.006s] (1451/2876) [35;1msparq-mpc[0m [36mholder::tests[0m[36m::[0m[34;1mholder_with_no_match_discloses_empty_partial[0m
2026-09-10T16:44:01.6015471Z [32;1m        PASS[0m [   0.006s] (1452/2876) [35;1msparq-mpc[0m [36mjoin::batched_hidden_value_tests[0m[36m::[0m[34;1mbound_below_candidate_count_fails_closed[0m
2026-09-10T16:44:01.6308772Z [32;1m        PASS[0m [   0.029s] (1453/2876) [35;1msparq-mpc[0m [36mjoin::batched_hidden_value_tests[0m[36m::[0m[34;1mfully_oblivious_keyed_differential_equals_plaintext[0m
2026-09-10T16:44:01.6419595Z [32;1m        PASS[0m [   0.011s] (1454/2876) [35;1msparq-mpc[0m [36mjoin::batched_hidden_value_tests[0m[36m::[0m[34;1mfully_oblivious_no_overlap_is_empty[0m
2026-09-10T16:44:01.6475940Z [32;1m        PASS[0m [   0.005s] (1455/2876) [35;1msparq-mpc[0m [36mjoin::batched_hidden_value_tests[0m[36m::[0m[34;1mkey_value_is_never_in_the_output[0m
2026-09-10T16:44:01.6557126Z [32;1m        PASS[0m [   0.008s] (1456/2876) [35;1msparq-mpc[0m [36mjoin::batched_hidden_value_tests[0m[36m::[0m[34;1mkeyed_fanout_within_a_key_bucket[0m
2026-09-10T16:44:01.6626888Z [32;1m        PASS[0m [   0.007s] (1457/2876) [35;1msparq-mpc[0m [36mjoin::batched_hidden_value_tests[0m[36m::[0m[34;1moutput_cardinality_is_bounded_to_b_not_true_count[0m
2026-09-10T16:44:01.6677427Z [32;1m        PASS[0m [   0.005s] (1458/2876) [35;1msparq-mpc[0m [36mjoin::batched_hidden_value_tests[0m[36m::[0m[34;1mpositional_unequal_lengths_fails_closed[0m
2026-09-10T16:44:01.6726068Z [32;1m        PASS[0m [   0.005s] (1459/2876) [35;1msparq-mpc[0m [36mjoin::hidden_value_tests[0m[36m::[0m[34;1mdifferential_hidden_join_equals_plaintext_join[0m
2026-09-10T16:44:01.6777306Z [32;1m        PASS[0m [   0.005s] (1460/2876) [35;1msparq-mpc[0m [36mjoin::hidden_value_tests[0m[36m::[0m[34;1mscalar_match_graph_distinguishes_equal_size_different_shape[0m
2026-09-10T16:44:01.6999682Z [32;1m        PASS[0m [   0.022s] (1461/2876) [35;1msparq-mpc[0m [36mjoin::hidden_value_tests[0m[36m::[0m[34;1msecure_equal_no_false_results_across_random_pairs[0m
2026-09-10T16:44:01.7167198Z [32;1m        PASS[0m [   0.017s] (1462/2876) [35;1msparq-mpc[0m [36mjoin::tests[0m[36m::[0m[34;1mdifferential_two_holder_join_equals_union_eval[0m
2026-09-10T16:44:01.7230902Z [32;1m        PASS[0m [   0.006s] (1463/2876) [35;1msparq-mpc[0m [36mjoin::tests[0m[36m::[0m[34;1mempty_holder_yields_empty_join_matching_union[0m
2026-09-10T16:44:01.7291533Z [32;1m        PASS[0m [   0.006s] (1464/2876) [35;1msparq-mpc[0m [36mjoin::tests[0m[36m::[0m[34;1msingle_holder_join_is_identity[0m
2026-09-10T16:44:01.7347462Z [32;1m        PASS[0m [   0.006s] (1465/2876) [35;1msparq-mpc[0m [36mmetrics::tests[0m[36m::[0m[34;1mbatched_rounds_collapses_independent_ops[0m
2026-09-10T16:44:01.7427220Z [32;1m        PASS[0m [   0.008s] (1466/2876) [35;1msparq-mpc[0m [36mmetrics::tests[0m[36m::[0m[34;1mfield_bytes_is_eight[0m
2026-09-10T16:44:01.7483803Z [32;1m        PASS[0m [   0.006s] (1467/2876) [35;1msparq-mpc[0m [36mmetrics::tests[0m[36m::[0m[34;1mshuffle_cost_folds_in_switches_and_depth[0m
2026-09-10T16:44:01.7546221Z [32;1m        PASS[0m [   0.006s] (1468/2876) [35;1msparq-mpc[0m [36mnetprofiles::tests[0m[36m::[0m[34;1mloopback_is_unshaped_and_needs_no_tc[0m
2026-09-10T16:44:01.7660512Z [32;1m        PASS[0m [   0.011s] (1469/2876) [35;1msparq-mpc[0m [36mnetprofiles::tests[0m[36m::[0m[34;1mtrim_pct_drops_trailing_zeros[0m
2026-09-10T16:44:01.7823951Z [32;1m        PASS[0m [   0.016s] (1470/2876) [35;1msparq-mpc[0m [36moblivious::tests[0m[36m::[0m[34;1moddeven_mergesort_network_actually_sorts_all_small_inputs[0m
2026-09-10T16:44:01.7911555Z [32;1m        PASS[0m [   0.008s] (1471/2876) [35;1msparq-mpc[0m [36moblivious::tests[0m[36m::[0m[34;1mshuffle_actually_reorders_sometimes[0m
2026-09-10T16:44:01.7991099Z [32;1m        PASS[0m [   0.008s] (1472/2876) [35;1msparq-mpc[0m [36moblivious::tests[0m[36m::[0m[34;1mshuffle_preserves_multiset[0m
2026-09-10T16:44:01.8059591Z [32;1m        PASS[0m [   0.007s] (1473/2876) [35;1msparq-mpc[0m [36moblivious::tests[0m[36m::[0m[34;1msort_by_secret_column_sorts_and_preserves_multiset[0m
2026-09-10T16:44:01.8083856Z [32;1m        PASS[0m [   0.488s] (1474/2876) [35;1msparq-mpc[0m [36mhidden_path::bounded_tests[0m[36m::[0m[34;1mdifferential_or_fold_collapses_multi_length_pair[0m
2026-09-10T16:44:01.8126171Z [32;1m        PASS[0m [   0.007s] (1475/2876) [35;1msparq-mpc[0m [36moblivious::tests[0m[36m::[0m[34;1msort_network_access_pattern_is_data_independent[0m
2026-09-10T16:44:01.8135207Z [32;1m        PASS[0m [   0.006s] (1476/2876) [35;1msparq-mpc[0m [36moblivious::tests[0m[36m::[0m[34;1muniform_below_rejects_bound_above_modulus_and_terminates_below[0m
2026-09-10T16:44:01.8384754Z [32;1m        PASS[0m [   0.026s] (1477/2876) [35;1msparq-mpc[0m [36moblivious::tests[0m[36m::[0m[34;1mwaksman_switch_count_is_as_waksman_optimal[0m
2026-09-10T16:44:01.8460262Z [32;1m        PASS[0m [   0.007s] (1478/2876) [35;1msparq-mpc[0m [36moblivious_join::tests[0m[36m::[0m[34;1mempty_candidates_all_dummies[0m
2026-09-10T16:44:01.8536940Z [32;1m        PASS[0m [   0.008s] (1479/2876) [35;1msparq-mpc[0m [36moblivious_join::tests[0m[36m::[0m[34;1mmatched_rows_survive_nonmatches_become_dummies[0m
2026-09-10T16:44:01.8696658Z [32;1m        PASS[0m [   0.016s] (1480/2876) [35;1msparq-mpc[0m [36moblivious_join::tests[0m[36m::[0m[34;1moutput_order_is_shuffled_hiding_match_positions[0m
2026-09-10T16:44:01.8755611Z [32;1m        PASS[0m [   0.006s] (1481/2876) [35;1msparq-mpc[0m [36moblivious_join::tests[0m[36m::[0m[34;1mpayload_row_encode_decode_round_trips[0m
2026-09-10T16:44:01.9006227Z [32;1m        PASS[0m [   0.025s] (1482/2876) [35;1msparq-mpc[0m [36moblivious_join::tests[0m[36m::[0m[34;1mrich_payloads_survive_shuffle_without_opening_permutation[0m
2026-09-10T16:44:01.9057482Z [32;1m        PASS[0m [   0.005s] (1483/2876) [35;1msparq-mpc[0m [36moblivious_join::tests[0m[36m::[0m[34;1mzero_bound_no_candidates_is_empty[0m
2026-09-10T16:44:01.9141416Z [32;1m        PASS[0m [   0.008s] (1484/2876) [35;1msparq-mpc[0m [36mowa_omission_tests[0m[36m::[0m[34;1momitted_contributor_yields_sound_subset_join_not_a_forgery[0m
2026-09-10T16:44:02.0127905Z [32;1m        PASS[0m [   0.099s] (1485/2876) [35;1msparq-mpc[0m [36mpipeline::tests[0m[36m::[0m[34;1mdifferential_across_salary_tuples[0m
2026-09-10T16:44:02.0404300Z [32;1m        PASS[0m [   0.028s] (1486/2876) [35;1msparq-mpc[0m [36mpipeline::tests[0m[36m::[0m[34;1mfour_flatmates_exactly_at_threshold_is_false[0m
2026-09-10T16:44:02.0553212Z [32;1m        PASS[0m [   0.015s] (1487/2876) [35;1msparq-mpc[0m [36mpipeline::tests[0m[36m::[0m[34;1mper_operator_routing_is_explicit[0m
2026-09-10T16:44:02.0607298Z [32;1m        PASS[0m [   0.005s] (1488/2876) [35;1msparq-mpc[0m [36mproof::tests[0m[36m::[0m[34;1mcollaborative_proof_is_honestly_deferred[0m
2026-09-10T16:44:02.0715445Z [32;1m        PASS[0m [   0.008s] (1489/2876) [35;1msparq-mpc[0m [36mprss::tests[0m[36m::[0m[34;1mdebug_never_prints_seed_material[0m
2026-09-10T16:44:02.2700199Z [32;1m        PASS[0m [   0.201s] (1490/2876) [35;1msparq-mpc[0m [36mprss::tests[0m[36m::[0m[34;1mgenerated_sharing_is_degree_t_and_reconstructs_to_the_prf_sum[0m
2026-09-10T16:44:02.2760395Z [32;1m        PASS[0m [   0.006s] (1491/2876) [35;1msparq-mpc[0m [36mprss::tests[0m[36m::[0m[34;1mos_setup_produces_independent_sources[0m
2026-09-10T16:44:02.2913298Z [32;1m        PASS[0m [   0.015s] (1492/2876) [35;1msparq-mpc[0m [36mprss::tests[0m[36m::[0m[34;1mseed_count_guard_refuses_impractical_n[0m
2026-09-10T16:44:02.3030975Z [32;1m        PASS[0m [   0.012s] (1493/2876) [35;1msparq-mpc[0m [36mprss::tests[0m[36m::[0m[34;1msetup_seeds_determine_the_stream[0m
2026-09-10T16:44:02.3092709Z [32;1m        PASS[0m [   0.006s] (1494/2876) [35;1msparq-mpc[0m [36mprss::tests[0m[36m::[0m[34;1mvss_own_input_is_honestly_refused[0m
2026-09-10T16:44:02.3160958Z [32;1m        PASS[0m [   0.006s] (1495/2876) [35;1msparq-mpc[0m [36mrandomness::tests[0m[36m::[0m[34;1mrequire_deployable_refuses_the_simulation_and_a_self_labelled_source[0m
2026-09-10T16:44:02.3236991Z [32;1m        PASS[0m [   0.008s] (1496/2876) [35;1msparq-mpc[0m [36mrandomness::tests[0m[36m::[0m[34;1mvss_own_input_reconstructs_to_the_holders_value[0m
2026-09-10T16:44:02.3284666Z [32;1m        PASS[0m [   0.005s] (1497/2876) [35;1msparq-mpc[0m [36mrng::tests[0m[36m::[0m[34;1msecure_rng_drop_does_not_panic[0m
2026-09-10T16:44:02.3373924Z [32;1m        PASS[0m [   0.009s] (1498/2876) [35;1msparq-mpc[0m [36mrng::tests[0m[36m::[0m[34;1msecure_rng_produces_canonical_field_elements[0m
2026-09-10T16:44:02.3441904Z [32;1m        PASS[0m [   0.007s] (1499/2876) [35;1msparq-mpc[0m [36mrobust::tests[0m[36m::[0m[34;1mattributed_clean_input_names_no_cheaters[0m
2026-09-10T16:44:02.3559081Z [32;1m        PASS[0m [   0.012s] (1500/2876) [35;1msparq-mpc[0m [36mrobust::tests[0m[36m::[0m[34;1mberlekamp_welch_corrects_one_error_directly[0m
2026-09-10T16:44:02.3628548Z [32;1m        PASS[0m [   0.007s] (1501/2876) [35;1msparq-mpc[0m [36mrobust::tests[0m[36m::[0m[34;1mcorrects_two_tampers_at_n9[0m
2026-09-10T16:44:02.3674299Z [32;1m        PASS[0m [   0.004s] (1502/2876) [35;1msparq-mpc[0m [36mrobust::tests[0m[36m::[0m[34;1meval_poly_horner_exact_values[0m
2026-09-10T16:44:02.3728075Z [32;1m        PASS[0m [   0.005s] (1503/2876) [35;1msparq-mpc[0m [36mrobust::tests[0m[36m::[0m[34;1mno_redundancy_does_not_claim_detection[0m
2026-09-10T16:44:02.3774113Z [32;1m        PASS[0m [   0.561s] (1504/2876) [35;1msparq-mpc[0m [36moblivious::tests[0m[36m::[0m[34;1mwaksman_topology_is_permutation_independent[0m
2026-09-10T16:44:02.3798763Z [32;1m        PASS[0m [   0.007s] (1505/2876) [35;1msparq-mpc[0m [36mrobust::tests[0m[36m::[0m[34;1mpoly_divmod_nonzero_remainder_and_low_degree_dividend[0m
2026-09-10T16:44:02.3805335Z [32;1m        PASS[0m [   0.006s] (1506/2876) [35;1msparq-mpc[0m [36mrobust::tests[0m[36m::[0m[34;1mtrim_trailing_zeros_drops_only_high_zeros[0m
2026-09-10T16:44:02.3853375Z [32;1m        PASS[0m [   0.004s] (1507/2876) [35;1msparq-mpc[0m [36mshamir::tests[0m[36m::[0m[34;1mdealer_parties_and_threshold_mirror_backend[0m
2026-09-10T16:44:02.3894462Z [32;1m        PASS[0m [   0.009s] (1508/2876) [35;1msparq-mpc[0m [36mshamir::tests[0m[36m::[0m[34;1mbatched_multi_row_per_holder_aggregate_matches_plaintext[0m
2026-09-10T16:44:02.3914437Z [32;1m        PASS[0m [   0.006s] (1509/2876) [35;1msparq-mpc[0m [36mshamir::tests[0m[36m::[0m[34;1mdegree_reduce_rejects_permuted_or_noncanonical_input[0m
2026-09-10T16:44:02.3975314Z [32;1m        PASS[0m [   0.008s] (1510/2876) [35;1msparq-mpc[0m [36mshamir::tests[0m[36m::[0m[34;1mequality_open_semi_honest_only_at_minimal_odd_n[0m
2026-09-10T16:44:02.3985434Z [32;1m        PASS[0m [   0.006s] (1511/2876) [35;1msparq-mpc[0m [36mshamir::tests[0m[36m::[0m[34;1mfewer_than_threshold_plus_one_shares_cannot_reconstruct[0m
2026-09-10T16:44:02.4048090Z [32;1m        PASS[0m [   0.006s] (1512/2876) [35;1msparq-mpc[0m [36mshamir::tests[0m[36m::[0m[34;1mmalicious_security_no_redundancy_branch_is_semi_honest_only[0m
2026-09-10T16:44:02.4084000Z [32;1m        PASS[0m [   0.008s] (1513/2876) [35;1msparq-mpc[0m [36mshamir::tests[0m[36m::[0m[34;1mproduction_csprng_two_dealers_use_independent_randomness[0m
2026-09-10T16:44:02.4112910Z [32;1m        PASS[0m [   0.008s] (1514/2876) [35;1msparq-mpc[0m [36mshamir::tests[0m[36m::[0m[34;1msecure_sum_zero_and_single[0m
2026-09-10T16:44:02.4126690Z [32;1m        PASS[0m [   0.007s] (1515/2876) [35;1msparq-mpc[0m [36mshamir::tests[0m[36m::[0m[34;1mshare_then_reconstruct_roundtrips[0m
2026-09-10T16:44:02.4178073Z [32;1m        PASS[0m [   0.005s] (1516/2876) [35;1msparq-mpc[0m [36mterm_encode::tests[0m[36m::[0m[34;1mdatatype_and_language_distinguish_literals[0m
2026-09-10T16:44:02.4185241Z [32;1m        PASS[0m [   0.007s] (1517/2876) [35;1msparq-mpc[0m [36mshamir::tests[0m[36m::[0m[34;1mtwo_multiplication_chain_a_b_c[0m
2026-09-10T16:44:02.4255374Z [32;1m        PASS[0m [   0.007s] (1518/2876) [35;1msparq-mpc[0m [36mterm_encode::tests[0m[36m::[0m[34;1msame_term_reencoded_is_not_a_collision[0m
2026-09-10T16:44:02.4256580Z [32;1m        PASS[0m [   0.007s] (1519/2876) [35;1msparq-mpc[0m [36mterm_encode::tests[0m[36m::[0m[34;1mencoder_keys_drive_hidden_join_matching_on_term_equality[0m
2026-09-10T16:44:02.4309089Z [32;1m        PASS[0m [   0.005s] (1520/2876) [35;1msparq-mpc[0m [36mtransport::tests[0m[36m::[0m[34;1mdecode_rejects_garbage_tag[0m
2026-09-10T16:44:02.4424909Z [32;1m        PASS[0m [   0.017s] (1521/2876) [35;1msparq-mpc[0m [36mtransport::tests[0m[36m::[0m[34;1mnetworked_hidden_join_matches_in_process[0m
2026-09-10T16:44:02.4521493Z [32;1m        PASS[0m [   0.019s] (1522/2876) [35;1msparq-mpc[0m [36mtransport::tests[0m[36m::[0m[34;1mnetworked_shuffle_preserves_multiset_over_the_wire[0m
2026-09-10T16:44:02.4573962Z [32;1m        PASS[0m [   0.007s] (1523/2876) [35;1msparq-mpc::proof_deferred[0m [34;1mnot_yet_implemented_is_distinct_from_protocol_and_tampered[0m
2026-09-10T16:44:02.4593818Z [32;1m        PASS[0m [   0.016s] (1524/2876) [35;1msparq-mpc[0m [36mtransport::tests[0m[36m::[0m[34;1mnetworked_sort_orders_ascending_and_preserves_multiset[0m
2026-09-10T16:44:02.4653859Z [32;1m        PASS[0m [   0.006s] (1525/2876) [35;1msparq-mpc::transport_codec[0m [34;1mempty_share_vectors_round_trip[0m
2026-09-10T16:44:02.4677054Z [32;1m        PASS[0m [   0.005s] (1526/2876) [35;1msparq-mpc::transport_codec[0m [34;1moversized_frame_length_is_rejected_without_allocating[0m
2026-09-10T16:44:02.4690738Z [32;1m        PASS[0m [   0.005s] (1527/2876) [35;1msparq-mpc::transport_codec[0m [34;1mswap_flag_out_of_range_is_rejected[0m
2026-09-10T16:44:02.4704596Z [32;1m        PASS[0m [   0.007s] (1528/2876) [35;1msparq-mpc::transport_codec[0m [34;1mshort_swap_frame_is_rejected[0m
2026-09-10T16:44:02.4738436Z [32;1m        PASS[0m [   0.005s] (1529/2876) [35;1msparq-mpc::transport_codec[0m [34;1munknown_frame_tag_is_rejected[0m
2026-09-10T16:44:02.6174244Z [32;1m        PASS[0m [   0.146s] (1530/2876) [35;1msparq-nlq[0m [36mconstrain::tests[0m[36m::[0m[34;1mbind_extend_expression_is_walked[0m
2026-09-10T16:44:02.6183698Z [32;1m        PASS[0m [   0.143s] (1531/2876) [35;1msparq-nlq[0m [36mconstrain::tests[0m[36m::[0m[34;1mfilter_expression_binary_and_unary_and_exists_are_walked[0m
2026-09-10T16:44:02.6259811Z [32;1m        PASS[0m [   0.008s] (1532/2876) [35;1msparq-nlq[0m [36mconstrain::tests[0m[36m::[0m[34;1moptional_leftjoin_descends_into_right_and_its_filter[0m
2026-09-10T16:44:02.6283949Z [32;1m        PASS[0m [   0.010s] (1533/2876) [35;1msparq-nlq[0m [36mconstrain::tests[0m[36m::[0m[34;1mknown_predicate_and_class_yield_no_unknowns[0m
2026-09-10T16:44:02.6332683Z [32;1m        PASS[0m [   0.007s] (1534/2876) [35;1msparq-nlq[0m [36mconstrain::tests[0m[36m::[0m[34;1mproperty_path_zero_or_one_is_walked[0m
2026-09-10T16:44:02.6390087Z [32;1m        PASS[0m [   0.012s] (1535/2876) [35;1msparq-nlq[0m [36mconstrain::tests[0m[36m::[0m[34;1mrepair_message_lists_terms_and_hints[0m
2026-09-10T16:44:02.6408891Z [32;1m        PASS[0m [   0.008s] (1536/2876) [35;1msparq-nlq[0m [36mconstrain::tests[0m[36m::[0m[34;1msuggestions_capped_and_ordered_by_edit_distance[0m
2026-09-10T16:44:02.6479794Z [32;1m        PASS[0m [   0.009s] (1537/2876) [35;1msparq-nlq[0m [36mconstrain::tests[0m[36m::[0m[34;1munknown_namespace_gives_no_suggestions_but_still_flags[0m
2026-09-10T16:44:02.6897693Z [32;1m        PASS[0m [   0.047s] (1538/2876) [35;1msparq-nlq[0m [36meval::tests[0m[36m::[0m[34;1manswer_set_is_a_multiset_over_duplicate_rows[0m
2026-09-10T16:44:02.6936748Z [32;1m        PASS[0m [   0.044s] (1539/2876) [35;1msparq-nlq[0m [36meval::tests[0m[36m::[0m[34;1mend_to_end_grounded_beats_ungrounded[0m
2026-09-10T16:44:02.6992795Z [32;1m        PASS[0m [   0.011s] (1540/2876) [35;1msparq-nlq[0m [36meval::tests[0m[36m::[0m[34;1mloop_failure_scores_zero_against_nonempty_gold[0m
2026-09-10T16:44:02.6994416Z [32;1m        PASS[0m [   0.006s] (1541/2876) [35;1msparq-nlq[0m [36mguard::tests[0m[36m::[0m[34;1mbenign_text_is_borrowed_unchanged[0m
2026-09-10T16:44:02.7049068Z [32;1m        PASS[0m [   0.006s] (1542/2876) [35;1msparq-nlq[0m [36mguard::tests[0m[36m::[0m[34;1mmutating_requests_never_parse_as_queries[0m
2026-09-10T16:44:02.7074374Z [32;1m        PASS[0m [   0.008s] (1543/2876) [35;1msparq-nlq[0m [36mguard::tests[0m[36m::[0m[34;1mfederation_is_found_however_deeply_it_is_nested[0m
2026-09-10T16:44:02.7123239Z [32;1m        PASS[0m [   0.006s] (1544/2876) [35;1msparq-nlq[0m [36mguard::tests[0m[36m::[0m[34;1msanitize_block_keeps_newlines_but_drops_other_controls[0m
2026-09-10T16:44:02.7274338Z [32;1m        PASS[0m [   0.015s] (1545/2876) [35;1msparq-nlq[0m [36mlink::tests[0m[36m::[0m[34;1mdatatype_variants_of_one_lexical_form_are_all_offered[0m
2026-09-10T16:44:02.7303617Z [32;1m        PASS[0m [   0.019s] (1546/2876) [35;1msparq-nlq[0m [36mlink::tests[0m[36m::[0m[34;1ma_long_literal_is_not_indexed_as_a_value[0m
2026-09-10T16:44:02.7351417Z [32;1m        PASS[0m [   0.009s] (1547/2876) [35;1msparq-nlq[0m [36mlink::tests[0m[36m::[0m[34;1mlinks_via_non_rdfs_label_predicate[0m
2026-09-10T16:44:02.7352999Z [32;1m        PASS[0m [   0.010s] (1548/2876) [35;1msparq-nlq[0m [36mlink::tests[0m[36m::[0m[34;1miri_block_is_unchanged_when_nothing_value_linked[0m
2026-09-10T16:44:02.7471836Z [32;1m        PASS[0m [   0.012s] (1549/2876) [35;1msparq-nlq[0m [36mlink::tests[0m[36m::[0m[34;1mmulti_word_value_mention_outranks_a_unigram[0m
2026-09-10T16:44:02.7473363Z [32;1m        PASS[0m [   0.012s] (1550/2876) [35;1msparq-nlq[0m [36mlink::tests[0m[36m::[0m[34;1mother_verbatim_preflabel_still_resolves_to_its_own_concept[0m
2026-09-10T16:44:02.7553886Z [32;1m        PASS[0m [   0.007s] (1551/2876) [35;1msparq-nlq[0m [36mlink::tests[0m[36m::[0m[34;1mvalue_linking_covers_inline_encoded_integers[0m
2026-09-10T16:44:02.7591709Z [32;1m        PASS[0m [   0.010s] (1552/2876) [35;1msparq-nlq[0m [36mlink::tests[0m[36m::[0m[34;1mstructural_expansion_surfaces_siblings[0m
2026-09-10T16:44:02.7628248Z [32;1m        PASS[0m [   0.008s] (1553/2876) [35;1msparq-nlq[0m [36mlink::tests[0m[36m::[0m[34;1mvalue_linking_preserves_the_language_tag_and_counts_uses[0m
2026-09-10T16:44:02.7662037Z [32;1m        PASS[0m [   0.007s] (1554/2876) [35;1msparq-nlq[0m [36mlink::tests[0m[36m::[0m[34;1mverbatim_iri_does_not_link_unless_the_exact_tier_is_on[0m
2026-09-10T16:44:02.7715014Z [32;1m        PASS[0m [   0.009s] (1555/2876) [35;1msparq-nlq[0m [36mlink::tests[0m[36m::[0m[34;1mverbatim_preflabel_with_punctuation_resolves_unambiguously[0m
2026-09-10T16:44:02.7780796Z [32;1m        PASS[0m [   0.012s] (1556/2876) [35;1msparq-nlq[0m [36mtests[0m[36m::[0m[34;1mask_repairs_a_parse_error_once[0m
2026-09-10T16:44:02.7786721Z [32;1m        PASS[0m [   0.007s] (1557/2876) [35;1msparq-nlq[0m [36mtests[0m[36m::[0m[34;1mextract_bare_text_is_case_insensitive_and_keyword_gated[0m
2026-09-10T16:44:02.7847593Z [32;1m        PASS[0m [   0.006s] (1558/2876) [35;1msparq-nlq[0m [36mtests[0m[36m::[0m[34;1mextract_returns_none_for_empty_or_unclosed_fence[0m
2026-09-10T16:44:02.7890207Z [32;1m        PASS[0m [   0.011s] (1559/2876) [35;1msparq-nlq[0m [36mtests[0m[36m::[0m[34;1mlinking_on_injects_linked_iris_and_siblings[0m
2026-09-10T16:44:02.7901055Z [32;1m        PASS[0m [   0.005s] (1560/2876) [35;1msparq-nlq[0m [36mtests[0m[36m::[0m[34;1mrecording_llm_does_not_record_failed_calls[0m
2026-09-10T16:44:02.7955559Z [32;1m        PASS[0m [   0.006s] (1561/2876) [35;1msparq-nlq[0m [36mtests[0m[36m::[0m[34;1mvalue_linking_off_by_default_even_with_entity_linking_on[0m
2026-09-10T16:44:02.9652780Z [32;1m        PASS[0m [   0.175s] (1562/2876) [35;1msparq-nlq::constrain_unknown_terms[0m [34;1mempty_graph_reports_unknown_term_without_suggestions[0m
2026-09-10T16:44:03.3257384Z [32;1m        PASS[0m [   0.530s] (1563/2876) [35;1msparq-nlq::exec_accuracy[0m [34;1mharness_demonstrates_grounding_pays_in_memory[0m
2026-09-10T16:44:03.4379443Z [32;1m        PASS[0m [   0.112s] (1564/2876) [35;1msparq-nlq::injection[0m [34;1moversized_question_is_refused_without_spending_an_llm_call[0m
2026-09-10T16:44:03.4407042Z [32;1m        PASS[0m [   0.475s] (1565/2876) [35;1msparq-nlq::injection[0m [34;1mfederation_fails_closed_and_opting_in_is_explicit[0m
2026-09-10T16:44:03.4450130Z [32;1m        PASS[0m [   0.004s] (1566/2876) [35;1msparq-nlq::example/record_olympics[0m [36mtests[0m[36m::[0m[34;1mjson_str_escapes[0m
2026-09-10T16:44:03.5247875Z [32;1m        PASS[0m [   0.080s] (1567/2876) [35;1msparq-parse[0m [36mtests[0m[36m::[0m[34;1mcompress_chunks_matches_sink[0m
2026-09-10T16:44:03.5308335Z [32;1m        PASS[0m [   0.006s] (1568/2876) [35;1msparq-parse[0m [36mtests[0m[36m::[0m[34;1mdecode_errors_on_truncated_streams[0m
2026-09-10T16:44:03.5571356Z [32;1m        PASS[0m [   0.119s] (1569/2876) [35;1msparq-nlq::link_metamorph[0m [34;1mmax_links_caps_entities_for_generated_questions[0m
2026-09-10T16:44:03.6219480Z [32;1m        PASS[0m [   0.091s] (1570/2876) [35;1msparq-parse[0m [36mtests[0m[36m::[0m[34;1mdrain_overlaps_production[0m
2026-09-10T16:44:03.6243725Z [32;1m        PASS[0m [   0.067s] (1571/2876) [35;1msparq-parse[0m [36mtests[0m[36m::[0m[34;1mmulti_frame_zstd_roundtrips[0m
2026-09-10T16:44:03.6361978Z [32;1m        PASS[0m [   0.012s] (1572/2876) [35;1msparq-parse[0m [36mtests[0m[36m::[0m[34;1msingle_member_gzip_empty_and_empty_chunks[0m
2026-09-10T16:44:03.6785820Z [32;1m        PASS[0m [   0.042s] (1573/2876) [35;1msparq-parse[0m [36mtests[0m[36m::[0m[34;1msingle_member_gzip_pieces_byte_equal_serial_vs_parallel[0m
2026-09-10T16:44:03.6845253Z [32;1m        PASS[0m [   0.006s] (1574/2876) [35;1msparq-parse[0m [36mtests[0m[36m::[0m[34;1msingle_member_gzip_wire_starts_with_rfc1952_header[0m
2026-09-10T16:44:03.7298690Z [32;1m        PASS[0m [   0.108s] (1575/2876) [35;1msparq-parse[0m [36mtests[0m[36m::[0m[34;1mparallel_sink_finish_inside_rayon_worker_does_not_deadlock[0m
2026-09-10T16:44:03.7358872Z [32;1m        PASS[0m [   0.006s] (1576/2876) [35;1msparq-policy[0m [36meval::instant_tests[0m[36m::[0m[34;1mcmp_datetime_orders_by_instant_not_lexical[0m
2026-09-10T16:44:03.7400779Z [32;1m        PASS[0m [   0.004s] (1577/2876) [35;1msparq-policy[0m [36meval::instant_tests[0m[36m::[0m[34;1mleap_second_clamped_not_rejected[0m
2026-09-10T16:44:03.7420062Z [32;1m        PASS[0m [   0.057s] (1578/2876) [35;1msparq-parse::empty_chunk_codecs[0m [34;1mparallel_and_serial_modes_decode_equivalently_with_empty_chunks[0m
2026-09-10T16:44:03.7442852Z [32;1m        PASS[0m [   0.004s] (1579/2876) [35;1msparq-policy[0m [36meval::instant_tests[0m[36m::[0m[34;1moffset_can_borrow_or_carry_across_midnight[0m
2026-09-10T16:44:03.7466884Z [32;1m        PASS[0m [   0.005s] (1580/2876) [35;1msparq-policy[0m [36meval::subsumption_tests[0m[36m::[0m[34;1mcycle_does_not_loop_forever[0m
2026-09-10T16:44:03.7481986Z [32;1m        PASS[0m [   0.004s] (1581/2876) [35;1msparq-policy[0m [36meval::subsumption_tests[0m[36m::[0m[34;1mself_edge_dropped[0m
2026-09-10T16:44:04.4232441Z [32;1m        PASS[0m [   0.675s] (1582/2876) [35;1msparq-policy::odrl_compare[0m [34;1mcompound_constrained_outer_makes_containment_unknown[0m
2026-09-10T16:44:04.4383023Z [32;1m        PASS[0m [   0.015s] (1583/2876) [35;1msparq-policy::odrl_compare[0m [34;1mconstrained_outer_does_not_contain_unconstrained_inner[0m
2026-09-10T16:44:04.4523438Z [32;1m        PASS[0m [   0.014s] (1584/2876) [35;1msparq-policy::odrl_compare[0m [34;1mdifferent_actions_no_conflict[0m
2026-09-10T16:44:04.4668865Z [32;1m        PASS[0m [   0.014s] (1585/2876) [35;1msparq-policy::odrl_compare[0m [34;1midentical_constraint_is_contained[0m
2026-09-10T16:44:04.4829316Z [32;1m        PASS[0m [   0.016s] (1586/2876) [35;1msparq-policy::odrl_compare[0m [34;1mouter_prohibition_blocks_certain_containment[0m
2026-09-10T16:44:04.4933987Z [32;1m        PASS[0m [   0.009s] (1587/2876) [35;1msparq-policy::odrl_compare[0m [34;1msame_kind_rules_never_conflict[0m
2026-09-10T16:44:04.5079529Z [32;1m        PASS[0m [   0.016s] (1588/2876) [35;1msparq-policy::odrl_compare[0m [34;1munconstrained_outer_contains_neq_constrained_inner[0m
2026-09-10T16:44:04.7636453Z [32;1m        PASS[0m [   1.017s] (1589/2876) [35;1msparq-policy::eval_metamorph[0m [34;1mprohibition_overrides_permission[0m
2026-09-10T16:44:05.2857774Z [32;1m        PASS[0m [   0.774s] (1590/2876) [35;1msparq-policy::odrl_conflict_strategy[0m [34;1minvalid_strategy_with_conflict_is_refused[0m
2026-09-10T16:44:05.2932355Z [32;1m        PASS[0m [   0.530s] (1591/2876) [35;1msparq-policy::odrl_conflict_strategy[0m [34;1mparses_each_conflict_term[0m
2026-09-10T16:44:05.2945567Z [32;1m        PASS[0m [   0.012s] (1592/2876) [35;1msparq-policy::odrl_conflict_strategy[0m [34;1mprohibit_strategy_is_admissible[0m
2026-09-10T16:44:05.8360879Z [32;1m        PASS[0m [   0.541s] (1593/2876) [35;1msparq-policy::odrl_constraint_matching[0m [34;1mconcrete_action_is_exact[0m
2026-09-10T16:44:05.8394352Z [32;1m        PASS[0m [   0.545s] (1594/2876) [35;1msparq-policy::odrl_constraint_matching[0m [34;1masset_collection_membership_grants_member_asset[0m
2026-09-10T16:44:05.8457872Z [32;1m        PASS[0m [   0.010s] (1595/2876) [35;1msparq-policy::odrl_constraint_matching[0m [34;1mempty_list_operand_refuses_the_parse[0m
2026-09-10T16:44:05.8480120Z [32;1m        PASS[0m [   0.009s] (1596/2876) [35;1msparq-policy::odrl_constraint_matching[0m [34;1mforked_list_cell_refuses_the_parse[0m
2026-09-10T16:44:05.8770149Z [32;1m        PASS[0m [   0.031s] (1597/2876) [35;1msparq-policy::odrl_constraint_matching[0m [34;1mlogical_and_two_sided_window[0m
2026-09-10T16:44:05.8790990Z [32;1m        PASS[0m [   0.031s] (1598/2876) [35;1msparq-policy::odrl_constraint_matching[0m [34;1mlogical_xone_exactly_one[0m
2026-09-10T16:44:05.8851567Z [32;1m        PASS[0m [   0.008s] (1599/2876) [35;1msparq-policy::odrl_constraint_matching[0m [34;1mnested_list_member_refuses_the_parse[0m
2026-09-10T16:44:05.8903144Z [32;1m        PASS[0m [   0.010s] (1600/2876) [35;1msparq-policy::odrl_constraint_matching[0m [34;1mor_list_valued_operand_set[0m
2026-09-10T16:44:05.8946530Z [32;1m        PASS[0m [   0.009s] (1601/2876) [35;1msparq-policy::odrl_constraint_matching[0m [34;1mparty_collections_is_empty_when_the_document_declares_none[0m
2026-09-10T16:44:05.9005531Z [32;1m        PASS[0m [   0.010s] (1602/2876) [35;1msparq-policy::odrl_constraint_matching[0m [34;1mrecipient_eq_collection_matches_member[0m
2026-09-10T16:44:05.9054308Z [32;1m        PASS[0m [   0.011s] (1603/2876) [35;1msparq-policy::odrl_constraint_matching[0m [34;1mrecipient_neq_collection_excludes_members[0m
2026-09-10T16:44:05.9107192Z [32;1m        PASS[0m [   0.010s] (1604/2876) [35;1msparq-policy::odrl_constraint_matching[0m [34;1mrest_only_head_on_prohibition_refuses_the_parse[0m
2026-09-10T16:44:06.8063509Z [32;1m        PASS[0m [   0.901s] (1605/2876) [35;1msparq-policy::odrl_count_stateless[0m [34;1mstateless_eq_matches_only_the_bound[0m
2026-09-10T16:44:06.8077811Z [32;1m        PASS[0m [   0.896s] (1606/2876) [35;1msparq-policy::odrl_count_stateless[0m [34;1mstateless_lt_excludes_the_bound[0m
2026-09-10T16:44:06.8444896Z [32;1m        PASS[0m [   0.037s] (1607/2876) [35;1msparq-policy::odrl_eval[0m [34;1mdatetime_status_reports_what_evaluate_checks[0m
2026-09-10T16:44:06.8464767Z [32;1m        PASS[0m [   0.040s] (1608/2876) [35;1msparq-policy::odrl_eval[0m [34;1mdate_only_normalized_against_offset_datetime[0m
2026-09-10T16:44:06.8552959Z [32;1m        PASS[0m [   0.011s] (1609/2876) [35;1msparq-policy::odrl_eval[0m [34;1mdatetime_xsd_typed_constant_roundtrips[0m
2026-09-10T16:44:06.8624055Z [32;1m        PASS[0m [   0.014s] (1610/2876) [35;1msparq-policy::odrl_eval[0m [34;1mempty_policy_denies_everything[0m
2026-09-10T16:44:06.8668989Z [32;1m        PASS[0m [   0.012s] (1611/2876) [35;1msparq-policy::odrl_eval[0m [34;1mfractional_seconds_normalized[0m
2026-09-10T16:44:06.8728449Z [32;1m        PASS[0m [   0.012s] (1612/2876) [35;1msparq-policy::odrl_eval[0m [34;1mmalformed_constraint_fails_closed[0m
2026-09-10T16:44:06.8814409Z [32;1m        PASS[0m [   0.012s] (1613/2876) [35;1msparq-policy::odrl_eval[0m [34;1mmixed_offset_request_over_z_bound_denies[0m
2026-09-10T16:44:06.8883987Z [32;1m        PASS[0m [   0.016s] (1614/2876) [35;1msparq-policy::odrl_eval[0m [34;1moffset_bound_normalized_against_z_request[0m
2026-09-10T16:44:06.8962352Z [32;1m        PASS[0m [   0.016s] (1615/2876) [35;1msparq-policy::odrl_eval[0m [34;1mprohibition_status_ambiguous_only_if_no_other_match[0m
2026-09-10T16:44:06.9043999Z [32;1m        PASS[0m [   0.015s] (1616/2876) [35;1msparq-policy::odrl_eval[0m [34;1mprohibition_status_withdrawn_on_structural_mismatch[0m
2026-09-10T16:44:06.9094235Z [32;1m        PASS[0m [   0.012s] (1617/2876) [35;1msparq-policy::odrl_eval[0m [34;1mpurpose_match_grants[0m
2026-09-10T16:44:06.9148687Z [32;1m        PASS[0m [   0.011s] (1618/2876) [35;1msparq-policy::odrl_eval[0m [34;1mpurpose_neq_carves_out_sub_purposes_too[0m
2026-09-10T16:44:06.9239327Z [32;1m        PASS[0m [   0.009s] (1619/2876) [35;1msparq-policy::odrl_eval[0m [34;1mpurpose_subsumption_broader_does_not_grant_under_narrower_permission[0m
2026-09-10T16:44:06.9278869Z [32;1m        PASS[0m [   0.020s] (1620/2876) [35;1msparq-policy::odrl_eval[0m [34;1mpurpose_not_constrained_when_absent[0m
2026-09-10T16:44:06.9374370Z [32;1m        PASS[0m [   0.011s] (1621/2876) [35;1msparq-policy::odrl_eval[0m [34;1mpurpose_subsumption_narrower_grants_under_broader_permission[0m
2026-09-10T16:44:06.9401767Z [32;1m        PASS[0m [   0.012s] (1622/2876) [35;1msparq-policy::odrl_eval[0m [34;1mpurpose_subsumption_via_is_part_of_set[0m
2026-09-10T16:44:06.9460918Z [32;1m        PASS[0m [   0.011s] (1623/2876) [35;1msparq-policy::odrl_eval[0m [34;1mrecipient_is_part_of_set[0m
2026-09-10T16:44:06.9560945Z [32;1m        PASS[0m [   0.016s] (1624/2876) [35;1msparq-policy::odrl_eval[0m [34;1mrecipient_neq_grants_everyone_except_named_party[0m
2026-09-10T16:44:06.9572404Z [32;1m        PASS[0m [   0.011s] (1625/2876) [35;1msparq-policy::odrl_eval[0m [34;1mright_operand_reference_is_parsed_and_matched[0m
2026-09-10T16:44:06.9704160Z [32;1m        PASS[0m [   0.011s] (1626/2876) [35;1msparq-policy::odrl_eval[0m [34;1muntyped_policy_with_rules_is_parsed[0m
2026-09-10T16:44:07.0001369Z [32;1m        PASS[0m [   0.030s] (1627/2876) [35;1msparq-policy::odrl_hierarchy[0m [34;1mspatial_is_part_of_set_with_hierarchy[0m
2026-09-10T16:44:07.0033247Z [32;1m        PASS[0m [   0.042s] (1628/2876) [35;1msparq-policy::odrl_hierarchy[0m [34;1mspatial_cycle_terminates_and_is_fail_closed[0m
2026-09-10T16:44:07.0110439Z [32;1m        PASS[0m [   0.012s] (1629/2876) [35;1msparq-policy::odrl_hierarchy[0m [34;1mspatial_transitive_city_grants[0m
2026-09-10T16:44:07.0128160Z [32;1m        PASS[0m [   0.012s] (1630/2876) [35;1msparq-policy::odrl_hierarchy[0m [34;1mspatial_outside_region_denied[0m
2026-09-10T16:44:07.0417468Z [32;1m        PASS[0m [   0.030s] (1631/2876) [35;1msparq-policy::odrl_right_operand_sets[0m [34;1mcyclic_right_operand_refuses_the_parse[0m
2026-09-10T16:44:07.0452464Z [32;1m        PASS[0m [   0.034s] (1632/2876) [35;1msparq-policy::odrl_right_operand_sets[0m [34;1meq_with_multiple_values_fails_closed[0m
2026-09-10T16:44:07.0558755Z [32;1m        PASS[0m [   0.014s] (1633/2876) [35;1msparq-policy::odrl_right_operand_sets[0m [34;1mis_any_of_list_member_grants_non_member_denied[0m
2026-09-10T16:44:07.0580293Z [32;1m        PASS[0m [   0.013s] (1634/2876) [35;1msparq-policy::odrl_right_operand_sets[0m [34;1mis_part_of_list_member_grants_non_member_denied[0m
2026-09-10T16:44:07.0662970Z [32;1m        PASS[0m [   0.010s] (1635/2876) [35;1msparq-policy::odrl_right_operand_sets[0m [34;1mmalformed_right_operand_inside_logical_constraint_refuses_the_parse[0m
2026-09-10T16:44:07.0729363Z [32;1m        PASS[0m [   0.015s] (1636/2876) [35;1msparq-policy::odrl_right_operand_sets[0m [34;1mprohibition_is_none_of_list_fires_outside_the_set[0m
2026-09-10T16:44:07.0794693Z [32;1m        PASS[0m [   0.013s] (1637/2876) [35;1msparq-policy::odrl_right_operand_sets[0m [34;1mseparator_carrying_member_fails_the_whole_constraint_closed[0m
2026-09-10T16:44:07.1112011Z [32;1m        PASS[0m [   0.032s] (1638/2876) [35;1msparq-policy::odrl_set_operators[0m [34;1mis_any_of_member_grants_non_member_denied[0m
2026-09-10T16:44:07.1186486Z [32;1m        PASS[0m [   0.045s] (1639/2876) [35;1msparq-policy::odrl_set_operators[0m [34;1mcontainment_admits_inner_eq_under_outer_is_none_of[0m
2026-09-10T16:44:07.1329879Z [32;1m        PASS[0m [   0.021s] (1640/2876) [35;1msparq-policy::odrl_set_operators[0m [34;1mis_none_of_numeric_and_datetime_operands_fail_closed[0m
2026-09-10T16:44:07.1350427Z [32;1m        PASS[0m [   0.017s] (1641/2876) [35;1msparq-policy::odrl_set_operators[0m [34;1mrecipient_is_any_of_list_gates_on_requester[0m
2026-09-10T16:44:07.1406806Z [32;1m        PASS[0m [   0.008s] (1642/2876) [35;1msparq-prov[0m [36mdatetime::tests[0m[36m::[0m[34;1mknown_instants[0m
2026-09-10T16:44:07.1443526Z [32;1m        PASS[0m [   0.009s] (1643/2876) [35;1msparq-prov[0m [36mdatetime::tests[0m[36m::[0m[34;1mround_trips_through_core_parser[0m
2026-09-10T16:44:07.1645028Z [32;1m        PASS[0m [   0.018s] (1644/2876) [35;1msparq-prov[0m [36mtests[0m[36m::[0m[34;1mconstruct_used_inputs_are_exposed_in_order_and_materialised[0m
2026-09-10T16:44:07.1654084Z [32;1m        PASS[0m [   0.022s] (1645/2876) [35;1msparq-prov[0m [36mtests[0m[36m::[0m[34;1mconstruct_derivation_emits_core_prov_shape[0m
2026-09-10T16:44:07.1702336Z [32;1m        PASS[0m [   0.008s] (1646/2876) [35;1msparq-prov[0m [36mtests[0m[36m::[0m[34;1mempty_construct_is_still_a_derivation[0m
2026-09-10T16:44:07.1720054Z [32;1m        PASS[0m [   0.009s] (1647/2876) [35;1msparq-prov[0m [36mtests[0m[36m::[0m[34;1mminted_iri_has_exact_known_value[0m
2026-09-10T16:44:07.1814145Z [32;1m        PASS[0m [   0.009s] (1648/2876) [35;1msparq-prov[0m [36mtests[0m[36m::[0m[34;1mprov_turtle_round_trips_the_exact_derivation_graph[0m
2026-09-10T16:44:07.1815468Z [32;1m        PASS[0m [   0.008s] (1649/2876) [35;1msparq-prov[0m [36mtests[0m[36m::[0m[34;1mtiming_reports_the_captured_instants[0m
2026-09-10T16:44:07.1879326Z [32;1m        PASS[0m [   0.008s] (1650/2876) [35;1msparq-prov[0m [36mupdate::tests[0m[36m::[0m[34;1mdelete_where_no_match_is_a_noop[0m
2026-09-10T16:44:07.1886663Z [32;1m        PASS[0m [   0.009s] (1651/2876) [35;1msparq-prov[0m [36mupdate::tests[0m[36m::[0m[34;1mdelete_data_records_operand_batch_as_invalidation[0m
2026-09-10T16:44:07.1945246Z [32;1m        PASS[0m [   0.006s] (1652/2876) [35;1msparq-prov[0m [36mupdate::tests[0m[36m::[0m[34;1mhas_top_level_semicolon_baseline_truth_table[0m
2026-09-10T16:44:07.1954645Z [32;1m        PASS[0m [   0.007s] (1653/2876) [35;1msparq-prov[0m [36mupdate::tests[0m[36m::[0m[34;1mhas_top_level_semicolon_term_skip_truth_table[0m
2026-09-10T16:44:07.2030864Z [32;1m        PASS[0m [   0.008s] (1654/2876) [35;1msparq-prov[0m [36mupdate::tests[0m[36m::[0m[34;1minsert_where_emits_core_prov_shape[0m
2026-09-10T16:44:07.2044565Z [32;1m        PASS[0m [   0.009s] (1655/2876) [35;1msparq-prov[0m [36mupdate::tests[0m[36m::[0m[34;1minsert_where_records_generation_and_derivation[0m
2026-09-10T16:44:07.2085873Z [32;1m        PASS[0m [   0.005s] (1656/2876) [35;1msparq-prov[0m [36mupdate::tests[0m[36m::[0m[34;1mkind_label_classifies_operations[0m
2026-09-10T16:44:07.2135942Z [32;1m        PASS[0m [   0.009s] (1657/2876) [35;1msparq-prov[0m [36mupdate::tests[0m[36m::[0m[34;1mkind_label_using_is_delete_insert_where[0m
2026-09-10T16:44:07.2154614Z [32;1m        PASS[0m [   0.007s] (1658/2876) [35;1msparq-prov[0m [36mupdate::tests[0m[36m::[0m[34;1mpartition_effects_splits_and_preserves_order[0m
2026-09-10T16:44:07.2210391Z [32;1m        PASS[0m [   0.007s] (1659/2876) [35;1msparq-prov[0m [36mupdate::tests[0m[36m::[0m[34;1mpure_delete_generates_nothing[0m
2026-09-10T16:44:07.2219987Z [32;1m        PASS[0m [   0.007s] (1660/2876) [35;1msparq-prov[0m [36mupdate::tests[0m[36m::[0m[34;1mquoted_semicolon_before_real_boundary_is_still_multi_op[0m
2026-09-10T16:44:07.2315286Z [32;1m        PASS[0m [   0.010s] (1661/2876) [35;1msparq-prov[0m [36mupdate::tests[0m[36m::[0m[34;1msemicolon_inside_template_is_not_a_multi_op[0m
2026-09-10T16:44:07.2340892Z [32;1m        PASS[0m [   0.010s] (1662/2876) [35;1msparq-prov[0m [36mupdate::tests[0m[36m::[0m[34;1mupdate_prov_graph_contains_query_recipe[0m
2026-09-10T16:44:07.2551694Z [32;1m        PASS[0m [   0.023s] (1663/2876) [35;1msparq-prov::config_and_errors[0m [34;1mselect_query_returns_a_nonempty_graph_form_error[0m
2026-09-10T16:44:07.2674568Z [32;1m        PASS[0m [   0.035s] (1664/2876) [35;1msparq-prov::proptest_derivation[0m [34;1mduplicate_generation_edge_violates_exact_multiplicity[0m
2026-09-10T16:44:07.2723652Z [32;1m        PASS[0m [   0.005s] (1665/2876) [35;1msparq-py::term_n3[0m [34;1mrenders_language_and_directional_literals[0m
2026-09-10T16:44:07.2787317Z [32;1m        PASS[0m [   0.004s] (1666/2876) [35;1msparq-py::term_render_edges[0m [34;1mlanguage_takes_precedence_over_datatype[0m
2026-09-10T16:44:07.2857633Z [32;1m        PASS[0m [   0.030s] (1667/2876) [35;1msparq-py::planner_features_default[0m [34;1mantijoin_static_decline_reachable_and_optional_result_correct[0m
2026-09-10T16:44:07.2891467Z [32;1m        PASS[0m [   0.012s] (1668/2876) [35;1msparq-reason[0m [36mincremental::tests[0m[36m::[0m[34;1mabox_insert_is_incremental_and_correct[0m
2026-09-10T16:44:07.2924267Z [32;1m        PASS[0m [   0.006s] (1669/2876) [35;1msparq-reason[0m [36mincremental::tests[0m[36m::[0m[34;1minitial_materialization_matches_batch[0m
2026-09-10T16:44:07.2973922Z [32;1m        PASS[0m [   0.006s] (1670/2876) [35;1msparq-reason[0m [36mincremental::tests[0m[36m::[0m[34;1mnoop_mutations[0m
2026-09-10T16:44:07.3003934Z [32;1m        PASS[0m [   0.007s] (1671/2876) [35;1msparq-reason[0m [36mincremental::tests[0m[36m::[0m[34;1mowl_inverse_orientation_and_multi_support[0m
2026-09-10T16:44:07.3023327Z [32;1m        PASS[0m [   0.006s] (1672/2876) [35;1msparq-reason[0m [36mincremental::tests[0m[36m::[0m[34;1mtbox_delete_triggers_rebuild_and_is_correct[0m
2026-09-10T16:44:07.3069678Z [32;1m        PASS[0m [   0.008s] (1673/2876) [35;1msparq-reason[0m [36mn3::compiled::tests[0m[36m::[0m[34;1mcomparisons_not_equal_and_str_not_greater[0m
2026-09-10T16:44:07.3089126Z [32;1m        PASS[0m [   0.008s] (1674/2876) [35;1msparq-reason[0m [36mn3::compiled::tests[0m[36m::[0m[34;1mground_quoted_triple_is_a_builtin_argument[0m
2026-09-10T16:44:07.3130765Z [32;1m        PASS[0m [   0.006s] (1675/2876) [35;1msparq-reason[0m [36mn3::compiled::tests[0m[36m::[0m[34;1mintern_facts_rejects_rule_documents[0m
2026-09-10T16:44:07.3156685Z [32;1m        PASS[0m [   0.006s] (1676/2876) [35;1msparq-reason[0m [36mn3::compiled::tests[0m[36m::[0m[34;1mnot_includes_multi_atom_body_with_shared_wildcard[0m
2026-09-10T16:44:07.3214820Z [32;1m        PASS[0m [   0.008s] (1677/2876) [35;1msparq-reason[0m [36mn3::compiled::tests[0m[36m::[0m[34;1mquoted_pattern_does_not_match_an_asserted_triple[0m
2026-09-10T16:44:07.3235930Z [32;1m        PASS[0m [   0.006s] (1678/2876) [35;1msparq-reason[0m [36mn3::compiled::tests[0m[36m::[0m[34;1mquoted_triple_pattern_correlates_with_outer_bindings[0m
2026-09-10T16:44:07.3289304Z [32;1m        PASS[0m [   0.007s] (1679/2876) [35;1msparq-reason[0m [36mn3::compiled::tests[0m[36m::[0m[34;1mrule_document_facts_enter_the_closure[0m
2026-09-10T16:44:07.3301741Z [32;1m        PASS[0m [   0.007s] (1680/2876) [35;1msparq-reason[0m [36mn3::compiled::tests[0m[36m::[0m[34;1mquoted_triple_shapes_outside_the_subset_error_loudly[0m
2026-09-10T16:44:07.3354200Z [32;1m        PASS[0m [   0.006s] (1681/2876) [35;1msparq-reason[0m [36mn3::compiled::tests[0m[36m::[0m[34;1munsupported_constructs_error_loudly[0m
2026-09-10T16:44:07.3382798Z [32;1m        PASS[0m [   0.006s] (1682/2876) [35;1msparq-reason[0m [36mn3::parser::parse_surface_tests[0m[36m::[0m[34;1mforward_and_backward_rules_and_sameas_sugar[0m
2026-09-10T16:44:07.3403506Z [32;1m        PASS[0m [   0.006s] (1683/2876) [35;1msparq-reason[0m [36mn3::parser::parse_surface_tests[0m[36m::[0m[34;1mpredicate_and_object_lists_with_semicolon_and_comma[0m
2026-09-10T16:44:07.3464149Z [32;1m        PASS[0m [   0.008s] (1684/2876) [35;1msparq-reason[0m [36mn3::parser::parse_surface_tests[0m[36m::[0m[34;1mtyped_lang_bool_integer_decimal_double_literals[0m
2026-09-10T16:44:07.3488158Z [32;1m        PASS[0m [   0.008s] (1685/2876) [35;1msparq-reason[0m [36mn3::serialize::tests[0m[36m::[0m[34;1mquotes_escapes[0m
2026-09-10T16:44:07.3503821Z [32;1m        PASS[0m [   0.006s] (1686/2876) [35;1msparq-reason[0m [36mn3::serialize::tests[0m[36m::[0m[34;1mwrites_each_term_kind[0m
2026-09-10T16:44:07.3569230Z [32;1m        PASS[0m [   0.008s] (1687/2876) [35;1msparq-reason[0m [36mn3::substrate_seam_differential[0m[36m::[0m[34;1mdiff_kept_eye_ops_unchanged[0m
2026-09-10T16:44:07.3599046Z [32;1m        PASS[0m [   0.010s] (1688/2876) [35;1msparq-reason[0m [36mn3::substrate_seam_differential[0m[36m::[0m[34;1mdiff_sum_difference_product_over_matrix[0m
2026-09-10T16:44:07.3644863Z [32;1m        PASS[0m [   0.008s] (1689/2876) [35;1msparq-reason[0m [36mn3::tests[0m[36m::[0m[34;1mbackward_rule_arrow[0m
2026-09-10T16:44:07.3681789Z [32;1m        PASS[0m [   0.007s] (1690/2876) [35;1msparq-reason[0m [36mn3::tests[0m[36m::[0m[34;1mbackward_rule_chained_and_base_case[0m
2026-09-10T16:44:07.3707331Z [32;1m        PASS[0m [   0.006s] (1691/2876) [35;1msparq-reason[0m [36mn3::tests[0m[36m::[0m[34;1mempty_formula_includes_nothing[0m
2026-09-10T16:44:07.3728970Z [32;1m        PASS[0m [   0.006s] (1692/2876) [35;1msparq-reason[0m [36mn3::tests[0m[36m::[0m[34;1mforward_rule_existential_conclusion_skolemized_per_firing[0m
2026-09-10T16:44:07.3794341Z [32;1m        PASS[0m [   0.008s] (1693/2876) [35;1msparq-reason[0m [36mn3::tests[0m[36m::[0m[34;1mfunctional_math_sum_and_product[0m
2026-09-10T16:44:07.3812935Z [32;1m        PASS[0m [   0.008s] (1694/2876) [35;1msparq-reason[0m [36mn3::tests[0m[36m::[0m[34;1mincludes_virtual_first_deferred_binding[0m
2026-09-10T16:44:07.3885913Z [32;1m        PASS[0m [   0.007s] (1695/2876) [35;1msparq-reason[0m [36mn3::tests[0m[36m::[0m[34;1mlist_member_with_bound_variables[0m
2026-09-10T16:44:07.3887326Z [32;1m        PASS[0m [   0.009s] (1696/2876) [35;1msparq-reason[0m [36mn3::tests[0m[36m::[0m[34;1mlist_in_generator[0m
2026-09-10T16:44:07.3945138Z [32;1m        PASS[0m [   0.006s] (1697/2876) [35;1msparq-reason[0m [36mn3::tests[0m[36m::[0m[34;1mlog_includes_ground_formula[0m
2026-09-10T16:44:07.3964044Z [32;1m        PASS[0m [   0.006s] (1698/2876) [35;1msparq-reason[0m [36mn3::tests[0m[36m::[0m[34;1mlog_supports_closes_scope[0m
2026-09-10T16:44:07.4013054Z [32;1m        PASS[0m [   0.007s] (1699/2876) [35;1msparq-reason[0m [36mn3::tests[0m[36m::[0m[34;1mmath_builtin_filter[0m
2026-09-10T16:44:07.4038537Z [32;1m        PASS[0m [   0.008s] (1700/2876) [35;1msparq-reason[0m [36mn3::tests[0m[36m::[0m[34;1mmath_max_and_list_length[0m
2026-09-10T16:44:07.4104389Z [32;1m        PASS[0m [   0.009s] (1701/2876) [35;1msparq-reason[0m [36mn3::tests[0m[36m::[0m[34;1mpath_syntax_backward[0m
2026-09-10T16:44:07.4112873Z [32;1m        PASS[0m [   0.007s] (1702/2876) [35;1msparq-reason[0m [36mn3::tests[0m[36m::[0m[34;1mscoped_negation_not_includes[0m
2026-09-10T16:44:07.4172249Z [32;1m        PASS[0m [   0.007s] (1703/2876) [35;1msparq-reason[0m [36mn3::tests[0m[36m::[0m[34;1mstring_contains_ignoring_case[0m
2026-09-10T16:44:07.4194335Z [32;1m        PASS[0m [   0.007s] (1704/2876) [35;1msparq-reason[0m [36mn3::tests[0m[36m::[0m[34;1mstring_format_subset[0m
2026-09-10T16:44:07.4238608Z [32;1m        PASS[0m [   0.006s] (1705/2876) [35;1msparq-reason[0m [36mn3::tests[0m[36m::[0m[34;1mtime_components_and_unary_math[0m
2026-09-10T16:44:07.4319096Z [32;1m        PASS[0m [   0.014s] (1706/2876) [35;1msparq-reason[0m [36mn3::tests[0m[36m::[0m[34;1mstring_not_matches_regex[0m
2026-09-10T16:44:07.4320511Z [32;1m        PASS[0m [   0.008s] (1707/2876) [35;1msparq-reason[0m [36mn3::tests[0m[36m::[0m[34;1mtime_in_seconds_reverse[0m
2026-09-10T16:44:07.4373253Z [32;1m        PASS[0m [   0.006s] (1708/2876) [35;1msparq-reason[0m [36mn3::tests[0m[36m::[0m[34;1mtrig_domain_error_fails_premise[0m
2026-09-10T16:44:07.4394571Z [32;1m        PASS[0m [   0.007s] (1709/2876) [35;1msparq-reason[0m [36mowl::tests[0m[36m::[0m[34;1mall_different_sameas_pair_clashes[0m
2026-09-10T16:44:07.4439259Z [32;1m        PASS[0m [   0.006s] (1710/2876) [35;1msparq-reason[0m [36mowl::tests[0m[36m::[0m[34;1mall_disjoint_classes_three_members_pairwise[0m
2026-09-10T16:44:07.4467437Z [32;1m        PASS[0m [   0.007s] (1711/2876) [35;1msparq-reason[0m [36mowl::tests[0m[36m::[0m[34;1mcls_svf1_fires_on_a_subclass_derived_type[0m
2026-09-10T16:44:07.4524272Z [32;1m        PASS[0m [   0.007s] (1712/2876) [35;1msparq-reason[0m [36mowl::tests[0m[36m::[0m[34;1mdisjoint_property_fillers_do_not_get_a_differentfrom[0m
2026-09-10T16:44:07.4545397Z [32;1m        PASS[0m [   0.006s] (1713/2876) [35;1msparq-reason[0m [36mowl::tests[0m[36m::[0m[34;1mfunctional_property_does_not_difference_distinct_subjects[0m
2026-09-10T16:44:07.4638580Z [32;1m        PASS[0m [   0.011s] (1714/2876) [35;1msparq-reason[0m [36mowl::tests[0m[36m::[0m[34;1mintersection_of[0m
2026-09-10T16:44:07.4653783Z [32;1m        PASS[0m [   0.011s] (1715/2876) [35;1msparq-reason[0m [36mowl::tests[0m[36m::[0m[34;1mmax_cardinality_one_and_zero[0m
2026-09-10T16:44:07.4753761Z [32;1m        PASS[0m [   0.011s] (1716/2876) [35;1msparq-reason[0m [36mowl::tests[0m[36m::[0m[34;1mone_of_members_typed[0m
2026-09-10T16:44:07.4784941Z [32;1m        PASS[0m [   0.015s] (1717/2876) [35;1msparq-reason[0m [36mowl::tests[0m[36m::[0m[34;1mreflexive_property_does_not_materialize_self_edges[0m
2026-09-10T16:44:07.4833728Z [32;1m        PASS[0m [   0.010s] (1718/2876) [35;1msparq-reason[0m [36mowl::tests[0m[36m::[0m[34;1msameas_and_functional[0m
2026-09-10T16:44:07.4856444Z [32;1m        PASS[0m [   0.007s] (1719/2876) [35;1msparq-reason[0m [36mowl::tests[0m[36m::[0m[34;1mscm_domain_range_propagation[0m
2026-09-10T16:44:07.4914041Z [32;1m        PASS[0m [   0.008s] (1720/2876) [35;1msparq-reason[0m [36mowl::tests[0m[36m::[0m[34;1mscm_svf2_and_hv_restriction_subsumption[0m
2026-09-10T16:44:07.4934677Z [32;1m        PASS[0m [   0.008s] (1721/2876) [35;1msparq-reason[0m [36mowl::tests[0m[36m::[0m[34;1msubproperty_of_a_transitive_property_closes_transitively[0m
2026-09-10T16:44:07.4975105Z [32;1m        PASS[0m [   0.007s] (1722/2876) [35;1msparq-reason[0m [36mrdfs::tests[0m[36m::[0m[34;1mclosure_is_byte_identical_across_join_paths[0m
2026-09-10T16:44:07.5006087Z [32;1m        PASS[0m [   0.007s] (1723/2876) [35;1msparq-reason[0m [36mrdfs::tests[0m[36m::[0m[34;1memit_dr_closure_emits_scm_dom_rng_triples[0m
2026-09-10T16:44:07.5047356Z [32;1m        PASS[0m [   0.007s] (1724/2876) [35;1msparq-reason[0m [36mrdfs::tests[0m[36m::[0m[34;1minverse_of_emits_swapped_predicate[0m
2026-09-10T16:44:07.5067990Z [32;1m        PASS[0m [   0.006s] (1725/2876) [35;1msparq-reason[0m [36mrdfs::tests[0m[36m::[0m[34;1mrdfs_index_derive_fires_every_rule_in_both_delta_directions[0m
2026-09-10T16:44:07.5146617Z [32;1m        PASS[0m [   0.010s] (1726/2876) [35;1msparq-reason[0m [36mrdfs::tests[0m[36m::[0m[34;1msymmetric_property_emits_swapped_edge[0m
2026-09-10T16:44:07.5215799Z [32;1m        PASS[0m [   0.007s] (1727/2876) [35;1msparq-reason::api_entry[0m [34;1mreason_n3_propagates_a_parse_error[0m
2026-09-10T16:44:07.5224834Z [32;1m        PASS[0m [   0.016s] (1728/2876) [35;1msparq-reason::api_entry[0m [34;1mmaterialize_rdfs_via_public_api_derives_the_subclass_closure[0m
2026-09-10T16:44:07.5351683Z [32;1m        PASS[0m [   0.013s] (1729/2876) [35;1msparq-reason::coverage_n3_2nd_pass[0m [34;1mdatetime_inseconds_with_negative_utc_offset[0m
2026-09-10T16:44:07.5414544Z [32;1m        PASS[0m [   0.006s] (1730/2876) [35;1msparq-reason::coverage_n3_2nd_pass[0m [34;1mfallback_blank_var_and_list_in_base[0m
2026-09-10T16:44:07.5475313Z [32;1m        PASS[0m [   0.006s] (1731/2876) [35;1msparq-reason::coverage_n3_2nd_pass[0m [34;1mreason_n3_terms_with_resolver_uses_base[0m
2026-09-10T16:44:07.5535467Z [32;1m        PASS[0m [   0.032s] (1732/2876) [35;1msparq-reason::compiled_equivalence[0m [34;1mevery_corpus_rules_file_compiles[0m
2026-09-10T16:44:07.5546461Z [32;1m        PASS[0m [   0.007s] (1733/2876) [35;1msparq-reason::coverage_n3_2nd_pass[0m [34;1mstring_predicates_roughly_and_case[0m
2026-09-10T16:44:07.5615461Z [32;1m        PASS[0m [   0.008s] (1734/2876) [35;1msparq-reason::default_off_materialization[0m [34;1mmaterialized_graph_incremental_correct_default_off[0m
2026-09-10T16:44:07.5624975Z [32;1m        PASS[0m [   0.008s] (1735/2876) [35;1msparq-reason::default_off_materialization[0m [34;1mrdfs_forward_chaining_correct_default_off[0m
2026-09-10T16:44:07.5742858Z [32;1m        PASS[0m [   0.011s] (1736/2876) [35;1msparq-reason::eye_cases[0m [34;1meye_witch[0m
2026-09-10T16:44:07.5864274Z [32;1m        PASS[0m [   0.010s] (1737/2876) [35;1msparq-reason::incremental_deletion_heavy[0m [34;1mowl_transitive_multipath_retraction_matches_from_scratch[0m
2026-09-10T16:44:07.5894383Z [32;1m        PASS[0m [   0.026s] (1738/2876) [35;1msparq-reason::eye_cases[0m [34;1meye_bi_subset[0m
2026-09-10T16:44:07.5975700Z [32;1m        PASS[0m [   0.009s] (1739/2876) [35;1msparq-reason::incremental_n3_prop[0m [34;1mdelete_of_asserted_layer_derivable_fact_is_an_ownership_transfer[0m
2026-09-10T16:44:07.6150064Z [32;1m        PASS[0m [   0.017s] (1740/2876) [35;1msparq-reason::incremental_n3_prop[0m [34;1msparq_solid_wac_and_acp_rules_qualification_matrix[0m
2026-09-10T16:44:09.8812871Z [32;1m        PASS[0m [   2.266s] (1741/2876) [35;1msparq-reason::incremental_owl_prop[0m [34;1mcounting_mono_matches_from_scratch_over_random_mutations[0m
2026-09-10T16:44:09.8943390Z [32;1m        PASS[0m [   0.013s] (1742/2876) [35;1msparq-reason::n3_builtins[0m [34;1mmath_builtin_on_a_non_number_fails_the_premise[0m
2026-09-10T16:44:09.9010405Z [32;1m        PASS[0m [   0.006s] (1743/2876) [35;1msparq-reason::n3_builtins[0m [34;1mmath_negation_reverse_on_decimal[0m
2026-09-10T16:44:09.9075233Z [32;1m        PASS[0m [   0.006s] (1744/2876) [35;1msparq-reason::n3_builtins[0m [34;1mnumeric_comparisons_hold_and_fail_correctly[0m
2026-09-10T16:44:09.9141816Z [32;1m        PASS[0m [   0.006s] (1745/2876) [35;1msparq-reason::n3_builtins[0m [34;1mstring_ordering_and_prefix_comparisons[0m
2026-09-10T16:44:09.9278793Z [32;1m        PASS[0m [   0.012s] (1746/2876) [35;1msparq-reason::n3_collect_stratified[0m [34;1mcollect_all_keeps_duplicates_findall_semantics[0m
2026-09-10T16:44:09.9337474Z [32;1m        PASS[0m [   0.007s] (1747/2876) [35;1msparq-reason::n3_collect_stratified[0m [34;1mcollect_all_over_a_bound_formula_scope[0m
2026-09-10T16:44:09.9415010Z [32;1m        PASS[0m [   0.006s] (1748/2876) [35;1msparq-reason::n3_collect_stratified[0m [34;1mfor_all_in_over_a_bound_formula_scope[0m
2026-09-10T16:44:09.9497449Z [32;1m        PASS[0m [   0.010s] (1749/2876) [35;1msparq-reason::n3_collect_stratified[0m [34;1mstratified_carried_blank_survives_a_colliding_source_label[0m
2026-09-10T16:44:09.9576933Z [32;1m        PASS[0m [   0.008s] (1750/2876) [35;1msparq-reason::n3_collect_stratified[0m [34;1mstratified_negation_sees_earlier_strata_complete[0m
2026-09-10T16:44:09.9690476Z [32;1m        PASS[0m [   0.011s] (1751/2876) [35;1msparq-reason::n3_formula_scope[0m [34;1mlog_conclusion_returns_the_scope_closure_as_a_formula[0m
2026-09-10T16:44:09.9775382Z [32;1m        PASS[0m [   0.008s] (1752/2876) [35;1msparq-reason::n3_formula_scope[0m [34;1mlog_includes_absent_triple_does_not_fire[0m
2026-09-10T16:44:09.9861413Z [32;1m        PASS[0m [   0.008s] (1753/2876) [35;1msparq-reason::n3_formula_scope[0m [34;1mlog_not_includes_holds_iff_no_match[0m
2026-09-10T16:44:09.9922242Z [32;1m        PASS[0m [   0.006s] (1754/2876) [35;1msparq-reason::n3_formula_scope[0m [34;1mlog_semantics_uses_the_caller_resolver[0m
2026-09-10T16:44:10.0034955Z [32;1m        PASS[0m [   0.011s] (1755/2876) [35;1msparq-reason::n3_import_cycle[0m [34;1mdirect_self_import_terminates[0m
2026-09-10T16:44:10.0099519Z [32;1m        PASS[0m [   0.006s] (1756/2876) [35;1msparq-reason::n3_parser_edges[0m [34;1mbnode_property_list_creates_a_blank_subject[0m
2026-09-10T16:44:10.0184372Z [32;1m        PASS[0m [   0.005s] (1757/2876) [35;1msparq-reason::n3_parser_edges[0m [34;1mfor_all_quantifier_makes_a_universal_variable[0m
2026-09-10T16:44:10.0212074Z [32;1m        PASS[0m [   0.005s] (1758/2876) [35;1msparq-reason::n3_parser_edges[0m [34;1mhas_keyword_is_explicit_forward_predicate[0m
2026-09-10T16:44:10.0264995Z [32;1m        PASS[0m [   0.005s] (1759/2876) [35;1msparq-reason::n3_parser_edges[0m [34;1mis_of_inverse_swaps_subject_and_object[0m
2026-09-10T16:44:10.0335580Z [32;1m        PASS[0m [   0.006s] (1760/2876) [35;1msparq-reason::n3_parser_edges[0m [34;1mnonempty_collection_is_a_list_term[0m
2026-09-10T16:44:10.0393717Z [32;1m        PASS[0m [   0.005s] (1761/2876) [35;1msparq-reason::n3_parser_edges[0m [34;1mprefixed_name_with_escaped_local_punctuation[0m
2026-09-10T16:44:10.0443623Z [32;1m        PASS[0m [   0.005s] (1762/2876) [35;1msparq-reason::n3_parser_edges[0m [34;1msparql_style_prefix_and_base_without_dot[0m
2026-09-10T16:44:10.0503860Z [32;1m        PASS[0m [   0.005s] (1763/2876) [35;1msparq-reason::n3_parser_edges[0m [34;1mstrict_turtle_rejects_local_name_starting_with_hyphen[0m
2026-09-10T16:44:10.0539605Z [32;1m        PASS[0m [   0.005s] (1764/2876) [35;1msparq-reason::n3_parser_edges[0m [34;1mtriple_quoted_string_preserves_newlines[0m
2026-09-10T16:44:10.0625024Z [32;1m        PASS[0m [   0.008s] (1765/2876) [35;1msparq-reason::n3_parser_edges[0m [34;1munterminated_iri_is_an_error[0m
2026-09-10T16:44:10.0853147Z [32;1m        PASS[0m [   0.022s] (1766/2876) [35;1msparq-reason::n3_pass_all[0m [34;1ma_premise_blank_node_is_echoed_as_a_blank_node[0m
2026-09-10T16:44:10.0920804Z [32;1m        PASS[0m [   0.006s] (1767/2876) [35;1msparq-reason::n3_pass_all[0m [34;1mgrounded_mode_grounds_variables_inside_a_quoted_formula[0m
2026-09-10T16:44:10.0986753Z [32;1m        PASS[0m [   0.006s] (1768/2876) [35;1msparq-reason::n3_pass_all[0m [34;1mpass_all_output_is_a_fixpoint_and_keeps_deriving[0m
2026-09-10T16:44:10.1108186Z [32;1m        PASS[0m [   0.012s] (1769/2876) [35;1msparq-reason::n3_query[0m [34;1manswers_are_deduplicated_across_query_rules[0m
2026-09-10T16:44:10.1172795Z [32;1m        PASS[0m [   0.006s] (1770/2876) [35;1msparq-reason::n3_query[0m [34;1mquery_document_facts_are_not_data[0m
2026-09-10T16:44:10.1255151Z [32;1m        PASS[0m [   0.006s] (1771/2876) [35;1msparq-reason::n3_query[0m [34;1mquery_premise_matches_a_first_class_list[0m
2026-09-10T16:44:10.1304059Z [32;1m        PASS[0m [   0.006s] (1772/2876) [35;1msparq-reason::n3_query[0m [34;1mquery_premise_unifies_a_literal_list_pattern[0m
2026-09-10T16:44:10.1434167Z [32;1m        PASS[0m [   0.012s] (1773/2876) [35;1msparq-reason::n3_rdfstar[0m [34;1mblank_in_quote_premise_is_existential[0m
2026-09-10T16:44:10.1483880Z [32;1m        PASS[0m [   0.007s] (1774/2876) [35;1msparq-reason::n3_rdfstar[0m [34;1mid_level_closure_interns_quoted_triples_content_addressed[0m
2026-09-10T16:44:10.1544200Z [32;1m        PASS[0m [   0.006s] (1775/2876) [35;1msparq-reason::n3_rdfstar[0m [34;1mmatch_quoted_triple_binds_inner_vars[0m
2026-09-10T16:44:10.1619704Z [32;1m        PASS[0m [   0.008s] (1776/2876) [35;1msparq-reason::n3_rdfstar[0m [34;1mplain_rules_unregressed[0m
2026-09-10T16:44:10.1690853Z [32;1m        PASS[0m [   0.007s] (1777/2876) [35;1msparq-reason::n3_rdfstar[0m [34;1mquoted_vs_asserted_non_entailment[0m
2026-09-10T16:44:10.1842755Z [32;1m        PASS[0m [   0.015s] (1778/2876) [35;1msparq-reason::non_entailment[0m [34;1mn3_rule_does_not_fire_in_reverse[0m
2026-09-10T16:44:10.1933402Z [32;1m        PASS[0m [   0.009s] (1779/2876) [35;1msparq-reason::non_entailment[0m [34;1mowl_rl_functional_property_is_scoped[0m
2026-09-10T16:44:10.1997603Z [32;1m        PASS[0m [   0.006s] (1780/2876) [35;1msparq-reason::non_entailment[0m [34;1mrdfs_domain_range_do_not_cross[0m
2026-09-10T16:44:10.2090346Z [32;1m        PASS[0m [   0.009s] (1781/2876) [35;1msparq-reason::owl_inconsistencies[0m [34;1mall_disjoint_classes_two_members_is_a_clash[0m
2026-09-10T16:44:10.2175205Z [32;1m        PASS[0m [   0.008s] (1782/2876) [35;1msparq-reason::owl_inconsistencies[0m [34;1mconsistent_ontology_reports_nothing[0m
2026-09-10T16:44:10.2242254Z [32;1m        PASS[0m [   0.006s] (1783/2876) [35;1msparq-reason::owl_inconsistencies[0m [34;1mirreflexive_property_self_loop_is_a_clash[0m
2026-09-10T16:44:10.2314055Z [32;1m        PASS[0m [   0.006s] (1784/2876) [35;1msparq-reason::owl_inconsistencies[0m [34;1mnegative_property_assertion_violated_is_a_clash[0m
2026-09-10T16:44:10.2387235Z [32;1m        PASS[0m [   0.008s] (1785/2876) [35;1msparq-reason::owl_inconsistencies[0m [34;1msame_as_and_different_from_is_a_clash[0m
2026-09-10T16:44:10.2528686Z [32;1m        PASS[0m [   0.014s] (1786/2876) [35;1msparq-reason-dl[0m [36mextract::tests[0m[36m::[0m[34;1mdatatype_range_object_refuses_extraction[0m
2026-09-10T16:44:10.2644405Z [32;1m        PASS[0m [   0.009s] (1787/2876) [35;1msparq-reason-dl[0m [36mextract::tests[0m[36m::[0m[34;1mextract_singleton_intersection_normalizes_to_member[0m
2026-09-10T16:44:10.2673913Z [32;1m        PASS[0m [   0.005s] (1788/2876) [35;1msparq-reason-dl[0m [36mmodel::tests[0m[36m::[0m[34;1mclass_expression_constructors_and_atomicity[0m
2026-09-10T16:44:10.2740405Z [32;1m        PASS[0m [   0.007s] (1789/2876) [35;1msparq-reason-dl[0m [36mnnf::tests[0m[36m::[0m[34;1mis_nnf_accepts_nnf_and_rejects_buried_negation[0m
2026-09-10T16:44:10.2818087Z [32;1m        PASS[0m [   0.008s] (1790/2876) [35;1msparq-reason-dl[0m [36mnnf::tests[0m[36m::[0m[34;1msubexpression_closure_dedups_in_first_visit_order[0m
2026-09-10T16:44:10.2904014Z [32;1m        PASS[0m [   0.007s] (1791/2876) [35;1msparq-reason-dl[0m [36mrender::tests[0m[36m::[0m[34;1mrender_to_triples_some_values_from_direct[0m
2026-09-10T16:44:10.2983824Z [32;1m        PASS[0m [   0.007s] (1792/2876) [35;1msparq-reason-dl[0m [36mrender::tests[0m[36m::[0m[34;1mround_trip_all_values_from[0m
2026-09-10T16:44:10.3063182Z [32;1m        PASS[0m [   0.006s] (1793/2876) [35;1msparq-reason-dl[0m [36mrender::tests[0m[36m::[0m[34;1mround_trip_disjoint_classes[0m
2026-09-10T16:44:10.3124015Z [32;1m        PASS[0m [   0.008s] (1794/2876) [35;1msparq-reason-dl[0m [36mrender::tests[0m[36m::[0m[34;1mround_trip_equivalent_classes_named_composite[0m
2026-09-10T16:44:10.3214087Z [32;1m        PASS[0m [   0.007s] (1795/2876) [35;1msparq-reason-dl[0m [36mrender::tests[0m[36m::[0m[34;1mround_trip_nested_some_intersection[0m
2026-09-10T16:44:10.3263753Z [32;1m        PASS[0m [   0.007s] (1796/2876) [35;1msparq-reason-dl[0m [36mrender::tests[0m[36m::[0m[34;1mround_trip_self_referential_equivalence[0m
2026-09-10T16:44:10.3353944Z [32;1m        PASS[0m [   0.007s] (1797/2876) [35;1msparq-reason-dl[0m [36mrender::tests[0m[36m::[0m[34;1mround_trip_subclass_chain[0m
2026-09-10T16:44:10.3424007Z [32;1m        PASS[0m [   0.007s] (1798/2876) [35;1msparq-reason-dl[0m [36mrender::tests[0m[36m::[0m[34;1mround_trip_union[0m
2026-09-10T16:44:10.3453877Z [32;1m        PASS[0m [   0.005s] (1799/2876) [35;1msparq-reason-dl[0m [36mtableau::tests[0m[36m::[0m[34;1mclass_satisfiability_direct[0m
2026-09-10T16:44:10.3507929Z [32;1m        PASS[0m [   0.006s] (1800/2876) [35;1msparq-reason-dl[0m [36mtableau::tests[0m[36m::[0m[34;1mnested_input_exercises_closure_interner_alignment[0m
2026-09-10T16:44:10.3644753Z [32;1m        PASS[0m [   0.013s] (1801/2876) [35;1msparq-reason-dl::extract[0m [34;1maccept_consumed_anonymous_union_backbone[0m
2026-09-10T16:44:10.3779067Z [32;1m        PASS[0m [   0.013s] (1802/2876) [35;1msparq-reason-dl::extract[0m [34;1maccept_named_intersection_with_use_site[0m
2026-09-10T16:44:10.3865553Z [32;1m        PASS[0m [   0.008s] (1803/2876) [35;1msparq-reason-dl::extract[0m [34;1maccept_unambiguous_property_in_range[0m
2026-09-10T16:44:10.3983011Z [32;1m        PASS[0m [   0.010s] (1804/2876) [35;1msparq-reason-dl::extract[0m [34;1mannotations_and_declarations_ignored[0m
2026-09-10T16:44:10.4037087Z [32;1m        PASS[0m [   0.007s] (1805/2876) [35;1msparq-reason-dl::extract[0m [34;1mcomplement_of[0m
2026-09-10T16:44:10.4118124Z [32;1m        PASS[0m [   0.008s] (1806/2876) [35;1msparq-reason-dl::extract[0m [34;1mfail_closed_rejects_whole_graph_on_one_bad_triple[0m
2026-09-10T16:44:10.4208708Z [32;1m        PASS[0m [   0.009s] (1807/2876) [35;1msparq-reason-dl::extract[0m [34;1mnamed_class_intersection_emits_equivalent_classes[0m
2026-09-10T16:44:10.4314296Z [32;1m        PASS[0m [   0.008s] (1808/2876) [35;1msparq-reason-dl::extract[0m [34;1mnamed_composite_equiv_prepended_before_use_site_axioms[0m
2026-09-10T16:44:10.4373982Z [32;1m        PASS[0m [   0.007s] (1809/2876) [35;1msparq-reason-dl::extract[0m [34;1mobject_property_assertion_declared[0m
2026-09-10T16:44:10.4458559Z [32;1m        PASS[0m [   0.010s] (1810/2876) [35;1msparq-reason-dl::extract[0m [34;1mreject_blank_node_sub_property_of[0m
2026-09-10T16:44:10.4557987Z [32;1m        PASS[0m [   0.010s] (1811/2876) [35;1msparq-reason-dl::extract[0m [34;1mreject_cyclic_class_expression[0m
2026-09-10T16:44:10.4623877Z [32;1m        PASS[0m [   0.006s] (1812/2876) [35;1msparq-reason-dl::extract[0m [34;1mreject_data_construct_literal_in_class[0m
2026-09-10T16:44:10.4701965Z [32;1m        PASS[0m [   0.007s] (1813/2876) [35;1msparq-reason-dl::extract[0m [34;1mreject_duplicate_some_values_from[0m
2026-09-10T16:44:10.4751881Z [32;1m        PASS[0m [   0.006s] (1814/2876) [35;1msparq-reason-dl::extract[0m [34;1mreject_malformed_list_unterminated[0m
2026-09-10T16:44:10.4887996Z [32;1m        PASS[0m [   0.013s] (1815/2876) [35;1msparq-reason-dl::extract[0m [34;1mreject_max_ce_depth[0m
2026-09-10T16:44:10.4957378Z [32;1m        PASS[0m [   0.007s] (1816/2876) [35;1msparq-reason-dl::extract[0m [34;1mreject_out_of_fragment_inverse[0m
2026-09-10T16:44:10.5029370Z [32;1m        PASS[0m [   0.007s] (1817/2876) [35;1msparq-reason-dl::extract[0m [34;1mreject_out_of_fragment_sameas[0m
2026-09-10T16:44:10.5097774Z [32;1m        PASS[0m [   0.007s] (1818/2876) [35;1msparq-reason-dl::extract[0m [34;1mreject_pun_use_then_declare_annotation_on_property[0m
2026-09-10T16:44:10.5169564Z [32;1m        PASS[0m [   0.007s] (1819/2876) [35;1msparq-reason-dl::extract[0m [34;1mreject_punned_property_in_domain[0m
2026-09-10T16:44:10.5239309Z [32;1m        PASS[0m [   0.007s] (1820/2876) [35;1msparq-reason-dl::extract[0m [34;1mreject_punned_property_in_sub_property_of[0m
2026-09-10T16:44:10.5308655Z [32;1m        PASS[0m [   0.007s] (1821/2876) [35;1msparq-reason-dl::extract[0m [34;1mreject_restriction_both_some_and_all_values_from[0m
2026-09-10T16:44:10.5370064Z [32;1m        PASS[0m [   0.006s] (1822/2876) [35;1msparq-reason-dl::extract[0m [34;1mreject_unconsumed_union_backbone_i5_5_007[0m
2026-09-10T16:44:10.5432225Z [32;1m        PASS[0m [   0.006s] (1823/2876) [35;1msparq-reason-dl::extract[0m [34;1msome_values_from[0m
2026-09-10T16:44:10.5497443Z [32;1m        PASS[0m [   0.007s] (1824/2876) [35;1msparq-reason-dl::extract[0m [34;1mthing_and_nothing[0m
2026-09-10T16:44:10.5658049Z [32;1m        PASS[0m [   0.016s] (1825/2876) [35;1msparq-reason-dl::profile[0m [34;1mcross_some_in_el_in_ql_not_rl[0m
2026-09-10T16:44:10.5735351Z [32;1m        PASS[0m [   0.005s] (1826/2876) [35;1msparq-reason-dl::profile[0m [34;1mel_accept_intersection_and_somefrom[0m
2026-09-10T16:44:10.5772364Z [32;1m        PASS[0m [   0.006s] (1827/2876) [35;1msparq-reason-dl::profile[0m [34;1mel_reject_complementof_not_el_ce[0m
2026-09-10T16:44:10.5830506Z [32;1m        PASS[0m [   0.005s] (1828/2876) [35;1msparq-reason-dl::profile[0m [34;1mmembership_helpers_and_profileset_helpers[0m
2026-09-10T16:44:10.5892954Z [32;1m        PASS[0m [   0.006s] (1829/2876) [35;1msparq-reason-dl::profile[0m [34;1mproperty_domain_range_named_in_all_profiles[0m
2026-09-10T16:44:10.5955551Z [32;1m        PASS[0m [   0.006s] (1830/2876) [35;1msparq-reason-dl::profile[0m [34;1mql_accept_property_domain_some_thing[0m
2026-09-10T16:44:10.6035276Z [32;1m        PASS[0m [   0.008s] (1831/2876) [35;1msparq-reason-dl::profile[0m [34;1mql_accept_some_thing_as_sub_ce[0m
2026-09-10T16:44:10.6111013Z [32;1m        PASS[0m [   0.007s] (1832/2876) [35;1msparq-reason-dl::profile[0m [34;1mql_reject_allvaluesfrom_as_super_ce[0m
2026-09-10T16:44:10.6169607Z [32;1m        PASS[0m [   0.006s] (1833/2876) [35;1msparq-reason-dl::profile[0m [34;1mql_reject_some_non_thing_filler_as_sub_ce[0m
2026-09-10T16:44:10.6229279Z [32;1m        PASS[0m [   0.006s] (1834/2876) [35;1msparq-reason-dl::profile[0m [34;1mrl_accept_class_assertion_complementof[0m
2026-09-10T16:44:10.6299163Z [32;1m        PASS[0m [   0.007s] (1835/2876) [35;1msparq-reason-dl::profile[0m [34;1mrl_accept_nothing_in_super_position[0m
2026-09-10T16:44:10.6363183Z [32;1m        PASS[0m [   0.006s] (1836/2876) [35;1msparq-reason-dl::profile[0m [34;1mrl_accept_union_in_sub_position[0m
2026-09-10T16:44:10.6422085Z [32;1m        PASS[0m [   0.006s] (1837/2876) [35;1msparq-reason-dl::profile[0m [34;1mrl_reject_thing_in_sub_position[0m
2026-09-10T16:44:10.6492410Z [32;1m        PASS[0m [   0.007s] (1838/2876) [35;1msparq-reason-dl::profile[0m [34;1mrl_reject_union_as_super_ce[0m
2026-09-10T16:44:10.6595562Z [32;1m        PASS[0m [   0.010s] (1839/2876) [35;1msparq-reason-dl::tableau[0m [34;1mcanary_root_blocks_cyclic_class[0m
2026-09-10T16:44:10.6657693Z [32;1m        PASS[0m [   0.006s] (1840/2876) [35;1msparq-reason-dl::tableau[0m [34;1mcyclic_tbox_with_universal_contradiction_is_unsatisfiable[0m
2026-09-10T16:44:10.6774251Z [32;1m        PASS[0m [   0.009s] (1841/2876) [35;1msparq-reason-dl::tableau[0m [34;1mend_to_end_turtle_consistency_pair[0m
2026-09-10T16:44:10.6803626Z [32;1m        PASS[0m [   0.006s] (1842/2876) [35;1msparq-reason-dl::tableau[0m [34;1mexists_forall_interaction_pair[0m
2026-09-10T16:44:10.6866391Z [32;1m        PASS[0m [   0.006s] (1843/2876) [35;1msparq-reason-dl::tableau[0m [34;1mforall_on_super_role_constrains_sub_role_edge_pair[0m
2026-09-10T16:44:10.6976037Z [32;1m        PASS[0m [   0.011s] (1844/2876) [35;1msparq-reason-dl::tableau[0m [34;1mfragment_rejection_inverse_roles_yield_unknown_out_of_fragment[0m
2026-09-10T16:44:10.7047409Z [32;1m        PASS[0m [   0.007s] (1845/2876) [35;1msparq-reason-dl::tableau[0m [34;1mor_branching_sat_unsat_pair[0m
2026-09-10T16:44:10.7119461Z [32;1m        PASS[0m [   0.007s] (1846/2876) [35;1msparq-reason-dl::tableau[0m [34;1mstrict_superset_of_ancestor_must_not_block[0m
2026-09-10T16:44:11.0490976Z [32;1m        PASS[0m [   3.464s] (1847/2876) [35;1msparq-reason::incremental_n3_prop[0m [34;1mcounting_with_layer_guard_and_builtins_matches_from_scratch[0m
2026-09-10T16:44:11.5229944Z [32;1m        PASS[0m [   0.474s] (1848/2876) [35;1msparq-reason-dl::bench/tableau_micro[0m [34;1mtableau_check_by_depth/not_subsumed/2[0m
2026-09-10T16:44:12.0075278Z [32;1m        PASS[0m [   0.484s] (1849/2876) [35;1msparq-reason-dl::bench/tableau_micro[0m [34;1mtableau_check_by_depth/sat/1[0m
2026-09-10T16:44:12.4977282Z [32;1m        PASS[0m [   0.490s] (1850/2876) [35;1msparq-reason-dl::bench/tableau_micro[0m [34;1mtableau_check_by_depth/sat/8[0m
2026-09-10T16:44:12.9695230Z [32;1m        PASS[0m [   0.472s] (1851/2876) [35;1msparq-reason-dl::bench/tableau_micro[0m [34;1mtableau_check_by_depth/subsumed/4[0m
2026-09-10T16:44:13.4485303Z [32;1m        PASS[0m [   0.479s] (1852/2876) [35;1msparq-reason-dl::bench/tableau_micro[0m [34;1mtableau_check_by_depth/unsat/2[0m
2026-09-10T16:44:13.4928638Z [32;1m        PASS[0m [   0.044s] (1853/2876) [35;1msparq-reason-el[0m [36mtests[0m[36m::[0m[34;1mconjunction_subsumption[0m
2026-09-10T16:44:13.5044048Z [32;1m        PASS[0m [   0.010s] (1854/2876) [35;1msparq-reason-el[0m [36mtests[0m[36m::[0m[34;1mdisjoint_makes_unsatisfiable[0m
2026-09-10T16:44:13.5107360Z [32;1m        PASS[0m [   0.008s] (1855/2876) [35;1msparq-reason-el[0m [36mtests[0m[36m::[0m[34;1mmalformed_has_self_is_skipped[0m
2026-09-10T16:44:13.5193997Z [32;1m        PASS[0m [   0.007s] (1856/2876) [35;1msparq-reason-el[0m [36mtests[0m[36m::[0m[34;1msafe_nominal_has_value_classifies_instead_of_skipping[0m
2026-09-10T16:44:13.7424539Z [32;1m        PASS[0m [   0.224s] (1857/2876) [35;1msparq-reason-el::differential[0m [34;1mclassify_graph_emits_full_closure_not_just_told_edges[0m
2026-09-10T16:44:13.7512042Z [32;1m        PASS[0m [   0.009s] (1858/2876) [35;1msparq-reason-el::differential[0m [34;1mdisjoint_with_non_el_side_is_skipped_via_the_disjoint_branch[0m
2026-09-10T16:44:13.7579049Z [32;1m        PASS[0m [   0.006s] (1859/2876) [35;1msparq-reason-el::differential[0m [34;1mel_conjunction_and_equivalence[0m
2026-09-10T16:44:13.7648303Z [32;1m        PASS[0m [   0.007s] (1860/2876) [35;1msparq-reason-el::differential[0m [34;1mexplicit_owl_nothing_superclass_makes_class_unsatisfiable[0m
2026-09-10T16:44:13.7719197Z [32;1m        PASS[0m [   0.007s] (1861/2876) [35;1msparq-reason-el::differential[0m [34;1mreport_counts_named_classes_and_emitted_subsumptions[0m
2026-09-10T16:44:13.7803816Z [32;1m        PASS[0m [   0.007s] (1862/2876) [35;1msparq-reason-el::differential[0m [34;1msingle_element_intersection_reduces_to_its_member[0m
2026-09-10T16:44:13.7883844Z [32;1m        PASS[0m [   0.007s] (1863/2876) [35;1msparq-reason-el::differential[0m [34;1mthree_way_conjunction_left_fold_requires_all_conjuncts[0m
2026-09-10T16:44:13.7993728Z [32;1m        PASS[0m [   0.013s] (1864/2876) [35;1msparq-reason-el::nominals[0m [34;1mclassify_graph_with_nominals_is_idempotent_and_never_leaks_individuals[0m
2026-09-10T16:44:13.8087774Z [32;1m        PASS[0m [   0.009s] (1865/2876) [35;1msparq-reason-el::nominals[0m [34;1mcr6_reachability_spans_multiple_links[0m
2026-09-10T16:44:13.8149607Z [32;1m        PASS[0m [   0.006s] (1866/2876) [35;1msparq-reason-el::nominals[0m [34;1mhas_value_and_singleton_one_of_unify_on_the_same_nominal[0m
2026-09-10T16:44:13.8234232Z [32;1m        PASS[0m [   0.008s] (1867/2876) [35;1msparq-reason-ql[0m [36mcq::tests[0m[36m::[0m[34;1maccepts_distinct[0m
2026-09-10T16:44:13.8334618Z [32;1m        PASS[0m [   0.010s] (1868/2876) [35;1msparq-reason-ql[0m [36mcq::tests[0m[36m::[0m[34;1mas_conjunctive_query_rejects_multi_branch_ucq[0m
2026-09-10T16:44:13.8394932Z [32;1m        PASS[0m [   0.006s] (1869/2876) [35;1msparq-reason-ql[0m [36mcq::tests[0m[36m::[0m[34;1mfilter_on_non_distinguished_var_rejected[0m
2026-09-10T16:44:13.8474316Z [32;1m        PASS[0m [   0.006s] (1870/2876) [35;1msparq-reason-ql[0m [36mcq::tests[0m[36m::[0m[34;1mrdfs_domain_predicate_rejected[0m
2026-09-10T16:44:13.8524778Z [32;1m        PASS[0m [   0.007s] (1871/2876) [35;1msparq-reason-ql[0m [36mcq::tests[0m[36m::[0m[34;1mrdfs_sub_property_of_predicate_rejected[0m
2026-09-10T16:44:13.8592391Z [32;1m        PASS[0m [   0.006s] (1872/2876) [35;1msparq-reason-ql[0m [36mcq::tests[0m[36m::[0m[34;1mrejects_bind[0m
2026-09-10T16:44:13.8655882Z [32;1m        PASS[0m [   0.006s] (1873/2876) [35;1msparq-reason-ql[0m [36mcq::tests[0m[36m::[0m[34;1mrejects_optional[0m
2026-09-10T16:44:13.8733795Z [32;1m        PASS[0m [   0.005s] (1874/2876) [35;1msparq-reason-ql[0m [36mcq::tests[0m[36m::[0m[34;1mucq_three_branch_accepted[0m
2026-09-10T16:44:13.8760962Z [32;1m        PASS[0m [   0.005s] (1875/2876) [35;1msparq-reason-ql[0m [36mcq::tests[0m[36m::[0m[34;1mvalues_over_distinguished_with_constants_accepted[0m
2026-09-10T16:44:13.8843795Z [32;1m        PASS[0m [   0.005s] (1876/2876) [35;1msparq-reason-ql[0m [36mdllite::tests[0m[36m::[0m[34;1mfully_captured_true_iff_no_skipped_and_no_unrecognised[0m
2026-09-10T16:44:13.8865536Z [32;1m        PASS[0m [   0.005s] (1877/2876) [35;1msparq-reason-ql[0m [36mdllite::tests[0m[36m::[0m[34;1mrole_inverse_roundtrips[0m
2026-09-10T16:44:13.8921422Z [32;1m        PASS[0m [   0.005s] (1878/2876) [35;1msparq-reason-ql[0m [36mdllite::tests[0m[36m::[0m[34;1msubclass_complement_resolves_existential_operands[0m
2026-09-10T16:44:13.9005928Z [32;1m        PASS[0m [   0.008s] (1879/2876) [35;1msparq-reason-ql::path_desugar[0m [34;1malternation_rejected_by_as_conjunctive_query[0m
2026-09-10T16:44:13.9057740Z [32;1m        PASS[0m [   0.005s] (1880/2876) [35;1msparq-reason-ql::path_desugar[0m [34;1minverse_in_alternation_arm_swaps_subject_object[0m
2026-09-10T16:44:13.9108426Z [32;1m        PASS[0m [   0.005s] (1881/2876) [35;1msparq-reason-ql::path_desugar[0m [34;1mone_or_more_rejected[0m
2026-09-10T16:44:13.9164483Z [32;1m        PASS[0m [   0.005s] (1882/2876) [35;1msparq-reason-ql::path_desugar[0m [34;1msequence_with_recursive_arm_rejected[0m
2026-09-10T16:44:13.9223977Z [32;1m        PASS[0m [   0.006s] (1883/2876) [35;1msparq-reason-ql::path_desugar[0m [34;1mzero_or_more_rejected[0m
2026-09-10T16:44:13.9294278Z [32;1m        PASS[0m [   0.007s] (1884/2876) [35;1msparq-reason-ql::tbox_capture[0m [34;1mall_values_from_still_counted_skipped[0m
2026-09-10T16:44:13.9363507Z [32;1m        PASS[0m [   0.005s] (1885/2876) [35;1msparq-reason-ql::tbox_capture[0m [34;1mdisjoint_with_increments_consistency_relevant[0m
2026-09-10T16:44:13.9423675Z [32;1m        PASS[0m [   0.005s] (1886/2876) [35;1msparq-reason-ql::tbox_capture[0m [34;1mequivalent_property_captures_both_directions[0m
2026-09-10T16:44:13.9463577Z [32;1m        PASS[0m [   0.005s] (1887/2876) [35;1msparq-reason-ql::tbox_capture[0m [34;1mfully_captured_false_when_unrecognised_schema_nonzero[0m
2026-09-10T16:44:13.9492014Z [32;1m        PASS[0m [   0.005s] (1888/2876) [35;1msparq-reason-ql::tbox_capture[0m [34;1montology_metadata_predicates_not_counted_as_unrecognised[0m
2026-09-10T16:44:13.9540570Z [32;1m        PASS[0m [   0.005s] (1889/2876) [35;1msparq-reason-ql::tbox_capture[0m [34;1mql_legal_declarations_stay_fully_captured[0m
2026-09-10T16:44:13.9643702Z [32;1m        PASS[0m [   0.007s] (1890/2876) [35;1msparq-reason-wasm[0m [36mtests[0m[36m::[0m[34;1mjson_string_escaping[0m
2026-09-10T16:44:13.9922379Z [32;1m        PASS[0m [   0.031s] (1891/2876) [35;1msparq-reason-wasm[0m [36mtests[0m[36m::[0m[34;1mn3_query_matches_a_first_class_list[0m
2026-09-10T16:44:14.0030558Z [32;1m        PASS[0m [   0.011s] (1892/2876) [35;1msparq-reason-wasm[0m [36mtests[0m[36m::[0m[34;1mn3_rule_entails_conclusion[0m
2026-09-10T16:44:14.0149125Z [32;1m        PASS[0m [   0.012s] (1893/2876) [35;1msparq-reason-wasm[0m [36mtests[0m[36m::[0m[34;1mstats_counts_are_consistent[0m
2026-09-10T16:44:14.0488574Z [32;1m        PASS[0m [   0.034s] (1894/2876) [35;1msparq-rsp[0m [36meval::tests[0m[36m::[0m[34;1msnapshot_and_delta_agree_per_window[0m
2026-09-10T16:44:14.0644707Z [32;1m        PASS[0m [   0.013s] (1895/2876) [35;1msparq-rsp[0m [36mquery::tests[0m[36m::[0m[34;1mselect_diff_uses_exact_term_rows[0m
2026-09-10T16:44:14.0768803Z [32;1m        PASS[0m [   0.015s] (1896/2876) [35;1msparq-rsp::boundary_unit[0m [34;1madvance_is_noop_on_count_window[0m
2026-09-10T16:44:14.1042907Z [32;1m        PASS[0m [   0.026s] (1897/2876) [35;1msparq-rsp::boundary_unit[0m [34;1mconstruct_dstream_set_minus_exact[0m
2026-09-10T16:44:14.1105812Z [32;1m        PASS[0m [   0.008s] (1898/2876) [35;1msparq-rsp::boundary_unit[0m [34;1mcontinuous_construct_accessors[0m
2026-09-10T16:44:14.1189877Z [32;1m        PASS[0m [   0.008s] (1899/2876) [35;1msparq-rsp::boundary_unit[0m [34;1mcontinuous_multi_query_accessors[0m
2026-09-10T16:44:14.1265664Z [32;1m        PASS[0m [   0.007s] (1900/2876) [35;1msparq-rsp::boundary_unit[0m [34;1mgap_boundary_ts_equal_to_range_is_not_in_window[0m
2026-09-10T16:44:14.1334928Z [32;1m        PASS[0m [   0.007s] (1901/2876) [35;1msparq-rsp::boundary_unit[0m [34;1mmulti_query_rejects_single_window[0m
2026-09-10T16:44:14.1423575Z [32;1m        PASS[0m [   0.008s] (1902/2876) [35;1msparq-rsp::boundary_unit[0m [34;1mrspql_register_dstream_and_rstream_keywords[0m
2026-09-10T16:44:14.1495280Z [32;1m        PASS[0m [   0.007s] (1903/2876) [35;1msparq-rsp::boundary_unit[0m [34;1mrspql_rejects_missing_stream_iri[0m
2026-09-10T16:44:14.1574662Z [32;1m        PASS[0m [   0.008s] (1904/2876) [35;1msparq-rsp::boundary_unit[0m [34;1mrspql_rejects_register_without_as[0m
2026-09-10T16:44:14.1673912Z [32;1m        PASS[0m [   0.010s] (1905/2876) [35;1msparq-rsp::boundary_unit[0m [34;1mrspql_window_inside_single_quote_string_not_rewritten[0m
2026-09-10T16:44:14.1763722Z [32;1m        PASS[0m [   0.006s] (1906/2876) [35;1msparq-rsp::boundary_unit[0m [34;1mtriple_stream_len_is_empty_items_push_item[0m
2026-09-10T16:44:14.2761237Z [32;1m        PASS[0m [   0.102s] (1907/2876) [35;1msparq-rsp::boundary_unit[0m [34;1mwindow_spec_time_step_zero_panics[0m
2026-09-10T16:44:14.3174274Z [32;1m        PASS[0m [   0.040s] (1908/2876) [35;1msparq-rsp::boundary_unit[0m [34;1mwith_slide_on_time_window_panics[0m
2026-09-10T16:44:14.3524000Z [32;1m        PASS[0m [   0.034s] (1909/2876) [35;1msparq-rsp::budget[0m [34;1mask_window_timeout_trips[0m
2026-09-10T16:44:14.3714352Z [32;1m        PASS[0m [   0.021s] (1910/2876) [35;1msparq-rsp::budget[0m [34;1mmulti_budget_max_rows_trips_on_tick[0m
2026-09-10T16:44:14.3809620Z [32;1m        PASS[0m [   0.009s] (1911/2876) [35;1msparq-rsp::budget[0m [34;1mselect_expired_absolute_deadline_not_extended_by_window_timeout[0m
2026-09-10T16:44:14.3899858Z [32;1m        PASS[0m [   0.009s] (1912/2876) [35;1msparq-rsp::budget[0m [34;1mselect_window_timeout_bounds_each_evaluation[0m
2026-09-10T16:44:14.4210162Z [32;1m        PASS[0m [   0.031s] (1913/2876) [35;1msparq-rsp::multi_window[0m [34;1mistream_over_multi_window_join[0m
2026-09-10T16:44:14.4355009Z [32;1m        PASS[0m [   0.013s] (1914/2876) [35;1msparq-rsp::multi_window[0m [34;1mmulti_window_join_only_matches_shared_subject[0m
2026-09-10T16:44:14.4430585Z [32;1m        PASS[0m [   0.009s] (1915/2876) [35;1msparq-rsp::multi_window[0m [34;1mthree_window_join_correctness[0m
2026-09-10T16:44:14.4574357Z [32;1m        PASS[0m [   0.012s] (1916/2876) [35;1msparq-rsp::proptest_window[0m [34;1mfully_late_arrival_is_dropped_counted_once_and_never_emitted[0m
2026-09-10T16:44:14.4829891Z [32;1m        PASS[0m [   0.025s] (1917/2876) [35;1msparq-rsp::rsp[0m [34;1mcontinuous_ask_reports_per_window_booleans[0m
2026-09-10T16:44:14.5034298Z [32;1m        PASS[0m [   0.023s] (1918/2876) [35;1msparq-rsp::rsp[0m [34;1mcontinuous_construct_istream_dstream_set_diffs[0m
2026-09-10T16:44:14.5236740Z [32;1m        PASS[0m [   0.020s] (1919/2876) [35;1msparq-rsp::rsp[0m [34;1mcontinuous_query_over_count_window[0m
2026-09-10T16:44:14.5449778Z [32;1m        PASS[0m [   0.021s] (1920/2876) [35;1msparq-rsp::rsp[0m [34;1mdstream_emits_only_removed_rows_including_via_empty_window[0m
2026-09-10T16:44:14.5516024Z [32;1m        PASS[0m [   0.006s] (1921/2876) [35;1msparq-rsp::rsp[0m [34;1mgap_first_arrival_anchors_and_empty_window_is_still_emitted[0m
2026-09-10T16:44:14.5714170Z [32;1m        PASS[0m [   0.017s] (1922/2876) [35;1msparq-rsp::rsp[0m [34;1mistream_emits_only_added_rows[0m
2026-09-10T16:44:14.6784483Z [32;1m        PASS[0m [   3.965s] (1923/2876) [35;1msparq-reason-dl::tableau_crosscheck[0m [34;1moracle_never_contradicts_an_unsatisfiable_verdict_deep[0m
2026-09-10T16:44:14.6863745Z [32;1m        PASS[0m [   0.006s] (1924/2876) [35;1msparq-rsp::rsp[0m [34;1mrows_window_membership_is_arrival_order_not_timestamp_order[0m
2026-09-10T16:44:14.6920024Z [32;1m        PASS[0m [   0.006s] (1925/2876) [35;1msparq-rsp::rsp[0m [34;1msliding_windows_overlap[0m
2026-09-10T16:44:14.7876216Z [32;1m        PASS[0m [   0.098s] (1926/2876) [35;1msparq-rsp::rsp[0m [34;1mt0_on_count_window_panics[0m
2026-09-10T16:44:14.8014872Z [32;1m        PASS[0m [   0.014s] (1927/2876) [35;1msparq-rsp::rsp[0m [34;1mtumbling_windows_partition_without_double_counting[0m
2026-09-10T16:44:14.8227686Z [32;1m        PASS[0m [   0.021s] (1928/2876) [35;1msparq-rsp::rspql_parse[0m [34;1mnew_window_forms_parse_and_rewrite_correctly[0m
2026-09-10T16:44:14.8286747Z [32;1m        PASS[0m [   0.006s] (1929/2876) [35;1msparq-rsp::rspql_parse[0m [34;1mparses_representative_rspql_query[0m
2026-09-10T16:44:14.8343850Z [32;1m        PASS[0m [   0.006s] (1930/2876) [35;1msparq-rsp::rspql_parse[0m [34;1mrejects_malformed_headers[0m
2026-09-10T16:44:14.8405855Z [32;1m        PASS[0m [   0.006s] (1931/2876) [35;1msparq-rsp::rspql_parse[0m [34;1mrejects_sliding_without_step[0m
2026-09-10T16:44:14.8458247Z [32;1m        PASS[0m [   0.005s] (1932/2876) [35;1msparq-rsp::rspql_parse[0m [34;1municode_in_body_survives_rewrite[0m
2026-09-10T16:44:15.1357921Z [32;1m        PASS[0m [   0.290s] (1933/2876) [35;1msparq-rsp::srbench_oracle[0m [34;1mrsp_srbench_expressivity_ratchet[0m
2026-09-10T16:44:15.1443848Z [32;1m        PASS[0m [   0.006s] (1934/2876) [35;1msparq-rsp::srbench_oracle[0m [34;1mtime_windows_helper_is_correct[0m
2026-09-10T16:44:15.1488373Z [32;1m        PASS[0m [   0.007s] (1935/2876) [35;1msparq-rsp::stream_edge_paths[0m [34;1mpush_batch_preserves_item_order_and_content[0m
2026-09-10T16:44:15.1813378Z [32;1m        PASS[0m [   0.032s] (1936/2876) [35;1msparq-rsp::window_oracle[0m [34;1mboundary_inclusivity_on_sliding_overlap[0m
2026-09-10T16:44:15.2024458Z [32;1m        PASS[0m [   0.021s] (1937/2876) [35;1msparq-rsp::window_oracle[0m [34;1mempty_windows_match_batch_zero_result[0m
2026-09-10T16:44:17.6603705Z [32;1m        PASS[0m [   2.458s] (1938/2876) [35;1msparq-rsp::window_oracle[0m [34;1mfuzz_in_order_streams_streamed_equals_batch[0m
2026-09-10T16:44:17.6700123Z [32;1m        PASS[0m [   0.009s] (1939/2876) [35;1msparq-rsp::window_oracle[0m [34;1moracle_projection_with_order_by_equals_batch[0m
2026-09-10T16:44:17.6793124Z [32;1m        PASS[0m [   0.009s] (1940/2876) [35;1msparq-rsp::window_oracle[0m [34;1moracle_with_max_delay_out_of_order_equals_batch[0m
2026-09-10T16:44:17.6822412Z [32;1m        PASS[0m [   3.113s] (1941/2876) [35;1msparq-rsp::rsp[0m [34;1mpersistent_dict_compaction_bounds_growth_on_churning_vocabulary[0m
2026-09-10T16:44:17.6853935Z [32;1m        PASS[0m [   0.006s] (1942/2876) [35;1msparq-rsp::window_oracle[0m [34;1msliding_late_tuple_dropped_once_all_covering_windows_closed[0m
2026-09-10T16:44:17.6884074Z [32;1m        PASS[0m [   0.005s] (1943/2876) [35;1msparq-rsp::example/throughput[0m [36mtests[0m[36m::[0m[34;1mjson_str_escapes[0m
2026-09-10T16:44:17.6936145Z [32;1m        PASS[0m [   0.006s] (1944/2876) [35;1msparq-rsp-wasm[0m [36mtests[0m[36m::[0m[34;1mu64_arg_narrows_js_numbers[0m
2026-09-10T16:44:17.7005516Z [32;1m        PASS[0m [   0.014s] (1945/2876) [35;1msparq-rsp-wasm[0m [36mtests[0m[36m::[0m[34;1mparse_triple_reading[0m
2026-09-10T16:44:17.7013811Z [32;1m        PASS[0m [   0.006s] (1946/2876) [35;1msparq-secprop-vocab[0m [36mtests[0m[36m::[0m[34;1massurance_default_and_audit_gate_are_documented[0m
2026-09-10T16:44:17.7092731Z [32;1m        PASS[0m [   0.010s] (1947/2876) [35;1msparq-secprop-vocab::secprop_ttl[0m [34;1msecprop_ext_ttl_declares_every_minted_term[0m
2026-09-10T16:44:17.7144386Z [32;1m        PASS[0m [   0.013s] (1948/2876) [35;1msparq-secprop-vocab[0m [36mtests[0m[36m::[0m[34;1msecprop_ext_iris_match_rust_constants[0m
2026-09-10T16:44:17.7171054Z [32;1m        PASS[0m [   0.005s] (1949/2876) [35;1msparq-serve::cache_feature_state[0m [34;1mepoch_vector_bumps_touched_pods_only[0m
2026-09-10T16:44:18.0913922Z [32;1m        PASS[0m [   0.374s] (1950/2876) [35;1msparq-serve::commute[0m [34;1mfuzz_differential_window_vs_commute_vs_serial[0m
2026-09-10T16:44:18.1584530Z [32;1m        PASS[0m [   0.065s] (1951/2876) [35;1msparq-serve::embed_facade[0m [34;1mask_returns_correct_bool[0m
2026-09-10T16:44:18.1784526Z [32;1m        PASS[0m [   0.021s] (1952/2876) [35;1msparq-serve::embed_facade[0m [34;1mnamed_graph_exists_reports_correct_presence[0m
2026-09-10T16:44:18.2090605Z [32;1m        PASS[0m [   0.031s] (1953/2876) [35;1msparq-serve::embed_facade[0m [34;1mquery_returns_structured_rows[0m
2026-09-10T16:44:18.2697701Z [32;1m        PASS[0m [   0.060s] (1954/2876) [35;1msparq-serve::embed_seam[0m [34;1mfork_update_publish_preserves_pinned_snapshot_and_advances_generations[0m
2026-09-10T16:44:18.2823680Z [32;1m        PASS[0m [   0.010s] (1955/2876) [35;1msparq-serve::error_display[0m [34;1mwrite_error_display_is_distinct_and_carries_payload[0m
2026-09-10T16:44:18.2943586Z [32;1m        PASS[0m [   0.012s] (1956/2876) [35;1msparq-serve::footprint[0m [34;1mdelete_data_named_graph_records_named_target[0m
2026-09-10T16:44:18.3063552Z [32;1m        PASS[0m [   0.014s] (1957/2876) [35;1msparq-serve::footprint[0m [34;1mgraph_applier_footprint_matches_of_sparql[0m
2026-09-10T16:44:18.3203804Z [32;1m        PASS[0m [   0.012s] (1958/2876) [35;1msparq-serve::footprint[0m [34;1mmixed_insert_delete_update_tracks_both_graph_sets[0m
2026-09-10T16:44:18.3306647Z [32;1m        PASS[0m [   0.013s] (1959/2876) [35;1msparq-serve::footprint[0m [34;1mwhere_driven_update_is_a_barrier[0m
2026-09-10T16:44:18.3934542Z [32;1m        PASS[0m [   0.062s] (1960/2876) [35;1msparq-serve::real_store[0m [34;1mring_serves_real_graph_snapshots_consistently[0m
2026-09-10T16:44:18.4073838Z [32;1m        PASS[0m [   0.014s] (1961/2876) [35;1msparq-serve::ring[0m [34;1mepoch_bumps_only_for_touched_pods[0m
2026-09-10T16:44:18.4193594Z [32;1m        PASS[0m [   0.011s] (1962/2876) [35;1msparq-serve::ring[0m [34;1mreaders_pin_old_generations_while_writer_publishes_past[0m
2026-09-10T16:44:19.5105829Z [32;1m        PASS[0m [   1.801s] (1963/2876) [35;1msparq-serve::batch_atomicity[0m [34;1mreader_sees_zero_or_all_of_a_bulk_update[0m
2026-09-10T16:44:19.5183892Z [32;1m        PASS[0m [   1.100s] (1964/2876) [35;1msparq-serve::scheduler[0m [34;1mhead_of_line_cheap_p99_bounded_under_expensive_query[0m
2026-09-10T16:44:19.8252133Z [32;1m        PASS[0m [   0.314s] (1965/2876) [35;1msparq-serve::scheduler[0m [34;1mheavy_query_not_starved_under_cheap_flood[0m
2026-09-10T16:44:19.8532861Z [32;1m        PASS[0m [   0.026s] (1966/2876) [35;1msparq-serve::scheduler[0m [34;1msrpt_approx_picks_cheaper_heavy_first[0m
2026-09-10T16:44:19.8570416Z [32;1m        PASS[0m [   0.005s] (1967/2876) [35;1msparq-serve::scheduler_api[0m [34;1mdepth_reports_queue_occupancy[0m
2026-09-10T16:44:19.8643606Z [32;1m        PASS[0m [   0.005s] (1968/2876) [35;1msparq-serve::scheduler_api[0m [34;1msubmitted_and_completed_counters_track_jobs[0m
2026-09-10T16:44:19.8768592Z [32;1m        PASS[0m [   0.359s] (1969/2876) [35;1msparq-serve::scheduler[0m [34;1mpanicking_job_is_isolated[0m
2026-09-10T16:44:19.8821469Z [32;1m        PASS[0m [   0.006s] (1970/2876) [35;1msparq-serve::time_travel[0m [34;1mat_hits_every_retained_generation_and_misses_the_rest[0m
2026-09-10T16:44:19.8867040Z [32;1m        PASS[0m [   0.004s] (1971/2876) [35;1msparq-serve::time_travel[0m [34;1mk_floor_wins_when_time_travel_bound_is_smaller[0m
2026-09-10T16:44:19.8934503Z [32;1m        PASS[0m [   0.007s] (1972/2876) [35;1msparq-serve::tokens[0m [34;1mread_your_writes_boundary[0m
2026-09-10T16:44:19.9003830Z [32;1m        PASS[0m [   0.007s] (1973/2876) [35;1msparq-serve::writer[0m [34;1madaptive_commit_still_batches_a_queued_backlog[0m
2026-09-10T16:44:19.9063761Z [32;1m        PASS[0m [   0.006s] (1974/2876) [35;1msparq-serve::writer[0m [34;1mcommit_hook_fires_once_per_publish_with_chained_pairs_before_ack[0m
2026-09-10T16:44:19.9116710Z [32;1m        PASS[0m [   0.005s] (1975/2876) [35;1msparq-serve::writer[0m [34;1mcommit_hook_not_fired_when_nothing_publishes[0m
2026-09-10T16:44:19.9268518Z [32;1m        PASS[0m [   0.015s] (1976/2876) [35;1msparq-serve::writer[0m [34;1mmaintain_failure_keeps_writer_alive[0m
2026-09-10T16:44:19.9321138Z [32;1m        PASS[0m [   0.005s] (1977/2876) [35;1msparq-serve::writer[0m [34;1mpersistent_seal_failure_refuses_repeatedly_reads_survive[0m
2026-09-10T16:44:19.9449420Z [32;1m        PASS[0m [   0.013s] (1978/2876) [35;1msparq-serve::writer[0m [34;1mrestore_on_in_memory_applier_errors_and_keeps_writer_alive[0m
2026-09-10T16:44:19.9532325Z [32;1m        PASS[0m [   0.008s] (1979/2876) [35;1msparq-serve::writer[0m [34;1msync_submit_returns_its_generation_number[0m
2026-09-10T16:44:19.9744322Z [32;1m        PASS[0m [   0.110s] (1980/2876) [35;1msparq-serve::scheduler_real_store[0m [34;1msnapshot_consistency_preserved_under_concurrent_writes[0m
2026-09-10T16:44:20.0048003Z [32;1m        PASS[0m [   0.031s] (1981/2876) [35;1msparq-serve::writer_graph[0m [34;1mconsecutive_windows_consecutive_generations[0m
2026-09-10T16:44:20.0128766Z [32;1m        PASS[0m [   0.008s] (1982/2876) [35;1msparq-server[0m [36mcors_config::tests[0m[36m::[0m[34;1mblank_entries_ignored[0m
2026-09-10T16:44:20.0230062Z [32;1m        PASS[0m [   0.010s] (1983/2876) [35;1msparq-server[0m [36mcors_config::tests[0m[36m::[0m[34;1mexact_origin_allowed_others_not[0m
2026-09-10T16:44:20.0297664Z [32;1m        PASS[0m [   0.006s] (1984/2876) [35;1msparq-server[0m [36mcors_config::tests[0m[36m::[0m[34;1mnull_origin_never_allowed[0m
2026-09-10T16:44:20.0356280Z [32;1m        PASS[0m [   0.006s] (1985/2876) [35;1msparq-server[0m [36mcors_config::tests[0m[36m::[0m[34;1mwildcard_rejected[0m
2026-09-10T16:44:20.0383770Z [32;1m        PASS[0m [   0.085s] (1986/2876) [35;1msparq-serve::writer[0m [34;1mwindow_timing_approximately_honored[0m
2026-09-10T16:44:20.0465552Z [32;1m        PASS[0m [   0.011s] (1987/2876) [35;1msparq-server[0m [36mexec::tests[0m[36m::[0m[34;1mbad_using_graph_uri_is_error[0m
2026-09-10T16:44:20.0484456Z [32;1m        PASS[0m [   0.009s] (1988/2876) [35;1msparq-server[0m [36mexec::tests[0m[36m::[0m[34;1mdefault_graph_uri_synthesizes_from_clause[0m
2026-09-10T16:44:20.0534126Z [32;1m        PASS[0m [   0.006s] (1989/2876) [35;1msparq-server[0m [36mexec::tests[0m[36m::[0m[34;1moverride_replaces_in_query_from_clause[0m
2026-09-10T16:44:20.0547105Z [32;1m        PASS[0m [   0.007s] (1990/2876) [35;1msparq-server[0m [36mexec::tests[0m[36m::[0m[34;1mmalformed_is_error[0m
2026-09-10T16:44:20.0610311Z [32;1m        PASS[0m [   0.007s] (1991/2876) [35;1msparq-server[0m [36mexec::tests[0m[36m::[0m[34;1musing_override_injects_using_into_delete_insert[0m
2026-09-10T16:44:20.0653730Z [32;1m        PASS[0m [   0.010s] (1992/2876) [35;1msparq-server[0m [36mgraph::tests[0m[36m::[0m[34;1mparse_rdfxml_rejects_an_invalid_base_iri[0m
2026-09-10T16:44:20.0695016Z [32;1m        PASS[0m [   0.006s] (1993/2876) [35;1msparq-server[0m [36mhealth_probe::tests[0m[36m::[0m[34;1mnon_200_is_unhealthy[0m
2026-09-10T16:44:20.0714440Z [32;1m        PASS[0m [   0.010s] (1994/2876) [35;1msparq-server[0m [36mgraph::tests[0m[36m::[0m[34;1mrdfxml_is_wellformed_and_roundtrips[0m
2026-09-10T16:44:20.0774308Z [32;1m        PASS[0m [   0.005s] (1995/2876) [35;1msparq-server[0m [36mhealth_probe::tests[0m[36m::[0m[34;1mstatus_line_without_trailing_crlf_still_parses[0m
2026-09-10T16:44:20.0814154Z [32;1m        PASS[0m [   0.010s] (1996/2876) [35;1msparq-server[0m [36mhealth_probe::tests[0m[36m::[0m[34;1mrun_probe_caps_read_buffer_at_4096_bytes[0m
2026-09-10T16:44:20.0892787Z [32;1m        PASS[0m [   0.009s] (1997/2876) [35;1msparq-server[0m [36mhttp::auth_tests[0m[36m::[0m[34;1mauth_gate_write_only_gates_writes_not_reads[0m
2026-09-10T16:44:20.0954426Z [32;1m        PASS[0m [   0.006s] (1998/2876) [35;1msparq-server[0m [36mhttp::auth_tests[0m[36m::[0m[34;1mbearer_token_tolerates_scheme_casing[0m
2026-09-10T16:44:20.1004208Z [32;1m        PASS[0m [   0.020s] (1999/2876) [35;1msparq-server[0m [36mhttp::apply_update_mvcc_tests[0m[36m::[0m[34;1msuccessful_insert_data_returns_positive_generation[0m
2026-09-10T16:44:20.1044941Z [32;1m        PASS[0m [   0.007s] (2000/2876) [35;1msparq-server[0m [36mhttp::auth_tests[0m[36m::[0m[34;1msubprotocol_bearer_token_absent_without_the_prefix[0m
2026-09-10T16:44:20.1073688Z [32;1m        PASS[0m [   0.006s] (2001/2876) [35;1msparq-server[0m [36mhttp::auth_tests[0m[36m::[0m[34;1mws_auth_gate_no_token_never_gates[0m
2026-09-10T16:44:20.1089936Z [32;1m        PASS[0m [   0.006s] (2002/2876) [35;1msparq-server[0m [36mhttp::bind_posture_tests[0m[36m::[0m[34;1menv_truthy_recognises_common_forms[0m
2026-09-10T16:44:20.1105019Z [32;1m        PASS[0m [   0.007s] (2003/2876) [35;1msparq-server[0m [36mhttp::bind_posture_tests[0m[36m::[0m[34;1mnon_loopback_with_optin_warns_but_proceeds[0m
2026-09-10T16:44:20.1171571Z [32;1m        PASS[0m [   0.007s] (2004/2876) [35;1msparq-server[0m [36mhttp::budget_envelope_tests[0m[36m::[0m[34;1mrow_cap_both_set_rows_tighter_names_memory_cap_knob[0m
2026-09-10T16:44:20.1204819Z [32;1m        PASS[0m [   0.011s] (2005/2876) [35;1msparq-server[0m [36mhttp::bind_posture_tests[0m[36m::[0m[34;1mwrite_only_token_with_optin_warns_reads_open[0m
2026-09-10T16:44:20.1233671Z [32;1m        PASS[0m [   0.006s] (2006/2876) [35;1msparq-server[0m [36mhttp::budget_envelope_tests[0m[36m::[0m[34;1mtimeout_in_engine_error_delegates_to_timeout_response_503[0m
2026-09-10T16:44:20.1270686Z [32;1m        PASS[0m [   0.007s] (2007/2876) [35;1msparq-server[0m [36mhttp::dataset_override_tests[0m[36m::[0m[34;1mform_values_ignores_pairs_without_equals[0m
2026-09-10T16:44:20.1311115Z [32;1m        PASS[0m [   0.007s] (2008/2876) [35;1msparq-server[0m [36mhttp::dataset_override_tests[0m[36m::[0m[34;1mrewrite_update_rejects_bad_graph_uri_with_400[0m
2026-09-10T16:44:20.1335405Z [32;1m        PASS[0m [   0.007s] (2009/2876) [35;1msparq-server[0m [36mhttp::dataset_override_tests[0m[36m::[0m[34;1mupdate_and_query_overrides_read_repeated_protocol_params[0m
2026-09-10T16:44:20.1402754Z [32;1m        PASS[0m [   0.009s] (2010/2876) [35;1msparq-server[0m [36mhttp::from_env_tests[0m[36m::[0m[34;1madaptive_commit_is_on_by_default[0m
2026-09-10T16:44:20.1417966Z [32;1m        PASS[0m [   0.008s] (2011/2876) [35;1msparq-server[0m [36mhttp::from_env_tests[0m[36m::[0m[34;1menv_parse_returns_some_when_var_is_set_to_a_valid_value[0m
2026-09-10T16:44:20.1471679Z [32;1m        PASS[0m [   0.007s] (2012/2876) [35;1msparq-server[0m [36mhttp::from_env_tests[0m[36m::[0m[34;1mfrom_env_reads_sparq_body_read_timeout[0m
2026-09-10T16:44:20.1494670Z [32;1m        PASS[0m [   0.008s] (2013/2876) [35;1msparq-server[0m [36mhttp::from_env_tests[0m[36m::[0m[34;1mfrom_env_reads_sparq_log_full_requests[0m
2026-09-10T16:44:20.1541426Z [32;1m        PASS[0m [   0.007s] (2014/2876) [35;1msparq-server[0m [36mhttp::from_env_tests[0m[36m::[0m[34;1mfrom_env_reads_sparq_max_query_bytes[0m
2026-09-10T16:44:20.1566423Z [32;1m        PASS[0m [   0.007s] (2015/2876) [35;1msparq-server[0m [36mhttp::from_env_tests[0m[36m::[0m[34;1mfrom_env_reads_sparq_max_subscriptions[0m
2026-09-10T16:44:20.1634486Z [32;1m        PASS[0m [   0.008s] (2016/2876) [35;1msparq-server[0m [36mhttp::from_env_tests[0m[36m::[0m[34;1mfrom_env_reads_sparq_query_timeout[0m
2026-09-10T16:44:20.1663888Z [32;1m        PASS[0m [   0.007s] (2017/2876) [35;1msparq-server[0m [36mhttp::from_env_tests[0m[36m::[0m[34;1mfrom_env_with_no_sparq_vars_set_returns_ok_with_default_values[0m
2026-09-10T16:44:20.1699082Z [32;1m        PASS[0m [   0.006s] (2018/2876) [35;1msparq-server[0m [36mhttp::gsp_helpers_tests[0m[36m::[0m[34;1mbase_iri_is_the_named_graph_iri_or_none_for_default[0m
2026-09-10T16:44:20.1782361Z [32;1m        PASS[0m [   0.008s] (2019/2876) [35;1msparq-server[0m [36mhttp::gsp_helpers_tests[0m[36m::[0m[34;1mbody_to_ntriples_roundtrips_valid_turtle_to_canonical_ntriples[0m
2026-09-10T16:44:20.1798081Z [32;1m        PASS[0m [   0.016s] (2020/2876) [35;1msparq-server[0m [36mhttp::gsp_empty_body_paths_tests[0m[36m::[0m[34;1mdefault_graph_empty_body_is_204_noop[0m
2026-09-10T16:44:20.1862231Z [32;1m        PASS[0m [   0.008s] (2021/2876) [35;1msparq-server[0m [36mhttp::hardening_unit_tests[0m[36m::[0m[34;1mgzip_within_ratio_decodes[0m
2026-09-10T16:44:20.1884886Z [32;1m        PASS[0m [   0.010s] (2022/2876) [35;1msparq-server[0m [36mhttp::hardening_unit_tests[0m[36m::[0m[34;1mratio_zero_refuses_gzip[0m
2026-09-10T16:44:20.1949335Z [32;1m        PASS[0m [   0.009s] (2023/2876) [35;1msparq-server[0m [36mhttp::hardening_unit_tests[0m[36m::[0m[34;1mupdate_where_deadline_defaults_to_query_timeout_unchanged[0m
2026-09-10T16:44:20.1964845Z [32;1m        PASS[0m [   0.008s] (2024/2876) [35;1msparq-server[0m [36mhttp::header_read_timeout_config_tests[0m[36m::[0m[34;1mheader_read_timeout_is_independent_of_query_timeout[0m
2026-09-10T16:44:20.2017316Z [32;1m        PASS[0m [   0.007s] (2025/2876) [35;1msparq-server[0m [36mhttp::json_error_bodies_middleware_tests[0m[36m::[0m[34;1mallow_header_is_preserved_after_plain_text_rewrite[0m
2026-09-10T16:44:20.2034633Z [32;1m        PASS[0m [   0.007s] (2026/2876) [35;1msparq-server[0m [36mhttp::json_error_bodies_middleware_tests[0m[36m::[0m[34;1mplain_text_error_is_rewritten_to_json_envelope[0m
2026-09-10T16:44:20.2092068Z [32;1m        PASS[0m [   0.007s] (2027/2876) [35;1msparq-server[0m [36mhttp::json_error_tests[0m[36m::[0m[34;1msanitized_error_withholds_the_sensitive_detail_from_the_body[0m
2026-09-10T16:44:20.2113818Z [32;1m        PASS[0m [   0.006s] (2028/2876) [35;1msparq-server[0m [36mhttp::not_acceptable_head_tests[0m[36m::[0m[34;1mnot_acceptable_get_carries_json_error_body[0m
2026-09-10T16:44:20.2174374Z [32;1m        PASS[0m [   0.006s] (2029/2876) [35;1msparq-server[0m [36mhttp::pure_helper_unit_tests[0m[36m::[0m[34;1mexecution_error_maps_to_500_with_sanitised_body[0m
2026-09-10T16:44:20.2223876Z [32;1m        PASS[0m [   0.006s] (2030/2876) [35;1msparq-server[0m [36mhttp::pure_helper_unit_tests[0m[36m::[0m[34;1mrow_to_triple_returns_some_for_blank_node_subject[0m
2026-09-10T16:44:20.2243673Z [32;1m        PASS[0m [   0.006s] (2031/2876) [35;1msparq-server[0m [36mhttp::timeout_none_tests[0m[36m::[0m[34;1mtimeout_none_produces_zero_seconds_in_body[0m
2026-09-10T16:44:20.2275937Z [32;1m        PASS[0m [   0.006s] (2032/2876) [35;1msparq-server[0m [36mhttp::touched_pods_tests[0m[36m::[0m[34;1mdefault_graph_data_op_is_global[0m
2026-09-10T16:44:20.2313827Z [32;1m        PASS[0m [   0.007s] (2033/2876) [35;1msparq-server[0m [36mhttp::touched_pods_tests[0m[36m::[0m[34;1mmixed_named_and_global_bumps_both[0m
2026-09-10T16:44:20.2341144Z [32;1m        PASS[0m [   0.007s] (2034/2876) [35;1msparq-server[0m [36mhttp::touched_pods_tests[0m[36m::[0m[34;1mdelete_insert_variable_graph_target_is_global[0m
2026-09-10T16:44:20.2363750Z [32;1m        PASS[0m [   0.007s] (2035/2876) [35;1msparq-server[0m [36mhttp::truncation_safety_tests[0m[36m::[0m[34;1mevery_abort_class_gets_its_own_reason[0m
2026-09-10T16:44:20.2365758Z [32;1m        PASS[0m [   0.008s] (2036/2876) [35;1msparq-server[0m [36mhttp::truncation_safety_tests[0m[36m::[0m[34;1ma_complete_stream_delivers_the_closing_bytes_and_claims_completeness[0m
2026-09-10T16:44:20.2444366Z [32;1m        PASS[0m [   0.007s] (2037/2876) [35;1msparq-server[0m [36mhttp::truncation_safety_tests[0m[36m::[0m[34;1mwithout_negotiated_trailers_a_truncation_fails_the_framing[0m
2026-09-10T16:44:20.2466222Z [32;1m        PASS[0m [   0.007s] (2038/2876) [35;1msparq-server[0m [36mnegotiate::tests[0m[36m::[0m[34;1mdefaults_to_json[0m
2026-09-10T16:44:20.2503458Z [32;1m        PASS[0m [   0.006s] (2039/2876) [35;1msparq-server[0m [36mnegotiate::tests[0m[36m::[0m[34;1mgraph_format_jsonld[0m
2026-09-10T16:44:20.2533783Z [32;1m        PASS[0m [   0.006s] (2040/2876) [35;1msparq-server[0m [36mnegotiate::tests[0m[36m::[0m[34;1mgraph_or_406_supported_and_unsatisfiable[0m
2026-09-10T16:44:20.2563761Z [32;1m        PASS[0m [   0.006s] (2041/2876) [35;1msparq-server[0m [36mnegotiate::tests[0m[36m::[0m[34;1mor_406_present_unsatisfiable_is_not_acceptable[0m
2026-09-10T16:44:20.2577643Z [32;1m        PASS[0m [   0.006s] (2042/2876) [35;1msparq-server[0m [36mnegotiate::tests[0m[36m::[0m[34;1munsupported_falls_back_to_json[0m
2026-09-10T16:44:20.2633594Z [32;1m        PASS[0m [   0.006s] (2043/2876) [35;1msparq-server[0m [36mredact::tests[0m[36m::[0m[34;1mfingerprint_matches_fnv1a[0m
2026-09-10T16:44:20.2634801Z [32;1m        PASS[0m [   0.006s] (2044/2876) [35;1msparq-server[0m [36mresults::tests[0m[36m::[0m[34;1mask_serialisers[0m
2026-09-10T16:44:20.2683755Z [32;1m        PASS[0m [   0.006s] (2045/2876) [35;1msparq-server[0m [36mresults::tests[0m[36m::[0m[34;1mis_turtle_boolean_returns_false_for_non_boolean_lexical_form[0m
2026-09-10T16:44:20.2844323Z [32;1m        PASS[0m [   0.012s] (2046/2876) [35;1msparq-server[0m [36mresults::tests[0m[36m::[0m[34;1mpush_ws_charref_encodes_tab_and_carriage_return[0m
2026-09-10T16:44:20.2962204Z [32;1m        PASS[0m [   0.016s] (2047/2876) [35;1msparq-server[0m [36mresults::tests[0m[36m::[0m[34;1mtsv_chunks_empty_result[0m
2026-09-10T16:44:20.3003545Z [32;1m        PASS[0m [   0.038s] (2048/2876) [35;1msparq-server[0m [36mresults::tests[0m[36m::[0m[34;1mcsv_chunks_splits_large_result[0m
2026-09-10T16:44:20.3064214Z [32;1m        PASS[0m [   0.009s] (2049/2876) [35;1msparq-server[0m [36mresults::tests[0m[36m::[0m[34;1mtsv_computed_fractional_double_is_canonical_scientific[0m
2026-09-10T16:44:20.3093594Z [32;1m        PASS[0m [   0.008s] (2050/2876) [35;1msparq-server[0m [36mresults::tests[0m[36m::[0m[34;1mxml_and_tsv_triple_terms[0m
2026-09-10T16:44:20.3148434Z [32;1m        PASS[0m [   0.008s] (2051/2876) [35;1msparq-server[0m [36mresults::tests[0m[36m::[0m[34;1mxml_has_header_and_results[0m
2026-09-10T16:44:20.3173526Z [32;1m        PASS[0m [   0.006s] (2052/2876) [35;1msparq-server[0m [36mservice_config::tests[0m[36m::[0m[34;1madd_many_splits_on_comma_and_whitespace[0m
2026-09-10T16:44:20.3203988Z [32;1m        PASS[0m [   0.006s] (2053/2876) [35;1msparq-server[0m [36mservice_config::tests[0m[36m::[0m[34;1mexact_host_is_lowercased_and_deduped[0m
2026-09-10T16:44:20.3233643Z [32;1m        PASS[0m [   0.006s] (2054/2876) [35;1msparq-server[0m [36mservice_config::tests[0m[36m::[0m[34;1mfrom_sources_reads_file_with_comments_and_blanks[0m
2026-09-10T16:44:20.3259785Z [32;1m        PASS[0m [   0.006s] (2055/2876) [35;1msparq-server[0m [36mservice_config::tests[0m[36m::[0m[34;1mmalformed_wildcards_rejected[0m
2026-09-10T16:44:20.3283795Z [32;1m        PASS[0m [   0.006s] (2056/2876) [35;1msparq-server[0m [36mservice_config::tests[0m[36m::[0m[34;1mport_scoped_entry_is_distinct_from_bare_host[0m
2026-09-10T16:44:20.3313561Z [32;1m        PASS[0m [   0.006s] (2057/2876) [35;1msparq-server[0m [36msubscriptions::tests[0m[36m::[0m[34;1mbudget_error_classifies_engine_strings_into_sse_statuses[0m
2026-09-10T16:44:20.3343697Z [32;1m        PASS[0m [   0.008s] (2058/2876) [35;1msparq-server[0m [36msubscriptions::tests[0m[36m::[0m[34;1meval_rows_canonical_keys_are_stable_across_evaluations[0m
2026-09-10T16:44:20.3414521Z [32;1m        PASS[0m [   0.008s] (2059/2876) [35;1msparq-server[0m [36msubscriptions::tests[0m[36m::[0m[34;1msubscribe_init_refuses_non_select_and_malformed_queries[0m
2026-09-10T16:44:20.3430158Z [32;1m        PASS[0m [   0.012s] (2060/2876) [35;1msparq-server[0m [36msubscriptions::tests[0m[36m::[0m[34;1mreevaluate_step_is_unchanged_then_notifies_on_a_real_diff[0m
2026-09-10T16:44:20.3494860Z [32;1m        PASS[0m [   0.008s] (2061/2876) [35;1msparq-server[0m [36msubscriptions::tests[0m[36m::[0m[34;1mterm_json_matches_sparql_json_conventions[0m
2026-09-10T16:44:20.3934421Z [32;1m        PASS[0m [   0.049s] (2062/2876) [35;1msparq-server::algebra_rewrite_default[0m [34;1miri_equality_filter_rows_correct_through_rewrite[0m
2026-09-10T16:44:20.4205294Z [32;1m        PASS[0m [   0.071s] (2063/2876) [35;1msparq-server::auth[0m [34;1mhealth_open_even_when_read_gate_on[0m
2026-09-10T16:44:20.4321499Z [32;1m        PASS[0m [   0.039s] (2064/2876) [35;1msparq-server::auth[0m [34;1mquery_method_gated_when_read_gate_on[0m
2026-09-10T16:44:20.4324142Z [32;1m        PASS[0m [   0.011s] (2065/2876) [35;1msparq-server::auth[0m [34;1mupdate_form_with_select_body_is_gated_as_write[0m
2026-09-10T16:44:20.4469399Z [32;1m        PASS[0m [   0.015s] (2066/2876) [35;1msparq-server::auth[0m [34;1mupdate_without_header_is_401[0m
2026-09-10T16:44:20.4489185Z [32;1m        PASS[0m [   0.017s] (2067/2876) [35;1msparq-server::auth[0m [34;1mupdate_with_correct_token_applies[0m
2026-09-10T16:44:20.5038361Z [32;1m        PASS[0m [   0.057s] (2068/2876) [35;1msparq-server::cors[0m [34;1mcors_does_not_bypass_write_auth[0m
2026-09-10T16:44:20.5149234Z [32;1m        PASS[0m [   0.063s] (2069/2876) [35;1msparq-server::cors[0m [34;1mno_origin_header_means_no_cors_header[0m
2026-09-10T16:44:20.5182062Z [32;1m        PASS[0m [   0.014s] (2070/2876) [35;1msparq-server::cors[0m [34;1msecond_origin_in_list_also_allowed[0m
2026-09-10T16:44:20.5663194Z [32;1m        PASS[0m [   0.054s] (2071/2876) [35;1msparq-server::dp_planner_default[0m [34;1mopt_out_scope_does_not_leak_into_later_queries[0m
2026-09-10T16:44:20.6034781Z [32;1m        PASS[0m [   0.037s] (2072/2876) [35;1msparq-server::explain_metrics[0m [34;1mget_explain_param_returns_plan_text[0m
2026-09-10T16:44:20.6054525Z [32;1m        PASS[0m [   0.086s] (2073/2876) [35;1msparq-server::explain_metrics[0m [34;1maccept_json_ct_returns_structured_plan_dry_run[0m
2026-09-10T16:44:20.6216382Z [32;1m        PASS[0m [   0.018s] (2074/2876) [35;1msparq-server::explain_metrics[0m [34;1mmetrics_exposes_requests_histogram_and_gauges[0m
2026-09-10T16:44:20.6921589Z [32;1m        PASS[0m [   0.069s] (2075/2876) [35;1msparq-server::gsp_patch[0m [34;1mpatch_unsupported_content_type_is_415[0m
2026-09-10T16:44:20.7127833Z [32;1m        PASS[0m [   0.108s] (2076/2876) [35;1msparq-server::graph_serializer_oracle[0m [34;1mgraph_writers_roundtrip_engine_constructs[0m
2026-09-10T16:44:20.7215196Z [32;1m        PASS[0m [   0.030s] (2077/2876) [35;1msparq-server::gsp_patch[0m [34;1msparql_update_patch_named_graph_scoped[0m
2026-09-10T16:44:20.7234010Z [32;1m        PASS[0m [   0.010s] (2078/2876) [35;1msparq-server::gsp_patch[0m [34;1munsupported_method_allow_lists_patch[0m
2026-09-10T16:44:20.7858031Z [32;1m        PASS[0m [   0.064s] (2079/2876) [35;1msparq-server::hardening[0m [34;1mdecompress_disabled_refuses_gzip_body[0m
2026-09-10T16:44:20.7950081Z [32;1m        PASS[0m [   0.072s] (2080/2876) [35;1msparq-server::hardening[0m [34;1mfast_query_unaffected_by_timeout[0m
2026-09-10T16:44:20.7991928Z [32;1m        PASS[0m [   0.013s] (2081/2876) [35;1msparq-server::hardening[0m [34;1mmax_query_rows_caps_every_form[0m
2026-09-10T16:44:20.8078596Z [32;1m        PASS[0m [   0.013s] (2082/2876) [35;1msparq-server::hardening[0m [34;1mno_echo_gsp_write_rejection_stays_clean[0m
2026-09-10T16:44:20.8085973Z [32;1m        PASS[0m [   0.009s] (2083/2876) [35;1msparq-server::hardening[0m [34;1mno_echo_rdf_body_parse_error[0m
2026-09-10T16:44:20.8195175Z [32;1m        PASS[0m [   0.012s] (2084/2876) [35;1msparq-server::hardening[0m [34;1moversized_body_is_413[0m
2026-09-10T16:44:20.8199186Z [32;1m        PASS[0m [   0.011s] (2085/2876) [35;1msparq-server::hardening[0m [34;1msecurity_headers_on_error_response[0m
2026-09-10T16:44:20.8281614Z [32;1m        PASS[0m [   0.009s] (2086/2876) [35;1msparq-server::hardening[0m [34;1mserve_loop_handles_complete_request[0m
2026-09-10T16:44:20.8343713Z [32;1m        PASS[0m [   0.006s] (2087/2876) [35;1msparq-server::hardening[0m [34;1mtcp_serve_injects_peer_connect_info[0m
2026-09-10T16:44:21.5342471Z [32;1m        PASS[0m [   0.714s] (2088/2876) [35;1msparq-server::hardening[0m [34;1mslow_body_held_open_when_deadline_disabled[0m
2026-09-10T16:44:21.5498274Z [32;1m        PASS[0m [   0.016s] (2089/2876) [35;1msparq-server::health_probe[0m [34;1mprobe_fails_when_nothing_is_listening[0m
2026-09-10T16:44:21.6087873Z [32;1m        PASS[0m [   0.059s] (2090/2876) [35;1msparq-server::jsonld_content_negotiation[0m [34;1mconstruct_jsonld_qvalue_contract[0m
2026-09-10T16:44:21.6203706Z [32;1m        PASS[0m [   0.011s] (2091/2876) [35;1msparq-server::jsonld_content_negotiation[0m [34;1mgsp_put_unsupported_type_is_415_with_jsonld_advertised[0m
2026-09-10T16:44:21.8834539Z [32;1m        PASS[0m [   0.262s] (2092/2876) [35;1msparq-server::named_graphs[0m [34;1mcross_graph_join_variable_second_graph_lists_children[0m
2026-09-10T16:44:21.9009121Z [32;1m        PASS[0m [   0.018s] (2093/2876) [35;1msparq-server::named_graphs[0m [34;1morder_by_offset_limit_pages_named_graph_rows[0m
2026-09-10T16:44:21.9185916Z [32;1m        PASS[0m [   0.017s] (2094/2876) [35;1msparq-server::named_graphs[0m [34;1mvalues_membership_over_named_graphs[0m
2026-09-10T16:44:21.9825471Z [32;1m        PASS[0m [   1.148s] (2095/2876) [35;1msparq-server::hardening[0m [34;1mupdate_path_honours_timeout[0m
2026-09-10T16:44:22.0014958Z [32;1m        PASS[0m [   0.019s] (2096/2876) [35;1msparq-server::persist[0m [34;1minvalid_second_op_leaves_no_partial_write[0m
2026-09-10T16:44:22.0104103Z [32;1m        PASS[0m [   0.089s] (2097/2876) [35;1msparq-server::persist[0m [34;1madmin_compact_physically_erases_deleted_data[0m
2026-09-10T16:44:22.0447136Z [32;1m        PASS[0m [   0.042s] (2098/2876) [35;1msparq-server::persist[0m [34;1mpss_combined_multiop_body_accepted_and_atomic[0m
2026-09-10T16:44:22.0969771Z [32;1m        PASS[0m [   0.089s] (2099/2876) [35;1msparq-server::protocol[0m [34;1mask_xml[0m
2026-09-10T16:44:22.1009061Z [32;1m        PASS[0m [   0.057s] (2100/2876) [35;1msparq-server::protocol[0m [34;1mconstruct_negotiates_turtle[0m
2026-09-10T16:44:22.1104049Z [32;1m        PASS[0m [   0.012s] (2101/2876) [35;1msparq-server::protocol[0m [34;1mconstruct_via_post_and_empty_result[0m
2026-09-10T16:44:22.1138302Z [32;1m        PASS[0m [   0.013s] (2102/2876) [35;1msparq-server::protocol[0m [34;1mdescribe_returns_cbd[0m
2026-09-10T16:44:22.1265272Z [32;1m        PASS[0m [   0.012s] (2103/2876) [35;1msparq-server::protocol[0m [34;1mgsp_indirect_requires_graph_selector[0m
2026-09-10T16:44:22.1326583Z [32;1m        PASS[0m [   0.021s] (2104/2876) [35;1msparq-server::protocol[0m [34;1mgsp_delete_then_get_and_404[0m
2026-09-10T16:44:22.1386433Z [32;1m        PASS[0m [   0.012s] (2105/2876) [35;1msparq-server::protocol[0m [34;1mgsp_patch_is_handled_not_405[0m
2026-09-10T16:44:22.1451352Z [32;1m        PASS[0m [   0.013s] (2106/2876) [35;1msparq-server::protocol[0m [34;1mgsp_put_direct_then_get_direct[0m
2026-09-10T16:44:22.1553822Z [32;1m        PASS[0m [   0.016s] (2107/2876) [35;1msparq-server::protocol[0m [34;1mgsp_put_then_get_roundtrip_named[0m
2026-09-10T16:44:22.1583671Z [32;1m        PASS[0m [   0.012s] (2108/2876) [35;1msparq-server::protocol[0m [34;1mgsp_unsupported_media_type_is_415[0m
2026-09-10T16:44:22.1673264Z [32;1m        PASS[0m [   0.013s] (2109/2876) [35;1msparq-server::protocol[0m [34;1mhead_construct_mirrors_get[0m
2026-09-10T16:44:22.1693951Z [32;1m        PASS[0m [   0.011s] (2110/2876) [35;1msparq-server::protocol[0m [34;1mmissing_query_param_is_400[0m
2026-09-10T16:44:22.1800309Z [32;1m        PASS[0m [   0.012s] (2111/2876) [35;1msparq-server::protocol[0m [34;1mnegotiate_csv[0m
2026-09-10T16:44:22.1823721Z [32;1m        PASS[0m [   0.012s] (2112/2876) [35;1msparq-server::protocol[0m [34;1mpost_direct_sparql_query[0m
2026-09-10T16:44:22.1934957Z [32;1m        PASS[0m [   0.012s] (2113/2876) [35;1msparq-server::protocol[0m [34;1msparql_update_insert_then_query[0m
2026-09-10T16:44:22.1953587Z [32;1m        PASS[0m [   0.012s] (2114/2876) [35;1msparq-server::protocol[0m [34;1munsupported_method_is_405_with_allow[0m
2026-09-10T16:44:22.2591797Z [32;1m        PASS[0m [   0.067s] (2115/2876) [35;1msparq-server::query_method[0m [34;1mquery_method_accept_xml[0m
2026-09-10T16:44:22.2604807Z [32;1m        PASS[0m [   0.068s] (2116/2876) [35;1msparq-server::query_method[0m [34;1mquery_method_absent_or_wildcard_accept_defaults_to_json[0m
2026-09-10T16:44:22.2723368Z [32;1m        PASS[0m [   0.013s] (2117/2876) [35;1msparq-server::query_method[0m [34;1mquery_method_default_graph_uri_from_url[0m
2026-09-10T16:44:22.2764481Z [32;1m        PASS[0m [   0.013s] (2118/2876) [35;1msparq-server::query_method[0m [34;1mquery_method_empty_body_is_400[0m
2026-09-10T16:44:22.2850293Z [32;1m        PASS[0m [   0.012s] (2119/2876) [35;1msparq-server::query_method[0m [34;1mquery_method_malformed_query_is_400[0m
2026-09-10T16:44:22.2863971Z [32;1m        PASS[0m [   0.011s] (2120/2876) [35;1msparq-server::query_method[0m [34;1mquery_method_sparql_update_content_type_is_415[0m
2026-09-10T16:44:22.2955065Z [32;1m        PASS[0m [   0.011s] (2121/2876) [35;1msparq-server::query_method[0m [34;1mquery_method_wrong_content_type_is_415[0m
2026-09-10T16:44:22.3059905Z [32;1m        PASS[0m [   0.019s] (2122/2876) [35;1msparq-server::serializer_oracle[0m [34;1moracle_ask_boolean_roundtrip[0m
2026-09-10T16:44:22.3097484Z [32;1m        PASS[0m [   0.014s] (2123/2876) [35;1msparq-server::serializer_oracle[0m [34;1moracle_multi_var_with_unbound_cells_roundtrip[0m
2026-09-10T16:44:22.3744472Z [32;1m        PASS[0m [   0.065s] (2124/2876) [35;1msparq-server::status_contract[0m [34;1mmalformed_update_is_permanent_400[0m
2026-09-10T16:44:22.3762930Z [32;1m        PASS[0m [   0.070s] (2125/2876) [35;1msparq-server::status_contract[0m [34;1mauth_failure_is_permanent_401_byte_identical[0m
2026-09-10T16:44:22.3909874Z [32;1m        PASS[0m [   0.014s] (2126/2876) [35;1msparq-server::status_contract[0m [34;1mresult_under_byte_cap_succeeds[0m
2026-09-10T16:44:22.4075008Z [32;1m        PASS[0m [   0.015s] (2127/2876) [35;1msparq-server::status_contract[0m [34;1mwrong_method_is_permanent_405_with_allow[0m
2026-09-10T16:44:22.8876117Z [32;1m        PASS[0m [   0.481s] (2128/2876) [35;1msparq-server::stream_truncation[0m [34;1ma_mid_stream_row_cap_abort_truncates_and_says_so[0m
2026-09-10T16:44:23.0085718Z [32;1m        PASS[0m [   0.121s] (2129/2876) [35;1msparq-server::subscriptions[0m [34;1mcommitted_delete_pushes_removed_diff[0m
2026-09-10T16:44:23.0636098Z [32;1m        PASS[0m [   0.055s] (2130/2876) [35;1msparq-server::subscriptions[0m [34;1mglobal_limit_is_enforced_across_connections[0m
2026-09-10T16:44:23.0773425Z [32;1m        PASS[0m [   0.013s] (2131/2876) [35;1msparq-server::subscriptions[0m [34;1mnon_select_and_malformed_queries_are_refused[0m
2026-09-10T16:44:23.1313675Z [32;1m        PASS[0m [   0.054s] (2132/2876) [35;1msparq-server::subscriptions[0m [34;1msubscribe_sends_initial_full_result_as_added[0m
2026-09-10T16:44:23.2094075Z [32;1m        PASS[0m [   0.078s] (2133/2876) [35;1msparq-server::subscriptions_auth[0m [34;1msse_open_when_only_write_gated[0m
2026-09-10T16:44:23.2224715Z [32;1m        PASS[0m [   0.013s] (2134/2876) [35;1msparq-server::subscriptions_auth[0m [34;1msse_without_token_is_401_when_read_gated[0m
2026-09-10T16:44:23.2357194Z [32;1m        PASS[0m [   0.013s] (2135/2876) [35;1msparq-server::subscriptions_auth[0m [34;1mws_upgrade_with_authorization_header_is_accepted[0m
2026-09-10T16:44:23.2476716Z [32;1m        PASS[0m [   0.011s] (2136/2876) [35;1msparq-server::subscriptions_auth[0m [34;1mws_upgrade_with_wrong_token_is_rejected_when_read_gated[0m
2026-09-10T16:44:23.3271439Z [32;1m        PASS[0m [   0.080s] (2137/2876) [35;1msparq-server::subscriptions_sse[0m [34;1msse_initial_result_over_max_results_is_413[0m
2026-09-10T16:44:23.3404657Z [32;1m        PASS[0m [   0.013s] (2138/2876) [35;1msparq-server::subscriptions_sse[0m [34;1msse_missing_query_is_400[0m
2026-09-10T16:44:23.3548448Z [32;1m        PASS[0m [   0.014s] (2139/2876) [35;1msparq-server::subscriptions_sse[0m [34;1msse_register_streams_subscribed_and_initial_result[0m
2026-09-10T16:44:23.4394626Z [32;1m        PASS[0m [   0.082s] (2140/2876) [35;1msparq-server::time_travel[0m [36mdefault_build[0m[36m::[0m[34;1mpin_beyond_concurrency_window_is_410_gone[0m
2026-09-10T16:44:23.4890975Z [32;1m        PASS[0m [   0.052s] (2141/2876) [35;1msparq-server::updates[0m [34;1mcross_graph_and_default_writes_bump_global[0m
2026-09-10T16:44:23.5288687Z [32;1m        PASS[0m [   0.039s] (2142/2876) [35;1msparq-server::updates[0m [34;1mpinned_generations_stay_readable_after_commits[0m
2026-09-10T16:44:23.5407605Z [32;1m        PASS[0m [   0.012s] (2143/2876) [35;1msparq-server::updates[0m [34;1mwrite_to_graph_a_does_not_invalidate_graph_b[0m
2026-09-10T16:44:23.5427401Z [32;1m        PASS[0m [   1.168s] (2144/2876) [35;1msparq-server::status_contract[0m [34;1mquery_timeout_is_transient_503[0m
2026-09-10T16:44:23.5984504Z [32;1m        PASS[0m [   0.055s] (2145/2876) [35;1msparq-server::wire_contract[0m [34;1mclass_404_unknown_route[0m
2026-09-10T16:44:23.6033414Z [32;1m        PASS[0m [   0.063s] (2146/2876) [35;1msparq-server::wire_contract[0m [34;1mclass_400_malformed_query[0m
2026-09-10T16:44:23.6105943Z [32;1m        PASS[0m [   0.012s] (2147/2876) [35;1msparq-server::wire_contract[0m [34;1mclass_413_body_cap[0m
2026-09-10T16:44:23.6374590Z [32;1m        PASS[0m [   0.025s] (2148/2876) [35;1msparq-server::wire_contract[0m [34;1merror_bodies_never_echo_input[0m
2026-09-10T16:44:23.6596229Z [32;1m        PASS[0m [   0.023s] (2149/2876) [35;1msparq-server::wire_contract[0m [34;1mgsp_direct_addressing_works[0m
2026-09-10T16:44:23.6724083Z [32;1m        PASS[0m [   0.011s] (2150/2876) [35;1msparq-server::wire_contract[0m [34;1mhealth_is_200_ok_and_never_gated[0m
2026-09-10T16:44:23.6838272Z [32;1m        PASS[0m [  43.072s] (2151/2876) [35;1msparq-engine::differentials[0m [36myannakakis_differential[0m[36m::[0m[34;1msnowflake_join_matches_brute_force[0m
2026-09-10T16:44:23.6871865Z [32;1m        PASS[0m [   0.017s] (2152/2876) [35;1msparq-server::wire_contract[0m [34;1mquery_method_is_query_only[0m
2026-09-10T16:44:23.7060800Z [32;1m        PASS[0m [   0.022s] (2153/2876) [35;1msparq-shacl[0m [36meval::tests[0m[36m::[0m[34;1mxsd_well_formedness[0m
2026-09-10T16:44:23.7273726Z [32;1m        PASS[0m [   0.040s] (2154/2876) [35;1msparq-shacl[0m [36midfast_tests[0m[36m::[0m[34;1midfast_comparand_paths_report_equivalent[0m
2026-09-10T16:44:23.7379342Z [32;1m        PASS[0m [   0.010s] (2155/2876) [35;1msparq-shacl[0m [36mpath::tests[0m[36m::[0m[34;1meval_alternative_with_inverse_branch[0m
2026-09-10T16:44:23.7454231Z [32;1m        PASS[0m [   0.038s] (2156/2876) [35;1msparq-shacl[0m [36midfast_tests[0m[36m::[0m[34;1midfast_value_constraints_report_equivalent[0m
2026-09-10T16:44:23.7483676Z [32;1m        PASS[0m [   0.007s] (2157/2876) [35;1msparq-shacl[0m [36mpath::tests[0m[36m::[0m[34;1meval_nested_sequence_with_star[0m
2026-09-10T16:44:23.7532445Z [32;1m        PASS[0m [   0.008s] (2158/2876) [35;1msparq-shacl[0m [36mpath::tests[0m[36m::[0m[34;1meval_zero_or_more_inverse[0m
2026-09-10T16:44:23.7544811Z [32;1m        PASS[0m [   0.011s] (2159/2876) [35;1msparq-shacl[0m [36mpath::tests[0m[36m::[0m[34;1meval_predicate_forward_and_empty[0m
2026-09-10T16:44:23.7618705Z [32;1m        PASS[0m [   0.007s] (2160/2876) [35;1msparq-shacl[0m [36mpath::tests[0m[36m::[0m[34;1mparse_cyclic_path_is_error[0m
2026-09-10T16:44:23.7638778Z [32;1m        PASS[0m [   0.011s] (2161/2876) [35;1msparq-shacl[0m [36mpath::tests[0m[36m::[0m[34;1meval_zero_or_one_includes_start[0m
2026-09-10T16:44:23.7689923Z [32;1m        PASS[0m [   0.006s] (2162/2876) [35;1msparq-shacl[0m [36mpath::tests[0m[36m::[0m[34;1mparse_literal_in_path_is_error[0m
2026-09-10T16:44:23.7746301Z [32;1m        PASS[0m [   0.011s] (2163/2876) [35;1msparq-shacl[0m [36mpath::tests[0m[36m::[0m[34;1mparse_recursive_forms[0m
2026-09-10T16:44:23.7779406Z [32;1m        PASS[0m [   0.009s] (2164/2876) [35;1msparq-shacl[0m [36mpath::tests[0m[36m::[0m[34;1mparse_sibling_reuse_is_not_cyclic[0m
2026-09-10T16:44:23.7833552Z [32;1m        PASS[0m [   0.005s] (2165/2876) [35;1msparq-shacl[0m [36mreport::tests[0m[36m::[0m[34;1mconforming_report_json_is_pinned[0m
2026-09-10T16:44:23.7854473Z [32;1m        PASS[0m [   0.009s] (2166/2876) [35;1msparq-shacl[0m [36mpath::tests[0m[36m::[0m[34;1mto_turtle_reparses_to_same_path[0m
2026-09-10T16:44:23.7893316Z [32;1m        PASS[0m [   0.006s] (2167/2876) [35;1msparq-shacl[0m [36mreport::tests[0m[36m::[0m[34;1mjson_emits_diagnostics_in_fixed_shape[0m
2026-09-10T16:44:23.7907768Z [32;1m        PASS[0m [   0.007s] (2168/2876) [35;1msparq-shacl[0m [36mreport::tests[0m[36m::[0m[34;1mjson_preserves_result_order[0m
2026-09-10T16:44:23.7952276Z [32;1m        PASS[0m [   0.006s] (2169/2876) [35;1msparq-shacl[0m [36mreport::tests[0m[36m::[0m[34;1mseverity_helpers[0m
2026-09-10T16:44:23.8000810Z [32;1m        PASS[0m [   0.007s] (2170/2876) [35;1msparq-shacl[0m [36mreport::tests[0m[36m::[0m[34;1mturtle_and_text_nest_detail_sub_results[0m
2026-09-10T16:44:23.8019899Z [32;1m        PASS[0m [   0.006s] (2171/2876) [35;1msparq-shacl[0m [36mreport::tests[0m[36m::[0m[34;1mturtle_omits_absent_path_and_value[0m
2026-09-10T16:44:23.8055614Z [32;1m        PASS[0m [   0.007s] (2172/2876) [35;1msparq-shacl[0m [36mscs::tests[0m[36m::[0m[34;1montology_subject_resolves_empty_reference_against_effective_base[0m
2026-09-10T16:44:23.8086995Z [32;1m        PASS[0m [   0.006s] (2173/2876) [35;1msparq-shacl[0m [36mscs::tests[0m[36m::[0m[34;1mundefined_prefix_errors[0m
2026-09-10T16:44:23.8189168Z [32;1m        PASS[0m [   0.010s] (2174/2876) [35;1msparq-shacl[0m [36msparql::tests[0m[36m::[0m[34;1meval_batch_result_equals_per_focus_eval[0m
2026-09-10T16:44:23.8257932Z [32;1m        PASS[0m [   0.006s] (2175/2876) [35;1msparq-shacl[0m [36msparql::tests[0m[36m::[0m[34;1minject_values_descends_distinct_reduced_slice_orderby[0m
2026-09-10T16:44:23.8317703Z [32;1m        PASS[0m [   0.006s] (2176/2876) [35;1msparq-shacl[0m [36msparql::tests[0m[36m::[0m[34;1mpre_bind_rejects_inexpressible_blank_node[0m
2026-09-10T16:44:23.8374322Z [32;1m        PASS[0m [   0.006s] (2177/2876) [35;1msparq-shacl[0m [36msparql::tests[0m[36m::[0m[34;1mpre_bind_values_multi_builds_one_column_n_rows[0m
2026-09-10T16:44:23.8433828Z [32;1m        PASS[0m [   0.006s] (2178/2876) [35;1msparq-shacl[0m [36msparql::tests[0m[36m::[0m[34;1mpre_binding_rejects_minus[0m
2026-09-10T16:44:23.8490846Z [32;1m        PASS[0m [   0.006s] (2179/2876) [35;1msparq-shacl[0m [36msparql::tests[0m[36m::[0m[34;1mpre_binding_rejects_values_and_service[0m
2026-09-10T16:44:23.8556027Z [32;1m        PASS[0m [   0.006s] (2180/2876) [35;1msparq-shacl[0m [36msparql::tests[0m[36m::[0m[34;1mprepared_sparql_evaluate_fail_closed_on_blank_node_focus[0m
2026-09-10T16:44:23.8583605Z [32;1m        PASS[0m [   0.053s] (2181/2876) [35;1msparq-shacl[0m [36msparql::tests[0m[36m::[0m[34;1mask_violates_fail_closed_on_runtime_query_error[0m
2026-09-10T16:44:23.8633858Z [32;1m        PASS[0m [   0.006s] (2182/2876) [35;1msparq-shacl[0m [36msparql::tests[0m[36m::[0m[34;1mprepared_validator_build_rejects_form_mismatch[0m
2026-09-10T16:44:23.8655316Z [32;1m        PASS[0m [   0.007s] (2183/2876) [35;1msparq-shacl[0m [36msparql::tests[0m[36m::[0m[34;1mpush_values_down_into_join_siblings[0m
2026-09-10T16:44:23.8681958Z [32;1m        PASS[0m [   0.007s] (2184/2876) [35;1msparq-shacl[0m [36msparql::tests[0m[36m::[0m[34;1mpush_values_down_through_graph_block[0m
2026-09-10T16:44:23.8731740Z [32;1m        PASS[0m [   0.005s] (2185/2876) [35;1msparq-shacl[0m [36msparql::tests[0m[36m::[0m[34;1mpush_values_down_through_order_by[0m
2026-09-10T16:44:23.8753600Z [32;1m        PASS[0m [   0.006s] (2186/2876) [35;1msparq-shacl[0m [36msparql::tests[0m[36m::[0m[34;1mpush_values_down_through_slice[0m
2026-09-10T16:44:23.8798514Z [32;1m        PASS[0m [   0.007s] (2187/2876) [35;1msparq-shacl[0m [36msparql::tests[0m[36m::[0m[34;1mquery_batchable_distinct_and_orderby_are_batchable[0m
2026-09-10T16:44:23.8806480Z [32;1m        PASS[0m [   0.006s] (2188/2876) [35;1msparq-shacl[0m [36msparql::tests[0m[36m::[0m[34;1mquery_batchable_rejects_implicit_aggregate[0m
2026-09-10T16:44:23.8853390Z [32;1m        PASS[0m [   0.007s] (2189/2876) [35;1msparq-shacl[0m [36msparql::tests[0m[36m::[0m[34;1mselect_expr_build_rejects_non_select[0m
2026-09-10T16:44:23.8899096Z [32;1m        PASS[0m [   0.009s] (2190/2876) [35;1msparq-shacl[0m [36msparql::tests[0m[36m::[0m[34;1mselect_validate_fail_closed_on_inexpressible_focus[0m
2026-09-10T16:44:23.8954883Z [32;1m        PASS[0m [   0.010s] (2191/2876) [35;1msparq-shacl[0m [36msparql::tests[0m[36m::[0m[34;1mselect_validate_maps_path_when_projected[0m
2026-09-10T16:44:23.9009948Z [32;1m        PASS[0m [   0.011s] (2192/2876) [35;1msparq-shacl[0m [36msparql::tests[0m[36m::[0m[34;1mselect_validate_order_by_slice_pre_binds_this[0m
2026-09-10T16:44:23.9018009Z [32;1m        PASS[0m [   0.007s] (2193/2876) [35;1msparq-shacl[0m [36msparql::tests[0m[36m::[0m[34;1mterm_lexical_covers_each_term_kind[0m
2026-09-10T16:44:23.9121541Z [32;1m        PASS[0m [   0.010s] (2194/2876) [35;1msparq-shacl[0m [36mtests[0m[36m::[0m[34;1mcyclic_node_shapes_with_memo[0m
2026-09-10T16:44:23.9234314Z [32;1m        PASS[0m [   0.009s] (2195/2876) [35;1msparq-shacl[0m [36mtests[0m[36m::[0m[34;1mfocus_node_count_is_distinct_target_union[0m
2026-09-10T16:44:23.9243826Z [32;1m        PASS[0m [   0.020s] (2196/2876) [35;1msparq-shacl[0m [36mtests[0m[36m::[0m[34;1mbatched_path_fires_once_for_many_foci[0m
2026-09-10T16:44:23.9323790Z [32;1m        PASS[0m [   0.009s] (2197/2876) [35;1msparq-shacl[0m [36mtests[0m[36m::[0m[34;1mreifier_shape_validates_reifiers[0m
2026-09-10T16:44:23.9373961Z [32;1m        PASS[0m [   0.011s] (2198/2876) [35;1msparq-shacl[0m [36mtests[0m[36m::[0m[34;1mimplicit_class_shape_is_discovered[0m
2026-09-10T16:44:23.9503696Z [32;1m        PASS[0m [   0.018s] (2199/2876) [35;1msparq-shacl[0m [36mtests[0m[36m::[0m[34;1mshape_class_is_implicit_class_target[0m
2026-09-10T16:44:23.9570728Z [32;1m        PASS[0m [   0.024s] (2200/2876) [35;1msparq-shacl[0m [36mtests[0m[36m::[0m[34;1msparql_valued_target_and_values_and_severity[0m
2026-09-10T16:44:23.9587769Z [32;1m        PASS[0m [   0.010s] (2201/2876) [35;1msparq-shacl[0m [36mtests[0m[36m::[0m[34;1mvalidate_strict_rejects_pre_binding_violation[0m
2026-09-10T16:44:23.9638562Z [32;1m        PASS[0m [   0.007s] (2202/2876) [35;1msparq-shacl[0m [36mview::tests[0m[36m::[0m[34;1mgraph_accessor_returns_underlying[0m
2026-09-10T16:44:23.9709684Z [32;1m        PASS[0m [   0.007s] (2203/2876) [35;1msparq-shacl[0m [36mview::tests[0m[36m::[0m[34;1mlist_and_list_strict_reject_cycle[0m
2026-09-10T16:44:23.9718837Z [32;1m        PASS[0m [   0.013s] (2204/2876) [35;1msparq-shacl[0m [36mview::tests[0m[36m::[0m[34;1minstances_of_walks_subclass_closure[0m
2026-09-10T16:44:23.9804304Z [32;1m        PASS[0m [   0.008s] (2205/2876) [35;1msparq-shacl[0m [36mview::tests[0m[36m::[0m[34;1mlist_strict_rejects_duplicate_first_or_rest[0m
2026-09-10T16:44:23.9814452Z [32;1m        PASS[0m [   0.010s] (2206/2876) [35;1msparq-shacl[0m [36mview::tests[0m[36m::[0m[34;1mlist_strict_rejects_nil_with_extra_triples[0m
2026-09-10T16:44:23.9860335Z [32;1m        PASS[0m [   0.007s] (2207/2876) [35;1msparq-shacl[0m [36mview::tests[0m[36m::[0m[34;1msubclass_closure_is_cycle_safe_and_reflexive[0m
2026-09-10T16:44:24.0224367Z [32;1m        PASS[0m [   0.034s] (2208/2876) [35;1msparq-shacl::constraints[0m [34;1mdatatype_rejects_out_of_range_bounded_integer[0m
2026-09-10T16:44:24.0225912Z [32;1m        PASS[0m [   0.040s] (2209/2876) [35;1msparq-shacl::constraints[0m [34;1mclosed_flags_extra_predicates_and_honours_ignored[0m
2026-09-10T16:44:24.0313923Z [32;1m        PASS[0m [   0.010s] (2210/2876) [35;1msparq-shacl::constraints[0m [34;1mdisjoint_flags_shared_values[0m
2026-09-10T16:44:24.0324482Z [32;1m        PASS[0m [   0.010s] (2211/2876) [35;1msparq-shacl::constraints[0m [34;1min_enumeration_value_semantics[0m
2026-09-10T16:44:24.0403878Z [32;1m        PASS[0m [   0.010s] (2212/2876) [35;1msparq-shacl::constraints[0m [34;1mless_than_or_equals_allows_equal[0m
2026-09-10T16:44:24.0492005Z [32;1m        PASS[0m [   0.017s] (2213/2876) [35;1msparq-shacl::constraints[0m [34;1mlogical_not[0m
2026-09-10T16:44:24.0518543Z [32;1m        PASS[0m [   0.011s] (2214/2876) [35;1msparq-shacl::constraints[0m [34;1mmember_shape_checks_each_list_member[0m
2026-09-10T16:44:24.0600444Z [32;1m        PASS[0m [   0.011s] (2215/2876) [35;1msparq-shacl::constraints[0m [34;1mnode_constraint_on_path_values[0m
2026-09-10T16:44:24.0735835Z [32;1m        PASS[0m [   0.013s] (2216/2876) [35;1msparq-shacl::constraints[0m [34;1mpattern_valid_still_reports_violations_and_no_diagnostic[0m
2026-09-10T16:44:24.0744764Z [32;1m        PASS[0m [   0.022s] (2217/2876) [35;1msparq-shacl::constraints[0m [34;1mpattern_q_flag_combines_with_i[0m
2026-09-10T16:44:24.0829592Z [32;1m        PASS[0m [   0.008s] (2218/2876) [35;1msparq-shacl::constraints[0m [34;1mper_statement_deactivate_on_property_constraint[0m
2026-09-10T16:44:24.0910847Z [32;1m        PASS[0m [   0.008s] (2219/2876) [35;1msparq-shacl::constraints[0m [34;1mper_statement_message_override_survives_sh_node_recursion[0m
2026-09-10T16:44:24.0997273Z [32;1m        PASS[0m [   0.007s] (2220/2876) [35;1msparq-shacl::constraints[0m [34;1mper_statement_overrides_apply_to_qualified_count_causing_statement[0m
2026-09-10T16:44:24.1020084Z [32;1m        PASS[0m [   0.029s] (2221/2876) [35;1msparq-shacl::constraints[0m [34;1mpattern_xpath_name_char_classes[0m
2026-09-10T16:44:24.1080297Z [32;1m        PASS[0m [   0.009s] (2222/2876) [35;1msparq-shacl::constraints[0m [34;1mper_statement_severity_override_survives_sh_node_recursion[0m
2026-09-10T16:44:24.1118518Z [32;1m        PASS[0m [   0.010s] (2223/2876) [35;1msparq-shacl::constraints[0m [34;1mqualified_max_count[0m
2026-09-10T16:44:24.1159155Z [32;1m        PASS[0m [   0.009s] (2224/2876) [35;1msparq-shacl::constraints[0m [34;1mrange_max_exclusive_boundary[0m
2026-09-10T16:44:24.1218714Z [32;1m        PASS[0m [   0.010s] (2225/2876) [35;1msparq-shacl::constraints[0m [34;1munique_lang_flags_duplicate_language[0m
2026-09-10T16:44:24.1255972Z [32;1m        PASS[0m [   0.009s] (2226/2876) [35;1msparq-shacl::constraints[0m [34;1munique_values_for_composite_key_and_missing_values[0m
2026-09-10T16:44:24.1362747Z [32;1m        PASS[0m [   0.011s] (2227/2876) [35;1msparq-shacl::diff_fuzz[0m [34;1mjena_adapter_excludes_nested_sh_detail[0m
2026-09-10T16:44:24.1411151Z [32;1m        PASS[0m [   0.005s] (2228/2876) [35;1msparq-shacl::diff_fuzz[0m [34;1mmissing_focus_is_distinct_from_blank_node_focus[0m
2026-09-10T16:44:24.1458150Z [32;1m        PASS[0m [   0.005s] (2229/2876) [35;1msparq-shacl::diff_fuzz[0m [34;1mrng_string_pick_has_sized_elements[0m
2026-09-10T16:44:24.1905627Z [32;1m        PASS[0m [   0.045s] (2230/2876) [35;1msparq-shacl::edge_empty_and_strict[0m [34;1mstrict_validation_reports_unsound_pre_binding[0m
2026-09-10T16:44:24.2205563Z [32;1m        PASS[0m [   0.099s] (2231/2876) [35;1msparq-shacl::diff_fuzz[0m [34;1mextended_components_conform_violate_construction_is_sound[0m
2026-09-10T16:44:24.2331078Z [32;1m        PASS[0m [   0.042s] (2232/2876) [35;1msparq-shacl::ill_formed_strict[0m [34;1mclosed_false_is_not_ill_formed[0m
2026-09-10T16:44:24.2371832Z [32;1m        PASS[0m [   0.017s] (2233/2876) [35;1msparq-shacl::ill_formed_strict[0m [34;1mentailment_declaration_fails[0m
2026-09-10T16:44:24.2439987Z [32;1m        PASS[0m [   0.011s] (2234/2876) [35;1msparq-shacl::ill_formed_strict[0m [34;1mill_formed_path_expression_fails[0m
2026-09-10T16:44:24.2510014Z [32;1m        PASS[0m [   0.014s] (2235/2876) [35;1msparq-shacl::ill_formed_strict[0m [34;1miri_valued_max_length_fails[0m
2026-09-10T16:44:24.2546046Z [32;1m        PASS[0m [   0.011s] (2236/2876) [35;1msparq-shacl::ill_formed_strict[0m [34;1mlenient_validate_still_skips_unparsable_sparql_select[0m
2026-09-10T16:44:24.2618779Z [32;1m        PASS[0m [   0.009s] (2237/2876) [35;1msparq-shacl::ill_formed_strict[0m [34;1mliteral_datatype_fails[0m
2026-09-10T16:44:24.2658612Z [32;1m        PASS[0m [   0.011s] (2238/2876) [35;1msparq-shacl::ill_formed_strict[0m [34;1mliteral_qualified_value_shape_ref_fails[0m
2026-09-10T16:44:24.2717998Z [32;1m        PASS[0m [   0.012s] (2239/2876) [35;1msparq-shacl::ill_formed_strict[0m [34;1mliteral_sh_node_shape_ref_fails[0m
2026-09-10T16:44:24.2773967Z [32;1m        PASS[0m [   0.010s] (2240/2876) [35;1msparq-shacl::ill_formed_strict[0m [34;1mliteral_some_value_shape_ref_fails[0m
2026-09-10T16:44:24.2813584Z [32;1m        PASS[0m [   0.009s] (2241/2876) [35;1msparq-shacl::ill_formed_strict[0m [34;1mliteral_target_objects_of_fails[0m
2026-09-10T16:44:24.2873615Z [32;1m        PASS[0m [   0.009s] (2242/2876) [35;1msparq-shacl::ill_formed_strict[0m [34;1mmalformed_ignored_properties_fails[0m
2026-09-10T16:44:24.2903457Z [32;1m        PASS[0m [   0.008s] (2243/2876) [35;1msparq-shacl::ill_formed_strict[0m [34;1mnegative_min_count_is_not_ill_formed[0m
2026-09-10T16:44:24.2954813Z [32;1m        PASS[0m [   0.010s] (2244/2876) [35;1msparq-shacl::ill_formed_strict[0m [34;1mnon_boolean_unique_lang_fails[0m
2026-09-10T16:44:24.3028422Z [32;1m        PASS[0m [   0.013s] (2245/2876) [35;1msparq-shacl::ill_formed_strict[0m [34;1mnon_integer_qualified_min_count_fails[0m
2026-09-10T16:44:24.3047335Z [32;1m        PASS[0m [   0.010s] (2246/2876) [35;1msparq-shacl::ill_formed_strict[0m [34;1mnon_list_sh_or_fails[0m
2026-09-10T16:44:24.3123777Z [32;1m        PASS[0m [   0.008s] (2247/2876) [35;1msparq-shacl::ill_formed_strict[0m [34;1mplain_rdfs_class_root_is_not_flagged[0m
2026-09-10T16:44:24.3176736Z [32;1m        PASS[0m [   0.015s] (2248/2876) [35;1msparq-shacl::ill_formed_strict[0m [34;1mnon_literal_min_exclusive_comparand_fails[0m
2026-09-10T16:44:24.3228911Z [32;1m        PASS[0m [   0.010s] (2249/2876) [35;1msparq-shacl::ill_formed_strict[0m [34;1mqualified_min_count_without_value_shape_fails[0m
2026-09-10T16:44:24.3283511Z [32;1m        PASS[0m [   0.009s] (2250/2876) [35;1msparq-shacl::ill_formed_strict[0m [34;1msequence_path_is_not_ill_formed[0m
2026-09-10T16:44:24.3333628Z [32;1m        PASS[0m [   0.009s] (2251/2876) [35;1msparq-shacl::ill_formed_strict[0m [34;1msparql_constraint_without_select_fails[0m
2026-09-10T16:44:24.3393495Z [32;1m        PASS[0m [   0.011s] (2252/2876) [35;1msparq-shacl::ill_formed_strict[0m [34;1mstring_typed_qualified_min_count_fails[0m
2026-09-10T16:44:24.3423479Z [32;1m        PASS[0m [   0.009s] (2253/2876) [35;1msparq-shacl::ill_formed_strict[0m [34;1munknown_node_kind_in_list_fails[0m
2026-09-10T16:44:24.3493835Z [32;1m        PASS[0m [   0.010s] (2254/2876) [35;1msparq-shacl::ill_formed_strict[0m [34;1munparsable_values_sparql_expr_fails[0m
2026-09-10T16:44:24.3761692Z [32;1m        PASS[0m [   0.027s] (2255/2876) [35;1msparq-shacl::property_paths[0m [34;1mone_or_more_excludes_focus_unless_reachable[0m
2026-09-10T16:44:24.3783964Z [32;1m        PASS[0m [   0.035s] (2256/2876) [35;1msparq-shacl::property_paths[0m [34;1minverse_path_min_count[0m
2026-09-10T16:44:24.3854389Z [32;1m        PASS[0m [   0.009s] (2257/2876) [35;1msparq-shacl::property_paths[0m [34;1mzero_or_more_terminates_on_cycle[0m
2026-09-10T16:44:24.3876577Z [32;1m        PASS[0m [   0.012s] (2258/2876) [35;1msparq-shacl::property_paths[0m [34;1mresult_path_serialises_complex_path[0m
2026-09-10T16:44:24.3966197Z [32;1m        PASS[0m [   0.011s] (2259/2876) [35;1msparq-shacl::scs_error_paths[0m [34;1mat_without_prefixed_name_is_error[0m
2026-09-10T16:44:24.3968766Z [32;1m        PASS[0m [   0.009s] (2260/2876) [35;1msparq-shacl::scs_error_paths[0m [34;1mbase_without_iri_is_error[0m
2026-09-10T16:44:24.4018911Z [32;1m        PASS[0m [   0.005s] (2261/2876) [35;1msparq-shacl::scs_error_paths[0m [34;1mempty_language_tag_is_error[0m
2026-09-10T16:44:24.4034383Z [32;1m        PASS[0m [   0.006s] (2262/2876) [35;1msparq-shacl::scs_error_paths[0m [34;1mdecimal_and_double_literals_get_right_datatype[0m
2026-09-10T16:44:24.4076706Z [32;1m        PASS[0m [   0.005s] (2263/2876) [35;1msparq-shacl::scs_error_paths[0m [34;1mlang_tagged_literal_carries_language[0m
2026-09-10T16:44:24.4113707Z [32;1m        PASS[0m [   0.006s] (2264/2876) [35;1msparq-shacl::scs_error_paths[0m [34;1min_array_value_builds_rdf_list[0m
2026-09-10T16:44:24.4144806Z [32;1m        PASS[0m [   0.005s] (2265/2876) [35;1msparq-shacl::scs_error_paths[0m [34;1mmissing_dot_after_node_constraint_is_error[0m
2026-09-10T16:44:24.4153795Z [32;1m        PASS[0m [   0.005s] (2266/2876) [35;1msparq-shacl::scs_error_paths[0m [34;1mnode_negation_emits_sh_not[0m
2026-09-10T16:44:24.4182356Z [32;1m        PASS[0m [   0.005s] (2267/2876) [35;1msparq-shacl::scs_error_paths[0m [34;1mpn_local_escape_is_unescaped[0m
2026-09-10T16:44:24.4194535Z [32;1m        PASS[0m [   0.006s] (2268/2876) [35;1msparq-shacl::scs_error_paths[0m [34;1mshape_class_adds_rdfs_class_type[0m
2026-09-10T16:44:24.4254069Z [32;1m        PASS[0m [   0.005s] (2269/2876) [35;1msparq-shacl::scs_error_paths[0m [34;1mtarget_class_arrow_with_no_iri_is_error[0m
2026-09-10T16:44:24.4259778Z [32;1m        PASS[0m [   0.005s] (2270/2876) [35;1msparq-shacl::scs_error_paths[0m [34;1mundefined_prefix_is_error[0m
2026-09-10T16:44:24.4291077Z [32;1m        PASS[0m [   0.006s] (2271/2876) [35;1msparq-shacl::scs_error_paths[0m [34;1munterminated_iri_is_error[0m
2026-09-10T16:44:24.4715025Z [32;1m        PASS[0m [   0.047s] (2272/2876) [35;1msparq-shacl::shacl_af_feature_state[0m [34;1msh_rule_shape_reports_only_base_constraint_violations[0m
2026-09-10T16:44:24.4859821Z [32;1m        PASS[0m [   0.014s] (2273/2876) [35;1msparq-shacl::sparql_components[0m [34;1mnode_validator_preferred_for_node_shape[0m
2026-09-10T16:44:24.4894802Z [32;1m        PASS[0m [   0.057s] (2274/2876) [35;1msparq-shacl::sparql_components[0m [34;1mask_component_flags_and_conforms[0m
2026-09-10T16:44:24.5010019Z [32;1m        PASS[0m [   0.014s] (2275/2876) [35;1msparq-shacl::sparql_components[0m [34;1mproperty_validator_path_prebinding[0m
2026-09-10T16:44:24.5305611Z [32;1m        PASS[0m [   0.030s] (2276/2876) [35;1msparq-shacl::sparql_constraints[0m [34;1msparql_message_template_substitution[0m
2026-09-10T16:44:24.5323658Z [32;1m        PASS[0m [   0.044s] (2277/2876) [35;1msparq-shacl::sparql_constraints[0m [34;1msparql_conforming_yields_no_violations[0m
2026-09-10T16:44:24.5431094Z [32;1m        PASS[0m [   0.012s] (2278/2876) [35;1msparq-shacl::sparql_constraints[0m [34;1msparql_property_shape_path_pre_binding[0m
2026-09-10T16:44:24.5453826Z [32;1m        PASS[0m [   0.013s] (2279/2876) [35;1msparq-shacl::sparql_constraints[0m [34;1msparql_value_defaults_to_focus_and_path_binding[0m
2026-09-10T16:44:24.5800410Z [32;1m        PASS[0m [   0.037s] (2280/2876) [35;1msparq-shacl::sparql_edge_cases[0m [34;1mmismatched_validator_form_is_skipped[0m
2026-09-10T16:44:24.5888774Z [32;1m        PASS[0m [   0.009s] (2281/2876) [35;1msparq-shacl::sparql_edge_cases[0m [34;1msh_sparql_value_projected_but_unbound_is_none[0m
2026-09-10T16:44:24.5904389Z [32;1m        PASS[0m [   0.046s] (2282/2876) [35;1msparq-shacl::sparql_edge_cases[0m [34;1mselect_validator_row_message_used_when_no_component_message[0m
2026-09-10T16:44:24.6157325Z [32;1m        PASS[0m [   0.026s] (2283/2876) [35;1msparq-shacl::w3c_core_shacl12_value_constraints[0m [34;1mconformance_disallows_001_custom_threshold[0m
2026-09-10T16:44:24.6174241Z [32;1m        PASS[0m [   0.027s] (2284/2876) [35;1msparq-shacl::w3c_core_shacl12_value_constraints[0m [34;1mequals_predicate_comparand_backward_compatible[0m
2026-09-10T16:44:24.6294650Z [32;1m        PASS[0m [   0.012s] (2285/2876) [35;1msparq-shacl::w3c_core_shacl12_value_constraints[0m [34;1mroot_class_001[0m
2026-09-10T16:44:24.6323505Z [32;1m        PASS[0m [   0.012s] (2286/2876) [35;1msparq-shacl::w3c_core_shacl12_value_constraints[0m [34;1msingle_line_001[0m
2026-09-10T16:44:24.6365068Z [32;1m        PASS[0m [   0.009s] (2287/2876) [35;1msparq-shacl::w3c_core_shacl12_value_constraints[0m [34;1mwarning_breaks_default_conformance[0m
2026-09-10T16:44:24.6380252Z [32;1m        PASS[0m [   0.010s] (2288/2876) [35;1msparq-shacl-wasm[0m [36mtests[0m[36m::[0m[34;1mdatatype_violation_detected[0m
2026-09-10T16:44:24.6430886Z [32;1m        PASS[0m [   0.005s] (2289/2876) [35;1msparq-shaclc[0m [36mtests[0m[36m::[0m[34;1mdir_lang_literal_converts_to_directional_oxrdf_literal[0m
2026-09-10T16:44:24.6494831Z [32;1m        PASS[0m [   0.013s] (2290/2876) [35;1msparq-shacl-wasm[0m [36mtests[0m[36m::[0m[34;1mtext_rendering_is_human_readable[0m
2026-09-10T16:44:24.6504924Z [32;1m        PASS[0m [   0.007s] (2291/2876) [35;1msparq-shaclc[0m [36mtests[0m[36m::[0m[34;1mpredeclared_prefixes_come_first_in_declaration_order[0m
2026-09-10T16:44:24.6539305Z [32;1m        PASS[0m [   0.005s] (2292/2876) [35;1msparq-shaclc[0m [36mtests[0m[36m::[0m[34;1mtriple_term_value_converts_to_oxrdf_triple_term[0m
2026-09-10T16:44:24.6674737Z [32;1m        PASS[0m [   0.017s] (2293/2876) [35;1msparq-shaclc::conformance[0m [34;1mextended_fixtures_match_the_oracle_and_strict_rejects_them_all[0m
2026-09-10T16:44:24.6743867Z [32;1m        PASS[0m [   0.005s] (2294/2876) [35;1msparq-shaclc::edge_parse_contract[0m [34;1mstrict_parse_reports_predeclared_prefixes_and_default_base[0m
2026-09-10T16:44:24.6802422Z [32;1m        PASS[0m [   0.005s] (2295/2876) [35;1msparq-shaclc::provenance_drift[0m [34;1mprovenance_pins_are_well_formed[0m
2026-09-10T16:44:24.7471067Z [32;1m        PASS[0m [   0.069s] (2296/2876) [35;1msparq-shaclc::push_chunk_boundaries[0m [36mextended[0m[36m::[0m[34;1moutput_and_outcome_match_at_every_valid_boundary[0m
2026-09-10T16:44:24.7536911Z [32;1m        PASS[0m [   0.006s] (2297/2876) [35;1msparq-shaclc::roundtrip[0m [34;1mforeign_iri_predicate_residualizes_in_strict_but_extended_absorbs_it[0m
2026-09-10T16:44:24.7583960Z [32;1m        PASS[0m [   0.102s] (2298/2876) [35;1msparq-shaclc::conformance[0m [34;1mvalid_and_rdf12_match_the_oxttl_oracle_in_both_profiles[0m
2026-09-10T16:44:24.7618009Z [32;1m        PASS[0m [   0.008s] (2299/2876) [35;1msparq-sim[0m [36mtests[0m[36m::[0m[34;1mexcluded_predicates_drop_from_signature[0m
2026-09-10T16:44:24.7654431Z [32;1m        PASS[0m [   0.008s] (2300/2876) [35;1msparq-sim[0m [36mtests[0m[36m::[0m[34;1mhub_elements_are_capped_but_rescore_is_exact[0m
2026-09-10T16:44:24.7687614Z [32;1m        PASS[0m [   0.007s] (2301/2876) [35;1msparq-sim[0m [36mtests[0m[36m::[0m[34;1midf_weights_rare_predicates_higher[0m
2026-09-10T16:44:24.7714204Z [32;1m        PASS[0m [   0.007s] (2302/2876) [35;1msparq-sim[0m [36mtests[0m[36m::[0m[34;1mneighbor_sparse_entities_fall_back_to_profile_candidates[0m
2026-09-10T16:44:24.7747414Z [32;1m        PASS[0m [   0.006s] (2303/2876) [35;1msparq-sim[0m [36mtests[0m[36m::[0m[34;1msignature_coefficients_disjoint_are_zero[0m
2026-09-10T16:44:24.7759533Z [32;1m        PASS[0m [   0.005s] (2304/2876) [35;1msparq-sim[0m [36mtests[0m[36m::[0m[34;1msignature_coefficients_with_empty_signature_are_zero_and_finite[0m
2026-09-10T16:44:24.7825106Z [32;1m        PASS[0m [   0.008s] (2305/2876) [35;1msparq-sim::absent_and_excluded[0m [34;1mexcluding_a_subjects_only_predicate_leaves_an_empty_signature[0m
2026-09-10T16:44:24.7893755Z [32;1m        PASS[0m [   0.006s] (2306/2876) [35;1msparq-sim::example/olympics_eval[0m [36mtests[0m[36m::[0m[34;1mjson_str_escapes[0m
2026-09-10T16:44:24.7953646Z [32;1m        PASS[0m [   0.006s] (2307/2876) [35;1msparq-solid[0m [36mauthindex::bucket_eq_tests[0m[36m::[0m[34;1mexcept_order_and_grant_order_stay_canonical[0m
2026-09-10T16:44:24.8134239Z [32;1m        PASS[0m [   0.016s] (2308/2876) [35;1msparq-solid[0m [36mauthindex::origin_partition_tests[0m[36m::[0m[34;1maccessible_in_origin_of_absent_origin_is_empty[0m
2026-09-10T16:44:24.8191631Z [32;1m        PASS[0m [   0.006s] (2309/2876) [35;1msparq-solid[0m [36mauthindex::window_tests[0m[36m::[0m[34;1mmixed_offset_genuinely_inside_window_is_admitted[0m
2026-09-10T16:44:24.8253879Z [32;1m        PASS[0m [   0.006s] (2310/2876) [35;1msparq-solid[0m [36mauthindex::window_tests[0m[36m::[0m[34;1mnot_before_is_inclusive_lower_bound[0m
2026-09-10T16:44:24.8313888Z [32;1m        PASS[0m [   0.006s] (2311/2876) [35;1msparq-solid[0m [36mauthindex::window_tests[0m[36m::[0m[34;1mwindowed_with_no_clock_fails_closed[0m
2026-09-10T16:44:24.8373799Z [32;1m        PASS[0m [   0.006s] (2312/2876) [35;1msparq-solid[0m [36mcredentials::tests[0m[36m::[0m[34;1mholdings_are_per_agent_and_accumulate[0m
2026-09-10T16:44:24.8440209Z [32;1m        PASS[0m [   0.009s] (2313/2876) [35;1msparq-solid[0m [36mdecide::tests[0m[36m::[0m[34;1macl_link_header_built_from_governing_acl[0m
2026-09-10T16:44:24.8595037Z [32;1m        PASS[0m [   0.014s] (2314/2876) [35;1msparq-solid[0m [36mdecide::tests[0m[36m::[0m[34;1mbenign_names_are_not_refused[0m
2026-09-10T16:44:24.8699722Z [32;1m        PASS[0m [   0.012s] (2315/2876) [35;1msparq-solid[0m [36mdecide::tests[0m[36m::[0m[34;1mcreate_refusal_is_definitive_and_carries_the_acl_link[0m
2026-09-10T16:44:24.8815554Z [32;1m        PASS[0m [   0.012s] (2316/2876) [35;1msparq-solid[0m [36mdecide::tests[0m[36m::[0m[34;1mno_acl_is_definitive_deny_not_retryable[0m
2026-09-10T16:44:24.9009652Z [32;1m        PASS[0m [   0.019s] (2317/2876) [35;1msparq-solid[0m [36mdecide::tests[0m[36m::[0m[34;1mresolve_no_acl_is_none[0m
2026-09-10T16:44:24.9328272Z [32;1m        PASS[0m [   0.032s] (2318/2876) [35;1msparq-solid[0m [36mdecide::tests[0m[36m::[0m[34;1munmaterialized_with_acl_is_unloaded_deny[0m
2026-09-10T16:44:24.9492910Z [32;1m        PASS[0m [   0.016s] (2319/2876) [35;1msparq-solid[0m [36mloader::tests[0m[36m::[0m[34;1mparent_walks_to_root_and_stops[0m
2026-09-10T16:44:24.9884373Z [32;1m        PASS[0m [   0.212s] (2320/2876) [35;1msparq-sim::proptest_metric[0m [34;1mmost_similar_is_sorted_bounded_and_deduplicated[0m
2026-09-10T16:44:32.4634564Z [32;1m        PASS[0m [   7.472s] (2321/2876) [35;1msparq-solid[0m [36mmaterialize::tests[0m[36m::[0m[34;1mwac_auth_view_is_identical_to_the_text_engine[0m
2026-09-10T16:44:32.4785411Z [32;1m        PASS[0m [   0.015s] (2322/2876) [35;1msparq-solid[0m [36mprovenance::tests[0m[36m::[0m[34;1miter_yields_every_resource_with_its_optional_facts[0m
2026-09-10T16:44:32.4904090Z [32;1m        PASS[0m [   0.013s] (2323/2876) [35;1msparq-solid[0m [36mrewrite::opt_in_tests[0m[36m::[0m[34;1minvalid_query_errors[0m
2026-09-10T16:44:32.5084457Z [32;1m        PASS[0m [   0.016s] (2324/2876) [35;1msparq-solid[0m [36mrewrite::opt_in_tests[0m[36m::[0m[34;1mopt_in_in_default_position_wraps_and_strips_reserved_iri[0m
2026-09-10T16:44:32.5564697Z [32;1m        PASS[0m [   0.049s] (2325/2876) [35;1msparq-solid[0m [36mscoped_cache_tests[0m[36m::[0m[34;1mscoped_write_keeps_other_pod_slice_warm[0m
2026-09-10T16:44:32.5714275Z [32;1m        PASS[0m [   0.013s] (2326/2876) [35;1msparq-solid[0m [36msession_cache::tests[0m[36m::[0m[34;1mcompute_runs_once_then_hits_are_warm[0m
2026-09-10T16:44:32.6194378Z [32;1m        PASS[0m [   0.051s] (2327/2876) [35;1msparq-solid[0m [36msession_cache::tests[0m[36m::[0m[34;1mrecency_queue_stays_bounded_under_hot_key_churn[0m
2026-09-10T16:44:32.6314184Z [32;1m        PASS[0m [   0.011s] (2328/2876) [35;1msparq-solid[0m [36mupdate::differential_writeset_tests[0m[36m::[0m[34;1moptional_empty_binding_precise_set_equals_empty_engine_write_set[0m
2026-09-10T16:44:32.6433861Z [32;1m        PASS[0m [   0.011s] (2329/2876) [35;1msparq-solid[0m [36mupdate::differential_writeset_tests[0m[36m::[0m[34;1mwith_clause_resolves_precisely_to_engine_write_set[0m
2026-09-10T16:44:32.7418002Z [32;1m        PASS[0m [   0.099s] (2330/2876) [35;1msparq-solid::acp[0m [34;1macp_creator_agent_allof_with_contradictory_concrete_agent_grants_nobody[0m
2026-09-10T16:44:32.8094283Z [32;1m        PASS[0m [   0.067s] (2331/2876) [35;1msparq-solid::acp[0m [34;1macp_creator_agent_anyof[0m
2026-09-10T16:44:32.8764233Z [32;1m        PASS[0m [   0.068s] (2332/2876) [35;1msparq-solid::acp[0m [34;1macp_creator_agent_with_client_constraint[0m
2026-09-10T16:44:32.9164307Z [32;1m        PASS[0m [   0.039s] (2333/2876) [35;1msparq-solid::acp[0m [34;1macp_creator_reserved_encoding_rejected[0m
2026-09-10T16:44:32.9404058Z [32;1m        PASS[0m [   0.026s] (2334/2876) [35;1msparq-solid::acp[0m [34;1macp_forged_creator_in_acr_document_does_not_grant[0m
2026-09-10T16:44:32.9643646Z [32;1m        PASS[0m [   0.024s] (2335/2876) [35;1msparq-solid::acp[0m [34;1macp_issuer_client_triple[0m
2026-09-10T16:44:32.9903934Z [32;1m        PASS[0m [   0.015s] (2336/2876) [35;1msparq-solid::acp[0m [34;1macp_issuer_reserved_encoding_rejected[0m
2026-09-10T16:44:34.4614592Z [32;1m        PASS[0m [   9.511s] (2337/2876) [35;1msparq-solid[0m [36mmaterialize::tests[0m[36m::[0m[34;1macp_with_provenance_auth_view_is_identical_to_the_text_engine[0m
2026-09-10T16:44:34.5294121Z [32;1m        PASS[0m [   0.069s] (2338/2876) [35;1msparq-solid::acp_vc[0m [34;1magent_and_vc_on_one_matcher_are_conjunctive[0m
2026-09-10T16:44:34.5618628Z [32;1m        PASS[0m [   0.032s] (2339/2876) [35;1msparq-solid::acp_vc[0m [34;1mmultiple_vc_values_on_one_matcher_are_disjunctive[0m
2026-09-10T16:44:34.5834047Z [32;1m        PASS[0m [   0.021s] (2340/2876) [35;1msparq-solid::acp_vc[0m [34;1mvc_grant_is_scoped_to_the_holder[0m
2026-09-10T16:44:34.6894707Z [33;1m        SLOW[0m [> 60.000s] (─────────) [35;1msparq-core::mmap_corruption_oracle[0m [34;1mmmap_loader_survives_corruption_compressed[0m
2026-09-10T16:44:34.8423196Z [32;1m        PASS[0m [   0.260s] (2341/2876) [35;1msparq-solid::concurrent_readers[0m [34;1mmany_threads_share_one_ref_and_get_session_scoped_results[0m
2026-09-10T16:44:34.8720652Z [32;1m        PASS[0m [   0.029s] (2342/2876) [35;1msparq-solid::conformance_acp[0m [34;1mharness_flags_a_wrong_expectation[0m
2026-09-10T16:44:34.9385435Z [32;1m        PASS[0m [   0.065s] (2343/2876) [35;1msparq-solid::conformance_wac[0m [34;1mwac_conformance_corpus_decision_parity[0m
2026-09-10T16:44:34.9632751Z [32;1m        PASS[0m [   1.984s] (2344/2876) [35;1msparq-solid::acp[0m [34;1macp_write_enforcement_matches_grants[0m
2026-09-10T16:44:36.3196018Z [32;1m        PASS[0m [   1.382s] (2345/2876) [35;1msparq-solid::container_default_walk_props[0m [34;1mnearest_ancestor_governs_by_default_and_walk_stops_there[0m
2026-09-10T16:44:36.3380762Z [32;1m        PASS[0m [   0.018s] (2346/2876) [35;1msparq-solid::decide[0m [34;1macl_link_header_surfaces_governing_acl_over_real_decide[0m
2026-09-10T16:44:36.3559106Z [32;1m        PASS[0m [   0.017s] (2347/2876) [35;1msparq-solid::decide[0m [34;1mdecide_batch_independent_decisions[0m
2026-09-10T16:44:36.3734635Z [32;1m        PASS[0m [   0.017s] (2348/2876) [35;1msparq-solid::decide[0m [34;1mdecide_scope_access_to_vs_default[0m
2026-09-10T16:44:36.3869932Z [32;1m        PASS[0m [   0.013s] (2349/2876) [35;1msparq-solid::decide[0m [34;1mfail_closed_absent_acl_is_denied_noacl[0m
2026-09-10T16:44:36.4050206Z [32;1m        PASS[0m [   0.018s] (2350/2876) [35;1msparq-solid::decide[0m [34;1mfail_closed_transient_on_malformed_resource_iri[0m
2026-09-10T16:44:36.4241184Z [32;1m        PASS[0m [   0.019s] (2351/2876) [35;1msparq-solid::decide_create_acl_guard[0m [34;1mappend_only_principal_cannot_mint_an_acl_document[0m
2026-09-10T16:44:36.4445734Z [32;1m        PASS[0m [   0.019s] (2352/2876) [35;1msparq-solid::decide_create_acl_guard[0m [34;1mfixture_actually_grants_the_attacker_append_on_the_container[0m
2026-09-10T16:44:36.4562196Z [32;1m        PASS[0m [   0.013s] (2353/2876) [35;1msparq-solid::decide_create_acl_guard[0m [34;1munmaterialized_view_fails_closed_for_both_benign_and_hostile_names[0m
2026-09-10T16:44:36.4651189Z [32;1m        PASS[0m [   0.009s] (2354/2876) [35;1msparq-solid::differential_oracle[0m [34;1moracle_flags_a_synthetic_disagreement[0m
2026-09-10T16:44:36.4736240Z [32;1m        PASS[0m [   0.008s] (2355/2876) [35;1msparq-solid::differential_oracle[0m [36mreference::tests[0m[36m::[0m[34;1mparses_a_literal_object[0m
2026-09-10T16:44:36.4753527Z [32;1m        PASS[0m [   1.510s] (2356/2876) [35;1msparq-solid::containment_view_ownership[0m [34;1mmaterialization_preserves_pss_written_contains_verbatim[0m
2026-09-10T16:44:36.5324735Z [32;1m        PASS[0m [   0.055s] (2357/2876) [35;1msparq-solid::differential_oracle[0m [34;1mwac_differential_oracle_zero_divergence[0m
2026-09-10T16:44:36.5462318Z [32;1m        PASS[0m [   0.017s] (2358/2876) [35;1msparq-solid::fail_closed_status_mapping[0m [34;1manonymous_definitive_deny_is_indistinguishable_from_authenticated[0m
2026-09-10T16:44:36.5727659Z [32;1m        PASS[0m [   0.025s] (2359/2876) [35;1msparq-solid::group_doc_remat[0m [34;1mgroup_doc_membership_revoke_rematerializes[0m
2026-09-10T16:44:37.0179145Z [32;1m        PASS[0m [   0.446s] (2360/2876) [35;1msparq-solid::hardening[0m [34;1mpair_delimiter_injection_is_rejected[0m
2026-09-10T16:44:37.8879069Z [32;1m        PASS[0m [   1.414s] (2361/2876) [35;1msparq-solid::e2e[0m [34;1mexplicit_named_graph_query_cannot_escape[0m
2026-09-10T16:44:37.9037338Z [32;1m        PASS[0m [   0.016s] (2362/2876) [35;1msparq-solid::incremental_remat[0m [34;1mcross_origin_foreign_subject_grant_revoke[0m
2026-09-10T16:44:38.2260185Z [32;1m        PASS[0m [   0.322s] (2363/2876) [35;1msparq-solid::incremental_remat[0m [34;1mscoped_writes_stay_equivalent_to_full_rebuild_after_every_step[0m
2026-09-10T16:44:38.2344399Z [32;1m        PASS[0m [   0.006s] (2364/2876) [35;1msparq-solid::rewrite_structural[0m [34;1mconstruct_and_describe_are_wrapped[0m
2026-09-10T16:44:38.2414346Z [32;1m        PASS[0m [   0.006s] (2365/2876) [35;1msparq-solid::rewrite_structural[0m [34;1mfilter_not_exists_nested_pattern_is_wrapped[0m
2026-09-10T16:44:38.2453706Z [32;1m        PASS[0m [   0.005s] (2366/2876) [35;1msparq-solid::rewrite_structural[0m [34;1mminus_wraps_both_operands[0m
2026-09-10T16:44:38.2490966Z [32;1m        PASS[0m [   0.005s] (2367/2876) [35;1msparq-solid::rewrite_structural[0m [34;1mprefix_lengthens_past_nested_collisions[0m
2026-09-10T16:44:38.2543703Z [32;1m        PASS[0m [   0.005s] (2368/2876) [35;1msparq-solid::rewrite_structural[0m [34;1mproperty_path_is_wrapped[0m
2026-09-10T16:44:38.2606580Z [32;1m        PASS[0m [   0.006s] (2369/2876) [35;1msparq-solid::rewrite_structural[0m [34;1mrewrite_for_intersects_existing_from_named[0m
2026-09-10T16:44:38.3833236Z [32;1m        PASS[0m [   1.363s] (2370/2876) [35;1msparq-solid::hardening[0m [34;1msentinel_graph_cannot_be_smuggled[0m
2026-09-10T16:44:39.5614768Z [32;1m        PASS[0m [   1.299s] (2371/2876) [35;1msparq-solid::union_default_graph[0m [34;1mbare_default_graph_pattern_is_empty_without_opt_in[0m
2026-09-10T16:44:39.8622956Z [32;1m        PASS[0m [   1.481s] (2372/2876) [35;1msparq-solid::union_default_graph[0m [34;1mopt_in_is_per_request_with_no_state_leak[0m
2026-09-10T16:44:40.9539406Z [32;1m        PASS[0m [   1.394s] (2373/2876) [35;1msparq-solid::union_default_graph[0m [34;1munion_default_opt_in_reproduces_authorized_union[0m
2026-09-10T16:44:41.1637566Z [32;1m        PASS[0m [   1.302s] (2374/2876) [35;1msparq-solid::update[0m [34;1malice_delete_with_write_succeeds[0m
2026-09-10T16:44:42.5300612Z [32;1m        PASS[0m [   1.364s] (2375/2876) [35;1msparq-solid::update[0m [34;1mdefault_graph_write_denied[0m
2026-09-10T16:44:43.8228869Z [32;1m        PASS[0m [   1.294s] (2376/2876) [35;1msparq-solid::update[0m [34;1mgroup_write_grant_allows_carol_and_bob_not_dave[0m
2026-09-10T16:44:44.5014485Z [32;1m        PASS[0m [   3.545s] (2377/2876) [35;1msparq-solid::update[0m [34;1man_unlimited_budget_is_the_unbudgeted_write_path[0m
2026-09-10T16:44:45.0667311Z [32;1m        PASS[0m [   1.244s] (2378/2876) [35;1msparq-solid::update[0m [34;1mnearest_acl_shadowing_denies_alice_in_team2[0m
2026-09-10T16:44:45.8154322Z [32;1m        PASS[0m [   1.314s] (2379/2876) [35;1msparq-solid::update[0m [34;1mthe_budget_cannot_turn_a_denial_into_a_write[0m
2026-09-10T16:44:47.6138878Z [32;1m        PASS[0m [   2.546s] (2380/2876) [35;1msparq-solid::update[0m [34;1mvar_graph_precise_allows_authorized_subset[0m
2026-09-10T16:44:48.5103413Z [32;1m        PASS[0m [   2.697s] (2381/2876) [35;1msparq-solid::update[0m [34;1mvar_graph_precise_insert_authorized_subset_succeeds[0m
2026-09-10T16:44:49.2489816Z [32;1m        PASS[0m [   1.635s] (2382/2876) [35;1msparq-solid::update[0m [34;1mvar_graph_with_clause_precise_still_denies_unwritable_binding[0m
2026-09-10T16:44:49.7148148Z [32;1m        PASS[0m [   1.204s] (2383/2876) [35;1msparq-solid::update[0m [34;1mwrite_with_permission_succeeds_and_mutates[0m
2026-09-10T16:44:49.7624479Z [32;1m        PASS[0m [   0.044s] (2384/2876) [35;1msparq-solid::write_through[0m [34;1mdelete_absent_acl_is_noop_success[0m
2026-09-10T16:44:49.7861898Z [32;1m        PASS[0m [   0.027s] (2385/2876) [35;1msparq-solid::write_through[0m [34;1mput_acl_acp_creates_and_takes_effect[0m
2026-09-10T16:44:49.8000504Z [32;1m        PASS[0m [   0.013s] (2386/2876) [35;1msparq-solid::write_through[0m [34;1mput_acl_rejects_non_control_iri[0m
2026-09-10T16:44:49.8075979Z [32;1m        PASS[0m [   0.007s] (2387/2876) [35;1msparq-substrate[0m [36mcompare::tests[0m[36m::[0m[34;1mcross_class_precedence[0m
2026-09-10T16:44:49.8136184Z [32;1m        PASS[0m [   0.005s] (2388/2876) [35;1msparq-substrate[0m [36mcompare::tests[0m[36m::[0m[34;1mf64_collapse_recheck_orders_high_precision_decimals[0m
2026-09-10T16:44:49.8195263Z [32;1m        PASS[0m [   0.006s] (2389/2876) [35;1msparq-substrate[0m [36mcompare::tests[0m[36m::[0m[34;1mstring_fallback_when_no_numeric_and_no_strict[0m
2026-09-10T16:44:49.8295562Z [32;1m        PASS[0m [   0.008s] (2390/2876) [35;1msparq-substrate[0m [36mcompare::tests[0m[36m::[0m[34;1mwithin_class_error_is_equal[0m
2026-09-10T16:44:49.8365212Z [32;1m        PASS[0m [   0.007s] (2391/2876) [35;1msparq-substrate[0m [36mcompare::tests[0m[36m::[0m[34;1mwitness3_nan_now_totalised_first_among_numerics[0m
2026-09-10T16:44:49.8427224Z [32;1m        PASS[0m [   0.006s] (2392/2876) [35;1msparq-substrate[0m [36mjoin::delta::tests[0m[36m::[0m[34;1mbuild_extend_equivalent_to_static_build_over_concatenated_rows[0m
2026-09-10T16:44:49.8477506Z [32;1m        PASS[0m [   0.005s] (2393/2876) [35;1msparq-substrate[0m [36mjoin::delta::tests[0m[36m::[0m[34;1mextend_appends_delta_rows_in_order[0m
2026-09-10T16:44:49.8532815Z [32;1m        PASS[0m [   0.005s] (2394/2876) [35;1msparq-substrate[0m [36mjoin::delta::tests[0m[36m::[0m[34;1mprobe_emit_budget_cooperative_cancel_with_control[0m
2026-09-10T16:44:49.8595041Z [32;1m        PASS[0m [   0.006s] (2395/2876) [35;1msparq-substrate[0m [36mjoin::delta::tests[0m[36m::[0m[34;1mprobe_emit_empty_table_emits_nothing[0m
2026-09-10T16:44:49.8652242Z [32;1m        PASS[0m [   0.005s] (2396/2876) [35;1msparq-substrate[0m [36mjoin::delta::tests[0m[36m::[0m[34;1mprobe_emit_passes_probe_row_to_closure[0m
2026-09-10T16:44:49.8711002Z [32;1m        PASS[0m [   0.006s] (2397/2876) [35;1msparq-substrate[0m [36mjoin::tests[0m[36m::[0m[34;1many_unbound_detects_an_unbound_column[0m
2026-09-10T16:44:49.8764926Z [32;1m        PASS[0m [   0.005s] (2398/2876) [35;1msparq-substrate[0m [36mjoin::tests[0m[36m::[0m[34;1mbuild_partitioned_covers_all_rows_across_the_radix_maps[0m
2026-09-10T16:44:49.8813176Z [32;1m        PASS[0m [   0.005s] (2399/2876) [35;1msparq-substrate[0m [36mjoin::tests[0m[36m::[0m[34;1mhash_probe_serial_budget_truncates_after_the_cap[0m
2026-09-10T16:44:49.8859999Z [32;1m        PASS[0m [   0.005s] (2400/2876) [35;1msparq-substrate[0m [36mjoin::tests[0m[36m::[0m[34;1mkey_hash_distinct_keys_produce_distinct_hashes[0m
2026-09-10T16:44:49.8908537Z [32;1m        PASS[0m [   0.005s] (2401/2876) [35;1msparq-substrate[0m [36mjoin::tests[0m[36m::[0m[34;1mlftj_k2_different_start_keys_reaches_search_advance[0m
2026-09-10T16:44:49.8956112Z [32;1m        PASS[0m [   0.005s] (2402/2876) [35;1msparq-substrate[0m [36mjoin::tests[0m[36m::[0m[34;1mlftj_k3_three_way_intersection[0m
2026-09-10T16:44:49.9037408Z [32;1m        PASS[0m [   0.008s] (2403/2876) [35;1msparq-substrate[0m [36mjoin::tests[0m[36m::[0m[34;1mlftj_two_relations_triangle_edge[0m
2026-09-10T16:44:49.9093651Z [32;1m        PASS[0m [   0.005s] (2404/2876) [35;1msparq-substrate[0m [36mjoin::tests[0m[36m::[0m[34;1mmerge_join_respects_extra_shared[0m
2026-09-10T16:44:49.9183787Z [32;1m        PASS[0m [   0.007s] (2405/2876) [35;1msparq-substrate[0m [36mjoin::tests[0m[36m::[0m[34;1mmerge_rows_keeps_a_bound_left_and_appends_right_only[0m
2026-09-10T16:44:49.9209733Z [32;1m        PASS[0m [   0.005s] (2406/2876) [35;1msparq-substrate[0m [36mjoin::tests[0m[36m::[0m[34;1mprobe_emit_multi_partition_finds_the_matching_build_row[0m
2026-09-10T16:44:49.9284910Z [32;1m        PASS[0m [   0.007s] (2407/2876) [35;1msparq-substrate[0m [36mjoin::tests[0m[36m::[0m[34;1mprobe_gather_indices_result_equivalent_to_probe_emit_indices[0m
2026-09-10T16:44:49.9352198Z [32;1m        PASS[0m [   0.006s] (2408/2876) [35;1msparq-substrate[0m [36mjoin::tests[0m[36m::[0m[34;1mprobe_table_preserves_serial_partitioned_and_fallback_selection[0m
2026-09-10T16:44:49.9414243Z [32;1m        PASS[0m [   0.005s] (2409/2876) [35;1msparq-substrate[0m [36mjoin::tests[0m[36m::[0m[34;1msingle_column_key_is_byte_identical_to_the_general_collect[0m
2026-09-10T16:44:49.9457965Z [32;1m        PASS[0m [   0.005s] (2410/2876) [35;1msparq-substrate[0m [36mnumeric::tests[0m[36m::[0m[34;1mcanonical_lexical_is_always_scientific_for_floats[0m
2026-09-10T16:44:49.9536905Z [32;1m        PASS[0m [   0.007s] (2411/2876) [35;1msparq-substrate[0m [36mnumeric::tests[0m[36m::[0m[34;1mcmp_plain_decimal_negative_vs_positive_same_magnitude[0m
2026-09-10T16:44:49.9618117Z [32;1m        PASS[0m [   0.008s] (2412/2876) [35;1msparq-substrate[0m [36mnumeric::tests[0m[36m::[0m[34;1mcmp_relational_integer_and_decimal_vs_float_compare_in_the_float_tier[0m
2026-09-10T16:44:49.9684116Z [32;1m        PASS[0m [   0.006s] (2413/2876) [35;1msparq-substrate[0m [36mnumeric::tests[0m[36m::[0m[34;1mcmp_total_decimal_vs_double_refines_the_f64_tie[0m
2026-09-10T16:44:49.9737333Z [32;1m        PASS[0m [   0.005s] (2414/2876) [35;1msparq-substrate[0m [36mnumeric::tests[0m[36m::[0m[34;1mdec_checked_add_sub_mul_and_align_overflow[0m
2026-09-10T16:44:49.9808885Z [32;1m        PASS[0m [   0.007s] (2415/2876) [35;1msparq-substrate[0m [36mnumeric::tests[0m[36m::[0m[34;1mdec_checked_div_nonterminating_rounds_half_up[0m
2026-09-10T16:44:49.9869081Z [32;1m        PASS[0m [   0.006s] (2416/2876) [35;1msparq-substrate[0m [36mnumeric::tests[0m[36m::[0m[34;1mdec_cmp_total_order_across_scales[0m
2026-09-10T16:44:49.9943967Z [32;1m        PASS[0m [   0.005s] (2417/2876) [35;1msparq-substrate[0m [36mnumeric::tests[0m[36m::[0m[34;1mdec_lexical_fraction_and_integer_part[0m
2026-09-10T16:44:49.9983549Z [32;1m        PASS[0m [   0.005s] (2418/2876) [35;1msparq-substrate[0m [36mnumeric::tests[0m[36m::[0m[34;1mdec_parse_rejects_malformed[0m
2026-09-10T16:44:50.0033909Z [32;1m        PASS[0m [   0.005s] (2419/2876) [35;1msparq-substrate[0m [36mnumeric::tests[0m[36m::[0m[34;1mdecimal_keeps_exact_fixed_point_and_written_scale[0m
2026-09-10T16:44:50.0093825Z [32;1m        PASS[0m [   0.005s] (2420/2876) [35;1msparq-substrate[0m [36mnumeric::tests[0m[36m::[0m[34;1mf64_exact_decimal_is_the_exact_expansion[0m
2026-09-10T16:44:50.0143855Z [32;1m        PASS[0m [   0.005s] (2421/2876) [35;1msparq-substrate[0m [36mnumeric::tests[0m[36m::[0m[34;1mfmt_xsd_double_boundary_at_1e15_is_scientific[0m
2026-09-10T16:44:50.0183677Z [32;1m        PASS[0m [   0.005s] (2422/2876) [35;1msparq-substrate[0m [36mnumeric::tests[0m[36m::[0m[34;1mfractional_integer_lexical_is_ill_formed[0m
2026-09-10T16:44:50.0243847Z [32;1m        PASS[0m [   0.005s] (2423/2876) [35;1msparq-substrate[0m [36mnumeric::tests[0m[36m::[0m[34;1mlanguage_tagged_and_non_numeric_are_not_numeric[0m
2026-09-10T16:44:50.0303715Z [32;1m        PASS[0m [   0.005s] (2424/2876) [35;1msparq-substrate[0m [36mnumeric::tests[0m[36m::[0m[34;1mnum_binop_div_is_decimal_and_zero_divisor_is_error[0m
2026-09-10T16:44:50.0343696Z [32;1m        PASS[0m [   0.005s] (2425/2876) [35;1msparq-substrate[0m [36mnumeric::tests[0m[36m::[0m[34;1mnum_binop_float_promotion_of_integer_is_bit_exact[0m
2026-09-10T16:44:50.0383596Z [32;1m        PASS[0m [   0.005s] (2426/2876) [35;1msparq-substrate[0m [36mnumeric::tests[0m[36m::[0m[34;1mnum_canonical_lexical_float_and_specials[0m
2026-09-10T16:44:50.0434509Z [32;1m        PASS[0m [   0.005s] (2427/2876) [35;1msparq-substrate[0m [36mnumeric::tests[0m[36m::[0m[34;1mnum_datatype_all_variants[0m
2026-09-10T16:44:50.0483672Z [32;1m        PASS[0m [   0.005s] (2428/2876) [35;1msparq-substrate[0m [36mnumeric::tests[0m[36m::[0m[34;1mnum_f64_all_variants[0m
2026-09-10T16:44:50.0533798Z [32;1m        PASS[0m [   0.005s] (2429/2876) [35;1msparq-substrate[0m [36mnumeric::tests[0m[36m::[0m[34;1mnum_lexical_float_at_1e15_f32_boundary_is_scientific[0m
2026-09-10T16:44:50.0593591Z [32;1m        PASS[0m [   0.005s] (2430/2876) [35;1msparq-substrate[0m [36mnumeric::tests[0m[36m::[0m[34;1mnum_rank_orders_the_promotion_tower[0m
2026-09-10T16:44:50.0644897Z [32;1m        PASS[0m [   0.005s] (2431/2876) [35;1msparq-substrate[0m [36mnumeric::tests[0m[36m::[0m[34;1mparse_xsd_f32_is_single_rounded_bit_exact[0m
2026-09-10T16:44:50.0683811Z [32;1m        PASS[0m [   0.005s] (2432/2876) [35;1msparq-substrate[0m [36mnumeric::tests[0m[36m::[0m[34;1mround_float_tier_half_up_towards_pos_inf[0m
2026-09-10T16:44:50.0743577Z [32;1m        PASS[0m [   0.005s] (2433/2876) [35;1msparq-substrate[0m [36mnumeric::tests[0m[36m::[0m[34;1msplit_decimal_normalises_zeros[0m
2026-09-10T16:44:50.0803596Z [32;1m        PASS[0m [   0.005s] (2434/2876) [35;1msparq-substrate[0m [36mrows::tests[0m[36m::[0m[34;1mkey_is_inline_until_two_columns[0m
2026-09-10T16:44:50.0985483Z [32;1m        PASS[0m [   0.020s] (2435/2876) [35;1msparq-substrate::proptest_order_numeric[0m [36mdec_order[0m[36m::[0m[34;1mnegative_mantissa_cmp_is_reflexive_and_antisymmetric[0m
2026-09-10T16:44:50.3253076Z [32;1m        PASS[0m [   0.226s] (2436/2876) [35;1msparq-substrate::proptest_order_numeric[0m [36morder_numeric[0m[36m::[0m[34;1mprop_binop_promotion_rank[0m
2026-09-10T16:44:50.5746695Z [32;1m        PASS[0m [   0.250s] (2437/2876) [35;1msparq-substrate::proptest_order_numeric[0m [36morder_numeric[0m[36m::[0m[34;1mprop_num_cmp_total_agrees_with_reference[0m
2026-09-10T16:44:50.6088069Z [32;1m        PASS[0m [   1.360s] (2438/2876) [35;1msparq-solid::wac[0m [34;1mwac_expected_access_matrix[0m
2026-09-10T16:44:51.0082027Z [32;1m        PASS[0m [   0.433s] (2439/2876) [35;1msparq-substrate::proptest_order_numeric[0m [36morder_numeric[0m[36m::[0m[34;1mprop_num_cmp_total_transitive[0m
2026-09-10T16:44:51.0126262Z [32;1m        PASS[0m [   0.004s] (2440/2876) [35;1msparq-substrate::proptest_order_numeric[0m [36morder_numeric[0m[36m::[0m[34;1mtargeted_nan_triple_transitivity[0m
2026-09-10T16:44:51.0165395Z [32;1m        PASS[0m [   0.004s] (2441/2876) [35;1msparq-substrate::proptest_order_numeric[0m [36morder_numeric[0m[36m::[0m[34;1mtargeted_term_class_precedence[0m
2026-09-10T16:44:51.2054409Z [32;1m        PASS[0m [   0.596s] (2442/2876) [35;1msparq-substrate::proptest_order_numeric[0m [36morder_numeric[0m[36m::[0m[34;1mprop_transitivity[0m
2026-09-10T16:44:51.5248226Z [32;1m        PASS[0m [   0.508s] (2443/2876) [35;1msparq-substrate::bench/substrate[0m [34;1mhash_build/1000[0m
2026-09-10T16:44:51.8036687Z [32;1m        PASS[0m [   0.597s] (2444/2876) [35;1msparq-substrate::bench/substrate[0m [34;1mhash_probe/1000[0m
2026-09-10T16:44:52.0822274Z [32;1m        PASS[0m [   0.557s] (2445/2876) [35;1msparq-substrate::bench/substrate[0m [34;1mlftj_intersection_k3/10000[0m
2026-09-10T16:44:52.4901541Z [32;1m        PASS[0m [   0.688s] (2446/2876) [35;1msparq-substrate::bench/substrate[0m [34;1mlftj_triangle/100[0m
2026-09-10T16:44:52.6504599Z [32;1m        PASS[0m [   0.568s] (2447/2876) [35;1msparq-substrate::bench/substrate[0m [34;1mmerge_join/1000[0m
2026-09-10T16:44:52.6571194Z [32;1m        PASS[0m [   0.007s] (2448/2876) [35;1msparq-terse[0m [36mkeyword::tests[0m[36m::[0m[34;1mlegend_names_are_unique_and_iris_valid[0m
2026-09-10T16:44:52.6626143Z [32;1m        PASS[0m [   0.005s] (2449/2876) [35;1msparq-terse[0m [36mresolve::tests[0m[36m::[0m[34;1mmethod_tags_are_stable[0m
2026-09-10T16:44:52.6703969Z [32;1m        PASS[0m [   0.007s] (2450/2876) [35;1msparq-terse[0m [36mtranspile::tests[0m[36m::[0m[34;1mcanary_accepts_update[0m
2026-09-10T16:44:52.6774683Z [32;1m        PASS[0m [   0.005s] (2451/2876) [35;1msparq-terse[0m [36mtranspile::tests[0m[36m::[0m[34;1mglued_v_is_not_a_construct[0m
2026-09-10T16:44:52.6810018Z [32;1m        PASS[0m [   0.005s] (2452/2876) [35;1msparq-terse[0m [36mtranspile::tests[0m[36m::[0m[34;1mkeyword_expands_to_canonical_iri_and_echoes[0m
2026-09-10T16:44:52.6869147Z [32;1m        PASS[0m [   0.006s] (2453/2876) [35;1msparq-terse[0m [36mtranspile::tests[0m[36m::[0m[34;1munknown_keyword_is_a_loud_error_with_suggestions[0m
2026-09-10T16:44:52.6918766Z [32;1m        PASS[0m [   0.005s] (2454/2876) [35;1msparq-terse[0m [36mtranspile::tests[0m[36m::[0m[34;1mv_escapes_are_unescaped[0m
2026-09-10T16:44:52.6993725Z [32;1m        PASS[0m [   0.005s] (2455/2876) [35;1msparq-terse[0m [36mtranspile::tests[0m[36m::[0m[34;1mv_inside_an_iri_is_not_a_construct[0m
2026-09-10T16:44:52.7073896Z [32;1m        PASS[0m [   0.009s] (2456/2876) [35;1msparq-terse::error_contract[0m [34;1mkeyword_text_inside_literal_is_data[0m
2026-09-10T16:44:52.7123513Z [32;1m        PASS[0m [   0.005s] (2457/2876) [35;1msparq-terse::error_contract[0m [34;1mvector_phrase_requires_opt_in_feature[0m
2026-09-10T16:44:52.7385110Z [32;1m        PASS[0m [   0.025s] (2458/2876) [35;1msparq-terse::proptest_keyword[0m [34;1munknown_keywords_and_real_k_prefixes_fail_closed[0m
2026-09-10T16:44:52.7423646Z [32;1m        PASS[0m [   0.005s] (2459/2876) [35;1msparq-text[0m [36mtokenize::tests[0m[36m::[0m[34;1mngram_agrees_with_default_on_non_cjk[0m
2026-09-10T16:44:52.7475386Z [32;1m        PASS[0m [   0.005s] (2460/2876) [35;1msparq-text[0m [36mtokenize::tests[0m[36m::[0m[34;1mngram_query_bigrams_are_never_prefix[0m
2026-09-10T16:44:52.7534527Z [32;1m        PASS[0m [   0.005s] (2461/2876) [35;1msparq-text[0m [36mtokenize::tests[0m[36m::[0m[34;1mnumbers_are_tokens[0m
2026-09-10T16:44:52.7583681Z [32;1m        PASS[0m [   0.005s] (2462/2876) [35;1msparq-text[0m [36mtokenize::tests[0m[36m::[0m[34;1municode_case_folding[0m
2026-09-10T16:44:52.7780805Z [32;1m        PASS[0m [   0.021s] (2463/2876) [35;1msparq-text::analyzer_edges[0m [34;1mchurned_delete_readd_matches_rebuild[0m
2026-09-10T16:44:52.7873904Z [32;1m        PASS[0m [   0.008s] (2464/2876) [35;1msparq-text::analyzer_edges[0m [34;1mdelete_then_readd_leaves_no_orphan_postings[0m
2026-09-10T16:44:52.8550951Z [32;1m        PASS[0m [   0.069s] (2465/2876) [35;1msparq-text::bm25_metamorph[0m [34;1mbuild_order_invariant_ranking[0m
2026-09-10T16:44:52.8714357Z [32;1m        PASS[0m [   0.015s] (2466/2876) [35;1msparq-text::bm25_oracle[0m [34;1mbm25_hand_pinned_cross_check[0m
2026-09-10T16:44:52.8935085Z [32;1m        PASS[0m [   0.022s] (2467/2876) [35;1msparq-text::cjk_ngram[0m [34;1mngram_agrees_with_default_on_latin_corpus[0m
2026-09-10T16:44:52.9077570Z [32;1m        PASS[0m [   0.016s] (2468/2876) [35;1msparq-text::cjk_ngram[0m [34;1mngram_index_drives_text_matches_rewrite[0m
2026-09-10T16:44:52.9154959Z [32;1m        PASS[0m [   0.008s] (2469/2876) [35;1msparq-text::cjk_ngram[0m [34;1mngram_three_char_term_is_and_of_its_bigrams[0m
2026-09-10T16:44:52.9221908Z [32;1m        PASS[0m [   0.007s] (2470/2876) [35;1msparq-text::complete[0m [34;1mdefault_index_introspection_is_empty[0m
2026-09-10T16:44:52.9482369Z [32;1m        PASS[0m [   0.026s] (2471/2876) [35;1msparq-text::complete_delta[0m [34;1mreconcile_growth_equals_fresh_build_and_reports_work[0m
2026-09-10T16:44:53.0033357Z [32;1m        PASS[0m [   0.513s] (2472/2876) [35;1msparq-substrate::bench/substrate[0m [34;1mnum_arithmetic/double_add[0m
2026-09-10T16:44:53.0325671Z [32;1m        PASS[0m [   0.084s] (2473/2876) [35;1msparq-text::delta[0m [34;1mincremental_equals_rebuilt_after_random_deltas[0m
2026-09-10T16:44:53.0387514Z [32;1m        PASS[0m [   0.006s] (2474/2876) [35;1msparq-text::e2e[0m [34;1mnear_without_positions_errors[0m
2026-09-10T16:44:53.0427043Z [32;1m        PASS[0m [   0.039s] (2475/2876) [35;1msparq-text::e2e[0m [34;1mmagic_pattern_inside_optional_and_no_match[0m
2026-09-10T16:44:53.0454142Z [32;1m        PASS[0m [   0.007s] (2476/2876) [35;1msparq-text::e2e[0m [34;1mphrase_without_positions_errors[0m
2026-09-10T16:44:53.0515285Z [32;1m        PASS[0m [   0.009s] (2477/2876) [35;1msparq-text::e2e[0m [34;1mscore_variable_and_order_by[0m
2026-09-10T16:44:53.0650089Z [32;1m        PASS[0m [   0.019s] (2478/2876) [35;1msparq-text::index[0m [34;1mbm25_ordering[0m
2026-09-10T16:44:53.0667411Z [32;1m        PASS[0m [   0.015s] (2479/2876) [35;1msparq-text::index[0m [34;1mempty_inputs[0m
2026-09-10T16:44:53.0725108Z [32;1m        PASS[0m [   0.007s] (2480/2876) [35;1msparq-text::index[0m [34;1mor_semantics[0m
2026-09-10T16:44:53.0883569Z [32;1m        PASS[0m [   0.015s] (2481/2876) [35;1msparq-text::phrase[0m [34;1mempty_phrase_matches_nothing[0m
2026-09-10T16:44:53.0993646Z [32;1m        PASS[0m [   0.011s] (2482/2876) [35;1msparq-text::phrase[0m [34;1mnear_honours_the_analyzer[0m
2026-09-10T16:44:53.1123480Z [32;1m        PASS[0m [   0.009s] (2483/2876) [35;1msparq-text::phrase[0m [34;1mnear_slop_boundary_is_inclusive[0m
2026-09-10T16:44:53.1150463Z [32;1m        PASS[0m [   0.007s] (2484/2876) [35;1msparq-text::phrase[0m [34;1mnear_uses_the_tightest_occurrence_for_the_score[0m
2026-09-10T16:44:53.1273779Z [32;1m        PASS[0m [   0.010s] (2485/2876) [35;1msparq-text::phrase[0m [34;1morder_is_significant[0m
2026-09-10T16:44:53.1776215Z [32;1m        PASS[0m [   0.111s] (2486/2876) [35;1msparq-text::oracle[0m [34;1mbrute_force_oracle_over_random_documents[0m
2026-09-10T16:44:53.1843255Z [32;1m        PASS[0m [   0.006s] (2487/2876) [35;1msparq-text::phrase[0m [34;1mrepeated_token_phrase[0m
2026-09-10T16:44:53.1904189Z [32;1m        PASS[0m [   0.006s] (2488/2876) [35;1msparq-text::reconcile[0m [34;1mempty_index_marker_is_zero_and_inconsistent_once_graph_grows[0m
2026-09-10T16:44:53.1961762Z [32;1m        PASS[0m [   0.006s] (2489/2876) [35;1msparq-text::reconcile[0m [34;1mreconcile_idempotent_when_already_current[0m
2026-09-10T16:44:53.2579217Z [32;1m        PASS[0m [   0.062s] (2490/2876) [35;1msparq-text::reconcile[0m [34;1mshorter_dictionary_needs_rebuild_and_panics_reconcile[0m
2026-09-10T16:44:53.2658404Z [32;1m        PASS[0m [   0.008s] (2491/2876) [35;1msparq-text::rewrite_paths[0m [34;1mambiguous_text_slop_over_two_matches_errors[0m
2026-09-10T16:44:53.2728261Z [32;1m        PASS[0m [   0.007s] (2492/2876) [35;1msparq-text::rewrite_paths[0m [34;1mduplicate_text_score_errors[0m
2026-09-10T16:44:53.2796499Z [32;1m        PASS[0m [   0.007s] (2493/2876) [35;1msparq-text::rewrite_paths[0m [34;1mproperty_path_passes_through_while_bgp_is_rewritten[0m
2026-09-10T16:44:53.2854090Z [32;1m        PASS[0m [   0.006s] (2494/2876) [35;1msparq-text::rewrite_paths[0m [34;1mwith_budget_max_rows_is_enforced_through_the_rewrite[0m
2026-09-10T16:44:53.2898141Z [32;1m        PASS[0m [   0.004s] (2495/2876) [35;1msparq-text::example/bench_text[0m [36mtests[0m[36m::[0m[34;1mjson_str_escapes[0m
2026-09-10T16:44:53.2962103Z [32;1m        PASS[0m [   0.006s] (2496/2876) [35;1msparq-text-wasm[0m [36mtests[0m[36m::[0m[34;1mmatches_and_score_selects_the_fox[0m
2026-09-10T16:44:53.3008506Z [32;1m        PASS[0m [   0.005s] (2497/2876) [35;1msparq-trust[0m [36madmit::tests[0m[36m::[0m[34;1mscope_covers_exact_and_container[0m
2026-09-10T16:44:53.3062213Z [32;1m        PASS[0m [   0.005s] (2498/2876) [35;1msparq-trust[0m [36mframework_vocab::tests[0m[36m::[0m[34;1mall_constants_are_in_a_known_namespace[0m
2026-09-10T16:44:53.3120188Z [32;1m        PASS[0m [   0.006s] (2499/2876) [35;1msparq-trust[0m [36mframework_vocab::tests[0m[36m::[0m[34;1mcertification_scope_does_not_collide_with_trust_scope[0m
2026-09-10T16:44:53.3183154Z [32;1m        PASS[0m [   0.006s] (2500/2876) [35;1msparq-trust[0m [36mframework_vocab::tests[0m[36m::[0m[34;1mextends_trust_without_redeclaring_its_terms[0m
2026-09-10T16:44:53.3262310Z [32;1m        PASS[0m [   0.007s] (2501/2876) [35;1msparq-trust[0m [36mframework_vocab::tests[0m[36m::[0m[34;1mframework_ttl_iris_match_rust_constants[0m
2026-09-10T16:44:53.3323454Z [32;1m        PASS[0m [   0.006s] (2502/2876) [35;1msparq-trust[0m [36mframework_vocab::tests[0m[36m::[0m[34;1mstatus_attestation_iris_are_stable[0m
2026-09-10T16:44:53.3355344Z [32;1m        PASS[0m [   0.211s] (2503/2876) [35;1msparq-text::phrase[0m [34;1mphrase_without_positions_panics[0m
2026-09-10T16:44:53.3425340Z [32;1m        PASS[0m [   0.007s] (2504/2876) [35;1msparq-trust[0m [36mgraph::tests[0m[36m::[0m[34;1mis_selection_edge_flags_implicit_class_typing_not_nodeshape[0m
2026-09-10T16:44:53.3491486Z [32;1m        PASS[0m [   0.007s] (2505/2876) [35;1msparq-trust[0m [36mgraph::tests[0m[36m::[0m[34;1mmonotone_gate_rejects_every_nonmonotone_and_unknown_predicate[0m
2026-09-10T16:44:53.3572029Z [32;1m        PASS[0m [   0.008s] (2506/2876) [35;1msparq-trust[0m [36mgraph::tests[0m[36m::[0m[34;1mselection_edges_collects_only_root_targets[0m
2026-09-10T16:44:53.3668351Z [32;1m        PASS[0m [   0.010s] (2507/2876) [35;1msparq-trust[0m [36mgraph::tests[0m[36m::[0m[34;1mzero_certifications_is_direct_rules_verbatim[0m
2026-09-10T16:44:53.3750872Z [32;1m        PASS[0m [   0.008s] (2508/2876) [35;1msparq-trust[0m [36mpolicy::tests[0m[36m::[0m[34;1mnegative_durations_are_rejected[0m
2026-09-10T16:44:53.3856031Z [32;1m        PASS[0m [   0.053s] (2509/2876) [35;1msparq-trust[0m [36mgraph::tests[0m[36m::[0m[34;1mbroadening_cert_inside_sh_not_is_rejected_fail_closed[0m
2026-09-10T16:44:53.3904004Z [32;1m        PASS[0m [   0.013s] (2510/2876) [35;1msparq-trust[0m [36mpolicy::tests[0m[36m::[0m[34;1mtrusts_source_for_fans_out_one_rule_per_statement_type[0m
2026-09-10T16:44:53.3938429Z [32;1m        PASS[0m [   0.006s] (2511/2876) [35;1msparq-trust[0m [36mpolicy::tests[0m[36m::[0m[34;1mungated_policy_is_rejected_fail_closed[0m
2026-09-10T16:44:53.3983961Z [32;1m        PASS[0m [   0.011s] (2512/2876) [35;1msparq-trust[0m [36mpolicy::tests[0m[36m::[0m[34;1mtrusts_source_for_node_shape_carries_its_closure[0m
2026-09-10T16:44:53.4007304Z [32;1m        PASS[0m [   0.007s] (2513/2876) [35;1msparq-trust[0m [36mvocab::tests[0m[36m::[0m[34;1mtwo_desugarings_use_distinct_fresh_shape_nodes[0m
2026-09-10T16:44:53.4054358Z [32;1m        PASS[0m [   0.006s] (2514/2876) [35;1msparq-trust[0m [36mwire::tests[0m[36m::[0m[34;1mconditional_grant_age_16_denies[0m
2026-09-10T16:44:53.4073761Z [32;1m        PASS[0m [   0.006s] (2515/2876) [35;1msparq-trust[0m [36mwire::tests[0m[36m::[0m[34;1mnothing_admitted_derives_nothing[0m
2026-09-10T16:44:53.4293437Z [32;1m        PASS[0m [   0.026s] (2516/2876) [35;1msparq-trust::age_over_18_e2e[0m [34;1mage_16_admitted_but_rule_denies[0m
2026-09-10T16:44:53.4394190Z [32;1m        PASS[0m [   0.029s] (2517/2876) [35;1msparq-trust::age_over_18_e2e[0m [34;1mout_of_scope_laundered_predicate_is_not_admitted[0m
2026-09-10T16:44:53.4521446Z [32;1m        PASS[0m [   0.023s] (2518/2876) [35;1msparq-trust::age_over_18_e2e[0m [34;1mstale_credential_is_rejected[0m
2026-09-10T16:44:53.4622374Z [32;1m        PASS[0m [   0.026s] (2519/2876) [35;1msparq-trust::age_over_18_e2e[0m [34;1mstatic_admission_is_session_independent_and_carries_dynamic_conditions[0m
2026-09-10T16:44:53.4757811Z [32;1m        PASS[0m [   0.023s] (2520/2876) [35;1msparq-trust::age_over_18_e2e[0m [34;1muntrusted_issuer_is_not_admitted_no_access[0m
2026-09-10T16:44:53.5091045Z [32;1m        PASS[0m [   0.046s] (2521/2876) [35;1msparq-trust::certification_graph_e2e[0m [34;1madditive_target_predicate_cert_is_denied_as_broadening[0m
2026-09-10T16:44:53.5158883Z [32;1m        PASS[0m [   0.040s] (2522/2876) [35;1msparq-trust::certification_graph_e2e[0m [34;1mattribute_scoped_issuer_cannot_meta_escalate_to_certify_another_issuer[0m
2026-09-10T16:44:53.5260604Z [32;1m        PASS[0m [   0.017s] (2523/2876) [35;1msparq-trust::certification_graph_e2e[0m [34;1mcertifier_named_with_wrong_key_is_denied[0m
2026-09-10T16:44:53.5556514Z [32;1m        PASS[0m [   0.029s] (2524/2876) [35;1msparq-trust::certification_graph_e2e[0m [34;1minverted_window_certification_is_denied[0m
2026-09-10T16:44:53.5710055Z [32;1m        PASS[0m [   0.055s] (2525/2876) [35;1msparq-trust::certification_graph_e2e[0m [34;1mevery_derived_rule_target_set_is_subset_of_the_anchor_target_set[0m
2026-09-10T16:44:53.5745504Z [32;1m        PASS[0m [   0.019s] (2526/2876) [35;1msparq-trust::certification_graph_e2e[0m [34;1mno_matching_anchor_is_denied[0m
2026-09-10T16:44:53.6042216Z [32;1m        PASS[0m [   0.033s] (2527/2876) [35;1msparq-trust::certification_graph_e2e[0m [34;1mpartial_shape_dropping_an_anchor_constraint_is_denied[0m
2026-09-10T16:44:53.6193748Z [32;1m        PASS[0m [   0.042s] (2528/2876) [35;1msparq-trust::certification_graph_e2e[0m [34;1mscope_broadening_shape_cert_is_denied[0m
2026-09-10T16:44:53.6403023Z [32;1m        PASS[0m [   0.036s] (2529/2876) [35;1msparq-trust::certification_graph_e2e[0m [34;1mun_modelled_selection_predicate_cert_fails_closed[0m
2026-09-10T16:44:53.6533810Z [32;1m        PASS[0m [   0.035s] (2530/2876) [35;1msparq-trust::delegation_replay[0m [34;1mbroken_chain_link_is_denied[0m
2026-09-10T16:44:53.6827165Z [32;1m        PASS[0m [   0.042s] (2531/2876) [35;1msparq-trust::delegation_replay[0m [34;1mexpired_terminal_hop_is_denied[0m
2026-09-10T16:44:53.7038528Z [32;1m        PASS[0m [   0.050s] (2532/2876) [35;1msparq-trust::delegation_replay[0m [34;1mintersection_binds_the_current_delegator_grant_not_a_snapshot[0m
2026-09-10T16:44:53.7298093Z [32;1m        PASS[0m [   0.047s] (2533/2876) [35;1msparq-trust::delegation_replay[0m [34;1mout_of_scope_target_is_denied[0m
2026-09-10T16:44:53.7516986Z [32;1m        PASS[0m [   0.047s] (2534/2876) [35;1msparq-trust::delegation_replay[0m [34;1mrevoked_current_delegator_grant_yields_no_effective_authority[0m
2026-09-10T16:44:53.7815069Z [32;1m        PASS[0m [   0.052s] (2535/2876) [35;1msparq-trust::delegation_replay[0m [34;1mstolen_chain_without_the_terminal_key_is_denied[0m
2026-09-10T16:44:53.8005812Z [32;1m        PASS[0m [   0.048s] (2536/2876) [35;1msparq-trust::explain_edge_transparency[0m [34;1madditive_target_scope_explains_broadening[0m
2026-09-10T16:44:53.8242265Z [32;1m        PASS[0m [   0.022s] (2537/2876) [35;1msparq-trust::explain_edge_transparency[0m [34;1mdepth_zero_explains_over_depth_even_for_a_perfect_edge[0m
2026-09-10T16:44:53.8328653Z [32;1m        PASS[0m [   0.049s] (2538/2876) [35;1msparq-trust::explain_edge_transparency[0m [34;1mbroader_scope_than_anchor_explains_broadening[0m
2026-09-10T16:44:53.8665801Z [32;1m        PASS[0m [   0.036s] (2539/2876) [35;1msparq-trust::explain_edge_transparency[0m [34;1mmissing_positive_status_inverted_window_explains_out_of_window[0m
2026-09-10T16:44:53.8909875Z [32;1m        PASS[0m [   0.024s] (2540/2876) [35;1msparq-trust::explain_edge_transparency[0m [34;1munanchored_certifier_explains_no_anchor[0m
2026-09-10T16:44:53.9014272Z [32;1m        PASS[0m [   0.008s] (2541/2876) [35;1msparq-trust::public_key_reexport[0m [34;1mpublic_key_type_accessible_via_sparq_trust[0m
2026-09-10T16:44:53.9377334Z [32;1m        PASS[0m [   0.038s] (2542/2876) [35;1msparq-trust::trust_expression_fixtures[0m [34;1mevery_requirements_document_is_a_well_formed_tr[0m
2026-09-10T16:44:53.9474717Z [32;1m        PASS[0m [   0.008s] (2543/2876) [35;1msparq-trust::trust_expression_fixtures[0m [34;1mmanifest_expectations_are_self_consistent[0m
2026-09-10T16:44:53.9528151Z [32;1m        PASS[0m [   0.007s] (2544/2876) [35;1msparq-trust::trust_framework_ttl[0m [34;1mextends_trust_and_references_vendored_sec_req_in_the_parsed_graph[0m
2026-09-10T16:44:53.9614599Z [32;1m        PASS[0m [   0.007s] (2545/2876) [35;1msparq-trust::trust_framework_ttl[0m [34;1mtrust_framework_ttl_is_valid_turtle[0m
2026-09-10T16:44:53.9806483Z [32;1m        PASS[0m [   0.021s] (2546/2876) [35;1msparq-trust::trusts_source_for_e2e[0m [34;1mclaim_level_out_of_scope_resource_is_not_covered[0m
2026-09-10T16:44:54.0036926Z [32;1m        PASS[0m [   0.023s] (2547/2876) [35;1msparq-trust::trusts_source_for_e2e[0m [34;1mclaim_level_untrusted_issuer_key_does_not_grant[0m
2026-09-10T16:44:54.0102985Z [32;1m        PASS[0m [   0.007s] (2548/2876) [35;1msparq-trust::vocab_ttl[0m [34;1mtrust_ttl_is_valid_turtle[0m
2026-09-10T16:44:54.0257378Z [32;1m        PASS[0m [   0.015s] (2549/2876) [35;1msparq-vc[0m [36mdid::tests[0m[36m::[0m[34;1mdid_key_round_trip[0m
2026-09-10T16:44:54.0413812Z [32;1m        PASS[0m [   0.015s] (2550/2876) [35;1msparq-vc[0m [36mdid::tests[0m[36m::[0m[34;1mresolve_str_strips_fragment[0m
2026-09-10T16:44:54.0813682Z [32;1m        PASS[0m [   0.040s] (2551/2876) [35;1msparq-vc[0m [36msuite::tests[0m[36m::[0m[34;1msign_then_verify_round_trip[0m
2026-09-10T16:44:54.1303979Z [32;1m        PASS[0m [   0.049s] (2552/2876) [35;1msparq-vc[0m [36msuite::tests[0m[36m::[0m[34;1mwrong_key_fails_closed[0m
2026-09-10T16:44:54.1591905Z [32;1m        PASS[0m [   0.029s] (2553/2876) [35;1msparq-vc::fail_closed_errors[0m [34;1mverification_rejects_non_64_byte_proof_values[0m
2026-09-10T16:44:54.1754175Z [32;1m        PASS[0m [   0.016s] (2554/2876) [35;1msparq-vc::proptest_did_key_roundtrip[0m [34;1mcorrupted_multibase_and_multicodec_fail_closed[0m
2026-09-10T16:44:54.2170207Z [32;1m        PASS[0m [   0.041s] (2555/2876) [35;1msparq-vc::store_round_trip[0m [34;1msign_and_verify_a_loaded_graph[0m
2026-09-10T16:44:54.2238403Z [32;1m        PASS[0m [   0.007s] (2556/2876) [35;1msparq-vectors[0m [36mann::tests[0m[36m::[0m[34;1mcosine_known_values_unit_orthogonal_and_opposite[0m
2026-09-10T16:44:54.2489744Z [32;1m        PASS[0m [   0.025s] (2557/2876) [35;1msparq-vectors[0m [36mann::tests::point_set_sharing[0m[36m::[0m[34;1mbuild_shares_point_allocations_with_the_map_instead_of_deep_copying[0m
2026-09-10T16:44:54.2580380Z [32;1m        PASS[0m [   0.009s] (2558/2876) [35;1msparq-vectors[0m [36mann::tests::tiebreak::blank_node_domain[0m[36m::[0m[34;1mblank_node_strictly_below_the_boundary_never_becomes_load_bearing[0m
2026-09-10T16:44:54.2644583Z [32;1m        PASS[0m [   0.006s] (2559/2876) [35;1msparq-vectors[0m [36mann::tests::tiebreak[0m[36m::[0m[34;1mno_boundary_tie_matches_plain_top_k_and_degenerate_cases_are_empty[0m
2026-09-10T16:44:54.2709309Z [32;1m        PASS[0m [   0.006s] (2560/2876) [35;1msparq-vectors[0m [36mbackend::tests[0m[36m::[0m[34;1miterative_overfetch_fills_k_under_selective_filter[0m
2026-09-10T16:44:54.2842286Z [32;1m        PASS[0m [   0.013s] (2561/2876) [35;1msparq-vectors[0m [36mcost::tests[0m[36m::[0m[34;1mcosted_entry_point_branch_agnostic_result[0m
2026-09-10T16:44:54.2929950Z [32;1m        PASS[0m [   0.009s] (2562/2876) [35;1msparq-vectors[0m [36mcost::tests::filtered_tiebreak[0m[36m::[0m[34;1mdegenerate_cases_are_empty[0m
2026-09-10T16:44:54.2985421Z [32;1m        PASS[0m [   0.005s] (2563/2876) [35;1msparq-vectors[0m [36mcost::tests[0m[36m::[0m[34;1moverfetch_target_arithmetic[0m
2026-09-10T16:44:54.3041076Z [32;1m        PASS[0m [   0.006s] (2564/2876) [35;1msparq-vectors[0m [36mcost::tests[0m[36m::[0m[34;1mpostfilter_respects_mask_and_order[0m
2026-09-10T16:44:54.3387977Z [32;1m        PASS[0m [   0.034s] (2565/2876) [35;1msparq-vectors[0m [36mdiskann::fingerprint_tests[0m[36m::[0m[34;1mfingerprint_survives_reopen[0m
2026-09-10T16:44:54.3565883Z [32;1m        PASS[0m [   0.017s] (2566/2876) [35;1msparq-vectors[0m [36mdiskann::fingerprint_tests[0m[36m::[0m[34;1mv2_index_built_without_graph_binding_is_unverifiable_not_mismatch[0m
2026-09-10T16:44:54.3644342Z [32;1m        PASS[0m [   0.006s] (2567/2876) [35;1msparq-vectors[0m [36membed::tests[0m[36m::[0m[34;1mhash_embedder_is_deterministic_and_normalized[0m
2026-09-10T16:44:54.3699561Z [32;1m        PASS[0m [   0.007s] (2568/2876) [35;1msparq-vectors[0m [36mfingerprint::tests[0m[36m::[0m[34;1mcheck_against_legacy_none_is_unverifiable_err[0m
2026-09-10T16:44:54.3834444Z [32;1m        PASS[0m [   0.011s] (2569/2876) [35;1msparq-vectors[0m [36mfingerprint::tests[0m[36m::[0m[34;1mdistinguishes_different_graphs[0m
2026-09-10T16:44:54.4537454Z [32;1m        PASS[0m [   0.071s] (2570/2876) [35;1msparq-vectors[0m [36mfingerprint::tests[0m[36m::[0m[34;1minvariant_to_thread_count_via_simulated_id_permutation[0m
2026-09-10T16:44:54.4606921Z [32;1m        PASS[0m [   0.008s] (2571/2876) [35;1msparq-vectors[0m [36mfingerprint::tests[0m[36m::[0m[34;1mstill_detects_a_genuine_term_change[0m
2026-09-10T16:44:54.4684782Z [32;1m        PASS[0m [   0.006s] (2572/2876) [35;1msparq-vectors[0m [36mfuse::tests[0m[36m::[0m[34;1mhybrid_search_high_in_both_outranks_high_in_one[0m
2026-09-10T16:44:54.4724790Z [32;1m        PASS[0m [   0.006s] (2573/2876) [35;1msparq-vectors[0m [36mfuse::tests[0m[36m::[0m[34;1mrrf_hand_computed[0m
2026-09-10T16:44:54.4808218Z [32;1m        PASS[0m [   0.008s] (2574/2876) [35;1msparq-vectors[0m [36mfuse::tests[0m[36m::[0m[34;1mscores_missing_items_and_constant_lists[0m
2026-09-10T16:44:54.4874780Z [32;1m        PASS[0m [   0.006s] (2575/2876) [35;1msparq-vectors[0m [36mfuse::tests[0m[36m::[0m[34;1mweighted_rrf_hand_computed_and_reduces_to_plain[0m
2026-09-10T16:44:54.4937756Z [32;1m        PASS[0m [   0.006s] (2576/2876) [35;1msparq-vectors[0m [36mfuse::tests[0m[36m::[0m[34;1mweighted_rrf_zero_weight_mutes_a_list[0m
2026-09-10T16:44:54.5003395Z [32;1m        PASS[0m [   0.006s] (2577/2876) [35;1msparq-vectors[0m [36mhybrid::tests[0m[36m::[0m[34;1mablate_is_fail_closed_on_a_broken_reranker[0m
2026-09-10T16:44:54.5069475Z [32;1m        PASS[0m [   0.006s] (2578/2876) [35;1msparq-vectors[0m [36mhybrid::tests[0m[36m::[0m[34;1mconfig_defaults_and_builders[0m
2026-09-10T16:44:54.5123016Z [32;1m        PASS[0m [   0.006s] (2579/2876) [35;1msparq-vectors[0m [36mhybrid::tests[0m[36m::[0m[34;1mfuse_arms_matches_fuse_rrf_weighted_and_records_provenance[0m
2026-09-10T16:44:54.5214704Z [32;1m        PASS[0m [   0.008s] (2580/2876) [35;1msparq-vectors[0m [36mhybrid::tests[0m[36m::[0m[34;1mmalformed_rerank_responses_are_treated_as_failures[0m
2026-09-10T16:44:54.5264022Z [32;1m        PASS[0m [   0.006s] (2581/2876) [35;1msparq-vectors[0m [36mhybrid::tests[0m[36m::[0m[34;1mrerank_may_drop_candidates_and_truncates_to_top_k[0m
2026-09-10T16:44:54.5343761Z [32;1m        PASS[0m [   0.006s] (2582/2876) [35;1msparq-vectors[0m [36mimport::tests[0m[36m::[0m[34;1mparses_canonical_f4_header[0m
2026-09-10T16:44:54.5383318Z [32;1m        PASS[0m [   0.006s] (2583/2876) [35;1msparq-vectors[0m [36mimport::tests[0m[36m::[0m[34;1mrejects_oversized_or_truncated_header[0m
2026-09-10T16:44:54.5452285Z [32;1m        PASS[0m [   0.007s] (2584/2876) [35;1msparq-vectors[0m [36mrewrite::mask_cache_tests[0m[36m::[0m[34;1mhit_returns_identical_mask_without_reinserting[0m
2026-09-10T16:44:54.5514989Z [32;1m        PASS[0m [   0.006s] (2585/2876) [35;1msparq-vectors[0m [36mrewrite::mask_cache_tests[0m[36m::[0m[34;1mthe_inline_domain_matches_the_dictionary[0m
2026-09-10T16:44:54.5594324Z [32;1m        PASS[0m [   0.007s] (2586/2876) [35;1msparq-vectors[0m [36msimd::tests[0m[36m::[0m[34;1msimd_and_scalar_kernels_agree_closely[0m
2026-09-10T16:44:54.5647134Z [32;1m        PASS[0m [   0.005s] (2587/2876) [35;1msparq-vectors[0m [36mspqv_provenance::tests[0m[36m::[0m[34;1mempty_axes_are_compatible_only_with_empty[0m
2026-09-10T16:44:54.5704064Z [32;1m        PASS[0m [   0.006s] (2588/2876) [35;1msparq-vectors[0m [36mspqv_provenance::tests[0m[36m::[0m[34;1mfrom_bytes_rejects_truncation[0m
2026-09-10T16:44:54.5764015Z [32;1m        PASS[0m [   0.006s] (2589/2876) [35;1msparq-vectors[0m [36mspqv_provenance::tests[0m[36m::[0m[34;1midentical_provenance_is_compatible[0m
2026-09-10T16:44:54.5821378Z [32;1m        PASS[0m [   0.005s] (2590/2876) [35;1msparq-vectors[0m [36mspqv_provenance::tests[0m[36m::[0m[34;1mround_trips_through_bytes[0m
2026-09-10T16:44:54.5900160Z [32;1m        PASS[0m [   0.008s] (2591/2876) [35;1msparq-vectors[0m [36mstore::fingerprint_tests[0m[36m::[0m[34;1mdomain_bounded_buffer_contains_an_accepted_store[0m
2026-09-10T16:44:54.5979173Z [32;1m        PASS[0m [   0.008s] (2592/2876) [35;1msparq-vectors[0m [36mstore::fingerprint_tests[0m[36m::[0m[34;1mopen_against_build_graph_ok_and_correct[0m
2026-09-10T16:44:54.6245802Z [32;1m        PASS[0m [   0.024s] (2593/2876) [35;1msparq-vectors[0m [36mstore::fingerprint_tests[0m[36m::[0m[34;1mstreaming_writer_with_fingerprint_round_trips[0m
2026-09-10T16:44:54.6381276Z [32;1m        PASS[0m [   0.016s] (2594/2876) [35;1msparq-vectors[0m [36mstore::provenance_read_tests[0m[36m::[0m[34;1mcorrupt_v3_provenance_block_is_rejected_not_paniced[0m
2026-09-10T16:44:54.6447904Z [32;1m        PASS[0m [   0.006s] (2595/2876) [35;1msparq-vectors[0m [36mstore::provenance_read_tests[0m[36m::[0m[34;1mv3_header_declares_version_3_and_data_offset_shifts[0m
2026-09-10T16:44:54.6509236Z [32;1m        PASS[0m [   0.006s] (2596/2876) [35;1msparq-vectors::cost_model[0m [34;1mheuristic_picks_prefilter_when_selective_postfilter_when_broad[0m
2026-09-10T16:44:54.7972257Z [32;1m        PASS[0m [   0.146s] (2597/2876) [35;1msparq-vectors::dedup[0m [34;1mdedup_merges_planted_near_duplicates_and_nothing_else[0m
2026-09-10T16:44:54.8131028Z [32;1m        PASS[0m [   0.016s] (2598/2876) [35;1msparq-vectors::dedup[0m [34;1mknn_returns_cosine_ranked_neighbours_and_zero_query_is_empty[0m
2026-09-10T16:44:54.8702184Z [32;1m        PASS[0m [   0.057s] (2599/2876) [35;1msparq-vectors::diskann[0m [34;1mempty_and_singleton_graphs_roundtrip[0m
2026-09-10T16:44:54.8897877Z [32;1m        PASS[0m [   0.019s] (2600/2876) [35;1msparq-vectors::diskann[0m [34;1mopen_from_bytes_returns_identical_neighbours_to_mmap_open[0m
2026-09-10T16:44:54.9253589Z [32;1m        PASS[0m [   0.035s] (2601/2876) [35;1msparq-vectors::diskann[0m [34;1mplain_index_has_no_pq_cache[0m
2026-09-10T16:44:55.7720269Z [32;1m        PASS[0m [  32.168s] (2602/2876) [35;1msparq-server::wire_contract[0m [34;1mclass_429_concurrency_shed[0m
2026-09-10T16:44:57.9905161Z [32;1m        PASS[0m [   4.165s] (2603/2876) [35;1msparq-trust::explain_edge_transparency[0m [34;1mexplain_edge_never_diverges_from_derive_effective_rules_on_admission[0m
2026-09-10T16:45:00.1404940Z [32;1m        PASS[0m [   5.212s] (2604/2876) [35;1msparq-vectors::diskann[0m [34;1mpq_returned_cosines_are_exact_after_rerank[0m
2026-09-10T16:45:06.7654352Z [32;1m        PASS[0m [   8.775s] (2605/2876) [35;1msparq-vectors::ef_sweep[0m [34;1mnearest_with_ef_cache_reuse_is_deterministic[0m
2026-09-10T16:45:28.7582465Z [32;1m        PASS[0m [  32.986s] (2606/2876) [35;1msparq-vectors::ef_sweep[0m [34;1mconcurrent_nearest_with_ef_same_level_is_consistent[0m
2026-09-10T16:45:28.7668426Z [32;1m        PASS[0m [   0.008s] (2607/2876) [35;1msparq-vectors::filtered_bgp[0m [34;1mfiltered_equals_postfilter_and_is_subset[0m
2026-09-10T16:45:28.7745112Z [32;1m        PASS[0m [   0.008s] (2608/2876) [35;1msparq-vectors::filtered_bgp[0m [34;1mseed_form_filtered_excludes_self_and_non_candidates[0m
2026-09-10T16:45:28.7860149Z [32;1m        PASS[0m [   0.011s] (2609/2876) [35;1msparq-vectors::filtered_bgp_cyclic[0m [34;1mcyclic_back_edge_restricts_correctly_and_terminates[0m
2026-09-10T16:45:28.7940295Z [32;1m        PASS[0m [   0.008s] (2610/2876) [35;1msparq-vectors::filtered_bgp_transitive[0m [34;1mmultiple_requests_each_own_component_mask[0m
2026-09-10T16:45:28.8044047Z [32;1m        PASS[0m [   0.008s] (2611/2876) [35;1msparq-vectors::filtered_bgp_transitive[0m [34;1mtransitive_two_hop_restricts_correctly[0m
2026-09-10T16:45:28.8091649Z [32;1m        PASS[0m [   0.007s] (2612/2876) [35;1msparq-vectors::hybrid[0m [34;1mhybrid_search_unknown_query_yields_empty[0m
2026-09-10T16:45:28.8183531Z [32;1m        PASS[0m [   0.008s] (2613/2876) [35;1msparq-vectors::import[0m [34;1mdump_wrong_length_fails_closed[0m
2026-09-10T16:45:28.8273565Z [32;1m        PASS[0m [   0.010s] (2614/2876) [35;1msparq-vectors::import[0m [34;1mnpy_duplicate_id_fails_closed[0m
2026-09-10T16:45:28.8323383Z [32;1m        PASS[0m [   0.005s] (2615/2876) [35;1msparq-vectors::import[0m [34;1mnpy_malformed_header_fails_closed_bounded[0m
2026-09-10T16:45:28.8825170Z [32;1m        PASS[0m [   0.050s] (2616/2876) [35;1msparq-vectors::import[0m [34;1mnpy_stream_edge_shapes[0m
2026-09-10T16:45:28.9005114Z [32;1m        PASS[0m [   0.018s] (2617/2876) [35;1msparq-vectors::import[0m [34;1mnumeric_dump_stream_is_byte_identical_to_buffered_build[0m
2026-09-10T16:45:28.9077508Z [32;1m        PASS[0m [   0.007s] (2618/2876) [35;1msparq-vectors::labels[0m [34;1membed_labels_covers_labeled_entities_only[0m
2026-09-10T16:45:29.5944346Z [32;1m        PASS[0m [   0.686s] (2619/2876) [35;1msparq-vectors::overfetch[0m [34;1mbackend_len_and_degenerate[0m
2026-09-10T16:45:29.6503922Z [32;1m        PASS[0m [   0.054s] (2620/2876) [35;1msparq-vectors::quant[0m [34;1mpq_adc_distance_matches_reconstructed_distance[0m
2026-09-10T16:45:29.7195338Z [32;1m        PASS[0m [   0.071s] (2621/2876) [35;1msparq-vectors::quant[0m [34;1mpq_encode_decode_and_self_nearest[0m
2026-09-10T16:45:29.7264334Z [32;1m        PASS[0m [   0.005s] (2622/2876) [35;1msparq-vectors::quant[0m [34;1mquant_validation_and_degenerate_cases[0m
2026-09-10T16:45:29.7418358Z [32;1m        PASS[0m [   0.017s] (2623/2876) [35;1msparq-vectors::recall[0m [34;1mexact_and_hnsw_agree_on_tiny_separable_data[0m
2026-09-10T16:45:33.0628703Z [32;1m        PASS[0m [   3.321s] (2624/2876) [35;1msparq-vectors::ref_lib_verify[0m [34;1mhnsw_recall_is_at_least_hnswlib_on_the_reference_fixture[0m
2026-09-10T16:45:33.1224439Z [32;1m        PASS[0m [   0.059s] (2625/2876) [35;1msparq-vectors::staleness_contract[0m [34;1msound_path_save_then_graph_open_serves_correct_vectors[0m
2026-09-10T16:45:33.1283796Z [32;1m        PASS[0m [   0.005s] (2626/2876) [35;1msparq-vectors::store[0m [34;1mempty_store_roundtrips[0m
2026-09-10T16:45:33.1324841Z [32;1m        PASS[0m [   0.005s] (2627/2876) [35;1msparq-vectors::store[0m [34;1mopen_from_bytes_validates_like_open[0m
2026-09-10T16:45:33.1382107Z [32;1m        PASS[0m [   0.005s] (2628/2876) [35;1msparq-vectors::store[0m [34;1mroundtrip_sparse_ids[0m
2026-09-10T16:45:33.1461238Z [32;1m        PASS[0m [   0.008s] (2629/2876) [35;1msparq-vectors::store[0m [34;1mstreaming_writer_produces_byte_identical_store[0m
2026-09-10T16:45:33.1537447Z [32;1m        PASS[0m [   0.008s] (2630/2876) [35;1msparq-vectors::vec_hybrid[0m [34;1ma_hybrid_pattern_joins_the_surrounding_bgp[0m
2026-09-10T16:45:33.1608602Z [32;1m        PASS[0m [   0.007s] (2631/2876) [35;1msparq-vectors::vec_hybrid[0m [34;1man_admissible_arm_hit_below_the_first_page_is_still_found[0m
2026-09-10T16:45:33.1675914Z [32;1m        PASS[0m [   0.007s] (2632/2876) [35;1msparq-vectors::vec_hybrid[0m [34;1man_arm_id_outside_the_graph_dictionary_is_a_hard_query_error[0m
2026-09-10T16:45:33.1750356Z [32;1m        PASS[0m [   0.007s] (2633/2876) [35;1msparq-vectors::vec_hybrid[0m [34;1mhybrid_without_a_config_is_a_hard_error_and_other_predicates_are_untouched[0m
2026-09-10T16:45:33.1830267Z [32;1m        PASS[0m [   0.008s] (2634/2876) [35;1msparq-vectors::vec_hybrid[0m [34;1mthe_second_stage_reorders_and_marks_its_provenance[0m
2026-09-10T16:45:33.1939743Z [32;1m        PASS[0m [   0.011s] (2635/2876) [35;1msparq-vectors::vec_predicate[0m [34;1mboundary_score_tie_membership_is_by_ntriples_codepoint_order[0m
2026-09-10T16:45:33.2062112Z [32;1m        PASS[0m [   0.012s] (2636/2876) [35;1msparq-vectors::vec_predicate[0m [36mfiltered_boundary_tiebreak[0m[36m::[0m[34;1mvector_query_boundary_tie_membership_is_by_ntriples_key[0m
2026-09-10T16:45:33.2174062Z [32;1m        PASS[0m [   0.009s] (2637/2876) [35;1msparq-vectors::vec_predicate[0m [34;1mnearest_by_seed_iri_excludes_self[0m
2026-09-10T16:45:33.2295450Z [32;1m        PASS[0m [   0.012s] (2638/2876) [35;1msparq-vectors::vec_predicate[0m [34;1mno_vec_predicate_passes_through[0m
2026-09-10T16:45:33.2410367Z [32;1m        PASS[0m [   0.013s] (2639/2876) [35;1msparq-vectors::vec_predicate[0m [34;1msearch_binds_score_and_orders[0m
2026-09-10T16:45:33.2489188Z [32;1m        PASS[0m [   0.008s] (2640/2876) [35;1msparq-vectors::vec_predicate[0m [34;1munknown_vec_predicate_is_rejected[0m
2026-09-10T16:45:33.2590267Z [32;1m        PASS[0m [   0.010s] (2641/2876) [35;1msparq-vectors::vec_predicate_approx[0m [34;1mapprox_joins_to_ordinary_patterns[0m
2026-09-10T16:45:33.2690640Z [32;1m        PASS[0m [   0.010s] (2642/2876) [35;1msparq-vectors::vec_predicate_approx[0m [34;1mapprox_nearest_by_seed_iri_excludes_self[0m
2026-09-10T16:45:33.2787038Z [32;1m        PASS[0m [   0.009s] (2643/2876) [35;1msparq-vectors::vec_predicate_approx[0m [34;1mapprox_unknown_predicate_errors[0m
2026-09-10T16:45:33.2873006Z [32;1m        PASS[0m [   0.008s] (2644/2876) [35;1msparq-vectors::verbalize[0m [34;1mdefault_template_label_type_description[0m
2026-09-10T16:45:33.2949113Z [32;1m        PASS[0m [   0.007s] (2645/2876) [35;1msparq-vectors::verbalize[0m [34;1mentity_label_groups_only_enrich[0m
2026-09-10T16:45:33.3026734Z [32;1m        PASS[0m [   0.007s] (2646/2876) [35;1msparq-vectors::verbalize[0m [34;1mpredicate_priority_within_a_group[0m
2026-09-10T16:45:33.3109643Z [32;1m        PASS[0m [   0.008s] (2647/2876) [35;1msparq-vectors::verbalize[0m [34;1mverbalize_precision_at_k_fixture_beats_labels_only[0m
2026-09-10T16:45:33.3163916Z [32;1m        PASS[0m [   0.005s] (2648/2876) [35;1msparq-vectors::example/pareto_bench[0m [36mtests[0m[36m::[0m[34;1mrecall_gate_rejects_a_row_before_envelope_construction[0m
2026-09-10T16:45:33.3513766Z [32;1m        PASS[0m [   0.035s] (2649/2876) [35;1msparq-wac-oracle[0m [36mescalation_corpus::tests[0m[36m::[0m[34;1mcorpus_contains_a_genuine_escalation_that_a_naive_guard_misses[0m
2026-09-10T16:45:33.3846766Z [32;1m        PASS[0m [   0.033s] (2650/2876) [35;1msparq-wac-oracle[0m [36mescalation_corpus::tests[0m[36m::[0m[34;1mflipping_expected_allow_to_true_makes_the_harness_report_a_failure[0m
2026-09-10T16:45:33.3924452Z [32;1m        PASS[0m [   0.005s] (2651/2876) [35;1msparq-wac-oracle[0m [36mescalation_corpus::tests[0m[36m::[0m[34;1mnaive_guard_misses_encoded_and_unicode_but_catches_plain[0m
2026-09-10T16:45:33.4651381Z [32;1m        PASS[0m [   0.075s] (2652/2876) [35;1msparq-wac-oracle[0m [36mtests[0m[36m::[0m[34;1macp_fixture_all_vectors_pass[0m
2026-09-10T16:45:33.4729346Z [32;1m        PASS[0m [   0.006s] (2653/2876) [35;1msparq-wac-oracle[0m [36mtests[0m[36m::[0m[34;1mfixtures_exposes_wac_and_acp[0m
2026-09-10T16:45:33.4831927Z [32;1m        PASS[0m [   0.012s] (2654/2876) [35;1msparq-wac-oracle[0m [36mtests[0m[36m::[0m[34;1mrunner_flags_unmaterialized_store[0m
2026-09-10T16:45:33.4904543Z [32;1m        PASS[0m [   0.005s] (2655/2876) [35;1msparq-wac-oracle[0m [36mtests[0m[36m::[0m[34;1mvia_issuer_and_at_bind_the_remaining_session_dimensions[0m
2026-09-10T16:45:33.4953735Z [32;1m        PASS[0m [   0.005s] (2656/2876) [35;1msparq-wac-oracle::oracle_edges[0m [34;1mcanonicalization_exposes_encoded_acl_shape_missed_by_naive_guard[0m
2026-09-10T16:45:33.5030522Z [32;1m        PASS[0m [   0.007s] (2657/2876) [35;1msparq-wasm[0m [36mtests[0m[36m::[0m[34;1mask_rejects_non_ask[0m
2026-09-10T16:45:33.5111283Z [32;1m        PASS[0m [   0.008s] (2658/2876) [35;1msparq-wasm[0m [36mtests[0m[36m::[0m[34;1mconstruct_quads_chunks_reassemble[0m
2026-09-10T16:45:33.5160155Z [32;1m        PASS[0m [   0.007s] (2659/2876) [35;1msparq-wasm[0m [36mtests[0m[36m::[0m[34;1mcursor_empty_result_yields_one_empty_batch[0m
2026-09-10T16:45:33.5258969Z [32;1m        PASS[0m [   0.010s] (2660/2876) [35;1msparq-wasm[0m [36mtests[0m[36m::[0m[34;1mescaping_through_json[0m
2026-09-10T16:45:33.5338272Z [32;1m        PASS[0m [   0.007s] (2661/2876) [35;1msparq-wasm[0m [36mtests[0m[36m::[0m[34;1mload_with_base_resolves_relative_iris[0m
2026-09-10T16:45:33.5434669Z [32;1m        PASS[0m [   0.009s] (2662/2876) [35;1msparq-wasm[0m [36mtests[0m[36m::[0m[34;1mregression_string_functions[0m
2026-09-10T16:45:33.5643592Z [32;1m        PASS[0m [   0.020s] (2663/2876) [35;1msparq-wasm::conformance_parity[0m [36mnative[0m[36m::[0m[34;1mstore_api_matches_fixtures_native[0m
2026-09-10T16:45:33.5723732Z [32;1m        PASS[0m [   0.009s] (2664/2876) [35;1msparq-wasm::exported_api[0m [34;1mexported_ask[0m
2026-09-10T16:45:33.5840284Z [32;1m        PASS[0m [   0.012s] (2665/2876) [35;1msparq-wasm::exported_api[0m [34;1mexported_explain[0m
2026-09-10T16:45:33.5963873Z [32;1m        PASS[0m [   0.010s] (2666/2876) [35;1msparq-wasm::exported_api[0m [34;1mexported_load_dataset_named_graph[0m
2026-09-10T16:45:33.6039946Z [32;1m        PASS[0m [   0.010s] (2667/2876) [35;1msparq-wasm::exported_api[0m [34;1mexported_load_with_base_resolves_relative[0m
2026-09-10T16:45:33.6148183Z [32;1m        PASS[0m [   0.011s] (2668/2876) [35;1msparq-wasm::exported_api[0m [34;1mexported_query_cursor_batches[0m
2026-09-10T16:45:33.6313679Z [32;1m        PASS[0m [   0.013s] (2669/2876) [35;1msparq-wasm::exported_api[0m [34;1mexported_query_cursor_exact_multiple_no_trailing_empty[0m
2026-09-10T16:45:33.6431480Z [32;1m        PASS[0m [   0.015s] (2670/2876) [35;1msparq-wasm::exported_api[0m [34;1mexported_query_quads_chunks_reassemble[0m
2026-09-10T16:45:33.6541925Z [32;1m        PASS[0m [   0.011s] (2671/2876) [35;1msparq-wasm::exported_api[0m [34;1mexported_query_sparql_json_shape[0m
2026-09-10T16:45:33.6619989Z [32;1m        PASS[0m [   0.008s] (2672/2876) [35;1msparq-wasm::exported_api[0m [34;1mexported_update_returns_new_store[0m
2026-09-10T16:45:33.6716556Z [32;1m        PASS[0m [   0.009s] (2673/2876) [35;1msparq-wrapper::default_lane_edges[0m [34;1moutgoing_traversal_with_absent_predicate_is_empty[0m
2026-09-10T16:45:33.6792934Z [32;1m        PASS[0m [   0.007s] (2674/2876) [35;1msparq-wrapper::wrapper[0m [34;1mbounded_integer_accessors_accept_boundaries_and_reject_one_past[0m
2026-09-10T16:45:33.6857574Z [32;1m        PASS[0m [   0.007s] (2675/2876) [35;1msparq-wrapper::wrapper[0m [34;1mtyped_accessors_check_datatype_and_lexical_form[0m
2026-09-10T16:45:33.7000864Z [32;1m        PASS[0m [   0.014s] (2676/2876) [35;1msparq-zk[0m [36mcommit::tests[0m[36m::[0m[34;1mcommit_graph_content_matches_commit_triples_over_materialized_triples[0m
2026-09-10T16:45:33.7100533Z [32;1m        PASS[0m [   0.010s] (2677/2876) [35;1msparq-zk[0m [36mcommit::tests[0m[36m::[0m[34;1mleaf_index_map_maps_every_canonical_triple_to_its_position[0m
2026-09-10T16:45:33.7168988Z [32;1m        PASS[0m [   0.006s] (2678/2876) [35;1msparq-zk[0m [36mcommit::tests[0m[36m::[0m[34;1mmethod_dual_leaf_records_inv_vl_downgrade[0m
2026-09-10T16:45:33.7230164Z [32;1m        PASS[0m [   0.006s] (2679/2876) [35;1msparq-zk[0m [36mcommit::tests[0m[36m::[0m[34;1mmethod_scheme_iris_are_distinct[0m
2026-09-10T16:45:33.7290843Z [32;1m        PASS[0m [   0.006s] (2680/2876) [35;1msparq-zk[0m [36mcommit::tests[0m[36m::[0m[34;1mvalue_only_iri_is_rejected_without_the_feature[0m
2026-09-10T16:45:33.7358900Z [32;1m        PASS[0m [   0.007s] (2681/2876) [35;1msparq-zk[0m [36mct::tests[0m[36m::[0m[34;1mzero_scalar_yields_the_identity[0m
2026-09-10T16:45:33.7436579Z [32;1m        PASS[0m [   0.008s] (2682/2876) [35;1msparq-zk[0m [36mencode::tests[0m[36m::[0m[34;1mencode_term_iri_pins_type_code_and_hs_layering[0m
2026-09-10T16:45:33.7533558Z [32;1m        PASS[0m [   0.009s] (2683/2876) [35;1msparq-zk[0m [36mencode::tests[0m[36m::[0m[34;1mencode_triple_pins_h3_of_s_p_o_and_is_position_sensitive[0m
2026-09-10T16:45:33.7613822Z [32;1m        PASS[0m [   0.006s] (2684/2876) [35;1msparq-zk[0m [36mencode::tests[0m[36m::[0m[34;1msalt_from_bytes_pins_field_from_hash_bytes[0m
2026-09-10T16:45:33.7659050Z [32;1m        PASS[0m [   0.006s] (2685/2876) [35;1msparq-zk[0m [36mfield::tests[0m[36m::[0m[34;1mhex_round_trip[0m
2026-09-10T16:45:33.7835114Z [32;1m        PASS[0m [   0.019s] (2686/2876) [35;1msparq-zk[0m [36mingest::tests[0m[36m::[0m[34;1mingest_wires_into_zk_dataset[0m
2026-09-10T16:45:33.7950529Z [32;1m        PASS[0m [   0.012s] (2687/2876) [35;1msparq-zk[0m [36mingest::tests[0m[36m::[0m[34;1mmissing_graph_fails_closed[0m
2026-09-10T16:45:33.8217185Z [32;1m        PASS[0m [   0.026s] (2688/2876) [35;1msparq-zk[0m [36mingest::tests[0m[36m::[0m[34;1mregistry_seeded_mint_rejects_prior_salts[0m
2026-09-10T16:45:33.8294358Z [32;1m        PASS[0m [   0.008s] (2689/2876) [35;1msparq-zk[0m [36mposeidon2::tests[0m[36m::[0m[34;1mhash_is_deterministic_and_length_separated[0m
2026-09-10T16:45:33.8482245Z [32;1m        PASS[0m [   0.019s] (2690/2876) [35;1msparq-zk[0m [36mregistry::tests[0m[36m::[0m[34;1missued_entry_rejects_commitment_tamper[0m
2026-09-10T16:45:33.8990497Z [32;1m        PASS[0m [   0.049s] (2691/2876) [35;1msparq-zk[0m [36mregistry::tests[0m[36m::[0m[34;1missued_with_status_round_trips_and_binds_the_reference[0m
2026-09-10T16:45:33.9074535Z [32;1m        PASS[0m [   0.009s] (2692/2876) [35;1msparq-zk[0m [36mregistry::tests[0m[36m::[0m[34;1mreinstall_replaces_wholesale[0m
2026-09-10T16:45:33.9144454Z [32;1m        PASS[0m [   0.008s] (2693/2876) [35;1msparq-zk[0m [36mregistry::tests[0m[36m::[0m[34;1msource_cryptosuite_round_trips_through_store[0m
2026-09-10T16:45:33.9215846Z [32;1m        PASS[0m [   0.007s] (2694/2876) [35;1msparq-zk[0m [36mregistry::tests[0m[36m::[0m[34;1mwith_method_records_and_round_trips_through_store[0m
2026-09-10T16:45:33.9441783Z [32;1m        PASS[0m [   0.023s] (2695/2876) [35;1msparq-zk[0m [36msig::tests[0m[36m::[0m[34;1mcommitted_index_status_signature_binds_the_commitment[0m
2026-09-10T16:45:33.9613970Z [32;1m        PASS[0m [   0.017s] (2696/2876) [35;1msparq-zk[0m [36msig::tests[0m[36m::[0m[34;1mdeterministic_nonce_differs_per_message[0m
2026-09-10T16:45:33.9764188Z [32;1m        PASS[0m [   0.012s] (2697/2876) [35;1msparq-zk[0m [36msig::tests[0m[36m::[0m[34;1mholder_bound_message_is_deterministic_and_domain_separated[0m
2026-09-10T16:45:33.9873792Z [32;1m        PASS[0m [   0.009s] (2698/2876) [35;1msparq-zk[0m [36msig::tests[0m[36m::[0m[34;1midentity_holder_key_digest_rejected[0m
2026-09-10T16:45:33.9911493Z [32;1m        PASS[0m [   0.008s] (2699/2876) [35;1msparq-zk[0m [36msig::tests[0m[36m::[0m[34;1min_circuit_witness_rejects_identity_key[0m
2026-09-10T16:45:33.9983635Z [32;1m        PASS[0m [   0.006s] (2700/2876) [35;1msparq-zk[0m [36msig::tests[0m[36m::[0m[34;1mresolver_is_fail_closed_and_agrees_with_enum_tag[0m
2026-09-10T16:45:34.0073541Z [32;1m        PASS[0m [   0.008s] (2701/2876) [35;1msparq-zk[0m [36msig::tests[0m[36m::[0m[34;1msecret_key_zeroizes[0m
2026-09-10T16:45:34.0133612Z [32;1m        PASS[0m [   0.006s] (2702/2876) [35;1msparq-zk[0m [36msig::tests[0m[36m::[0m[34;1msignature_scheme_and_commitment_method_axes_are_independent[0m
2026-09-10T16:45:34.0223584Z [32;1m        PASS[0m [   0.008s] (2703/2876) [35;1msparq-zk[0m [36msig::tests[0m[36m::[0m[34;1mstatus_list_id_is_distinct_per_iri[0m
2026-09-10T16:45:34.0434233Z [32;1m        PASS[0m [   0.021s] (2704/2876) [35;1msparq-zk[0m [36msig::tests[0m[36m::[0m[34;1mtorsion_key_rejected_from_key_set_and_witness[0m
2026-09-10T16:45:34.0577352Z [32;1m        PASS[0m [   0.017s] (2705/2876) [35;1msparq-zk[0m [36msig::tests[0m[36m::[0m[34;1mwrong_key_rejected[0m
2026-09-10T16:45:34.0643929Z [32;1m        PASS[0m [   0.006s] (2706/2876) [35;1msparq-zk[0m [36mverify::tests[0m[36m::[0m[34;1mexpr_bind_target_is_extracted[0m
2026-09-10T16:45:34.0708378Z [32;1m        PASS[0m [   0.006s] (2707/2876) [35;1msparq-zk[0m [36mverify::tests[0m[36m::[0m[34;1mexpr_obligations_are_in_evaluation_order[0m
2026-09-10T16:45:34.0771429Z [32;1m        PASS[0m [   0.006s] (2708/2876) [35;1msparq-zk[0m [36mverify::tests[0m[36m::[0m[34;1mextracts_not_equal_filter_in_both_operand_orders[0m
2026-09-10T16:45:34.0829968Z [32;1m        PASS[0m [   0.006s] (2709/2876) [35;1msparq-zk[0m [36mverify::tests[0m[36m::[0m[34;1mno_filter_yields_empty[0m
2026-09-10T16:45:34.0889029Z [32;1m        PASS[0m [   0.006s] (2710/2876) [35;1msparq-zk[0m [36mverify::tests[0m[36m::[0m[34;1mpatterns_re_derived_in_query_order[0m
2026-09-10T16:45:34.0955002Z [32;1m        PASS[0m [   0.006s] (2711/2876) [35;1msparq-zk[0m [36mverify::tests[0m[36m::[0m[34;1mstage1_gate_rejects_dataset_clauses[0m
2026-09-10T16:45:34.1015306Z [32;1m        PASS[0m [   0.006s] (2712/2876) [35;1msparq-zk[0m [36mverify::tests[0m[36m::[0m[34;1mvariable_slots_maps_var_positions[0m
2026-09-10T16:45:34.1077582Z [32;1m        PASS[0m [   0.006s] (2713/2876) [35;1msparq-zk[0m [36mverify::tests[0m[36m::[0m[34;1mwave1_branch_expansion_cap_fails_closed[0m
2026-09-10T16:45:34.1183839Z [32;1m        PASS[0m [   0.006s] (2714/2876) [35;1msparq-zk[0m [36mverify::tests[0m[36m::[0m[34;1mwave1_filter_distributes_into_union_branches[0m
2026-09-10T16:45:34.1253858Z [32;1m        PASS[0m [   0.007s] (2715/2876) [35;1msparq-zk[0m [36mverify::tests[0m[36m::[0m[34;1mwave1_out_constructs_fail_closed[0m
2026-09-10T16:45:34.1283492Z [32;1m        PASS[0m [   0.006s] (2716/2876) [35;1msparq-zk[0m [36mverify::tests[0m[36m::[0m[34;1mwave1_stage1_gate_is_unchanged[0m
2026-09-10T16:45:34.1344253Z [32;1m        PASS[0m [   0.006s] (2717/2876) [35;1msparq-zk[0m [36mverify::tests[0m[36m::[0m[34;1mwave1_union_distributes_over_join[0m
2026-09-10T16:45:34.1410293Z [32;1m        PASS[0m [   0.005s] (2718/2876) [35;1msparq-zk::poseidon2_noir_cross[0m [34;1mnargo_live_cross_check[0m
2026-09-10T16:45:34.1564376Z [32;1m        PASS[0m [   0.017s] (2719/2876) [35;1msparq-zk::trace_guard[0m [34;1miri_cross_graph_join_is_traced_and_resolved[0m
2026-09-10T16:45:34.1723150Z [32;1m        PASS[0m [   0.017s] (2720/2876) [35;1msparq-zk::trace_guard[0m [34;1mtraced_input_set_is_sufficient[0m
2026-09-10T16:45:34.1895225Z [32;1m        PASS[0m [   0.016s] (2721/2876) [35;1msparq-zk::trace_named_graph[0m [34;1mresolved_leaves_are_in_commitment_range[0m
2026-09-10T16:45:34.1957080Z [32;1m        PASS[0m [   0.006s] (2722/2876) [35;1msparq-zk-compose[0m [36mbuild::derive_id_tests[0m[36m::[0m[34;1mfilter_decimal_id_exact_pair_match[0m
2026-09-10T16:45:34.2004631Z [32;1m        PASS[0m [   0.005s] (2723/2876) [35;1msparq-zk-compose[0m [36mbuild::derive_id_tests[0m[36m::[0m[34;1mfilter_int_id_out_of_family_is_none_not_wrong_d[0m
2026-09-10T16:45:34.2084610Z [32;1m        PASS[0m [   0.005s] (2724/2876) [35;1msparq-zk-compose[0m [36mbuild::derive_id_tests[0m[36m::[0m[34;1mjoin_eq_id_out_of_family_is_none[0m
2026-09-10T16:45:34.2113863Z [32;1m        PASS[0m [   0.005s] (2725/2876) [35;1msparq-zk-compose[0m [36mbuild::derive_id_tests[0m[36m::[0m[34;1mscan_id_out_of_family_is_none[0m
2026-09-10T16:45:34.2169869Z [32;1m        PASS[0m [   0.005s] (2726/2876) [35;1msparq-zk-compose[0m [36mcapture::tests[0m[36m::[0m[34;1mfrom_artifacts_rejects_malformed_public_inputs[0m
2026-09-10T16:45:34.2213978Z [32;1m        PASS[0m [   0.005s] (2727/2876) [35;1msparq-zk-compose[0m [36mcapture::tests[0m[36m::[0m[34;1mpublic_inputs_split_matches_field_to_hex[0m
2026-09-10T16:45:34.2274283Z [32;1m        PASS[0m [   0.005s] (2728/2876) [35;1msparq-zk-compose[0m [36mderivation::tests[0m[36m::[0m[34;1mequality_predicate_guard_catches_an_introduced_sameas[0m
2026-09-10T16:45:34.2323845Z [32;1m        PASS[0m [   0.005s] (2729/2876) [35;1msparq-zk-compose[0m [36mderivation::tests[0m[36m::[0m[34;1mrdfs11_rejects_broken_class_chain[0m
2026-09-10T16:45:34.2379770Z [32;1m        PASS[0m [   0.005s] (2730/2876) [35;1msparq-zk-compose[0m [36mderivation::tests[0m[36m::[0m[34;1mrdfs2_domain_accepts_valid_shape[0m
2026-09-10T16:45:34.2423912Z [32;1m        PASS[0m [   0.005s] (2731/2876) [35;1msparq-zk-compose[0m [36mderivation::tests[0m[36m::[0m[34;1mrdfs3_range_rejects_wrong_derived_subject[0m
2026-09-10T16:45:34.2473799Z [32;1m        PASS[0m [   0.005s] (2732/2876) [35;1msparq-zk-compose[0m [36mderivation::tests[0m[36m::[0m[34;1mrdfs7_well_formed_accepts_valid_shape[0m
2026-09-10T16:45:34.2521736Z [32;1m        PASS[0m [   0.005s] (2733/2876) [35;1msparq-zk-compose[0m [36mderivation::tests[0m[36m::[0m[34;1mregime_admits_only_matching_rules[0m
2026-09-10T16:45:34.2984609Z [32;1m        PASS[0m [   0.044s] (2734/2876) [35;1msparq-zk-compose[0m [36mdriver::driver_glue_tests[0m[36m::[0m[34;1mrun_failing_tool_is_tool_error_distinct_from_spawn[0m
2026-09-10T16:45:34.3031753Z [32;1m        PASS[0m [   0.007s] (2735/2876) [35;1msparq-zk-compose[0m [36mdriver::driver_glue_tests[0m[36m::[0m[34;1mtagged_witness_paths_do_not_collide[0m
2026-09-10T16:45:34.3154242Z [32;1m        PASS[0m [   0.010s] (2736/2876) [35;1msparq-zk-compose[0m [36mholder::tests[0m[36m::[0m[34;1mholder_pok_witness_digest_matches_holder_key_digest[0m
2026-09-10T16:45:34.3215388Z [32;1m        PASS[0m [   0.008s] (2737/2876) [35;1msparq-zk-compose[0m [36mholder::tests[0m[36m::[0m[34;1mholder_set_circuit_id_package_name[0m
2026-09-10T16:45:34.3380139Z [32;1m        PASS[0m [   0.016s] (2738/2876) [35;1msparq-zk-compose[0m [36mholder::tests[0m[36m::[0m[34;1mholder_set_witness_assembles_consistently[0m
2026-09-10T16:45:34.4863370Z [32;1m        PASS[0m [   0.148s] (2739/2876) [35;1msparq-zk-compose[0m [36mholder::tests[0m[36m::[0m[34;1msparse_holder_deep_tree_witness_refolds_to_root[0m
2026-09-10T16:45:34.6833646Z [33;1m        SLOW[0m [>120.000s] (─────────) [35;1msparq-core::mmap_corruption_oracle[0m [34;1mmmap_loader_survives_corruption_compressed[0m
2026-09-10T16:45:40.5001125Z [32;1m        PASS[0m [   6.014s] (2740/2876) [35;1msparq-zk-compose[0m [36mholder::tests[0m[36m::[0m[34;1msparse_holder_root_matches_dense_for_all_sizes[0m
2026-09-10T16:45:40.5934165Z [32;1m        PASS[0m [   0.092s] (2741/2876) [35;1msparq-zk-compose[0m [36missuer::tests[0m[36m::[0m[34;1mempty_subtree_roots_fold_like_dense_padding[0m
2026-09-10T16:45:40.6537830Z [32;1m        PASS[0m [   0.058s] (2742/2876) [35;1msparq-zk-compose[0m [36missuer::tests[0m[36m::[0m[34;1mhonest_witness_respects_reduction_buckets[0m
2026-09-10T16:45:40.6723977Z [32;1m        PASS[0m [   0.018s] (2743/2876) [35;1msparq-zk-compose[0m [36missuer::tests[0m[36m::[0m[34;1mpadded_key_set_root_is_defined[0m
2026-09-10T16:45:40.7010026Z [32;1m        PASS[0m [   0.031s] (2744/2876) [35;1msparq-zk-compose[0m [36missuer::tests[0m[36m::[0m[34;1msparse_empty_slot_path_is_well_defined[0m
2026-09-10T16:45:40.7830912Z [32;1m        PASS[0m [   0.082s] (2745/2876) [35;1msparq-zk-compose[0m [36missuer::tests[0m[36m::[0m[34;1msparse_valid_depth_31_root_and_path_are_defined[0m
2026-09-10T16:45:40.7914467Z [32;1m        PASS[0m [   0.006s] (2746/2876) [35;1msparq-zk-compose[0m [36mmanifest::canonical_edge_tests[0m[36m::[0m[34;1mbinding_edges_canonicalise_to_total_order[0m
2026-09-10T16:45:40.8014195Z [32;1m        PASS[0m [   0.011s] (2747/2876) [35;1msparq-zk-compose[0m [36mmanifest::holder_binding_tests[0m[36m::[0m[34;1mattested_holder_binding_round_trips_and_wires_t1_digest[0m
2026-09-10T16:45:40.8123932Z [32;1m        PASS[0m [   0.012s] (2748/2876) [35;1msparq-zk-compose[0m [36mmanifest::holder_binding_tests[0m[36m::[0m[34;1mold_manifest_without_holder_field_still_parses[0m
2026-09-10T16:45:40.8183757Z [32;1m        PASS[0m [   0.005s] (2749/2876) [35;1msparq-zk-compose[0m [36mmanifest::join_schema_tests[0m[36m::[0m[34;1mjoin_eq_field_ordering_matches_circuit_layout[0m
2026-09-10T16:45:40.8223443Z [32;1m        PASS[0m [   0.005s] (2750/2876) [35;1msparq-zk-compose[0m [36mn3::tests[0m[36m::[0m[34;1madmit_accepts_the_safe_rules[0m
2026-09-10T16:45:40.8281954Z [32;1m        PASS[0m [   0.005s] (2751/2876) [35;1msparq-zk-compose[0m [36mn3::tests[0m[36m::[0m[34;1madmit_rejects_degenerate_rules[0m
2026-09-10T16:45:40.8353715Z [32;1m        PASS[0m [   0.005s] (2752/2876) [35;1msparq-zk-compose[0m [36mn3::tests[0m[36m::[0m[34;1mclassify_admits_every_whitelisted_math_builtin[0m
2026-09-10T16:45:40.8601281Z [32;1m        PASS[0m [   0.027s] (2753/2876) [35;1msparq-zk-compose[0m [36mn3::tests[0m[36m::[0m[34;1mcommit_is_deterministic_and_bucket_dependent[0m
2026-09-10T16:45:40.8674092Z [32;1m        PASS[0m [   0.006s] (2754/2876) [35;1msparq-zk-compose[0m [36mn3::tests[0m[36m::[0m[34;1mvar_count_reports_the_bucket_the_rules_need[0m
2026-09-10T16:45:40.8884298Z [32;1m        PASS[0m [   0.020s] (2755/2876) [35;1msparq-zk-compose[0m [36mrevocation::tests[0m[36m::[0m[34;1maccepted_set_root_binds_list_version_and_root_atomically[0m
2026-09-10T16:45:40.8908177Z [32;1m        PASS[0m [   0.005s] (2756/2876) [35;1msparq-zk-compose[0m [36mrevocation::tests[0m[36m::[0m[34;1many_bit_set_is_fail_closed_on_missing_bytes[0m
2026-09-10T16:45:40.8960846Z [32;1m        PASS[0m [   0.005s] (2757/2876) [35;1msparq-zk-compose[0m [36mrevocation::tests[0m[36m::[0m[34;1mh2_matches_documented_cross_vector[0m
2026-09-10T16:45:40.9000104Z [32;1m        PASS[0m [   0.004s] (2758/2876) [35;1msparq-zk-compose[0m [36mrevocation::tests[0m[36m::[0m[34;1mout_of_range_index_is_none[0m
2026-09-10T16:45:40.9179859Z [32;1m        PASS[0m [   0.018s] (2759/2876) [35;1msparq-zk-compose[0m [36mrevocation::tests[0m[36m::[0m[34;1msparse_witness_in_padding_region_is_revoked_and_consistent[0m
2026-09-10T16:45:40.9234821Z [32;1m        PASS[0m [   0.005s] (2760/2876) [35;1msparq-zk-compose[0m [36msameas::tests[0m[36m::[0m[34;1ma_star_witness_over_a_chain_is_refused[0m
2026-09-10T16:45:40.9276065Z [32;1m        PASS[0m [   0.004s] (2761/2876) [35;1msparq-zk-compose[0m [36msameas::tests[0m[36m::[0m[34;1mcanon_maps_members_and_fixes_strangers[0m
2026-09-10T16:45:40.9315954Z [32;1m        PASS[0m [   0.004s] (2762/2876) [35;1msparq-zk-compose[0m [36msameas::tests[0m[36m::[0m[34;1mcheck_rejects_a_non_self_representing_root[0m
2026-09-10T16:45:40.9358229Z [32;1m        PASS[0m [   0.004s] (2763/2876) [35;1msparq-zk-compose[0m [36msameas::tests[0m[36m::[0m[34;1mentails_row_accepts_the_rewritten_row[0m
2026-09-10T16:45:40.9398247Z [32;1m        PASS[0m [   0.004s] (2764/2876) [35;1msparq-zk-compose[0m [36msameas::tests[0m[36m::[0m[34;1mmerges_are_justified_in_either_orientation[0m
2026-09-10T16:45:40.9440596Z [32;1m        PASS[0m [   0.004s] (2765/2876) [35;1msparq-zk-compose[0m [36mtoml::toml_glue_tests[0m[36m::[0m[34;1mfield_hex_round_trips_through_the_field[0m
2026-09-10T16:45:40.9478289Z [32;1m        PASS[0m [   0.004s] (2766/2876) [35;1msparq-zk-compose[0m [36mtoml::toml_glue_tests[0m[36m::[0m[34;1mprover_toml_error_variants_are_distinct[0m
2026-09-10T16:45:40.9517915Z [32;1m        PASS[0m [   0.004s] (2767/2876) [35;1msparq-zk-compose[0m [36mtoml::toml_glue_tests[0m[36m::[0m[34;1mprover_toml_for_signed_without_witness_is_recoverable_error[0m
2026-09-10T16:45:40.9730433Z [32;1m        PASS[0m [   0.021s] (2768/2876) [35;1msparq-zk-compose[0m [36mverifier::tests[0m[36m::[0m[34;1maccepted_entries_are_freshness_curated_and_canonically_ordered[0m
2026-09-10T16:45:40.9947735Z [32;1m        PASS[0m [   0.022s] (2769/2876) [35;1msparq-zk-compose[0m [36mverifier::tests[0m[36m::[0m[34;1mbind_issuer_attestations_flat_scan_is_feature_state_invariant[0m
2026-09-10T16:45:41.0033683Z [32;1m        PASS[0m [   0.005s] (2770/2876) [35;1msparq-zk-compose[0m [36mverifier::tests[0m[36m::[0m[34;1mhex_decode_and_take_lp_reject_bad_bytes[0m
2026-09-10T16:45:41.0093992Z [32;1m        PASS[0m [   0.006s] (2771/2876) [35;1msparq-zk-compose[0m [36mverifier::tests[0m[36m::[0m[34;1mhidden_only_salt_disclosure_is_dominated_by_the_clear_commitment[0m
2026-09-10T16:45:41.0119042Z [32;1m        PASS[0m [   0.005s] (2772/2876) [35;1msparq-zk-compose[0m [36mverifier::tests[0m[36m::[0m[34;1mreconstruct_filter_f64_matches_real_bb_public_inputs[0m
2026-09-10T16:45:41.0183922Z [32;1m        PASS[0m [   0.005s] (2773/2876) [35;1msparq-zk-compose[0m [36mverifier::tests[0m[36m::[0m[34;1mreconstruct_is_statement_sensitive[0m
2026-09-10T16:45:41.0253843Z [32;1m        PASS[0m [   0.005s] (2774/2876) [35;1msparq-zk-compose[0m [36mverifier::tests[0m[36m::[0m[34;1mreconstruct_scan_matches_real_bb_public_inputs[0m
2026-09-10T16:45:41.0763327Z [32;1m        PASS[0m [   0.053s] (2775/2876) [35;1msparq-zk-compose[0m [36mverifier::tests[0m[36m::[0m[34;1mtwo_credentials_with_distinct_status_refs_are_rejected[0m
2026-09-10T16:45:41.1128928Z [32;1m        PASS[0m [   0.037s] (2776/2876) [35;1msparq-zk-compose::audit_forge_map[0m [34;1mfinding_03_untrusted_issuer_key_rejected[0m
2026-09-10T16:45:41.1367586Z [32;1m        PASS[0m [   0.023s] (2777/2876) [35;1msparq-zk-compose::audit_forge_map[0m [34;1mfinding_05_filter_bound_substitution_rejected[0m
2026-09-10T16:45:41.1664687Z [32;1m        PASS[0m [   0.029s] (2778/2876) [35;1msparq-zk-compose::audit_forge_map[0m [34;1mfinding_08_attribution_collapse_rejected[0m
2026-09-10T16:45:41.1826764Z [32;1m        PASS[0m [   0.017s] (2779/2876) [35;1msparq-zk-compose::audit_forge_map[0m [34;1mfinding_10_constant_swap_rejected[0m
2026-09-10T16:45:41.2034553Z [32;1m        PASS[0m [   0.021s] (2780/2876) [35;1msparq-zk-compose::audit_forge_map[0m [34;1mfinding_12_revoked_bit_rejected[0m
2026-09-10T16:45:41.2078541Z [32;1m        PASS[0m [   0.005s] (2781/2876) [35;1msparq-zk-compose::bb_gates_matrix[0m [34;1mcomparison_numbers_are_joined_from_snapshot[0m
2026-09-10T16:45:41.2121174Z [32;1m        PASS[0m [   0.004s] (2782/2876) [35;1msparq-zk-compose::bb_gates_matrix[0m [34;1mmatrix_circuit_sizes_match_snapshot[0m
2026-09-10T16:45:41.2163392Z [32;1m        PASS[0m [   0.004s] (2783/2876) [35;1msparq-zk-compose::bb_gates_matrix[0m [34;1msummary_matches_rows[0m
2026-09-10T16:45:41.2201955Z [32;1m        PASS[0m [   0.004s] (2784/2876) [35;1msparq-zk-compose::coverage_direct[0m [34;1mbinding_mode_holder_pop_malformed_key_is_none[0m
2026-09-10T16:45:41.2261925Z [32;1m        PASS[0m [   0.006s] (2785/2876) [35;1msparq-zk-compose::coverage_direct[0m [34;1mencode_decimal_literal_matches_independent_lexical_encoding[0m
2026-09-10T16:45:41.2300860Z [32;1m        PASS[0m [   0.004s] (2786/2876) [35;1msparq-zk-compose::coverage_direct[0m [34;1mgen_witness_without_package_dir_is_io_error[0m
2026-09-10T16:45:41.2396135Z [32;1m        PASS[0m [   0.009s] (2787/2876) [35;1msparq-zk-compose::coverage_direct[0m [34;1mkeyset_member_index_is_normalized_and_fail_closed[0m
2026-09-10T16:45:41.2436205Z [32;1m        PASS[0m [   0.004s] (2788/2876) [35;1msparq-zk-compose::coverage_direct[0m [34;1mverifier_nonce_from_field_matches_from_hex[0m
2026-09-10T16:45:41.2524255Z [32;1m        PASS[0m [   0.007s] (2789/2876) [35;1msparq-zk-compose::differential_fuzz[0m [34;1msq_wto_five_digit_operand_errors_cleanly_not_silently_unprovable[0m
2026-09-10T16:45:41.2836049Z [32;1m        PASS[0m [   0.033s] (2790/2876) [35;1msparq-zk-compose::e2e[0m [34;1mattribution_honest_cross_graph_without_obligation_rejected[0m
2026-09-10T16:45:41.3428958Z [32;1m        PASS[0m [   0.059s] (2791/2876) [35;1msparq-zk-compose::e2e[0m [34;1mattribution_over_declared_is_accepted[0m
2026-09-10T16:45:41.3664576Z [32;1m        PASS[0m [   0.022s] (2792/2876) [35;1msparq-zk-compose::e2e[0m [34;1mcompleteness_demand_leaves_simple_regime_verifiable[0m
2026-09-10T16:45:41.4281291Z [32;1m        PASS[0m [   0.063s] (2793/2876) [35;1msparq-zk-compose::e2e[0m [34;1mdistinct_salts_verify[0m
2026-09-10T16:45:41.4595325Z [32;1m        PASS[0m [   0.031s] (2794/2876) [35;1msparq-zk-compose::e2e[0m [34;1mentailment_rdfs_rejected_under_simple_only_policy[0m
2026-09-10T16:45:41.4906003Z [32;1m        PASS[0m [   0.031s] (2795/2876) [35;1msparq-zk-compose::e2e[0m [34;1mentailment_simple_accepted_progresses_past_gate[0m
2026-09-10T16:45:41.5218788Z [32;1m        PASS[0m [   0.031s] (2796/2876) [35;1msparq-zk-compose::e2e[0m [34;1mfilter_binding_happy_path_structure[0m
2026-09-10T16:45:41.5324200Z [32;1m        PASS[0m [   0.007s] (2797/2876) [35;1msparq-zk-compose::e2e[0m [34;1mfilter_f64_out_of_family_errors_cleanly[0m
2026-09-10T16:45:41.5443807Z [32;1m        PASS[0m [   0.013s] (2798/2876) [35;1msparq-zk-compose::e2e[0m [34;1mfilter_reject_constant_swap_age_as_salary[0m
2026-09-10T16:45:41.5597330Z [32;1m        PASS[0m [   0.016s] (2799/2876) [35;1msparq-zk-compose::e2e[0m [34;1mfilter_reject_operand_slot_substitution[0m
2026-09-10T16:45:41.5713830Z [32;1m        PASS[0m [   0.011s] (2800/2876) [35;1msparq-zk-compose::e2e[0m [34;1mfilter_reject_unproven_failing_row[0m
2026-09-10T16:45:41.5997536Z [32;1m        PASS[0m [   0.029s] (2801/2876) [35;1msparq-zk-compose::e2e[0m [34;1mfilter_two_rows_both_gated_verifies[0m
2026-09-10T16:45:41.6083830Z [32;1m        PASS[0m [   0.006s] (2802/2876) [35;1msparq-zk-compose::e2e[0m [34;1mforge_positive_honest_filter_verifies[0m
2026-09-10T16:45:41.6108783Z [32;1m        PASS[0m [   0.005s] (2803/2876) [35;1msparq-zk-compose::e2e[0m [34;1mforge_reject_statement_substitution[0m
2026-09-10T16:45:41.6350750Z [32;1m        PASS[0m [   0.024s] (2804/2876) [35;1msparq-zk-compose::e2e[0m [34;1mforge_wrong_length_attribution_rejected[0m
2026-09-10T16:45:41.6660645Z [32;1m        PASS[0m [   0.029s] (2805/2876) [35;1msparq-zk-compose::e2e[0m [34;1mfully_hidden_proof_without_fully_hidden_reference_rejected[0m
2026-09-10T16:45:41.6943755Z [32;1m        PASS[0m [   0.028s] (2806/2876) [35;1msparq-zk-compose::e2e[0m [34;1mfully_hidden_reference_without_proof_rejected[0m
2026-09-10T16:45:41.7467704Z [32;1m        PASS[0m [   0.054s] (2807/2876) [35;1msparq-zk-compose::e2e[0m [34;1mholder_binding_a_presents_b_rejected[0m
2026-09-10T16:45:41.7878077Z [32;1m        PASS[0m [   0.041s] (2808/2876) [35;1msparq-zk-compose::e2e[0m [34;1mholder_binding_identity_key_rejected[0m
2026-09-10T16:45:41.8295436Z [32;1m        PASS[0m [   0.041s] (2809/2876) [35;1msparq-zk-compose::e2e[0m [34;1mholder_pop_invalid_signature_rejected[0m
2026-09-10T16:45:41.8583161Z [32;1m        PASS[0m [   0.028s] (2810/2876) [35;1msparq-zk-compose::e2e[0m [34;1missuer_accept_declared_keyset_includes_attestation_key[0m
2026-09-10T16:45:41.8874250Z [32;1m        PASS[0m [   0.028s] (2811/2876) [35;1msparq-zk-compose::e2e[0m [34;1missuer_accept_when_external_k_trusts_the_key[0m
2026-09-10T16:45:41.9084890Z [32;1m        PASS[0m [   0.021s] (2812/2876) [35;1msparq-zk-compose::e2e[0m [34;1missuer_reject_drop_triple_recommit_suppression[0m
2026-09-10T16:45:41.9298168Z [32;1m        PASS[0m [   0.021s] (2813/2876) [35;1msparq-zk-compose::e2e[0m [34;1missuer_reject_key_not_in_keyset[0m
2026-09-10T16:45:41.9530976Z [32;1m        PASS[0m [   0.023s] (2814/2876) [35;1msparq-zk-compose::e2e[0m [34;1missuer_reject_unknown_cryptosuite[0m
2026-09-10T16:45:41.9723981Z [32;1m        PASS[0m [   0.018s] (2815/2876) [35;1msparq-zk-compose::e2e[0m [34;1missuer_xxg_neither_clear_nor_hidden_rejected[0m
2026-09-10T16:45:42.0174304Z [32;1m        PASS[0m [   0.046s] (2816/2876) [35;1msparq-zk-compose::e2e[0m [34;1mnonce_binding_mismatch_rejected[0m
2026-09-10T16:45:42.0584542Z [32;1m        PASS[0m [   0.039s] (2817/2876) [35;1msparq-zk-compose::e2e[0m [34;1mpattern_scans_do_not_narrow_the_cross_slot_filter_obligation[0m
2026-09-10T16:45:42.1176197Z [32;1m        PASS[0m [   0.061s] (2818/2876) [35;1msparq-zk-compose::e2e[0m [34;1mpattern_scans_reject_a_declaration_contradicting_the_bound_constants[0m
2026-09-10T16:45:42.1384861Z [32;1m        PASS[0m [   0.021s] (2819/2876) [35;1msparq-zk-compose::e2e[0m [34;1mrepeated_pattern_var_rejects_a_row_whose_slots_disagree[0m
2026-09-10T16:45:42.1593708Z [32;1m        PASS[0m [   0.021s] (2820/2876) [35;1msparq-zk-compose::e2e[0m [34;1mrevocation_omitted_field_still_rejected[0m
2026-09-10T16:45:42.1894272Z [32;1m        PASS[0m [   0.028s] (2821/2876) [35;1msparq-zk-compose::e2e[0m [34;1mrevocation_reaudit_forged_active_snapshot_cannot_unrevoke[0m
2026-09-10T16:45:42.2183913Z [32;1m        PASS[0m [   0.029s] (2822/2876) [35;1msparq-zk-compose::e2e[0m [34;1mrevocation_revoked_credential_rejected[0m
2026-09-10T16:45:42.2443950Z [32;1m        PASS[0m [   0.028s] (2823/2876) [35;1msparq-zk-compose::e2e[0m [34;1mrevocation_within_window_verifies[0m
2026-09-10T16:45:42.3171821Z [32;1m        PASS[0m [   0.073s] (2824/2876) [35;1msparq-zk-compose::e2e[0m [34;1msalt_reuse_across_distinct_graphs_rejected[0m
2026-09-10T16:45:42.3459494Z [32;1m        PASS[0m [   0.028s] (2825/2876) [35;1msparq-zk-compose::e2e[0m [34;1mstructure_accepts_well_formed_manifest[0m
2026-09-10T16:45:42.3671136Z [32;1m        PASS[0m [   0.021s] (2826/2876) [35;1msparq-zk-compose::e2e[0m [34;1mstructure_rejects_cross_graph_bnode_join[0m
2026-09-10T16:45:42.3729048Z [32;1m        PASS[0m [   0.006s] (2827/2876) [35;1msparq-zk-compose::e2e[0m [34;1mwitness_gen_filter_int_ne_rejects_false_verdict[0m
2026-09-10T16:45:42.3804731Z [32;1m        PASS[0m [   0.005s] (2828/2876) [35;1msparq-zk-compose::e2e[0m [34;1mwitness_gen_filter_int_satisfiable[0m
2026-09-10T16:45:42.3934744Z [32;1m        PASS[0m [   0.013s] (2829/2876) [35;1msparq-zk-compose::family_members_pzet[0m [34;1mbuild_scan_derives_new_k1_r8_member[0m
2026-09-10T16:45:42.4477124Z [32;1m        PASS[0m [   0.056s] (2830/2876) [35;1msparq-zk-compose::family_members_pzet[0m [34;1mjoin_eq_na64_nb64_rejects_unequal_values[0m
2026-09-10T16:45:42.4533329Z [32;1m        PASS[0m [   0.005s] (2831/2876) [35;1msparq-zk-compose::family_members_pzet[0m [34;1mscan_k1_n16_r8_witness_satisfiable[0m
2026-09-10T16:45:42.4580596Z [32;1m        PASS[0m [   0.005s] (2832/2876) [35;1msparq-zk-compose::filter_signed_binding[0m [34;1mdecimal_binding_rejects_fraction_lie[0m
2026-09-10T16:45:42.4878936Z [32;1m        PASS[0m [   0.030s] (2833/2876) [35;1msparq-zk-compose::forge_gates[0m [34;1mforge_attribution_under_declared_rejected[0m
2026-09-10T16:45:42.5166713Z [32;1m        PASS[0m [   0.028s] (2834/2876) [35;1msparq-zk-compose::forge_gates[0m [34;1mforge_issuer_key_not_in_external_k_rejected[0m
2026-09-10T16:45:42.5497684Z [32;1m        PASS[0m [   0.033s] (2835/2876) [35;1msparq-zk-compose::forge_gates[0m [34;1mforge_revocation_revoked_bit_rejected[0m
2026-09-10T16:45:42.6714436Z [32;1m        PASS[0m [   0.119s] (2836/2876) [35;1msparq-zk-compose::forge_gates[0m [34;1mforge_scan_out_of_order_commitment_structural_rejected[0m
2026-09-10T16:45:42.6763619Z [32;1m        PASS[0m [   0.006s] (2837/2876) [35;1msparq-zk-compose::gate_count[0m [34;1mgate_count_regression[0m
2026-09-10T16:45:42.7017823Z [32;1m        PASS[0m [   0.026s] (2838/2876) [35;1msparq-zk-compose::holder_pok_binding[0m [34;1mholder_pok_malformed_commitment_rejected[0m
2026-09-10T16:45:42.7484508Z [32;1m        PASS[0m [   0.044s] (2839/2876) [35;1msparq-zk-compose::holder_pop_forge[0m [34;1mforge_bearer_where_binding_required_rejected[0m
2026-09-10T16:45:42.7886966Z [32;1m        PASS[0m [   0.042s] (2840/2876) [35;1msparq-zk-compose::holder_pop_forge[0m [34;1mforge_identity_presented_key_rejected_fail_closed[0m
2026-09-10T16:45:42.8357932Z [32;1m        PASS[0m [   0.046s] (2841/2876) [35;1msparq-zk-compose::holder_pop_forge[0m [34;1mforge_tampered_attested_digest_rejected_invalid_signature[0m
2026-09-10T16:45:42.8879902Z [32;1m        PASS[0m [   0.053s] (2842/2876) [35;1msparq-zk-compose::holder_pop_forge[0m [34;1mpositive_correctly_bound_hidden_tier_accepts[0m
2026-09-10T16:45:42.8957681Z [32;1m        PASS[0m [   0.007s] (2843/2876) [35;1msparq-zk-compose::holder_set_binding[0m [34;1mholder_set_circuit_id_round_trips[0m
2026-09-10T16:45:42.9246954Z [32;1m        PASS[0m [   0.029s] (2844/2876) [35;1msparq-zk-compose::holder_set_binding[0m [34;1mholder_set_non_field_commitment_rejected[0m
2026-09-10T16:45:42.9568015Z [32;1m        PASS[0m [   0.032s] (2845/2876) [35;1msparq-zk-compose::holder_set_binding[0m [34;1mholder_set_unreferenced_commitment_rejected[0m
2026-09-10T16:45:42.9635239Z [32;1m        PASS[0m [   0.006s] (2846/2876) [35;1msparq-zk-compose::host_helpers[0m [34;1mbinding_mode_challenge_accessor_for_both_variants[0m
2026-09-10T16:45:42.9688394Z [32;1m        PASS[0m [   0.005s] (2847/2876) [35;1msparq-zk-compose::host_helpers[0m [34;1mcanonical_digits_are_ascii_byte_codes[0m
2026-09-10T16:45:42.9774615Z [32;1m        PASS[0m [   0.006s] (2848/2876) [35;1msparq-zk-compose::host_helpers[0m [34;1mderive_filter_decimal_id_exact_shape_match_only[0m
2026-09-10T16:45:42.9824445Z [32;1m        PASS[0m [   0.006s] (2849/2876) [35;1msparq-zk-compose::host_helpers[0m [34;1mdriver_error_from_io_error_maps_to_io_variant[0m
2026-09-10T16:45:42.9864085Z [32;1m        PASS[0m [   0.005s] (2850/2876) [35;1msparq-zk-compose::host_helpers[0m [34;1mfilter_f64_prover_toml_renders_b_bits_not_bound[0m
2026-09-10T16:45:42.9934408Z [32;1m        PASS[0m [   0.005s] (2851/2876) [35;1msparq-zk-compose::host_helpers[0m [34;1mfilter_op_codes_are_the_circuit_globals[0m
2026-09-10T16:45:42.9993911Z [32;1m        PASS[0m [   0.005s] (2852/2876) [35;1msparq-zk-compose::host_helpers[0m [34;1mholder_pop_cryptosuite_defaults_when_absent_in_json[0m
2026-09-10T16:45:43.0053666Z [32;1m        PASS[0m [   0.006s] (2853/2876) [35;1msparq-zk-compose::host_helpers[0m [34;1mproof_artifacts_clone_and_encode_blob_layout[0m
2026-09-10T16:45:43.0115007Z [32;1m        PASS[0m [   0.008s] (2854/2876) [35;1msparq-zk-compose::host_helpers[0m [34;1mprover_toml_for_filter_decimal_renders_via_witness[0m
2026-09-10T16:45:43.0175558Z [32;1m        PASS[0m [   0.006s] (2855/2876) [35;1msparq-zk-compose::host_helpers[0m [34;1mprover_toml_for_filter_signed_int_renders_via_witness[0m
2026-09-10T16:45:43.0237417Z [32;1m        PASS[0m [   0.006s] (2856/2876) [35;1msparq-zk-compose::host_helpers[0m [34;1mprover_toml_for_scan_pads_rows_and_enc_to_circuit_dimensions[0m
2026-09-10T16:45:43.0295727Z [32;1m        PASS[0m [   0.005s] (2857/2876) [35;1msparq-zk-compose::host_helpers[0m [34;1mstatus_list_snapshot_second_byte_indexing[0m
2026-09-10T16:45:43.0801862Z [32;1m        PASS[0m [   0.050s] (2858/2876) [35;1msparq-zk-compose::join_forge[0m [34;1mstructural_forge_spurious_edge_unrelated_columns_rejected[0m
2026-09-10T16:45:43.1294213Z [32;1m        PASS[0m [   0.049s] (2859/2876) [35;1msparq-zk-compose::join_gates[0m [34;1mdrop_edge_falls_back_to_disclosed_path[0m
2026-09-10T16:45:43.1804393Z [32;1m        PASS[0m [   0.049s] (2860/2876) [35;1msparq-zk-compose::join_gates[0m [34;1mforge_join_commit_b_not_matching_scan_rejected[0m
2026-09-10T16:45:43.2238717Z [32;1m        PASS[0m [   0.045s] (2861/2876) [35;1msparq-zk-compose::join_gates[0m [34;1mforge_join_edge_points_at_wrong_scan_rejected[0m
2026-09-10T16:45:43.2680938Z [32;1m        PASS[0m [   0.044s] (2862/2876) [35;1msparq-zk-compose::join_gates[0m [34;1mforge_join_scan_a_not_scan_rejected[0m
2026-09-10T16:45:43.3135418Z [32;1m        PASS[0m [   0.044s] (2863/2876) [35;1msparq-zk-compose::join_gates[0m [34;1mhonest_join_passes_structural_bind_joins[0m
2026-09-10T16:45:43.3720266Z [32;1m        PASS[0m [   0.059s] (2864/2876) [35;1msparq-zk-compose::join_gates[0m [34;1mnway_chain_divergent_commitment_rejected[0m
2026-09-10T16:45:43.3795826Z [32;1m        PASS[0m [   0.008s] (2865/2876) [35;1msparq-zk-compose::site_age_enc_drift[0m [34;1msite_age_operand_enc_matches_native_encoder[0m
2026-09-10T16:45:43.3864719Z [32;1m        PASS[0m [   0.006s] (2866/2876) [35;1msparq-zk-compose::sparql_catalog[0m [34;1mcatalog_members_exist_in_snapshot[0m
2026-09-10T16:45:43.3950265Z [32;1m        PASS[0m [   0.006s] (2867/2876) [35;1msparq-zk-compose::sparql_catalog[0m [34;1mdesign_exclusions_say_why[0m
2026-09-10T16:45:43.3984274Z [32;1m        PASS[0m [   0.005s] (2868/2876) [35;1msparq-zk-compose::sparql_catalog[0m [34;1msummary_matches_rows[0m
2026-09-10T16:45:43.4014732Z [32;1m        PASS[0m [   0.005s] (2869/2876) [35;1msparq-zk-compose::verifier_errors[0m [34;1mcheck_error_display_covers_hidden_revocation_reasons[0m
2026-09-10T16:45:43.4069189Z [32;1m        PASS[0m [   0.005s] (2870/2876) [35;1msparq-zk-compose::verifier_errors[0m [34;1mcheck_error_display_covers_issuer_and_salt_reasons[0m
2026-09-10T16:45:43.4121447Z [32;1m        PASS[0m [   0.005s] (2871/2876) [35;1msparq-zk-compose::verifier_errors[0m [34;1mcheck_error_display_covers_structural_reject_reasons[0m
2026-09-10T16:45:43.4183926Z [32;1m        PASS[0m [   0.005s] (2872/2876) [35;1msparq-zk-compose::verifier_errors[0m [34;1mentailment_policy_default_is_simple_only_and_owl_subsumes_rdfs[0m
2026-09-10T16:45:43.4224237Z [32;1m        PASS[0m [   0.005s] (2873/2876) [35;1msparq-zk-compose::verifier_errors[0m [34;1mkeyset_from_hex_drops_unparseable_keys_failclosed[0m
2026-09-10T16:45:48.4356296Z [32;1m        PASS[0m [  48.297s] (2874/2876) [35;1msparq-vectors::filtered[0m [34;1mfiltered_traversal_recall_vs_exact_on_broad_mask[0m
2026-09-10T16:45:48.9790525Z [32;1m        PASS[0m [  42.216s] (2875/2876) [35;1msparq-vectors::filtered[0m [34;1mselective_mask_prefilter_is_exact[0m
2026-09-10T16:45:54.2855043Z [32;1m        PASS[0m [ 139.614s] (2876/2876) [35;1msparq-core::mmap_corruption_oracle[0m [34;1mmmap_loader_survives_corruption_compressed[0m
2026-09-10T16:45:54.2856332Z ────────────
2026-09-10T16:45:54.2857184Z [32;1m     Summary[0m [ 144.608s] [1m2876[0m tests run: [1m2876[0m [32;1mpassed[0m ([1m1[0m [33;1mslow[0m), [1m5896[0m [33;1mskipped[0m
2026-09-10T16:45:54.2917012Z ##[endgroup]
2026-09-10T16:45:54.2917305Z shard 'bulk 2/3' passed on attempt 1
2026-09-10T16:45:54.3012846Z Post job cleanup.
2026-09-10T16:45:54.4763167Z [command]/usr/bin/git version
2026-09-10T16:45:54.4827509Z git version 2.55.0
2026-09-10T16:45:54.4886026Z Temporarily overriding HOME='/home/runner/work/_temp/f849726a-7e10-4d30-955d-57a89fcb7a2a' before making global git config changes
2026-09-10T16:45:54.4887072Z Adding repository directory to the temporary git global config as a safe directory
2026-09-10T16:45:54.4890109Z [command]/usr/bin/git config --global --add safe.directory /home/runner/work/sparq/sparq
2026-09-10T16:45:54.4917191Z Removing SSH command configuration
2026-09-10T16:45:54.4922351Z [command]/usr/bin/git config --local --name-only --get-regexp core\.sshCommand
2026-09-10T16:45:54.4954320Z [command]/usr/bin/git submodule foreach --recursive sh -c "git config --local --name-only --get-regexp 'core\.sshCommand' && git config --local --unset-all 'core.sshCommand' || :"
2026-09-10T16:45:54.5640288Z Removing HTTP extra header
2026-09-10T16:45:54.5645224Z [command]/usr/bin/git config --local --name-only --get-regexp http\.https\:\/\/github\.com\/\.extraheader
2026-09-10T16:45:54.5678846Z [command]/usr/bin/git submodule foreach --recursive sh -c "git config --local --name-only --get-regexp 'http\.https\:\/\/github\.com\/\.extraheader' && git config --local --unset-all 'http.https://github.com/.extraheader' || :"
2026-09-10T16:45:54.5878140Z Removing includeIf entries pointing to credentials config files
2026-09-10T16:45:54.5884083Z [command]/usr/bin/git config --local --name-only --get-regexp ^includeIf\.gitdir:
2026-09-10T16:45:54.5908899Z includeif.gitdir:/home/runner/work/sparq/sparq/.git.path
2026-09-10T16:45:54.5909384Z includeif.gitdir:/home/runner/work/sparq/sparq/.git/worktrees/*.path
2026-09-10T16:45:54.5909736Z includeif.gitdir:/github/workspace/.git.path
2026-09-10T16:45:54.5910039Z includeif.gitdir:/github/workspace/.git/worktrees/*.path
2026-09-10T16:45:54.5920769Z [command]/usr/bin/git config --local --get-all includeif.gitdir:/home/runner/work/sparq/sparq/.git.path
2026-09-10T16:45:54.5942393Z /home/runner/work/_temp/git-credentials-58c87f4c-715f-4947-aac7-bf2db77854f9.config
2026-09-10T16:45:54.5950906Z [command]/usr/bin/git config --local --unset includeif.gitdir:/home/runner/work/sparq/sparq/.git.path /home/runner/work/_temp/git-credentials-58c87f4c-715f-4947-aac7-bf2db77854f9.config
2026-09-10T16:45:54.5982376Z [command]/usr/bin/git config --local --get-all includeif.gitdir:/home/runner/work/sparq/sparq/.git/worktrees/*.path
2026-09-10T16:45:54.6004506Z /home/runner/work/_temp/git-credentials-58c87f4c-715f-4947-aac7-bf2db77854f9.config
2026-09-10T16:45:54.6017228Z [command]/usr/bin/git config --local --unset includeif.gitdir:/home/runner/work/sparq/sparq/.git/worktrees/*.path /home/runner/work/_temp/git-credentials-58c87f4c-715f-4947-aac7-bf2db77854f9.config
2026-09-10T16:45:54.6047075Z [command]/usr/bin/git config --local --get-all includeif.gitdir:/github/workspace/.git.path
2026-09-10T16:45:54.6069252Z /github/runner_temp/git-credentials-58c87f4c-715f-4947-aac7-bf2db77854f9.config
2026-09-10T16:45:54.6074854Z [command]/usr/bin/git config --local --unset includeif.gitdir:/github/workspace/.git.path /github/runner_temp/git-credentials-58c87f4c-715f-4947-aac7-bf2db77854f9.config
2026-09-10T16:45:54.6103805Z [command]/usr/bin/git config --local --get-all includeif.gitdir:/github/workspace/.git/worktrees/*.path
2026-09-10T16:45:54.6125325Z /github/runner_temp/git-credentials-58c87f4c-715f-4947-aac7-bf2db77854f9.config
2026-09-10T16:45:54.6132061Z [command]/usr/bin/git config --local --unset includeif.gitdir:/github/workspace/.git/worktrees/*.path /github/runner_temp/git-credentials-58c87f4c-715f-4947-aac7-bf2db77854f9.config
2026-09-10T16:45:54.6165254Z [command]/usr/bin/git submodule foreach --recursive git config --local --show-origin --name-only --get-regexp remote.origin.url
2026-09-10T16:45:54.6358512Z Removing credentials config '/home/runner/work/_temp/git-credentials-58c87f4c-715f-4947-aac7-bf2db77854f9.config'
2026-09-10T16:45:54.6496347Z Cleaning up orphan processes
