2026-09-10T15:48:47.9036838Z Current runner version: '2.337.0'
2026-09-10T15:48:47.9075795Z ##[group]Runner Image Provisioner
2026-09-10T15:48:47.9077717Z Hosted Compute Agent
2026-09-10T15:48:47.9079374Z Version: 20260828.587
2026-09-10T15:48:47.9080985Z Commit: abac92662cab4cc7352de4f9f9d2e2419aad9c29
2026-09-10T15:48:47.9082880Z Build Date: 2026-08-28T16:44:25Z
2026-09-10T15:48:47.9084895Z Worker ID: {008c1728-a8c4-4332-8bbf-e257667416bb}
2026-09-10T15:48:47.9086677Z Azure Region: eastus
2026-09-10T15:48:47.9088257Z ##[endgroup]
2026-09-10T15:48:47.9091298Z ##[group]Operating System
2026-09-10T15:48:47.9092895Z Ubuntu
2026-09-10T15:48:47.9094534Z 24.04.5
2026-09-10T15:48:47.9095992Z LTS
2026-09-10T15:48:47.9097450Z ##[endgroup]
2026-09-10T15:48:47.9098984Z ##[group]Runner Image
2026-09-10T15:48:47.9100511Z Image: ubuntu-24.04
2026-09-10T15:48:47.9102335Z Version: 20260907.300.1
2026-09-10T15:48:47.9105416Z Included Software: https://github.com/actions/runner-images/blob/ubuntu24/20260907.300/images/ubuntu/Ubuntu2404-Readme.md
2026-09-10T15:48:47.9108794Z Image Release: https://github.com/actions/runner-images/releases/tag/ubuntu24%2F20260907.300
2026-09-10T15:48:47.9111072Z ##[endgroup]
2026-09-10T15:48:47.9114013Z ##[group]GITHUB_TOKEN Permissions
2026-09-10T15:48:47.9117528Z Contents: write
2026-09-10T15:48:47.9119135Z Metadata: read
2026-09-10T15:48:47.9120582Z PullRequests: write
2026-09-10T15:48:47.9122129Z ##[endgroup]
2026-09-10T15:48:47.9126059Z Secret source: Actions
2026-09-10T15:48:47.9128416Z Cache mode: write
2026-09-10T15:48:47.9130079Z Prepare workflow directory
2026-09-10T15:48:47.9890684Z Prepare all required actions
2026-09-10T15:48:47.9965704Z Getting action download info
2026-09-10T15:48:48.2112763Z Download action repository 'actions/create-github-app-token@bcd2ba49218906704ab6c1aa796996da409d3eb1' (SHA:bcd2ba49218906704ab6c1aa796996da409d3eb1)
2026-09-10T15:48:48.4418994Z Download action repository 'actions/checkout@9c091bb21b7c1c1d1991bb908d89e4e9dddfe3e0' (SHA:9c091bb21b7c1c1d1991bb908d89e4e9dddfe3e0)
2026-09-10T15:48:48.4908635Z Download action repository 'taiki-e/install-action@18b1216eba7f8039b0f8d131d5473787f0edce68' (SHA:18b1216eba7f8039b0f8d131d5473787f0edce68)
2026-09-10T15:48:48.9528635Z Complete job name: release-plz / Release-PR (advisory)
2026-09-10T15:48:49.0392228Z ##[warning]Input 'app-id' has been deprecated with message: Use 'client-id' instead.
2026-09-10T15:48:49.0573819Z ##[group]Run actions/create-github-app-token@bcd2ba49218906704ab6c1aa796996da409d3eb1
2026-09-10T15:48:49.0575583Z with:
2026-09-10T15:48:49.0576436Z   app-id: ***
2026-09-10T15:48:49.0589581Z   private-key: ***
2026-09-10T15:48:49.0590359Z   skip-token-revoke: false
2026-09-10T15:48:49.0591178Z   github-api-url: https://api.github.com
2026-09-10T15:48:49.0592365Z env:
2026-09-10T15:48:49.0593118Z   ORCHESTRATOR_APP_ID: ***
2026-09-10T15:48:49.0593886Z ##[endgroup]
2026-09-10T15:48:49.1442060Z Inputs 'owner' and 'repositories' are not set. Creating token for this repository (sparq-org/sparq).
2026-09-10T15:48:49.6113313Z ##[group]Run actions/checkout@9c091bb21b7c1c1d1991bb908d89e4e9dddfe3e0
2026-09-10T15:48:49.6116044Z with:
2026-09-10T15:48:49.6117451Z   fetch-depth: 0
2026-09-10T15:48:49.6119001Z   persist-credentials: false
2026-09-10T15:48:49.6120685Z   repository: sparq-org/sparq
2026-09-10T15:48:49.6130914Z   token: ***
2026-09-10T15:48:49.6132401Z   ssh-strict: true
2026-09-10T15:48:49.6133875Z   ssh-user: git
2026-09-10T15:48:49.6135479Z   clean: true
2026-09-10T15:48:49.6136991Z   sparse-checkout-cone-mode: true
2026-09-10T15:48:49.6138699Z   fetch-tags: false
2026-09-10T15:48:49.6140200Z   show-progress: true
2026-09-10T15:48:49.6141688Z   lfs: false
2026-09-10T15:48:49.6143066Z   submodules: false
2026-09-10T15:48:49.6144668Z   set-safe-directory: true
2026-09-10T15:48:49.6146286Z   allow-unsafe-pr-checkout: false
2026-09-10T15:48:49.6147908Z env:
2026-09-10T15:48:49.6149328Z   ORCHESTRATOR_APP_ID: ***
2026-09-10T15:48:49.6150962Z ##[endgroup]
2026-09-10T15:48:49.7169347Z Syncing repository: sparq-org/sparq
2026-09-10T15:48:49.7173915Z ##[group]Getting Git version info
2026-09-10T15:48:49.7176204Z Working directory is '/home/runner/work/sparq/sparq'
2026-09-10T15:48:49.7179505Z [command]/usr/bin/git version
2026-09-10T15:48:49.7256616Z git version 2.55.0
2026-09-10T15:48:49.7292728Z ##[endgroup]
2026-09-10T15:48:49.7312229Z Temporarily overriding HOME='/home/runner/work/_temp/bc70e664-3b91-4efd-aae1-598a071df93e' before making global git config changes
2026-09-10T15:48:49.7318500Z Adding repository directory to the temporary git global config as a safe directory
2026-09-10T15:48:49.7323703Z [command]/usr/bin/git config --global --add safe.directory /home/runner/work/sparq/sparq
2026-09-10T15:48:49.7383519Z Deleting the contents of '/home/runner/work/sparq/sparq'
2026-09-10T15:48:49.7388778Z ##[group]Determining repository object format
2026-09-10T15:48:49.7392952Z ##[endgroup]
2026-09-10T15:48:49.7396804Z ##[group]Initializing the repository
2026-09-10T15:48:49.7399566Z [command]/usr/bin/git init /home/runner/work/sparq/sparq
2026-09-10T15:48:49.7608532Z hint: Using 'master' as the name for the initial branch. This default branch name
2026-09-10T15:48:49.7613105Z hint: will change to "main" in Git 3.0. To configure the initial branch name
2026-09-10T15:48:49.7617646Z hint: to use in all of your new repositories, which will suppress this warning,
2026-09-10T15:48:49.7621165Z hint: call:
2026-09-10T15:48:49.7623319Z hint:
2026-09-10T15:48:49.7625912Z hint: 	git config --global init.defaultBranch <name>
2026-09-10T15:48:49.7628854Z hint:
2026-09-10T15:48:49.7631623Z hint: Names commonly chosen instead of 'master' are 'main', 'trunk' and
2026-09-10T15:48:49.7641124Z hint: 'development'. The just-created branch can be renamed via this command:
2026-09-10T15:48:49.7645041Z hint:
2026-09-10T15:48:49.7647186Z hint: 	git branch -m <name>
2026-09-10T15:48:49.7649546Z hint:
2026-09-10T15:48:49.7652565Z hint: Disable this message with "git config set advice.defaultBranchName false"
2026-09-10T15:48:49.7657252Z Initialized empty Git repository in /home/runner/work/sparq/sparq/.git/
2026-09-10T15:48:49.7664988Z [command]/usr/bin/git remote add origin https://github.com/sparq-org/sparq
2026-09-10T15:48:49.7723356Z ##[endgroup]
2026-09-10T15:48:49.7728174Z ##[group]Disabling automatic garbage collection
2026-09-10T15:48:49.7732007Z [command]/usr/bin/git config --local gc.auto 0
2026-09-10T15:48:49.7768908Z ##[endgroup]
2026-09-10T15:48:49.7772807Z ##[group]Setting up auth
2026-09-10T15:48:49.7775548Z Removing SSH command configuration
2026-09-10T15:48:49.7779077Z [command]/usr/bin/git config --local --name-only --get-regexp core\.sshCommand
2026-09-10T15:48:49.7816418Z [command]/usr/bin/git submodule foreach --recursive sh -c "git config --local --name-only --get-regexp 'core\.sshCommand' && git config --local --unset-all 'core.sshCommand' || :"
2026-09-10T15:48:49.8282677Z Removing HTTP extra header
2026-09-10T15:48:49.8289687Z [command]/usr/bin/git config --local --name-only --get-regexp http\.https\:\/\/github\.com\/\.extraheader
2026-09-10T15:48:49.8329360Z [command]/usr/bin/git submodule foreach --recursive sh -c "git config --local --name-only --get-regexp 'http\.https\:\/\/github\.com\/\.extraheader' && git config --local --unset-all 'http.https://github.com/.extraheader' || :"
2026-09-10T15:48:49.8549341Z Removing includeIf entries pointing to credentials config files
2026-09-10T15:48:49.8567582Z [command]/usr/bin/git config --local --name-only --get-regexp ^includeIf\.gitdir:
2026-09-10T15:48:49.8609754Z [command]/usr/bin/git submodule foreach --recursive git config --local --show-origin --name-only --get-regexp remote.origin.url
2026-09-10T15:48:49.8848141Z [command]/usr/bin/git config --file /home/runner/work/_temp/git-credentials-64152f0f-98d3-49e5-a827-0c37a353fe7c.config http.https://github.com/.extraheader AUTHORIZATION: basic ***
2026-09-10T15:48:49.8894600Z [command]/usr/bin/git config --local includeIf.gitdir:/home/runner/work/sparq/sparq/.git.path /home/runner/work/_temp/git-credentials-64152f0f-98d3-49e5-a827-0c37a353fe7c.config
2026-09-10T15:48:49.8930653Z [command]/usr/bin/git config --local includeIf.gitdir:/home/runner/work/sparq/sparq/.git/worktrees/*.path /home/runner/work/_temp/git-credentials-64152f0f-98d3-49e5-a827-0c37a353fe7c.config
2026-09-10T15:48:49.8986353Z [command]/usr/bin/git config --local includeIf.gitdir:/github/workspace/.git.path /github/runner_temp/git-credentials-64152f0f-98d3-49e5-a827-0c37a353fe7c.config
2026-09-10T15:48:49.9030367Z [command]/usr/bin/git config --local includeIf.gitdir:/github/workspace/.git/worktrees/*.path /github/runner_temp/git-credentials-64152f0f-98d3-49e5-a827-0c37a353fe7c.config
2026-09-10T15:48:49.9063874Z ##[endgroup]
2026-09-10T15:48:49.9068002Z ##[group]Fetching the repository
2026-09-10T15:48:49.9073560Z [command]/usr/bin/git -c protocol.version=2 fetch --no-tags --prune --no-recurse-submodules origin +refs/heads/*:refs/remotes/origin/* +refs/tags/*:refs/tags/*
2026-09-10T15:48:57.6136615Z From https://github.com/sparq-org/sparq
2026-09-10T15:48:57.6140909Z  * [new branch]        agent-logs              -> origin/agent-logs
2026-09-10T15:48:57.6142258Z  * [new branch]        agent/retriage-needs-user -> origin/agent/retriage-needs-user
2026-09-10T15:48:57.6143553Z  * [new branch]        bd-cutover              -> origin/bd-cutover
2026-09-10T15:48:57.6145016Z  * [new branch]        beads-context-hook      -> origin/beads-context-hook
2026-09-10T15:48:57.6146304Z  * [new branch]        beads-resync-647b749    -> origin/beads-resync-647b749
2026-09-10T15:48:57.6147864Z  * [new branch]        bench/bytes-per-triple-scale-sq-7d3dj32 -> origin/bench/bytes-per-triple-scale-sq-7d3dj32
2026-09-10T15:48:57.6149412Z  * [new branch]        benchmark-data          -> origin/benchmark-data
2026-09-10T15:48:57.6150609Z  * [new branch]        cert-asvs-audit         -> origin/cert-asvs-audit
2026-09-10T15:48:57.6151870Z  * [new branch]        cert-cdmc-audit         -> origin/cert-cdmc-audit
2026-09-10T15:48:57.6153190Z  * [new branch]        cert-cis-audit          -> origin/cert-cis-audit
2026-09-10T15:48:57.6154585Z  * [new branch]        cert-cra-audit          -> origin/cert-cra-audit
2026-09-10T15:48:57.6155739Z  * [new branch]        cert-cryptoreview-audit -> origin/cert-cryptoreview-audit
2026-09-10T15:48:57.6156997Z  * [new branch]        cert-iso27001-audit     -> origin/cert-iso27001-audit
2026-09-10T15:48:57.6158304Z  * [new branch]        cert-openssf-audit      -> origin/cert-openssf-audit
2026-09-10T15:48:57.6159611Z  * [new branch]        cert-privacy-audit      -> origin/cert-privacy-audit
2026-09-10T15:48:57.6160791Z  * [new branch]        cert-sbom-audit         -> origin/cert-sbom-audit
2026-09-10T15:48:57.6161907Z  * [new branch]        cert-slsa-audit         -> origin/cert-slsa-audit
2026-09-10T15:48:57.6163045Z  * [new branch]        cert-ssdf-audit         -> origin/cert-ssdf-audit
2026-09-10T15:48:57.6165199Z  * [new branch]        charter-maintenance     -> origin/charter-maintenance
2026-09-10T15:48:57.6167169Z  * [new branch]        chore-beads-resync-jsonld-frame -> origin/chore-beads-resync-jsonld-frame
2026-09-10T15:48:57.6168272Z  * [new branch]        chore-beads-resync-jun15 -> origin/chore-beads-resync-jun15
2026-09-10T15:48:57.6169134Z  * [new branch]        chore-beads-resync-sq-hslb -> origin/chore-beads-resync-sq-hslb
2026-09-10T15:48:57.6169966Z  * [new branch]        chore-charter-crosspoll -> origin/chore-charter-crosspoll
2026-09-10T15:48:57.6171302Z  * [new branch]        chore-cratesio-name-check -> origin/chore-cratesio-name-check
2026-09-10T15:48:57.6172403Z  * [new branch]        chore-scorecard-pin-perms -> origin/chore-scorecard-pin-perms
2026-09-10T15:48:57.6173251Z  * [new branch]        chore-vendor-chartjs    -> origin/chore-vendor-chartjs
2026-09-10T15:48:57.6174153Z  * [new branch]        chore/sq-uhqah-formalize-codex-ec2 -> origin/chore/sq-uhqah-formalize-codex-ec2
2026-09-10T15:48:57.6175938Z  * [new branch]        ci-asan-mmap-corpus     -> origin/ci-asan-mmap-corpus
2026-09-10T15:48:57.6177329Z  * [new branch]        ci-doc-quality          -> origin/ci-doc-quality
2026-09-10T15:48:57.6178507Z  * [new branch]        ci-fix-flake-x4jy       -> origin/ci-fix-flake-x4jy
2026-09-10T15:48:57.6179253Z  * [new branch]        ci-pr-gating            -> origin/ci-pr-gating
2026-09-10T15:48:57.6180112Z  * [new branch]        ci/auto-arm-workflows-permission -> origin/ci/auto-arm-workflows-permission
2026-09-10T15:48:57.6181063Z  * [new branch]        ci/batch-merge-v2-bisection -> origin/ci/batch-merge-v2-bisection
2026-09-10T15:48:57.6182020Z  * [new branch]        ci/codeql-nonblocking-retroactive -> origin/ci/codeql-nonblocking-retroactive
2026-09-10T15:48:57.6183374Z  * [new branch]        ci/pr-freshness-auto-update-branch -> origin/ci/pr-freshness-auto-update-branch
2026-09-10T15:48:57.6184647Z  * [new branch]        ci/sq-2wo5t-assemble-failure-loud -> origin/ci/sq-2wo5t-assemble-failure-loud
2026-09-10T15:48:57.6185677Z  * [new branch]        ci/sq-6vshe.20-runner-consolidation -> origin/ci/sq-6vshe.20-runner-consolidation
2026-09-10T15:48:57.6186671Z  * [new branch]        ci/sq-9crx-free-disk-before-archive -> origin/ci/sq-9crx-free-disk-before-archive
2026-09-10T15:48:57.6187583Z  * [new branch]        ci/workflow-seam-corpus -> origin/ci/workflow-seam-corpus
2026-09-10T15:48:57.6188453Z  * [new branch]        codex/acp-empty-matcher-main817 -> origin/codex/acp-empty-matcher-main817
2026-09-10T15:48:57.6189394Z  * [new branch]        codex/ebs-evac-bench-partitions -> origin/codex/ebs-evac-bench-partitions
2026-09-10T15:48:57.6190266Z  * [new branch]        codex/ebs-evac-miri-scale -> origin/codex/ebs-evac-miri-scale
2026-09-10T15:48:57.6191086Z  * [new branch]        codex/ebs-evac-wasm-corpus -> origin/codex/ebs-evac-wasm-corpus
2026-09-10T15:48:57.6191954Z  * [new branch]        codex/label-override-dispatch -> origin/codex/label-override-dispatch
2026-09-10T15:48:57.6192864Z  * [new branch]        codex/label-override-review-fix -> origin/codex/label-override-review-fix
2026-09-10T15:48:57.6193808Z  * [new branch]        codex/miri-capacity-bound-2801 -> origin/codex/miri-capacity-bound-2801
2026-09-10T15:48:57.6195306Z  * [new branch]        codex/nightly-runner-reserve -> origin/codex/nightly-runner-reserve
2026-09-10T15:48:57.6196766Z  * [new branch]        codex/sol-impl-opus-review -> origin/codex/sol-impl-opus-review
2026-09-10T15:48:57.6198284Z  * [new branch]        codex/sparql-bind-join-ranges -> origin/codex/sparql-bind-join-ranges
2026-09-10T15:48:57.6199724Z  * [new branch]        codex/throughput-slo    -> origin/codex/throughput-slo
2026-09-10T15:48:57.6200497Z  * [new branch]        cx/19f1i                -> origin/cx/19f1i
2026-09-10T15:48:57.6201184Z  * [new branch]        cx/r2nor                -> origin/cx/r2nor
2026-09-10T15:48:57.6201979Z  * [new branch]        dashboard-featured-scaling -> origin/dashboard-featured-scaling
2026-09-10T15:48:57.6202849Z  * [new branch]        dashboard-metric-labels -> origin/dashboard-metric-labels
2026-09-10T15:48:57.6204144Z  * [new branch]        dependabot/github_actions/actions/setup-java-6.0.0 -> origin/dependabot/github_actions/actions/setup-java-6.0.0
2026-09-10T15:48:57.6207094Z  * [new branch]        dependabot/github_actions/errata-ai/vale-action-3.0.0 -> origin/dependabot/github_actions/errata-ai/vale-action-3.0.0
2026-09-10T15:48:57.6208639Z  * [new branch]        dependabot/npm_and_yarn/fastify-5.12.1 -> origin/dependabot/npm_and_yarn/fastify-5.12.1
2026-09-10T15:48:57.6209805Z  * [new branch]        dependabot/npm_and_yarn/ip-address-10.4.0 -> origin/dependabot/npm_and_yarn/ip-address-10.4.0
2026-09-10T15:48:57.6210897Z  * [new branch]        dependabot/npm_and_yarn/js-yaml-4.3.2 -> origin/dependabot/npm_and_yarn/js-yaml-4.3.2
2026-09-10T15:48:57.6211981Z  * [new branch]        dependabot/npm_and_yarn/multi-5db45a0b5a -> origin/dependabot/npm_and_yarn/multi-5db45a0b5a
2026-09-10T15:48:57.6213071Z  * [new branch]        dependabot/npm_and_yarn/multi-c073259809 -> origin/dependabot/npm_and_yarn/multi-c073259809
2026-09-10T15:48:57.6214125Z  * [new branch]        deps-major-migrations   -> origin/deps-major-migrations
2026-09-10T15:48:57.6215521Z  * [new branch]        design-logo-proposal    -> origin/design-logo-proposal
2026-09-10T15:48:57.6216337Z  * [new branch]        design-zk-hidden-join   -> origin/design-zk-hidden-join
2026-09-10T15:48:57.6217179Z  * [new branch]        design-zk-holder-pop    -> origin/design-zk-holder-pop
2026-09-10T15:48:57.6218005Z  * [new branch]        dict-spill              -> origin/dict-spill
2026-09-10T15:48:57.6218884Z  * [new branch]        docs-agents-background-dispatch -> origin/docs-agents-background-dispatch
2026-09-10T15:48:57.6219959Z  * [new branch]        docs-agents-orchestration-discipline -> origin/docs-agents-orchestration-discipline
2026-09-10T15:48:57.6220922Z  * [new branch]        docs-crate-readmes      -> origin/docs-crate-readmes
2026-09-10T15:48:57.6221704Z  * [new branch]        docs-deperf-readmes     -> origin/docs-deperf-readmes
2026-09-10T15:48:57.6222489Z  * [new branch]        docs-include-str        -> origin/docs-include-str
2026-09-10T15:48:57.6223477Z  * [new branch]        docs-loop-is-backstop   -> origin/docs-loop-is-backstop
2026-09-10T15:48:57.6224913Z  * [new branch]        docs-no-internals-audit -> origin/docs-no-internals-audit
2026-09-10T15:48:57.6225848Z  * [new branch]        docs-pages-cutover-runbook -> origin/docs-pages-cutover-runbook
2026-09-10T15:48:57.6226703Z  * [new branch]        docs-readme-human-focus -> origin/docs-readme-human-focus
2026-09-10T15:48:57.6227484Z  * [new branch]        docs-top-readme         -> origin/docs-top-readme
2026-09-10T15:48:57.6228400Z  * [new branch]        docs/capability-based-model-routing -> origin/docs/capability-based-model-routing
2026-09-10T15:48:57.6229446Z  * [new branch]        fable/gate-unsatisfiable-hold-3758 -> origin/fable/gate-unsatisfiable-hold-3758
2026-09-10T15:48:57.6230534Z  * [new branch]        fable/vectorized-feature-off-flip-guard -> origin/fable/vectorized-feature-off-flip-guard
2026-09-10T15:48:57.6231619Z  * [new branch]        feat-competitor-bench-scaffold -> origin/feat-competitor-bench-scaffold
2026-09-10T15:48:57.6232598Z  * [new branch]        feat-core-rdf12-sharded-builder -> origin/feat-core-rdf12-sharded-builder
2026-09-10T15:48:57.6233624Z  * [new branch]        feat-dashboard-featured-competitors -> origin/feat-dashboard-featured-competitors
2026-09-10T15:48:57.6235239Z  * [new branch]        feat-engine-aggregate-empty-semantics -> origin/feat-engine-aggregate-empty-semantics
2026-09-10T15:48:57.6236512Z  * [new branch]        feat-engine-durable-clear-drop-named -> origin/feat-engine-durable-clear-drop-named
2026-09-10T15:48:57.6237477Z  * [new branch]        feat-fuzz-harness       -> origin/feat-fuzz-harness
2026-09-10T15:48:57.6238341Z  * [new branch]        feat-hdt-direct-write-encoder -> origin/feat-hdt-direct-write-encoder
2026-09-10T15:48:57.6239257Z  * [new branch]        feat-logo-concepts-sq-jnh9 -> origin/feat-logo-concepts-sq-jnh9
2026-09-10T15:48:57.6240421Z  * [new branch]        feat-mpc-3axis-security-descriptor -> origin/feat-mpc-3axis-security-descriptor
2026-09-10T15:48:57.6241417Z  * [new branch]        feat-mpc-benchmark-matrix -> origin/feat-mpc-benchmark-matrix
2026-09-10T15:48:57.6242289Z  * [new branch]        feat-mpc-degree-reduction -> origin/feat-mpc-degree-reduction
2026-09-10T15:48:57.6243191Z  * [new branch]        feat-mpc-federated-pipeline -> origin/feat-mpc-federated-pipeline
2026-09-10T15:48:57.6244154Z  * [new branch]        feat-mpc-network-benchmark-tier -> origin/feat-mpc-network-benchmark-tier
2026-09-10T15:48:57.6245454Z  * [new branch]        feat-mpc-oblivious-join-output -> origin/feat-mpc-oblivious-join-output
2026-09-10T15:48:57.6246425Z  * [new branch]        feat-mpc-oblivious-shuffle-sort -> origin/feat-mpc-oblivious-shuffle-sort
2026-09-10T15:48:57.6247343Z  * [new branch]        feat-mpc-secure-threshold -> origin/feat-mpc-secure-threshold
2026-09-10T15:48:57.6248234Z  * [new branch]        feat-mpc-selection-registry -> origin/feat-mpc-selection-registry
2026-09-10T15:48:57.6249188Z  * [new branch]        feat-mpc-tampered-share-detection -> origin/feat-mpc-tampered-share-detection
2026-09-10T15:48:57.6250309Z  * [new branch]        feat-parallel-nquads-loader -> origin/feat-parallel-nquads-loader
2026-09-10T15:48:57.6251186Z  * [new branch]        feat-persist-named-graphs -> origin/feat-persist-named-graphs
2026-09-10T15:48:57.6252135Z  * [new branch]        feat-server-atomic-multiop-update -> origin/feat-server-atomic-multiop-update
2026-09-10T15:48:57.6253079Z  * [new branch]        feat-server-durable-persist -> origin/feat-server-durable-persist
2026-09-10T15:48:57.6253992Z  * [new branch]        feat-server-sse-subscriptions -> origin/feat-server-sse-subscriptions
2026-09-10T15:48:57.6255299Z  * [new branch]        feat-server-subscriptions-auth-gate -> origin/feat-server-subscriptions-auth-gate
2026-09-10T15:48:57.6256234Z  * [new branch]        feat-update-auth-token  -> origin/feat-update-auth-token
2026-09-10T15:48:57.6257166Z  * [new branch]        feat-vectors-bulk-embedding-import -> origin/feat-vectors-bulk-embedding-import
2026-09-10T15:48:57.6258167Z  * [new branch]        feat-vectors-graph-fingerprint -> origin/feat-vectors-graph-fingerprint
2026-09-10T15:48:57.6259107Z  * [new branch]        feat-vectors-live-embeddings -> origin/feat-vectors-live-embeddings
2026-09-10T15:48:57.6260030Z  * [new branch]        feat-zk-attested-holder-binding -> origin/feat-zk-attested-holder-binding
2026-09-10T15:48:57.6260960Z  * [new branch]        feat-zk-forge-regression-map -> origin/feat-zk-forge-regression-map
2026-09-10T15:48:57.6261916Z  * [new branch]        feat-zk-holder-bound-signed-message -> origin/feat-zk-holder-bound-signed-message
2026-09-10T15:48:57.6262909Z  * [new branch]        feat-zk-holder-pop-forge-suite -> origin/feat-zk-holder-pop-forge-suite
2026-09-10T15:48:57.6263832Z  * [new branch]        feat-zk-scan-strict-ordering -> origin/feat-zk-scan-strict-ordering
2026-09-10T15:48:57.6264957Z  * [new branch]        feat-zk-statuslist-privacy -> origin/feat-zk-statuslist-privacy
2026-09-10T15:48:57.6265817Z  * [new branch]        feat-zk-toolchain-ci-lane -> origin/feat-zk-toolchain-ci-lane
2026-09-10T15:48:57.6266710Z  * [new branch]        feat-zk-verifier-holder-binding -> origin/feat-zk-verifier-holder-binding
2026-09-10T15:48:57.6267623Z  * [new branch]        feat-zlibng-flate2-backend -> origin/feat-zlibng-flate2-backend
2026-09-10T15:48:57.6268509Z  * [new branch]        feat/gui-shacl-tool-sq-ixc3.11 -> origin/feat/gui-shacl-tool-sq-ixc3.11
2026-09-10T15:48:57.6269469Z  * [new branch]        feat/site-surface-content-scanfirst -> origin/feat/site-surface-content-scanfirst
2026-09-10T15:48:57.6270444Z  * [new branch]        feat/sq-1rg2q.2-focus-kinds -> origin/feat/sq-1rg2q.2-focus-kinds
2026-09-10T15:48:57.6271370Z  * [new branch]        feat/sq-3dyje.13-parser-checklist -> origin/feat/sq-3dyje.13-parser-checklist
2026-09-10T15:48:57.6272494Z  * [new branch]        feat/sq-3dyje.7-fedplan-mutants -> origin/feat/sq-3dyje.7-fedplan-mutants
2026-09-10T15:48:57.6273422Z  * [new branch]        feat/sq-3dyje.9-metamorph-ci -> origin/feat/sq-3dyje.9-metamorph-ci
2026-09-10T15:48:57.6274695Z  * [new branch]        feat/sq-3mu76-odrl-decide-wac -> origin/feat/sq-3mu76-odrl-decide-wac
2026-09-10T15:48:57.6275648Z  * [new branch]        feat/sq-4ssz1-zstd-lazy-import -> origin/feat/sq-4ssz1-zstd-lazy-import
2026-09-10T15:48:57.6276569Z  * [new branch]        feat/sq-586sh-wasm-policy-probe -> origin/feat/sq-586sh-wasm-policy-probe
2026-09-10T15:48:57.6277556Z  * [new branch]        feat/sq-6aefu-order-worker-reinstall -> origin/feat/sq-6aefu-order-worker-reinstall
2026-09-10T15:48:57.6278593Z  * [new branch]        feat/sq-6syab.1-trust-expression-spec -> origin/feat/sq-6syab.1-trust-expression-spec
2026-09-10T15:48:57.6279557Z  * [new branch]        feat/sq-6tykl.3-sq-6tykl.3-w2 -> origin/feat/sq-6tykl.3-sq-6tykl.3-w2
2026-09-10T15:48:57.6280445Z  * [new branch]        feat/sq-8ju74-cli-hdt-export -> origin/feat/sq-8ju74-cli-hdt-export
2026-09-10T15:48:57.6281431Z  * [new branch]        feat/sq-996jn-metamorph-lang-isliteral -> origin/feat/sq-996jn-metamorph-lang-isliteral
2026-09-10T15:48:57.6282581Z  * [new branch]        feat/sq-9n1q4-sq-9n1q4-w -> origin/feat/sq-9n1q4-sq-9n1q4-w
2026-09-10T15:48:57.6283434Z  * [new branch]        feat/sq-dkuff-lc-list-operand -> origin/feat/sq-dkuff-lc-list-operand
2026-09-10T15:48:57.6284685Z  * [new branch]        feat/sq-ev41x-substrate-move-kernels -> origin/feat/sq-ev41x-substrate-move-kernels
2026-09-10T15:48:57.6285748Z  * [new branch]        feat/sq-fy8ci-restore-single-flight -> origin/feat/sq-fy8ci-restore-single-flight
2026-09-10T15:48:57.6286713Z  * [new branch]        feat/sq-gg0qq.1-sq-gg0qq.1-w -> origin/feat/sq-gg0qq.1-sq-gg0qq.1-w
2026-09-10T15:48:57.6287924Z  * [new branch]        feat/sq-gg0qq.2-sq-gg0qq.2-w -> origin/feat/sq-gg0qq.2-sq-gg0qq.2-w
2026-09-10T15:48:57.6288879Z  * [new branch]        feat/sq-gum8.5-zksparql-pack -> origin/feat/sq-gum8.5-zksparql-pack
2026-09-10T15:48:57.6289786Z  * [new branch]        feat/sq-hmd7l.42-sq-hmd7l.42-w -> origin/feat/sq-hmd7l.42-sq-hmd7l.42-w
2026-09-10T15:48:57.6290705Z  * [new branch]        feat/sq-hmd7l.44-sq-hmd7l.44-w -> origin/feat/sq-hmd7l.44-sq-hmd7l.44-w
2026-09-10T15:48:57.6291636Z  * [new branch]        feat/sq-hq8t5-geo-prepared-cache -> origin/feat/sq-hq8t5-geo-prepared-cache
2026-09-10T15:48:57.6292606Z  * [new branch]        feat/sq-iaxd-ground-triple-terms -> origin/feat/sq-iaxd-ground-triple-terms
2026-09-10T15:48:57.6293545Z  * [new branch]        feat/sq-ixc3.14-gui-service-fed -> origin/feat/sq-ixc3.14-gui-service-fed
2026-09-10T15:48:57.6294813Z  * [new branch]        feat/sq-ixc3.15-sq-ixc3.15-w -> origin/feat/sq-ixc3.15-sq-ixc3.15-w
2026-09-10T15:48:57.6295728Z  * [new branch]        feat/sq-ixc3.16-sq-ixc3.16-w -> origin/feat/sq-ixc3.16-sq-ixc3.16-w
2026-09-10T15:48:57.6296614Z  * [new branch]        feat/sq-jk7w7-vec-build-clone -> origin/feat/sq-jk7w7-vec-build-clone
2026-09-10T15:48:57.6297496Z  * [new branch]        feat/sq-jluc-result-cache -> origin/feat/sq-jluc-result-cache
2026-09-10T15:48:57.6298467Z  * [new branch]        feat/sq-l3pk7-graph-content-ground-terms -> origin/feat/sq-l3pk7-graph-content-ground-terms
2026-09-10T15:48:57.6299482Z  * [new branch]        feat/sq-lrtc3.1-odrl-authz-http -> origin/feat/sq-lrtc3.1-odrl-authz-http
2026-09-10T15:48:57.6300404Z  * [new branch]        feat/sq-lsp7k.1.1-sq-lsp7k.1.1-w -> origin/feat/sq-lsp7k.1.1-sq-lsp7k.1.1-w
2026-09-10T15:48:57.6301315Z  * [new branch]        feat/sq-lsp7k.10-sq-lsp7k.10-w2 -> origin/feat/sq-lsp7k.10-sq-lsp7k.10-w2
2026-09-10T15:48:57.6302204Z  * [new branch]        feat/sq-lsp7k.8-sq-lsp7k.8-w2 -> origin/feat/sq-lsp7k.8-sq-lsp7k.8-w2
2026-09-10T15:48:57.6303159Z  * [new branch]        feat/sq-n9s4d-changestream-retention -> origin/feat/sq-n9s4d-changestream-retention
2026-09-10T15:48:57.6304161Z  * [new branch]        feat/sq-ove-geographic-axis-order -> origin/feat/sq-ove-geographic-axis-order
2026-09-10T15:48:57.6305604Z  * [new branch]        feat/sq-oy1f-25-jsonld-expansion -> origin/feat/sq-oy1f-25-jsonld-expansion
2026-09-10T15:48:57.6306581Z  * [new branch]        feat/sq-oy1f.27-jsonld-compact -> origin/feat/sq-oy1f.27-jsonld-compact
2026-09-10T15:48:57.6307539Z  * [new branch]        feat/sq-pbz04.4.9-rbox-refutation -> origin/feat/sq-pbz04.4.9-rbox-refutation
2026-09-10T15:48:57.6308419Z  * [new branch]        feat/sq-qeltv-sq-qeltv-w -> origin/feat/sq-qeltv-sq-qeltv-w
2026-09-10T15:48:57.6309482Z  * [new branch]        feat/sq-qgkwy.1-site-perf -> origin/feat/sq-qgkwy.1-site-perf
2026-09-10T15:48:57.6310919Z  * [new branch]        feat/sq-s5kd-per-source-latency-cost -> origin/feat/sq-s5kd-per-source-latency-cost
2026-09-10T15:48:57.6311906Z  * [new branch]        feat/sq-sqtk2.1-kani-solid -> origin/feat/sq-sqtk2.1-kani-solid
2026-09-10T15:48:57.6312812Z  * [new branch]        feat/sq-tonhr.3-sq-tonhr.3-w -> origin/feat/sq-tonhr.3-sq-tonhr.3-w
2026-09-10T15:48:57.6313859Z  * [new branch]        feat/sq-u16eq-sq-u16eq-w -> origin/feat/sq-u16eq-sq-u16eq-w
2026-09-10T15:48:57.6315716Z  * [new branch]        feat/sq-vw3ax.13-sq-vw3ax.13-w -> origin/feat/sq-vw3ax.13-sq-vw3ax.13-w
2026-09-10T15:48:57.6316696Z  * [new branch]        feat/sq-xw8zz-adaptive-multisource -> origin/feat/sq-xw8zz-adaptive-multisource
2026-09-10T15:48:57.6317612Z  * [new branch]        feat/sq-ybgjf-sq-ybgjf-w -> origin/feat/sq-ybgjf-sq-ybgjf-w
2026-09-10T15:48:57.6318502Z  * [new branch]        feat/sq-zgbso.2-odrl-n3-strata -> origin/feat/sq-zgbso.2-odrl-n3-strata
2026-09-10T15:48:57.6319809Z  * [new branch]        feat/vectors-bigendian-sq-i7w -> origin/feat/vectors-bigendian-sq-i7w
2026-09-10T15:48:57.6320946Z  * [new branch]        fix-ci-advisory-gate    -> origin/fix-ci-advisory-gate
2026-09-10T15:48:57.6321814Z  * [new branch]        fix-cli-hdt-output-wording -> origin/fix-cli-hdt-output-wording
2026-09-10T15:48:57.6322642Z  * [new branch]        fix-coverage-red        -> origin/fix-coverage-red
2026-09-10T15:48:57.6323560Z  * [new branch]        fix-hdt-flaky-roundtrip-scratch -> origin/fix-hdt-flaky-roundtrip-scratch
2026-09-10T15:48:57.6324860Z  * [new branch]        fix-parse-perf-regression -> origin/fix-parse-perf-regression
2026-09-10T15:48:57.6325848Z  * [new branch]        fix-perfgate-timing-advisory -> origin/fix-perfgate-timing-advisory
2026-09-10T15:48:57.6326705Z  * [new branch]        fix-py-dirlang          -> origin/fix-py-dirlang
2026-09-10T15:48:57.6327573Z  * [new branch]        fix-release-container   -> origin/fix-release-container
2026-09-10T15:48:57.6328589Z  * [new branch]        fix-service-its-dir     -> origin/fix-service-its-dir
2026-09-10T15:48:57.6329456Z  * [new branch]        fix/3526-shacl-datetime-dedup -> origin/fix/3526-shacl-datetime-dedup
2026-09-10T15:48:57.6330403Z  * [new branch]        fix/cron-lane-liveness-4328 -> origin/fix/cron-lane-liveness-4328
2026-09-10T15:48:57.6331413Z  * [new branch]        fix/frontier-headroom-attribution-5119 -> origin/fix/frontier-headroom-attribution-5119
2026-09-10T15:48:57.6332476Z  * [new branch]        fix/model-attribution-gate-4361 -> origin/fix/model-attribution-gate-4361
2026-09-10T15:48:57.6333479Z  * [new branch]        fix/park-releases-whole-unit -> origin/fix/park-releases-whole-unit
2026-09-10T15:48:57.6334600Z  * [new branch]        fix/readiness-visibility-opus5 -> origin/fix/readiness-visibility-opus5
2026-09-10T15:48:57.6335629Z  * [new branch]        fix/sq-1jemy-recursing-meta-override -> origin/fix/sq-1jemy-recursing-meta-override
2026-09-10T15:48:57.6336643Z  * [new branch]        fix/sq-3uva3-opacity-test-guard -> origin/fix/sq-3uva3-opacity-test-guard
2026-09-10T15:48:57.6337675Z  * [new branch]        fix/sq-95q0d-n3-parser-utf8-panic -> origin/fix/sq-95q0d-n3-parser-utf8-panic
2026-09-10T15:48:57.6338636Z  * [new branch]        fix/sq-l15mi-subgroup-check -> origin/fix/sq-l15mi-subgroup-check
2026-09-10T15:48:57.6339583Z  * [new branch]        fix/sq-vhhl0-condkey-injectivity -> origin/fix/sq-vhhl0-condkey-injectivity
2026-09-10T15:48:57.6340651Z  * [new branch]        fix/sq-wh546-gpt        -> origin/fix/sq-wh546-gpt
2026-09-10T15:48:57.6341531Z  * [new branch]        hardening-oom-loader-bounds -> origin/hardening-oom-loader-bounds
2026-09-10T15:48:57.6342423Z  * [new branch]        kern/quoted-triple-embed -> origin/kern/quoted-triple-embed
2026-09-10T15:48:57.6343242Z  * [new branch]        kern/ufo-priors         -> origin/kern/ufo-priors
2026-09-10T15:48:57.6344023Z  * [new branch]        lint-ci-clippy-gate     -> origin/lint-ci-clippy-gate
2026-09-10T15:48:57.6344950Z  * [new branch]        main                    -> origin/main
2026-09-10T15:48:57.6345698Z  * [new branch]        mpc-rs-reconstruct      -> origin/mpc-rs-reconstruct
2026-09-10T15:48:57.6346481Z  * [new branch]        mpc-wi2-equality        -> origin/mpc-wi2-equality
2026-09-10T15:48:57.6347284Z  * [new branch]        mpc-wi3-malicious-enum  -> origin/mpc-wi3-malicious-enum
2026-09-10T15:48:57.6348097Z  * [new branch]        neon-intersect          -> origin/neon-intersect
2026-09-10T15:48:57.6348961Z  * [new branch]        opus48-sq-leg8n-sparq-terse -> origin/opus48-sq-leg8n-sparq-terse
2026-09-10T15:48:57.6350137Z  * [new branch]        opus48/sq-2m6zm.1-pkg-ontology -> origin/opus48/sq-2m6zm.1-pkg-ontology
2026-09-10T15:48:57.6351443Z  * [new branch]        opus48/sq-2m6zm.3-query-pkg-skill -> origin/opus48/sq-2m6zm.3-query-pkg-skill
2026-09-10T15:48:57.6352729Z  * [new branch]        perf-gate-timing-robust -> origin/perf-gate-timing-robust
2026-09-10T15:48:57.6354443Z  * [new branch]        perf-hdt-parallel-pfc-decode -> origin/perf-hdt-parallel-pfc-decode
2026-09-10T15:48:57.6356058Z  * [new branch]        perf/sq-qgkwy.2-gui-assets -> origin/perf/sq-qgkwy.2-gui-assets
2026-09-10T15:48:57.6357558Z  * [new branch]        plan/next-phase-work-plan -> origin/plan/next-phase-work-plan
2026-09-10T15:48:57.6358939Z  * [new branch]        proppaths-design        -> origin/proppaths-design
2026-09-10T15:48:57.6360560Z  * [new branch]        release-plz-2026-06-20T10-40-33Z -> origin/release-plz-2026-06-20T10-40-33Z
2026-09-10T15:48:57.6361717Z  * [new branch]        release-plz-2026-06-20T10-57-28Z -> origin/release-plz-2026-06-20T10-57-28Z
2026-09-10T15:48:57.6362694Z  * [new branch]        release-plz-2026-06-20T11-00-06Z -> origin/release-plz-2026-06-20T11-00-06Z
2026-09-10T15:48:57.6363651Z  * [new branch]        release-plz-2026-06-20T11-16-53Z -> origin/release-plz-2026-06-20T11-16-53Z
2026-09-10T15:48:57.6365024Z  * [new branch]        release-plz-2026-06-20T11-27-24Z -> origin/release-plz-2026-06-20T11-27-24Z
2026-09-10T15:48:57.6366002Z  * [new branch]        release-plz-2026-06-20T11-30-06Z -> origin/release-plz-2026-06-20T11-30-06Z
2026-09-10T15:48:57.6366950Z  * [new branch]        release-plz-2026-06-20T12-31-23Z -> origin/release-plz-2026-06-20T12-31-23Z
2026-09-10T15:48:57.6367942Z  * [new branch]        release-plz-2026-06-20T12-34-10Z -> origin/release-plz-2026-06-20T12-34-10Z
2026-09-10T15:48:57.6369118Z  * [new branch]        release-plz-2026-06-20T12-36-47Z -> origin/release-plz-2026-06-20T12-36-47Z
2026-09-10T15:48:57.6370086Z  * [new branch]        release-plz-2026-06-20T12-47-59Z -> origin/release-plz-2026-06-20T12-47-59Z
2026-09-10T15:48:57.6371075Z  * [new branch]        release-plz-2026-06-20T12-51-14Z -> origin/release-plz-2026-06-20T12-51-14Z
2026-09-10T15:48:57.6372053Z  * [new branch]        release-plz-2026-06-20T13-07-01Z -> origin/release-plz-2026-06-20T13-07-01Z
2026-09-10T15:48:57.6373021Z  * [new branch]        release-plz-2026-06-20T13-33-29Z -> origin/release-plz-2026-06-20T13-33-29Z
2026-09-10T15:48:57.6373971Z  * [new branch]        release-plz-2026-06-20T13-42-25Z -> origin/release-plz-2026-06-20T13-42-25Z
2026-09-10T15:48:57.6375093Z  * [new branch]        release-plz-2026-06-20T13-48-07Z -> origin/release-plz-2026-06-20T13-48-07Z
2026-09-10T15:48:57.6376037Z  * [new branch]        release-plz-2026-06-20T13-52-32Z -> origin/release-plz-2026-06-20T13-52-32Z
2026-09-10T15:48:57.6377184Z  * [new branch]        release-plz-2026-06-20T13-56-40Z -> origin/release-plz-2026-06-20T13-56-40Z
2026-09-10T15:48:57.6378140Z  * [new branch]        release-plz-2026-06-20T14-02-27Z -> origin/release-plz-2026-06-20T14-02-27Z
2026-09-10T15:48:57.6379119Z  * [new branch]        release-plz-2026-06-20T14-06-49Z -> origin/release-plz-2026-06-20T14-06-49Z
2026-09-10T15:48:57.6380326Z  * [new branch]        release-plz-2026-06-20T14-21-10Z -> origin/release-plz-2026-06-20T14-21-10Z
2026-09-10T15:48:57.6381907Z  * [new branch]        release-plz-2026-06-20T14-25-21Z -> origin/release-plz-2026-06-20T14-25-21Z
2026-09-10T15:48:57.6383384Z  * [new branch]        release-plz-2026-06-20T14-35-18Z -> origin/release-plz-2026-06-20T14-35-18Z
2026-09-10T15:48:57.6384572Z  * [new branch]        release-plz-2026-06-20T14-41-42Z -> origin/release-plz-2026-06-20T14-41-42Z
2026-09-10T15:48:57.6385550Z  * [new branch]        release-plz-2026-06-20T14-46-29Z -> origin/release-plz-2026-06-20T14-46-29Z
2026-09-10T15:48:57.6386513Z  * [new branch]        release-plz-2026-06-20T15-11-12Z -> origin/release-plz-2026-06-20T15-11-12Z
2026-09-10T15:48:57.6387465Z  * [new branch]        release-plz-2026-06-20T15-28-07Z -> origin/release-plz-2026-06-20T15-28-07Z
2026-09-10T15:48:57.6388609Z  * [new branch]        release-plz-2026-06-20T15-34-42Z -> origin/release-plz-2026-06-20T15-34-42Z
2026-09-10T15:48:57.6389548Z  * [new branch]        release-plz-2026-06-20T16-05-36Z -> origin/release-plz-2026-06-20T16-05-36Z
2026-09-10T15:48:57.6390501Z  * [new branch]        release-plz-2026-06-20T16-19-31Z -> origin/release-plz-2026-06-20T16-19-31Z
2026-09-10T15:48:57.6391449Z  * [new branch]        release-plz-2026-06-20T16-34-21Z -> origin/release-plz-2026-06-20T16-34-21Z
2026-09-10T15:48:57.6392591Z  * [new branch]        release-plz-2026-06-20T17-07-52Z -> origin/release-plz-2026-06-20T17-07-52Z
2026-09-10T15:48:57.6393546Z  * [new branch]        release-plz-2026-06-20T22-11-40Z -> origin/release-plz-2026-06-20T22-11-40Z
2026-09-10T15:48:57.6394664Z  * [new branch]        release-plz-2026-06-20T23-12-40Z -> origin/release-plz-2026-06-20T23-12-40Z
2026-09-10T15:48:57.6395614Z  * [new branch]        release-plz-2026-06-20T23-15-17Z -> origin/release-plz-2026-06-20T23-15-17Z
2026-09-10T15:48:57.6396709Z  * [new branch]        release-plz-2026-06-20T23-17-54Z -> origin/release-plz-2026-06-20T23-17-54Z
2026-09-10T15:48:57.6397653Z  * [new branch]        release-plz-2026-06-20T23-24-08Z -> origin/release-plz-2026-06-20T23-24-08Z
2026-09-10T15:48:57.6398586Z  * [new branch]        release-plz-2026-06-20T23-26-47Z -> origin/release-plz-2026-06-20T23-26-47Z
2026-09-10T15:48:57.6399651Z  * [new branch]        release-plz-2026-06-21T00-16-22Z -> origin/release-plz-2026-06-21T00-16-22Z
2026-09-10T15:48:57.6400598Z  * [new branch]        release-plz-2026-06-21T17-51-06Z -> origin/release-plz-2026-06-21T17-51-06Z
2026-09-10T15:48:57.6401543Z  * [new branch]        release-plz-2026-07-21T13-37-43Z -> origin/release-plz-2026-07-21T13-37-43Z
2026-09-10T15:48:57.6402796Z  * [new branch]        release-plz-2026-07-21T13-49-16Z -> origin/release-plz-2026-07-21T13-49-16Z
2026-09-10T15:48:57.6403787Z  * [new branch]        release-plz-2026-07-21T14-25-15Z -> origin/release-plz-2026-07-21T14-25-15Z
2026-09-10T15:48:57.6405155Z  * [new branch]        release-plz-2026-07-21T14-30-33Z -> origin/release-plz-2026-07-21T14-30-33Z
2026-09-10T15:48:57.6406132Z  * [new branch]        release-plz-2026-07-21T15-57-39Z -> origin/release-plz-2026-07-21T15-57-39Z
2026-09-10T15:48:57.6407388Z  * [new branch]        release-plz-2026-07-21T16-32-39Z -> origin/release-plz-2026-07-21T16-32-39Z
2026-09-10T15:48:57.6408352Z  * [new branch]        release-plz-2026-07-21T16-46-14Z -> origin/release-plz-2026-07-21T16-46-14Z
2026-09-10T15:48:57.6409469Z  * [new branch]        release-plz-2026-07-21T17-09-11Z -> origin/release-plz-2026-07-21T17-09-11Z
2026-09-10T15:48:57.6410602Z  * [new branch]        release-plz-2026-07-21T17-28-31Z -> origin/release-plz-2026-07-21T17-28-31Z
2026-09-10T15:48:57.6411800Z  * [new branch]        release-plz-2026-07-21T18-16-34Z -> origin/release-plz-2026-07-21T18-16-34Z
2026-09-10T15:48:57.6412931Z  * [new branch]        release-plz-2026-07-21T19-30-39Z -> origin/release-plz-2026-07-21T19-30-39Z
2026-09-10T15:48:57.6414694Z  * [new branch]        release-plz-2026-07-21T19-56-35Z -> origin/release-plz-2026-07-21T19-56-35Z
2026-09-10T15:48:57.6416089Z  * [new branch]        release-plz-2026-07-21T20-16-50Z -> origin/release-plz-2026-07-21T20-16-50Z
2026-09-10T15:48:57.6417312Z  * [new branch]        release-plz-2026-07-21T20-54-13Z -> origin/release-plz-2026-07-21T20-54-13Z
2026-09-10T15:48:57.6418793Z  * [new branch]        release-plz-2026-07-22T00-23-46Z -> origin/release-plz-2026-07-22T00-23-46Z
2026-09-10T15:48:57.6421142Z  * [new branch]        release-plz-2026-07-22T00-58-43Z -> origin/release-plz-2026-07-22T00-58-43Z
2026-09-10T15:48:57.6423029Z  * [new branch]        release-plz-2026-07-22T01-04-02Z -> origin/release-plz-2026-07-22T01-04-02Z
2026-09-10T15:48:57.6424501Z  * [new branch]        release-plz-2026-07-22T03-13-42Z -> origin/release-plz-2026-07-22T03-13-42Z
2026-09-10T15:48:57.6443204Z  * [new branch]        release-plz-2026-07-22T05-39-14Z -> origin/release-plz-2026-07-22T05-39-14Z
2026-09-10T15:48:57.6445018Z  * [new branch]        release-plz-2026-07-22T09-24-44Z -> origin/release-plz-2026-07-22T09-24-44Z
2026-09-10T15:48:57.6446027Z  * [new branch]        release-plz-2026-07-22T09-31-00Z -> origin/release-plz-2026-07-22T09-31-00Z
2026-09-10T15:48:57.6447035Z  * [new branch]        release-plz-2026-07-22T10-44-20Z -> origin/release-plz-2026-07-22T10-44-20Z
2026-09-10T15:48:57.6448028Z  * [new branch]        release-plz-2026-07-22T23-10-09Z -> origin/release-plz-2026-07-22T23-10-09Z
2026-09-10T15:48:57.6448978Z  * [new branch]        release-plz-2026-07-23T01-44-03Z -> origin/release-plz-2026-07-23T01-44-03Z
2026-09-10T15:48:57.6449947Z  * [new branch]        release-plz-2026-07-23T02-35-29Z -> origin/release-plz-2026-07-23T02-35-29Z
2026-09-10T15:48:57.6450958Z  * [new branch]        release-plz-2026-07-23T03-38-01Z -> origin/release-plz-2026-07-23T03-38-01Z
2026-09-10T15:48:57.6451963Z  * [new branch]        release-plz-2026-07-23T04-26-07Z -> origin/release-plz-2026-07-23T04-26-07Z
2026-09-10T15:48:57.6453219Z  * [new branch]        release-plz-2026-07-23T05-36-45Z -> origin/release-plz-2026-07-23T05-36-45Z
2026-09-10T15:48:57.6454266Z  * [new branch]        release-plz-2026-07-23T07-36-19Z -> origin/release-plz-2026-07-23T07-36-19Z
2026-09-10T15:48:57.6456407Z  * [new branch]        release-plz-2026-07-23T09-40-24Z -> origin/release-plz-2026-07-23T09-40-24Z
2026-09-10T15:48:57.6458414Z  * [new branch]        release-plz-2026-07-23T09-46-01Z -> origin/release-plz-2026-07-23T09-46-01Z
2026-09-10T15:48:57.6460278Z  * [new branch]        release-plz-2026-07-23T10-21-59Z -> origin/release-plz-2026-07-23T10-21-59Z
2026-09-10T15:48:57.6462154Z  * [new branch]        release-plz-2026-07-23T10-30-33Z -> origin/release-plz-2026-07-23T10-30-33Z
2026-09-10T15:48:57.6464140Z  * [new branch]        release-plz-2026-07-23T11-58-20Z -> origin/release-plz-2026-07-23T11-58-20Z
2026-09-10T15:48:57.6466358Z  * [new branch]        release-plz-2026-07-23T12-28-39Z -> origin/release-plz-2026-07-23T12-28-39Z
2026-09-10T15:48:57.6468343Z  * [new branch]        release-plz-2026-07-23T14-07-41Z -> origin/release-plz-2026-07-23T14-07-41Z
2026-09-10T15:48:57.6470197Z  * [new branch]        release-plz-2026-07-23T15-23-38Z -> origin/release-plz-2026-07-23T15-23-38Z
2026-09-10T15:48:57.6471837Z  * [new branch]        release-plz-2026-07-23T16-55-00Z -> origin/release-plz-2026-07-23T16-55-00Z
2026-09-10T15:48:57.6473488Z  * [new branch]        release-plz-2026-07-23T17-09-19Z -> origin/release-plz-2026-07-23T17-09-19Z
2026-09-10T15:48:57.6475384Z  * [new branch]        release-plz-2026-07-23T19-04-21Z -> origin/release-plz-2026-07-23T19-04-21Z
2026-09-10T15:48:57.6477011Z  * [new branch]        release-plz-2026-07-24T10-11-48Z -> origin/release-plz-2026-07-24T10-11-48Z
2026-09-10T15:48:57.6479229Z  * [new branch]        release-plz-2026-07-24T10-17-20Z -> origin/release-plz-2026-07-24T10-17-20Z
2026-09-10T15:48:57.6480320Z  * [new branch]        release-plz-2026-07-24T11-05-14Z -> origin/release-plz-2026-07-24T11-05-14Z
2026-09-10T15:48:57.6481313Z  * [new branch]        release-plz-2026-07-24T22-33-20Z -> origin/release-plz-2026-07-24T22-33-20Z
2026-09-10T15:48:57.6482286Z  * [new branch]        release-plz-2026-07-24T23-57-18Z -> origin/release-plz-2026-07-24T23-57-18Z
2026-09-10T15:48:57.6483271Z  * [new branch]        release-plz-2026-07-25T00-49-27Z -> origin/release-plz-2026-07-25T00-49-27Z
2026-09-10T15:48:57.6484257Z  * [new branch]        release-plz-2026-07-25T01-40-10Z -> origin/release-plz-2026-07-25T01-40-10Z
2026-09-10T15:48:57.6485618Z  * [new branch]        release-plz-2026-07-25T02-09-59Z -> origin/release-plz-2026-07-25T02-09-59Z
2026-09-10T15:48:57.6486600Z  * [new branch]        release-plz-2026-07-25T05-37-49Z -> origin/release-plz-2026-07-25T05-37-49Z
2026-09-10T15:48:57.6487581Z  * [new branch]        release-plz-2026-07-25T06-08-40Z -> origin/release-plz-2026-07-25T06-08-40Z
2026-09-10T15:48:57.6488797Z  * [new branch]        release-plz-2026-07-25T06-59-38Z -> origin/release-plz-2026-07-25T06-59-38Z
2026-09-10T15:48:57.6490793Z  * [new branch]        release-plz-2026-07-25T07-09-36Z -> origin/release-plz-2026-07-25T07-09-36Z
2026-09-10T15:48:57.6491835Z  * [new branch]        release-plz-2026-07-25T07-23-37Z -> origin/release-plz-2026-07-25T07-23-37Z
2026-09-10T15:48:57.6492815Z  * [new branch]        release-plz-2026-07-25T07-39-17Z -> origin/release-plz-2026-07-25T07-39-17Z
2026-09-10T15:48:57.6493767Z  * [new branch]        release-plz-2026-07-25T07-45-41Z -> origin/release-plz-2026-07-25T07-45-41Z
2026-09-10T15:48:57.6495041Z  * [new branch]        release-plz-2026-07-25T07-53-39Z -> origin/release-plz-2026-07-25T07-53-39Z
2026-09-10T15:48:57.6496009Z  * [new branch]        release-plz-2026-07-25T07-59-07Z -> origin/release-plz-2026-07-25T07-59-07Z
2026-09-10T15:48:57.6496978Z  * [new branch]        release-plz-2026-07-25T09-38-20Z -> origin/release-plz-2026-07-25T09-38-20Z
2026-09-10T15:48:57.6497939Z  * [new branch]        release-plz-2026-07-25T09-53-37Z -> origin/release-plz-2026-07-25T09-53-37Z
2026-09-10T15:48:57.6498886Z  * [new branch]        release-plz-2026-07-25T09-59-23Z -> origin/release-plz-2026-07-25T09-59-23Z
2026-09-10T15:48:57.6499835Z  * [new branch]        release-plz-2026-07-25T10-16-29Z -> origin/release-plz-2026-07-25T10-16-29Z
2026-09-10T15:48:57.6500783Z  * [new branch]        release-plz-2026-07-25T10-38-08Z -> origin/release-plz-2026-07-25T10-38-08Z
2026-09-10T15:48:57.6501740Z  * [new branch]        release-plz-2026-07-25T11-35-46Z -> origin/release-plz-2026-07-25T11-35-46Z
2026-09-10T15:48:57.6502692Z  * [new branch]        release-plz-2026-07-25T14-05-06Z -> origin/release-plz-2026-07-25T14-05-06Z
2026-09-10T15:48:57.6503644Z  * [new branch]        release-plz-2026-07-25T14-10-45Z -> origin/release-plz-2026-07-25T14-10-45Z
2026-09-10T15:48:57.6505112Z  * [new branch]        release-plz-2026-07-26T00-33-01Z -> origin/release-plz-2026-07-26T00-33-01Z
2026-09-10T15:48:57.6506120Z  * [new branch]        release-plz-2026-07-26T01-01-00Z -> origin/release-plz-2026-07-26T01-01-00Z
2026-09-10T15:48:57.6507086Z  * [new branch]        release-plz-2026-07-26T01-21-16Z -> origin/release-plz-2026-07-26T01-21-16Z
2026-09-10T15:48:57.6508047Z  * [new branch]        release-plz-2026-07-26T01-48-43Z -> origin/release-plz-2026-07-26T01-48-43Z
2026-09-10T15:48:57.6508996Z  * [new branch]        release-plz-2026-07-26T02-26-07Z -> origin/release-plz-2026-07-26T02-26-07Z
2026-09-10T15:48:57.6510085Z  * [new branch]        release-plz-2026-07-26T02-32-09Z -> origin/release-plz-2026-07-26T02-32-09Z
2026-09-10T15:48:57.6511042Z  * [new branch]        release-plz-2026-07-26T02-37-39Z -> origin/release-plz-2026-07-26T02-37-39Z
2026-09-10T15:48:57.6511980Z  * [new branch]        release-plz-2026-07-26T02-49-20Z -> origin/release-plz-2026-07-26T02-49-20Z
2026-09-10T15:48:57.6513122Z  * [new branch]        release-plz-2026-07-26T02-57-54Z -> origin/release-plz-2026-07-26T02-57-54Z
2026-09-10T15:48:57.6514082Z  * [new branch]        release-plz-2026-07-26T03-17-46Z -> origin/release-plz-2026-07-26T03-17-46Z
2026-09-10T15:48:57.6515352Z  * [new branch]        release-plz-2026-07-26T03-41-42Z -> origin/release-plz-2026-07-26T03-41-42Z
2026-09-10T15:48:57.6516296Z  * [new branch]        release-plz-2026-07-26T03-47-10Z -> origin/release-plz-2026-07-26T03-47-10Z
2026-09-10T15:48:57.6517251Z  * [new branch]        release-plz-2026-07-26T04-00-20Z -> origin/release-plz-2026-07-26T04-00-20Z
2026-09-10T15:48:57.6518212Z  * [new branch]        release-plz-2026-07-26T04-05-59Z -> origin/release-plz-2026-07-26T04-05-59Z
2026-09-10T15:48:57.6519154Z  * [new branch]        release-plz-2026-07-26T04-11-41Z -> origin/release-plz-2026-07-26T04-11-41Z
2026-09-10T15:48:57.6520111Z  * [new branch]        release-plz-2026-07-26T04-24-14Z -> origin/release-plz-2026-07-26T04-24-14Z
2026-09-10T15:48:57.6521064Z  * [new branch]        release-plz-2026-07-26T04-29-01Z -> origin/release-plz-2026-07-26T04-29-01Z
2026-09-10T15:48:57.6522007Z  * [new branch]        release-plz-2026-07-26T04-39-39Z -> origin/release-plz-2026-07-26T04-39-39Z
2026-09-10T15:48:57.6523125Z  * [new branch]        release-plz-2026-07-26T04-57-53Z -> origin/release-plz-2026-07-26T04-57-53Z
2026-09-10T15:48:57.6524083Z  * [new branch]        release-plz-2026-07-26T05-06-38Z -> origin/release-plz-2026-07-26T05-06-38Z
2026-09-10T15:48:57.6525403Z  * [new branch]        release-plz-2026-07-26T05-12-06Z -> origin/release-plz-2026-07-26T05-12-06Z
2026-09-10T15:48:57.6526358Z  * [new branch]        release-plz-2026-07-26T05-20-19Z -> origin/release-plz-2026-07-26T05-20-19Z
2026-09-10T15:48:57.6527310Z  * [new branch]        release-plz-2026-07-26T05-53-33Z -> origin/release-plz-2026-07-26T05-53-33Z
2026-09-10T15:48:57.6528253Z  * [new branch]        release-plz-2026-07-26T06-44-43Z -> origin/release-plz-2026-07-26T06-44-43Z
2026-09-10T15:48:57.6529197Z  * [new branch]        release-plz-2026-07-26T06-51-37Z -> origin/release-plz-2026-07-26T06-51-37Z
2026-09-10T15:48:57.6530146Z  * [new branch]        release-plz-2026-07-26T06-57-20Z -> origin/release-plz-2026-07-26T06-57-20Z
2026-09-10T15:48:57.6531100Z  * [new branch]        release-plz-2026-07-26T07-10-22Z -> origin/release-plz-2026-07-26T07-10-22Z
2026-09-10T15:48:57.6532048Z  * [new branch]        release-plz-2026-07-26T07-15-46Z -> origin/release-plz-2026-07-26T07-15-46Z
2026-09-10T15:48:57.6532977Z  * [new branch]        release-plz-2026-07-26T07-21-25Z -> origin/release-plz-2026-07-26T07-21-25Z
2026-09-10T15:48:57.6533910Z  * [new branch]        release-plz-2026-07-26T07-27-42Z -> origin/release-plz-2026-07-26T07-27-42Z
2026-09-10T15:48:57.6535200Z  * [new branch]        release-plz-2026-07-26T07-33-56Z -> origin/release-plz-2026-07-26T07-33-56Z
2026-09-10T15:48:57.6536154Z  * [new branch]        release-plz-2026-07-26T07-42-29Z -> origin/release-plz-2026-07-26T07-42-29Z
2026-09-10T15:48:57.6537114Z  * [new branch]        release-plz-2026-07-26T07-49-05Z -> origin/release-plz-2026-07-26T07-49-05Z
2026-09-10T15:48:57.6538079Z  * [new branch]        release-plz-2026-07-26T07-55-05Z -> origin/release-plz-2026-07-26T07-55-05Z
2026-09-10T15:48:57.6539014Z  * [new branch]        release-plz-2026-07-26T08-22-57Z -> origin/release-plz-2026-07-26T08-22-57Z
2026-09-10T15:48:57.6539943Z  * [new branch]        release-plz-2026-07-26T08-29-34Z -> origin/release-plz-2026-07-26T08-29-34Z
2026-09-10T15:48:57.6540864Z  * [new branch]        release-plz-2026-07-26T08-39-27Z -> origin/release-plz-2026-07-26T08-39-27Z
2026-09-10T15:48:57.6541788Z  * [new branch]        release-plz-2026-07-26T08-47-28Z -> origin/release-plz-2026-07-26T08-47-28Z
2026-09-10T15:48:57.6542706Z  * [new branch]        release-plz-2026-07-26T08-59-11Z -> origin/release-plz-2026-07-26T08-59-11Z
2026-09-10T15:48:57.6543619Z  * [new branch]        release-plz-2026-07-26T09-05-30Z -> origin/release-plz-2026-07-26T09-05-30Z
2026-09-10T15:48:57.6545069Z  * [new branch]        release-plz-2026-07-26T09-13-46Z -> origin/release-plz-2026-07-26T09-13-46Z
2026-09-10T15:48:57.6546056Z  * [new branch]        release-plz-2026-07-26T09-24-54Z -> origin/release-plz-2026-07-26T09-24-54Z
2026-09-10T15:48:57.6546987Z  * [new branch]        release-plz-2026-07-26T09-36-32Z -> origin/release-plz-2026-07-26T09-36-32Z
2026-09-10T15:48:57.6547910Z  * [new branch]        release-plz-2026-07-26T09-56-23Z -> origin/release-plz-2026-07-26T09-56-23Z
2026-09-10T15:48:57.6548823Z  * [new branch]        release-plz-2026-07-26T10-26-05Z -> origin/release-plz-2026-07-26T10-26-05Z
2026-09-10T15:48:57.6549749Z  * [new branch]        release-plz-2026-07-26T10-35-12Z -> origin/release-plz-2026-07-26T10-35-12Z
2026-09-10T15:48:57.6550690Z  * [new branch]        release-plz-2026-07-26T10-44-16Z -> origin/release-plz-2026-07-26T10-44-16Z
2026-09-10T15:48:57.6551629Z  * [new branch]        release-plz-2026-07-26T10-49-56Z -> origin/release-plz-2026-07-26T10-49-56Z
2026-09-10T15:48:57.6552554Z  * [new branch]        release-plz-2026-07-26T10-55-48Z -> origin/release-plz-2026-07-26T10-55-48Z
2026-09-10T15:48:57.6553470Z  * [new branch]        release-plz-2026-07-26T11-01-49Z -> origin/release-plz-2026-07-26T11-01-49Z
2026-09-10T15:48:57.6554862Z  * [new branch]        release-plz-2026-07-26T11-12-12Z -> origin/release-plz-2026-07-26T11-12-12Z
2026-09-10T15:48:57.6555805Z  * [new branch]        release-plz-2026-07-26T11-18-00Z -> origin/release-plz-2026-07-26T11-18-00Z
2026-09-10T15:48:57.6556735Z  * [new branch]        release-plz-2026-07-26T11-29-03Z -> origin/release-plz-2026-07-26T11-29-03Z
2026-09-10T15:48:57.6557653Z  * [new branch]        release-plz-2026-07-26T12-06-08Z -> origin/release-plz-2026-07-26T12-06-08Z
2026-09-10T15:48:57.6558579Z  * [new branch]        release-plz-2026-07-26T12-24-02Z -> origin/release-plz-2026-07-26T12-24-02Z
2026-09-10T15:48:57.6559502Z  * [new branch]        release-plz-2026-07-26T12-30-56Z -> origin/release-plz-2026-07-26T12-30-56Z
2026-09-10T15:48:57.6560439Z  * [new branch]        release-plz-2026-07-26T13-06-04Z -> origin/release-plz-2026-07-26T13-06-04Z
2026-09-10T15:48:57.6561375Z  * [new branch]        release-plz-2026-07-26T13-23-14Z -> origin/release-plz-2026-07-26T13-23-14Z
2026-09-10T15:48:57.6562299Z  * [new branch]        release-plz-2026-07-26T13-38-58Z -> origin/release-plz-2026-07-26T13-38-58Z
2026-09-10T15:48:57.6563232Z  * [new branch]        release-plz-2026-07-26T13-48-59Z -> origin/release-plz-2026-07-26T13-48-59Z
2026-09-10T15:48:57.6564158Z  * [new branch]        release-plz-2026-07-26T13-56-14Z -> origin/release-plz-2026-07-26T13-56-14Z
2026-09-10T15:48:57.6565421Z  * [new branch]        release-plz-2026-07-26T14-12-59Z -> origin/release-plz-2026-07-26T14-12-59Z
2026-09-10T15:48:57.6566370Z  * [new branch]        release-plz-2026-07-26T14-41-16Z -> origin/release-plz-2026-07-26T14-41-16Z
2026-09-10T15:48:57.6567286Z  * [new branch]        release-plz-2026-07-26T14-46-24Z -> origin/release-plz-2026-07-26T14-46-24Z
2026-09-10T15:48:57.6568219Z  * [new branch]        release-plz-2026-07-26T15-19-42Z -> origin/release-plz-2026-07-26T15-19-42Z
2026-09-10T15:48:57.6569143Z  * [new branch]        release-plz-2026-07-26T15-52-27Z -> origin/release-plz-2026-07-26T15-52-27Z
2026-09-10T15:48:57.6570055Z  * [new branch]        release-plz-2026-07-26T15-57-55Z -> origin/release-plz-2026-07-26T15-57-55Z
2026-09-10T15:48:57.6570976Z  * [new branch]        release-plz-2026-07-26T16-08-50Z -> origin/release-plz-2026-07-26T16-08-50Z
2026-09-10T15:48:57.6571896Z  * [new branch]        release-plz-2026-07-26T16-14-37Z -> origin/release-plz-2026-07-26T16-14-37Z
2026-09-10T15:48:57.6572814Z  * [new branch]        release-plz-2026-07-26T16-20-53Z -> origin/release-plz-2026-07-26T16-20-53Z
2026-09-10T15:48:57.6573733Z  * [new branch]        release-plz-2026-07-26T16-40-05Z -> origin/release-plz-2026-07-26T16-40-05Z
2026-09-10T15:48:57.6574899Z  * [new branch]        release-plz-2026-07-26T16-45-43Z -> origin/release-plz-2026-07-26T16-45-43Z
2026-09-10T15:48:57.6576005Z  * [new branch]        release-plz-2026-07-26T16-53-25Z -> origin/release-plz-2026-07-26T16-53-25Z
2026-09-10T15:48:57.6577218Z  * [new branch]        release-plz-2026-07-26T17-22-17Z -> origin/release-plz-2026-07-26T17-22-17Z
2026-09-10T15:48:57.6578222Z  * [new branch]        release-plz-2026-07-26T17-27-59Z -> origin/release-plz-2026-07-26T17-27-59Z
2026-09-10T15:48:57.6579151Z  * [new branch]        release-plz-2026-07-26T17-54-09Z -> origin/release-plz-2026-07-26T17-54-09Z
2026-09-10T15:48:57.6580078Z  * [new branch]        release-plz-2026-07-26T18-00-15Z -> origin/release-plz-2026-07-26T18-00-15Z
2026-09-10T15:48:57.6581002Z  * [new branch]        release-plz-2026-07-26T18-16-20Z -> origin/release-plz-2026-07-26T18-16-20Z
2026-09-10T15:48:57.6581923Z  * [new branch]        release-plz-2026-07-26T18-22-06Z -> origin/release-plz-2026-07-26T18-22-06Z
2026-09-10T15:48:57.6582850Z  * [new branch]        release-plz-2026-07-26T18-35-44Z -> origin/release-plz-2026-07-26T18-35-44Z
2026-09-10T15:48:57.6583773Z  * [new branch]        release-plz-2026-07-26T19-09-22Z -> origin/release-plz-2026-07-26T19-09-22Z
2026-09-10T15:48:57.6584997Z  * [new branch]        release-plz-2026-07-26T19-27-58Z -> origin/release-plz-2026-07-26T19-27-58Z
2026-09-10T15:48:57.6586105Z  * [new branch]        release-plz-2026-07-26T19-34-13Z -> origin/release-plz-2026-07-26T19-34-13Z
2026-09-10T15:48:57.6587026Z  * [new branch]        release-plz-2026-07-26T19-40-28Z -> origin/release-plz-2026-07-26T19-40-28Z
2026-09-10T15:48:57.6587949Z  * [new branch]        release-plz-2026-07-26T19-51-04Z -> origin/release-plz-2026-07-26T19-51-04Z
2026-09-10T15:48:57.6588865Z  * [new branch]        release-plz-2026-07-26T20-07-03Z -> origin/release-plz-2026-07-26T20-07-03Z
2026-09-10T15:48:57.6589787Z  * [new branch]        release-plz-2026-07-26T20-12-52Z -> origin/release-plz-2026-07-26T20-12-52Z
2026-09-10T15:48:57.6590700Z  * [new branch]        release-plz-2026-07-26T20-18-40Z -> origin/release-plz-2026-07-26T20-18-40Z
2026-09-10T15:48:57.6591616Z  * [new branch]        release-plz-2026-07-26T20-29-41Z -> origin/release-plz-2026-07-26T20-29-41Z
2026-09-10T15:48:57.6592550Z  * [new branch]        release-plz-2026-07-26T20-34-18Z -> origin/release-plz-2026-07-26T20-34-18Z
2026-09-10T15:48:57.6593470Z  * [new branch]        release-plz-2026-07-26T20-45-42Z -> origin/release-plz-2026-07-26T20-45-42Z
2026-09-10T15:48:57.6594667Z  * [new branch]        release-plz-2026-07-26T21-02-14Z -> origin/release-plz-2026-07-26T21-02-14Z
2026-09-10T15:48:57.6595626Z  * [new branch]        release-plz-2026-07-26T21-12-10Z -> origin/release-plz-2026-07-26T21-12-10Z
2026-09-10T15:48:57.6596555Z  * [new branch]        release-plz-2026-07-26T21-22-38Z -> origin/release-plz-2026-07-26T21-22-38Z
2026-09-10T15:48:57.6597479Z  * [new branch]        release-plz-2026-07-26T21-28-44Z -> origin/release-plz-2026-07-26T21-28-44Z
2026-09-10T15:48:57.6598389Z  * [new branch]        release-plz-2026-07-26T21-36-27Z -> origin/release-plz-2026-07-26T21-36-27Z
2026-09-10T15:48:57.6599320Z  * [new branch]        release-plz-2026-07-26T21-57-24Z -> origin/release-plz-2026-07-26T21-57-24Z
2026-09-10T15:48:57.6600242Z  * [new branch]        release-plz-2026-07-26T22-29-33Z -> origin/release-plz-2026-07-26T22-29-33Z
2026-09-10T15:48:57.6601171Z  * [new branch]        release-plz-2026-07-26T22-47-00Z -> origin/release-plz-2026-07-26T22-47-00Z
2026-09-10T15:48:57.6602087Z  * [new branch]        release-plz-2026-07-26T22-55-10Z -> origin/release-plz-2026-07-26T22-55-10Z
2026-09-10T15:48:57.6603012Z  * [new branch]        release-plz-2026-07-26T23-07-05Z -> origin/release-plz-2026-07-26T23-07-05Z
2026-09-10T15:48:57.6603927Z  * [new branch]        release-plz-2026-07-26T23-21-15Z -> origin/release-plz-2026-07-26T23-21-15Z
2026-09-10T15:48:57.6605129Z  * [new branch]        release-plz-2026-07-27T00-22-16Z -> origin/release-plz-2026-07-27T00-22-16Z
2026-09-10T15:48:57.6606064Z  * [new branch]        release-plz-2026-07-27T00-27-15Z -> origin/release-plz-2026-07-27T00-27-15Z
2026-09-10T15:48:57.6607140Z  * [new branch]        release-plz-2026-07-27T00-42-38Z -> origin/release-plz-2026-07-27T00-42-38Z
2026-09-10T15:48:57.6608076Z  * [new branch]        release-plz-2026-07-27T00-48-29Z -> origin/release-plz-2026-07-27T00-48-29Z
2026-09-10T15:48:57.6609017Z  * [new branch]        release-plz-2026-07-27T01-14-04Z -> origin/release-plz-2026-07-27T01-14-04Z
2026-09-10T15:48:57.6609935Z  * [new branch]        release-plz-2026-07-27T01-27-49Z -> origin/release-plz-2026-07-27T01-27-49Z
2026-09-10T15:48:57.6610861Z  * [new branch]        release-plz-2026-07-27T02-08-14Z -> origin/release-plz-2026-07-27T02-08-14Z
2026-09-10T15:48:57.6611783Z  * [new branch]        release-plz-2026-07-27T02-19-35Z -> origin/release-plz-2026-07-27T02-19-35Z
2026-09-10T15:48:57.6612694Z  * [new branch]        release-plz-2026-08-31T23-23-10Z -> origin/release-plz-2026-08-31T23-23-10Z
2026-09-10T15:48:57.6613694Z  * [new branch]        research-mpc-bounded-property-path -> origin/research-mpc-bounded-property-path
2026-09-10T15:48:57.6614997Z  * [new branch]        research-mpc-capability-matrix -> origin/research-mpc-capability-matrix
2026-09-10T15:48:57.6615978Z  * [new branch]        research-mpc-malicious-security -> origin/research-mpc-malicious-security
2026-09-10T15:48:57.6617120Z  * [new branch]        research-mpc-security-models -> origin/research-mpc-security-models
2026-09-10T15:48:57.6618073Z  * [new branch]        research-semweb-ac-prior-art -> origin/research-semweb-ac-prior-art
2026-09-10T15:48:57.6618993Z  * [new branch]        research-sparq-solid-scope -> origin/research-sparq-solid-scope
2026-09-10T15:48:57.6620092Z  * [new branch]        research-trust-graph-lws-acp-prior-art -> origin/research-trust-graph-lws-acp-prior-art
2026-09-10T15:48:57.6621890Z  * [new branch]        research-zk-field-native-encoding -> origin/research-zk-field-native-encoding
2026-09-10T15:48:57.6623497Z  * [new branch]        research-zk-verifier-reaudit -> origin/research-zk-verifier-reaudit
2026-09-10T15:48:57.6625312Z  * [new branch]        research/crate-region-parallelism -> origin/research/crate-region-parallelism
2026-09-10T15:48:57.6627089Z  * [new branch]        research/free-cloud-overflow-opus5 -> origin/research/free-cloud-overflow-opus5
2026-09-10T15:48:57.6628695Z  * [new branch]        research/odrl-trust-graph -> origin/research/odrl-trust-graph
2026-09-10T15:48:57.6630149Z  * [new branch]        research/trust-graph-capabilities -> origin/research/trust-graph-capabilities
2026-09-10T15:48:57.6631861Z  * [new branch]        research/trust-graph-rbac-abac -> origin/research/trust-graph-rbac-abac
2026-09-10T15:48:57.6633671Z  * [new branch]        research/trust-graph-rdf-integrity -> origin/research/trust-graph-rdf-integrity
2026-09-10T15:48:57.6635576Z  * [new branch]        roborev-backlog         -> origin/roborev-backlog
2026-09-10T15:48:57.6636887Z  * [new branch]        serve-wave-b            -> origin/serve-wave-b
2026-09-10T15:48:57.6638351Z  * [new branch]        server-hardening-limits -> origin/server-hardening-limits
2026-09-10T15:48:57.6639879Z  * [new branch]        server-service-allowlist -> origin/server-service-allowlist
2026-09-10T15:48:57.6641537Z  * [new branch]        sparq-agent/issue-1346-30183231178-1 -> origin/sparq-agent/issue-1346-30183231178-1
2026-09-10T15:48:57.6643385Z  * [new branch]        sparq-agent/issue-2312-30180331184-1 -> origin/sparq-agent/issue-2312-30180331184-1
2026-09-10T15:48:57.6645499Z  * [new branch]        sparq-agent/issue-2381-29545307457-1 -> origin/sparq-agent/issue-2381-29545307457-1
2026-09-10T15:48:57.6647343Z  * [new branch]        sparq-agent/issue-2428-29572722423-1 -> origin/sparq-agent/issue-2428-29572722423-1
2026-09-10T15:48:57.6649175Z  * [new branch]        sparq-agent/issue-2429-30409123828-1 -> origin/sparq-agent/issue-2429-30409123828-1
2026-09-10T15:48:57.6651057Z  * [new branch]        sparq-agent/issue-2430-29572728300-1 -> origin/sparq-agent/issue-2430-29572728300-1
2026-09-10T15:48:57.6652850Z  * [new branch]        sparq-agent/issue-2440-30488082206-1 -> origin/sparq-agent/issue-2440-30488082206-1
2026-09-10T15:48:57.6654605Z  * [new branch]        sparq-agent/issue-2442-29575856721-1 -> origin/sparq-agent/issue-2442-29575856721-1
2026-09-10T15:48:57.6655719Z  * [new branch]        sparq-agent/issue-2458-29578285846-1 -> origin/sparq-agent/issue-2458-29578285846-1
2026-09-10T15:48:57.6656720Z  * [new branch]        sparq-agent/issue-2463-29586413807-1 -> origin/sparq-agent/issue-2463-29586413807-1
2026-09-10T15:48:57.6657738Z  * [new branch]        sparq-agent/issue-2478-29626027962-1 -> origin/sparq-agent/issue-2478-29626027962-1
2026-09-10T15:48:57.6658749Z  * [new branch]        sparq-agent/issue-2484-29582583909-1 -> origin/sparq-agent/issue-2484-29582583909-1
2026-09-10T15:48:57.6659743Z  * [new branch]        sparq-agent/issue-2502-30727833688-1 -> origin/sparq-agent/issue-2502-30727833688-1
2026-09-10T15:48:57.6660730Z  * [new branch]        sparq-agent/issue-2502-33916464787-1 -> origin/sparq-agent/issue-2502-33916464787-1
2026-09-10T15:48:57.6661715Z  * [new branch]        sparq-agent/issue-2511-30209078573-1 -> origin/sparq-agent/issue-2511-30209078573-1
2026-09-10T15:48:57.6662888Z  * [new branch]        sparq-agent/issue-2536-30595054035-1 -> origin/sparq-agent/issue-2536-30595054035-1
2026-09-10T15:48:57.6663869Z  * [new branch]        sparq-agent/issue-2536-30712475462-1 -> origin/sparq-agent/issue-2536-30712475462-1
2026-09-10T15:48:57.6665240Z  * [new branch]        sparq-agent/issue-2536-33452728253-1 -> origin/sparq-agent/issue-2536-33452728253-1
2026-09-10T15:48:57.6666248Z  * [new branch]        sparq-agent/issue-2547-30596857652-1 -> origin/sparq-agent/issue-2547-30596857652-1
2026-09-10T15:48:57.6667239Z  * [new branch]        sparq-agent/issue-2547-30727837272-1 -> origin/sparq-agent/issue-2547-30727837272-1
2026-09-10T15:48:57.6668226Z  * [new branch]        sparq-agent/issue-2547-33514319533-1 -> origin/sparq-agent/issue-2547-33514319533-1
2026-09-10T15:48:57.6669218Z  * [new branch]        sparq-agent/issue-2548-30218816869-1 -> origin/sparq-agent/issue-2548-30218816869-1
2026-09-10T15:48:57.6670201Z  * [new branch]        sparq-agent/issue-2560-30212288114-1 -> origin/sparq-agent/issue-2560-30212288114-1
2026-09-10T15:48:57.6671201Z  * [new branch]        sparq-agent/issue-2562-29627305650-1 -> origin/sparq-agent/issue-2562-29627305650-1
2026-09-10T15:48:57.6672197Z  * [new branch]        sparq-agent/issue-2567-30215816786-1 -> origin/sparq-agent/issue-2567-30215816786-1
2026-09-10T15:48:57.6673212Z  * [new branch]        sparq-agent/issue-2568-30221659573-1 -> origin/sparq-agent/issue-2568-30221659573-1
2026-09-10T15:48:57.6674209Z  * [new branch]        sparq-agent/issue-2584-29669906196-1 -> origin/sparq-agent/issue-2584-29669906196-1
2026-09-10T15:48:57.6675544Z  * [new branch]        sparq-agent/issue-2592-30212293633-1 -> origin/sparq-agent/issue-2592-30212293633-1
2026-09-10T15:48:57.6676540Z  * [new branch]        sparq-agent/issue-2595-30216654239-1 -> origin/sparq-agent/issue-2595-30216654239-1
2026-09-10T15:48:57.6677532Z  * [new branch]        sparq-agent/issue-2595-30298451507-1 -> origin/sparq-agent/issue-2595-30298451507-1
2026-09-10T15:48:57.6678534Z  * [new branch]        sparq-agent/issue-2601-29676111114-1 -> origin/sparq-agent/issue-2601-29676111114-1
2026-09-10T15:48:57.6679529Z  * [new branch]        sparq-agent/issue-2615-29669908923-1 -> origin/sparq-agent/issue-2615-29669908923-1
2026-09-10T15:48:57.6680514Z  * [new branch]        sparq-agent/issue-2627-30221662265-1 -> origin/sparq-agent/issue-2627-30221662265-1
2026-09-10T15:48:57.6681502Z  * [new branch]        sparq-agent/issue-2641-30184058926-1 -> origin/sparq-agent/issue-2641-30184058926-1
2026-09-10T15:48:57.6682482Z  * [new branch]        sparq-agent/issue-2651-30194231360-1 -> origin/sparq-agent/issue-2651-30194231360-1
2026-09-10T15:48:57.6683469Z  * [new branch]        sparq-agent/issue-2651-30317431357-1 -> origin/sparq-agent/issue-2651-30317431357-1
2026-09-10T15:48:57.6684771Z  * [new branch]        sparq-agent/issue-2659-30289667647-1 -> origin/sparq-agent/issue-2659-30289667647-1
2026-09-10T15:48:57.6685957Z  * [new branch]        sparq-agent/issue-2659-30356618501-1 -> origin/sparq-agent/issue-2659-30356618501-1
2026-09-10T15:48:57.6686972Z  * [new branch]        sparq-agent/issue-2659-30424511118-1 -> origin/sparq-agent/issue-2659-30424511118-1
2026-09-10T15:48:57.6687963Z  * [new branch]        sparq-agent/issue-2679-30185210778-1 -> origin/sparq-agent/issue-2679-30185210778-1
2026-09-10T15:48:57.6688953Z  * [new branch]        sparq-agent/issue-2681-30212310611-1 -> origin/sparq-agent/issue-2681-30212310611-1
2026-09-10T15:48:57.6689937Z  * [new branch]        sparq-agent/issue-2700-30189741067-1 -> origin/sparq-agent/issue-2700-30189741067-1
2026-09-10T15:48:57.6690920Z  * [new branch]        sparq-agent/issue-2700-30380200056-1 -> origin/sparq-agent/issue-2700-30380200056-1
2026-09-10T15:48:57.6691894Z  * [new branch]        sparq-agent/issue-2700-30453676806-1 -> origin/sparq-agent/issue-2700-30453676806-1
2026-09-10T15:48:57.6692878Z  * [new branch]        sparq-agent/issue-2702-30760905390-1 -> origin/sparq-agent/issue-2702-30760905390-1
2026-09-10T15:48:57.6693857Z  * [new branch]        sparq-agent/issue-2703-33443789083-1 -> origin/sparq-agent/issue-2703-33443789083-1
2026-09-10T15:48:57.6695145Z  * [new branch]        sparq-agent/issue-2704-30330697111-1 -> origin/sparq-agent/issue-2704-30330697111-1
2026-09-10T15:48:57.6696134Z  * [new branch]        sparq-agent/issue-2713-30185454123-1 -> origin/sparq-agent/issue-2713-30185454123-1
2026-09-10T15:48:57.6697114Z  * [new branch]        sparq-agent/issue-2744-30387142744-1 -> origin/sparq-agent/issue-2744-30387142744-1
2026-09-10T15:48:57.6698102Z  * [new branch]        sparq-agent/issue-2744-30727829674-1 -> origin/sparq-agent/issue-2744-30727829674-1
2026-09-10T15:48:57.6699075Z  * [new branch]        sparq-agent/issue-2744-33451907914-1 -> origin/sparq-agent/issue-2744-33451907914-1
2026-09-10T15:48:57.6700053Z  * [new branch]        sparq-agent/issue-2746-30407902070-1 -> origin/sparq-agent/issue-2746-30407902070-1
2026-09-10T15:48:57.6701056Z  * [new branch]        sparq-agent/issue-2746-30754421443-1 -> origin/sparq-agent/issue-2746-30754421443-1
2026-09-10T15:48:57.6702045Z  * [new branch]        sparq-agent/issue-2746-33579193167-1 -> origin/sparq-agent/issue-2746-33579193167-1
2026-09-10T15:48:57.6703025Z  * [new branch]        sparq-agent/issue-2768-30192874163-1 -> origin/sparq-agent/issue-2768-30192874163-1
2026-09-10T15:48:57.6704001Z  * [new branch]        sparq-agent/issue-2781-30189515153-1 -> origin/sparq-agent/issue-2781-30189515153-1
2026-09-10T15:48:57.6705363Z  * [new branch]        sparq-agent/issue-2789-30655804107-1 -> origin/sparq-agent/issue-2789-30655804107-1
2026-09-10T15:48:57.6706367Z  * [new branch]        sparq-agent/issue-2790-30215837779-1 -> origin/sparq-agent/issue-2790-30215837779-1
2026-09-10T15:48:57.6707345Z  * [new branch]        sparq-agent/issue-2800-30199047413-1 -> origin/sparq-agent/issue-2800-30199047413-1
2026-09-10T15:48:57.6708325Z  * [new branch]        sparq-agent/issue-2830-29722677644-1 -> origin/sparq-agent/issue-2830-29722677644-1
2026-09-10T15:48:57.6709309Z  * [new branch]        sparq-agent/issue-2844-29672731044-1 -> origin/sparq-agent/issue-2844-29672731044-1
2026-09-10T15:48:57.6710294Z  * [new branch]        sparq-agent/issue-2852-30618582475-1 -> origin/sparq-agent/issue-2852-30618582475-1
2026-09-10T15:48:57.6711266Z  * [new branch]        sparq-agent/issue-2857-30849681875-1 -> origin/sparq-agent/issue-2857-30849681875-1
2026-09-10T15:48:57.6712237Z  * [new branch]        sparq-agent/issue-2864-30278327208-1 -> origin/sparq-agent/issue-2864-30278327208-1
2026-09-10T15:48:57.6713218Z  * [new branch]        sparq-agent/issue-2865-30608893776-1 -> origin/sparq-agent/issue-2865-30608893776-1
2026-09-10T15:48:57.6714196Z  * [new branch]        sparq-agent/issue-2889-33448694611-1 -> origin/sparq-agent/issue-2889-33448694611-1
2026-09-10T15:48:57.6715527Z  * [new branch]        sparq-agent/issue-2892-30508493929-1 -> origin/sparq-agent/issue-2892-30508493929-1
2026-09-10T15:48:57.6716737Z  * [new branch]        sparq-agent/issue-2892-30683804538-1 -> origin/sparq-agent/issue-2892-30683804538-1
2026-09-10T15:48:57.6717758Z  * [new branch]        sparq-agent/issue-2892-33475743111-1 -> origin/sparq-agent/issue-2892-33475743111-1
2026-09-10T15:48:57.6718744Z  * [new branch]        sparq-agent/issue-2896-30851674133-1 -> origin/sparq-agent/issue-2896-30851674133-1
2026-09-10T15:48:57.6719728Z  * [new branch]        sparq-agent/issue-2905-30588257567-1 -> origin/sparq-agent/issue-2905-30588257567-1
2026-09-10T15:48:57.6720721Z  * [new branch]        sparq-agent/issue-2905-30693139359-1 -> origin/sparq-agent/issue-2905-30693139359-1
2026-09-10T15:48:57.6721706Z  * [new branch]        sparq-agent/issue-2927-30421803378-1 -> origin/sparq-agent/issue-2927-30421803378-1
2026-09-10T15:48:57.6722691Z  * [new branch]        sparq-agent/issue-2930-30336839706-1 -> origin/sparq-agent/issue-2930-30336839706-1
2026-09-10T15:48:57.6723666Z  * [new branch]        sparq-agent/issue-2933-33599216795-1 -> origin/sparq-agent/issue-2933-33599216795-1
2026-09-10T15:48:57.6724869Z  * [new branch]        sparq-agent/issue-2938-30297638230-1 -> origin/sparq-agent/issue-2938-30297638230-1
2026-09-10T15:48:57.6726025Z  * [new branch]        sparq-agent/issue-2939-30219183891-1 -> origin/sparq-agent/issue-2939-30219183891-1
2026-09-10T15:48:57.6727013Z  * [new branch]        sparq-agent/issue-2940-30221674540-1 -> origin/sparq-agent/issue-2940-30221674540-1
2026-09-10T15:48:57.6727996Z  * [new branch]        sparq-agent/issue-2949-33645414606-1 -> origin/sparq-agent/issue-2949-33645414606-1
2026-09-10T15:48:57.6728976Z  * [new branch]        sparq-agent/issue-2987-30409117956-1 -> origin/sparq-agent/issue-2987-30409117956-1
2026-09-10T15:48:57.6729992Z  * [new branch]        sparq-agent/issue-2987-30659960841-1 -> origin/sparq-agent/issue-2987-30659960841-1
2026-09-10T15:48:57.6730980Z  * [new branch]        sparq-agent/issue-2987-30709677860-1 -> origin/sparq-agent/issue-2987-30709677860-1
2026-09-10T15:48:57.6731968Z  * [new branch]        sparq-agent/issue-2990-29703428861-1 -> origin/sparq-agent/issue-2990-29703428861-1
2026-09-10T15:48:57.6732960Z  * [new branch]        sparq-agent/issue-2991-29679409867-1 -> origin/sparq-agent/issue-2991-29679409867-1
2026-09-10T15:48:57.6733935Z  * [new branch]        sparq-agent/issue-2993-29683481717-1 -> origin/sparq-agent/issue-2993-29683481717-1
2026-09-10T15:48:57.6735080Z  * [new branch]        sparq-agent/issue-2994-30423363501-1 -> origin/sparq-agent/issue-2994-30423363501-1
2026-09-10T15:48:57.6736063Z  * [new branch]        sparq-agent/issue-3005-30597738989-1 -> origin/sparq-agent/issue-3005-30597738989-1
2026-09-10T15:48:57.6737051Z  * [new branch]        sparq-agent/issue-3014-30202878531-1 -> origin/sparq-agent/issue-3014-30202878531-1
2026-09-10T15:48:57.6738065Z  * [new branch]        sparq-agent/issue-3015-30185457936-1 -> origin/sparq-agent/issue-3015-30185457936-1
2026-09-10T15:48:57.6739040Z  * [new branch]        sparq-agent/issue-3015-30749900412-1 -> origin/sparq-agent/issue-3015-30749900412-1
2026-09-10T15:48:57.6740025Z  * [new branch]        sparq-agent/issue-3015-33472900365-1 -> origin/sparq-agent/issue-3015-33472900365-1
2026-09-10T15:48:57.6741011Z  * [new branch]        sparq-agent/issue-3018-30215845750-1 -> origin/sparq-agent/issue-3018-30215845750-1
2026-09-10T15:48:57.6741998Z  * [new branch]        sparq-agent/issue-3018-30298471952-1 -> origin/sparq-agent/issue-3018-30298471952-1
2026-09-10T15:48:57.6742964Z  * [new branch]        sparq-agent/issue-3027-30193688891-1 -> origin/sparq-agent/issue-3027-30193688891-1
2026-09-10T15:48:57.6743936Z  * [new branch]        sparq-agent/issue-3034-30184101387-1 -> origin/sparq-agent/issue-3034-30184101387-1
2026-09-10T15:48:57.6745224Z  * [new branch]        sparq-agent/issue-3039-30404410637-1 -> origin/sparq-agent/issue-3039-30404410637-1
2026-09-10T15:48:57.6746214Z  * [new branch]        sparq-agent/issue-3046-30725991258-1 -> origin/sparq-agent/issue-3046-30725991258-1
2026-09-10T15:48:57.6747343Z  * [new branch]        sparq-agent/issue-3046-33468468813-1 -> origin/sparq-agent/issue-3046-33468468813-1
2026-09-10T15:48:57.6748343Z  * [new branch]        sparq-agent/issue-3053-30752655596-1 -> origin/sparq-agent/issue-3053-30752655596-1
2026-09-10T15:48:57.6749327Z  * [new branch]        sparq-agent/issue-3053-33571716082-1 -> origin/sparq-agent/issue-3053-33571716082-1
2026-09-10T15:48:57.6750312Z  * [new branch]        sparq-agent/issue-3053-33707827864-1 -> origin/sparq-agent/issue-3053-33707827864-1
2026-09-10T15:48:57.6751287Z  * [new branch]        sparq-agent/issue-3054-30762715331-1 -> origin/sparq-agent/issue-3054-30762715331-1
2026-09-10T15:48:57.6752277Z  * [new branch]        sparq-agent/issue-3054-33639626403-1 -> origin/sparq-agent/issue-3054-33639626403-1
2026-09-10T15:48:57.6753251Z  * [new branch]        sparq-agent/issue-3057-30619241058-1 -> origin/sparq-agent/issue-3057-30619241058-1
2026-09-10T15:48:57.6754230Z  * [new branch]        sparq-agent/issue-3057-30678461542-1 -> origin/sparq-agent/issue-3057-30678461542-1
2026-09-10T15:48:57.6755550Z  * [new branch]        sparq-agent/issue-3057-30749904187-1 -> origin/sparq-agent/issue-3057-30749904187-1
2026-09-10T15:48:57.6756705Z  * [new branch]        sparq-agent/issue-3069-30227743854-1 -> origin/sparq-agent/issue-3069-30227743854-1
2026-09-10T15:48:57.6757706Z  * [new branch]        sparq-agent/issue-3070-30205968539-1 -> origin/sparq-agent/issue-3070-30205968539-1
2026-09-10T15:48:57.6758697Z  * [new branch]        sparq-agent/issue-3072-30602734644-1 -> origin/sparq-agent/issue-3072-30602734644-1
2026-09-10T15:48:57.6759685Z  * [new branch]        sparq-agent/issue-3072-33400277479-1 -> origin/sparq-agent/issue-3072-33400277479-1
2026-09-10T15:48:57.6760661Z  * [new branch]        sparq-agent/issue-3073-30603816144-1 -> origin/sparq-agent/issue-3073-30603816144-1
2026-09-10T15:48:57.6761633Z  * [new branch]        sparq-agent/issue-3073-30749908191-1 -> origin/sparq-agent/issue-3073-30749908191-1
2026-09-10T15:48:57.6762618Z  * [new branch]        sparq-agent/issue-3079-29707043227-1 -> origin/sparq-agent/issue-3079-29707043227-1
2026-09-10T15:48:57.6763599Z  * [new branch]        sparq-agent/issue-3081-29673565284-1 -> origin/sparq-agent/issue-3081-29673565284-1
2026-09-10T15:48:57.6764824Z  * [new branch]        sparq-agent/issue-3087-30346266087-1 -> origin/sparq-agent/issue-3087-30346266087-1
2026-09-10T15:48:57.6765833Z  * [new branch]        sparq-agent/issue-3119-30675543651-1 -> origin/sparq-agent/issue-3119-30675543651-1
2026-09-10T15:48:57.6766821Z  * [new branch]        sparq-agent/issue-3127-30331254047-1 -> origin/sparq-agent/issue-3127-30331254047-1
2026-09-10T15:48:57.6767796Z  * [new branch]        sparq-agent/issue-3146-30758220238-1 -> origin/sparq-agent/issue-3146-30758220238-1
2026-09-10T15:48:57.6768774Z  * [new branch]        sparq-agent/issue-3151-33750643331-1 -> origin/sparq-agent/issue-3151-33750643331-1
2026-09-10T15:48:57.6769755Z  * [new branch]        sparq-agent/issue-3175-30614867753-1 -> origin/sparq-agent/issue-3175-30614867753-1
2026-09-10T15:48:57.6770735Z  * [new branch]        sparq-agent/issue-3176-30432449182-1 -> origin/sparq-agent/issue-3176-30432449182-1
2026-09-10T15:48:57.6771720Z  * [new branch]        sparq-agent/issue-3181-30240827005-1 -> origin/sparq-agent/issue-3181-30240827005-1
2026-09-10T15:48:57.6772692Z  * [new branch]        sparq-agent/issue-3187-30218130575-1 -> origin/sparq-agent/issue-3187-30218130575-1
2026-09-10T15:48:57.6773665Z  * [new branch]        sparq-agent/issue-3189-30221687603-1 -> origin/sparq-agent/issue-3189-30221687603-1
2026-09-10T15:48:57.6774792Z  * [new branch]        sparq-agent/issue-3195-30183658471-1 -> origin/sparq-agent/issue-3195-30183658471-1
2026-09-10T15:48:57.6775769Z  * [new branch]        sparq-agent/issue-3196-30212368177-1 -> origin/sparq-agent/issue-3196-30212368177-1
2026-09-10T15:48:57.6776749Z  * [new branch]        sparq-agent/issue-3201-33830321044-1 -> origin/sparq-agent/issue-3201-33830321044-1
2026-09-10T15:48:57.6777871Z  * [new branch]        sparq-agent/issue-3207-30218511519-1 -> origin/sparq-agent/issue-3207-30218511519-1
2026-09-10T15:48:57.6778900Z  * [new branch]        sparq-agent/issue-3213-33711458564-1 -> origin/sparq-agent/issue-3213-33711458564-1
2026-09-10T15:48:57.6779896Z  * [new branch]        sparq-agent/issue-3214-30684243797-1 -> origin/sparq-agent/issue-3214-30684243797-1
2026-09-10T15:48:57.6780886Z  * [new branch]        sparq-agent/issue-3216-30184109599-1 -> origin/sparq-agent/issue-3216-30184109599-1
2026-09-10T15:48:57.6781878Z  * [new branch]        sparq-agent/issue-3221-30409667536-1 -> origin/sparq-agent/issue-3221-30409667536-1
2026-09-10T15:48:57.6782855Z  * [new branch]        sparq-agent/issue-3232-30183669633-1 -> origin/sparq-agent/issue-3232-30183669633-1
2026-09-10T15:48:57.6783833Z  * [new branch]        sparq-agent/issue-3235-29684750417-1 -> origin/sparq-agent/issue-3235-29684750417-1
2026-09-10T15:48:57.6785113Z  * [new branch]        sparq-agent/issue-3239-30183675349-1 -> origin/sparq-agent/issue-3239-30183675349-1
2026-09-10T15:48:57.6786105Z  * [new branch]        sparq-agent/issue-3241-30206518731-1 -> origin/sparq-agent/issue-3241-30206518731-1
2026-09-10T15:48:57.6787243Z  * [new branch]        sparq-agent/issue-3244-30443828710-1 -> origin/sparq-agent/issue-3244-30443828710-1
2026-09-10T15:48:57.6788221Z  * [new branch]        sparq-agent/issue-3249-30618595885-1 -> origin/sparq-agent/issue-3249-30618595885-1
2026-09-10T15:48:57.6789198Z  * [new branch]        sparq-agent/issue-3252-30184311248-1 -> origin/sparq-agent/issue-3252-30184311248-1
2026-09-10T15:48:57.6790169Z  * [new branch]        sparq-agent/issue-3252-30316226192-1 -> origin/sparq-agent/issue-3252-30316226192-1
2026-09-10T15:48:57.6791147Z  * [new branch]        sparq-agent/issue-3252-30382374931-1 -> origin/sparq-agent/issue-3252-30382374931-1
2026-09-10T15:48:57.6792132Z  * [new branch]        sparq-agent/issue-3275-29688916939-1 -> origin/sparq-agent/issue-3275-29688916939-1
2026-09-10T15:48:57.6793111Z  * [new branch]        sparq-agent/issue-3275-30747826635-1 -> origin/sparq-agent/issue-3275-30747826635-1
2026-09-10T15:48:57.6794104Z  * [new branch]        sparq-agent/issue-3275-33567148391-1 -> origin/sparq-agent/issue-3275-33567148391-1
2026-09-10T15:48:57.6795379Z  * [new branch]        sparq-agent/issue-3281-30676340333-1 -> origin/sparq-agent/issue-3281-30676340333-1
2026-09-10T15:48:57.6796382Z  * [new branch]        sparq-agent/issue-3286-29688918998-1 -> origin/sparq-agent/issue-3286-29688918998-1
2026-09-10T15:48:57.6797365Z  * [new branch]        sparq-agent/issue-3290-30619981148-1 -> origin/sparq-agent/issue-3290-30619981148-1
2026-09-10T15:48:57.6798348Z  * [new branch]        sparq-agent/issue-3290-33460746021-1 -> origin/sparq-agent/issue-3290-33460746021-1
2026-09-10T15:48:57.6799330Z  * [new branch]        sparq-agent/issue-3296-33788937305-1 -> origin/sparq-agent/issue-3296-33788937305-1
2026-09-10T15:48:57.6800306Z  * [new branch]        sparq-agent/issue-3297-30215856335-1 -> origin/sparq-agent/issue-3297-30215856335-1
2026-09-10T15:48:57.6801301Z  * [new branch]        sparq-agent/issue-3297-30320300769-1 -> origin/sparq-agent/issue-3297-30320300769-1
2026-09-10T15:48:57.6802292Z  * [new branch]        sparq-agent/issue-3315-30227757694-1 -> origin/sparq-agent/issue-3315-30227757694-1
2026-09-10T15:48:57.6803275Z  * [new branch]        sparq-agent/issue-3320-29691547640-1 -> origin/sparq-agent/issue-3320-29691547640-1
2026-09-10T15:48:57.6804266Z  * [new branch]        sparq-agent/issue-3321-29693045373-1 -> origin/sparq-agent/issue-3321-29693045373-1
2026-09-10T15:48:57.6805388Z  * [new branch]        sparq-agent/issue-3342-29679415834-1 -> origin/sparq-agent/issue-3342-29679415834-1
2026-09-10T15:48:57.6806377Z  * [new branch]        sparq-agent/issue-3342-30853233450-1 -> origin/sparq-agent/issue-3342-30853233450-1
2026-09-10T15:48:57.6807355Z  * [new branch]        sparq-agent/issue-3343-30183689015-1 -> origin/sparq-agent/issue-3343-30183689015-1
2026-09-10T15:48:57.6808526Z  * [new branch]        sparq-agent/issue-3349-29626187834-1 -> origin/sparq-agent/issue-3349-29626187834-1
2026-09-10T15:48:57.6809517Z  * [new branch]        sparq-agent/issue-3350-30821015752-1 -> origin/sparq-agent/issue-3350-30821015752-1
2026-09-10T15:48:57.6810501Z  * [new branch]        sparq-agent/issue-3351-29675474763-1 -> origin/sparq-agent/issue-3351-29675474763-1
2026-09-10T15:48:57.6811478Z  * [new branch]        sparq-agent/issue-3387-30183694656-1 -> origin/sparq-agent/issue-3387-30183694656-1
2026-09-10T15:48:57.6812444Z  * [new branch]        sparq-agent/issue-3387-30298485614-1 -> origin/sparq-agent/issue-3387-30298485614-1
2026-09-10T15:48:57.6813420Z  * [new branch]        sparq-agent/issue-3409-30219195734-1 -> origin/sparq-agent/issue-3409-30219195734-1
2026-09-10T15:48:57.6814533Z  * [new branch]        sparq-agent/issue-3490-29983755970-1 -> origin/sparq-agent/issue-3490-29983755970-1
2026-09-10T15:48:57.6815517Z  * [new branch]        sparq-agent/issue-3494-30182896419-1 -> origin/sparq-agent/issue-3494-30182896419-1
2026-09-10T15:48:57.6816505Z  * [new branch]        sparq-agent/issue-3498-29859422739-1 -> origin/sparq-agent/issue-3498-29859422739-1
2026-09-10T15:48:57.6817614Z  * [new branch]        sparq-agent/issue-3517-30284835194-1 -> origin/sparq-agent/issue-3517-30284835194-1
2026-09-10T15:48:57.6818595Z  * [new branch]        sparq-agent/issue-3532-33403685206-1 -> origin/sparq-agent/issue-3532-33403685206-1
2026-09-10T15:48:57.6819572Z  * [new branch]        sparq-agent/issue-3699-30381612822-1 -> origin/sparq-agent/issue-3699-30381612822-1
2026-09-10T15:48:57.6820560Z  * [new branch]        sparq-agent/issue-3702-30369135499-1 -> origin/sparq-agent/issue-3702-30369135499-1
2026-09-10T15:48:57.6821539Z  * [new branch]        sparq-agent/issue-3713-30627442642-1 -> origin/sparq-agent/issue-3713-30627442642-1
2026-09-10T15:48:57.6822509Z  * [new branch]        sparq-agent/issue-3786-30625915319-1 -> origin/sparq-agent/issue-3786-30625915319-1
2026-09-10T15:48:57.6823485Z  * [new branch]        sparq-agent/issue-3796-30199052628-1 -> origin/sparq-agent/issue-3796-30199052628-1
2026-09-10T15:48:57.6824741Z  * [new branch]        sparq-agent/issue-3806-30180080878-1 -> origin/sparq-agent/issue-3806-30180080878-1
2026-09-10T15:48:57.6825763Z  * [new branch]        sparq-agent/issue-3812-30423343220-1 -> origin/sparq-agent/issue-3812-30423343220-1
2026-09-10T15:48:57.6826757Z  * [new branch]        sparq-agent/issue-3814-30627448615-1 -> origin/sparq-agent/issue-3814-30627448615-1
2026-09-10T15:48:57.6827736Z  * [new branch]        sparq-agent/issue-3817-30823598056-1 -> origin/sparq-agent/issue-3817-30823598056-1
2026-09-10T15:48:57.6828719Z  * [new branch]        sparq-agent/issue-4518-30257410434-1 -> origin/sparq-agent/issue-4518-30257410434-1
2026-09-10T15:48:57.6829688Z  * [new branch]        sparq-agent/issue-4542-30631173424-1 -> origin/sparq-agent/issue-4542-30631173424-1
2026-09-10T15:48:57.6830673Z  * [new branch]        sparq-agent/issue-4542-33464370855-1 -> origin/sparq-agent/issue-4542-33464370855-1
2026-09-10T15:48:57.6831659Z  * [new branch]        sparq-agent/issue-4567-30633571951-1 -> origin/sparq-agent/issue-4567-30633571951-1
2026-09-10T15:48:57.6832831Z  * [new branch]        sparq-agent/issue-4567-33468488192-1 -> origin/sparq-agent/issue-4567-33468488192-1
2026-09-10T15:48:57.6834139Z  * [new branch]        sparq-agent/issue-4582-30483355695-1 -> origin/sparq-agent/issue-4582-30483355695-1
2026-09-10T15:48:57.6835623Z  * [new branch]        sparq-agent/issue-4586-30826044159-1 -> origin/sparq-agent/issue-4586-30826044159-1
2026-09-10T15:48:57.6836860Z  * [new branch]        sparq-agent/issue-4615-30642675505-1 -> origin/sparq-agent/issue-4615-30642675505-1
2026-09-10T15:48:57.6838136Z  * [new branch]        sparq-agent/issue-4619-30649524637-1 -> origin/sparq-agent/issue-4619-30649524637-1
2026-09-10T15:48:57.6839300Z  * [new branch]        sparq-agent/issue-4677-30670830099-1 -> origin/sparq-agent/issue-4677-30670830099-1
2026-09-10T15:48:57.6840547Z  * [new branch]        sparq-agent/issue-4677-30766790304-1 -> origin/sparq-agent/issue-4677-30766790304-1
2026-09-10T15:48:57.6841890Z  * [new branch]        sparq-agent/issue-4677-33684227107-1 -> origin/sparq-agent/issue-4677-33684227107-1
2026-09-10T15:48:57.6843180Z  * [new branch]        sparq-agent/issue-4802-30654858799-1 -> origin/sparq-agent/issue-4802-30654858799-1
2026-09-10T15:48:57.6858402Z  * [new branch]        sparq-agent/issue-4820-30828450369-1 -> origin/sparq-agent/issue-4820-30828450369-1
2026-09-10T15:48:57.6859571Z  * [new branch]        sparq-agent/issue-4820-33744927064-1 -> origin/sparq-agent/issue-4820-33744927064-1
2026-09-10T15:48:57.6860631Z  * [new branch]        sparq-agent/issue-4877-33495664227-1 -> origin/sparq-agent/issue-4877-33495664227-1
2026-09-10T15:48:57.6861639Z  * [new branch]        sparq-agent/issue-4877-33685329487-1 -> origin/sparq-agent/issue-4877-33685329487-1
2026-09-10T15:48:57.6862647Z  * [new branch]        sparq-agent/issue-4878-33582850781-1 -> origin/sparq-agent/issue-4878-33582850781-1
2026-09-10T15:48:57.6863651Z  * [new branch]        sparq-agent/issue-4878-33721415162-1 -> origin/sparq-agent/issue-4878-33721415162-1
2026-09-10T15:48:57.6865215Z  * [new branch]        sparq-agent/issue-4879-33770089960-1 -> origin/sparq-agent/issue-4879-33770089960-1
2026-09-10T15:48:57.6866260Z  * [new branch]        sparq-agent/issue-4964-33796154060-1 -> origin/sparq-agent/issue-4964-33796154060-1
2026-09-10T15:48:57.6867256Z  * [new branch]        sparq-agent/issue-4970-30439677411-1 -> origin/sparq-agent/issue-4970-30439677411-1
2026-09-10T15:48:57.6868249Z  * [new branch]        sparq-agent/issue-4985-30664354761-1 -> origin/sparq-agent/issue-4985-30664354761-1
2026-09-10T15:48:57.6869218Z  * [new branch]        sparq-agent/issue-4985-33550077908-1 -> origin/sparq-agent/issue-4985-33550077908-1
2026-09-10T15:48:57.6870199Z  * [new branch]        sparq-agent/issue-4997-30666655216-1 -> origin/sparq-agent/issue-4997-30666655216-1
2026-09-10T15:48:57.6871169Z  * [new branch]        sparq-agent/issue-4997-33500915742-1 -> origin/sparq-agent/issue-4997-33500915742-1
2026-09-10T15:48:57.6872160Z  * [new branch]        sparq-agent/issue-5004-30668057521-1 -> origin/sparq-agent/issue-5004-30668057521-1
2026-09-10T15:48:57.6873144Z  * [new branch]        sparq-agent/issue-5019-30673145789-1 -> origin/sparq-agent/issue-5019-30673145789-1
2026-09-10T15:48:57.6874115Z  * [new branch]        sparq-agent/issue-5019-33503274027-1 -> origin/sparq-agent/issue-5019-33503274027-1
2026-09-10T15:48:57.6875277Z  * [new branch]        sparq-agent/issue-5127-30691340452-1 -> origin/sparq-agent/issue-5127-30691340452-1
2026-09-10T15:48:57.6876266Z  * [new branch]        sparq-agent/issue-5133-30696175825-1 -> origin/sparq-agent/issue-5133-30696175825-1
2026-09-10T15:48:57.6877239Z  * [new branch]        sparq-agent/issue-5133-33422168336-1 -> origin/sparq-agent/issue-5133-33422168336-1
2026-09-10T15:48:57.6878215Z  * [new branch]        sparq-agent/issue-5138-30697005895-1 -> origin/sparq-agent/issue-5138-30697005895-1
2026-09-10T15:48:57.6879199Z  * [new branch]        sparq-agent/issue-5138-33470116586-1 -> origin/sparq-agent/issue-5138-33470116586-1
2026-09-10T15:48:57.6880186Z  * [new branch]        sparq-agent/issue-5139-30700837697-1 -> origin/sparq-agent/issue-5139-30700837697-1
2026-09-10T15:48:57.6881158Z  * [new branch]        sparq-agent/issue-5139-33478394804-1 -> origin/sparq-agent/issue-5139-33478394804-1
2026-09-10T15:48:57.6882141Z  * [new branch]        sparq-agent/issue-5140-30703237788-1 -> origin/sparq-agent/issue-5140-30703237788-1
2026-09-10T15:48:57.6883107Z  * [new branch]        sparq-agent/issue-5140-33488014712-1 -> origin/sparq-agent/issue-5140-33488014712-1
2026-09-10T15:48:57.6884085Z  * [new branch]        sparq-agent/issue-5148-30710068804-1 -> origin/sparq-agent/issue-5148-30710068804-1
2026-09-10T15:48:57.6885382Z  * [new branch]        sparq-agent/issue-5148-33398619309-1 -> origin/sparq-agent/issue-5148-33398619309-1
2026-09-10T15:48:57.6886378Z  * [new branch]        sparq-agent/issue-5149-30711341266-1 -> origin/sparq-agent/issue-5149-30711341266-1
2026-09-10T15:48:57.6887512Z  * [new branch]        sparq-agent/issue-5155-30713467004-1 -> origin/sparq-agent/issue-5155-30713467004-1
2026-09-10T15:48:57.6888502Z  * [new branch]        sparq-agent/issue-5155-33523440404-1 -> origin/sparq-agent/issue-5155-33523440404-1
2026-09-10T15:48:57.6889478Z  * [new branch]        sparq-agent/issue-5160-30714442312-1 -> origin/sparq-agent/issue-5160-30714442312-1
2026-09-10T15:48:57.6890478Z  * [new branch]        sparq-agent/issue-5160-33497644557-1 -> origin/sparq-agent/issue-5160-33497644557-1
2026-09-10T15:48:57.6891464Z  * [new branch]        sparq-agent/issue-5162-30715844089-1 -> origin/sparq-agent/issue-5162-30715844089-1
2026-09-10T15:48:57.6892444Z  * [new branch]        sparq-agent/issue-5164-30717880324-1 -> origin/sparq-agent/issue-5164-30717880324-1
2026-09-10T15:48:57.6893411Z  * [new branch]        sparq-agent/issue-5164-33544318903-1 -> origin/sparq-agent/issue-5164-33544318903-1
2026-09-10T15:48:57.6894563Z  * [new branch]        sparq-agent/issue-5166-30720135102-1 -> origin/sparq-agent/issue-5166-30720135102-1
2026-09-10T15:48:57.6895714Z  * [new branch]        sparq-agent/issue-5166-33506241489-1 -> origin/sparq-agent/issue-5166-33506241489-1
2026-09-10T15:48:57.6896683Z  * [new branch]        sparq-agent/issue-5213-30720894127-1 -> origin/sparq-agent/issue-5213-30720894127-1
2026-09-10T15:48:57.6897662Z  * [new branch]        sparq-agent/issue-5213-33577612843-1 -> origin/sparq-agent/issue-5213-33577612843-1
2026-09-10T15:48:57.6898633Z  * [new branch]        sparq-agent/issue-5214-30722549035-1 -> origin/sparq-agent/issue-5214-30722549035-1
2026-09-10T15:48:57.6899608Z  * [new branch]        sparq-agent/issue-5214-33598173100-1 -> origin/sparq-agent/issue-5214-33598173100-1
2026-09-10T15:48:57.6900571Z  * [new branch]        sparq-agent/issue-5215-30723403149-1 -> origin/sparq-agent/issue-5215-30723403149-1
2026-09-10T15:48:57.6901532Z  * [new branch]        sparq-agent/issue-5215-33664975089-1 -> origin/sparq-agent/issue-5215-33664975089-1
2026-09-10T15:48:57.6902511Z  * [new branch]        sparq-agent/issue-5221-30725994916-1 -> origin/sparq-agent/issue-5221-30725994916-1
2026-09-10T15:48:57.6903482Z  * [new branch]        sparq-agent/issue-5231-30728509265-1 -> origin/sparq-agent/issue-5231-30728509265-1
2026-09-10T15:48:57.6904760Z  * [new branch]        sparq-agent/issue-5231-33547717941-1 -> origin/sparq-agent/issue-5231-33547717941-1
2026-09-10T15:48:57.6905766Z  * [new branch]        sparq-agent/issue-5235-30746968534-1 -> origin/sparq-agent/issue-5235-30746968534-1
2026-09-10T15:48:57.6906754Z  * [new branch]        sparq-agent/issue-5235-33688666203-1 -> origin/sparq-agent/issue-5235-33688666203-1
2026-09-10T15:48:57.6907739Z  * [new branch]        sparq-agent/issue-5237-30747831190-1 -> origin/sparq-agent/issue-5237-30747831190-1
2026-09-10T15:48:57.6908707Z  * [new branch]        sparq-agent/issue-5237-33525930197-1 -> origin/sparq-agent/issue-5237-33525930197-1
2026-09-10T15:48:57.6909684Z  * [new branch]        sparq-agent/issue-5237-33796171626-1 -> origin/sparq-agent/issue-5237-33796171626-1
2026-09-10T15:48:57.6910667Z  * [new branch]        sparq-agent/issue-5242-30749037516-1 -> origin/sparq-agent/issue-5242-30749037516-1
2026-09-10T15:48:57.6911635Z  * [new branch]        sparq-agent/issue-5243-30750712806-1 -> origin/sparq-agent/issue-5243-30750712806-1
2026-09-10T15:48:57.6912593Z  * [new branch]        sparq-agent/issue-5243-33560838926-1 -> origin/sparq-agent/issue-5243-33560838926-1
2026-09-10T15:48:57.6913555Z  * [new branch]        sparq-agent/issue-5250-30753520497-1 -> origin/sparq-agent/issue-5250-30753520497-1
2026-09-10T15:48:57.6914706Z  * [new branch]        sparq-agent/issue-5250-33530247824-1 -> origin/sparq-agent/issue-5250-33530247824-1
2026-09-10T15:48:57.6915684Z  * [new branch]        sparq-agent/issue-5281-30756967729-1 -> origin/sparq-agent/issue-5281-30756967729-1
2026-09-10T15:48:57.6916645Z  * [new branch]        sparq-agent/issue-5281-33707837747-1 -> origin/sparq-agent/issue-5281-33707837747-1
2026-09-10T15:48:57.6917748Z  * [new branch]        sparq-agent/issue-5304-30757808559-1 -> origin/sparq-agent/issue-5304-30757808559-1
2026-09-10T15:48:57.6918731Z  * [new branch]        sparq-agent/issue-5305-30758567694-1 -> origin/sparq-agent/issue-5305-30758567694-1
2026-09-10T15:48:57.6919696Z  * [new branch]        sparq-agent/issue-5305-33532614505-1 -> origin/sparq-agent/issue-5305-33532614505-1
2026-09-10T15:48:57.6920649Z  * [new branch]        sparq-agent/issue-5336-30762720017-1 -> origin/sparq-agent/issue-5336-30762720017-1
2026-09-10T15:48:57.6921608Z  * [new branch]        sparq-agent/issue-5336-33681875515-1 -> origin/sparq-agent/issue-5336-33681875515-1
2026-09-10T15:48:57.6922563Z  * [new branch]        sparq-agent/issue-5342-30763674783-1 -> origin/sparq-agent/issue-5342-30763674783-1
2026-09-10T15:48:57.6923530Z  * [new branch]        sparq-agent/issue-5352-30764423103-1 -> origin/sparq-agent/issue-5352-30764423103-1
2026-09-10T15:48:57.6924818Z  * [new branch]        sparq-agent/issue-5352-33693360350-1 -> origin/sparq-agent/issue-5352-33693360350-1
2026-09-10T15:48:57.6925983Z  * [new branch]        sparq-agent/issue-5367-30765673300-1 -> origin/sparq-agent/issue-5367-30765673300-1
2026-09-10T15:48:57.6926959Z  * [new branch]        sparq-agent/issue-5371-30769014154-1 -> origin/sparq-agent/issue-5371-30769014154-1
2026-09-10T15:48:57.6927945Z  * [new branch]        sparq-agent/issue-5371-33536780438-1 -> origin/sparq-agent/issue-5371-33536780438-1
2026-09-10T15:48:57.6928934Z  * [new branch]        sparq-agent/issue-5425-30769848930-1 -> origin/sparq-agent/issue-5425-30769848930-1
2026-09-10T15:48:57.6929904Z  * [new branch]        sparq-agent/issue-5425-33584323529-1 -> origin/sparq-agent/issue-5425-33584323529-1
2026-09-10T15:48:57.6930870Z  * [new branch]        sparq-agent/issue-5426-30770753714-1 -> origin/sparq-agent/issue-5426-30770753714-1
2026-09-10T15:48:57.6931844Z  * [new branch]        sparq-agent/issue-5426-33734470750-1 -> origin/sparq-agent/issue-5426-33734470750-1
2026-09-10T15:48:57.6932819Z  * [new branch]        sparq-agent/issue-5462-30773668490-1 -> origin/sparq-agent/issue-5462-30773668490-1
2026-09-10T15:48:57.6933800Z  * [new branch]        sparq-agent/issue-5462-33541799610-1 -> origin/sparq-agent/issue-5462-33541799610-1
2026-09-10T15:48:57.6934955Z  * [new branch]        sparq-agent/issue-5514-30686162429-1 -> origin/sparq-agent/issue-5514-30686162429-1
2026-09-10T15:48:57.6935931Z  * [new branch]        sparq-agent/issue-5546-30694825688-1 -> origin/sparq-agent/issue-5546-30694825688-1
2026-09-10T15:48:57.6936893Z  * [new branch]        sparq-agent/issue-5574-30778944666-1 -> origin/sparq-agent/issue-5574-30778944666-1
2026-09-10T15:48:57.6937900Z  * [new branch]        sparq-agent/issue-5574-33564976933-1 -> origin/sparq-agent/issue-5574-33564976933-1
2026-09-10T15:48:57.6938868Z  * [new branch]        sparq-agent/issue-5575-30780030481-1 -> origin/sparq-agent/issue-5575-30780030481-1
2026-09-10T15:48:57.6939842Z  * [new branch]        sparq-agent/issue-5579-33802218391-1 -> origin/sparq-agent/issue-5579-33802218391-1
2026-09-10T15:48:57.6940823Z  * [new branch]        sparq-agent/issue-5654-30781838682-1 -> origin/sparq-agent/issue-5654-30781838682-1
2026-09-10T15:48:57.6941788Z  * [new branch]        sparq-agent/issue-5654-33567161582-1 -> origin/sparq-agent/issue-5654-33567161582-1
2026-09-10T15:48:57.6942755Z  * [new branch]        sparq-agent/issue-5654-33706320012-1 -> origin/sparq-agent/issue-5654-33706320012-1
2026-09-10T15:48:57.6943720Z  * [new branch]        sparq-agent/issue-5668-30746973956-1 -> origin/sparq-agent/issue-5668-30746973956-1
2026-09-10T15:48:57.6944947Z  * [new branch]        sparq-agent/issue-5686-30756491807-1 -> origin/sparq-agent/issue-5686-30756491807-1
2026-09-10T15:48:57.6945929Z  * [new branch]        sparq-agent/issue-5690-30782887357-1 -> origin/sparq-agent/issue-5690-30782887357-1
2026-09-10T15:48:57.6946881Z  * [new branch]        sparq-agent/issue-5691-30783793868-1 -> origin/sparq-agent/issue-5691-30783793868-1
2026-09-10T15:48:57.6947984Z  * [new branch]        sparq-agent/issue-5692-30784971187-1 -> origin/sparq-agent/issue-5692-30784971187-1
2026-09-10T15:48:57.6948964Z  * [new branch]        sparq-agent/issue-5692-33587562225-1 -> origin/sparq-agent/issue-5692-33587562225-1
2026-09-10T15:48:57.6949922Z  * [new branch]        sparq-agent/issue-5701-30785833418-1 -> origin/sparq-agent/issue-5701-30785833418-1
2026-09-10T15:48:57.6950888Z  * [new branch]        sparq-agent/issue-5701-33575606286-1 -> origin/sparq-agent/issue-5701-33575606286-1
2026-09-10T15:48:57.6951844Z  * [new branch]        sparq-agent/issue-5701-33799859530-1 -> origin/sparq-agent/issue-5701-33799859530-1
2026-09-10T15:48:57.6952805Z  * [new branch]        sparq-agent/issue-5742-30787295836-1 -> origin/sparq-agent/issue-5742-30787295836-1
2026-09-10T15:48:57.6953774Z  * [new branch]        sparq-agent/issue-5742-33696975601-1 -> origin/sparq-agent/issue-5742-33696975601-1
2026-09-10T15:48:57.6954949Z  * [new branch]        sparq-agent/issue-5772-30790657188-1 -> origin/sparq-agent/issue-5772-30790657188-1
2026-09-10T15:48:57.6955935Z  * [new branch]        sparq-agent/issue-5772-33579208678-1 -> origin/sparq-agent/issue-5772-33579208678-1
2026-09-10T15:48:57.6957038Z  * [new branch]        sparq-agent/issue-5772-33713718804-1 -> origin/sparq-agent/issue-5772-33713718804-1
2026-09-10T15:48:57.6958016Z  * [new branch]        sparq-agent/issue-5776-30791995872-1 -> origin/sparq-agent/issue-5776-30791995872-1
2026-09-10T15:48:57.6958975Z  * [new branch]        sparq-agent/issue-5776-33595125451-1 -> origin/sparq-agent/issue-5776-33595125451-1
2026-09-10T15:48:57.6959925Z  * [new branch]        sparq-agent/issue-5777-30794143943-1 -> origin/sparq-agent/issue-5777-30794143943-1
2026-09-10T15:48:57.6960893Z  * [new branch]        sparq-agent/issue-5777-33633947121-1 -> origin/sparq-agent/issue-5777-33633947121-1
2026-09-10T15:48:57.6961849Z  * [new branch]        sparq-agent/issue-5799-30796938379-1 -> origin/sparq-agent/issue-5799-30796938379-1
2026-09-10T15:48:57.6962812Z  * [new branch]        sparq-agent/issue-5799-33600224354-1 -> origin/sparq-agent/issue-5799-33600224354-1
2026-09-10T15:48:57.6963779Z  * [new branch]        sparq-agent/issue-5802-30803006000-1 -> origin/sparq-agent/issue-5802-30803006000-1
2026-09-10T15:48:57.6965061Z  * [new branch]        sparq-agent/issue-5802-33756555447-1 -> origin/sparq-agent/issue-5802-33756555447-1
2026-09-10T15:48:57.6966045Z  * [new branch]        sparq-agent/issue-5804-30804506378-1 -> origin/sparq-agent/issue-5804-30804506378-1
2026-09-10T15:48:57.6967015Z  * [new branch]        sparq-agent/issue-5804-33721428266-1 -> origin/sparq-agent/issue-5804-33721428266-1
2026-09-10T15:48:57.6967970Z  * [new branch]        sparq-agent/issue-5823-30806608533-1 -> origin/sparq-agent/issue-5823-30806608533-1
2026-09-10T15:48:57.6968933Z  * [new branch]        sparq-agent/issue-5843-30810334602-1 -> origin/sparq-agent/issue-5843-30810334602-1
2026-09-10T15:48:57.6969903Z  * [new branch]        sparq-agent/issue-5843-33610175187-1 -> origin/sparq-agent/issue-5843-33610175187-1
2026-09-10T15:48:57.6970871Z  * [new branch]        sparq-agent/issue-5843-33802234792-1 -> origin/sparq-agent/issue-5843-33802234792-1
2026-09-10T15:48:57.6971830Z  * [new branch]        sparq-agent/issue-5849-30811882006-1 -> origin/sparq-agent/issue-5849-30811882006-1
2026-09-10T15:48:57.6972789Z  * [new branch]        sparq-agent/issue-5851-30813577509-1 -> origin/sparq-agent/issue-5851-30813577509-1
2026-09-10T15:48:57.6973748Z  * [new branch]        sparq-agent/issue-6026-33415000176-1 -> origin/sparq-agent/issue-6026-33415000176-1
2026-09-10T15:48:57.6974865Z  * [new branch]        sparq-agent/issue-6026-33874165616-1 -> origin/sparq-agent/issue-6026-33874165616-1
2026-09-10T15:48:57.6975822Z  * [new branch]        sparq-agent/issue-6048-33455875281-1 -> origin/sparq-agent/issue-6048-33455875281-1
2026-09-10T15:48:57.6976785Z  * [new branch]        sparq-agent/issue-6048-33690568033-1 -> origin/sparq-agent/issue-6048-33690568033-1
2026-09-10T15:48:57.6977890Z  * [new branch]        sparq-agent/issue-6060-33622902610-1 -> origin/sparq-agent/issue-6060-33622902610-1
2026-09-10T15:48:57.6978868Z  * [new branch]        sparq-agent/issue-6068-33458524418-1 -> origin/sparq-agent/issue-6068-33458524418-1
2026-09-10T15:48:57.6979825Z  * [new branch]        sparq-agent/issue-6068-33670685917-1 -> origin/sparq-agent/issue-6068-33670685917-1
2026-09-10T15:48:57.6980772Z  * [new branch]        sparq-agent/issue-6071-33813126681-1 -> origin/sparq-agent/issue-6071-33813126681-1
2026-09-10T15:48:57.6981732Z  * [new branch]        sparq-agent/issue-6078-33625281904-1 -> origin/sparq-agent/issue-6078-33625281904-1
2026-09-10T15:48:57.6982690Z  * [new branch]        sparq-agent/issue-6087-33715221679-1 -> origin/sparq-agent/issue-6087-33715221679-1
2026-09-10T15:48:57.6983641Z  * [new branch]        sparq-agent/issue-6088-33716586871-1 -> origin/sparq-agent/issue-6088-33716586871-1
2026-09-10T15:48:57.6984897Z  * [new branch]        sparq-agent/issue-6096-33770110876-1 -> origin/sparq-agent/issue-6096-33770110876-1
2026-09-10T15:48:57.6985892Z  * [new branch]        sparq-agent/issue-6110-33809654537-1 -> origin/sparq-agent/issue-6110-33809654537-1
2026-09-10T15:48:57.6987008Z  * [new branch]        sparq-agent/issue-6121-33813141051-1 -> origin/sparq-agent/issue-6121-33813141051-1
2026-09-10T15:48:57.6987983Z  * [new branch]        sparq-agent/issue-6123-33816518975-1 -> origin/sparq-agent/issue-6123-33816518975-1
2026-09-10T15:48:57.6988941Z  * [new branch]        sparq-agent/issue-6132-33818517032-1 -> origin/sparq-agent/issue-6132-33818517032-1
2026-09-10T15:48:57.6989913Z  * [new branch]        sparq-agent/issue-6144-33525951515-1 -> origin/sparq-agent/issue-6144-33525951515-1
2026-09-10T15:48:57.6990869Z  * [new branch]        sparq-agent/issue-6158-33824301804-1 -> origin/sparq-agent/issue-6158-33824301804-1
2026-09-10T15:48:57.6991829Z  * [new branch]        sparq-agent/issue-6160-33833531181-1 -> origin/sparq-agent/issue-6160-33833531181-1
2026-09-10T15:48:57.6992783Z  * [new branch]        sparq-agent/issue-6222-33878571402-1 -> origin/sparq-agent/issue-6222-33878571402-1
2026-09-10T15:48:57.6993752Z  * [new branch]        sparq-agent/issue-6226-33879743377-1 -> origin/sparq-agent/issue-6226-33879743377-1
2026-09-10T15:48:57.6994866Z  * [new branch]        sparq-agent/issue-6240-33880850606-1 -> origin/sparq-agent/issue-6240-33880850606-1
2026-09-10T15:48:57.6995827Z  * [new branch]        sparq-agent/issue-6269-33884378056-1 -> origin/sparq-agent/issue-6269-33884378056-1
2026-09-10T15:48:57.6996792Z  * [new branch]        sparq-agent/issue-6273-33885422698-1 -> origin/sparq-agent/issue-6273-33885422698-1
2026-09-10T15:48:57.6997753Z  * [new branch]        sparq-agent/issue-6292-33891155157-1 -> origin/sparq-agent/issue-6292-33891155157-1
2026-09-10T15:48:57.6998710Z  * [new branch]        sparq-agent/issue-6293-33895807906-1 -> origin/sparq-agent/issue-6293-33895807906-1
2026-09-10T15:48:57.6999658Z  * [new branch]        sparq-agent/issue-6298-33897166427-1 -> origin/sparq-agent/issue-6298-33897166427-1
2026-09-10T15:48:57.7000614Z  * [new branch]        sparq-agent/issue-6302-33901518339-1 -> origin/sparq-agent/issue-6302-33901518339-1
2026-09-10T15:48:57.7001581Z  * [new branch]        sparq-agent/issue-6316-33911985819-1 -> origin/sparq-agent/issue-6316-33911985819-1
2026-09-10T15:48:57.7002542Z  * [new branch]        sparq-agent/issue-6317-33913155412-1 -> origin/sparq-agent/issue-6317-33913155412-1
2026-09-10T15:48:57.7003496Z  * [new branch]        spike-wasm-solid-sq-6xasp-1 -> origin/spike-wasm-solid-sq-6xasp-1
2026-09-10T15:48:57.7004739Z  * [new branch]        sq-3kd2g.5-zksparql-section7-fragment -> origin/sq-3kd2g.5-zksparql-section7-fragment
2026-09-10T15:48:57.7005807Z  * [new branch]        sq-4891y-firm-gufo-closure-variance -> origin/sq-4891y-firm-gufo-closure-variance
2026-09-10T15:48:57.7006789Z  * [new branch]        sq-p6p6-adaptive-replan-local -> origin/sq-p6p6-adaptive-replan-local
2026-09-10T15:48:57.7007648Z  * [new branch]        sq-vvu9d-zksparql-spec  -> origin/sq-vvu9d-zksparql-spec
2026-09-10T15:48:57.7008576Z  * [new branch]        test-geo-ogc            -> origin/test-geo-ogc
2026-09-10T15:48:57.7009346Z  * [new branch]        test/sq-2b7h7-haiku     -> origin/test/sq-2b7h7-haiku
2026-09-10T15:48:57.7010100Z  * [new branch]        test/sq-5kh4d-haiku     -> origin/test/sq-5kh4d-haiku
2026-09-10T15:48:57.7010858Z  * [new branch]        test/sq-bvdyd-haiku     -> origin/test/sq-bvdyd-haiku
2026-09-10T15:48:57.7011607Z  * [new branch]        test/sq-ct7gh-haiku     -> origin/test/sq-ct7gh-haiku
2026-09-10T15:48:57.7012366Z  * [new branch]        test/sq-dfoik-haiku     -> origin/test/sq-dfoik-haiku
2026-09-10T15:48:57.7013114Z  * [new branch]        test/sq-kcld6-haiku     -> origin/test/sq-kcld6-haiku
2026-09-10T15:48:57.7013860Z  * [new branch]        test/sq-pz5rf-haiku     -> origin/test/sq-pz5rf-haiku
2026-09-10T15:48:57.7014852Z  * [new branch]        worktree-wf_4afacebc-ecd-5 -> origin/worktree-wf_4afacebc-ecd-5
2026-09-10T15:48:57.7015726Z  * [new branch]        worktree-wf_d732273c-b02-15 -> origin/worktree-wf_d732273c-b02-15
2026-09-10T15:48:57.7016748Z  * [new branch]        zk-test-bench-design    -> origin/zk-test-bench-design
2026-09-10T15:48:57.7017432Z  * [new tag]           v0.1.0                  -> v0.1.0
2026-09-10T15:48:57.7018069Z  * [new tag]           v0.1.0-dev.3            -> v0.1.0-dev.3
2026-09-10T15:48:57.7018692Z  * [new tag]           v0.1.1                  -> v0.1.1
2026-09-10T15:48:57.7020599Z [command]/usr/bin/git branch --list --remote origin/main
2026-09-10T15:48:57.7021208Z   origin/main
2026-09-10T15:48:57.7022275Z [command]/usr/bin/git rev-parse refs/remotes/origin/main
2026-09-10T15:48:57.7022910Z f50b5049627415a0f8fd1eca6dd3cb9ac5fcd464
2026-09-10T15:48:57.7024242Z ##[endgroup]
2026-09-10T15:48:57.7025341Z ##[group]Determining the checkout info
2026-09-10T15:48:57.7026139Z ##[endgroup]
2026-09-10T15:48:57.7026622Z [command]/usr/bin/git sparse-checkout disable
2026-09-10T15:48:57.7027886Z [command]/usr/bin/git config --local --unset-all extensions.worktreeConfig
2026-09-10T15:48:57.7029360Z ##[group]Checking out the ref
2026-09-10T15:48:57.7030049Z [command]/usr/bin/git checkout --progress --force -B main refs/remotes/origin/main
2026-09-10T15:48:58.2560931Z Switched to a new branch 'main'
2026-09-10T15:48:58.2565866Z branch 'main' set up to track 'origin/main'.
2026-09-10T15:48:58.2605414Z ##[endgroup]
2026-09-10T15:48:58.2661273Z [command]/usr/bin/git log -1 --format=%H
2026-09-10T15:48:58.2696078Z f50b5049627415a0f8fd1eca6dd3cb9ac5fcd464
2026-09-10T15:48:58.2707408Z ##[group]Removing auth
2026-09-10T15:48:58.2708082Z Removing SSH command configuration
2026-09-10T15:48:58.2712115Z [command]/usr/bin/git config --local --name-only --get-regexp core\.sshCommand
2026-09-10T15:48:58.2749308Z [command]/usr/bin/git submodule foreach --recursive sh -c "git config --local --name-only --get-regexp 'core\.sshCommand' && git config --local --unset-all 'core.sshCommand' || :"
2026-09-10T15:48:58.2980984Z Removing HTTP extra header
2026-09-10T15:48:58.2984770Z [command]/usr/bin/git config --local --name-only --get-regexp http\.https\:\/\/github\.com\/\.extraheader
2026-09-10T15:48:58.3021638Z [command]/usr/bin/git submodule foreach --recursive sh -c "git config --local --name-only --get-regexp 'http\.https\:\/\/github\.com\/\.extraheader' && git config --local --unset-all 'http.https://github.com/.extraheader' || :"
2026-09-10T15:48:58.3253971Z Removing includeIf entries pointing to credentials config files
2026-09-10T15:48:58.3257787Z [command]/usr/bin/git config --local --name-only --get-regexp ^includeIf\.gitdir:
2026-09-10T15:48:58.3293201Z includeif.gitdir:/home/runner/work/sparq/sparq/.git.path
2026-09-10T15:48:58.3294835Z includeif.gitdir:/home/runner/work/sparq/sparq/.git/worktrees/*.path
2026-09-10T15:48:58.3296347Z includeif.gitdir:/github/workspace/.git.path
2026-09-10T15:48:58.3297653Z includeif.gitdir:/github/workspace/.git/worktrees/*.path
2026-09-10T15:48:58.3304778Z [command]/usr/bin/git config --local --get-all includeif.gitdir:/home/runner/work/sparq/sparq/.git.path
2026-09-10T15:48:58.3333941Z /home/runner/work/_temp/git-credentials-64152f0f-98d3-49e5-a827-0c37a353fe7c.config
2026-09-10T15:48:58.3380261Z [command]/usr/bin/git config --local --unset includeif.gitdir:/home/runner/work/sparq/sparq/.git.path /home/runner/work/_temp/git-credentials-64152f0f-98d3-49e5-a827-0c37a353fe7c.config
2026-09-10T15:48:58.3425136Z [command]/usr/bin/git config --local --get-all includeif.gitdir:/home/runner/work/sparq/sparq/.git/worktrees/*.path
2026-09-10T15:48:58.3462487Z /home/runner/work/_temp/git-credentials-64152f0f-98d3-49e5-a827-0c37a353fe7c.config
2026-09-10T15:48:58.3473338Z [command]/usr/bin/git config --local --unset includeif.gitdir:/home/runner/work/sparq/sparq/.git/worktrees/*.path /home/runner/work/_temp/git-credentials-64152f0f-98d3-49e5-a827-0c37a353fe7c.config
2026-09-10T15:48:58.3520147Z [command]/usr/bin/git config --local --get-all includeif.gitdir:/github/workspace/.git.path
2026-09-10T15:48:58.3550613Z /github/runner_temp/git-credentials-64152f0f-98d3-49e5-a827-0c37a353fe7c.config
2026-09-10T15:48:58.3561385Z [command]/usr/bin/git config --local --unset includeif.gitdir:/github/workspace/.git.path /github/runner_temp/git-credentials-64152f0f-98d3-49e5-a827-0c37a353fe7c.config
2026-09-10T15:48:58.3599280Z [command]/usr/bin/git config --local --get-all includeif.gitdir:/github/workspace/.git/worktrees/*.path
2026-09-10T15:48:58.3628338Z /github/runner_temp/git-credentials-64152f0f-98d3-49e5-a827-0c37a353fe7c.config
2026-09-10T15:48:58.3636060Z [command]/usr/bin/git config --local --unset includeif.gitdir:/github/workspace/.git/worktrees/*.path /github/runner_temp/git-credentials-64152f0f-98d3-49e5-a827-0c37a353fe7c.config
2026-09-10T15:48:58.3675235Z [command]/usr/bin/git submodule foreach --recursive git config --local --show-origin --name-only --get-regexp remote.origin.url
2026-09-10T15:48:58.3905007Z Removing credentials config '/home/runner/work/_temp/git-credentials-64152f0f-98d3-49e5-a827-0c37a353fe7c.config'
2026-09-10T15:48:58.3914728Z ##[endgroup]
2026-09-10T15:48:58.4060506Z ##[group]Run rustup default stable
2026-09-10T15:48:58.4060990Z [36;1mrustup default stable[0m
2026-09-10T15:48:58.4061357Z [36;1mrustup show active-toolchain[0m
2026-09-10T15:48:58.4103003Z shell: /usr/bin/bash -e {0}
2026-09-10T15:48:58.4103355Z env:
2026-09-10T15:48:58.4103839Z   ORCHESTRATOR_APP_ID: ***
2026-09-10T15:48:58.4104183Z ##[endgroup]
2026-09-10T15:48:58.6516502Z info: using existing install for stable-x86_64-unknown-linux-gnu
2026-09-10T15:48:58.6586021Z info: default toolchain set to stable-x86_64-unknown-linux-gnu
2026-09-10T15:48:58.6586514Z 
2026-09-10T15:49:04.1741081Z   stable-x86_64-unknown-linux-gnu unchanged - rustc 1.98.1 (48a229cea 2026-09-01)
2026-09-10T15:49:04.1742222Z info: note that the toolchain '1.97.1-x86_64-unknown-linux-gnu' is currently in use (overridden by '/home/runner/work/sparq/sparq/rust-toolchain.toml')
2026-09-10T15:49:04.1742852Z 
2026-09-10T15:49:04.2381715Z info: syncing channel updates for 1.97.1-x86_64-unknown-linux-gnu
2026-09-10T15:49:04.8344190Z info: latest update on 2026-07-16 for version 1.97.1 (8bab26f4f 2026-07-14)
2026-09-10T15:49:04.8347563Z info: downloading 6 components
2026-09-10T15:49:14.2351878Z warn: the missing active toolchain `1.97.1-x86_64-unknown-linux-gnu` has been auto-installed
2026-09-10T15:49:14.2353137Z 1.97.1-x86_64-unknown-linux-gnu (overridden by '/home/runner/work/sparq/sparq/rust-toolchain.toml')
2026-09-10T15:49:14.2354487Z warn: auto-installation is deprecated for most `rustup` commands
2026-09-10T15:49:14.2355426Z warn: scripts relying on this behavior in `rustup` may stop working in the future
2026-09-10T15:49:14.2356238Z warn: to install the active toolchain, use `rustup install` instead
2026-09-10T15:49:14.2357032Z warn: see <https://github.com/rust-lang/rustup/issues/4836> for more info
2026-09-10T15:49:14.2559347Z ##[group]Run taiki-e/install-action@18b1216eba7f8039b0f8d131d5473787f0edce68
2026-09-10T15:49:14.2559863Z with:
2026-09-10T15:49:14.2560197Z   tool: release-plz@0.3.160,cargo-semver-checks@0.48
2026-09-10T15:49:14.2560595Z   checksum: true
2026-09-10T15:49:14.2560914Z   fallback: cargo-binstall
2026-09-10T15:49:14.2561215Z env:
2026-09-10T15:49:14.2561604Z   ORCHESTRATOR_APP_ID: ***
2026-09-10T15:49:14.2561918Z ##[endgroup]
2026-09-10T15:49:14.2656675Z ##[start-action display=Run bail() {;id=__taiki-e_install-action.__run]
2026-09-10T15:49:14.2684096Z ##[group]Run bail() {
2026-09-10T15:49:14.2684682Z [36;1mbail() {[0m
2026-09-10T15:49:14.2685048Z [36;1m  printf '::error::install-action: %s\n' "$*"[0m
2026-09-10T15:49:14.2685476Z [36;1m  exit 1[0m
2026-09-10T15:49:14.2685766Z [36;1m}[0m
2026-09-10T15:49:14.2686235Z [36;1m# If /bin/sh is dash, environment variable containing % is not imported, but is fine[0m
2026-09-10T15:49:14.2686925Z [36;1m# because it also means that it will not be exposed to subprocess.[0m
2026-09-10T15:49:14.2687500Z [36;1mif /usr/bin/env | grep -Eq '^BASH_FUNC_'; then[0m
2026-09-10T15:49:14.2688168Z [36;1m  bail 'bash function injection via BASH_FUNC_ environment variable is not allowed for security reasons'[0m
2026-09-10T15:49:14.2688957Z [36;1mfi[0m
2026-09-10T15:49:14.2689278Z [36;1mif ! command -v bash >/dev/null; then[0m
2026-09-10T15:49:14.2689728Z [36;1m  if grep -Eq '^ID=alpine' /etc/os-release; then[0m
2026-09-10T15:49:14.2690281Z [36;1m    printf '::group::Install packages required for install-action (bash)\n'[0m
2026-09-10T15:49:14.2690820Z [36;1m    # NB: sync with apk_install in main.sh[0m
2026-09-10T15:49:14.2691235Z [36;1m    if command -v sudo >/dev/null; then[0m
2026-09-10T15:49:14.2691635Z [36;1m      sudo apk --no-cache add bash[0m
2026-09-10T15:49:14.2692045Z [36;1m    elif command -v doas >/dev/null; then[0m
2026-09-10T15:49:14.2692446Z [36;1m      doas apk --no-cache add bash[0m
2026-09-10T15:49:14.2692815Z [36;1m    else[0m
2026-09-10T15:49:14.2693125Z [36;1m      apk --no-cache add bash[0m
2026-09-10T15:49:14.2693474Z [36;1m    fi[0m
2026-09-10T15:49:14.2693773Z [36;1m    printf '::endgroup::\n'[0m
2026-09-10T15:49:14.2694112Z [36;1m  else[0m
2026-09-10T15:49:14.2694586Z [36;1m    bail 'this action requires bash'[0m
2026-09-10T15:49:14.2694958Z [36;1m  fi[0m
2026-09-10T15:49:14.2695229Z [36;1mfi[0m
2026-09-10T15:49:14.2695600Z [36;1mbash --noprofile --norc "${GITHUB_ACTION_PATH:?}/main.sh"[0m
2026-09-10T15:49:14.2698250Z shell: /usr/bin/env -u ENV -u BASH_ENV -u CDPATH -u SHELLOPTS -u BASHOPTS /bin/sh -eu {0}
2026-09-10T15:49:14.2698801Z env:
2026-09-10T15:49:14.2699153Z   ORCHESTRATOR_APP_ID: ***
2026-09-10T15:49:14.2699547Z   INPUT_TOOL: release-plz@0.3.160,cargo-semver-checks@0.48
2026-09-10T15:49:14.2699977Z   INPUT_CHECKSUM: true
2026-09-10T15:49:14.2700288Z   INPUT_FALLBACK: cargo-binstall
2026-09-10T15:49:14.2702827Z   DEFAULT_GITHUB_TOKEN: ***
2026-09-10T15:49:14.2703329Z   ACTION_USER_AGENT: taiki-e/install-action (18b1216eba7f8039b0f8d131d5473787f0edce68)
2026-09-10T15:49:14.2703863Z   RUNNER_OS: Linux
2026-09-10T15:49:14.2704143Z   RUNNER_ARCH: X64
2026-09-10T15:49:14.2704626Z ##[endgroup]
2026-09-10T15:49:14.2841428Z info: host platform: x86_64_linux
2026-09-10T15:49:14.3010249Z info: installing release-plz@0.3.160
2026-09-10T15:49:14.3215346Z info: downloading https://github.com/release-plz/release-plz/releases/download/release-plz-v0.3.160/release-plz-x86_64-unknown-linux-musl.tar.gz
2026-09-10T15:49:14.5769124Z info: verifying sha256 checksum for release-plz-x86_64-unknown-linux-musl.tar.gz
2026-09-10T15:49:14.9639295Z info: release-plz installed at /home/runner/.cargo/bin/release-plz
2026-09-10T15:49:14.9642520Z + release-plz --version
2026-09-10T15:49:14.9680383Z release-plz 0.3.160
2026-09-10T15:49:14.9693769Z 
2026-09-10T15:49:14.9850942Z info: installing cargo-semver-checks@0.48
2026-09-10T15:49:15.0033323Z info: downloading https://github.com/obi1kenobi/cargo-semver-checks/releases/download/v0.48.0/cargo-semver-checks-x86_64-unknown-linux-musl.tar.gz
2026-09-10T15:49:15.1808516Z info: verifying sha256 checksum for cargo-semver-checks-x86_64-unknown-linux-musl.tar.gz
2026-09-10T15:49:15.3362569Z info: cargo-semver-checks installed at /home/runner/.cargo/bin/cargo-semver-checks
2026-09-10T15:49:15.3366970Z + cargo-semver-checks semver-checks --version
2026-09-10T15:49:15.3376839Z cargo-semver-checks 0.48.0
2026-09-10T15:49:15.3379254Z 
2026-09-10T15:49:15.3399155Z ##[end-action id=__taiki-e_install-action.__run;outcome=success;conclusion=success;duration_ms=1074]
2026-09-10T15:49:15.3406381Z ##[start-action display=Run Set-StrictMode -Version Latest;id=__taiki-e_install-action.__run_2]
2026-09-10T15:49:15.3412796Z ##[end-action id=__taiki-e_install-action.__run_2;outcome=skipped;conclusion=skipped;duration_ms=0]
2026-09-10T15:49:15.3454124Z ##[group]Run set -uo pipefail
2026-09-10T15:49:15.3454841Z [36;1mset -uo pipefail[0m
2026-09-10T15:49:15.3455242Z [36;1mecho "release-plz forge token: ${TOKEN_SOURCE}"[0m
2026-09-10T15:49:15.3455826Z [36;1m# The commit ident the release-plz/action's git-config sub-action would set for[0m
2026-09-10T15:49:15.3456520Z [36;1m# GITHUB_TOKEN (release-plz commits the version bump onto the Release-PR branch).[0m
2026-09-10T15:49:15.3457268Z [36;1mgit config user.name 'github-actions[bot]'[0m
2026-09-10T15:49:15.3457829Z [36;1mgit config user.email '41898282+github-actions[bot]@users.noreply.github.com'[0m
2026-09-10T15:49:15.3458502Z [36;1m# Same invocation the pinned action's release-pr branch runs; 2>&1 | tee captures[0m
2026-09-10T15:49:15.3459154Z [36;1m# BOTH streams (release-plz logs errors to stderr) for the containment step.[0m
2026-09-10T15:49:15.3459678Z [36;1mrelease-plz release-pr \[0m
2026-09-10T15:49:15.3460104Z [36;1m  --git-token "${GITHUB_TOKEN}" \[0m
2026-09-10T15:49:15.3460576Z [36;1m  --repo-url "https://github.com/${GITHUB_REPOSITORY}" \[0m
2026-09-10T15:49:15.3461093Z [36;1m  -o json 2>&1 | tee /tmp/release-plz-pr.log[0m
2026-09-10T15:49:15.3461503Z [36;1mexit "${PIPESTATUS[0]}"[0m
2026-09-10T15:49:15.3497435Z shell: /usr/bin/bash -e {0}
2026-09-10T15:49:15.3497772Z env:
2026-09-10T15:49:15.3498306Z   ORCHESTRATOR_APP_ID: ***
2026-09-10T15:49:15.3501176Z   GITHUB_TOKEN: ***
2026-09-10T15:49:15.3501526Z   TOKEN_SOURCE: sparq-orchestrator App token
2026-09-10T15:49:15.3501912Z ##[endgroup]
2026-09-10T15:49:15.3556147Z release-plz forge token: sparq-orchestrator App token
2026-09-10T15:49:15.7084775Z [2m2026-09-10T15:49:15.708228Z[0m [32m INFO[0m using release-plz config file release-plz.toml
2026-09-10T15:49:17.3665418Z [2m2026-09-10T15:49:17.366232Z[0m [32m INFO[0m Latest release of package sparq-core: tag `v0.1.1` (version 0.1.1)
2026-09-10T15:49:20.8894052Z [2m2026-09-10T15:49:20.889070Z[0m [31mERROR[0m failed to update packages
2026-09-10T15:49:20.8895107Z 
2026-09-10T15:49:20.8895330Z Caused by:
2026-09-10T15:49:20.8895844Z     0: failed to determine next versions
2026-09-10T15:49:20.8896513Z     1: run cargo package
2026-09-10T15:49:20.8904629Z     2: cargo package failed: "    Updating crates.io index\n    Updating git repository `https://github.com/jeswr/solid-oidc-verifier`\nwarning: manifest has no documentation, homepage or repository\n  |\n  = note: see https://doc.rust-lang.org/cargo/reference/manifest.html#package-metadata for more info\n   Packaging sparq-acbench v0.1.1 (/tmp/release-plz-sparq-core-J4gaIO/worktree/crates/sparq-acbench)\n    Updating crates.io index\n    Packaged 19 files, 374.3KiB (83.7KiB compressed)\n   Packaging sparq-core v0.1.1 (/tmp/release-plz-sparq-core-J4gaIO/worktree/crates/sparq-core)\n    Updating crates.io index\n    Packaged 26 files, 1.5MiB (415.0KiB compressed)\n   Packaging sparq-algos v0.1.1 (/tmp/release-plz-sparq-core-J4gaIO/worktree/crates/sparq-algos)\n    Updating crates.io index\n    Packaged 20 files, 154.5KiB (45.0KiB compressed)\n   Packaging sparq-jsonld v0.1.1 (/tmp/release-plz-sparq-core-J4gaIO/worktree/crates/sparq-jsonld)\n    Updating crates.io index\n    Packaged 31 files, 655.6KiB (158.0KiB compressed)\n   Packaging sparq-engine-serialize v0.1.1 (/tmp/release-plz-sparq-core-J4gaIO/worktree/crates/sparq-engine-serialize)\n    Updating crates.io index\n    Packaged 12 files, 414.7KiB (103.0KiB compressed)\n   Packaging sparq-engine-service v0.1.1 (/tmp/release-plz-sparq-core-J4gaIO/worktree/crates/sparq-engine-service)\n    Updating crates.io index\n    Packaged 8 files, 248.2KiB (62.5KiB compressed)\n   Packaging sparq-introspect v0.1.1 (/tmp/release-plz-sparq-core-J4gaIO/worktree/crates/sparq-introspect)\n    Updating crates.io index\nerror: failed to prepare local package for uploading\n\nCaused by:\n  no matching package named `sparq-engine` found\n  location searched: crates.io index\n  required by package `sparq-introspect v0.1.1 (/tmp/release-plz-sparq-core-J4gaIO/worktree/crates/sparq-introspect)`\n"
2026-09-10T15:49:20.8911484Z Error: failed to update packages
2026-09-10T15:49:20.8911706Z 
2026-09-10T15:49:20.8911828Z Caused by:
2026-09-10T15:49:20.8912117Z     0: failed to determine next versions
2026-09-10T15:49:20.8912482Z     1: run cargo package
2026-09-10T15:49:20.8921491Z     2: cargo package failed: "    Updating crates.io index\n    Updating git repository `https://github.com/jeswr/solid-oidc-verifier`\nwarning: manifest has no documentation, homepage or repository\n  |\n  = note: see https://doc.rust-lang.org/cargo/reference/manifest.html#package-metadata for more info\n   Packaging sparq-acbench v0.1.1 (/tmp/release-plz-sparq-core-J4gaIO/worktree/crates/sparq-acbench)\n    Updating crates.io index\n    Packaged 19 files, 374.3KiB (83.7KiB compressed)\n   Packaging sparq-core v0.1.1 (/tmp/release-plz-sparq-core-J4gaIO/worktree/crates/sparq-core)\n    Updating crates.io index\n    Packaged 26 files, 1.5MiB (415.0KiB compressed)\n   Packaging sparq-algos v0.1.1 (/tmp/release-plz-sparq-core-J4gaIO/worktree/crates/sparq-algos)\n    Updating crates.io index\n    Packaged 20 files, 154.5KiB (45.0KiB compressed)\n   Packaging sparq-jsonld v0.1.1 (/tmp/release-plz-sparq-core-J4gaIO/worktree/crates/sparq-jsonld)\n    Updating crates.io index\n    Packaged 31 files, 655.6KiB (158.0KiB compressed)\n   Packaging sparq-engine-serialize v0.1.1 (/tmp/release-plz-sparq-core-J4gaIO/worktree/crates/sparq-engine-serialize)\n    Updating crates.io index\n    Packaged 12 files, 414.7KiB (103.0KiB compressed)\n   Packaging sparq-engine-service v0.1.1 (/tmp/release-plz-sparq-core-J4gaIO/worktree/crates/sparq-engine-service)\n    Updating crates.io index\n    Packaged 8 files, 248.2KiB (62.5KiB compressed)\n   Packaging sparq-introspect v0.1.1 (/tmp/release-plz-sparq-core-J4gaIO/worktree/crates/sparq-introspect)\n    Updating crates.io index\nerror: failed to prepare local package for uploading\n\nCaused by:\n  no matching package named `sparq-engine` found\n  location searched: crates.io index\n  required by package `sparq-introspect v0.1.1 (/tmp/release-plz-sparq-core-J4gaIO/worktree/crates/sparq-introspect)`\n"
2026-09-10T15:49:20.8933812Z ##[error]Process completed with exit code 1.
2026-09-10T15:49:20.8975592Z ##[group]Run set -euo pipefail
2026-09-10T15:49:20.8976079Z [36;1mset -euo pipefail[0m
2026-09-10T15:49:20.8976442Z [36;1mlog=/tmp/release-plz-pr.log[0m
2026-09-10T15:49:20.8976851Z [36;1mif [ "${PRIVILEGED_TOKEN}" = "true" ]; then[0m
2026-09-10T15:49:20.8978677Z [36;1m  echo "::error::release-plz release-pr failed while using a PROVISIONED App/PAT token. That token is not subject to 'Allow GitHub Actions to create and approve pull requests', so the known blocked-setting condition cannot explain this — it is a real failure (check the App is installed on this repo with contents:write + pull_requests:write, or that RELEASE_PLZ_TOKEN is unexpired and carries those permissions). Captured output follows."[0m
2026-09-10T15:49:20.8980595Z [36;1m  sed 's/^/  | /' "$log" 2>/dev/null || echo "  | (no captured output at $log)"[0m
2026-09-10T15:49:20.8981087Z [36;1m  exit 1[0m
2026-09-10T15:49:20.8981379Z [36;1mfi[0m
2026-09-10T15:49:20.8981710Z [36;1mif [ ! -s "$log" ]; then[0m
2026-09-10T15:49:20.8982453Z [36;1m  echo "::error::release-plz release-pr failed but left no captured output at $log — cannot classify the failure; treating as a real failure."[0m
2026-09-10T15:49:20.8983217Z [36;1m  exit 1[0m
2026-09-10T15:49:20.8983511Z [36;1mfi[0m
2026-09-10T15:49:20.8983957Z [36;1m# (a) SIGNATURE: a single line must carry all three markers — "Failed to open PR",[0m
2026-09-10T15:49:20.8984974Z [36;1m# a 403, and the POST /pulls URL for THIS repo. grep -F for the URL (dots literal).[0m
2026-09-10T15:49:20.8985787Z [36;1mif ! grep "Failed to open PR" "$log" | grep -F "403" | grep -Fq "api.github.com/repos/${GITHUB_REPOSITORY}/pulls"; then[0m
2026-09-10T15:49:20.8987458Z [36;1m  echo "::error::release-plz release-pr failed, but the captured output does NOT match the known blocked-PR-creation signature (a 'Failed to open PR' line with a 403 on api.github.com/repos/${GITHUB_REPOSITORY}/pulls) — this is a DIFFERENT, real failure (even if a 403 probe would succeed, e.g. rate limiting). Captured output follows."[0m
2026-09-10T15:49:20.8988839Z [36;1m  sed 's/^/  | /' "$log"[0m
2026-09-10T15:49:20.8989171Z [36;1m  exit 1[0m
2026-09-10T15:49:20.8989458Z [36;1mfi[0m
2026-09-10T15:49:20.8989965Z [36;1mecho "captured output matches the known blocked-PR-creation signature; probing the live call."[0m
2026-09-10T15:49:20.8990917Z [36;1m# (b) PROBE: the same POST /pulls with this job's token, side-effect-free (head==base).[0m
2026-09-10T15:49:20.8991558Z [36;1mcode=$(curl -sS -o /tmp/rp-probe.json -w '%{http_code}' -X POST \[0m
2026-09-10T15:49:20.8992233Z [36;1m  -H "Authorization: ***" \[0m
2026-09-10T15:49:20.8992661Z [36;1m  -H "Accept: application/vnd.github+json" \[0m
2026-09-10T15:49:20.8993153Z [36;1m  "${GITHUB_API_URL}/repos/${GITHUB_REPOSITORY}/pulls" \[0m
2026-09-10T15:49:20.8993848Z [36;1m  -d '{"title":"release-plz 403 probe (never created: head==base is invalid)","head":"main","base":"main"}')[0m
2026-09-10T15:49:20.8994800Z [36;1mecho "PR-creation probe HTTP status: ${code}"[0m
2026-09-10T15:49:20.8995237Z [36;1mif [ "${code}" = "403" ]; then[0m
2026-09-10T15:49:20.8998187Z [36;1m  echo "::warning title=release-plz Release-PR blocked by repo setting::GITHUB_TOKEN cannot create pull requests: the repo/org setting 'Settings → Actions → General → Allow GitHub Actions to create and approve pull requests' is disabled, so the Release-PR was NOT opened (known condition, established by captured-output signature + live probe; tolerated as advisory). Durable fix (needs:user, ANY ONE of the three — the CI side is already wired, no workflow edit needed): enable that repo setting; OR add the ORCHESTRATOR_APP_ID/_PRIVATE_KEY App secrets; OR add a RELEASE_PLZ_TOKEN secret (fine-grained PAT with contents:write + pull_requests:write). This job already prefers a minted App token, then RELEASE_PLZ_TOKEN, over GITHUB_TOKEN, and neither privileged token is subject to that setting."[0m
2026-09-10T15:49:20.9001157Z [36;1m  exit 0[0m
2026-09-10T15:49:20.9001643Z [36;1mfi[0m
2026-09-10T15:49:20.9002838Z [36;1mecho "::error::release-plz release-pr failed with the blocked-PR-creation signature in its output, but the live PR-creation probe returned HTTP ${code} (not 403) — the blocked-setting condition is not reproducible right now, so this is treated as a real failure. Probe response body follows."[0m
2026-09-10T15:49:20.9004134Z [36;1mcat /tmp/rp-probe.json || true[0m
2026-09-10T15:49:20.9004802Z [36;1mexit 1[0m
2026-09-10T15:49:20.9040716Z shell: /usr/bin/bash -e {0}
2026-09-10T15:49:20.9041067Z env:
2026-09-10T15:49:20.9041434Z   ORCHESTRATOR_APP_ID: ***
2026-09-10T15:49:20.9044715Z   GH_TOKEN: ***
2026-09-10T15:49:20.9045045Z   PRIVILEGED_TOKEN: true
2026-09-10T15:49:20.9045364Z ##[endgroup]
2026-09-10T15:49:20.9135031Z ##[error]release-plz release-pr failed while using a PROVISIONED App/PAT token. That token is not subject to 'Allow GitHub Actions to create and approve pull requests', so the known blocked-setting condition cannot explain this — it is a real failure (check the App is installed on this repo with contents:write + pull_requests:write, or that RELEASE_PLZ_TOKEN is unexpired and carries those permissions). Captured output follows.
2026-09-10T15:49:20.9138724Z   | [2m2026-09-10T15:49:15.708228Z[0m [32m INFO[0m using release-plz config file release-plz.toml
2026-09-10T15:49:20.9139647Z   | [2m2026-09-10T15:49:17.366232Z[0m [32m INFO[0m Latest release of package sparq-core: tag `v0.1.1` (version 0.1.1)
2026-09-10T15:49:20.9140444Z   | [2m2026-09-10T15:49:20.889070Z[0m [31mERROR[0m failed to update packages
2026-09-10T15:49:20.9140914Z   | 
2026-09-10T15:49:20.9141190Z   | Caused by:
2026-09-10T15:49:20.9141506Z   |     0: failed to determine next versions
2026-09-10T15:49:20.9141898Z   |     1: run cargo package
2026-09-10T15:49:20.9148708Z   |     2: cargo package failed: "    Updating crates.io index\n    Updating git repository `https://github.com/jeswr/solid-oidc-verifier`\nwarning: manifest has no documentation, homepage or repository\n  |\n  = note: see https://doc.rust-lang.org/cargo/reference/manifest.html#package-metadata for more info\n   Packaging sparq-acbench v0.1.1 (/tmp/release-plz-sparq-core-J4gaIO/worktree/crates/sparq-acbench)\n    Updating crates.io index\n    Packaged 19 files, 374.3KiB (83.7KiB compressed)\n   Packaging sparq-core v0.1.1 (/tmp/release-plz-sparq-core-J4gaIO/worktree/crates/sparq-core)\n    Updating crates.io index\n    Packaged 26 files, 1.5MiB (415.0KiB compressed)\n   Packaging sparq-algos v0.1.1 (/tmp/release-plz-sparq-core-J4gaIO/worktree/crates/sparq-algos)\n    Updating crates.io index\n    Packaged 20 files, 154.5KiB (45.0KiB compressed)\n   Packaging sparq-jsonld v0.1.1 (/tmp/release-plz-sparq-core-J4gaIO/worktree/crates/sparq-jsonld)\n    Updating crates.io index\n    Packaged 31 files, 655.6KiB (158.0KiB compressed)\n   Packaging sparq-engine-serialize v0.1.1 (/tmp/release-plz-sparq-core-J4gaIO/worktree/crates/sparq-engine-serialize)\n    Updating crates.io index\n    Packaged 12 files, 414.7KiB (103.0KiB compressed)\n   Packaging sparq-engine-service v0.1.1 (/tmp/release-plz-sparq-core-J4gaIO/worktree/crates/sparq-engine-service)\n    Updating crates.io index\n    Packaged 8 files, 248.2KiB (62.5KiB compressed)\n   Packaging sparq-introspect v0.1.1 (/tmp/release-plz-sparq-core-J4gaIO/worktree/crates/sparq-introspect)\n    Updating crates.io index\nerror: failed to prepare local package for uploading\n\nCaused by:\n  no matching package named `sparq-engine` found\n  location searched: crates.io index\n  required by package `sparq-introspect v0.1.1 (/tmp/release-plz-sparq-core-J4gaIO/worktree/crates/sparq-introspect)`\n"
2026-09-10T15:49:20.9156114Z   | Error: failed to update packages
2026-09-10T15:49:20.9156478Z   | 
2026-09-10T15:49:20.9156757Z   | Caused by:
2026-09-10T15:49:20.9157072Z   |     0: failed to determine next versions
2026-09-10T15:49:20.9157454Z   |     1: run cargo package
2026-09-10T15:49:20.9164107Z   |     2: cargo package failed: "    Updating crates.io index\n    Updating git repository `https://github.com/jeswr/solid-oidc-verifier`\nwarning: manifest has no documentation, homepage or repository\n  |\n  = note: see https://doc.rust-lang.org/cargo/reference/manifest.html#package-metadata for more info\n   Packaging sparq-acbench v0.1.1 (/tmp/release-plz-sparq-core-J4gaIO/worktree/crates/sparq-acbench)\n    Updating crates.io index\n    Packaged 19 files, 374.3KiB (83.7KiB compressed)\n   Packaging sparq-core v0.1.1 (/tmp/release-plz-sparq-core-J4gaIO/worktree/crates/sparq-core)\n    Updating crates.io index\n    Packaged 26 files, 1.5MiB (415.0KiB compressed)\n   Packaging sparq-algos v0.1.1 (/tmp/release-plz-sparq-core-J4gaIO/worktree/crates/sparq-algos)\n    Updating crates.io index\n    Packaged 20 files, 154.5KiB (45.0KiB compressed)\n   Packaging sparq-jsonld v0.1.1 (/tmp/release-plz-sparq-core-J4gaIO/worktree/crates/sparq-jsonld)\n    Updating crates.io index\n    Packaged 31 files, 655.6KiB (158.0KiB compressed)\n   Packaging sparq-engine-serialize v0.1.1 (/tmp/release-plz-sparq-core-J4gaIO/worktree/crates/sparq-engine-serialize)\n    Updating crates.io index\n    Packaged 12 files, 414.7KiB (103.0KiB compressed)\n   Packaging sparq-engine-service v0.1.1 (/tmp/release-plz-sparq-core-J4gaIO/worktree/crates/sparq-engine-service)\n    Updating crates.io index\n    Packaged 8 files, 248.2KiB (62.5KiB compressed)\n   Packaging sparq-introspect v0.1.1 (/tmp/release-plz-sparq-core-J4gaIO/worktree/crates/sparq-introspect)\n    Updating crates.io index\nerror: failed to prepare local package for uploading\n\nCaused by:\n  no matching package named `sparq-engine` found\n  location searched: crates.io index\n  required by package `sparq-introspect v0.1.1 (/tmp/release-plz-sparq-core-J4gaIO/worktree/crates/sparq-introspect)`\n"
2026-09-10T15:49:20.9172044Z ##[error]Process completed with exit code 1.
2026-09-10T15:49:20.9277794Z Post job cleanup.
2026-09-10T15:49:21.0101613Z [command]/usr/bin/git version
2026-09-10T15:49:21.0154551Z git version 2.55.0
2026-09-10T15:49:21.0193892Z Temporarily overriding HOME='/home/runner/work/_temp/5c1c8f5d-7a90-4861-9090-da548f44308c' before making global git config changes
2026-09-10T15:49:21.0195738Z Adding repository directory to the temporary git global config as a safe directory
2026-09-10T15:49:21.0200333Z [command]/usr/bin/git config --global --add safe.directory /home/runner/work/sparq/sparq
2026-09-10T15:49:21.0234441Z Removing SSH command configuration
2026-09-10T15:49:21.0240772Z [command]/usr/bin/git config --local --name-only --get-regexp core\.sshCommand
2026-09-10T15:49:21.0277248Z [command]/usr/bin/git submodule foreach --recursive sh -c "git config --local --name-only --get-regexp 'core\.sshCommand' && git config --local --unset-all 'core.sshCommand' || :"
2026-09-10T15:49:21.0531843Z Removing HTTP extra header
2026-09-10T15:49:21.0538593Z [command]/usr/bin/git config --local --name-only --get-regexp http\.https\:\/\/github\.com\/\.extraheader
2026-09-10T15:49:21.0591307Z [command]/usr/bin/git submodule foreach --recursive sh -c "git config --local --name-only --get-regexp 'http\.https\:\/\/github\.com\/\.extraheader' && git config --local --unset-all 'http.https://github.com/.extraheader' || :"
2026-09-10T15:49:21.0857566Z Removing includeIf entries pointing to credentials config files
2026-09-10T15:49:21.0864725Z [command]/usr/bin/git config --local --name-only --get-regexp ^includeIf\.gitdir:
2026-09-10T15:49:21.0905425Z [command]/usr/bin/git submodule foreach --recursive git config --local --show-origin --name-only --get-regexp remote.origin.url
2026-09-10T15:49:21.1412531Z ##[warning]Input 'app-id' has been deprecated with message: Use 'client-id' instead.
2026-09-10T15:49:21.1455091Z Post job cleanup.
2026-09-10T15:49:21.4150482Z Token revoked
2026-09-10T15:49:21.4570266Z Cleaning up orphan processes
