clear the needs:area park	Set up job	﻿2026-09-09T22:00:50.1021815Z Current runner version: '2.337.0'
clear the needs:area park	Set up job	2026-09-09T22:00:50.1046678Z ##[group]Runner Image Provisioner
clear the needs:area park	Set up job	2026-09-09T22:00:50.1047723Z Hosted Compute Agent
clear the needs:area park	Set up job	2026-09-09T22:00:50.1048335Z Version: 20260828.587
clear the needs:area park	Set up job	2026-09-09T22:00:50.1049046Z Commit: abac92662cab4cc7352de4f9f9d2e2419aad9c29
clear the needs:area park	Set up job	2026-09-09T22:00:50.1049816Z Build Date: 2026-08-28T16:44:25Z
clear the needs:area park	Set up job	2026-09-09T22:00:50.1050556Z Worker ID: {d8c4bbe8-a044-4102-97c4-e40333b8afe3}
clear the needs:area park	Set up job	2026-09-09T22:00:50.1051302Z Azure Region: westcentralus
clear the needs:area park	Set up job	2026-09-09T22:00:50.1052323Z ##[endgroup]
clear the needs:area park	Set up job	2026-09-09T22:00:50.1054046Z ##[group]Operating System
clear the needs:area park	Set up job	2026-09-09T22:00:50.1054716Z Ubuntu
clear the needs:area park	Set up job	2026-09-09T22:00:50.1055258Z 24.04.4
clear the needs:area park	Set up job	2026-09-09T22:00:50.1055842Z LTS
clear the needs:area park	Set up job	2026-09-09T22:00:50.1056359Z ##[endgroup]
clear the needs:area park	Set up job	2026-09-09T22:00:50.1056986Z ##[group]Runner Image
clear the needs:area park	Set up job	2026-09-09T22:00:50.1057652Z Image: ubuntu-24.04
clear the needs:area park	Set up job	2026-09-09T22:00:50.1058233Z Version: 20260831.293.1
clear the needs:area park	Set up job	2026-09-09T22:00:50.1059396Z Included Software: https://github.com/actions/runner-images/blob/ubuntu24/20260831.293/images/ubuntu/Ubuntu2404-Readme.md
clear the needs:area park	Set up job	2026-09-09T22:00:50.1061174Z Image Release: https://github.com/actions/runner-images/releases/tag/ubuntu24%2F20260831.293
clear the needs:area park	Set up job	2026-09-09T22:00:50.1062367Z ##[endgroup]
clear the needs:area park	Set up job	2026-09-09T22:00:50.1063612Z ##[group]GITHUB_TOKEN Permissions
clear the needs:area park	Set up job	2026-09-09T22:00:50.1065767Z Contents: read
clear the needs:area park	Set up job	2026-09-09T22:00:50.1066394Z Issues: write
clear the needs:area park	Set up job	2026-09-09T22:00:50.1067055Z Metadata: read
clear the needs:area park	Set up job	2026-09-09T22:00:50.1067643Z ##[endgroup]
clear the needs:area park	Set up job	2026-09-09T22:00:50.1070082Z Secret source: Actions
clear the needs:area park	Set up job	2026-09-09T22:00:50.1071108Z Cache mode: write
clear the needs:area park	Set up job	2026-09-09T22:00:50.1072430Z Prepare workflow directory
clear the needs:area park	Set up job	2026-09-09T22:00:50.1599984Z Prepare all required actions
clear the needs:area park	Set up job	2026-09-09T22:00:50.1647628Z Getting action download info
clear the needs:area park	Set up job	2026-09-09T22:00:50.4607184Z Download action repository 'actions/checkout@9c091bb21b7c1c1d1991bb908d89e4e9dddfe3e0' (SHA:9c091bb21b7c1c1d1991bb908d89e4e9dddfe3e0)
clear the needs:area park	Set up job	2026-09-09T22:00:50.6782548Z Complete job name: clear the needs:area park
clear the needs:area park	Run actions/checkout@9c091bb21b7c1c1d1991bb908d89e4e9dddfe3e0	﻿2026-09-09T22:00:50.7576434Z ##[group]Run actions/checkout@9c091bb21b7c1c1d1991bb908d89e4e9dddfe3e0
clear the needs:area park	Run actions/checkout@9c091bb21b7c1c1d1991bb908d89e4e9dddfe3e0	2026-09-09T22:00:50.7577621Z with:
clear the needs:area park	Run actions/checkout@9c091bb21b7c1c1d1991bb908d89e4e9dddfe3e0	2026-09-09T22:00:50.7578159Z   persist-credentials: false
clear the needs:area park	Run actions/checkout@9c091bb21b7c1c1d1991bb908d89e4e9dddfe3e0	2026-09-09T22:00:50.7578772Z   repository: sparq-org/sparq
clear the needs:area park	Run actions/checkout@9c091bb21b7c1c1d1991bb908d89e4e9dddfe3e0	2026-09-09T22:00:50.7582865Z   token: ***
clear the needs:area park	Run actions/checkout@9c091bb21b7c1c1d1991bb908d89e4e9dddfe3e0	2026-09-09T22:00:50.7583324Z   ssh-strict: true
clear the needs:area park	Run actions/checkout@9c091bb21b7c1c1d1991bb908d89e4e9dddfe3e0	2026-09-09T22:00:50.7583782Z   ssh-user: git
clear the needs:area park	Run actions/checkout@9c091bb21b7c1c1d1991bb908d89e4e9dddfe3e0	2026-09-09T22:00:50.7584218Z   clean: true
clear the needs:area park	Run actions/checkout@9c091bb21b7c1c1d1991bb908d89e4e9dddfe3e0	2026-09-09T22:00:50.7584687Z   sparse-checkout-cone-mode: true
clear the needs:area park	Run actions/checkout@9c091bb21b7c1c1d1991bb908d89e4e9dddfe3e0	2026-09-09T22:00:50.7585261Z   fetch-depth: 1
clear the needs:area park	Run actions/checkout@9c091bb21b7c1c1d1991bb908d89e4e9dddfe3e0	2026-09-09T22:00:50.7585718Z   fetch-tags: false
clear the needs:area park	Run actions/checkout@9c091bb21b7c1c1d1991bb908d89e4e9dddfe3e0	2026-09-09T22:00:50.7586195Z   show-progress: true
clear the needs:area park	Run actions/checkout@9c091bb21b7c1c1d1991bb908d89e4e9dddfe3e0	2026-09-09T22:00:50.7586665Z   lfs: false
clear the needs:area park	Run actions/checkout@9c091bb21b7c1c1d1991bb908d89e4e9dddfe3e0	2026-09-09T22:00:50.7587089Z   submodules: false
clear the needs:area park	Run actions/checkout@9c091bb21b7c1c1d1991bb908d89e4e9dddfe3e0	2026-09-09T22:00:50.7587549Z   set-safe-directory: true
clear the needs:area park	Run actions/checkout@9c091bb21b7c1c1d1991bb908d89e4e9dddfe3e0	2026-09-09T22:00:50.7588083Z   allow-unsafe-pr-checkout: false
clear the needs:area park	Run actions/checkout@9c091bb21b7c1c1d1991bb908d89e4e9dddfe3e0	2026-09-09T22:00:50.7588847Z env:
clear the needs:area park	Run actions/checkout@9c091bb21b7c1c1d1991bb908d89e4e9dddfe3e0	2026-09-09T22:00:50.7592734Z   GH_TOKEN: ***
clear the needs:area park	Run actions/checkout@9c091bb21b7c1c1d1991bb908d89e4e9dddfe3e0	2026-09-09T22:00:50.7593225Z   SPARQ_REPO: sparq-org/sparq
clear the needs:area park	Run actions/checkout@9c091bb21b7c1c1d1991bb908d89e4e9dddfe3e0	2026-09-09T22:00:50.7593733Z ##[endgroup]
clear the needs:area park	Run actions/checkout@9c091bb21b7c1c1d1991bb908d89e4e9dddfe3e0	2026-09-09T22:00:50.8560276Z Syncing repository: sparq-org/sparq
clear the needs:area park	Run actions/checkout@9c091bb21b7c1c1d1991bb908d89e4e9dddfe3e0	2026-09-09T22:00:50.8562740Z ##[group]Getting Git version info
clear the needs:area park	Run actions/checkout@9c091bb21b7c1c1d1991bb908d89e4e9dddfe3e0	2026-09-09T22:00:50.8564006Z Working directory is '/home/runner/work/sparq/sparq'
clear the needs:area park	Run actions/checkout@9c091bb21b7c1c1d1991bb908d89e4e9dddfe3e0	2026-09-09T22:00:50.8565617Z [command]/usr/bin/git version
clear the needs:area park	Run actions/checkout@9c091bb21b7c1c1d1991bb908d89e4e9dddfe3e0	2026-09-09T22:00:50.8648080Z git version 2.55.0
clear the needs:area park	Run actions/checkout@9c091bb21b7c1c1d1991bb908d89e4e9dddfe3e0	2026-09-09T22:00:50.8670451Z ##[endgroup]
clear the needs:area park	Run actions/checkout@9c091bb21b7c1c1d1991bb908d89e4e9dddfe3e0	2026-09-09T22:00:50.8682129Z Temporarily overriding HOME='/home/runner/work/_temp/a33f7ea3-9db8-4ca6-b44d-08f6e50e466f' before making global git config changes
clear the needs:area park	Run actions/checkout@9c091bb21b7c1c1d1991bb908d89e4e9dddfe3e0	2026-09-09T22:00:50.8684074Z Adding repository directory to the temporary git global config as a safe directory
clear the needs:area park	Run actions/checkout@9c091bb21b7c1c1d1991bb908d89e4e9dddfe3e0	2026-09-09T22:00:50.8687845Z [command]/usr/bin/git config --global --add safe.directory /home/runner/work/sparq/sparq
clear the needs:area park	Run actions/checkout@9c091bb21b7c1c1d1991bb908d89e4e9dddfe3e0	2026-09-09T22:00:50.8737824Z Deleting the contents of '/home/runner/work/sparq/sparq'
clear the needs:area park	Run actions/checkout@9c091bb21b7c1c1d1991bb908d89e4e9dddfe3e0	2026-09-09T22:00:50.8741864Z ##[group]Determining repository object format
clear the needs:area park	Run actions/checkout@9c091bb21b7c1c1d1991bb908d89e4e9dddfe3e0	2026-09-09T22:00:50.8748253Z ##[endgroup]
clear the needs:area park	Run actions/checkout@9c091bb21b7c1c1d1991bb908d89e4e9dddfe3e0	2026-09-09T22:00:50.8757348Z ##[group]Initializing the repository
clear the needs:area park	Run actions/checkout@9c091bb21b7c1c1d1991bb908d89e4e9dddfe3e0	2026-09-09T22:00:50.8758550Z [command]/usr/bin/git init /home/runner/work/sparq/sparq
clear the needs:area park	Run actions/checkout@9c091bb21b7c1c1d1991bb908d89e4e9dddfe3e0	2026-09-09T22:00:50.8864904Z hint: Using 'master' as the name for the initial branch. This default branch name
clear the needs:area park	Run actions/checkout@9c091bb21b7c1c1d1991bb908d89e4e9dddfe3e0	2026-09-09T22:00:50.8867135Z hint: will change to "main" in Git 3.0. To configure the initial branch name
clear the needs:area park	Run actions/checkout@9c091bb21b7c1c1d1991bb908d89e4e9dddfe3e0	2026-09-09T22:00:50.8868861Z hint: to use in all of your new repositories, which will suppress this warning,
clear the needs:area park	Run actions/checkout@9c091bb21b7c1c1d1991bb908d89e4e9dddfe3e0	2026-09-09T22:00:50.8870241Z hint: call:
clear the needs:area park	Run actions/checkout@9c091bb21b7c1c1d1991bb908d89e4e9dddfe3e0	2026-09-09T22:00:50.8870921Z hint:
clear the needs:area park	Run actions/checkout@9c091bb21b7c1c1d1991bb908d89e4e9dddfe3e0	2026-09-09T22:00:50.8872236Z hint: 	git config --global init.defaultBranch <name>
clear the needs:area park	Run actions/checkout@9c091bb21b7c1c1d1991bb908d89e4e9dddfe3e0	2026-09-09T22:00:50.8873281Z hint:
clear the needs:area park	Run actions/checkout@9c091bb21b7c1c1d1991bb908d89e4e9dddfe3e0	2026-09-09T22:00:50.8874213Z hint: Names commonly chosen instead of 'master' are 'main', 'trunk' and
clear the needs:area park	Run actions/checkout@9c091bb21b7c1c1d1991bb908d89e4e9dddfe3e0	2026-09-09T22:00:50.8875817Z hint: 'development'. The just-created branch can be renamed via this command:
clear the needs:area park	Run actions/checkout@9c091bb21b7c1c1d1991bb908d89e4e9dddfe3e0	2026-09-09T22:00:50.8877045Z hint:
clear the needs:area park	Run actions/checkout@9c091bb21b7c1c1d1991bb908d89e4e9dddfe3e0	2026-09-09T22:00:50.8877706Z hint: 	git branch -m <name>
clear the needs:area park	Run actions/checkout@9c091bb21b7c1c1d1991bb908d89e4e9dddfe3e0	2026-09-09T22:00:50.8878467Z hint:
clear the needs:area park	Run actions/checkout@9c091bb21b7c1c1d1991bb908d89e4e9dddfe3e0	2026-09-09T22:00:50.8879490Z hint: Disable this message with "git config set advice.defaultBranchName false"
clear the needs:area park	Run actions/checkout@9c091bb21b7c1c1d1991bb908d89e4e9dddfe3e0	2026-09-09T22:00:50.8881337Z Initialized empty Git repository in /home/runner/work/sparq/sparq/.git/
clear the needs:area park	Run actions/checkout@9c091bb21b7c1c1d1991bb908d89e4e9dddfe3e0	2026-09-09T22:00:50.8884410Z [command]/usr/bin/git remote add origin https://github.com/sparq-org/sparq
clear the needs:area park	Run actions/checkout@9c091bb21b7c1c1d1991bb908d89e4e9dddfe3e0	2026-09-09T22:00:50.8930568Z ##[endgroup]
clear the needs:area park	Run actions/checkout@9c091bb21b7c1c1d1991bb908d89e4e9dddfe3e0	2026-09-09T22:00:50.8932247Z ##[group]Disabling automatic garbage collection
clear the needs:area park	Run actions/checkout@9c091bb21b7c1c1d1991bb908d89e4e9dddfe3e0	2026-09-09T22:00:50.8933906Z [command]/usr/bin/git config --local gc.auto 0
clear the needs:area park	Run actions/checkout@9c091bb21b7c1c1d1991bb908d89e4e9dddfe3e0	2026-09-09T22:00:50.8980647Z ##[endgroup]
clear the needs:area park	Run actions/checkout@9c091bb21b7c1c1d1991bb908d89e4e9dddfe3e0	2026-09-09T22:00:50.8982147Z ##[group]Setting up auth
clear the needs:area park	Run actions/checkout@9c091bb21b7c1c1d1991bb908d89e4e9dddfe3e0	2026-09-09T22:00:50.8983048Z Removing SSH command configuration
clear the needs:area park	Run actions/checkout@9c091bb21b7c1c1d1991bb908d89e4e9dddfe3e0	2026-09-09T22:00:50.8984335Z [command]/usr/bin/git config --local --name-only --get-regexp core\.sshCommand
clear the needs:area park	Run actions/checkout@9c091bb21b7c1c1d1991bb908d89e4e9dddfe3e0	2026-09-09T22:00:50.9007142Z [command]/usr/bin/git submodule foreach --recursive sh -c "git config --local --name-only --get-regexp 'core\.sshCommand' && git config --local --unset-all 'core.sshCommand' || :"
clear the needs:area park	Run actions/checkout@9c091bb21b7c1c1d1991bb908d89e4e9dddfe3e0	2026-09-09T22:00:50.9364353Z Removing HTTP extra header
clear the needs:area park	Run actions/checkout@9c091bb21b7c1c1d1991bb908d89e4e9dddfe3e0	2026-09-09T22:00:50.9368422Z [command]/usr/bin/git config --local --name-only --get-regexp http\.https\:\/\/github\.com\/\.extraheader
clear the needs:area park	Run actions/checkout@9c091bb21b7c1c1d1991bb908d89e4e9dddfe3e0	2026-09-09T22:00:50.9405910Z [command]/usr/bin/git submodule foreach --recursive sh -c "git config --local --name-only --get-regexp 'http\.https\:\/\/github\.com\/\.extraheader' && git config --local --unset-all 'http.https://github.com/.extraheader' || :"
clear the needs:area park	Run actions/checkout@9c091bb21b7c1c1d1991bb908d89e4e9dddfe3e0	2026-09-09T22:00:50.9641496Z Removing includeIf entries pointing to credentials config files
clear the needs:area park	Run actions/checkout@9c091bb21b7c1c1d1991bb908d89e4e9dddfe3e0	2026-09-09T22:00:50.9646804Z [command]/usr/bin/git config --local --name-only --get-regexp ^includeIf\.gitdir:
clear the needs:area park	Run actions/checkout@9c091bb21b7c1c1d1991bb908d89e4e9dddfe3e0	2026-09-09T22:00:50.9682702Z [command]/usr/bin/git submodule foreach --recursive git config --local --show-origin --name-only --get-regexp remote.origin.url
clear the needs:area park	Run actions/checkout@9c091bb21b7c1c1d1991bb908d89e4e9dddfe3e0	2026-09-09T22:00:50.9918043Z [command]/usr/bin/git config --file /home/runner/work/_temp/git-credentials-57fef249-bf21-410a-9cff-7dc784bbc481.config http.https://github.com/.extraheader AUTHORIZATION: basic ***
clear the needs:area park	Run actions/checkout@9c091bb21b7c1c1d1991bb908d89e4e9dddfe3e0	2026-09-09T22:00:50.9957064Z [command]/usr/bin/git config --local includeIf.gitdir:/home/runner/work/sparq/sparq/.git.path /home/runner/work/_temp/git-credentials-57fef249-bf21-410a-9cff-7dc784bbc481.config
clear the needs:area park	Run actions/checkout@9c091bb21b7c1c1d1991bb908d89e4e9dddfe3e0	2026-09-09T22:00:50.9989780Z [command]/usr/bin/git config --local includeIf.gitdir:/home/runner/work/sparq/sparq/.git/worktrees/*.path /home/runner/work/_temp/git-credentials-57fef249-bf21-410a-9cff-7dc784bbc481.config
clear the needs:area park	Run actions/checkout@9c091bb21b7c1c1d1991bb908d89e4e9dddfe3e0	2026-09-09T22:00:51.0029515Z [command]/usr/bin/git config --local includeIf.gitdir:/github/workspace/.git.path /github/runner_temp/git-credentials-57fef249-bf21-410a-9cff-7dc784bbc481.config
clear the needs:area park	Run actions/checkout@9c091bb21b7c1c1d1991bb908d89e4e9dddfe3e0	2026-09-09T22:00:51.0064052Z [command]/usr/bin/git config --local includeIf.gitdir:/github/workspace/.git/worktrees/*.path /github/runner_temp/git-credentials-57fef249-bf21-410a-9cff-7dc784bbc481.config
clear the needs:area park	Run actions/checkout@9c091bb21b7c1c1d1991bb908d89e4e9dddfe3e0	2026-09-09T22:00:51.0093372Z ##[endgroup]
clear the needs:area park	Run actions/checkout@9c091bb21b7c1c1d1991bb908d89e4e9dddfe3e0	2026-09-09T22:00:51.0094644Z ##[group]Fetching the repository
clear the needs:area park	Run actions/checkout@9c091bb21b7c1c1d1991bb908d89e4e9dddfe3e0	2026-09-09T22:00:51.0099640Z [command]/usr/bin/git -c protocol.version=2 fetch --no-tags --prune --no-recurse-submodules --depth=1 origin +e53464c73f31f7aca800f3867ac054c36408e346:refs/remotes/origin/main
clear the needs:area park	Run actions/checkout@9c091bb21b7c1c1d1991bb908d89e4e9dddfe3e0	2026-09-09T22:00:54.9166403Z From https://github.com/sparq-org/sparq
clear the needs:area park	Run actions/checkout@9c091bb21b7c1c1d1991bb908d89e4e9dddfe3e0	2026-09-09T22:00:54.9168494Z  * [new ref]         e53464c73f31f7aca800f3867ac054c36408e346 -> origin/main
clear the needs:area park	Run actions/checkout@9c091bb21b7c1c1d1991bb908d89e4e9dddfe3e0	2026-09-09T22:00:54.9177766Z [command]/usr/bin/git branch --list --remote origin/main
clear the needs:area park	Run actions/checkout@9c091bb21b7c1c1d1991bb908d89e4e9dddfe3e0	2026-09-09T22:00:54.9208516Z   origin/main
clear the needs:area park	Run actions/checkout@9c091bb21b7c1c1d1991bb908d89e4e9dddfe3e0	2026-09-09T22:00:54.9219510Z [command]/usr/bin/git rev-parse refs/remotes/origin/main
clear the needs:area park	Run actions/checkout@9c091bb21b7c1c1d1991bb908d89e4e9dddfe3e0	2026-09-09T22:00:54.9247110Z e53464c73f31f7aca800f3867ac054c36408e346
clear the needs:area park	Run actions/checkout@9c091bb21b7c1c1d1991bb908d89e4e9dddfe3e0	2026-09-09T22:00:54.9255445Z ##[endgroup]
clear the needs:area park	Run actions/checkout@9c091bb21b7c1c1d1991bb908d89e4e9dddfe3e0	2026-09-09T22:00:54.9256893Z ##[group]Determining the checkout info
clear the needs:area park	Run actions/checkout@9c091bb21b7c1c1d1991bb908d89e4e9dddfe3e0	2026-09-09T22:00:54.9258393Z ##[endgroup]
clear the needs:area park	Run actions/checkout@9c091bb21b7c1c1d1991bb908d89e4e9dddfe3e0	2026-09-09T22:00:54.9259302Z [command]/usr/bin/git sparse-checkout disable
clear the needs:area park	Run actions/checkout@9c091bb21b7c1c1d1991bb908d89e4e9dddfe3e0	2026-09-09T22:00:54.9313890Z [command]/usr/bin/git config --local --unset-all extensions.worktreeConfig
clear the needs:area park	Run actions/checkout@9c091bb21b7c1c1d1991bb908d89e4e9dddfe3e0	2026-09-09T22:00:54.9350695Z ##[group]Checking out the ref
clear the needs:area park	Run actions/checkout@9c091bb21b7c1c1d1991bb908d89e4e9dddfe3e0	2026-09-09T22:00:54.9355185Z [command]/usr/bin/git checkout --progress --force -B main refs/remotes/origin/main
clear the needs:area park	Run actions/checkout@9c091bb21b7c1c1d1991bb908d89e4e9dddfe3e0	2026-09-09T22:00:55.4906209Z Switched to a new branch 'main'
clear the needs:area park	Run actions/checkout@9c091bb21b7c1c1d1991bb908d89e4e9dddfe3e0	2026-09-09T22:00:55.4911312Z branch 'main' set up to track 'origin/main'.
clear the needs:area park	Run actions/checkout@9c091bb21b7c1c1d1991bb908d89e4e9dddfe3e0	2026-09-09T22:00:55.4927527Z ##[endgroup]
clear the needs:area park	Run actions/checkout@9c091bb21b7c1c1d1991bb908d89e4e9dddfe3e0	2026-09-09T22:00:55.4977283Z [command]/usr/bin/git log -1 --format=%H
clear the needs:area park	Run actions/checkout@9c091bb21b7c1c1d1991bb908d89e4e9dddfe3e0	2026-09-09T22:00:55.5006689Z e53464c73f31f7aca800f3867ac054c36408e346
clear the needs:area park	Run actions/checkout@9c091bb21b7c1c1d1991bb908d89e4e9dddfe3e0	2026-09-09T22:00:55.5015870Z ##[group]Removing auth
clear the needs:area park	Run actions/checkout@9c091bb21b7c1c1d1991bb908d89e4e9dddfe3e0	2026-09-09T22:00:55.5016303Z Removing SSH command configuration
clear the needs:area park	Run actions/checkout@9c091bb21b7c1c1d1991bb908d89e4e9dddfe3e0	2026-09-09T22:00:55.5019429Z [command]/usr/bin/git config --local --name-only --get-regexp core\.sshCommand
clear the needs:area park	Run actions/checkout@9c091bb21b7c1c1d1991bb908d89e4e9dddfe3e0	2026-09-09T22:00:55.5055449Z [command]/usr/bin/git submodule foreach --recursive sh -c "git config --local --name-only --get-regexp 'core\.sshCommand' && git config --local --unset-all 'core.sshCommand' || :"
clear the needs:area park	Run actions/checkout@9c091bb21b7c1c1d1991bb908d89e4e9dddfe3e0	2026-09-09T22:00:55.5284681Z Removing HTTP extra header
clear the needs:area park	Run actions/checkout@9c091bb21b7c1c1d1991bb908d89e4e9dddfe3e0	2026-09-09T22:00:55.5288736Z [command]/usr/bin/git config --local --name-only --get-regexp http\.https\:\/\/github\.com\/\.extraheader
clear the needs:area park	Run actions/checkout@9c091bb21b7c1c1d1991bb908d89e4e9dddfe3e0	2026-09-09T22:00:55.5323195Z [command]/usr/bin/git submodule foreach --recursive sh -c "git config --local --name-only --get-regexp 'http\.https\:\/\/github\.com\/\.extraheader' && git config --local --unset-all 'http.https://github.com/.extraheader' || :"
clear the needs:area park	Run actions/checkout@9c091bb21b7c1c1d1991bb908d89e4e9dddfe3e0	2026-09-09T22:00:55.5543477Z Removing includeIf entries pointing to credentials config files
clear the needs:area park	Run actions/checkout@9c091bb21b7c1c1d1991bb908d89e4e9dddfe3e0	2026-09-09T22:00:55.5547392Z [command]/usr/bin/git config --local --name-only --get-regexp ^includeIf\.gitdir:
clear the needs:area park	Run actions/checkout@9c091bb21b7c1c1d1991bb908d89e4e9dddfe3e0	2026-09-09T22:00:55.5576754Z includeif.gitdir:/home/runner/work/sparq/sparq/.git.path
clear the needs:area park	Run actions/checkout@9c091bb21b7c1c1d1991bb908d89e4e9dddfe3e0	2026-09-09T22:00:55.5577660Z includeif.gitdir:/home/runner/work/sparq/sparq/.git/worktrees/*.path
clear the needs:area park	Run actions/checkout@9c091bb21b7c1c1d1991bb908d89e4e9dddfe3e0	2026-09-09T22:00:55.5578266Z includeif.gitdir:/github/workspace/.git.path
clear the needs:area park	Run actions/checkout@9c091bb21b7c1c1d1991bb908d89e4e9dddfe3e0	2026-09-09T22:00:55.5580219Z includeif.gitdir:/github/workspace/.git/worktrees/*.path
clear the needs:area park	Run actions/checkout@9c091bb21b7c1c1d1991bb908d89e4e9dddfe3e0	2026-09-09T22:00:55.5587288Z [command]/usr/bin/git config --local --get-all includeif.gitdir:/home/runner/work/sparq/sparq/.git.path
clear the needs:area park	Run actions/checkout@9c091bb21b7c1c1d1991bb908d89e4e9dddfe3e0	2026-09-09T22:00:55.5613449Z /home/runner/work/_temp/git-credentials-57fef249-bf21-410a-9cff-7dc784bbc481.config
clear the needs:area park	Run actions/checkout@9c091bb21b7c1c1d1991bb908d89e4e9dddfe3e0	2026-09-09T22:00:55.5622565Z [command]/usr/bin/git config --local --unset includeif.gitdir:/home/runner/work/sparq/sparq/.git.path /home/runner/work/_temp/git-credentials-57fef249-bf21-410a-9cff-7dc784bbc481.config
clear the needs:area park	Run actions/checkout@9c091bb21b7c1c1d1991bb908d89e4e9dddfe3e0	2026-09-09T22:00:55.5680405Z [command]/usr/bin/git config --local --get-all includeif.gitdir:/home/runner/work/sparq/sparq/.git/worktrees/*.path
clear the needs:area park	Run actions/checkout@9c091bb21b7c1c1d1991bb908d89e4e9dddfe3e0	2026-09-09T22:00:55.5708225Z /home/runner/work/_temp/git-credentials-57fef249-bf21-410a-9cff-7dc784bbc481.config
clear the needs:area park	Run actions/checkout@9c091bb21b7c1c1d1991bb908d89e4e9dddfe3e0	2026-09-09T22:00:55.5716224Z [command]/usr/bin/git config --local --unset includeif.gitdir:/home/runner/work/sparq/sparq/.git/worktrees/*.path /home/runner/work/_temp/git-credentials-57fef249-bf21-410a-9cff-7dc784bbc481.config
clear the needs:area park	Run actions/checkout@9c091bb21b7c1c1d1991bb908d89e4e9dddfe3e0	2026-09-09T22:00:55.5748960Z [command]/usr/bin/git config --local --get-all includeif.gitdir:/github/workspace/.git.path
clear the needs:area park	Run actions/checkout@9c091bb21b7c1c1d1991bb908d89e4e9dddfe3e0	2026-09-09T22:00:55.5776835Z /github/runner_temp/git-credentials-57fef249-bf21-410a-9cff-7dc784bbc481.config
clear the needs:area park	Run actions/checkout@9c091bb21b7c1c1d1991bb908d89e4e9dddfe3e0	2026-09-09T22:00:55.5785694Z [command]/usr/bin/git config --local --unset includeif.gitdir:/github/workspace/.git.path /github/runner_temp/git-credentials-57fef249-bf21-410a-9cff-7dc784bbc481.config
clear the needs:area park	Run actions/checkout@9c091bb21b7c1c1d1991bb908d89e4e9dddfe3e0	2026-09-09T22:00:55.5824585Z [command]/usr/bin/git config --local --get-all includeif.gitdir:/github/workspace/.git/worktrees/*.path
clear the needs:area park	Run actions/checkout@9c091bb21b7c1c1d1991bb908d89e4e9dddfe3e0	2026-09-09T22:00:55.5849329Z /github/runner_temp/git-credentials-57fef249-bf21-410a-9cff-7dc784bbc481.config
clear the needs:area park	Run actions/checkout@9c091bb21b7c1c1d1991bb908d89e4e9dddfe3e0	2026-09-09T22:00:55.5857178Z [command]/usr/bin/git config --local --unset includeif.gitdir:/github/workspace/.git/worktrees/*.path /github/runner_temp/git-credentials-57fef249-bf21-410a-9cff-7dc784bbc481.config
clear the needs:area park	Run actions/checkout@9c091bb21b7c1c1d1991bb908d89e4e9dddfe3e0	2026-09-09T22:00:55.5896429Z [command]/usr/bin/git submodule foreach --recursive git config --local --show-origin --name-only --get-regexp remote.origin.url
clear the needs:area park	Run actions/checkout@9c091bb21b7c1c1d1991bb908d89e4e9dddfe3e0	2026-09-09T22:00:55.6117400Z Removing credentials config '/home/runner/work/_temp/git-credentials-57fef249-bf21-410a-9cff-7dc784bbc481.config'
clear the needs:area park	Run actions/checkout@9c091bb21b7c1c1d1991bb908d89e4e9dddfe3e0	2026-09-09T22:00:55.6124350Z ##[endgroup]
clear the needs:area park	Self-test the classifier before it writes	﻿2026-09-09T22:00:55.6316741Z ##[group]Run set -euo pipefail
clear the needs:area park	Self-test the classifier before it writes	2026-09-09T22:00:55.6317299Z [36;1mset -euo pipefail[0m
clear the needs:area park	Self-test the classifier before it writes	2026-09-09T22:00:55.6317722Z [36;1mpython3 scripts/triage-area.py --self-test[0m
clear the needs:area park	Self-test the classifier before it writes	2026-09-09T22:00:55.6318211Z [36;1mpython3 scripts/tests/test_triage_area.py[0m
clear the needs:area park	Self-test the classifier before it writes	2026-09-09T22:00:55.6357442Z shell: /usr/bin/bash -e {0}
clear the needs:area park	Self-test the classifier before it writes	2026-09-09T22:00:55.6357852Z env:
clear the needs:area park	Self-test the classifier before it writes	2026-09-09T22:00:55.6360994Z   GH_TOKEN: ***
clear the needs:area park	Self-test the classifier before it writes	2026-09-09T22:00:55.6361333Z   SPARQ_REPO: sparq-org/sparq
clear the needs:area park	Self-test the classifier before it writes	2026-09-09T22:00:55.6361906Z ##[endgroup]
clear the needs:area park	Self-test the classifier before it writes	2026-09-09T22:00:55.7081814Z ok   declared single
clear the needs:area park	Self-test the classifier before it writes	2026-09-09T22:00:55.7082735Z ok   declared multi
clear the needs:area park	Self-test the classifier before it writes	2026-09-09T22:00:55.7083286Z ok   declared surface
clear the needs:area park	Self-test the classifier before it writes	2026-09-09T22:00:55.7083896Z ok   declared new-crate -> parked
clear the needs:area park	Self-test the classifier before it writes	2026-09-09T22:00:55.7084573Z ok   no evidence -> parked
clear the needs:area park	Self-test the classifier before it writes	2026-09-09T22:00:55.7085275Z ok   body-only mention does not fire a title rule
clear the needs:area park	Self-test the classifier before it writes	2026-09-09T22:00:55.7086189Z ok   body-only ieee754 does not fire the title-scoped zk rule
clear the needs:area park	Self-test the classifier before it writes	2026-09-09T22:00:55.7086979Z ok   spec beats zk
clear the needs:area park	Self-test the classifier before it writes	2026-09-09T22:00:55.7087575Z ok   workflow lane beats zk-compose
clear the needs:area park	Self-test the classifier before it writes	2026-09-09T22:00:55.7088273Z ok   noir upstream
clear the needs:area park	Self-test the classifier before it writes	2026-09-09T22:00:55.7088803Z ok   dual zk libraries
clear the needs:area park	Self-test the classifier before it writes	2026-09-09T22:00:55.7089334Z ok   dl lane
clear the needs:area park	Self-test the classifier before it writes	2026-09-09T22:00:55.7089830Z ok   el lane
clear the needs:area park	Self-test the classifier before it writes	2026-09-09T22:00:55.7090349Z ok   difftest normaliser+harness
clear the needs:area park	Self-test the classifier before it writes	2026-09-09T22:00:55.7090991Z ok   difftest harness only
clear the needs:area park	Self-test the classifier before it writes	2026-09-09T22:00:55.7091794Z ok   t2 title scope
clear the needs:area park	Self-test the classifier before it writes	2026-09-09T22:00:55.7092311Z ok   already-area is a no-op
clear the needs:area park	Self-test the classifier before it writes	2026-09-09T22:00:55.7092922Z SELF-TEST PASSED
clear the needs:area park	Self-test the classifier before it writes	2026-09-09T22:00:55.8187432Z test_a_body_name_drop_is_not_evidence (__main__.TestFailClosed.test_a_body_name_drop_is_not_evidence) ... ok
clear the needs:area park	Self-test the classifier before it writes	2026-09-09T22:00:55.8204499Z test_declaration_naming_no_real_crate_stays_parked (__main__.TestFailClosed.test_declaration_naming_no_real_crate_stays_parked) ... ok
clear the needs:area park	Self-test the classifier before it writes	2026-09-09T22:00:55.8239895Z test_no_evidence_stays_parked (__main__.TestFailClosed.test_no_evidence_stays_parked) ... ok
clear the needs:area park	Self-test the classifier before it writes	2026-09-09T22:00:55.8242024Z test_a_never_parked_area_less_issue_reaches_the_queue (__main__.TestFetchReach.test_a_never_parked_area_less_issue_reaches_the_queue)
clear the needs:area park	Self-test the classifier before it writes	2026-09-09T22:00:55.8279933Z THE REACH GUARD. A `--label needs:area` fetch cannot return an issue that ... ok
clear the needs:area park	Self-test the classifier before it writes	2026-09-09T22:00:55.8281728Z test_a_runaway_snapshot_fails_closed (__main__.TestFetchReach.test_a_runaway_snapshot_fails_closed)
clear the needs:area park	Self-test the classifier before it writes	2026-09-09T22:00:55.8309240Z The ceiling is the other half of dropping the limit: pagination to ... ok
clear the needs:area park	Self-test the classifier before it writes	2026-09-09T22:00:55.8311036Z test_an_already_attributed_issue_is_not_re_fetched (__main__.TestFetchReach.test_an_already_attributed_issue_is_not_re_fetched)
clear the needs:area park	Self-test the classifier before it writes	2026-09-09T22:00:55.8343436Z Widening the reach must not re-open settled work: an issue that already ... ok
clear the needs:area park	Self-test the classifier before it writes	2026-09-09T22:00:55.8345043Z test_pull_requests_are_not_candidates (__main__.TestFetchReach.test_pull_requests_are_not_candidates)
clear the needs:area park	Self-test the classifier before it writes	2026-09-09T22:00:55.8377667Z The issues endpoint returns PRs; a PR has no dispatch partition, so ... ok
clear the needs:area park	Self-test the classifier before it writes	2026-09-09T22:00:55.8379390Z test_the_fetch_does_not_silently_truncate (__main__.TestFetchReach.test_the_fetch_does_not_silently_truncate)
clear the needs:area park	Self-test the classifier before it writes	2026-09-09T22:00:55.8411766Z THE TRUNCATION GUARD. `--limit 1000` keeps the newest 1000 and reports ... ok
clear the needs:area park	Self-test the classifier before it writes	2026-09-09T22:00:55.8444669Z test_the_fetch_uses_cursor_pagination (__main__.TestFetchReach.test_the_fetch_uses_cursor_pagination) ... ok
clear the needs:area park	Self-test the classifier before it writes	2026-09-09T22:00:55.8446715Z test_already_classified_issue_is_a_no_op (__main__.TestNoDrift.test_already_classified_issue_is_a_no_op) ... ok
clear the needs:area park	Self-test the classifier before it writes	2026-09-09T22:00:55.8448949Z test_main_never_applies_an_unclassified_row (__main__.TestNoDrift.test_main_never_applies_an_unclassified_row)
clear the needs:area park	Self-test the classifier before it writes	2026-09-09T22:00:55.8471970Z End-to-end over `main() --apply`: the filter that decides WHICH rows are ... ok
clear the needs:area park	Self-test the classifier before it writes	2026-09-09T22:00:55.8481481Z test_plan_emits_labels_only_for_classifiable_issues (__main__.TestNoDrift.test_plan_emits_labels_only_for_classifiable_issues) ... ok
clear the needs:area park	Self-test the classifier before it writes	2026-09-09T22:00:55.8483868Z test_the_unpark_and_the_areas_travel_in_one_call (__main__.TestNoDrift.test_the_unpark_and_the_areas_travel_in_one_call) ... ok
clear the needs:area park	Self-test the classifier before it writes	2026-09-09T22:00:55.8485682Z test_unpark_is_never_emitted_without_an_area (__main__.TestNoDrift.test_unpark_is_never_emitted_without_an_area)
clear the needs:area park	Self-test the classifier before it writes	2026-09-09T22:00:55.8487521Z The named case: apply_row called with NO areas must not reach `gh` at ... ok
clear the needs:area park	Self-test the classifier before it writes	2026-09-09T22:00:55.8489112Z test_cross_cutting_issues_keep_every_area (__main__.TestRuleTableHygiene.test_cross_cutting_issues_keep_every_area)
clear the needs:area park	Self-test the classifier before it writes	2026-09-09T22:00:55.8490827Z The partitioner maps multi-area to __global__ deliberately. Collapsing a ... ok
clear the needs:area park	Self-test the classifier before it writes	2026-09-09T22:00:55.8492925Z test_declaration_span_stops_at_the_sentence_break (__main__.TestRuleTableHygiene.test_declaration_span_stops_at_the_sentence_break)
clear the needs:area park	Self-test the classifier before it writes	2026-09-09T22:00:55.8494959Z sq-p4zci's field is followed by prose containing 'docs/SKILL examples'; ... ok
clear the needs:area park	Self-test the classifier before it writes	2026-09-09T22:00:55.8496971Z test_every_emitted_area_is_a_real_crate_or_a_known_surface (__main__.TestRuleTableHygiene.test_every_emitted_area_is_a_real_crate_or_a_known_surface)
clear the needs:area park	Self-test the classifier before it writes	2026-09-09T22:00:55.8498905Z Never invent a label. An `area:` the repo does not have is invisible to ... ok
clear the needs:area park	Self-test the classifier before it writes	2026-09-09T22:00:55.8500727Z test_only_the_pinned_rules_are_allowed_to_read_the_body (__main__.TestRuleTableHygiene.test_only_the_pinned_rules_are_allowed_to_read_the_body)
clear the needs:area park	Self-test the classifier before it writes	2026-09-09T22:00:55.8502676Z The scope of a rule is a POLICY decision, and widening one from `title` ... ok
clear the needs:area park	Self-test the classifier before it writes	2026-09-09T22:00:55.8504420Z test_rule_order_survives_the_known_name_drop_collisions (__main__.TestRuleTableHygiene.test_rule_order_survives_the_known_name_drop_collisions)
clear the needs:area park	Self-test the classifier before it writes	2026-09-09T22:00:55.8506170Z Three orderings were each MEASURED wrong on the live backlog. Pin them: ... ok
clear the needs:area park	Self-test the classifier before it writes	2026-09-09T22:00:55.8507838Z test_scope_is_declared_and_only_ever_title_or_text (__main__.TestRuleTableHygiene.test_scope_is_declared_and_only_ever_title_or_text)
clear the needs:area park	Self-test the classifier before it writes	2026-09-09T22:00:55.8509435Z `scope` is a two-valued dispatch in classify(); a typo'd third value ... ok
clear the needs:area park	Self-test the classifier before it writes	2026-09-09T22:00:55.8511049Z test_a_text_scoped_rule_does_fire_from_the_body (__main__.TestScopeDiscipline.test_a_text_scoped_rule_does_fire_from_the_body)
clear the needs:area park	Self-test the classifier before it writes	2026-09-09T22:00:55.8529544Z The other direction of the same dispatch. The `text`-scoped rules exist ... ok
clear the needs:area park	Self-test the classifier before it writes	2026-09-09T22:00:55.8531416Z test_a_title_scoped_rule_never_fires_from_the_body_alone (__main__.TestScopeDiscipline.test_a_title_scoped_rule_never_fires_from_the_body_alone)
clear the needs:area park	Self-test the classifier before it writes	2026-09-09T22:00:55.9097406Z THE property. Each title rule's own witness, moved into the body of an ... ok
clear the needs:area park	Self-test the classifier before it writes	2026-09-09T22:00:55.9099208Z test_every_rule_has_a_witness_that_actually_matches (__main__.TestScopeDiscipline.test_every_rule_has_a_witness_that_actually_matches)
clear the needs:area park	Self-test the classifier before it writes	2026-09-09T22:00:55.9183105Z The generated fixtures are the substrate of both properties below; if one ... ok
clear the needs:area park	Self-test the classifier before it writes	2026-09-09T22:00:55.9185134Z test_the_scope_immune_rules_are_exactly_the_fully_anchored_ones (__main__.TestScopeDiscipline.test_the_scope_immune_rules_are_exactly_the_fully_anchored_ones)
clear the needs:area park	Self-test the classifier before it writes	2026-09-09T22:00:55.9224063Z Keeps the exemption above honest: a rule is exempt only because every ... ok
clear the needs:area park	Self-test the classifier before it writes	2026-09-09T22:00:55.9225367Z test_zk_ieee754_scope_is_pinned_not_only_its_order (__main__.TestScopeDiscipline.test_zk_ieee754_scope_is_pinned_not_only_its_order)
clear the needs:area park	Self-test the classifier before it writes	2026-09-09T22:00:55.9249052Z The rule's own comment gives TWO reasons it is safe — "TITLE-scoped and ... ok
clear the needs:area park	Self-test the classifier before it writes	2026-09-09T22:00:55.9262331Z test_captured_titles_and_existing_area (__main__.TestTriageAreaDiagnostics.test_captured_titles_and_existing_area) ... ok
clear the needs:area park	Self-test the classifier before it writes	2026-09-09T22:00:55.9276664Z test_diagnostic_escapes_records_without_dumping_issue_body (__main__.TestTriageAreaDiagnostics.test_diagnostic_escapes_records_without_dumping_issue_body) ... ok
clear the needs:area park	Self-test the classifier before it writes	2026-09-09T22:00:55.9318771Z test_offenders_keep_row_label_tier_association_and_order (__main__.TestTriageAreaDiagnostics.test_offenders_keep_row_label_tier_association_and_order) ... ok
clear the needs:area park	Self-test the classifier before it writes	2026-09-09T22:00:55.9338816Z test_rule_precedes_benchmark_and_website_collisions (__main__.TestTriageAreaDiagnostics.test_rule_precedes_benchmark_and_website_collisions) ... ok
clear the needs:area park	Self-test the classifier before it writes	2026-09-09T22:00:55.9341326Z test_supported_label_uses_normal_add_and_unpark_path (__main__.TestTriageAreaDiagnostics.test_supported_label_uses_normal_add_and_unpark_path) ... ok
clear the needs:area park	Self-test the classifier before it writes	2026-09-09T22:00:55.9371708Z test_title_scope_and_t0_priority (__main__.TestTriageAreaDiagnostics.test_title_scope_and_t0_priority) ... ok
clear the needs:area park	Self-test the classifier before it writes	2026-09-09T22:00:55.9446732Z test_unknown_later_row_blocks_all_writes_even_outside_budget (__main__.TestTriageAreaDiagnostics.test_unknown_later_row_blocks_all_writes_even_outside_budget) ... ok
clear the needs:area park	Self-test the classifier before it writes	2026-09-09T22:00:55.9466517Z test_unrelated_unknown_still_blocks_after_generator_provisioning (__main__.TestTriageAreaDiagnostics.test_unrelated_unknown_still_blocks_after_generator_provisioning) ... ok
clear the needs:area park	Self-test the classifier before it writes	2026-09-09T22:00:55.9468300Z test_a_never_parked_issue_is_not_unparked (__main__.TestUnparkDiscipline.test_a_never_parked_issue_is_not_unparked) ... ok
clear the needs:area park	Self-test the classifier before it writes	2026-09-09T22:00:55.9469755Z test_a_parked_issue_still_travels_with_its_unpark (__main__.TestUnparkDiscipline.test_a_parked_issue_still_travels_with_its_unpark) ... ok
clear the needs:area park	Self-test the classifier before it writes	2026-09-09T22:00:55.9471146Z test_main_decides_the_unpark_per_issue (__main__.TestUnparkDiscipline.test_main_decides_the_unpark_per_issue)
clear the needs:area park	Self-test the classifier before it writes	2026-09-09T22:00:55.9476185Z End-to-end through `main() --apply`: the decision is read from each ... ok
clear the needs:area park	Self-test the classifier before it writes	2026-09-09T22:00:55.9477322Z test_the_empty_add_guard_holds_in_both_modes (__main__.TestUnparkDiscipline.test_the_empty_add_guard_holds_in_both_modes)
clear the needs:area park	Self-test the classifier before it writes	2026-09-09T22:00:55.9478240Z A bare unpark is refused with `unpark=True`; with `unpark=False` there is ... ok
clear the needs:area park	Self-test the classifier before it writes	2026-09-09T22:00:55.9489367Z test_a_dry_run_shows_the_deferral_the_next_apply_tick_will_make (__main__.TestWriteBudget.test_a_dry_run_shows_the_deferral_the_next_apply_tick_will_make) ... ok
clear the needs:area park	Self-test the classifier before it writes	2026-09-09T22:00:55.9499739Z test_the_budget_bounds_the_writes_a_single_run_can_spend (__main__.TestWriteBudget.test_the_budget_bounds_the_writes_a_single_run_can_spend) ... ok
clear the needs:area park	Self-test the classifier before it writes	2026-09-09T22:00:55.9502441Z test_the_defaults_stay_under_the_documented_secondary_limits (__main__.TestWriteBudget.test_the_defaults_stay_under_the_documented_secondary_limits)
clear the needs:area park	Self-test the classifier before it writes	2026-09-09T22:00:55.9504361Z The two constants are only defensible as arithmetic on the published limits, ... ok
clear the needs:area park	Self-test the classifier before it writes	2026-09-09T22:00:55.9506172Z test_the_deferred_tail_is_reported_not_silently_dropped (__main__.TestWriteBudget.test_the_deferred_tail_is_reported_not_silently_dropped)
clear the needs:area park	Self-test the classifier before it writes	2026-09-09T22:00:55.9514105Z The headline property. A cap the report does not name is indistinguishable ... ok
clear the needs:area park	Self-test the classifier before it writes	2026-09-09T22:00:55.9515936Z test_the_deferred_tail_is_written_by_the_next_tick (__main__.TestWriteBudget.test_the_deferred_tail_is_written_by_the_next_tick)
clear the needs:area park	Self-test the classifier before it writes	2026-09-09T22:00:55.9536909Z CONVERGENCE. The budget defers, it does not drop. Simulate the next tick: ... ok
clear the needs:area park	Self-test the classifier before it writes	2026-09-09T22:00:55.9550484Z test_there_is_no_unlimited_write_mode (__main__.TestWriteBudget.test_there_is_no_unlimited_write_mode) ... ok
clear the needs:area park	Self-test the classifier before it writes	2026-09-09T22:00:55.9553032Z test_ticks_per_hour_matches_the_cron_that_actually_drives_the_lane (__main__.TestWriteBudget.test_ticks_per_hour_matches_the_cron_that_actually_drives_the_lane)
clear the needs:area park	Self-test the classifier before it writes	2026-09-09T22:00:55.9555067Z The budget is the hourly allowance divided across the ticks in an hour, so ... ok
clear the needs:area park	Self-test the classifier before it writes	2026-09-09T22:00:55.9570825Z test_writes_are_paced_between_each_other_and_not_before_the_first (__main__.TestWriteBudget.test_writes_are_paced_between_each_other_and_not_before_the_first) ... ok
clear the needs:area park	Self-test the classifier before it writes	2026-09-09T22:00:55.9572384Z 
clear the needs:area park	Self-test the classifier before it writes	2026-09-09T22:00:55.9572751Z ----------------------------------------------------------------------
clear the needs:area park	Self-test the classifier before it writes	2026-09-09T22:00:55.9573502Z Ran 45 tests in 0.151s
clear the needs:area park	Self-test the classifier before it writes	2026-09-09T22:00:55.9573831Z 
clear the needs:area park	Self-test the classifier before it writes	2026-09-09T22:00:55.9574301Z OK
clear the needs:area park	Classify the needs:area backlog	﻿2026-09-09T22:00:55.9729580Z ##[group]Run set -euo pipefail
clear the needs:area park	Classify the needs:area backlog	2026-09-09T22:00:55.9730145Z [36;1mset -euo pipefail[0m
clear the needs:area park	Classify the needs:area backlog	2026-09-09T22:00:55.9730808Z [36;1mpython3 scripts/triage-area.py --apply | tee "$RUNNER_TEMP/triage-area.log"[0m
clear the needs:area park	Classify the needs:area backlog	2026-09-09T22:00:55.9856043Z shell: /usr/bin/bash -e {0}
clear the needs:area park	Classify the needs:area backlog	2026-09-09T22:00:55.9856686Z env:
clear the needs:area park	Classify the needs:area backlog	2026-09-09T22:00:55.9862912Z   GH_TOKEN: ***
clear the needs:area park	Classify the needs:area backlog	2026-09-09T22:00:55.9863546Z   SPARQ_REPO: sparq-org/sparq
clear the needs:area park	Classify the needs:area backlog	2026-09-09T22:00:55.9864171Z ##[endgroup]
clear the needs:area park	Classify the needs:area backlog	2026-09-09T22:01:18.5909335Z #3889  ci                                       T1 ci: CI / orchestration infrastructure
clear the needs:area park	Classify the needs:area backlog	2026-09-09T22:01:18.5911052Z        Create tracking records for the 12 items in research/solid-consumer-production-readiness-2026-07.md §5
clear the needs:area park	Classify the needs:area backlog	2026-09-09T22:01:18.5913097Z #3891  sparq-cli                                T2 bd-to-issues.derive_areas (title scope/crate token)
clear the needs:area park	Classify the needs:area backlog	2026-09-09T22:01:18.5914253Z        tabular import: GUI import wizard on top of the CLI/module (sq-u1z86 item 5)
clear the needs:area park	Classify the needs:area backlog	2026-09-09T22:01:18.5915107Z #3892  ci                                       T1 ci: CI / orchestration infrastructure
clear the needs:area park	Classify the needs:area backlog	2026-09-09T22:01:18.5916364Z        Fixtures carrying both a field and its alias make field-pinning assertions vacuous (3 occurrences, all silent-stall)
clear the needs:area park	Classify the needs:area backlog	2026-09-09T22:01:18.5917522Z #3893  sparq-core                               T2 bd-to-issues.derive_areas (title scope/crate token)
clear the needs:area park	Classify the needs:area backlog	2026-09-09T22:01:18.5918566Z        sparq-core: streaming N-Quads dataset loader (the tabular named-graph --query path buffers)
clear the needs:area park	Classify the needs:area backlog	2026-09-09T22:01:18.5919655Z #3895  sparq-solid                              T2 bd-to-issues.derive_areas (title scope/crate token)
clear the needs:area park	Classify the needs:area backlog	2026-09-09T22:01:18.5920866Z        sparq-solid: a raw `auth:` triple inside an .acr/.acl bypasses policy evaluation and grants cross-subtree access
clear the needs:area park	Classify the needs:area backlog	2026-09-09T22:01:18.5922344Z #3896  knowledge-graph                          T1 pkg: the project-knowledge-graph surface
clear the needs:area park	Classify the needs:area backlog	2026-09-09T22:01:18.5923395Z        Sync .claude/skills/query-pkg/SKILL.md with the pkg-query --citations CLI mode
clear the needs:area park	Classify the needs:area backlog	2026-09-09T22:01:18.5924502Z #3897  site-papers                              T1 site-papers: paper-factory artifact
clear the needs:area park	Classify the needs:area backlog	2026-09-09T22:01:18.5926442Z        PR #3434 blocker: branch is 132 commits behind main — bb_gates_matrix.json needs the hidden_issuer_d4 re-baseline (16946 -> 24452)
clear the needs:area park	Classify the needs:area backlog	2026-09-09T22:01:18.5927744Z #3898  sparq-forms                              T2 bd-to-issues.derive_areas (title scope/crate token)
clear the needs:area park	Classify the needs:area backlog	2026-09-09T22:01:18.5928912Z        Declared MSRV 1.88 is violated by sparq-forms' in-src test module (E0716) and the msrv lane cannot see it
clear the needs:area park	Classify the needs:area backlog	2026-09-09T22:01:18.5930069Z #3900  sparq-canon                              T2 bd-to-issues.derive_areas (title scope/crate token)
clear the needs:area park	Classify the needs:area backlog	2026-09-09T22:01:18.5931111Z        Kern coordination: post the scope-vs-whole-graph RDFC-1.0 counterexamples to #1746
clear the needs:area park	Classify the needs:area backlog	2026-09-09T22:01:18.5932451Z #3902  sparq-core                               T2 bd-to-issues.derive_areas (title scope/crate token)
clear the needs:area park	Classify the needs:area backlog	2026-09-09T22:01:18.5937633Z        sparq-core: Temporal::of_lit accepts a timezone-free lexical for xsd:dateTimeStamp (required-timezone facet not enforced)
clear the needs:area park	Classify the needs:area backlog	2026-09-09T22:01:18.5939053Z #3903  sparq-reason-dl                          T2 bd-to-issues.derive_areas (title scope/crate token)
clear the needs:area park	Classify the needs:area backlog	2026-09-09T22:01:18.5940252Z        reason-dl: conclusion-side refutation encodings for data-property axioms (ALCH(D) entailment)
clear the needs:area park	Classify the needs:area backlog	2026-09-09T22:01:18.5941339Z #3904  sparq-reason-dl                          T2 bd-to-issues.derive_areas (title scope/crate token)
clear the needs:area park	Classify the needs:area backlog	2026-09-09T22:01:18.5942307Z        reason-dl: graduate the concrete domain to FACETED data ranges (owl:withRestrictions / owl:onDatatype)
clear the needs:area park	Classify the needs:area backlog	2026-09-09T22:01:18.5943536Z #3905  sparq-reason-dl,sparq-conformance        T1 reason-dl-floor: the DL lane plus the conformance floor constants it ratchets
clear the needs:area park	Classify the needs:area backlog	2026-09-09T22:01:18.5944801Z        conformance: enable sparq-reason-dl/dl_datatypes in the dl-direct arm and re-pin the DL floors with evidence
clear the needs:area park	Classify the needs:area backlog	2026-09-09T22:01:18.5945894Z #3906  site-specs                               T1 site-specs: authors/edits a Typst UPD under site/specs
clear the needs:area park	Classify the needs:area backlog	2026-09-09T22:01:18.5947332Z        scripts/check-spec-normative-status.py is an orphan gate — wired into no workflow
clear the needs:area park	Classify the needs:area backlog	2026-09-09T22:01:18.5948465Z #3907  knowledge-graph                          T1 pkg: the project-knowledge-graph surface
clear the needs:area park	Classify the needs:area backlog	2026-09-09T22:01:18.5949592Z        Document `pkg-query --citations` in .claude/skills/query-pkg/SKILL.md (PR #2493 round-4 finding, blocked by worker sandbox)
clear the needs:area park	Classify the needs:area backlog	2026-09-09T22:01:18.5950877Z #3909  sparq-fedplan                            T2 bd-to-issues.derive_areas (title scope/crate token)
clear the needs:area park	Classify the needs:area backlog	2026-09-09T22:01:18.5952093Z        docs(sparq-fedplan): cross-link the LOCAL-evaluator port prior-negative from adaptive.rs module docs
clear the needs:area park	Classify the needs:area backlog	2026-09-09T22:01:18.5953069Z #3910  sparq-reason-el                          T2 bd-to-issues.derive_areas (title scope/crate token)
clear the needs:area park	Classify the needs:area backlog	2026-09-09T22:01:18.5954234Z        sparq-reason-el crate README + Cargo description carry the same unqualified "complete lattice" claim the CLI just fixed
clear the needs:area park	Classify the needs:area backlog	2026-09-09T22:01:18.5955466Z #3911  sparq-cli,sparq-reason-el                T2 bd-to-issues.derive_areas (title scope/crate token)
clear the needs:area park	Classify the needs:area backlog	2026-09-09T22:01:18.5956196Z        sparq-cli has no way to enable sparq-reason-el/cdomain, so `classify` can never cover the whole OWL 2 EL profile
clear the needs:area park	Classify the needs:area backlog	2026-09-09T22:01:18.5957193Z #3913  sparq-policy                             T1 odrl: ODRL evaluation lives in crates/sparq-policy
clear the needs:area park	Classify the needs:area backlog	2026-09-09T22:01:18.5958128Z        odrl-policy-bridge paper: every internal § cross-reference is off by +1 at the top level (~20 sites)
clear the needs:area park	Classify the needs:area backlog	2026-09-09T22:01:18.5959059Z #3918  bench                                    T1 bench-generic: a benchmarking deliverable
clear the needs:area park	Classify the needs:area backlog	2026-09-09T22:01:18.5959835Z        bench: stale hard-coded registry entry count in scripts/bench/run-all-benchmarks.sh
clear the needs:area park	Classify the needs:area backlog	2026-09-09T22:01:18.5960538Z #3920  ci                                       T1 ci: CI / orchestration infrastructure
clear the needs:area park	Classify the needs:area backlog	2026-09-09T22:01:18.5961177Z        Add a per-PR cargo-semver-checks gate over the tier-1 API surface (W1)
clear the needs:area park	Classify the needs:area backlog	2026-09-09T22:01:18.5962076Z #3921  ci                                       T1 ci: CI / orchestration infrastructure
clear the needs:area park	Classify the needs:area backlog	2026-09-09T22:01:18.5962686Z        Publish the served-surface SPARQL 1.1 Protocol conformance report as an artifact (W2)
clear the needs:area park	Classify the needs:area backlog	2026-09-09T22:01:18.5963610Z #3922  ci                                       T1 ci: CI / orchestration infrastructure
clear the needs:area park	Classify the needs:area backlog	2026-09-09T22:01:18.5964447Z        Write and validate a backup -> restore -> PITR disaster-recovery runbook (W3)
clear the needs:area park	Classify the needs:area backlog	2026-09-09T22:01:18.5965303Z #3923  ci                                       T1 ci: CI / orchestration infrastructure
clear the needs:area park	Classify the needs:area backlog	2026-09-09T22:01:18.5966029Z        Write the authoritative-store operations guide (W4)
clear the needs:area park	Classify the needs:area backlog	2026-09-09T22:01:18.5966709Z #3924  ci                                       T1 ci: CI / orchestration infrastructure
clear the needs:area park	Classify the needs:area backlog	2026-09-09T22:01:18.5967551Z        Cover the out-of-class AC-SPARQL scenarios (1, 14, 15, 16) on the /authz/query surface (W5)
clear the needs:area park	Classify the needs:area backlog	2026-09-09T22:01:18.5968432Z #3925  ci                                       T1 ci: CI / orchestration infrastructure
clear the needs:area park	Classify the needs:area backlog	2026-09-09T22:01:18.5969258Z        Correct the stale DEVIATIONS note in crates/sparq-lws-core/src/store/http.rs (W6)
clear the needs:area park	Classify the needs:area backlog	2026-09-09T22:01:18.5970269Z #3926  site-specs                               T1 site-specs: authors/edits a Typst UPD under site/specs
clear the needs:area park	Classify the needs:area backlog	2026-09-09T22:01:18.5971389Z        SPARQL-CRDT spec gap: pin down add/remove cancellation within one request (CRDT-UPD-BATCH-1 vs CRDT-WIRE-4)
clear the needs:area park	Classify the needs:area backlog	2026-09-09T22:01:18.5972656Z #3927  sparq-crdt                               T2 bd-to-issues.derive_areas (title scope/crate token)
clear the needs:area park	Classify the needs:area backlog	2026-09-09T22:01:18.5973503Z        SPARQL-CRDT spec gap: CRDT-BNODE-3's "already a known minted term" is not defined
clear the needs:area park	Classify the needs:area backlog	2026-09-09T22:01:18.5974444Z #3928  site-specs                               T1 site-specs: authors/edits a Typst UPD under site/specs
clear the needs:area park	Classify the needs:area backlog	2026-09-09T22:01:18.5975448Z        SPARQL-CRDT spec gap: CLEAR/DROP/COPY/MOVE/ADD have no normative CRDT-UPD-* proposal
clear the needs:area park	Classify the needs:area backlog	2026-09-09T22:01:18.5976460Z #3929  sparq-crdt                               T2 bd-to-issues.derive_areas (title scope/crate token)
clear the needs:area park	Classify the needs:area backlog	2026-09-09T22:01:18.5977297Z        sparq-crdt: SERVICE inside a WHERE is not gated by the offline/high-assurance profile switch
clear the needs:area park	Classify the needs:area backlog	2026-09-09T22:01:18.5978237Z #3930  site-specs                               T1 site-specs: authors/edits a Typst UPD under site/specs
clear the needs:area park	Classify the needs:area backlog	2026-09-09T22:01:18.5978886Z        sparq-crdt: conformance fixtures + assertion index (CRDT-TEST-1/2) and envelope fuzzing are not implemented
clear the needs:area park	Classify the needs:area backlog	2026-09-09T22:01:18.5979467Z #3931  ci                                       T1 ci: CI / orchestration infrastructure
clear the needs:area park	Classify the needs:area backlog	2026-09-09T22:01:18.5980212Z        feature-matrix bin-packing: leg weight ignores dependency-stack cost (sparq-fedplan-mpc lands in the sparq-server group and cold-compiles sparq-mpc)
clear the needs:area park	Classify the needs:area backlog	2026-09-09T22:01:18.5981028Z #3932  sparq-lws-wasm                           T2 bd-to-issues.derive_areas (title scope/crate token)
clear the needs:area park	Classify the needs:area backlog	2026-09-09T22:01:18.5981753Z        sparq-lws-wasm: prove delete-restores-admission with a wasm32 end-to-end test
clear the needs:area park	Classify the needs:area backlog	2026-09-09T22:01:18.5982295Z #3933  sparq-terse                              T2 bd-to-issues.derive_areas (title scope/crate token)
clear the needs:area park	Classify the needs:area backlog	2026-09-09T22:01:18.5982826Z        sparq-terse: the K:/V() transpile scanners treat every `<` as an IRIREF opener
clear the needs:area park	Classify the needs:area backlog	2026-09-09T22:01:18.5983317Z #3936  docs                                     T2 bd-to-issues.derive_areas (title scope/crate token)
clear the needs:area park	Classify the needs:area backlog	2026-09-09T22:01:18.5984107Z        docs(research): lws-demo-architecture §1.2 overstates the CSS image's default storage
clear the needs:area park	Classify the needs:area backlog	2026-09-09T22:01:18.5984649Z #3937  ci                                       T2 bd-to-issues.derive_areas (title scope/crate token)
clear the needs:area park	Classify the needs:area backlog	2026-09-09T22:01:18.5985097Z        ci: shellcheck + run the compat smoke's --self-test lane
clear the needs:area park	Classify the needs:area backlog	2026-09-09T22:01:18.5985488Z #3938  ci                                       T1 ci: CI / orchestration infrastructure
clear the needs:area park	Classify the needs:area backlog	2026-09-09T22:01:18.5986045Z        release.yml: workflow_dispatch `inputs.tag` is interpolated into a `run:` shell line (script injection)
clear the needs:area park	Classify the needs:area backlog	2026-09-09T22:01:18.5986661Z #3940  sparq-engine                             T2 bd-to-issues.derive_areas (title scope/crate token)
clear the needs:area park	Classify the needs:area backlog	2026-09-09T22:01:18.5987218Z        Preserve sq-p6p6 adaptive-replan evidence on main before the branch is pruned
clear the needs:area park	Classify the needs:area backlog	2026-09-09T22:01:18.5987696Z #3941  ci                                       T1 ci: CI / orchestration infrastructure
clear the needs:area park	Classify the needs:area backlog	2026-09-09T22:01:18.5988323Z        feature-matrix gate steps are not locally reproducible without PyYAML (add a stdlib fallback for the flat fragment format)
clear the needs:area park	Classify the needs:area backlog	2026-09-09T22:01:18.5989010Z #3943  sparq-forms                              T2 bd-to-issues.derive_areas (title scope/crate token)
clear the needs:area park	Classify the needs:area backlog	2026-09-09T22:01:18.5989605Z        forms F5: gui/app widgets for RDF 1.2 annotations, computed fields, label role and abstract shapes
clear the needs:area park	Classify the needs:area backlog	2026-09-09T22:01:18.5992375Z #3944  sparq-shacl                              T2 bd-to-issues.derive_areas (title scope/crate token)
clear the needs:area park	Classify the needs:area backlog	2026-09-09T22:01:18.5993305Z        sparq-shacl: expose a public seam for SPARQL-valued sh:values (sh:select / sh:sparqlExpr) node expressions
clear the needs:area park	Classify the needs:area backlog	2026-09-09T22:01:18.5994035Z #3945  sparq-forms                              T2 bd-to-issues.derive_areas (title scope/crate token)
clear the needs:area park	Classify the needs:area backlog	2026-09-09T22:01:18.5994750Z        sparq-forms: annotation write-back for blank-node reifiers via a WHERE-bound update
clear the needs:area park	Classify the needs:area backlog	2026-09-09T22:01:18.5995464Z #3946  sparq-zk-compose                         T1 zk-compose: zk-compose circuit/verifier surface
clear the needs:area park	Classify the needs:area backlog	2026-09-09T22:01:18.5996099Z        Gate-count re-baseline runbook does not list every generated consumer of gate_count_snapshot.json
clear the needs:area park	Classify the needs:area backlog	2026-09-09T22:01:18.5996880Z #3948  sparq-forms                              T2 bd-to-issues.derive_areas (title scope/crate token)
clear the needs:area park	Classify the needs:area backlog	2026-09-09T22:01:18.5997477Z        MSRV break on main: two `cfg(test)` blocks fail to compile on rustc 1.88 (the declared rust-version)
clear the needs:area park	Classify the needs:area backlog	2026-09-09T22:01:18.5998242Z #3949  site-specs                               T1 site-specs: authors/edits a Typst UPD under site/specs
clear the needs:area park	Classify the needs:area backlog	2026-09-09T22:01:18.5998870Z        scripts/check-spec-normative-status.py is a shipped linter that no workflow ever runs
clear the needs:area park	Classify the needs:area backlog	2026-09-09T22:01:18.5999597Z #3951  sparq-policy                             T1 odrl: ODRL evaluation lives in crates/sparq-policy
clear the needs:area park	Classify the needs:area backlog	2026-09-09T22:01:18.6000735Z        Extend the ODRL N3 differential fuzz corpus with multi-valued rule-attribute shapes
clear the needs:area park	Classify the needs:area backlog	2026-09-09T22:01:18.6001260Z #3952  site-papers                              T1 site-papers: paper-factory artifact
clear the needs:area park	Classify the needs:area backlog	2026-09-09T22:01:18.6002261Z        compliance/memsafety/evidence.md MS-1 forbid/total/overlap accounting is stale (50/60/two/four vs live 51/62/three/five)
clear the needs:area park	Classify the needs:area backlog	2026-09-09T22:01:18.6003182Z #3953  site                                     T2 bd-to-issues.derive_areas (title scope/crate token)
clear the needs:area park	Classify the needs:area backlog	2026-09-09T22:01:18.6004317Z        site: committed zk-sparql-catalog.generated.json can silently drift from its bench/ source of truth
clear the needs:area park	Classify the needs:area backlog	2026-09-09T22:01:18.6004944Z #3954  site-papers                              T1 site-papers: paper-factory artifact
clear the needs:area park	Classify the needs:area backlog	2026-09-09T22:01:18.6005708Z        CI fix-worker brief should name the failing SIBLING check-runs, not just the `gate` aggregator
clear the needs:area park	Classify the needs:area backlog	2026-09-09T22:01:18.6006407Z #3955  sparq-wac-oracle                         T2 bd-to-issues.derive_areas (title scope/crate token)
clear the needs:area park	Classify the needs:area backlog	2026-09-09T22:01:18.6007312Z        Kani anti-vacuity: reduce.rs and dict.rs carry their witness-survival leg on a non-gating `kani::cover!`
clear the needs:area park	Classify the needs:area backlog	2026-09-09T22:01:18.6008035Z #3956  e2ee                                     T1 e2ee: the end-to-end-encryption program
clear the needs:area park	Classify the needs:area backlog	2026-09-09T22:01:18.6008560Z        sparq-e2ee-ng: nothing enforces PublicGrant::max_epoch at exercise time
clear the needs:area park	Classify the needs:area backlog	2026-09-09T22:01:18.6009158Z #3957  bench                                    T2 bd-to-issues.derive_areas (title scope/crate token)
clear the needs:area park	Classify the needs:area backlog	2026-09-09T22:01:18.6009876Z        bench/shacl-wasm: pin the gather-only peer stack with a committed lockfile so the bundle bytes are reproducible
clear the needs:area park	Classify the needs:area backlog	2026-09-09T22:01:18.6010676Z #3958  sparq-kb                                 T2 bd-to-issues.derive_areas (title scope/crate token)
clear the needs:area park	Classify the needs:area backlog	2026-09-09T22:01:18.6011276Z        sparq-kb: the DQV carve-out in compiled_findings_match_handauthored_triple_for_triple is now vacuous
clear the needs:area park	Classify the needs:area backlog	2026-09-09T22:01:18.6012175Z #3959  sparq-wac-oracle                         T0 author-declared crate_or_surface/crates field
clear the needs:area park	Classify the needs:area backlog	2026-09-09T22:01:18.6012938Z        sparq-wac-oracle: the new opt-in `odrl-bridge` feature has NO CI executor, so window_corpus never runs
clear the needs:area park	Classify the needs:area backlog	2026-09-09T22:01:18.6013568Z #3960  sparq-mpc                                T2 bd-to-issues.derive_areas (title scope/crate token)
clear the needs:area park	Classify the needs:area backlog	2026-09-09T22:01:18.6014452Z        oblivious_join: audit the ObliviousOutputCost 'what a real deployment would pay' claim like SortMergeCost's (PR #3585 round 5)
clear the needs:area park	Classify the needs:area backlog	2026-09-09T22:01:18.6015203Z #3961  sparq-mpc                                T2 bd-to-issues.derive_areas (title scope/crate token)
clear the needs:area park	Classify the needs:area backlog	2026-09-09T22:01:18.6015906Z        sparq-mpc: raw NUL byte in oblivious_join.rs doc comment makes grep/file treat the source as binary
clear the needs:area park	Classify the needs:area backlog	2026-09-09T22:01:18.6016655Z #3963  sparq-terse                              T2 bd-to-issues.derive_areas (title scope/crate token)
clear the needs:area park	Classify the needs:area backlog	2026-09-09T22:01:18.6017319Z        sparq-terse: consider exposing ResolveCtx::resolve_lazy publicly for direct callers with an expensive embedder
clear the needs:area park	Classify the needs:area backlog	2026-09-09T22:01:18.6018158Z #3964  sparq-terse                              T2 bd-to-issues.derive_areas (title scope/crate token)
clear the needs:area park	Classify the needs:area backlog	2026-09-09T22:01:18.6018727Z        sparq-terse: no test covers a SUCCESSFUL V() vector-fallback bind under the DEFAULT ResolveGate
clear the needs:area park	Classify the needs:area backlog	2026-09-09T22:01:18.6019481Z #3966  sparq-wac-oracle                         T0 author-declared crate_or_surface/crates field
clear the needs:area park	Classify the needs:area backlog	2026-09-09T22:01:18.6020152Z        sparq-wac-oracle: the opt-in `odrl-bridge` tests have no CI executor (C1 guard blind spot)
clear the needs:area park	Classify the needs:area backlog	2026-09-09T22:01:18.6020721Z #3968  ci                                       T1 ci: CI / orchestration infrastructure
clear the needs:area park	Classify the needs:area backlog	2026-09-09T22:01:18.6021385Z        sparq-bench-ec2 agent doc still mandates console-output as the results channel (sq-ffaa9 follow-up)
clear the needs:area park	Classify the needs:area backlog	2026-09-09T22:01:18.6022221Z #3969  ci                                       T1 ci: CI / orchestration infrastructure
clear the needs:area park	Classify the needs:area backlog	2026-09-09T22:01:18.6022930Z        Wire the durable S3 results channel into the remaining EC2 bench launchers (sq-ffaa9 follow-up)
clear the needs:area park	Classify the needs:area backlog	2026-09-09T22:01:18.6023916Z #3972  sparq-core                               T2 bd-to-issues.derive_areas (title scope/crate token)
clear the needs:area park	Classify the needs:area backlog	2026-09-09T22:01:18.6024600Z        sparq-core: compress::with_emit_format is #[doc(hidden)] "TEST/BENCH hook" but is now a product path
clear the needs:area park	Classify the needs:area backlog	2026-09-09T22:01:18.6025347Z #3974  sparq-zk-compose                         T1 zk-compose: zk-compose circuit/verifier surface
clear the needs:area park	Classify the needs:area backlog	2026-09-09T22:01:18.6026114Z        SKILL.md sparq-zk dual-leaf host-encoder list is stale: encode_boolean (sq-hh7a4) and the dateTime/date lanes (sq-we9vs) are undocumented
clear the needs:area park	Classify the needs:area backlog	2026-09-09T22:01:18.6026956Z #3975  sparq-zk-compose                         T1 zk-compose: zk-compose circuit/verifier surface
clear the needs:area park	Classify the needs:area backlog	2026-09-09T22:01:18.6027818Z        coverage.sh measures sparq-zk-compose with default features only, so the whole dual-leaf value-lane surface counts as uncovered
clear the needs:area park	Classify the needs:area backlog	2026-09-09T22:01:18.6028642Z #3979  sparq-reason-el                          T2 bd-to-issues.derive_areas (title scope/crate token)
clear the needs:area park	Classify the needs:area backlog	2026-09-09T22:01:18.6029278Z        Coverage blind spot: sparq-reason-el's `par` engine is compiled out of the coverage measurement
clear the needs:area park	Classify the needs:area backlog	2026-09-09T22:01:18.6030067Z #3981  sparq-policy                             T1 odrl: ODRL evaluation lives in crates/sparq-policy
clear the needs:area park	Classify the needs:area backlog	2026-09-09T22:01:18.6030873Z        sparq-policy: a HEAD-position rest-only cell as odrl:rightOperand bypasses collection validation (isNoneOf-on-permission widening)
clear the needs:area park	Classify the needs:area backlog	2026-09-09T22:01:18.6031801Z #3982  sparq-policy                             T1 odrl: ODRL evaluation lives in crates/sparq-policy
clear the needs:area park	Classify the needs:area backlog	2026-09-09T22:01:18.6032737Z        sparq-policy: a NESTED-list member of an odrl:rightOperand collection is silently unmatchable, widening the negative set operators
clear the needs:area park	Classify the needs:area backlog	2026-09-09T22:01:18.6033641Z #3984  sparq-introspect                         T2 bd-to-issues.derive_areas (title scope/crate token)
clear the needs:area park	Classify the needs:area backlog	2026-09-09T22:01:18.6034248Z        sparq-introspect: escape control characters in sampled values rendered into the schema summary
clear the needs:area park	Classify the needs:area backlog	2026-09-09T22:01:18.6035011Z #3985  sparq-nlq                                T2 bd-to-issues.derive_areas (title scope/crate token)
clear the needs:area park	Classify the needs:area backlog	2026-09-09T22:01:18.6035634Z        sparq-nlq: cap the assembled prompt and the completion size (residual budget gap from sq-j1wv)
clear the needs:area park	Classify the needs:area backlog	2026-09-09T22:01:18.6036353Z #3987  site-specs                               T1 site-specs: authors/edits a Typst UPD under site/specs
clear the needs:area park	Classify the needs:area backlog	2026-09-09T22:01:18.6037081Z        sparq-mcp docs cite site/specs/mcp-solid.typ, but that spec file does not exist in the repo
clear the needs:area park	Classify the needs:area backlog	2026-09-09T22:01:18.6037684Z #3988  sparq-mcp                                T2 bd-to-issues.derive_areas (title scope/crate token)
clear the needs:area park	Classify the needs:area backlog	2026-09-09T22:01:18.6038370Z        sparq-mcp pod resources/subscribe cannot watch a not-yet-existing resource
clear the needs:area park	Classify the needs:area backlog	2026-09-09T22:01:18.6038901Z #3989  sparq-mcp                                T2 bd-to-issues.derive_areas (title scope/crate token)
clear the needs:area park	Classify the needs:area backlog	2026-09-09T22:01:18.6039495Z        sparq-mcp resources/list has no pagination cursor
clear the needs:area park	Classify the needs:area backlog	2026-09-09T22:01:18.6039980Z #3991  sparq-geo                                T2 bd-to-issues.derive_areas (title scope/crate token)
clear the needs:area park	Classify the needs:area backlog	2026-09-09T22:01:18.6041003Z        geo: geosparql_rewrite LOWERS GeoSPARQL compliance (−4 points) and never earns the R28–R30 it exists for
clear the needs:area park	Classify the needs:area backlog	2026-09-09T22:01:18.6041941Z #3992  sparq-geo                                T2 bd-to-issues.derive_areas (title scope/crate token)
clear the needs:area park	Classify the needs:area backlog	2026-09-09T22:01:18.6042531Z        geo: an empty geo:wktLiteral / geo:gmlLiteral should parse as an empty geometry, not error
clear the needs:area park	Classify the needs:area backlog	2026-09-09T22:01:18.6043271Z #3994  sparq-engine                             T2 bd-to-issues.derive_areas (title scope/crate token)
clear the needs:area park	Classify the needs:area backlog	2026-09-09T22:01:18.6043868Z        explain_paths omits the START/END endpoint restrictions from the typed PATHS operator render
clear the needs:area park	Classify the needs:area backlog	2026-09-09T22:01:18.6044608Z #3996  gui                                      T2 bd-to-issues.derive_areas (title scope/crate token)
clear the needs:area park	Classify the needs:area backlog	2026-09-09T22:01:18.6045117Z        GUI: Playwright mocked-IPC spec for the visual query builder (sq-ixc3.24)
clear the needs:area park	Classify the needs:area backlog	2026-09-09T22:01:18.6045774Z #3997  gui                                      T2 bd-to-issues.derive_areas (title scope/crate token)
clear the needs:area park	Classify the needs:area backlog	2026-09-09T22:01:18.6046912Z        GUI: query builder should also see SHACL shapes uploaded in the SHACL tool, not only shapes in the store
clear the needs:area park	Classify the needs:area backlog	2026-09-09T22:01:18.6047505Z #3998  gui                                      T2 bd-to-issues.derive_areas (title scope/crate token)
clear the needs:area park	Classify the needs:area backlog	2026-09-09T22:01:18.6048307Z        GUI: visual query builder v2 — parse SPARQL back into the canvas (true two-way editing)
clear the needs:area park	Classify the needs:area backlog	2026-09-09T22:01:18.6048845Z #3999  site-papers                              T1 site-papers: paper-factory artifact
clear the needs:area park	Classify the needs:area backlog	2026-09-09T22:01:18.6049792Z        sq-gum8.11 doc-sync: paper §6.1/§7.2 + academic-paper SKILL must describe the versioned grammar levels and the campaign runner
clear the needs:area park	Classify the needs:area backlog	2026-09-09T22:01:18.6050682Z #4000  sparq-metamorph                          T2 bd-to-issues.derive_areas (title scope/crate token)
clear the needs:area park	Classify the needs:area backlog	2026-09-09T22:01:18.6051352Z        sparq-metamorph: validated endpoint presets + compose services for Blazegraph, GraphDB, QLever, MillenniumDB
clear the needs:area park	Classify the needs:area backlog	2026-09-09T22:01:18.6052245Z #4003  ci                                       T1 ci: CI / orchestration infrastructure
clear the needs:area park	Classify the needs:area backlog	2026-09-09T22:01:18.6053238Z        ci.yml shell ratchet gates hard-code floor values (RSP one is STALE at 149 vs the real 317) — read them from sparq-conformance-floors instead
clear the needs:area park	Classify the needs:area backlog	2026-09-09T22:01:18.6053968Z #4010  sparq-rsp                                T2 bd-to-issues.derive_areas (title scope/crate token)
clear the needs:area park	Classify the needs:area backlog	2026-09-09T22:01:18.6054830Z        sparq-rsp: implement the CityBench oracle surface (static FROM graphs, FILTER, HAVING) so CityBench can be count-matched
clear the needs:area park	Classify the needs:area backlog	2026-09-09T22:01:18.6055528Z #4011  sparq-terse                              T2 bd-to-issues.derive_areas (title scope/crate token)
clear the needs:area park	Classify the needs:area backlog	2026-09-09T22:01:18.6056090Z        sparq-terse: ResolveCtx re-runs the O(dict) store staleness check once per V() phrase
clear the needs:area park	Classify the needs:area backlog	2026-09-09T22:01:18.6056796Z #4013  sparq-core                               T2 bd-to-issues.derive_areas (title scope/crate token)
clear the needs:area park	Classify the needs:area backlog	2026-09-09T22:01:18.6057701Z        sparq-core/temporal: Timeline::parse_datetime accepts non-XSD second spellings ("NaN", "1e1") — an ill-formed dateTime enters the temporals cache with
clear the needs:area park	Classify the needs:area backlog	2026-09-09T22:01:18.6058469Z #4015  sparq-mpc                                T2 bd-to-issues.derive_areas (title scope/crate token)
clear the needs:area park	Classify the needs:area backlog	2026-09-09T22:01:18.6059045Z        sparq-mpc: fold the mirrored BN254 modulus into the federated-layout lockstep conformance gate
clear the needs:area park	Classify the needs:area backlog	2026-09-09T22:01:18.6059624Z #4017  sparq-policy                             T1 odrl: ODRL evaluation lives in crates/sparq-policy
clear the needs:area park	Classify the needs:area backlog	2026-09-09T22:01:18.6060077Z        Review the SPARQL-query ODRL action profile decision
clear the needs:area park	Classify the needs:area backlog	2026-09-09T22:01:18.6060662Z #4018  sparq-zk-compose                         T1 zk-compose: zk-compose circuit/verifier surface
clear the needs:area park	Classify the needs:area backlog	2026-09-09T22:01:18.6061298Z        zk-toolchain lane never runs the dual-leaf in-circuit vectors (no --features dual-leaf)
clear the needs:area park	Classify the needs:area backlog	2026-09-09T22:01:18.6062098Z #4019  gui                                      T2 bd-to-issues.derive_areas (title scope/crate token)
clear the needs:area park	Classify the needs:area backlog	2026-09-09T22:01:18.6062619Z        gui query builder: React state updaters read event.currentTarget lazily
clear the needs:area park	Classify the needs:area backlog	2026-09-09T22:01:18.6063096Z #4020  bench                                    T1 bench-generic: a benchmarking deliverable
clear the needs:area park	Classify the needs:area backlog	2026-09-09T22:01:18.6063673Z        Re-run the GeoSPARQL Compliance Benchmark and re-derive the §3.7 sparq row
clear the needs:area park	Classify the needs:area backlog	2026-09-09T22:01:18.6064190Z #4021  sparq-geo                                T2 bd-to-issues.derive_areas (title scope/crate token)
clear the needs:area park	Classify the needs:area backlog	2026-09-09T22:01:18.6064744Z        gsb_compliance parse_srx: trim_text drops whitespace adjacent to an entity reference
clear the needs:area park	Classify the needs:area backlog	2026-09-09T22:01:18.6065304Z #4023  sparq-metamorph                          T2 bd-to-issues.derive_areas (title scope/crate token)
clear the needs:area park	Classify the needs:area backlog	2026-09-09T22:01:18.6065939Z        sparq-metamorph: run the live preset conformance probe on the campaign box and promote PresetEvidence
clear the needs:area park	Classify the needs:area backlog	2026-09-09T22:01:18.6066706Z #4024  sparq-reason-dl,sparq-conformance        T1 reason-dl-floor: the DL lane plus the conformance floor constants it ratchets
clear the needs:area park	Classify the needs:area backlog	2026-09-09T22:01:18.6067826Z        PR #4005 does not compile with `--features dl-direct --tests`: RenderRoundTripReport literal missing new `arm` field
clear the needs:area park	Classify the needs:area backlog	2026-09-09T22:01:18.6068653Z #4029  bench                                    T1 bench-generic: a benchmarking deliverable
clear the needs:area park	Classify the needs:area backlog	2026-09-09T22:01:18.6069200Z        GeoSPARQL benchmark: differential-check the answer comparator against the upstream harness
clear the needs:area park	Classify the needs:area backlog	2026-09-09T22:01:18.6069798Z #4035  sparq-reason                             T2 bd-to-issues.derive_areas (title scope/crate token)
clear the needs:area park	Classify the needs:area backlog	2026-09-09T22:01:18.6070832Z        reason(datalog): extend the aggregate differential battery to xsd:float/xsd:double weights
clear the needs:area park	Classify the needs:area backlog	2026-09-09T22:01:18.6072384Z #4037  sparq-reason-dl,sparq-conformance        T1 reason-dl-floor: the DL lane plus the conformance floor constants it ratchets
clear the needs:area park	Classify the needs:area backlog	2026-09-09T22:01:18.6073741Z        Crate-scoped local gate misses the lib test target, letting feature-gated src/ unit tests break CI
clear the needs:area park	Classify the needs:area backlog	2026-09-09T22:01:18.6074649Z #4040  sparq-rsp                                T2 bd-to-issues.derive_areas (title scope/crate token)
clear the needs:area park	Classify the needs:area backlog	2026-09-09T22:01:18.6076025Z        bench(rsp): run the SCALED matched-workload gather to actually publish the RSP throughput side-by-side (sq-3f5ay follow-through)
clear the needs:area park	Classify the needs:area backlog	2026-09-09T22:01:18.6077348Z #4042  sparq-jsonld                             T2 bd-to-issues.derive_areas (title scope/crate token)
clear the needs:area park	Classify the needs:area backlog	2026-09-09T22:01:18.6078389Z        conf(jsonld): run the flatten lane's NegativeEvaluationTest (the last sq-oy1f.31 slice)
clear the needs:area park	Classify the needs:area backlog	2026-09-09T22:01:18.6079306Z #4043  docs                                     T1 docs: documentation-only change
clear the needs:area park	Classify the needs:area backlog	2026-09-09T22:01:18.6080149Z        docs: two dated JSON-LD research records carry stale conformance floors
clear the needs:area park	Classify the needs:area backlog	2026-09-09T22:01:18.6080852Z #4044  sparq-jsonld                             T2 bd-to-issues.derive_areas (title scope/crate token)
clear the needs:area park	Classify the needs:area backlog	2026-09-09T22:01:18.6081882Z        jsonld: IRI Compaction's value-less Term Selection cannot recover a @type:@vocab term
clear the needs:area park	Classify the needs:area backlog	2026-09-09T22:01:18.6082439Z #4046  sparq-acbench                            T1 acbench: crates/sparq-acbench
clear the needs:area park	Classify the needs:area backlog	2026-09-09T22:01:18.6082942Z        sparq-acbench: export BENCH_EVAL_INSTANT / BENCH_GRANTED_PURPOSE publicly
clear the needs:area park	Classify the needs:area backlog	2026-09-09T22:01:18.6083451Z #4047  bench                                    T2 bd-to-issues.derive_areas (title scope/crate token)
clear the needs:area park	Classify the needs:area backlog	2026-09-09T22:01:18.6083967Z        bench registry: catalogue the ODRE decision-agreement lane (bench/ac/odre)
clear the needs:area park	Classify the needs:area backlog	2026-09-09T22:01:18.6084573Z #4048  sparq-acbench                            T1 acbench: crates/sparq-acbench
clear the needs:area park	Classify the needs:area backlog	2026-09-09T22:01:18.6085582Z        sparq-acbench: U3/U4 ODRL corpora emit no prohibitions and no count/systemDevice constraints
clear the needs:area park	Classify the needs:area backlog	2026-09-09T22:01:18.6086565Z #4049  sparq-acbench                            T1 acbench: crates/sparq-acbench
clear the needs:area park	Classify the needs:area backlog	2026-09-09T22:01:18.6087480Z        sparq-acbench: compile_odrl node IRIs collide when two intents share a resource
clear the needs:area park	Classify the needs:area backlog	2026-09-09T22:01:18.6088481Z #4051  sparq-policy                             T1 odrl: ODRL evaluation lives in crates/sparq-policy
clear the needs:area park	Classify the needs:area backlog	2026-09-09T22:01:18.6089531Z        odrl-policy-bridge paper: wire §5.3 to the ODRE lane's output
clear the needs:area park	Classify the needs:area backlog	2026-09-09T22:01:18.6090400Z #4055  gui                                      T2 bd-to-issues.derive_areas (title scope/crate token)
clear the needs:area park	Classify the needs:area backlog	2026-09-09T22:01:18.6091443Z        sq-lsp7k.9.4 (GUI leg): SPARQL-editor + palette completion sources with endpoint-absent fallback
clear the needs:area park	Classify the needs:area backlog	2026-09-09T22:01:18.6092722Z #4056  bench                                    T2 bd-to-issues.derive_areas (title scope/crate token)
clear the needs:area park	Classify the needs:area backlog	2026-09-09T22:01:18.6093642Z        sq-lsp7k.9.4 (bench leg): p99 interactive-latency bench for /complete at 100M triples
clear the needs:area park	Classify the needs:area backlog	2026-09-09T22:01:18.6094603Z #4058  sparq-zk-compose                         T1 zk-compose: zk-compose circuit/verifier surface
clear the needs:area park	Classify the needs:area backlog	2026-09-09T22:01:18.6095744Z        site: /benchmarks/zk drops the new BOUNDED_DEPTH_EXISTENCE_ONLY flag and assumes partial => circuit_size null
clear the needs:area park	Classify the needs:area backlog	2026-09-09T22:01:18.6096915Z #4059  sparq-zk-compose                         T1 zk-compose: zk-compose circuit/verifier surface
clear the needs:area park	Classify the needs:area backlog	2026-09-09T22:01:18.6098413Z        zk/compose: `p?` (zero-or-one property path) is admitted by the fragment gate but UNPROVABLE — no path_reach_d1 member is compiled
clear the needs:area park	Classify the needs:area backlog	2026-09-09T22:01:18.6100056Z #4060  sparq-zk-compose                         T1 zk-compose: zk-compose circuit/verifier surface
clear the needs:area park	Classify the needs:area backlog	2026-09-09T22:01:18.6101252Z        CI: wire `sparql_catalog.py --check` into a lane so catalog regeneration drift is caught outside the zk-toolchain job
clear the needs:area park	Classify the needs:area backlog	2026-09-09T22:01:18.6102680Z #4063  sparq-vectors                            T2 bd-to-issues.derive_areas (title scope/crate token)
clear the needs:area park	Classify the needs:area backlog	2026-09-09T22:01:18.6103868Z        unsafe-register: sparq-vectors diskann.rs rows have stale line numbers and one row has no live counterpart
clear the needs:area park	Classify the needs:area backlog	2026-09-09T22:01:18.6105023Z #4064  sparq-vectors                            T2 bd-to-issues.derive_areas (title scope/crate token)
clear the needs:area park	Classify the needs:area backlog	2026-09-09T22:01:18.6106300Z        sparq-vectors: extend the bit-exact SIMD kernel to the remaining scalar reductions (norm / normalize / DistanceTable sum)
clear the needs:area park	Classify the needs:area backlog	2026-09-09T22:01:18.6107543Z #4065  sparq-jsonld                             T2 bd-to-issues.derive_areas (title scope/crate token)
clear the needs:area park	Classify the needs:area backlog	2026-09-09T22:01:18.6108771Z        sparq-jsonld: decide whether the hand-rolled RFC 3987 validator should defer to oxiri behind an optional feature
clear the needs:area park	Classify the needs:area backlog	2026-09-09T22:01:18.6109944Z #4069  sparq-bench                              T2 bd-to-issues.derive_areas (title scope/crate token)
clear the needs:area park	Classify the needs:area backlog	2026-09-09T22:01:18.6111153Z        differential: adjudicate the zero-length property path on a ground endpoint absent from the data (sparq vs Oxigraph)
clear the needs:area park	Classify the needs:area backlog	2026-09-09T22:01:18.6112530Z #4070  sparq-bench                              T2 bd-to-issues.derive_areas (title scope/crate token)
clear the needs:area park	Classify the needs:area backlog	2026-09-09T22:01:18.6113586Z        differential fuzz: the `graph` category has no named-graph DATA (only empty-GRAPH composition)
clear the needs:area park	Classify the needs:area backlog	2026-09-09T22:01:18.6114637Z #4071  sparq-algos                              T2 bd-to-issues.derive_areas (title scope/crate token)
clear the needs:area park	Classify the needs:area backlog	2026-09-09T22:01:18.6115834Z        coverage.sh: stale comment claims sparq-algos has no opt-in features (its coverage floor now excludes 3 gated modules)
clear the needs:area park	Classify the needs:area backlog	2026-09-09T22:01:18.6117062Z #4072  sparq-serve                              T2 bd-to-issues.derive_areas (title scope/crate token)
clear the needs:area park	Classify the needs:area backlog	2026-09-09T22:01:18.6118106Z        Doc drift: ring.rs + http.rs rustdoc still claims each retained generation is a FULL Graph copy
clear the needs:area park	Classify the needs:area backlog	2026-09-09T22:01:18.6119130Z #4078  sparq-nlq                                T2 bd-to-issues.derive_areas (title scope/crate token)
clear the needs:area park	Classify the needs:area backlog	2026-09-09T22:01:18.6120268Z        sparq-nlq: exec-accuracy harness does not measure the exact dictionary-linking tier (link_values, sq-na0q)
clear the needs:area park	Classify the needs:area backlog	2026-09-09T22:01:18.6121400Z #4079  sparq-algos                              T2 bd-to-issues.derive_areas (title scope/crate token)
clear the needs:area park	Classify the needs:area backlog	2026-09-09T22:01:18.6122852Z        coverage.sh: the sparq-algos comment is stale — it does have opt-in features, so its number omits them
clear the needs:area park	Classify the needs:area backlog	2026-09-09T22:01:18.6123970Z #4080  sparq-zk-compose                         T1 zk-compose: zk-compose circuit/verifier surface
clear the needs:area park	Classify the needs:area backlog	2026-09-09T22:01:18.6125186Z        sq-rsd3v.3 follow-up: bind the N3 rules_root to an issuer attestation in the verifier (the "whose rules" gate)
clear the needs:area park	Classify the needs:area backlog	2026-09-09T22:01:18.6126344Z #4081  sparq-zk-compose                         T1 zk-compose: zk-compose circuit/verifier surface
clear the needs:area park	Classify the needs:area backlog	2026-09-09T22:01:18.6127578Z        sq-rsd3v.3 follow-up: off-circuit zk-trace mapper from sparq-reason's N3 ProofTree to n3_derivation_check witness slots
clear the needs:area park	Classify the needs:area backlog	2026-09-09T22:01:18.6128810Z #4082  sparq-zk-compose                         T1 zk-compose: zk-compose circuit/verifier surface
clear the needs:area park	Classify the needs:area backlog	2026-09-09T22:01:18.6129891Z        sq-rsd3v.3 follow-up: compile an n3_* bin-package monomorphisation and measure it with `bb gates`
clear the needs:area park	Classify the needs:area backlog	2026-09-09T22:01:18.6130970Z #4087  sparq-reason                             T2 bd-to-issues.derive_areas (title scope/crate token)
clear the needs:area park	Classify the needs:area backlog	2026-09-09T22:01:18.6132476Z        mutants: re-seed sparq-reason from ALL 3 shard artifacts (pre-sq-has2g --seed would have recorded only 1/3 of its survivors)
clear the needs:area park	Classify the needs:area backlog	2026-09-09T22:01:18.6133612Z #4088  ci                                       T1 ci: CI / orchestration infrastructure
clear the needs:area park	Classify the needs:area backlog	2026-09-09T22:01:18.6135147Z        mutants-nightly: sparq-reason's 3-shard sizing assumes "2 concurrent workers", but cargo-mutants runs mutants serially by default
clear the needs:area park	Classify the needs:area backlog	2026-09-09T22:01:18.6136324Z #4089  ci                                       T1 ci: CI / orchestration infrastructure
clear the needs:area park	Classify the needs:area backlog	2026-09-09T22:01:18.6137522Z        mutants-nightly: measure whether `cargo mutants -j 2` or nextest cuts the per-mutant cost enough to shrink the sparq-engine shard count
clear the needs:area park	Classify the needs:area backlog	2026-09-09T22:01:18.6138829Z #4091  sparq-zk-compose                         T1 zk-compose: zk-compose circuit/verifier surface
clear the needs:area park	Classify the needs:area backlog	2026-09-09T22:01:18.6139853Z        sq-6qe residual (1/3): compile the `revoke_hidden_ref_d{D}_a{A}` Noir member + gate baseline
clear the needs:area park	Classify the needs:area backlog	2026-09-09T22:01:18.6140869Z #4092  sparq-zk-compose                         T1 zk-compose: zk-compose circuit/verifier surface
clear the needs:area park	Classify the needs:area backlog	2026-09-09T22:01:18.6142250Z        sq-6qe residual (2/3): fully-hidden `RevocationStatus` manifest mode + `bind_fully_hidden_revocation` verifier gate
clear the needs:area park	Classify the needs:area backlog	2026-09-09T22:01:18.6143457Z #4093  sparq-zk-compose                         T1 zk-compose: zk-compose circuit/verifier surface
clear the needs:area park	Classify the needs:area backlog	2026-09-09T22:01:18.6144687Z        sq-6qe residual (3/3): enforce per-presentation RE-BLINDING of `index_commitment` / `ref_commitment` in the holder flow
clear the needs:area park	Classify the needs:area backlog	2026-09-09T22:01:18.6145782Z #4094  ci                                       T1 ci: CI / orchestration infrastructure
clear the needs:area park	Classify the needs:area backlog	2026-09-09T22:01:18.6146500Z        mutants-gate.py --self-test is not run by any CI lane
clear the needs:area park	Classify the needs:area backlog	2026-09-09T22:01:18.6147193Z #4095  ci                                       T1 ci: CI / orchestration infrastructure
clear the needs:area park	Classify the needs:area backlog	2026-09-09T22:01:18.6148062Z        Verify cargo-mutants --shard index convention used by the mutants-nightly matrix
clear the needs:area park	Classify the needs:area backlog	2026-09-09T22:01:18.6148924Z #4096  ci                                       T1 ci: CI / orchestration infrastructure
clear the needs:area park	Classify the needs:area backlog	2026-09-09T22:01:18.6149802Z        Stale shard count in mutants-nightly comments: '8 include entries' vs the 24 present
clear the needs:area park	Classify the needs:area backlog	2026-09-09T22:01:18.6150807Z #4099  sparq-bench                              T2 bd-to-issues.derive_areas (title scope/crate token)
clear the needs:area park	Classify the needs:area backlog	2026-09-09T22:01:18.6152161Z        differential fuzzer: AVG has no VALUE-level oracle (implementation-defined decimal division precision)
clear the needs:area park	Classify the needs:area backlog	2026-09-09T22:01:18.6153308Z #4100  sparq-engine                             T1 engine-topic: crates/sparq-engine planner/executor
clear the needs:area park	Classify the needs:area backlog	2026-09-09T22:01:18.6154419Z        sq-gum8.12 follow-up: drive the DISTINCT/aggregate/ORDER BY oracles from the nightly metamorph window
clear the needs:area park	Classify the needs:area backlog	2026-09-09T22:01:18.6155545Z #4101  sparq-metamorph                          T2 bd-to-issues.derive_areas (title scope/crate token)
clear the needs:area park	Classify the needs:area backlog	2026-09-09T22:01:18.6156445Z        sq-gum8.12 follow-up: grouped (GROUP BY) aggregate partitioning
clear the needs:area park	Classify the needs:area backlog	2026-09-09T22:01:18.6157317Z #4102  sparq-metamorph                          T2 bd-to-issues.derive_areas (title scope/crate token)
clear the needs:area park	Classify the needs:area backlog	2026-09-09T22:01:18.6158360Z        sq-gum8.12 (d): revisit EXISTS in the metamorph oracles once SPARQL 1.2 settles its semantics
clear the needs:area park	Classify the needs:area backlog	2026-09-09T22:01:18.6159317Z #4103  site-papers                              T1 site-papers: paper-factory artifact
clear the needs:area park	Classify the needs:area backlog	2026-09-09T22:01:18.6160438Z        Doc-sync: ASSURANCE.md + academic-paper SKILL describe the metamorph oracle set as TLP/NoREC/differential only
clear the needs:area park	Classify the needs:area backlog	2026-09-09T22:01:18.6161494Z #4104  ci                                       T1 ci: CI / orchestration infrastructure
clear the needs:area park	Classify the needs:area backlog	2026-09-09T22:01:18.6162498Z        check-no-perf-numbers.py does not scan workflow/CI comments
clear the needs:area park	Classify the needs:area backlog	2026-09-09T22:01:18.6163350Z #4106  sparq-mpc                                T2 bd-to-issues.derive_areas (title scope/crate token)
clear the needs:area park	Classify the needs:area backlog	2026-09-09T22:01:18.6164364Z        sparq-mpc: migrate auth_disclose's MAC-checked opens to MacSession::mac_check_and_open
clear the needs:area park	Classify the needs:area backlog	2026-09-09T22:01:18.6165400Z #4108  sparq-substrate                          T2 bd-to-issues.derive_areas (title scope/crate token)
clear the needs:area park	Classify the needs:area backlog	2026-09-09T22:01:18.6166248Z        Avoid allocation when promoting Dec directly to f32
clear the needs:area park	Classify the needs:area backlog	2026-09-09T22:01:18.6167046Z #4110  sparq-engine                             T1 engine-topic: crates/sparq-engine planner/executor
clear the needs:area park	Classify the needs:area backlog	2026-09-09T22:01:18.6168119Z        Render the actual DPccp JoinTree in text and structured EXPLAIN
clear the needs:area park	Classify the needs:area backlog	2026-09-09T22:01:18.6169073Z #4112  site-papers                              T1 site-papers: paper-factory artifact
clear the needs:area park	Classify the needs:area backlog	2026-09-09T22:01:18.6170090Z        paper P2a §6.1: describe the versioned generator grammar levels (v1/v2/v3)
clear the needs:area park	Classify the needs:area backlog	2026-09-09T22:01:18.6170960Z #4113  site-papers                              T1 site-papers: paper-factory artifact
clear the needs:area park	Classify the needs:area backlog	2026-09-09T22:01:18.6172512Z        paper P2a: 'presets deferred' paragraph is stale — Blazegraph/GraphDB/QLever/MillenniumDB presets shipped in sq-gum8.10
clear the needs:area park	Classify the needs:area backlog	2026-09-09T22:01:18.6173811Z #4114  sparq-server                             T2 bd-to-issues.derive_areas (title scope/crate token)
clear the needs:area park	Classify the needs:area backlog	2026-09-09T22:01:18.6174827Z        metamorph campaign: add an end-to-end HTTP-target integration test against sparq-server
clear the needs:area park	Classify the needs:area backlog	2026-09-09T22:01:18.6175878Z #4116  sparq-reason-el                          T2 bd-to-issues.derive_areas (title scope/crate token)
clear the needs:area park	Classify the needs:area backlog	2026-09-09T22:01:18.6177000Z        sparq-reason-el: E5 deletion-side incremental repair (DRed / ELK affected-context) is deferred
clear the needs:area park	Classify the needs:area backlog	2026-09-09T22:01:18.6178132Z #4117  sparq-reason-el                          T2 bd-to-issues.derive_areas (title scope/crate token)
clear the needs:area park	Classify the needs:area backlog	2026-09-09T22:01:18.6179484Z        sparq-reason-el: Report::named_classes is a misnomer — it counts ALL concepts, not named classes
clear the needs:area park	Classify the needs:area backlog	2026-09-09T22:01:18.6180611Z #4118  sparq-reason-el                          T2 bd-to-issues.derive_areas (title scope/crate token)
clear the needs:area park	Classify the needs:area backlog	2026-09-09T22:01:18.6182123Z        sparq-reason-el: content-address normalization fresh names so the incremental index stops growing with edit history
clear the needs:area park	Classify the needs:area backlog	2026-09-09T22:01:18.6183454Z #4119  sparq-reason-el                          T2 bd-to-issues.derive_areas (title scope/crate token)
clear the needs:area park	Classify the needs:area backlog	2026-09-09T22:01:18.6184500Z        sparq-reason-el: lift the incremental fast-path exclusions for cdomain and RBox edits
clear the needs:area park	Classify the needs:area backlog	2026-09-09T22:01:18.6185481Z #4120  bench                                    T1 bench-generic: a benchmarking deliverable
clear the needs:area park	Classify the needs:area backlog	2026-09-09T22:01:18.6186435Z        sparq-reason-el: no canonical benchmark substantiates the E5 incremental speedup
clear the needs:area park	Classify the needs:area backlog	2026-09-09T22:01:18.6187550Z #4123  sparq-zk-compose                         T1 zk-compose: zk-compose circuit/verifier surface
clear the needs:area park	Classify the needs:area backlog	2026-09-09T22:01:18.6188400Z        Fully-hidden revocation (sq-kndw): only the (D=10, A=4) bucket is compiled
clear the needs:area park	Classify the needs:area backlog	2026-09-09T22:01:18.6188875Z #4126  ci                                       T1 ci: CI / orchestration infrastructure
clear the needs:area park	Classify the needs:area backlog	2026-09-09T22:01:18.6189584Z        sparq-metamorph: wire the sq-gum8.12 extension oracles into the nightly metamorph-driver window
clear the needs:area park	Classify the needs:area backlog	2026-09-09T22:01:18.6190204Z #4127  sparq-metamorph                          T2 bd-to-issues.derive_areas (title scope/crate token)
clear the needs:area park	Classify the needs:area backlog	2026-09-09T22:01:18.6191050Z        sparq-metamorph: generator support for projection lists, integer-valued aggregate expressions, and sort variables
clear the needs:area park	Classify the needs:area backlog	2026-09-09T22:01:18.6192074Z #4128  site-papers                              T1 site-papers: paper-factory artifact
clear the needs:area park	Classify the needs:area backlog	2026-09-09T22:01:18.6192911Z        site/papers/sparql-logic-bugs.typ: the oracle inventory and precondition list predate the sq-gum8.12 extensions
clear the needs:area park	Classify the needs:area backlog	2026-09-09T22:01:18.6193599Z #4129  sparq-mpc                                T2 bd-to-issues.derive_areas (title scope/crate token)
clear the needs:area park	Classify the needs:area backlog	2026-09-09T22:01:18.6194516Z        MPC §2.5: implement a genuinely distributed public coin (commit-then-challenge) for the batched MAC-check
clear the needs:area park	Classify the needs:area backlog	2026-09-09T22:01:18.6195298Z #4130  sparq-mpc                                T2 bd-to-issues.derive_areas (title scope/crate token)
clear the needs:area park	Classify the needs:area backlog	2026-09-09T22:01:18.6196067Z        MPC §2.5: Fiat–Shamir MAC-check challenge is grindable — bound is computational (~2^61), not information-theoretic
clear the needs:area park	Classify the needs:area backlog	2026-09-09T22:01:18.6196882Z #4131  sparq-mpc                                T2 bd-to-issues.derive_areas (title scope/crate token)
clear the needs:area park	Classify the needs:area backlog	2026-09-09T22:01:18.6197596Z        Pre-existing rustdoc broken intra-doc links in sparq-mpc under --document-private-items
clear the needs:area park	Classify the needs:area backlog	2026-09-09T22:01:18.6198201Z #4134  sparq-reason-el                          T2 bd-to-issues.derive_areas (title scope/crate token)
clear the needs:area park	Classify the needs:area backlog	2026-09-09T22:01:18.6199328Z        sparq-reason-el: the new `incremental` feature is outside the coverage-ratchet measurement set
clear the needs:area park	Classify the needs:area backlog	2026-09-09T22:01:18.6200082Z #4136  sparq-zk-compose                         T1 zk-compose: zk-compose circuit/verifier surface
clear the needs:area park	Classify the needs:area backlog	2026-09-09T22:01:18.6200743Z        Honesty drift: zk-query-proofs SKILL still calls EntailmentRegime::Rdfs/Owl "stable schema placeholders"
clear the needs:area park	Classify the needs:area backlog	2026-09-09T22:01:18.6201506Z #4138  sparq-policy                             T1 odrl: ODRL evaluation lives in crates/sparq-policy
clear the needs:area park	Classify the needs:area backlog	2026-09-09T22:01:18.6202235Z        [feature]: have syntax highlighting in ODRL tab of GUI
clear the needs:area park	Classify the needs:area backlog	2026-09-09T22:01:18.6202687Z #4141  ci                                       T1 ci: CI / orchestration infrastructure
clear the needs:area park	Classify the needs:area backlog	2026-09-09T22:01:18.6203246Z        site-visual: full-surface visual drift is invisible per-PR, so the nightly re-reds every few weeks
clear the needs:area park	Classify the needs:area backlog	2026-09-09T22:01:18.6203935Z #4142  ci                                       T1 ci: CI / orchestration infrastructure
clear the needs:area park	Classify the needs:area backlog	2026-09-09T22:01:18.6204542Z        test: workflow-wiring guards survive the if: seam, and one asserts the pre-#3773 advisory rule
clear the needs:area park	Classify the needs:area backlog	2026-09-09T22:01:18.6205202Z #4144  sparq-reason                             T2 bd-to-issues.derive_areas (title scope/crate token)
clear the needs:area park	Classify the needs:area backlog	2026-09-09T22:01:18.6205939Z        sparq-reason: randomized differential arm for the incremental reify bridge (both ReifyModes)
clear the needs:area park	Classify the needs:area backlog	2026-09-09T22:01:18.6206540Z #4148  sparq-zk-compose                         T1 zk-compose: zk-compose circuit/verifier surface
clear the needs:area park	Classify the needs:area backlog	2026-09-09T22:01:18.6207298Z        sq-rsd3v.6 follow-up: compile a sameas_k{K}_n{N}_u{U} bin package and measure the cost cliff with `bb gates`
clear the needs:area park	Classify the needs:area backlog	2026-09-09T22:01:18.6207915Z #4150  sparq-zk-compose                         T1 zk-compose: zk-compose circuit/verifier surface
clear the needs:area park	Classify the needs:area backlog	2026-09-09T22:01:18.6208907Z        sq-rsd3v.2 v2 phase unlanded: the OWL-RL-minus-sameAs rule subset is still absent from `EntailmentRule`
clear the needs:area park	Classify the needs:area backlog	2026-09-09T22:01:18.6209583Z #4153  sparq-mpc                                T2 bd-to-issues.derive_areas (title scope/crate token)
clear the needs:area park	Classify the needs:area backlog	2026-09-09T22:01:18.6210496Z        MPC: auth_mul ADOPTS a value tamper on its SECOND operand — the §2.5 "closes all four holes" claim is stronger than the code
clear the needs:area park	Classify the needs:area backlog	2026-09-09T22:01:18.6211320Z #4155  sparq-reason-el                          T2 bd-to-issues.derive_areas (title scope/crate token)
clear the needs:area park	Classify the needs:area backlog	2026-09-09T22:01:18.6212590Z        sparq-reason-el: CR4/CR5 membership arm scans EVERY role per derived membership (O(#roles x #memberships))
clear the needs:area park	Classify the needs:area backlog	2026-09-09T22:01:18.6213420Z #4156  docs                                     T1 docs: documentation-only change
clear the needs:area park	Classify the needs:area backlog	2026-09-09T22:01:18.6214673Z        docs: research/owl2-el-ql-reasoning-spike.md §5 EL-track E4 should cross-link the E4 measurement/design record
clear the needs:area park	Classify the needs:area backlog	2026-09-09T22:01:18.6215876Z #4158  sparq-engine                             T1 engine-topic: crates/sparq-engine planner/executor
clear the needs:area park	Classify the needs:area backlog	2026-09-09T22:01:18.6216952Z        engine: theta anti-join SIP-seed strategy breaks only the inner member loop on budget exhaustion
clear the needs:area park	Classify the needs:area backlog	2026-09-09T22:01:18.6218031Z #4160  sparq-engine                             T2 bd-to-issues.derive_areas (title scope/crate token)
clear the needs:area park	Classify the needs:area backlog	2026-09-09T22:01:18.6218742Z        LOAD does not freshen blank nodes from the loaded document (SPARQL 1.1 Update §3.1.5 / RDF merge)
clear the needs:area park	Classify the needs:area backlog	2026-09-09T22:01:18.6219780Z #4162  sparq-bench                              T2 bd-to-issues.derive_areas (title scope/crate token)
clear the needs:area park	Classify the needs:area backlog	2026-09-09T22:01:18.6220518Z        UPDATE differential: LOAD documents cannot yet carry RDF 1.2 triple terms
clear the needs:area park	Classify the needs:area backlog	2026-09-09T22:01:18.6221247Z #4165  bench                                    T1 bench-generic: a benchmarking deliverable
clear the needs:area park	Classify the needs:area backlog	2026-09-09T22:01:18.6222294Z        [feature]: ensure memory usage, disk usage and other resource usage is captured in benchmarking
clear the needs:area park	Classify the needs:area backlog	2026-09-09T22:01:18.6223253Z #4167  sparq-zk-compose                         T1 zk-compose: zk-compose circuit/verifier surface
clear the needs:area park	Classify the needs:area backlog	2026-09-09T22:01:18.6223993Z        zk-compose: two independent in-circuit RDFS entailment relations now coexist (entail.nr vs derivation.nr)
clear the needs:area park	Classify the needs:area backlog	2026-09-09T22:01:18.6224966Z #4168  bench                                    T1 bench-generic: a benchmarking deliverable
clear the needs:area park	Classify the needs:area backlog	2026-09-09T22:01:18.6225624Z        site: /benchmarks/zk drops the BOUNDED_DEPTH_EXISTENCE_ONLY catalog flag
clear the needs:area park	Classify the needs:area backlog	2026-09-09T22:01:18.6226311Z #4172  sparq-reason-dl                          T1 reason-dl: the DL (ALCH tableau / profile-dispatch) lane
clear the needs:area park	Classify the needs:area backlog	2026-09-09T22:01:18.6226766Z        [feature]: tableux reasoning
clear the needs:area park	Classify the needs:area backlog	2026-09-09T22:01:18.6227145Z #4173  docs                                     T2 bd-to-issues.derive_areas (title scope/crate token)
clear the needs:area park	Classify the needs:area backlog	2026-09-09T22:01:18.6227686Z        docs(inference): stale "complete subsumption lattice" comment in the EL Rust example
clear the needs:area park	Classify the needs:area backlog	2026-09-09T22:01:18.6228184Z #4174  bench                                    T1 bench-generic: a benchmarking deliverable
clear the needs:area park	Classify the needs:area backlog	2026-09-09T22:01:18.6228713Z        benchmarks-index visual baseline: the /benchmarks sidebar metric counts are still unmasked
clear the needs:area park	Classify the needs:area backlog	2026-09-09T22:01:18.6229228Z #4176  ci                                       T1 ci: CI / orchestration infrastructure
clear the needs:area park	Classify the needs:area backlog	2026-09-09T22:01:18.6229813Z        scripts/feature-matrix-tiers.py header claims "Stdlib only" but the fragment loader hard-requires PyYAML
clear the needs:area park	Classify the needs:area backlog	2026-09-09T22:01:18.6230445Z #4178  sparq-engine                             T1 engine-topic: crates/sparq-engine planner/executor
clear the needs:area park	Classify the needs:area backlog	2026-09-09T22:01:18.6231053Z        theta anti-join: un-ignore `parallel_hash_path_crosses_threshold` (it costs ~1.5s, not a budget risk)
clear the needs:area park	Classify the needs:area backlog	2026-09-09T22:01:18.6231812Z #4188  ci                                       T1 ci: CI / orchestration infrastructure
clear the needs:area park	Classify the needs:area backlog	2026-09-09T22:01:18.6232418Z        needs:user is still being minted on ordinary engineering — the front door will refill
clear the needs:area park	Classify the needs:area backlog	2026-09-09T22:01:18.6232970Z #4196  sparq-wac-oracle                         T0 author-declared crate_or_surface/crates field
clear the needs:area park	Classify the needs:area backlog	2026-09-09T22:01:18.6233591Z        feature-matrix: sparq-wac-oracle's opt-in `odrl-bridge` feature has no CI executor (sq-vya1 GUARD gap)
clear the needs:area park	Classify the needs:area backlog	2026-09-09T22:01:18.6234207Z #4205  site-specs                               T1 site-specs: authors/edits a Typst UPD under site/specs
clear the needs:area park	Classify the needs:area backlog	2026-09-09T22:01:18.6234988Z        research/paper-selection.md §3.1 claims an OPTIONAL/MINUS/EXISTS delta that site/specs/zksparql.typ §7.1 contradicts
clear the needs:area park	Classify the needs:area backlog	2026-09-09T22:01:18.6235670Z #4206  site-specs                               T1 site-specs: authors/edits a Typst UPD under site/specs
clear the needs:area park	Classify the needs:area backlog	2026-09-09T22:01:18.6236216Z        Wire bench/zk-compose/scripts/constraint_pack.py --check into the ZK CI lane
clear the needs:area park	Classify the needs:area backlog	2026-09-09T22:01:18.6236793Z #4208  sparq-vectors                            T1 vectors-spqv: the .spqv / fusion surface in crates/sparq-vectors
clear the needs:area park	Classify the needs:area backlog	2026-09-09T22:01:18.6237549Z        sparq-vectors: `.spqv` external-key mode (concept-hash-keyed federated embedding table) — Ask 1 of #1746
clear the needs:area park	Classify the needs:area backlog	2026-09-09T22:01:18.6238177Z #4209  sparq-canon                              T2 bd-to-issues.derive_areas (title scope/crate token)
clear the needs:area park	Classify the needs:area backlog	2026-09-09T22:01:18.6238850Z        scripts/coverage.sh: the sparq-canon comment claims it has "no `[features]` table" — it has four
clear the needs:area park	Classify the needs:area backlog	2026-09-09T22:01:18.6239834Z #4210  sparq-canon                              T2 bd-to-issues.derive_areas (title scope/crate token)
clear the needs:area park	Classify the needs:area backlog	2026-09-09T22:01:18.6240897Z        Wire the `urn:concept:` guard into an actual ingestion path (phase 4 of the verifier design record)
clear the needs:area park	Classify the needs:area backlog	2026-09-09T22:01:18.6242265Z #4213  sparq-core                               T2 bd-to-issues.derive_areas (title scope/crate token)
clear the needs:area park	Classify the needs:area backlog	2026-09-09T22:01:18.6243401Z        sparq-core: 3 broken rustdoc intra-doc links in compress.rs (surface only under --document-private-items)
clear the needs:area park	Classify the needs:area backlog	2026-09-09T22:01:18.6244426Z #4215  e2ee                                     T1 e2ee: the end-to-end-encryption program
clear the needs:area park	Classify the needs:area backlog	2026-09-09T22:01:18.6245413Z        sparq-e2ee-ng: commit signature does not bind operation-object CONTENT (E2EE-NG v0 gap for sq-qhy4)
clear the needs:area park	Classify the needs:area backlog	2026-09-09T22:01:18.6246392Z #4216  e2ee                                     T1 e2ee: the end-to-end-encryption program
clear the needs:area park	Classify the needs:area backlog	2026-09-09T22:01:18.6247468Z        sparq-e2ee-ng: OR-set tombstones and snapshot covered-closure grow without bound (needs a causal-stability rule)
clear the needs:area park	Classify the needs:area backlog	2026-09-09T22:01:18.6248889Z #4217  sparq-shacl                              T2 bd-to-issues.derive_areas (title scope/crate token)
clear the needs:area park	Classify the needs:area backlog	2026-09-09T22:01:18.6249434Z        SHACL-validate the vendored ZKP-SPARQL ontology and sparq extensions
clear the needs:area park	Classify the needs:area backlog	2026-09-09T22:01:18.6249944Z #4219  sparq-policy                             T1 odrl: ODRL evaluation lives in crates/sparq-policy
clear the needs:area park	Classify the needs:area backlog	2026-09-09T22:01:18.6250816Z        odrl-bridge: N3 materialisation path has no rule-level provenance (sq-luc02 residual)
clear the needs:area park	Classify the needs:area backlog	2026-09-09T22:01:18.6251388Z #4221  sparq-solid                              T2 bd-to-issues.derive_areas (title scope/crate token)
clear the needs:area park	Classify the needs:area backlog	2026-09-09T22:01:18.6252481Z        sparq-solid: `auth:bridgedFromRule` / `auth:bridgedFromPolicy` are not in a published auth vocabulary document
clear the needs:area park	Classify the needs:area backlog	2026-09-09T22:01:18.6253119Z #4223  e2ee                                     T1 e2ee: the end-to-end-encryption program
clear the needs:area park	Classify the needs:area backlog	2026-09-09T22:01:18.6253897Z        sparq-e2ee-ng-broker: the per-topic announcement log grows without bound
clear the needs:area park	Classify the needs:area backlog	2026-09-09T22:01:18.6254854Z #4224  e2ee                                     T1 e2ee: the end-to-end-encryption program
clear the needs:area park	Classify the needs:area backlog	2026-09-09T22:01:18.6255864Z        sparq-e2ee-ng-brokerd: allow pre-provisioning topic admin trust anchors from config
clear the needs:area park	Classify the needs:area backlog	2026-09-09T22:01:18.6256772Z #4225  ci                                       T1 ci: CI / orchestration infrastructure
clear the needs:area park	Classify the needs:area backlog	2026-09-09T22:01:18.6257994Z        check-feature-test-execution.py cannot see #[cfg(feature)]-gated unit tests in src/ — silent sq-vya1 gap
clear the needs:area park	Classify the needs:area backlog	2026-09-09T22:01:18.6259169Z #4228  site-specs                               T1 site-specs: authors/edits a Typst UPD under site/specs
clear the needs:area park	Classify the needs:area backlog	2026-09-09T22:01:18.6260439Z        E2EE Profile BR: analyze CRDT ReplicaId as a persistent pseudonym visible to future joiners (no-PFS consequence)
clear the needs:area park	Classify the needs:area backlog	2026-09-09T22:01:18.6262037Z #4229  sparq-conformance                        T2 bd-to-issues.derive_areas (title scope/crate token)
clear the needs:area park	Classify the needs:area backlog	2026-09-09T22:01:18.6263402Z        research survey §C3 is stale: JSON-LD expand/flatten are gated, but the doc still says they are not
clear the needs:area park	Classify the needs:area backlog	2026-09-09T22:01:18.6264544Z #4232  sparq-reason-wasm                        T1 eyereasoner-bundle: ships a browser bundle
clear the needs:area park	Classify the needs:area backlog	2026-09-09T22:01:18.6265662Z        eyereasoner-compat: inlined IIFE bundle with no <script src> fails with an opaque "Invalid URL"
clear the needs:area park	Classify the needs:area backlog	2026-09-09T22:01:18.6266762Z #4233  sparq-reason-wasm                        T1 eyereasoner-bundle: ships a browser bundle
clear the needs:area park	Classify the needs:area backlog	2026-09-09T22:01:18.6267758Z        eyereasoner-compat: no real-browser smoke test for the classic <script> IIFE bundle
clear the needs:area park	Classify the needs:area backlog	2026-09-09T22:01:18.6268728Z #4236  sparq-reason-diff                        T1 reason-diff: crates/sparq-reason-diff
clear the needs:area park	Classify the needs:area backlog	2026-09-09T22:01:18.6269913Z        reason-diff capture.py: mirror the W3C-vocab-subject corpus lint (it already fail-loud-checks bnodes, but not this)
clear the needs:area park	Classify the needs:area backlog	2026-09-09T22:01:18.6271036Z #4237  ci                                       T1 ci: CI / orchestration infrastructure
clear the needs:area park	Classify the needs:area backlog	2026-09-09T22:01:18.6272136Z        docs-quality: bench/geo/gsb.sh self-test runs without a companion shellcheck step
clear the needs:area park	Classify the needs:area backlog	2026-09-09T22:01:18.6273186Z #4239  sparq-engine                             T2 bd-to-issues.derive_areas (title scope/crate token)
clear the needs:area park	Classify the needs:area backlog	2026-09-09T22:01:18.6274361Z        sparq-engine: streaming scan appends the closing `]}}` after a budget abort (defence-in-depth for sq-7d3dj.26)
clear the needs:area park	Classify the needs:area backlog	2026-09-09T22:01:18.6275532Z #4243  sparq-kb                                 T2 bd-to-issues.derive_areas (title scope/crate token)
clear the needs:area park	Classify the needs:area backlog	2026-09-09T22:01:18.6276582Z        Pre-existing rustdoc broken-intra-doc-links in sparq-kb when the `close` feature is OFF
clear the needs:area park	Classify the needs:area backlog	2026-09-09T22:01:18.6277619Z #4248  sparq-core                               T2 bd-to-issues.derive_areas (title scope/crate token)
clear the needs:area park	Classify the needs:area backlog	2026-09-09T22:01:18.6278721Z        Per-permutation SPQCPRM1/SPQCPRM2 format selection (the only path that re-opens the V2 flip)
clear the needs:area park	Classify the needs:area backlog	2026-09-09T22:01:18.6279822Z #4249  sparq-core                               T2 bd-to-issues.derive_areas (title scope/crate token)
clear the needs:area park	Classify the needs:area backlog	2026-09-09T22:01:18.6280815Z        `v2_measure_bytes_per_triple` measures only the shape SPQCPRM2 was designed to win on
clear the needs:area park	Classify the needs:area backlog	2026-09-09T22:01:18.6282705Z #4251  site-specs                               T1 site-specs: authors/edits a Typst UPD under site/specs
clear the needs:area park	Classify the needs:area backlog	2026-09-09T22:01:18.6283947Z        build-specs.mjs honesty scan is fail-open for untracked spec sources (privacy-claims gate is git-ls-files scoped)
clear the needs:area park	Classify the needs:area backlog	2026-09-09T22:01:18.6285171Z #4254  sparq-zk-compose                         T1 zk-compose: zk-compose circuit/verifier surface
clear the needs:area park	Classify the needs:area backlog	2026-09-09T22:01:18.6286795Z        zk gate-count baseline for filter_value_dl_datetime was derived from ACIR identity, not run through `bb gates` — confirm on the zk-toolchain lane
clear the needs:area park	Classify the needs:area backlog	2026-09-09T22:01:18.6288225Z #4256  sparq-fedplan-mpc                        T2 bd-to-issues.derive_areas (title scope/crate token)
clear the needs:area park	Classify the needs:area backlog	2026-09-09T22:01:18.6289355Z        sparq-fedplan-mpc: Phase-4 leakage envelope does not account for quotient-summary publication
clear the needs:area park	Classify the needs:area backlog	2026-09-09T22:01:18.6290497Z #4257  sparq-fedplan-mpc                        T2 bd-to-issues.derive_areas (title scope/crate token)
clear the needs:area park	Classify the needs:area backlog	2026-09-09T22:01:18.6291840Z        sparq-fedplan-mpc: wire Phase-6 `live_combinations` into an actual join-planner / routing feed
clear the needs:area park	Classify the needs:area backlog	2026-09-09T22:01:18.6292998Z #4258  sparq-fedplan-mpc                        T2 bd-to-issues.derive_areas (title scope/crate token)
clear the needs:area park	Classify the needs:area backlog	2026-09-09T22:01:18.6294319Z        sparq-fedplan-mpc: a second quotient function would need an explicit kind tag + disagreement guard on `SourceQuotientSummary`
clear the needs:area park	Classify the needs:area backlog	2026-09-09T22:01:18.6295394Z #4260  e2ee                                     T1 e2ee: the end-to-end-encryption program
clear the needs:area park	Classify the needs:area backlog	2026-09-09T22:01:18.6296012Z        sparq-e2ee-ng: `Commit::decode` accepts a non-canonical parent list, so one commit can have two CommitIds
clear the needs:area park	Classify the needs:area backlog	2026-09-09T22:01:18.6296594Z #4261  e2ee                                     T1 e2ee: the end-to-end-encryption program
clear the needs:area park	Classify the needs:area backlog	2026-09-09T22:01:18.6297206Z        sparq-e2ee-ng: a commit-carried snapshot is bound-checked but never verified against the commit's causal closure
clear the needs:area park	Classify the needs:area backlog	2026-09-09T22:01:18.6297886Z #4264  sparq-conformance                        T2 bd-to-issues.derive_areas (title scope/crate token)
clear the needs:area park	Classify the needs:area backlog	2026-09-09T22:01:18.6298564Z        json_ld_equal treats @json literal payload arrays as unordered sets (sparq-conformance + tests/flatten.rs)
clear the needs:area park	Classify the needs:area backlog	2026-09-09T22:01:18.6299166Z #4266  site-papers                              T1 site-papers: paper-factory artifact
clear the needs:area park	Classify the needs:area backlog	2026-09-09T22:01:18.6299722Z        papers/filtered-ann: paper is full-paper length but the registry targets EDBT short/demo
clear the needs:area park	Classify the needs:area backlog	2026-09-09T22:01:18.6300258Z #4267  site-papers                              T1 site-papers: paper-factory artifact
clear the needs:area park	Classify the needs:area backlog	2026-09-09T22:01:18.6300876Z        papers/filtered-ann: tab-recall fixture setup facts are typed inline instead of injected from the evidence ledger
clear the needs:area park	Classify the needs:area backlog	2026-09-09T22:01:18.6302303Z #4270  sparq-policy                             T1 odrl: ODRL evaluation lives in crates/sparq-policy
clear the needs:area park	Classify the needs:area backlog	2026-09-09T22:01:18.6303567Z        sparq-solid `odrl-bridge` tests appear to never run in CI — the ODRL-as-N3 fail-open differential is unguarded
clear the needs:area park	Classify the needs:area backlog	2026-09-09T22:01:18.6304735Z #4272  sparq-parse                              T2 bd-to-issues.derive_areas (title scope/crate token)
clear the needs:area park	Classify the needs:area backlog	2026-09-09T22:01:18.6305524Z        sparq-parse README claims browsers decode the multi-member gzip stream — the D4 measurement found the opposite
clear the needs:area park	Classify the needs:area backlog	2026-09-09T22:01:18.6306139Z #4275  zk-xpath                                 T1 zk-xpath: zk/xpath (noir_XPath) sources
clear the needs:area park	Classify the needs:area backlog	2026-09-09T22:01:18.6306901Z        sparq-engine: SUBSTR shifts the fn:substring window when start < 1 (spec says it consumes the length budget)
clear the needs:area park	Classify the needs:area backlog	2026-09-09T22:01:18.6307668Z #4276  zk-xpath                                 T1 zk-xpath: zk/xpath (noir_XPath) sources
clear the needs:area park	Classify the needs:area backlog	2026-09-09T22:01:18.6308224Z        sparq-engine: ROUND() loses the sign of a negative-zero result (fn:round(-0.5) must be -0.0E0)
clear the needs:area park	Classify the needs:area backlog	2026-09-09T22:01:18.6308873Z #4277  bench                                    T1 bench-generic: a benchmarking deliverable
clear the needs:area park	Classify the needs:area backlog	2026-09-09T22:01:18.6309718Z        Benchmark SPQCPRM2 decode overhead (dispatch + per-block frame origin), not just encoded size
clear the needs:area park	Classify the needs:area backlog	2026-09-09T22:01:18.6310634Z #4278  e2ee                                     T1 e2ee: the end-to-end-encryption program
clear the needs:area park	Classify the needs:area backlog	2026-09-09T22:01:18.6312096Z        e2ee-ng design record still says "no implementation" (research/e2ee-nextgraph-variant-gpt56-2026-07.md)
clear the needs:area park	Classify the needs:area backlog	2026-09-09T22:01:18.6312706Z #4279  e2ee                                     T1 e2ee: the end-to-end-encryption program
clear the needs:area park	Classify the needs:area backlog	2026-09-09T22:01:18.6313355Z        Threat-model handoff: commit re-seal equivocation + quarantine capacity are new inputs for the pending e2ee-ng privacy record
clear the needs:area park	Classify the needs:area backlog	2026-09-09T22:01:18.6314082Z #4280  sparq-fedplan-mpc                        T2 bd-to-issues.derive_areas (title scope/crate token)
clear the needs:area park	Classify the needs:area backlog	2026-09-09T22:01:18.6314636Z        sparq-fedplan-mpc README exceeds the 120-line readme-template cap (150 lines)
clear the needs:area park	Classify the needs:area backlog	2026-09-09T22:01:18.6315528Z #4281  site-specs                               T1 site-specs: authors/edits a Typst UPD under site/specs
clear the needs:area park	Classify the needs:area backlog	2026-09-09T22:01:18.6316080Z        Spec factory: hyphen-at-end-of-line renders a spurious space in Typst output
clear the needs:area park	Classify the needs:area backlog	2026-09-09T22:01:18.6316631Z #4285  sparq-geo                                T2 bd-to-issues.derive_areas (title scope/crate token)
clear the needs:area park	Classify the needs:area backlog	2026-09-09T22:01:18.6317267Z        sparq-geo: proj4rs Krovak projection is not enabled, so every registry Krovak CRS fails with a Parse error
clear the needs:area park	Classify the needs:area backlog	2026-09-09T22:01:18.6317893Z #4286  sparq-vectors                            T2 bd-to-issues.derive_areas (title scope/crate token)
clear the needs:area park	Classify the needs:area backlog	2026-09-09T22:01:18.6318681Z        filtered-ANN: add end-to-end tests that force BOTH physical plans per constraint shape
clear the needs:area park	Classify the needs:area backlog	2026-09-09T22:01:18.6319552Z #4287  site-papers                              T1 site-papers: paper-factory artifact
clear the needs:area park	Classify the needs:area backlog	2026-09-09T22:01:18.6320140Z        paper-evidence.json: `filtered_ann.prefilter_equals_postfilter` note still says "byte-identical"
clear the needs:area park	Classify the needs:area backlog	2026-09-09T22:01:18.6320761Z #4288  sparq-core                               T2 bd-to-issues.derive_areas (title scope/crate token)
clear the needs:area park	Classify the needs:area backlog	2026-09-09T22:01:18.6321805Z        sparq-core: `sharded_remap` is unused (and needlessly `mut`) in the `mmap`-without-`parallel` feature state
clear the needs:area park	Classify the needs:area backlog	2026-09-09T22:01:18.6322635Z #4289  sparq-parse                              T2 bd-to-issues.derive_areas (title scope/crate token)
clear the needs:area park	Classify the needs:area backlog	2026-09-09T22:01:18.6323483Z        sparq-parse: add a genuinely implementation-independent gzip interop check for the zlib-rs/zlib-ng backends
clear the needs:area park	Classify the needs:area backlog	2026-09-09T22:01:18.6324139Z #4291  sparq-shacl                              T2 bd-to-issues.derive_areas (title scope/crate token)
clear the needs:area park	Classify the needs:area backlog	2026-09-09T22:01:18.6324713Z        sparq-shacl: `check_pre_binding` does not descend into `GraphPattern::Lateral`
clear the needs:area park	Classify the needs:area backlog	2026-09-09T22:01:18.6325437Z #4293  sparq-shacl                              T2 bd-to-issues.derive_areas (title scope/crate token)
clear the needs:area park	Classify the needs:area backlog	2026-09-09T22:01:18.6326033Z        sparq-shacl: consider genuinely supporting `$shapesGraph` via a dataset-backed evaluation seam
clear the needs:area park	Classify the needs:area backlog	2026-09-09T22:01:18.6326813Z #4295  sparq-algos                              T2 bd-to-issues.derive_areas (title scope/crate token)
clear the needs:area park	Classify the needs:area backlog	2026-09-09T22:01:18.6327329Z        sparq-algos: expose a public BFS (Graphalytics BFS feature gap)
clear the needs:area park	Classify the needs:area backlog	2026-09-09T22:01:18.6327815Z #4296  sparq-algos                              T2 bd-to-issues.derive_areas (title scope/crate token)
clear the needs:area park	Classify the needs:area backlog	2026-09-09T22:01:18.6328539Z        sparq-algos: implement local clustering coefficient (Graphalytics LCC feature gap)
clear the needs:area park	Classify the needs:area backlog	2026-09-09T22:01:18.6329105Z #4297  sparq-algos                              T2 bd-to-issues.derive_areas (title scope/crate token)
clear the needs:area park	Classify the needs:area backlog	2026-09-09T22:01:18.6329639Z        sparq-algos: weighted-graph projection + SSSP (Graphalytics SSSP feature gap)
clear the needs:area park	Classify the needs:area backlog	2026-09-09T22:01:18.6330327Z #4298  sparq-algos                              T2 bd-to-issues.derive_areas (title scope/crate token)
clear the needs:area park	Classify the needs:area backlog	2026-09-09T22:01:18.6330983Z        sparq-algos: decide whether label_propagation should offer a synchronous (Graphalytics CDLP-conformant) mode
clear the needs:area park	Classify the needs:area backlog	2026-09-09T22:01:18.6331840Z #4299  zk-xpath                                 T1 zk-xpath: zk/xpath (noir_XPath) sources
clear the needs:area park	Classify the needs:area backlog	2026-09-09T22:01:18.6332407Z        xpath differential: --inject-fault only proves ONE section is wired to the circuit
clear the needs:area park	Classify the needs:area backlog	2026-09-09T22:01:18.6333463Z #4301  sparq-engine                             T2 bd-to-issues.derive_areas (title scope/crate token)
clear the needs:area park	Classify the needs:area backlog	2026-09-09T22:01:18.6334733Z        sq-7d3dj.11 follow-up: run the W3C SPARQL conformance suite with `sparq-engine/expr-program` ON
clear the needs:area park	Classify the needs:area backlog	2026-09-09T22:01:18.6335687Z #4304  ci                                       T1 ci: CI / orchestration infrastructure
clear the needs:area park	Classify the needs:area backlog	2026-09-09T22:01:18.6337217Z        CI: `test (load-aware shard heavy-hnsw)` red on a PR that cannot affect sparq-vectors — investigate runner-level cause (likely disk pressure from `--e
clear the needs:area park	Classify the needs:area backlog	2026-09-09T22:01:18.6338129Z #4305  sparq-crdt                               T2 bd-to-issues.derive_areas (title scope/crate token)
clear the needs:area park	Classify the needs:area backlog	2026-09-09T22:01:18.6338739Z        perf(sparq-crdt): index dot → quad instead of scanning the store on every apply
clear the needs:area park	Classify the needs:area backlog	2026-09-09T22:01:18.6339283Z #4306  sparq-fedplan-mpc                        T2 bd-to-issues.derive_areas (title scope/crate token)
clear the needs:area park	Classify the needs:area backlog	2026-09-09T22:01:18.6339864Z        crates/sparq-fedplan-mpc/README.md is 33 lines over the 120-line readme-template cap
clear the needs:area park	Classify the needs:area backlog	2026-09-09T22:01:18.6340454Z #4307  sparq-zk-compose                         T1 zk-compose: zk-compose circuit/verifier surface
clear the needs:area park	Classify the needs:area backlog	2026-09-09T22:01:18.6341130Z        bench/zk-compose: sparql_feature_catalog.json + bb_gates_matrix.json have no reproducibility gate (constraint_counts does)
clear the needs:area park	Classify the needs:area backlog	2026-09-09T22:01:18.6342053Z #4309  sparq-shacl                              T2 bd-to-issues.derive_areas (title scope/crate token)
clear the needs:area park	Classify the needs:area backlog	2026-09-09T22:01:18.6342727Z        SHACL §6: decide + implement what "recursive/derived parameters" means (second half of sq-ou3)
clear the needs:area park	Classify the needs:area backlog	2026-09-09T22:01:18.6343296Z #4311  knowledge-graph                          T1 pkg: the project-knowledge-graph surface
clear the needs:area park	Classify the needs:area backlog	2026-09-09T22:01:18.6343830Z        query-pkg SKILL.md: add the `batch-quality` canned query to the GROUND template table
clear the needs:area park	Classify the needs:area backlog	2026-09-09T22:01:18.6344375Z #4315  sparq-server                             T2 bd-to-issues.derive_areas (title scope/crate token)
clear the needs:area park	Classify the needs:area backlog	2026-09-09T22:01:18.6344886Z        Graph Store Protocol read path still buffers the whole rendered document
clear the needs:area park	Classify the needs:area backlog	2026-09-09T22:01:18.6345368Z #4319  e2ee                                     T1 e2ee: the end-to-end-encryption program
clear the needs:area park	Classify the needs:area backlog	2026-09-09T22:01:18.6345848Z        Coverage: sparq-e2ee-ng has no per-crate floor in bench/coverage-floor.json
clear the needs:area park	Classify the needs:area backlog	2026-09-09T22:01:18.6346384Z #4320  site-specs                               T1 site-specs: authors/edits a Typst UPD under site/specs
clear the needs:area park	Classify the needs:area backlog	2026-09-09T22:01:18.6347169Z        E2EE Profile SE: the remainder of the profile (predicate key distribution, encrypt-on-write authoring, client-side answer decryption + residual filter
clear the needs:area park	Classify the needs:area backlog	2026-09-09T22:01:18.6347939Z #4321  site-specs                               T1 site-specs: authors/edits a Typst UPD under site/specs
clear the needs:area park	Classify the needs:area backlog	2026-09-09T22:01:18.6348638Z        E2EE-SPARQL draft: replace the placeholder urn:jeswr:w3id:e2ee-sparql IRIs with a dereferenceable namespace before publication
clear the needs:area park	Classify the needs:area backlog	2026-09-09T22:01:18.6349268Z #4322  ci                                       T1 ci: CI / orchestration infrastructure
clear the needs:area park	Classify the needs:area backlog	2026-09-09T22:01:18.6350071Z        CI flake-triage: `test (load-aware shard heavy-hnsw)` red on PR #4235 is unattributable to the PR — read the shard log and re-assess sq-c76x's mitigat
clear the needs:area park	Classify the needs:area backlog	2026-09-09T22:01:18.6350752Z #4325  ci                                       T1 ci: CI / orchestration infrastructure
clear the needs:area park	Classify the needs:area backlog	2026-09-09T22:01:18.6351269Z        Worker fleet runs in a 20/40-concurrency personal account while sparq-org has Enterprise 500
clear the needs:area park	Classify the needs:area backlog	2026-09-09T22:01:18.6351997Z #4327  ci                                       T1 ci: CI / orchestration infrastructure
clear the needs:area park	Classify the needs:area backlog	2026-09-09T22:01:18.6352569Z        dorny/paths-filter is an unretried single point of transient gate failure (GitHub diff API 'not_available')
clear the needs:area park	Classify the needs:area backlog	2026-09-09T22:01:18.6353129Z #4328  ci                                       T1 ci: CI / orchestration infrastructure
clear the needs:area park	Classify the needs:area backlog	2026-09-09T22:01:18.6353813Z        research/ci-ec2-design.md OIDC trust policy still says jeswr/sparq — audit the live IAM role against sparq-org/sparq
clear the needs:area park	Classify the needs:area backlog	2026-09-09T22:01:18.6354399Z #4329  ci                                       T1 ci: CI / orchestration infrastructure
clear the needs:area park	Classify the needs:area backlog	2026-09-09T22:01:18.6355470Z        audit: triage machinery — dependency edges unread, epic decomposition absent, dedup detects but never closes (maintainer observation 2026-07-26)
clear the needs:area park	Classify the needs:area backlog	2026-09-09T22:01:18.6356235Z #4330  sparq-server                             T2 bd-to-issues.derive_areas (title scope/crate token)
clear the needs:area park	Classify the needs:area backlog	2026-09-09T22:01:18.6356835Z        Pre-CI crate-scoped gate did not catch a `-D warnings` clippy error in the PR's own crate (PR #4238)
clear the needs:area park	Classify the needs:area backlog	2026-09-09T22:01:18.6357415Z #4333  workspace                                T1 fmt: a workspace-wide mechanical/hygiene change
clear the needs:area park	Classify the needs:area backlog	2026-09-09T22:01:18.6358039Z        Land the one-time `cargo fmt --all` reformat and flip rustfmt to a hard gate
clear the needs:area park	Classify the needs:area backlog	2026-09-09T22:01:18.6358574Z #4337  sparq-crdt                               T2 bd-to-issues.derive_areas (title scope/crate token)
clear the needs:area park	Classify the needs:area backlog	2026-09-09T22:01:18.6359213Z        sparq-crdt: snapshot reads still slurp the whole file (read_snapshot_file / Snapshot::decode)
clear the needs:area park	Classify the needs:area backlog	2026-09-09T22:01:18.6359873Z #4339  bench                                    T1 bench: the bench/ harness + competitor gather
clear the needs:area park	Classify the needs:area backlog	2026-09-09T22:01:18.6360527Z        fo-km: grow the FO-exercising corpus from 16 to >=30 tasks to clear the pre-registered KILL-A power floor
clear the needs:area park	Classify the needs:area backlog	2026-09-09T22:01:18.6361274Z #4341  bench                                    T1 bench: the bench/ harness + competitor gather
clear the needs:area park	Classify the needs:area backlog	2026-09-09T22:01:18.6362341Z        CI: no gate detects a stale bench/fo-km fixture, so gold-answer rot recurs silently
clear the needs:area park	Classify the needs:area backlog	2026-09-09T22:01:18.6363258Z #4344  sparq-engine                             T2 bd-to-issues.derive_areas (title scope/crate token)
clear the needs:area park	Classify the needs:area backlog	2026-09-09T22:01:18.6364681Z        perf/soundness: sibling result-serialisation paths (CSV/TSV/XML, CONSTRUCT/DESCRIBE, QueryResult term materialisation) still lack a post-serialization
clear the needs:area park	Classify the needs:area backlog	2026-09-09T22:01:18.6366196Z #4345  sparq-geo                                T2 bd-to-issues.derive_areas (title scope/crate token)
clear the needs:area park	Classify the needs:area backlog	2026-09-09T22:01:18.6367405Z        sparq-geo epsg_full: registry half of the axis-order policy is now satisfied for 1241 northing-first codes — worked examples remain before any swap
clear the needs:area park	Classify the needs:area backlog	2026-09-09T22:01:18.6368180Z #4346  sparq-geo                                T2 bd-to-issues.derive_areas (title scope/crate token)
clear the needs:area park	Classify the needs:area backlog	2026-09-09T22:01:18.6368749Z        sparq-geo epsg_full: 185 registry entries the axis gate accepts have no record in EPSG v11.022
clear the needs:area park	Classify the needs:area backlog	2026-09-09T22:01:18.6369310Z #4348  release                                  T2 bd-to-issues.derive_areas (title scope/crate token)
clear the needs:area park	Classify the needs:area backlog	2026-09-09T22:01:18.6369891Z        release cadence: decide whether pre-release tags (v0.1.0-dev) should count toward the 24h interval
clear the needs:area park	Classify the needs:area backlog	2026-09-09T22:01:18.6370482Z #4351  sparq-engine                             T2 bd-to-issues.derive_areas (title scope/crate token)
clear the needs:area park	Classify the needs:area backlog	2026-09-09T22:01:18.6370983Z        perf(engine): bind_join can now declare sorted_by on the join variable
clear the needs:area park	Classify the needs:area backlog	2026-09-09T22:01:18.6371479Z #4352  sparq-bench                              T2 bd-to-issues.derive_areas (title scope/crate token)
clear the needs:area park	Classify the needs:area backlog	2026-09-09T22:01:18.6372299Z        bench: targeted high-NDV bind-join criterion microbench (sq-7d3dj.7 measurement plan)
clear the needs:area park	Classify the needs:area backlog	2026-09-09T22:01:18.6372875Z #4353  sparq-engine                             T2 bd-to-issues.derive_areas (title scope/crate token)
clear the needs:area park	Classify the needs:area backlog	2026-09-09T22:01:18.6373381Z        perf(engine): batched bound scans across a run of bind_join join values
clear the needs:area park	Classify the needs:area backlog	2026-09-09T22:01:18.6373846Z #4356  site-papers                              T1 site-papers: paper-factory artifact
clear the needs:area park	Classify the needs:area backlog	2026-09-09T22:01:18.6374468Z        Paper factory F5 (sq-gum8.17): first consuming paper for the canonical-timing class + correct the /papers index copy
clear the needs:area park	Classify the needs:area backlog	2026-09-09T22:01:18.6375076Z #4357  site-papers                              T1 site-papers: paper-factory artifact
clear the needs:area park	Classify the needs:area backlog	2026-09-09T22:01:18.6375764Z        Paper factory: no table-friendly accessor for measured timings (headline_timing's inline provenance tag is noisy in a results table)
clear the needs:area park	Classify the needs:area backlog	2026-09-09T22:01:18.6376433Z #4358  site-papers                              T1 site-papers: paper-factory artifact
clear the needs:area park	Classify the needs:area backlog	2026-09-09T22:01:18.6377211Z        Paper factory: extend the canonical-timing derivation to the HTTP, materialization and HDT envelope families
clear the needs:area park	Classify the needs:area backlog	2026-09-09T22:01:18.6377962Z #4362  sparq-reason-el                          T2 bd-to-issues.derive_areas (title scope/crate token)
clear the needs:area park	Classify the needs:area backlog	2026-09-09T22:01:18.6378532Z        sparq-reason-el: NPA data clash should also match the sq-vkq9u rescued point existentials
clear the needs:area park	Classify the needs:area backlog	2026-09-09T22:01:18.6379094Z #4363  sparq-reason-el                          T2 bd-to-issues.derive_areas (title scope/crate token)
clear the needs:area park	Classify the needs:area backlog	2026-09-09T22:01:18.6379686Z        sparq-reason-el: owl:hasKey DATA keys could match on numeric VALUE via the sq-vkq9u point concepts
clear the needs:area park	Classify the needs:area backlog	2026-09-09T22:01:18.6380445Z #4364  sparq-reason-el                          T2 bd-to-issues.derive_areas (title scope/crate token)
clear the needs:area park	Classify the needs:area backlog	2026-09-09T22:01:18.6381871Z        sparq-reason-el: Report::named_classes over-counts (it is the raw concept-index size, not named classes)
clear the needs:area park	Classify the needs:area backlog	2026-09-09T22:01:18.6382568Z #4367  sparq-zk-compose                         T1 zk-compose: zk-compose circuit/verifier surface
clear the needs:area park	Classify the needs:area backlog	2026-09-09T22:01:18.6383393Z        sq-cuvmj follow-up: support genuine multi-credential presentations (per-credential revocation references)
clear the needs:area park	Classify the needs:area backlog	2026-09-09T22:01:18.6384043Z #4370  sparq-core                               T2 bd-to-issues.derive_areas (title scope/crate token)
clear the needs:area park	Classify the needs:area backlog	2026-09-09T22:01:18.6384707Z        sq-96hp1 follow-up: run the Elias-Fano A/B on the canonical host, native AND wasm32, and record the adoption verdict
clear the needs:area park	Classify the needs:area backlog	2026-09-09T22:01:18.6385360Z #4372  sparq-core                               T2 bd-to-issues.derive_areas (title scope/crate token)
clear the needs:area park	Classify the needs:area backlog	2026-09-09T22:01:18.6386049Z        sq-96hp1 follow-up: give PartitionedEliasFano a contiguous bit-stream layout instead of one EliasFano struct per partition
clear the needs:area park	Classify the needs:area backlog	2026-09-09T22:01:18.6386677Z #4374  ci                                       T1 ci: CI / orchestration infrastructure
clear the needs:area park	Classify the needs:area backlog	2026-09-09T22:01:18.6387192Z        audit-issue-deps.py cannot be wired to a cron yet: the script is not on main (#4329 item 7)
clear the needs:area park	Classify the needs:area backlog	2026-09-09T22:01:18.6387773Z #4376  site-specs                               T1 site-specs: authors/edits a Typst UPD under site/specs
clear the needs:area park	Classify the needs:area backlog	2026-09-09T22:01:18.6409986Z        sparq-vectors: index entries have no source-resource attribution (blocks any Solid vector-search integration)
clear the needs:area park	Classify the needs:area backlog	2026-09-09T22:01:18.6410722Z #4377  sparq-vectors                            T2 bd-to-issues.derive_areas (title scope/crate token)
clear the needs:area park	Classify the needs:area backlog	2026-09-09T22:01:18.6411391Z        sparq-vectors: boundary tie-break key is term-only, not injective once entries carry a source resource
clear the needs:area park	Classify the needs:area backlog	2026-09-09T22:01:18.6412307Z #4379  site-specs                               T1 site-specs: authors/edits a Typst UPD under site/specs
clear the needs:area park	Classify the needs:area backlog	2026-09-09T22:01:18.6412959Z        site: no typst binary available in the worker checkout, so spec .typ sources cannot be build-verified locally
clear the needs:area park	Classify the needs:area backlog	2026-09-09T22:01:18.6413563Z #4380  sparq-acbench                            T1 acbench: crates/sparq-acbench
clear the needs:area park	Classify the needs:area backlog	2026-09-09T22:01:18.6414179Z        sparq-acbench: compile_wac collapses co-located intents onto one acl:Authorization, unioning modes and audiences
clear the needs:area park	Classify the needs:area backlog	2026-09-09T22:01:18.6414814Z #4381  sparq-acbench                            T1 acbench: crates/sparq-acbench
clear the needs:area park	Classify the needs:area backlog	2026-09-09T22:01:18.6415430Z        sparq-acbench: generators should EXPORT their group closure so the ODRL live lane can supply odrl:partOf evidence
clear the needs:area park	Classify the needs:area backlog	2026-09-09T22:01:18.6416071Z #4382  bench                                    T2 bd-to-issues.derive_areas (title scope/crate token)
clear the needs:area park	Classify the needs:area backlog	2026-09-09T22:01:18.6416695Z        bench/ac/live: W2/W4 probe always queries Mode::Read regardless of the expected decision's requested mode
clear the needs:area park	Classify the needs:area backlog	2026-09-09T22:01:18.6417258Z #4383  sparq-acbench                            T1 acbench: crates/sparq-acbench
clear the needs:area park	Classify the needs:area backlog	2026-09-09T22:01:18.6417818Z        sparq-acbench: export BENCH_EVAL_INSTANT / BENCH_GRANTED_PURPOSE (now duplicated in three places)
clear the needs:area park	Classify the needs:area backlog	2026-09-09T22:01:18.6418398Z #4384  bench                                    T2 bd-to-issues.derive_areas (title scope/crate token)
clear the needs:area park	Classify the needs:area backlog	2026-09-09T22:01:18.6419013Z        bench/ac/live: ACP under-share and ACP group-oracle FP advisories are still open (the ACP half of sq-kvvcl.2)
clear the needs:area park	Classify the needs:area backlog	2026-09-09T22:01:18.6419946Z #4389  knowledge-graph                          T1 pkg: the project-knowledge-graph surface
clear the needs:area park	Classify the needs:area backlog	2026-09-09T22:01:18.6420542Z        bench/fo-km: validate_tasks.py should read pkg-query --json, not parse the pretty table
clear the needs:area park	Classify the needs:area backlog	2026-09-09T22:01:18.6421087Z #4390  bench                                    T1 bench: the bench/ harness + competitor gather
clear the needs:area park	Classify the needs:area backlog	2026-09-09T22:01:18.6421919Z        bench/fo-km: `gold_count` means two different things across tasks, and nothing checks it against `gold_keys`
clear the needs:area park	Classify the needs:area backlog	2026-09-09T22:01:18.6422565Z #4393  sparq-core                               T2 bd-to-issues.derive_areas (title scope/crate token)
clear the needs:area park	Classify the needs:area backlog	2026-09-09T22:01:18.6423071Z        elias-fano: wasm32 half of the EF vs varint-block A/B is unmeasured
clear the needs:area park	Classify the needs:area backlog	2026-09-09T22:01:18.6423517Z #4394  ci                                       T1 ci: CI / orchestration infrastructure
clear the needs:area park	Classify the needs:area backlog	2026-09-09T22:01:18.6423957Z        docs-quality: add a first-class "every workflow YAML parses" gate
clear the needs:area park	Classify the needs:area backlog	2026-09-09T22:01:18.6424452Z #4395  zk-xpath                                 T1 zk-xpath: zk/xpath (noir_XPath) sources
clear the needs:area park	Classify the needs:area backlog	2026-09-09T22:01:18.6424946Z        zk/xpath/scripts/run_differential_harness.sh is not shellchecked by any lane
clear the needs:area park	Classify the needs:area backlog	2026-09-09T22:01:18.6425436Z #4396  site-papers                              T1 site-papers: paper-factory artifact
clear the needs:area park	Classify the needs:area backlog	2026-09-09T22:01:18.6425960Z        paper factory: constrain a canonical envelope's `suite` to a safe single path segment
clear the needs:area park	Classify the needs:area backlog	2026-09-09T22:01:18.6426475Z #4397  site-papers                              T1 site-papers: paper-factory artifact
clear the needs:area park	Classify the needs:area backlog	2026-09-09T22:01:18.6427033Z        paper factory: extend the measured-timing source gate to non-paper Typst surfaces if any appear
clear the needs:area park	Classify the needs:area backlog	2026-09-09T22:01:18.6427590Z #4402  bench                                    T1 bench: the bench/ harness + competitor gather
clear the needs:area park	Classify the needs:area backlog	2026-09-09T22:01:18.6428063Z        FO-KM: th03's dict-of-lists gold_keys entity values are still unchecked
clear the needs:area park	Classify the needs:area backlog	2026-09-09T22:01:18.6428523Z #4403  site-papers                              T1 site-papers: paper-factory artifact
clear the needs:area park	Classify the needs:area backlog	2026-09-09T22:01:18.6429050Z        paper factory: make the measured-timing publication boundary structural, not lexical
clear the needs:area park	Classify the needs:area backlog	2026-09-09T22:01:18.6429584Z #4404  sparq-core                               T0 author-declared crate_or_surface/crates field
clear the needs:area park	Classify the needs:area backlog	2026-09-09T22:01:18.6430273Z        sparq-core `elias-fano` opt-in feature has no feature-matrix leg — its tests never execute in CI
clear the needs:area park	Classify the needs:area backlog	2026-09-09T22:01:18.6430866Z #4407  workspace                                T1 fmt: a workspace-wide mechanical/hygiene change
clear the needs:area park	Classify the needs:area backlog	2026-09-09T22:01:18.6431478Z        sparq-verify-mechanical: mutation spot-check must delete the .proptest-regressions seed it creates
clear the needs:area park	Classify the needs:area backlog	2026-09-09T22:01:18.6432372Z #4408  workspace                                T1 fmt: a workspace-wide mechanical/hygiene change
clear the needs:area park	Classify the needs:area backlog	2026-09-09T22:01:18.6432875Z        Optional mechanical gate: flag orphaned .proptest-regressions files
clear the needs:area park	Classify the needs:area backlog	2026-09-09T22:01:18.6433337Z #4413  sparq-acbench                            T1 acbench: crates/sparq-acbench
clear the needs:area park	Classify the needs:area backlog	2026-09-09T22:01:18.6433862Z        acbench: GenParams::acl_coverage is a documented knob that no generator consumes
clear the needs:area park	Classify the needs:area backlog	2026-09-09T22:01:18.6434353Z #4414  sparq-acbench                            T1 acbench: crates/sparq-acbench
clear the needs:area park	Classify the needs:area backlog	2026-09-09T22:01:18.6434965Z        acbench intent IR cannot express "this container AND its contents", so container-URI requests diverge from the engine
clear the needs:area park	Classify the needs:area backlog	2026-09-09T22:01:18.6435584Z #4416  sparq-acbench                            T1 acbench: crates/sparq-acbench
clear the needs:area park	Classify the needs:area backlog	2026-09-09T22:01:18.6436204Z        acbench: ACP/ODRL oracles resolve Audience::Owner against the request, WAC now resolves it against the governing document
clear the needs:area park	Classify the needs:area backlog	2026-09-09T22:01:18.6436873Z #4418  site-specs                               T1 site-specs: authors/edits a Typst UPD under site/specs
clear the needs:area park	Classify the needs:area backlog	2026-09-09T22:01:18.6437532Z        vec: namespace IRI does not dereference — VG-GOV-2 is unsatisfiable as the estate stands
clear the needs:area park	Classify the needs:area backlog	2026-09-09T22:01:18.6438124Z #4419  site-specs                               T1 site-specs: authors/edits a Typst UPD under site/specs
clear the needs:area park	Classify the needs:area backlog	2026-09-09T22:01:18.6438988Z        .spqv persists un-normalised vectors — the VG-MET-2 gap, and nothing declares it
clear the needs:area park	Classify the needs:area backlog	2026-09-09T22:01:18.6439541Z #4420  sparq-vectors                            T2 bd-to-issues.derive_areas (title scope/crate token)
clear the needs:area park	Classify the needs:area backlog	2026-09-09T22:01:18.6440092Z        secx: assurance classes are recognised under two namespaces with neither canonical
clear the needs:area park	Classify the needs:area backlog	2026-09-09T22:01:18.6440683Z #4421  sparq-vectors                            T1 vectors-spqv: the .spqv / fusion surface in crates/sparq-vectors
clear the needs:area park	Classify the needs:area backlog	2026-09-09T22:01:18.6441425Z        No authenticity control over a .spqv container — a well-formed hostile store forges its own fingerprint
clear the needs:area park	Classify the needs:area backlog	2026-09-09T22:01:18.6442311Z #4424  zk-xpath                                 T1 zk-xpath: zk/xpath (noir_XPath) sources
clear the needs:area park	Classify the needs:area backlog	2026-09-09T22:01:18.6442865Z        CI hole: the zk/compose/compose_core Noir test suite (178 in-tree nargo tests) runs in NO lane
clear the needs:area park	Classify the needs:area backlog	2026-09-09T22:01:18.6443412Z #4427  bench                                    T1 bench: the bench/ harness + competitor gather
clear the needs:area park	Classify the needs:area backlog	2026-09-09T22:01:18.6443954Z        bench: no serving-model-id validity gate for sub-agent-dispatched benchmark cells
clear the needs:area park	Classify the needs:area backlog	2026-09-09T22:01:18.6444490Z #4429  sparq-geo                                T2 bd-to-issues.derive_areas (title scope/crate token)
clear the needs:area park	Classify the needs:area backlog	2026-09-09T22:01:18.6445106Z        sparq-geo: R25/R26/R27 OGC requirement probes are vacuous constant checks (R25 and R26 are byte-identical)
clear the needs:area park	Classify the needs:area backlog	2026-09-09T22:01:18.6445703Z #4430  sparq-geo                                T2 bd-to-issues.derive_areas (title scope/crate token)
clear the needs:area park	Classify the needs:area backlog	2026-09-09T22:01:18.6446175Z        sparq-geo: R17 OGC requirement probe is a vacuous constant check
clear the needs:area park	Classify the needs:area backlog	2026-09-09T22:01:18.6446647Z #4431  sparq-server                             T2 bd-to-issues.derive_areas (title scope/crate token)
clear the needs:area park	Classify the needs:area backlog	2026-09-09T22:01:18.6447239Z        sparq-server: tests/geo.rs never exercises the GeoSPARQL vocabulary (uses a plain ex:loc predicate)
clear the needs:area park	Classify the needs:area backlog	2026-09-09T22:01:18.6447836Z #4432  sparq-server                             T2 bd-to-issues.derive_areas (title scope/crate token)
clear the needs:area park	Classify the needs:area backlog	2026-09-09T22:01:18.6448429Z        sparq-server: the GeoSPARQL query-rewrite extension is not reachable over the SPARQL protocol
clear the needs:area park	Classify the needs:area backlog	2026-09-09T22:01:18.6448948Z #4436  ci                                       T1 ci: CI / orchestration infrastructure
clear the needs:area park	Classify the needs:area backlog	2026-09-09T22:01:18.6449553Z        docs-quality: markdownlint (MD040) is not reproducible in-worktree — no npx/npm on the agent box
clear the needs:area park	Classify the needs:area backlog	2026-09-09T22:01:18.6450156Z #4438  sparq-engine                             T2 bd-to-issues.derive_areas (title scope/crate token)
clear the needs:area park	Classify the needs:area backlog	2026-09-09T22:01:18.6450670Z        engine: SERVICE on the LEFT of a Join is evaluated TWICE (double remote fetch)
clear the needs:area park	Classify the needs:area backlog	2026-09-09T22:01:18.6451188Z #4439  sparq-engine                             T2 bd-to-issues.derive_areas (title scope/crate token)
clear the needs:area park	Classify the needs:area backlog	2026-09-09T22:01:18.6452024Z        engine: push outer bindings INTO a local SERVICE handler (bind-join for service-local)
clear the needs:area park	Classify the needs:area backlog	2026-09-09T22:01:18.6452582Z #4441  sparq-core                               T2 bd-to-issues.derive_areas (title scope/crate token)
clear the needs:area park	Classify the needs:area backlog	2026-09-09T22:01:18.6453364Z        research/compressed-memory-profile.md §4: record the block-size verdict (candidate fix now measured and ruled out)
clear the needs:area park	Classify the needs:area backlog	2026-09-09T22:01:18.6454021Z #4444  sparq-core                               T2 bd-to-issues.derive_areas (title scope/crate token)
clear the needs:area park	Classify the needs:area backlog	2026-09-09T22:01:18.6454698Z        sq-v8ixk canonical half: run the block-bloom measurement harness on the perf host (sq-0g6g) against a REAL Wikidata permutation
clear the needs:area park	Classify the needs:area backlog	2026-09-09T22:01:18.6455320Z #4446  ci                                       T1 ci: CI / orchestration infrastructure
clear the needs:area park	Classify the needs:area backlog	2026-09-09T22:01:18.6455919Z        block-bloom's measured win may be unreachable: no crate enables the feature, and the win is on ABSENT-key point lookups
clear the needs:area park	Classify the needs:area backlog	2026-09-09T22:01:18.6456537Z #4449  sparq-acbench                            T1 acbench: crates/sparq-acbench
clear the needs:area park	Classify the needs:area backlog	2026-09-09T22:01:18.6457074Z        acbench live driver: WAC under-share advisory text is stale and the lane can now be hard-gated
clear the needs:area park	Classify the needs:area backlog	2026-09-09T22:01:18.6457769Z #4450  sparq-acbench                            T1 acbench: crates/sparq-acbench
clear the needs:area park	Classify the needs:area backlog	2026-09-09T22:01:18.6458476Z        sparq-acbench: compile_wac mints a colliding auth subject, blending distinct intents into one acl:Authorization
clear the needs:area park	Classify the needs:area backlog	2026-09-09T22:01:18.6459069Z #4451  sparq-acbench                            T1 acbench: crates/sparq-acbench
clear the needs:area park	Classify the needs:area backlog	2026-09-09T22:01:18.6459627Z        sparq-acbench: the acl_coverage GenParams knob is declared and validated but never read by any generator
clear the needs:area park	Classify the needs:area backlog	2026-09-09T22:01:18.6460187Z #4452  sparq-acbench                            T1 acbench: crates/sparq-acbench
clear the needs:area park	Classify the needs:area backlog	2026-09-09T22:01:18.6460867Z        sparq-acbench: ACP oracle over-approximates Scope::Subtree on the container itself, and Audience::Owner compares against the wrong IRI
clear the needs:area park	Classify the needs:area backlog	2026-09-09T22:01:18.6461744Z #4453  sparq-geo                                T2 bd-to-issues.derive_areas (title scope/crate token)
clear the needs:area park	Classify the needs:area backlog	2026-09-09T22:01:18.6462302Z        OGC requirements scoreboard: R17/R25-R27 rows still rest on namespace-constant probes
clear the needs:area park	Classify the needs:area backlog	2026-09-09T22:01:18.6462859Z #4455  sparq-core                               T2 bd-to-issues.derive_areas (title scope/crate token)
clear the needs:area park	Classify the needs:area backlog	2026-09-09T22:01:18.6463439Z        perf(ingest): run the CANONICAL multi-core A/B for the derived permutation build (sq-dzfzq gate)
clear the needs:area park	Classify the needs:area backlog	2026-09-09T22:01:18.6463955Z #4459  docs                                     T1 docs: documentation-only change
clear the needs:area park	Classify the needs:area backlog	2026-09-09T22:01:18.6464430Z        docs: `build_raw_perms` still cites the RETIRED `feature_off_exact` wasm byte pin
clear the needs:area park	Classify the needs:area backlog	2026-09-09T22:01:18.6464936Z #4461  site-papers                              T1 site-papers: paper-factory artifact
clear the needs:area park	Classify the needs:area backlog	2026-09-09T22:01:18.6465555Z        sparq-policy docs: "implements prohibit unconditionally" contradicts the sq-ihqbl conflict_admissibility guard
clear the needs:area park	Classify the needs:area backlog	2026-09-09T22:01:18.6466210Z #4463  sparq-zk-compose                         T1 zk-compose: zk-compose circuit/verifier surface
clear the needs:area park	Classify the needs:area backlog	2026-09-09T22:01:18.6466952Z        unsafe-register.md: file:line columns are stale in 5 of 9 crate sections (sparq-core, sparq-cli, sparq-zk-compose, sparq-bench, sparq-engine)
clear the needs:area park	Classify the needs:area backlog	2026-09-09T22:01:18.6467635Z #4464  ci                                       T1 ci: CI / orchestration infrastructure
clear the needs:area park	Classify the needs:area backlog	2026-09-09T22:01:18.6468230Z        unsafe-gate.py: add a --verify-register mode so register/snapshot drift is caught mechanically, not by chore beads
clear the needs:area park	Classify the needs:area backlog	2026-09-09T22:01:18.6468851Z #4465  sparq-kb                                 T0 author-declared crate_or_surface/crates field
clear the needs:area park	Classify the needs:area backlog	2026-09-09T22:01:18.6469435Z        ci-select: sparq-kb ingest test scripts under scripts/tests/ force mode=full, running the whole matrix
clear the needs:area park	Classify the needs:area backlog	2026-09-09T22:01:18.6470055Z #4466  sparq-vectors                            T2 bd-to-issues.derive_areas (title scope/crate token)
clear the needs:area park	Classify the needs:area backlog	2026-09-09T22:01:18.6470660Z        hygiene: four scratch files tracked in the repository root violate the CLAUDE.md no-scratch-doc rule
clear the needs:area park	Classify the needs:area backlog	2026-09-09T22:01:18.6471260Z #4467  sparq-engine                             T2 bd-to-issues.derive_areas (title scope/crate token)
clear the needs:area park	Classify the needs:area backlog	2026-09-09T22:01:18.6472043Z        exec.rs: three scoped-registry Guards clear instead of restoring, so nested installs lose the outer registry
clear the needs:area park	Classify the needs:area backlog	2026-09-09T22:01:18.6472634Z #4468  sparq-acbench                            T1 acbench: crates/sparq-acbench
clear the needs:area park	Classify the needs:area backlog	2026-09-09T22:01:18.6473859Z        acbench: make WAC expressibility a single explicitly-exhaustive classification so compiler/oracle cannot drift
clear the needs:area park	Classify the needs:area backlog	2026-09-09T22:01:18.6474510Z #4470  sparq-canon                              T2 bd-to-issues.derive_areas (title scope/crate token)
clear the needs:area park	Classify the needs:area backlog	2026-09-09T22:01:18.6475088Z        Upstream ask: rdf-canon on oxrdf 0.3 (would collapse the oxrdf x2 / oxttl x2 duplicate pair)
clear the needs:area park	Classify the needs:area backlog	2026-09-09T22:01:18.6475572Z #4473  js                                       T1 js: the js/ RDF-JS client
clear the needs:area park	Classify the needs:area backlog	2026-09-09T22:01:18.6476210Z        upstream (jeswr/rdf-shuttle): compile `emit @graph` — quad-shaped artifacts driven by the `emits` header
clear the needs:area park	Classify the needs:area backlog	2026-09-09T22:01:18.6476818Z #4474  sparq-shaclc                             T2 bd-to-issues.derive_areas (title scope/crate token)
clear the needs:area park	Classify the needs:area backlog	2026-09-09T22:01:18.6477587Z        bump the rdf-shuttle provenance pin in sparq-shaclc (verified zero-diff artifact regeneration)
clear the needs:area park	Classify the needs:area backlog	2026-09-09T22:01:18.6478273Z #4476  sparq-vectors                            T2 bd-to-issues.derive_areas (title scope/crate token)
clear the needs:area park	Classify the needs:area backlog	2026-09-09T22:01:18.6478815Z        bench(vectors): commit the .fvecs -> raw-f32 converter both SIFT harnesses assume
clear the needs:area park	Classify the needs:area backlog	2026-09-09T22:01:18.6479277Z #4477  ci                                       T1 ci: CI / orchestration infrastructure
clear the needs:area park	Classify the needs:area backlog	2026-09-09T22:01:18.6479838Z        sparq-core store.rs doc comment still points at the RETIRED bench/perf-baseline.json `feature_off_exact` pin
clear the needs:area park	Classify the needs:area backlog	2026-09-09T22:01:18.6480465Z #4479  sparq-server                             T2 bd-to-issues.derive_areas (title scope/crate token)
clear the needs:area park	Classify the needs:area backlog	2026-09-09T22:01:18.6481337Z        Published crates.io builds ship the UNPATCHED spargebra 0.4.6 — parser recursion-depth DoS cap (§8) is absent, and the CHANGELOG caveat calls it confo
clear the needs:area park	Classify the needs:area backlog	2026-09-09T22:01:18.6482426Z #4482  sparq-policy                             T1 odrl: ODRL evaluation lives in crates/sparq-policy
clear the needs:area park	Classify the needs:area backlog	2026-09-09T22:01:18.6482958Z        compile_odrl emits odrl:target on the Policy node, not on its Rules
clear the needs:area park	Classify the needs:area backlog	2026-09-09T22:01:18.6483464Z #4483  sparq-policy                             T1 odrl: ODRL evaluation lives in crates/sparq-policy
clear the needs:area park	Classify the needs:area backlog	2026-09-09T22:01:18.6484027Z        compile_odrl emits several odrl:action triples on one rule; consumers keep only the first
clear the needs:area park	Classify the needs:area backlog	2026-09-09T22:01:18.6484586Z #4484  sparq-policy                             T1 odrl: ODRL evaluation lives in crates/sparq-policy
clear the needs:area park	Classify the needs:area backlog	2026-09-09T22:01:18.6485223Z        compile_odrl uses sparq-vendor action IRIs (acl#Read/Write/Control) that no conformant ODRL processor maps
clear the needs:area park	Classify the needs:area backlog	2026-09-09T22:01:18.6485809Z #4486  sparq-acbench                            T1 acbench: crates/sparq-acbench
clear the needs:area park	Classify the needs:area backlog	2026-09-09T22:01:18.6486404Z        ODRL live lane cannot check condition-carrying intents: the acbench Request IR carries no purpose/time/count
clear the needs:area park	Classify the needs:area backlog	2026-09-09T22:01:18.6486994Z #4487  ci                                       T1 ci: CI / orchestration infrastructure
clear the needs:area park	Classify the needs:area backlog	2026-09-09T22:01:18.6487762Z        container-scan: `trivy` reds on any container-relevant PR — stale SHA-pinned distroless base needs a digest bump (CIS Docker §4.4)
clear the needs:area park	Classify the needs:area backlog	2026-09-09T22:01:18.6488466Z #4502  sparq-zk                                 T2 bd-to-issues.derive_areas (title scope/crate token)
clear the needs:area park	Classify the needs:area backlog	2026-09-09T22:01:18.6489077Z        zk: graph commitment is unblinded — guessed graph contents are confirmable from C(G)
clear the needs:area park	Classify the needs:area backlog	2026-09-09T22:01:18.6489628Z #4503  sparq-zk-compose                         T1 zk-compose: zk-compose circuit/verifier surface
clear the needs:area park	Classify the needs:area backlog	2026-09-09T22:01:18.6490172Z        doc-sync: CR-G6 residual rows still describe sq-93h as an open salt-disclosure gap
clear the needs:area park	Classify the needs:area backlog	2026-09-09T22:01:18.6490716Z #4505  sparq-vectors                            T2 bd-to-issues.derive_areas (title scope/crate token)
clear the needs:area park	Classify the needs:area backlog	2026-09-09T22:01:18.6491478Z        sparq-vectors: instant-distance HNSW build is not reproducible at a fixed seed — audit the docs/tests that assume it is
clear the needs:area park	Classify the needs:area backlog	2026-09-09T22:01:18.6492298Z #4506  sparq-vectors                            T2 bd-to-issues.derive_areas (title scope/crate token)
clear the needs:area park	Classify the needs:area backlog	2026-09-09T22:01:18.6493026Z        sparq-vectors: HNSW secondary-map ef cache is unbounded — a wide ef sweep retains one full graph per level
clear the needs:area park	Classify the needs:area backlog	2026-09-09T22:01:18.6493652Z #4507  sparq-zk-compose                         T1 zk-compose: zk-compose circuit/verifier surface
clear the needs:area park	Classify the needs:area backlog	2026-09-09T22:01:18.6494196Z        Cross-issuance per-graph salt uniqueness (audit #9) is an unenforced assumption
clear the needs:area park	Classify the needs:area backlog	2026-09-09T22:01:18.6494671Z #4511  ci                                       T1 ci: CI / orchestration infrastructure
clear the needs:area park	Classify the needs:area backlog	2026-09-09T22:01:18.6495249Z        Post-migration URL drift: jeswr/sparq still hard-coded in issue templates, Homebrew formula, and docs/release.md
clear the needs:area park	Classify the needs:area backlog	2026-09-09T22:01:18.6495908Z #4520  site-specs                               T1 site-specs: authors/edits a Typst UPD under site/specs
clear the needs:area park	Classify the needs:area backlog	2026-09-09T22:01:18.6496468Z        spec: amend the SPARQL Vector+GenAI draft with vec:hybrid, then de-provisionalise it
clear the needs:area park	Classify the needs:area backlog	2026-09-09T22:01:18.6497231Z #4521  sparq-vectors                            T1 vectors-spqv: the .spqv / fusion surface in crates/sparq-vectors
clear the needs:area park	Classify the needs:area backlog	2026-09-09T22:01:18.6498020Z        bench: run the vec:hybrid dense/sparse/structural/fused/reranked ablation on a pinned retrieval corpus
clear the needs:area park	Classify the needs:area backlog	2026-09-09T22:01:18.6498641Z #4522  sparq-vectors                            T2 bd-to-issues.derive_areas (title scope/crate token)
clear the needs:area park	Classify the needs:area backlog	2026-09-09T22:01:18.6499222Z        sparq-vectors: ship a concrete out-of-process Reranker transport behind an opt-in feature
clear the needs:area park	Classify the needs:area backlog	2026-09-09T22:01:18.6499794Z #4525  sparq-zk-compose                         T1 zk-compose: zk-compose circuit/verifier surface
clear the needs:area park	Classify the needs:area backlog	2026-09-09T22:01:18.6500374Z        research/ design records carry ~976 stale-prone `file.rs:LINE` citations with no drift check
clear the needs:area park	Classify the needs:area backlog	2026-09-09T22:01:18.6500998Z #4526  sparq-vectors                            T1 vectors-spqv: the .spqv / fusion surface in crates/sparq-vectors
clear the needs:area park	Classify the needs:area backlog	2026-09-09T22:01:18.6501691Z        vec:hybrid arm paging: no cursor, and a residual inline-id ceiling
clear the needs:area park	Classify the needs:area backlog	2026-09-09T22:01:18.6502140Z #4529  ci                                       T1 ci: CI / orchestration infrastructure
clear the needs:area park	Classify the needs:area backlog	2026-09-09T22:01:18.6502759Z        ci(vectorized-feature-off): leg 2 resolves the base tree from the stale payload `base.sha`, not the merge ref's first parent
clear the needs:area park	Classify the needs:area backlog	2026-09-09T22:01:18.6503393Z #4531  zk-xpath                                 T1 zk-xpath: zk/xpath (noir_XPath) sources
clear the needs:area park	Classify the needs:area backlog	2026-09-09T22:01:18.6503903Z        No CI lane runs `nargo test`, so every compose_core Noir accept/forge suite is unexecuted
clear the needs:area park	Classify the needs:area backlog	2026-09-09T22:01:18.6504445Z #4532  sparq-zk-compose                         T1 zk-compose: zk-compose circuit/verifier surface
clear the needs:area park	Classify the needs:area backlog	2026-09-09T22:01:18.6504958Z        sq-rsd3v.3 follow-up: off-circuit ProofStep -> n3 slot witness mapper
clear the needs:area park	Classify the needs:area backlog	2026-09-09T22:01:18.6505459Z #4533  sparq-zk-compose                         T1 zk-compose: zk-compose circuit/verifier surface
clear the needs:area park	Classify the needs:area backlog	2026-09-09T22:01:18.6506058Z        sq-rsd3v.3 follow-up: compiled n3_k{K}_n{N}_r{R}_m{M} member, bb gates baseline, verify_manifest dispatch
clear the needs:area park	Classify the needs:area backlog	2026-09-09T22:01:18.6506625Z #4536  upstream                                 T1 noir-upstream: PR against noir-lang/noir
clear the needs:area park	Classify the needs:area backlog	2026-09-09T22:01:18.6507363Z        noir upstream: bound_constraint_with_offset misses its power-of-two fast path at rhs = 2^128 (extra 128-bit range check per u128 comparison / 128-bit 
clear the needs:area park	Classify the needs:area backlog	2026-09-09T22:01:18.6508135Z #4538  sparq-vectors                            T2 bd-to-issues.derive_areas (title scope/crate token)
clear the needs:area park	Classify the needs:area backlog	2026-09-09T22:01:18.6508883Z        sparq-vectors: re-measure the sq-w2af4 confidence-weighted POOLING axis on a REAL provenance-bearing KG before adopt/abandon is final
clear the needs:area park	Classify the needs:area backlog	2026-09-09T22:01:18.6509553Z #4545  ci                                       T1 ci: CI / orchestration infrastructure
clear the needs:area park	Classify the needs:area backlog	2026-09-09T22:01:18.6510025Z        ci: coverage-engine-run swallows the W3C fixture fetch it exists to guarantee
clear the needs:area park	Classify the needs:area backlog	2026-09-09T22:01:18.6510541Z #4546  ci                                       T2 bd-to-issues.derive_areas (title scope/crate token)
clear the needs:area park	Classify the needs:area backlog	2026-09-09T22:01:18.6511045Z        ci: two scripts/tests suites are never executed by CI (orphaned assertions)
clear the needs:area park	Classify the needs:area backlog	2026-09-09T22:01:18.6511501Z #4549  ci                                       T1 ci: CI / orchestration infrastructure
clear the needs:area park	Classify the needs:area backlog	2026-09-09T22:01:18.6512297Z        shellcheck: the canonical-*-bench.sh launchers are not covered by any docs-quality shellcheck step (12+ pre-existing SC2086/SC2015 findings)
clear the needs:area park	Classify the needs:area backlog	2026-09-09T22:01:18.6512973Z #4550  deps                                     T1 deps: dependency management
clear the needs:area park	Classify the needs:area backlog	2026-09-09T22:01:18.6513586Z        supply-chain gate: the two npx cyclonedx-npm fetches in gen-js-sbom.sh are the only unretried network ops in a GATING lane
clear the needs:area park	Classify the needs:area backlog	2026-09-09T22:01:18.6514192Z #4551  ci                                       T1 ci: CI / orchestration infrastructure
clear the needs:area park	Classify the needs:area backlog	2026-09-09T22:01:18.6514776Z        ci(supply-chain): wrap the js-sbom npx registry fetch in the same bounded retry the cargo legs got (sq-hxn7 parity)
clear the needs:area park	Classify the needs:area backlog	2026-09-09T22:01:18.6515421Z #4552  sparq-vectors                            T2 bd-to-issues.derive_areas (title scope/crate token)
clear the needs:area park	Classify the needs:area backlog	2026-09-09T22:01:18.6516258Z        sparq-vectors eval: provenance-vocabulary edges are prediction targets in the provenance slice
clear the needs:area park	Classify the needs:area backlog	2026-09-09T22:01:18.6516855Z #4553  sparq-vectors                            T2 bd-to-issues.derive_areas (title scope/crate token)
clear the needs:area park	Classify the needs:area backlog	2026-09-09T22:01:18.6517462Z        sparq-vectors eval: reifier edges survive restrict_to_train even when the quoted triple is held out
clear the needs:area park	Classify the needs:area backlog	2026-09-09T22:01:18.6518030Z #4557  upstream                                 T1 noir-upstream: PR against noir-lang/noir
clear the needs:area park	Classify the needs:area backlog	2026-09-09T22:01:18.6518637Z        noir upstream: check whether checked_to_unchecked's required_bit_size under-reports an ACIR `unchecked_add u1`
clear the needs:area park	Classify the needs:area backlog	2026-09-09T22:01:18.6519212Z #4560  ci                                       T1 ci: CI / orchestration infrastructure
clear the needs:area park	Classify the needs:area backlog	2026-09-09T22:01:18.6519922Z        118 of 143 workflow runs on a main head SHA are not testing the commit — and every undeclared one GATES (generalizes #4558)
clear the needs:area park	Classify the needs:area backlog	2026-09-09T22:01:18.6520572Z #4563  sparq-hdt                                T2 bd-to-issues.derive_areas (title scope/crate token)
clear the needs:area park	Classify the needs:area backlog	2026-09-09T22:01:18.6521112Z        upstream (KonradHoeffner/hdt): compute section CRC32-C with slice-by-16 tables
clear the needs:area park	Classify the needs:area backlog	2026-09-09T22:01:18.6521761Z #4576  sparq-reason                             T2 bd-to-issues.derive_areas (title scope/crate token)
clear the needs:area park	Classify the needs:area backlog	2026-09-09T22:01:18.6522290Z        sq-6tykl.6 residual: RDFS/OWL TBox mutations still force a full rematerialize
clear the needs:area park	Classify the needs:area backlog	2026-09-09T22:01:18.6522846Z #4577  sparq-reason-dl                          T1 reason-dl: the DL (ALCH tableau / profile-dispatch) lane
clear the needs:area park	Classify the needs:area backlog	2026-09-09T22:01:18.6523572Z        Extend the tableau differential oracle to cover the `dl_transitive` ∀₊-rule
clear the needs:area park	Classify the needs:area backlog	2026-09-09T22:01:18.6524124Z #4579  sparq-wrapper-shacl                      T2 bd-to-issues.derive_areas (title scope/crate token)
clear the needs:area park	Classify the needs:area backlog	2026-09-09T22:01:18.6524770Z        sparq-wrapper-shacl: generated nested loaders recurse without a depth guard on cyclic data
clear the needs:area park	Classify the needs:area backlog	2026-09-09T22:01:18.6525368Z #4580  sparq-wrapper-shacl                      T2 bd-to-issues.derive_areas (title scope/crate token)
clear the needs:area park	Classify the needs:area backlog	2026-09-09T22:01:18.6525906Z        sparq-wrapper-shacl: model sh:or / sh:xone as generated Rust enums
clear the needs:area park	Classify the needs:area backlog	2026-09-09T22:01:18.6526410Z #4584  sparq-substrate                          T2 bd-to-issues.derive_areas (title scope/crate token)
clear the needs:area park	Classify the needs:area backlog	2026-09-09T22:01:18.6527132Z        Kani: the merge-join equivalence suite never returns a verdict — CBMC's SmallVec clone/push model is the wall
clear the needs:area park	Classify the needs:area backlog	2026-09-09T22:01:18.6527709Z #4585  ci                                       T1 ci: CI / orchestration infrastructure
clear the needs:area park	Classify the needs:area backlog	2026-09-09T22:01:18.6528318Z        AGENTS.md "No hard-coded performance numbers" prose omits the research/ + bench/ carve-out the enforcing gate implements
clear the needs:area park	Classify the needs:area backlog	2026-09-09T22:01:18.6529011Z #4587  sparq-wrapper-shacl                      T2 bd-to-issues.derive_areas (title scope/crate token)
clear the needs:area park	Classify the needs:area backlog	2026-09-09T22:01:18.6529606Z        sparq-wrapper-shacl: generated check_double rejects the valid xsd:double literal "+INF"
clear the needs:area park	Classify the needs:area backlog	2026-09-09T22:01:18.6530183Z #4588  sparq-reason-dl                          T2 bd-to-issues.derive_areas (title scope/crate token)
clear the needs:area park	Classify the needs:area backlog	2026-09-09T22:01:18.6530730Z        sparq-reason-dl: narrow the PR1 punning guard to OWL 2's actual punning rules
clear the needs:area park	Classify the needs:area backlog	2026-09-09T22:01:18.6531403Z #4589  sparq-reason-dl,sparq-conformance        T1 reason-dl-floor: the DL lane plus the conformance floor constants it ratchets
clear the needs:area park	Classify the needs:area backlog	2026-09-09T22:01:18.6532370Z        sparq-reason-dl: L1 drops the fixed interpretation of more OWL built-in vocabulary than the two object properties now refused
clear the needs:area park	Classify the needs:area backlog	2026-09-09T22:01:18.6532999Z #4594  ci                                       T1 ci: CI / orchestration infrastructure
clear the needs:area park	Classify the needs:area backlog	2026-09-09T22:01:18.6533624Z        CI never runs the feature-gated `wasm-pack test --node` modules (forms/serialize-rdf/scs/canon/explain-json/bytes-ingest)
clear the needs:area park	Classify the needs:area backlog	2026-09-09T22:01:18.6534324Z #4595  sparq-wrapper-shacl                      T2 bd-to-issues.derive_areas (title scope/crate token)
clear the needs:area park	Classify the needs:area backlog	2026-09-09T22:01:18.6534905Z        sparq-wrapper-shacl: generated Integer/Decimal have no value ordering or arithmetic
clear the needs:area park	Classify the needs:area backlog	2026-09-09T22:01:18.6535746Z #4596  sparq-wrapper-shacl                      T2 bd-to-issues.derive_areas (title scope/crate token)
clear the needs:area park	Classify the needs:area backlog	2026-09-09T22:01:18.6536363Z        sparq-wrapper-shacl: no shared ValueSource::is_instance_of adapter over a sparq-core graph
clear the needs:area park	Classify the needs:area backlog	2026-09-09T22:01:18.6536942Z #4598  sparq-solid                              T2 bd-to-issues.derive_areas (title scope/crate token)
clear the needs:area park	Classify the needs:area backlog	2026-09-09T22:01:18.6537541Z        doc drift: odrl_bridge N3 path comment says "four stratified reason_n3 calls" but it runs five (A0-D)
clear the needs:area park	Classify the needs:area backlog	2026-09-09T22:01:18.6538123Z #4600  sparq-reason-diff                        T1 reason-diff: crates/sparq-reason-diff
clear the needs:area park	Classify the needs:area backlog	2026-09-09T22:01:18.6538828Z        reason-diff-rl: the W3C-vocab-subject drop still masks ORACLE-side entailments about user terms (owl:Nothing rdfs:subClassOf ex:*)
clear the needs:area park	Classify the needs:area backlog	2026-09-09T22:01:18.6539535Z #4602  sparq-gpu                                T2 bd-to-issues.derive_areas (title scope/crate token)
clear the needs:area park	Classify the needs:area backlog	2026-09-09T22:01:18.6540141Z        sparq-gpu: the "wgpu never enters the wasm build" invariant is asserted in 3 docs but enforced by no gate
clear the needs:area park	Classify the needs:area backlog	2026-09-09T22:01:18.6540765Z #4603  sparq-gpu                                T2 bd-to-issues.derive_areas (title scope/crate token)
clear the needs:area park	Classify the needs:area backlog	2026-09-09T22:01:18.6541660Z        sparq-gpu: GPU silently undercounts on out-of-range GROUP BY keys where the CPU oracle panics, and an unbounded probe loop can wedge the device
clear the needs:area park	Classify the needs:area backlog	2026-09-09T22:01:18.6542568Z #4606  sparq-reason-dl,sparq-conformance        T1 reason-dl-floor: the DL lane plus the conformance floor constants it ratchets
clear the needs:area park	Classify the needs:area backlog	2026-09-09T22:01:18.6543426Z        DL L5: the 7 budget-abstained entailment rows need a narrower RL divergence guard (or a re-pinned budget), not more refutation routing
clear the needs:area park	Classify the needs:area backlog	2026-09-09T22:01:18.6544147Z #4609  sparq-reason-el                          T2 bd-to-issues.derive_areas (title scope/crate token)
clear the needs:area park	Classify the needs:area backlog	2026-09-09T22:01:18.6545063Z        sparq-reason-el: silent incompleteness — an EL entailment through a NAMED/anonymous intersection filler is neither derived nor counted in skipped_axio
clear the needs:area park	Classify the needs:area backlog	2026-09-09T22:01:18.6545868Z #4611  sparq-jsonld                             T2 bd-to-issues.derive_areas (title scope/crate token)
clear the needs:area park	Classify the needs:area backlog	2026-09-09T22:01:18.6546411Z        jsonld: raise `IRI confused with prefix` from IRI Compaction (W3C compact/#te002)
clear the needs:area park	Classify the needs:area backlog	2026-09-09T22:01:18.6546951Z #4612  sparq-jsonld                             T2 bd-to-issues.derive_areas (title scope/crate token)
clear the needs:area park	Classify the needs:area backlog	2026-09-09T22:01:18.6547510Z        jsonld: decide whether to model the RETIRED JSON-LD 1.0 error codes (5 suite negatives)
clear the needs:area park	Classify the needs:area backlog	2026-09-09T22:01:18.6548058Z #4613  sparq-jsonld                             T2 bd-to-issues.derive_areas (title scope/crate token)
clear the needs:area park	Classify the needs:area backlog	2026-09-09T22:01:18.6548558Z        jsonld: the `flatten` lane still SKIPs its 1 NegativeEvaluationTest
clear the needs:area park	Classify the needs:area backlog	2026-09-09T22:01:18.6549059Z #4618  sparq-jsonld                             T2 bd-to-issues.derive_areas (title scope/crate token)
clear the needs:area park	Classify the needs:area backlog	2026-09-09T22:01:18.6549677Z        sparq-jsonld: is_absolute_iri validates the RFC 3987 code-point grammar but not the structural grammar
clear the needs:area park	Classify the needs:area backlog	2026-09-09T22:01:18.6550268Z #4622  gui                                      T2 bd-to-issues.derive_areas (title scope/crate token)
clear the needs:area park	Classify the needs:area backlog	2026-09-09T22:01:18.6550749Z        GUI web e2e: restore an end-to-end 'absent wasm forms bridge' journey
clear the needs:area park	Classify the needs:area backlog	2026-09-09T22:01:18.6551217Z #4623  gui                                      T2 bd-to-issues.derive_areas (title scope/crate token)
clear the needs:area park	Classify the needs:area backlog	2026-09-09T22:01:18.6551835Z        GUI web e2e: cover the hosted-web declared-group + shape-switcher forms journey
clear the needs:area park	Classify the needs:area backlog	2026-09-09T22:01:18.6552375Z #4626  sparq-jsonld                             T2 bd-to-issues.derive_areas (title scope/crate token)
clear the needs:area park	Classify the needs:area backlog	2026-09-09T22:01:18.6553032Z        sparq-jsonld: is_absolute_iri tolerates the bracket gen-delims outside the authority to satisfy W3C compact/p004
clear the needs:area park	Classify the needs:area backlog	2026-09-09T22:01:18.6553707Z #4628  sparq-wrapper                            T2 bd-to-issues.derive_areas (title scope/crate token)
clear the needs:area park	Classify the needs:area backlog	2026-09-09T22:01:18.6554223Z        sparq-wrapper proposal status is duplicated in four unsynced places
clear the needs:area park	Classify the needs:area backlog	2026-09-09T22:01:18.6554836Z #4630  gui                                      T2 bd-to-issues.derive_areas (title scope/crate token)
clear the needs:area park	Classify the needs:area backlog	2026-09-09T22:01:18.6555568Z        gui: form-description.ts validator THROWS on the new ShapeVia values (target-subjects-of / target-objects-of)
clear the needs:area park	Classify the needs:area backlog	2026-09-09T22:01:18.6556205Z #4631  sparq-forms                              T2 bd-to-issues.derive_areas (title scope/crate token)
clear the needs:area park	Classify the needs:area backlog	2026-09-09T22:01:18.6556955Z        forms: sh:targetWhere + SPARQL-valued targets still do not drive applicable_shapes — needs a sparq-shacl public API
clear the needs:area park	Classify the needs:area backlog	2026-09-09T22:01:18.6557552Z #4633  ci                                       T1 ci: CI / orchestration infrastructure
clear the needs:area park	Classify the needs:area backlog	2026-09-09T22:01:18.6558174Z        research/solid-consumer-production-readiness-2026-07.md cites path:LINE anchors that are already stale on main
clear the needs:area park	Classify the needs:area backlog	2026-09-09T22:01:18.6558865Z #4637  sparq-trust                              T1 trust-graph: the solid trust-graph / admission surface
clear the needs:area park	Classify the needs:area backlog	2026-09-09T22:01:18.6559515Z        solid-authz-trust: server `predicate_shape` diverges from the normative `trust:forPredicate` desugaring
clear the needs:area park	Classify the needs:area backlog	2026-09-09T22:01:18.6560171Z #4638  sparq-trust                              T1 trust-graph: the solid trust-graph / admission surface
clear the needs:area park	Classify the needs:area backlog	2026-09-09T22:01:18.6560857Z        http-server SKILL.md references a section that does not exist ("Stateless trust-graph decision extension (sq-pfae.17)")
clear the needs:area park	Classify the needs:area backlog	2026-09-09T22:01:18.6561643Z #4640  sparq-wasm                               T2 bd-to-issues.derive_areas (title scope/crate token)
clear the needs:area park	Classify the needs:area backlog	2026-09-09T22:01:18.6562291Z        @jeswr/sparq: SparqStore has no store-backed validate twin for the new raw Store.validateStore (gh-2520)
clear the needs:area park	Classify the needs:area backlog	2026-09-09T22:01:18.6562922Z #4641  sparq-shacl                              T2 bd-to-issues.derive_areas (title scope/crate token)
clear the needs:area park	Classify the needs:area backlog	2026-09-09T22:01:18.6563693Z        sparq-shacl: validation report sourceShape blank-node labels are parse-unstable — no documented stable shape identity
clear the needs:area park	Classify the needs:area backlog	2026-09-09T22:01:18.6564312Z #4645  ci                                       T1 ci: CI / orchestration infrastructure
clear the needs:area park	Classify the needs:area backlog	2026-09-09T22:01:18.6564916Z        [cert][GX-11] No automated verification for dist.yml's sparq-dist.intoto.jsonl (run artifact, not a Release asset)
clear the needs:area park	Classify the needs:area backlog	2026-09-09T22:01:18.6565572Z #4647  sparq-wrapper                            T2 bd-to-issues.derive_areas (title scope/crate token)
clear the needs:area park	Classify the needs:area backlog	2026-09-09T22:01:18.6566126Z        sparq-wrapper codecs: no i128 decode path for the xsd:long/int/short integer family
clear the needs:area park	Classify the needs:area backlog	2026-09-09T22:01:18.6566608Z #4648  ci                                       T1 ci: CI / orchestration infrastructure
clear the needs:area park	Classify the needs:area backlog	2026-09-09T22:01:18.6567231Z        publish.yml's `release: published` trigger never fires for a release.yml-cut Release (same GITHUB_TOKEN limitation as #4644)
clear the needs:area park	Classify the needs:area backlog	2026-09-09T22:01:18.6567910Z #4650  sparq-terse                              T2 bd-to-issues.derive_areas (title scope/crate token)
clear the needs:area park	Classify the needs:area backlog	2026-09-09T22:01:18.6568514Z        sparq-terse: surface the Phase-4 did-you-mean hints in the /terse/transpile + CLI JSON error bodies
clear the needs:area park	Classify the needs:area backlog	2026-09-09T22:01:18.6569155Z #4651  sparq-conformance,sparq-core             T2 bd-to-issues.derive_areas (title scope/crate token)
clear the needs:area park	Classify the needs:area backlog	2026-09-09T22:01:18.6569799Z        XSD whiteSpace facet: sparq-conformance and sparq-core carry contradictory normative claims
clear the needs:area park	Classify the needs:area backlog	2026-09-09T22:01:18.6570318Z #4652  ci                                       T1 ci: CI / orchestration infrastructure
clear the needs:area park	Classify the needs:area backlog	2026-09-09T22:01:18.6570878Z        Merge throughput ceiling is merge-group CI wall-clock: ~3-6 PRs/hr in bursts vs 60/hr goal (NOT a stall)
clear the needs:area park	Classify the needs:area backlog	2026-09-09T22:01:18.6571494Z #4654  sparq-cli                                T2 bd-to-issues.derive_areas (title scope/crate token)
clear the needs:area park	Classify the needs:area backlog	2026-09-09T22:01:18.6572161Z        tabular import: GUI import wizard over the CLI/module (sq-u1z86 remainder, epic sq-ixc3)
clear the needs:area park	Classify the needs:area backlog	2026-09-09T22:01:18.6572709Z #4655  sparq-cli                                T2 bd-to-issues.derive_areas (title scope/crate token)
clear the needs:area park	Classify the needs:area backlog	2026-09-09T22:01:18.6573238Z        tabular import: streaming dataset ingest so rr:graphMap output need not buffer
clear the needs:area park	Classify the needs:area backlog	2026-09-09T22:01:18.6573771Z #4658  sparq-server                             T2 bd-to-issues.derive_areas (title scope/crate token)
clear the needs:area park	Classify the needs:area backlog	2026-09-09T22:01:18.6574667Z        sparq-server: opt-in wiring for the sparq-serve change-sink relay (config flag + pump thread + retention watermark)
clear the needs:area park	Classify the needs:area backlog	2026-09-09T22:01:18.6575303Z #4661  gui                                      T2 bd-to-issues.derive_areas (title scope/crate token)
clear the needs:area park	Classify the needs:area backlog	2026-09-09T22:01:18.6575812Z        gui/app: web RDF import does not reject off-list file types with a clear reason
clear the needs:area park	Classify the needs:area backlog	2026-09-09T22:01:18.6576331Z #4662  sparq-terse                              T2 bd-to-issues.derive_areas (title scope/crate token)
clear the needs:area park	Classify the needs:area backlog	2026-09-09T22:01:18.6576929Z        sparq-terse: the `K:` sigil scanner has the same ASCII-only name-boundary bug as `keyword_hints` did
clear the needs:area park	Classify the needs:area backlog	2026-09-09T22:01:18.6577529Z #4665  sparq-lws-wasm                           T2 bd-to-issues.derive_areas (title scope/crate token)
clear the needs:area park	Classify the needs:area backlog	2026-09-09T22:01:18.6578057Z        @jeswr/solid-server: persist the wasm pod snapshot to a --data-dir file
clear the needs:area park	Classify the needs:area backlog	2026-09-09T22:01:18.6578570Z #4666  sparq-lws-wasm                           T2 bd-to-issues.derive_areas (title scope/crate token)
clear the needs:area park	Classify the needs:area backlog	2026-09-09T22:01:18.6579086Z        Browser host example: keep the wasm Solid pod snapshot in IndexedDB
clear the needs:area park	Classify the needs:area backlog	2026-09-09T22:01:18.6579526Z #4668  ci                                       T1 ci: CI / orchestration infrastructure
clear the needs:area park	Classify the needs:area backlog	2026-09-09T22:01:18.6580083Z        [supply-chain] dispatch slsa-builder-pin-review once and record the first outcome in the review log
clear the needs:area park	Classify the needs:area backlog	2026-09-09T22:01:18.6580691Z #4669  sparq-serve                              T2 bd-to-issues.derive_areas (title scope/crate token)
clear the needs:area park	Classify the needs:area backlog	2026-09-09T22:01:18.6581217Z        change_stream segment creation has the same missing parent-directory fsync
clear the needs:area park	Classify the needs:area backlog	2026-09-09T22:01:18.6581782Z #4670  js                                       T1 js: the js/ RDF-JS client
clear the needs:area park	Classify the needs:area backlog	2026-09-09T22:01:18.6582467Z        gui.yml path filter omits crates/sparq-wasm/** — the check:wasm-types byte-identity gate cannot run on a binding change
clear the needs:area park	Classify the needs:area backlog	2026-09-09T22:01:18.6583133Z #4673  sparq-shaclc                             T2 bd-to-issues.derive_areas (title scope/crate token)
clear the needs:area park	Classify the needs:area backlog	2026-09-09T22:01:18.6583724Z        Stale module doc: crates/sparq-shaclc/src/raw.rs still says the artifacts are PARSE-ONLY
clear the needs:area park	Classify the needs:area backlog	2026-09-09T22:01:18.6584289Z #4675  sparq-fedplan                            T2 bd-to-issues.derive_areas (title scope/crate token)
clear the needs:area park	Classify the needs:area backlog	2026-09-09T22:01:18.6584870Z        sparq-fedplan: let a SourceDescriptor declare characteristic-set completeness explicitly
clear the needs:area park	Classify the needs:area backlog	2026-09-09T22:01:18.6585454Z #4676  sparq-fedplan-mpc                        T2 bd-to-issues.derive_areas (title scope/crate token)
clear the needs:area park	Classify the needs:area backlog	2026-09-09T22:01:18.6586180Z        research/mpc-untrusted-planner-routing-design.md §8 roadmap is stale — Phases 1–4 and 6 have landed
clear the needs:area park	Classify the needs:area backlog	2026-09-09T22:01:18.6586805Z #4679  sparq-wrapper                            T2 bd-to-issues.derive_areas (title scope/crate token)
clear the needs:area park	Classify the needs:area backlog	2026-09-09T22:01:18.6587442Z        wrapper: extend proposed_composition to cover the newer proposal features (json, graph-scope, async-store)
clear the needs:area park	Classify the needs:area backlog	2026-09-09T22:01:18.6588072Z #4680  sparq-wasm                               T2 bd-to-issues.derive_areas (title scope/crate token)
clear the needs:area park	Classify the needs:area backlog	2026-09-09T22:01:18.6588665Z        wasm: implement Store::validate_store (stateful SHACL) end-to-end, or drop the gh-2520 intent
clear the needs:area park	Classify the needs:area backlog	2026-09-09T22:01:18.6589252Z #4685  sparq-fedplan-mpc                        T2 bd-to-issues.derive_areas (title scope/crate token)
clear the needs:area park	Classify the needs:area backlog	2026-09-09T22:01:18.6589803Z        crates/sparq-fedplan-mpc/README.md exceeds the 120-line readme-template cap
clear the needs:area park	Classify the needs:area backlog	2026-09-09T22:01:18.6590335Z #4688  sparq-server                             T2 bd-to-issues.derive_areas (title scope/crate token)
clear the needs:area park	Classify the needs:area backlog	2026-09-09T22:01:18.6590926Z        [cert][GX-11 residual] automate slsa-verifier verify-image for the ghcr sparq-server attestation
clear the needs:area park	Classify the needs:area backlog	2026-09-09T22:01:18.6591453Z #4689  ci                                       T1 ci: CI / orchestration infrastructure
clear the needs:area park	Classify the needs:area backlog	2026-09-09T22:01:18.6592091Z        compliance/slsa/controls.md scope note contradicts SL-B2-d and SL-B2-e (pre-existing drift)
clear the needs:area park	Classify the needs:area backlog	2026-09-09T22:01:18.6592605Z #4690  ci                                       T1 ci: CI / orchestration infrastructure
clear the needs:area park	Classify the needs:area backlog	2026-09-09T22:01:18.6593477Z        preflight.py reports no-perf-numbers failures in research/, which CI's own invocation excludes
clear the needs:area park	Classify the needs:area backlog	2026-09-09T22:01:18.6593985Z #4692  js                                       T1 js: the js/ RDF-JS client
clear the needs:area park	Classify the needs:area backlog	2026-09-09T22:01:18.6594462Z        Site: wire the VC import surface to Store.loadJsonLdWithContexts (sq-yz27r follow-on)
clear the needs:area park	Classify the needs:area backlog	2026-09-09T22:01:18.6595012Z #4693  sparq-core                               T2 bd-to-issues.derive_areas (title scope/crate token)
clear the needs:area park	Classify the needs:area backlog	2026-09-09T22:01:18.6595597Z        sparq-core: expose a JSON-LD LoadDocumentCallback seam for the native/server/conformance paths
clear the needs:area park	Classify the needs:area backlog	2026-09-09T22:01:18.6596183Z #4694  sparq-wasm                               T2 bd-to-issues.derive_areas (title scope/crate token)
clear the needs:area park	Classify the needs:area backlog	2026-09-09T22:01:18.6596684Z        sparq-wasm: no dataset-preserving variant of loadJsonLdWithContexts
clear the needs:area park	Classify the needs:area backlog	2026-09-09T22:01:18.6597118Z #4695  ci                                       T1 ci: CI / orchestration infrastructure
clear the needs:area park	Classify the needs:area backlog	2026-09-09T22:01:18.6597709Z        gui.yml paths filter misses crates/sparq-wasm/** — wasm d.ts drift lands on main undetected
clear the needs:area park	Classify the needs:area backlog	2026-09-09T22:01:18.6598266Z #4696  sparq-gpu                                T2 bd-to-issues.derive_areas (title scope/crate token)
clear the needs:area park	Classify the needs:area backlog	2026-09-09T22:01:18.6598789Z        gpu-threat-model P1: add the wgpu family to the wasm-deps-guard FORBIDDEN set
clear the needs:area park	Classify the needs:area backlog	2026-09-09T22:01:18.6599310Z #4697  sparq-gpu                                T2 bd-to-issues.derive_areas (title scope/crate token)
clear the needs:area park	Classify the needs:area backlog	2026-09-09T22:01:18.6599900Z        gpu-threat-model P2: sparq-gpu boundary guard (dependents + native wgpu closure + publish=false)
clear the needs:area park	Classify the needs:area backlog	2026-09-09T22:01:18.6600484Z #4698  sparq-gpu                                T2 bd-to-issues.derive_areas (title scope/crate token)
clear the needs:area park	Classify the needs:area backlog	2026-09-09T22:01:18.6601090Z        gpu-threat-model P3: reject the malformed inputs sparq-gpu currently accepts, with differential tests
clear the needs:area park	Classify the needs:area backlog	2026-09-09T22:01:18.6601818Z #4699  sparq-gpu                                T2 bd-to-issues.derive_areas (title scope/crate token)
clear the needs:area park	Classify the needs:area backlog	2026-09-09T22:01:18.6602356Z        gpu-threat-model P4: bound the WGSL probe walk and the host poll in sparq-gpu
clear the needs:area park	Classify the needs:area backlog	2026-09-09T22:01:18.6602870Z #4700  sparq-gpu                                T2 bd-to-issues.derive_areas (title scope/crate token)
clear the needs:area park	Classify the needs:area backlog	2026-09-09T22:01:18.6603391Z        gpu-threat-model P5 (ON EXIT ONLY): write the full sparq-gpu runtime threat model
clear the needs:area park	Classify the needs:area backlog	2026-09-09T22:01:18.6603911Z #4701  sparq-gpu                                T2 bd-to-issues.derive_areas (title scope/crate token)
clear the needs:area park	Classify the needs:area backlog	2026-09-09T22:01:18.6604445Z        gpu-threat-model P6: record sparq-gpu's exclusion in SECURITY.md / ASSURANCE.md
clear the needs:area park	Classify the needs:area backlog	2026-09-09T22:01:18.6604915Z #4702  ci                                       T1 ci: CI / orchestration infrastructure
clear the needs:area park	Classify the needs:area backlog	2026-09-09T22:01:18.6605480Z        preflight.py misses the feature-test-execution (C1) gate, so a missing feature-matrix leg only reds on CI
clear the needs:area park	Classify the needs:area backlog	2026-09-09T22:01:18.6606104Z #4703  sparq-reason                             T2 bd-to-issues.derive_areas (title scope/crate token)
clear the needs:area park	Classify the needs:area backlog	2026-09-09T22:01:18.6606650Z        sparq-reason: make the base<->layer ownership hand-off EAGER instead of lazy
clear the needs:area park	Classify the needs:area backlog	2026-09-09T22:01:18.6607121Z #4704  ci                                       T1 ci: CI / orchestration infrastructure
clear the needs:area park	Classify the needs:area backlog	2026-09-09T22:01:18.6607668Z        vectorized-feature-off leg 2: recurring declaration churn from pure panic-Location line shifts
clear the needs:area park	Classify the needs:area backlog	2026-09-09T22:01:18.6608207Z #4706  ci                                       T1 ci: CI / orchestration infrastructure
clear the needs:area park	Classify the needs:area backlog	2026-09-09T22:01:18.6608604Z        File sq-vrye child beads for gpu-threat-model P1-P6
clear the needs:area park	Classify the needs:area backlog	2026-09-09T22:01:18.6608987Z #4708  ci                                       T1 ci: CI / orchestration infrastructure
clear the needs:area park	Classify the needs:area backlog	2026-09-09T22:01:18.6609537Z        sparq-cli: give the `el` feature a `cdomain` surface (CR7-CR9) so `classify` covers OWL 2 EL concrete domains
clear the needs:area park	Classify the needs:area backlog	2026-09-09T22:01:18.6610161Z #4710  sparq-zk-compose                         T1 zk-compose: zk-compose circuit/verifier surface
clear the needs:area park	Classify the needs:area backlog	2026-09-09T22:01:18.6610745Z        vectorized-feature-off leg 2 compares against pull_request.base.sha, not the merge base
clear the needs:area park	Classify the needs:area backlog	2026-09-09T22:01:18.6611703Z #4712  sparq-solid                              T2 bd-to-issues.derive_areas (title scope/crate token)
clear the needs:area park	Classify the needs:area backlog	2026-09-09T22:01:18.6612301Z        sparq-solid: expose a public auth: predicate -> Mode parser (Mode::from_pred is private)
clear the needs:area park	Classify the needs:area backlog	2026-09-09T22:01:18.6612878Z #4713  sparq-lws-core                           T2 bd-to-issues.derive_areas (title scope/crate token)
clear the needs:area park	Classify the needs:area backlog	2026-09-09T22:01:18.6613507Z        sparq-lws-core: a standalone `cargo test -p sparq-lws-core` now compiles the arkworks/sparq-zk stack
clear the needs:area park	Classify the needs:area backlog	2026-09-09T22:01:18.6614121Z #4715  sparq-server                             T2 bd-to-issues.derive_areas (title scope/crate token)
clear the needs:area park	Classify the needs:area backlog	2026-09-09T22:01:18.6614663Z        sparq-server: a cancelled query/update reports HTTP 500 "query execution error"
clear the needs:area park	Classify the needs:area backlog	2026-09-09T22:01:18.6615201Z #4716  sparq-server                             T2 bd-to-issues.derive_areas (title scope/crate token)
clear the needs:area park	Classify the needs:area backlog	2026-09-09T22:01:18.6615766Z        sparq-server: Graph-Store reads, /tpf and /facets are not in the running-query registry
clear the needs:area park	Classify the needs:area backlog	2026-09-09T22:01:18.6616343Z #4717  sparq-server                             T2 bd-to-issues.derive_areas (title scope/crate token)
clear the needs:area park	Classify the needs:area backlog	2026-09-09T22:01:18.6616905Z        sparq-server: ServerApplier registry wiring is opt-in and can be silently forgotten
clear the needs:area park	Classify the needs:area backlog	2026-09-09T22:01:18.6617480Z #4719  sparq-conformance                        T2 bd-to-issues.derive_areas (title scope/crate token)
clear the needs:area park	Classify the needs:area backlog	2026-09-09T22:01:18.6618229Z        sq-tonhr.12 follow-on: run the generated Shuttle corpus through the sq-tonhr.2 Rust differential lane (oxttl vs sparq native vs Oxigraph)
clear the needs:area park	Classify the needs:area backlog	2026-09-09T22:01:18.6618946Z #4720  sparq-core                               T2 bd-to-issues.derive_areas (title scope/crate token)
clear the needs:area park	Classify the needs:area backlog	2026-09-09T22:01:18.6619503Z        sparq native Turtle parser: `~ [ ]` (ANON reifier with internal whitespace) looks rejected
clear the needs:area park	Classify the needs:area backlog	2026-09-09T22:01:18.6620023Z #4721  upstream                                 T1 rdf-shuttle-upstream: jeswr/rdf-shuttle
clear the needs:area park	Classify the needs:area backlog	2026-09-09T22:01:18.6620710Z        Upstream rdf-shuttle: implement generate mode (`--emit tests`) — the interim harness is not a substitute
clear the needs:area park	Classify the needs:area backlog	2026-09-09T22:01:18.6621346Z #4723  sparq-fedplan-mpc                        T2 bd-to-issues.derive_areas (title scope/crate token)
clear the needs:area park	Classify the needs:area backlog	2026-09-09T22:01:18.6622026Z        sparq-fedplan-mpc README is 139 lines, over the gating readme-template 120-line cap
clear the needs:area park	Classify the needs:area backlog	2026-09-09T22:01:18.6622606Z #4725  sparq-reason-dl                          T1 reason-dl: the DL (ALCH tableau / profile-dispatch) lane
clear the needs:area park	Classify the needs:area backlog	2026-09-09T22:01:18.6623405Z        sparq-reason-dl: ALCH tableau thrashes — chronological backtracking exhausts the default budget on a 3-axiom ontology
clear the needs:area park	Classify the needs:area backlog	2026-09-09T22:01:18.6624101Z #4726  sparq-reason-dl                          T2 bd-to-issues.derive_areas (title scope/crate token)
clear the needs:area park	Classify the needs:area backlog	2026-09-09T22:01:18.6624741Z        sparq-reason-dl: audit the test suite for more assertions that compare a function against itself
clear the needs:area park	Classify the needs:area backlog	2026-09-09T22:01:18.6625334Z #4727  sparq-server                             T2 bd-to-issues.derive_areas (title scope/crate token)
clear the needs:area park	Classify the needs:area backlog	2026-09-09T22:01:18.6625936Z        Keyed (HMAC) query/update fingerprints so /queries and the audit trails resist offline guessing
clear the needs:area park	Classify the needs:area backlog	2026-09-09T22:01:18.6626524Z #4732  sparq-difftest                           T2 bd-to-issues.derive_areas (title scope/crate token)
clear the needs:area park	Classify the needs:area backlog	2026-09-09T22:01:18.6627141Z        diff-test iso: RDF-1.2 triple terms are refused, not canonicalised (rdf-canon speaks oxrdf 0.2)
clear the needs:area park	Classify the needs:area backlog	2026-09-09T22:01:18.6627713Z #4733  sparq-bench                              T2 bd-to-issues.derive_areas (title scope/crate token)
clear the needs:area park	Classify the needs:area backlog	2026-09-09T22:01:18.6628286Z        fuzz check_ordered compares blank-node LABELS, so a bnode answer would be a false MISMATCH
clear the needs:area park	Classify the needs:area backlog	2026-09-09T22:01:18.6628828Z #4735  sparq-reason                             T1 reason-topic: crates/sparq-reason
clear the needs:area park	Classify the needs:area backlog	2026-09-09T22:01:18.6629376Z        sq-6tykl.5 follow-up: expose the reasoning profiler on the CLI (`sparq-cli reason --profile`)
clear the needs:area park	Classify the needs:area backlog	2026-09-09T22:01:18.6629897Z #4737  ci                                       T1 ci: CI / orchestration infrastructure
clear the needs:area park	Classify the needs:area backlog	2026-09-09T22:01:18.6630605Z        sq-6tykl.5 follow-up: add a `sparq-reason (profile)` leg to the CI feature matrix
clear the needs:area park	Classify the needs:area backlog	2026-09-09T22:01:18.6631110Z #4741  upstream                                 T1 noir-upstream: PR against noir-lang/noir
clear the needs:area park	Classify the needs:area backlog	2026-09-09T22:01:18.6631756Z        noir upstream: four non-optimisation defects found during the sq-mtolx gap analysis
clear the needs:area park	Classify the needs:area backlog	2026-09-09T22:01:18.6632256Z #4742  ci                                       T1 ci: CI / orchestration infrastructure
clear the needs:area park	Classify the needs:area backlog	2026-09-09T22:01:18.6632716Z        preflight.py misses the gate-critical feature-matrix leg-name golden
clear the needs:area park	Classify the needs:area backlog	2026-09-09T22:01:18.6633196Z #4744  upstream                                 T1 noir-upstream: PR against noir-lang/noir
clear the needs:area park	Classify the needs:area backlog	2026-09-09T22:01:18.6633698Z        noir upstream: ACIR runaway-unroll hang for provably-terminating huge loops
clear the needs:area park	Classify the needs:area backlog	2026-09-09T22:01:18.6634190Z #4745  upstream                                 T1 noir-upstream: PR against noir-lang/noir
clear the needs:area park	Classify the needs:area backlog	2026-09-09T22:01:18.6634684Z        noir upstream: two ACIR bail-outs in unrolling.rs discard the source location
clear the needs:area park	Classify the needs:area backlog	2026-09-09T22:01:18.6635181Z #4746  upstream                                 T1 noir-upstream: PR against noir-lang/noir
clear the needs:area park	Classify the needs:area backlog	2026-09-09T22:01:18.6635675Z        noir upstream: stale mem2reg pass-ordering comment at ssa/opt/mod.rs:375-380
clear the needs:area park	Classify the needs:area backlog	2026-09-09T22:01:18.6636160Z #4747  upstream                                 T1 noir-upstream: PR against noir-lang/noir
clear the needs:area park	Classify the needs:area backlog	2026-09-09T22:01:18.6636623Z        noir upstream: CHANGELOG.md:67 over-claims what PR #11512 shipped
clear the needs:area park	Classify the needs:area backlog	2026-09-09T22:01:18.6637124Z #4748  sparq-engine                             T2 bd-to-issues.derive_areas (title scope/crate token)
clear the needs:area park	Classify the needs:area backlog	2026-09-09T22:01:18.6637666Z        engine: CONSTRUCT/DESCRIBE bypass the algebra-rewrite seam on every surface
clear the needs:area park	Classify the needs:area backlog	2026-09-09T22:01:18.6638131Z #4749  ci                                       T1 ci: CI / orchestration infrastructure
clear the needs:area park	Classify the needs:area backlog	2026-09-09T22:01:18.6638643Z        ci: no lane covers sparq-mcp's --no-default-features build now that `default` is non-empty
clear the needs:area park	Classify the needs:area backlog	2026-09-09T22:01:18.6639208Z #4750  sparq-mcp                                T2 bd-to-issues.derive_areas (title scope/crate token)
clear the needs:area park	Classify the needs:area backlog	2026-09-09T22:01:18.6639718Z        decide whether sparq-mcp should also ship `antijoin-static-decline`
clear the needs:area park	Classify the needs:area backlog	2026-09-09T22:01:18.6640226Z #4753  sparq-policy                             T1 odrl: ODRL evaluation lives in crates/sparq-policy
clear the needs:area park	Classify the needs:area backlog	2026-09-09T22:01:18.6640808Z        sq-snopa.8 follow-up: extend the ODRL lane to the stateful /authz source (currently refused)
clear the needs:area park	Classify the needs:area backlog	2026-09-09T22:01:18.6641396Z #4754  sparq-trust                              T1 trust-graph: the solid trust-graph / admission surface
clear the needs:area park	Classify the needs:area backlog	2026-09-09T22:01:18.6642107Z        sq-snopa.8 follow-up: compose the solid-authz-trust extension with the stateful /authz source
clear the needs:area park	Classify the needs:area backlog	2026-09-09T22:01:18.6642715Z #4755  sparq-server                             T1 solid-authz-server: the sparq-server http.rs authz path
clear the needs:area park	Classify the needs:area backlog	2026-09-09T22:01:18.6643320Z        sq-snopa.8 follow-up: resolve a request PATH to a named-graph IRI for the stateful /authz lane
clear the needs:area park	Classify the needs:area backlog	2026-09-09T22:01:18.6643924Z #4756  sparq-server                             T1 solid-authz-server: the sparq-server http.rs authz path
clear the needs:area park	Classify the needs:area backlog	2026-09-09T22:01:18.6644513Z        sq-snopa.8 follow-up: the stateful /authz view cache holds a single entry (WAC/ACP thrash)
clear the needs:area park	Classify the needs:area backlog	2026-09-09T22:01:18.6645076Z #4758  sparq-nlq                                T2 bd-to-issues.derive_areas (title scope/crate token)
clear the needs:area park	Classify the needs:area backlog	2026-09-09T22:01:18.6645752Z        sparq-nlq: expose a translate-only entry point (Nlq::translate) so sparq-mcp's nl_query need not re-implement the loop
clear the needs:area park	Classify the needs:area backlog	2026-09-09T22:01:18.6646387Z #4759  upstream                                 T1 noir-upstream: PR against noir-lang/noir
clear the needs:area park	Classify the needs:area backlog	2026-09-09T22:01:18.6647049Z        Noir upstream: ACIR runaway-unroll hang + two location-discarding bail-outs (unrolling.rs) [noir-acir-unroll-2026-07-28]
clear the needs:area park	Classify the needs:area backlog	2026-09-09T22:01:18.6647748Z #4761  sparq-reason-dl                          T2 bd-to-issues.derive_areas (title scope/crate token)
clear the needs:area park	Classify the needs:area backlog	2026-09-09T22:01:18.6648302Z        sparq-reason-dl: the PR1 punning boundary is non-uniform across the L4 dispatch
clear the needs:area park	Classify the needs:area backlog	2026-09-09T22:01:18.6649218Z #4762  sparq-reason-dl,sparq-conformance        T1 reason-dl-floor: the DL lane plus the conformance floor constants it ratchets
clear the needs:area park	Classify the needs:area backlog	2026-09-09T22:01:18.6649989Z        sparq-reason-dl: support owl:topObjectProperty / owl:bottomObjectProperty instead of refusing them
clear the needs:area park	Classify the needs:area backlog	2026-09-09T22:01:18.6650603Z #4764  sparq-engine                             T1 engine-topic: crates/sparq-engine planner/executor
clear the needs:area park	Classify the needs:area backlog	2026-09-09T22:01:18.6651289Z        sparq-difftest: no order-PRESERVING blank-node isomorphism comparator (ORDER BY + bnode is the residual sq-qcnn.5 gap)
clear the needs:area park	Classify the needs:area backlog	2026-09-09T22:01:18.6652099Z #4765  sparq-server                             T2 bd-to-issues.derive_areas (title scope/crate token)
clear the needs:area park	Classify the needs:area backlog	2026-09-09T22:01:18.6652668Z        solid_authz: `"view"` uses the same as_str() collapse that hid the non-string `"source"` bug
clear the needs:area park	Classify the needs:area backlog	2026-09-09T22:01:18.6653225Z #4766  sparq-mcp                                T2 bd-to-issues.derive_areas (title scope/crate token)
clear the needs:area park	Classify the needs:area backlog	2026-09-09T22:01:18.6653967Z        sparq-mcp nlq: run_nl_query hardcodes NlqConfig::default() and ignores check_dictionary, so ask/nl_query validation parity is unguarded
clear the needs:area park	Classify the needs:area backlog	2026-09-09T22:01:18.6654635Z #4767  ci                                       T1 ci: CI / orchestration infrastructure
clear the needs:area park	Classify the needs:area backlog	2026-09-09T22:01:18.6655288Z        38 draft PRs on review:parked: 22 were parked by a human-classified actor and NOTHING automatic can lift them (census + 5 recovered)
clear the needs:area park	Classify the needs:area backlog	2026-09-09T22:01:18.6655925Z #4769  ci                                       T1 ci: CI / orchestration infrastructure
clear the needs:area park	Classify the needs:area backlog	2026-09-09T22:01:18.6656543Z        Compliance docs cite a `supply-chain.yml#vex-deny-sync` JOB that no longer exists (it is a step in `supply-chain-gates`)
clear the needs:area park	Classify the needs:area backlog	2026-09-09T22:01:18.6657150Z #4770  ci                                       T1 ci: CI / orchestration infrastructure
clear the needs:area park	Classify the needs:area backlog	2026-09-09T22:01:18.6658004Z        `rust-supply-chain-attestation` SKILL.md still says `cargo deny check advisories` is `continue-on-error` (non-gating) — it has been GATING since sq-to
clear the needs:area park	Classify the needs:area backlog	2026-09-09T22:01:18.6658812Z #4771  sparq-reason-dl                          T2 bd-to-issues.derive_areas (title scope/crate token)
clear the needs:area park	Classify the needs:area backlog	2026-09-09T22:01:18.6659387Z        crates/sparq-reason-dl/README.md sits exactly at the 120-line readme-template cap
clear the needs:area park	Classify the needs:area backlog	2026-09-09T22:01:18.6659901Z #4772  site-papers                              T1 site-papers: paper-factory artifact
clear the needs:area park	Classify the needs:area backlog	2026-09-09T22:01:18.6660361Z        paper factory: make the timing boundary structural, not lexical
clear the needs:area park	Classify the needs:area backlog	2026-09-09T22:01:18.6660792Z #4774  ci                                       T1 ci: CI / orchestration infrastructure
clear the needs:area park	Classify the needs:area backlog	2026-09-09T22:01:18.6661279Z        Supply-chain skill still says the advisory check is non-gating (GX-1 section stale)
clear the needs:area park	Classify the needs:area backlog	2026-09-09T22:01:18.6661947Z #4775  sparq-engine                             T1 engine-topic: crates/sparq-engine planner/executor
clear the needs:area park	Classify the needs:area backlog	2026-09-09T22:01:18.6662746Z        sparq-difftest: ORDER BY tie detection covers only NUMERIC promotion — xsd:duration's partial order can still split a tie run
clear the needs:area park	Classify the needs:area backlog	2026-09-09T22:01:18.6663443Z #4776  sparq-engine                             T1 engine-topic: crates/sparq-engine planner/executor
clear the needs:area park	Classify the needs:area backlog	2026-09-09T22:01:18.6664171Z        sparq-difftest: implementation-defined ORDER BY extension order is a residual false-failure source in the cross-engine comparator
clear the needs:area park	Classify the needs:area backlog	2026-09-09T22:01:18.6664888Z #4777  sparq-policy                             T1 odrl: ODRL evaluation lives in crates/sparq-policy
clear the needs:area park	Classify the needs:area backlog	2026-09-09T22:01:18.6665387Z        ODRL bridge: two IRI-less policies still share one provenance anchor
clear the needs:area park	Classify the needs:area backlog	2026-09-09T22:01:18.6665806Z #4778  js                                       T1 js: the js/ RDF-JS client
clear the needs:area park	Classify the needs:area backlog	2026-09-09T22:01:18.6666406Z        gui lane is red on EVERY PR: tracked sparq_wasm.d.ts on main lacks `validateStore` (#4639 landed the binding without re-syncing)
clear the needs:area park	Classify the needs:area backlog	2026-09-09T22:01:18.6667013Z #4779  ci                                       T1 ci: CI / orchestration infrastructure
clear the needs:area park	Classify the needs:area backlog	2026-09-09T22:01:18.6667736Z        gui.yml path filter omits crates/sparq-wasm/** — wasm-binding drift lands on main undetected and surfaces on unrelated site PRs
clear the needs:area park	Classify the needs:area backlog	2026-09-09T22:01:18.6668695Z #4781  sparq-trust,sparq-server                 T2 bd-to-issues.derive_areas (title scope/crate token)
clear the needs:area park	Classify the needs:area backlog	2026-09-09T22:01:18.6669300Z        sparq-trust/sparq-server: expose the cert-graph closure depth_bound as configuration
clear the needs:area park	Classify the needs:area backlog	2026-09-09T22:01:18.6669874Z #4782  sparq-trust                              T1 trust-graph: the solid trust-graph / admission surface
clear the needs:area park	Classify the needs:area backlog	2026-09-09T22:01:18.6670432Z        sq-pfae.9 cost bound for the depth-N certification closure is not separately closed
clear the needs:area park	Classify the needs:area backlog	2026-09-09T22:01:18.6670982Z #4783  sparq-trust                              T2 bd-to-issues.derive_areas (title scope/crate token)
clear the needs:area park	Classify the needs:area backlog	2026-09-09T22:01:18.6671645Z        sparq-trust graph.rs: the cert-closure visited set is redundant with the cycle gate
clear the needs:area park	Classify the needs:area backlog	2026-09-09T22:01:18.6672198Z #4784  sparq-trust                              T2 bd-to-issues.derive_areas (title scope/crate token)
clear the needs:area park	Classify the needs:area backlog	2026-09-09T22:01:18.6672770Z        admission_cost evidence harness derives max_closure_depth_reached instead of measuring it
clear the needs:area park	Classify the needs:area backlog	2026-09-09T22:01:18.6673320Z #4786  upstream                                 T1 noir-upstream: PR against noir-lang/noir
clear the needs:area park	Classify the needs:area backlog	2026-09-09T22:01:18.6673998Z        noir upstream: checked_to_unchecked::required_bit_size understates ACIR unchecked arithmetic (prerequisite for #7161 / sq-jthy1)
clear the needs:area park	Classify the needs:area backlog	2026-09-09T22:01:18.6674661Z #4787  upstream                                 T1 noir-upstream: PR against noir-lang/noir
clear the needs:area park	Classify the needs:area backlog	2026-09-09T22:01:18.6675251Z        noir upstream: does a widening cast wash out the conservative unchecked-arithmetic bound? (needs repro)
clear the needs:area park	Classify the needs:area backlog	2026-09-09T22:01:18.6675864Z #4789  sparq-gpu                                T2 bd-to-issues.derive_areas (title scope/crate token)
clear the needs:area park	Classify the needs:area backlog	2026-09-09T22:01:18.6676399Z        sparq-gpu: Cargo.toml wgpu comment says 29 (and MSRV 1.83) but the dependency is 30
clear the needs:area park	Classify the needs:area backlog	2026-09-09T22:01:18.6676931Z #4790  sparq-gpu                                T2 bd-to-issues.derive_areas (title scope/crate token)
clear the needs:area park	Classify the needs:area backlog	2026-09-09T22:01:18.6677628Z        sparq-gpu kernels are unverified by the per-commit gates (tests skip-pass without a GPU, coverage floor 0, excluded from mutants)
clear the needs:area park	Classify the needs:area backlog	2026-09-09T22:01:18.6678338Z #4791  sparq-trust                              T2 bd-to-issues.derive_areas (title scope/crate token)
clear the needs:area park	Classify the needs:area backlog	2026-09-09T22:01:18.6678991Z        sparq-trust closure: the `seen` set is keyed on (certifier, certified_issuer) and is NOT purely redundant with GATE 1
clear the needs:area park	Classify the needs:area backlog	2026-09-09T22:01:18.6679587Z #4792  ci                                       T1 ci: CI / orchestration infrastructure
clear the needs:area park	Classify the needs:area backlog	2026-09-09T22:01:18.6680073Z        rust-supply-chain-attestation SKILL cites CI job names that no longer exist
clear the needs:area park	Classify the needs:area backlog	2026-09-09T22:01:18.6680536Z #4793  js                                       T1 js: the js/ RDF-JS client
clear the needs:area park	Classify the needs:area backlog	2026-09-09T22:01:18.6681210Z        CI: tracked @sparq/client wasm d.ts is stale on main — missing `validateStore` reds `site build + typecheck` on every PR
clear the needs:area park	Classify the needs:area backlog	2026-09-09T22:01:18.6681973Z #4794  bench                                    T2 bd-to-issues.derive_areas (title scope/crate token)
clear the needs:area park	Classify the needs:area backlog	2026-09-09T22:01:18.6682564Z        bench/trust-admission README: `visited_set_size` no longer tracks the closure's visited-set key
clear the needs:area park	Classify the needs:area backlog	2026-09-09T22:01:18.6683099Z #4797  ci                                       T1 ci: CI / orchestration infrastructure
clear the needs:area park	Classify the needs:area backlog	2026-09-09T22:01:18.6683757Z        feature-matrix upload-artifact has no retry, so one ECONNRESET reds the required gate on a fully-green tree (all 8 g19 legs passed)
clear the needs:area park	Classify the needs:area backlog	2026-09-09T22:01:18.6684493Z #4800  sparq-wrapper-shacl                      T2 bd-to-issues.derive_areas (title scope/crate token)
clear the needs:area park	Classify the needs:area backlog	2026-09-09T22:01:18.6685100Z        sparq-wrapper-shacl: adapter from a sparq-core Graph to the generated loader's Triple slice
clear the needs:area park	Classify the needs:area backlog	2026-09-09T22:01:18.6685707Z #4801  sparq-wrapper-shacl                      T2 bd-to-issues.derive_areas (title scope/crate token)
clear the needs:area park	Classify the needs:area backlog	2026-09-09T22:01:18.6686265Z        sparq-wrapper-shacl: generated sh:class check has no rdfs:subClassOf closure
clear the needs:area park	Classify the needs:area backlog	2026-09-09T22:01:18.6686812Z #4805  sparq-trust                              T1 trust-graph: the solid trust-graph / admission surface
clear the needs:area park	Classify the needs:area backlog	2026-09-09T22:01:18.6687707Z        sq-pfae.14 follow-up: wire StatusDelta into a caller-facing incremental re-check driver (sparq-solid epoch cache)
clear the needs:area park	Classify the needs:area backlog	2026-09-09T22:01:18.6688376Z #4806  sparq-trust                              T1 trust-graph: the solid trust-graph / admission surface
clear the needs:area park	Classify the needs:area backlog	2026-09-09T22:01:18.6689023Z        sq-pfae.14 follow-up: signed-delta helper so VerifyingLiveStatusCheck callers cannot diff unverified bits
clear the needs:area park	Classify the needs:area backlog	2026-09-09T22:01:18.6689592Z #4807  ci                                       T1 ci: CI / orchestration infrastructure
clear the needs:area park	Classify the needs:area backlog	2026-09-09T22:01:18.6690132Z        rearm-sweeper: 47 manual dispatches in 23h, measured yield zero arms (25/25 runs re-arm-attempts=0)
clear the needs:area park	Classify the needs:area backlog	2026-09-09T22:01:18.6690645Z #4815  js                                       T1 js: the js/ RDF-JS client
clear the needs:area park	Classify the needs:area backlog	2026-09-09T22:01:18.6691252Z        ci: five more published sparq-wasm features have no wasm32 build/clippy leg (serialize-rdf, scs, canon, bytes-ingest, forms)
clear the needs:area park	Classify the needs:area backlog	2026-09-09T22:01:18.6692066Z #4816  sparq-core                               T2 bd-to-issues.derive_areas (title scope/crate token)
clear the needs:area park	Classify the needs:area backlog	2026-09-09T22:01:18.6692728Z        sparq-core: export the inline-integer id domain size (INLINE_MAX / a count) instead of making callers restate it
clear the needs:area park	Classify the needs:area backlog	2026-09-09T22:01:18.6693373Z #4818  sparq-fedplan                            T2 bd-to-issues.derive_areas (title scope/crate token)
clear the needs:area park	Classify the needs:area backlog	2026-09-09T22:01:18.6693963Z        Preserve the sq-p6p6 local adaptive-replan evidence on main before the branch can be pruned
clear the needs:area park	Classify the needs:area backlog	2026-09-09T22:01:18.6694477Z #4824  ci                                       T1 ci: CI / orchestration infrastructure
clear the needs:area park	Classify the needs:area backlog	2026-09-09T22:01:18.6695292Z        PLAN frees a human-parked PR's area on the LABEL ALONE; CLAIM frees it only on the inertness proof — the #4819 disagreement, under-serialising directi
clear the needs:area park	Classify the needs:area backlog	2026-09-09T22:01:18.6696045Z #4826  sparq-server                             T2 bd-to-issues.derive_areas (title scope/crate token)
clear the needs:area park	Classify the needs:area backlog	2026-09-09T22:01:18.6696650Z        sparq-server has NO concurrent-connection cap (global or per-IP) on any of its four serve paths
clear the needs:area park	Classify the needs:area backlog	2026-09-09T22:01:18.6697310Z #4827  sparq-vectors                            T1 vectors-spqv: the .spqv / fusion surface in crates/sparq-vectors
clear the needs:area park	Classify the needs:area backlog	2026-09-09T22:01:18.6697935Z        vec:hybrid arm paging: consider a cursor/admissibility protocol instead of top-n re-asks
clear the needs:area park	Classify the needs:area backlog	2026-09-09T22:01:18.6698528Z #4828  sparq-wrapper-shacl                      T2 bd-to-issues.derive_areas (title scope/crate token)
clear the needs:area park	Classify the needs:area backlog	2026-09-09T22:01:18.6699119Z        sparq-wrapper-shacl: no lexical check for the XSD date/time and binary datatype families
clear the needs:area park	Classify the needs:area backlog	2026-09-09T22:01:18.6699646Z #4830  zk-xpath                                 T1 zk-xpath: zk/xpath (noir_XPath) sources
clear the needs:area park	Classify the needs:area backlog	2026-09-09T22:01:18.6700381Z        xpath differential M1: mixed int/double compare corpus misses the sq-3x7dl.5 invariant's own named edges (NaN unordered, +0 == -0) and the whole xs:fl
clear the needs:area park	Classify the needs:area backlog	2026-09-09T22:01:18.6701107Z #4831  zk-xpath                                 T1 zk-xpath: zk/xpath (noir_XPath) sources
clear the needs:area park	Classify the needs:area backlog	2026-09-09T22:01:18.6701902Z        xpath differential M1: sq-3x7dl.8 (min/max over empty) and sq-3x7dl.9 (duration/duration truncation) have no rows in the regression oracle
clear the needs:area park	Classify the needs:area backlog	2026-09-09T22:01:18.6702637Z #4833  sparq-mcp                                T2 bd-to-issues.derive_areas (title scope/crate token)
clear the needs:area park	Classify the needs:area backlog	2026-09-09T22:01:18.6703323Z        sparq-mcp: nl_query hardcodes NlqConfig::default(), so it would silently diverge from ask if check_dictionary is ever enabled
clear the needs:area park	Classify the needs:area backlog	2026-09-09T22:01:18.6703954Z #4834  zk-xpath                                 T1 zk-xpath: zk/xpath (noir_XPath) sources
clear the needs:area park	Classify the needs:area backlog	2026-09-09T22:01:18.6704494Z        xpath-differential: the per-test-function self-test now costs one nargo run per section
clear the needs:area park	Classify the needs:area backlog	2026-09-09T22:01:18.6704995Z #4837  js                                       T1 js: the js/ RDF-JS client
clear the needs:area park	Classify the needs:area backlog	2026-09-09T22:01:18.6705397Z        js: QuadStream and ArrayQuadStream disagree on read() vs 'data' — one splits quads, the other duplicates them
clear the needs:area park	Classify the needs:area backlog	2026-09-09T22:01:18.6705541Z #4838  js                                       T1 js: the js/ RDF-JS client
clear the needs:area park	Classify the needs:area backlog	2026-09-09T22:01:18.6705995Z        js: @jeswr/sparq ships .d.ts importing @rdfjs/types, which is only a devDependency
clear the needs:area park	Classify the needs:area backlog	2026-09-09T22:01:18.6706203Z #4842  gui                                      T2 bd-to-issues.derive_areas (title scope/crate token)
clear the needs:area park	Classify the needs:area backlog	2026-09-09T22:01:18.6706535Z        GUI: SHACL tool's shape sources are session-only, so they cannot drive the query builder's shape-aware suggestions
clear the needs:area park	Classify the needs:area backlog	2026-09-09T22:01:18.6706742Z #4843  gui                                      T2 bd-to-issues.derive_areas (title scope/crate token)
clear the needs:area park	Classify the needs:area backlog	2026-09-09T22:01:18.6706977Z        GUI query builder: canvas node/edge selection is pointer-only (keyboard a11y gap)
clear the needs:area park	Classify the needs:area backlog	2026-09-09T22:01:18.6707174Z #4844  gui                                      T2 bd-to-issues.derive_areas (title scope/crate token)
clear the needs:area park	Classify the needs:area backlog	2026-09-09T22:01:18.6707419Z        GUI query builder: SHACL shape discovery covers only sh:targetClass with IRI sh:path
clear the needs:area park	Classify the needs:area backlog	2026-09-09T22:01:18.6707638Z #4848  sparq-terse                              T2 bd-to-issues.derive_areas (title scope/crate token)
clear the needs:area park	Classify the needs:area backlog	2026-09-09T22:01:18.6707922Z        Expose sparq-terse did-you-mean hints as structured JSON in the CLI + server terse surfaces
clear the needs:area park	Classify the needs:area backlog	2026-09-09T22:01:18.6708148Z #4850  sparq-server                             T2 bd-to-issues.derive_areas (title scope/crate token)
clear the needs:area park	Classify the needs:area backlog	2026-09-09T22:01:18.6708452Z        perf(server): sparq-server is still missing `antijoin-static-decline` (sparq-cli + sparq-py ship it)
clear the needs:area park	Classify the needs:area backlog	2026-09-09T22:01:18.6708698Z #4853  sparq-fedplan-mpc                        T2 bd-to-issues.derive_areas (title scope/crate token)
clear the needs:area park	Classify the needs:area backlog	2026-09-09T22:01:18.6708987Z        Decision: the 2 REMAINING open questions on the MPC-seam design record (Phase-5 binding, B7 scope)
clear the needs:area park	Classify the needs:area backlog	2026-09-09T22:01:18.6709206Z #4854  sparq-mpc                                T2 bd-to-issues.derive_areas (title scope/crate token)
clear the needs:area park	Classify the needs:area backlog	2026-09-09T22:01:18.6709515Z        MPC: MacSession::auth_mul should bind BOTH multiplication operands (Chida-et-al. gate verification)
clear the needs:area park	Classify the needs:area backlog	2026-09-09T22:01:18.6709740Z #4855  sparq-terse                              T2 bd-to-issues.derive_areas (title scope/crate token)
clear the needs:area park	Classify the needs:area backlog	2026-09-09T22:01:18.6710039Z        sparq-terse: a PN_PREFIX containing an internal dot can still be misclassified as a keyword typo
clear the needs:area park	Classify the needs:area backlog	2026-09-09T22:01:18.6710260Z #4859  sparq-reason                             T2 bd-to-issues.derive_areas (title scope/crate token)
clear the needs:area park	Classify the needs:area backlog	2026-09-09T22:01:18.6710515Z        N3 incremental counting profile: quoted-triple support (n3_simple_term disqualifies)
clear the needs:area park	Classify the needs:area backlog	2026-09-09T22:01:18.6710759Z #4861  sparq-cli,sparq-mcp                      T2 bd-to-issues.derive_areas (title scope/crate token)
clear the needs:area park	Classify the needs:area backlog	2026-09-09T22:01:18.6711094Z        Ship the MCP server in the released artifacts (sparq-cli `mcp` subcommand or dist packaging for the sparq-mcp bin)
clear the needs:area park	Classify the needs:area backlog	2026-09-09T22:01:18.6711294Z #4863  gui                                      T2 bd-to-issues.derive_areas (title scope/crate token)
clear the needs:area park	Classify the needs:area backlog	2026-09-09T22:01:18.6711694Z        gui query-builder: sanitizeVariable never returns its fallback for punctuation-only input
clear the needs:area park	Classify the needs:area backlog	2026-09-09T22:01:18.6711908Z #4864  gui                                      T2 bd-to-issues.derive_areas (title scope/crate token)
clear the needs:area park	Classify the needs:area backlog	2026-09-09T22:01:18.6712166Z        gui query-builder: 'no value' filter test asserts one warning but the lowering emits two
clear the needs:area park	Classify the needs:area backlog	2026-09-09T22:01:18.6712324Z #4865  ci                                       T1 ci: CI / orchestration infrastructure
clear the needs:area park	Classify the needs:area backlog	2026-09-09T22:01:18.6712757Z        preflight.py does not run markdownlint — doc-only diffs pass pre-submit and still red the docs-quality HARD gate
clear the needs:area park	Classify the needs:area backlog	2026-09-09T22:01:18.6712987Z #4867  sparq-vectors                            T2 bd-to-issues.derive_areas (title scope/crate token)
clear the needs:area park	Classify the needs:area backlog	2026-09-09T22:01:18.6713241Z        coverage: measure sparq-vamana in the per-commit coverage tier (seed its line-% floor)
clear the needs:area park	Classify the needs:area backlog	2026-09-09T22:01:18.6713404Z #4868  ci                                       T1 ci: CI / orchestration infrastructure
clear the needs:area park	Classify the needs:area backlog	2026-09-09T22:01:18.6713657Z        asan: extend the ASan corpus lane to the extracted sparq-vamana `.spqg` validator directly
clear the needs:area park	Classify the needs:area backlog	2026-09-09T22:01:18.6713930Z #4870  js                                       T1 js: the js/ RDF-JS client
clear the needs:area park	Classify the needs:area backlog	2026-09-09T22:01:18.6714311Z        js: `rdflib` is imported directly by test/solid-differential.test.mjs but declared nowhere
clear the needs:area park	Classify the needs:area backlog	2026-09-09T22:01:18.6714511Z #4871  js                                       T2 bd-to-issues.derive_areas (title scope/crate token)
clear the needs:area park	Classify the needs:area backlog	2026-09-09T22:01:18.6714719Z        js: bare `node --test` executes test/helpers/zstd-fixtures.mjs as a test file
clear the needs:area park	Classify the needs:area backlog	2026-09-09T22:01:18.6714947Z #4875  sparq-bench                              T2 bd-to-issues.derive_areas (title scope/crate token)
clear the needs:area park	Classify the needs:area backlog	2026-09-09T22:01:18.6715165Z        Query differential (fuzz.rs) has no non-canonical numeric lexical coverage
clear the needs:area park	Classify the needs:area backlog	2026-09-09T22:01:18.6715301Z #4885  js                                       T1 js: the js/ RDF-JS client
clear the needs:area park	Classify the needs:area backlog	2026-09-09T22:01:18.6715676Z        ci(gui): gui.yml path filter omits crates/sparq-*-wasm/** — wasm binding drift reaches main undetected
clear the needs:area park	Classify the needs:area backlog	2026-09-09T22:01:18.6715895Z #4886  sparq-wasm                               T2 bd-to-issues.derive_areas (title scope/crate token)
clear the needs:area park	Classify the needs:area backlog	2026-09-09T22:01:18.6716207Z        client: @sparq/client typed facade does not surface the new store-backed SHACL validateStore binding
clear the needs:area park	Classify the needs:area backlog	2026-09-09T22:01:18.6716425Z #4887  sparq-mpc                                T2 bd-to-issues.derive_areas (title scope/crate token)
clear the needs:area park	Classify the needs:area backlog	2026-09-09T22:01:18.6716706Z        sparq-mpc bench: record the declared BackendInfo.requires_preprocessing in the matrix JSON rows
clear the needs:area park	Classify the needs:area backlog	2026-09-09T22:01:18.6716923Z #4888  sparq-mpc                                T2 bd-to-issues.derive_areas (title scope/crate token)
clear the needs:area park	Classify the needs:area backlog	2026-09-09T22:01:18.6717220Z        sparq-mpc: let SecurityRequirement/BackendRegistry fail closed on a preprocessing BUDGET ceiling
clear the needs:area park	Classify the needs:area backlog	2026-09-09T22:01:18.6717427Z #4889  docs                                     T2 bd-to-issues.derive_areas (title scope/crate token)
clear the needs:area park	Classify the needs:area backlog	2026-09-09T22:01:18.6717742Z        docs(lws): handler.rs module docs carry the same over-broad "each handler runs WAC" claim as ldp/mod.rs did
clear the needs:area park	Classify the needs:area backlog	2026-09-09T22:01:18.6717938Z #4891  gui                                      T2 bd-to-issues.derive_areas (title scope/crate token)
clear the needs:area park	Classify the needs:area backlog	2026-09-09T22:01:18.6718280Z        gui.yml: "site build + typecheck (consuming @sparq/client)" went red on a PR that changes no input of that job
clear the needs:area park	Classify the needs:area backlog	2026-09-09T22:01:18.6718508Z #4893  sparq-lws-core                           T2 bd-to-issues.derive_areas (title scope/crate token)
clear the needs:area park	Classify the needs:area backlog	2026-09-09T22:01:18.6718795Z        dependabot has no `docker` ecosystem — base-image digest pins never get bumped
clear the needs:area park	Classify the needs:area backlog	2026-09-09T22:01:18.6719026Z #4895  sparq-fedplan                            T2 bd-to-issues.derive_areas (title scope/crate token)
clear the needs:area park	Classify the needs:area backlog	2026-09-09T22:01:18.6719464Z        sparq-fedplan: SourceDescriptor has no explicit char-set completeness flag, so the Phase-6 Rule C2 prune must infer it and usually declines
clear the needs:area park	Classify the needs:area backlog	2026-09-09T22:01:18.6719707Z #4896  sparq-fedplan-mpc                        T2 bd-to-issues.derive_areas (title scope/crate token)
clear the needs:area park	Classify the needs:area backlog	2026-09-09T22:01:18.6719927Z        MPC seam: Phase 6 prune_source_combinations is exported but no caller acts on it
clear the needs:area park	Classify the needs:area backlog	2026-09-09T22:01:18.6720202Z #4898  sparq-engine-serialize                   T2 bd-to-issues.derive_areas (title scope/crate token)
clear the needs:area park	Classify the needs:area backlog	2026-09-09T22:01:18.6720558Z        [bug]: Turtle serialization (graph_to_turtle) ~32% slower than Oxigraph 0.5 baseline on a real-document-shaped graph
clear the needs:area park	Classify the needs:area backlog	2026-09-09T22:01:18.6720783Z #4902  sparq-lws-core                           T2 bd-to-issues.derive_areas (title scope/crate token)
clear the needs:area park	Classify the needs:area backlog	2026-09-09T22:01:18.6721090Z        sq-gg0qq.7 follow-up: rename the CTH harness target when the sparq-solid-server bin lands (sq-gg0qq.4)
clear the needs:area park	Classify the needs:area backlog	2026-09-09T22:01:18.6721314Z #4903  sparq-lws-core                           T2 bd-to-issues.derive_areas (title scope/crate token)
clear the needs:area park	Classify the needs:area backlog	2026-09-09T22:01:18.6721649Z        sq-gg0qq.7 follow-up: make the ath-patched CTH image reproducible in-repo
clear the needs:area park	Classify the needs:area backlog	2026-09-09T22:01:18.6721826Z #4904  docs                                     T1 docs: documentation-only change
clear the needs:area park	Classify the needs:area backlog	2026-09-09T22:01:18.6722154Z        Doc honesty: scope the CTH-not-worth-doing conclusion to sparq-server now that sparq-lws-core has a CTH lane
clear the needs:area park	Classify the needs:area backlog	2026-09-09T22:01:18.6722604Z #4905  sparq-lws-core                           T2 bd-to-issues.derive_areas (title scope/crate token)
clear the needs:area park	Classify the needs:area backlog	2026-09-09T22:01:18.6722824Z        sq-gg0qq.7 follow-up: promote the hermetic CTH config check into a per-PR lane
clear the needs:area park	Classify the needs:area backlog	2026-09-09T22:01:18.6723052Z #4908  sparq-bench                              T2 bd-to-issues.derive_areas (title scope/crate token)
clear the needs:area park	Classify the needs:area backlog	2026-09-09T22:01:18.6723617Z        test(sparq-bench): differential fuzzer has no var-to-var correlated OPTIONAL condition — `try_theta_antijoin`'s FIRING path is still oracle-less
clear the needs:area park	Classify the needs:area backlog	2026-09-09T22:01:18.6723801Z #4910  zk-xpath                                 T1 zk-xpath: zk/xpath (noir_XPath) sources
clear the needs:area park	Classify the needs:area backlog	2026-09-09T22:01:18.6724161Z        noir_XPath face repo: correct F&O section citations in duration.nr + duration test_packages (8.4.3/8.4.4/8.3.17/8.3.18)
clear the needs:area park	Classify the needs:area backlog	2026-09-09T22:01:18.6724420Z #4912  sparq-reason                             T2 bd-to-issues.derive_areas (title scope/crate token)
clear the needs:area park	Classify the needs:area backlog	2026-09-09T22:01:18.6724725Z        sq-6tykl.5 follow-up: server/introspect surface for the reasoning profile so the GUI can render it
clear the needs:area park	Classify the needs:area backlog	2026-09-09T22:01:18.6724960Z #4913  sparq-reason                             T2 bd-to-issues.derive_areas (title scope/crate token)
clear the needs:area park	Classify the needs:area backlog	2026-09-09T22:01:18.6725191Z        sq-6tykl.5 follow-up: profile the N3 chainer and the stratified-datalog evaluator
clear the needs:area park	Classify the needs:area backlog	2026-09-09T22:01:18.6725354Z #4914  ci                                       T1 ci: CI / orchestration infrastructure
clear the needs:area park	Classify the needs:area backlog	2026-09-09T22:01:18.6725530Z        CI: `sparq-reason --features profile` has no feature-matrix leg
clear the needs:area park	Classify the needs:area backlog	2026-09-09T22:01:18.6725755Z #4916  sparq-reason                             T2 bd-to-issues.derive_areas (title scope/crate token)
clear the needs:area park	Classify the needs:area backlog	2026-09-09T22:01:18.6726068Z        coverage: re-seed the sparq-reason floor from the first with-datalog CI measurement (sq-iwf3c remainder)
clear the needs:area park	Classify the needs:area backlog	2026-09-09T22:01:18.6726299Z #4918  sparq-lws-core                           T2 bd-to-issues.derive_areas (title scope/crate token)
clear the needs:area park	Classify the needs:area backlog	2026-09-09T22:01:18.6726682Z        sparq-lws-core: rate_limit.rs docs describe the CTH socat sidecar as unconditional (and contradict themselves on loopback)
clear the needs:area park	Classify the needs:area backlog	2026-09-09T22:01:18.6726885Z #4920  gui                                      T2 bd-to-issues.derive_areas (title scope/crate token)
clear the needs:area park	Classify the needs:area backlog	2026-09-09T22:01:18.6727181Z        gui/app file-decompress: no bzip2/zstd/zip test — only the gzip path is covered
clear the needs:area park	Classify the needs:area backlog	2026-09-09T22:01:18.6727397Z #4923  sparq-mcp                                T2 bd-to-issues.derive_areas (title scope/crate token)
clear the needs:area park	Classify the needs:area backlog	2026-09-09T22:01:18.6727618Z        sparq-mcp: paginate resources/list and prompts/list (MCP cursor/nextCursor)
clear the needs:area park	Classify the needs:area backlog	2026-09-09T22:01:18.6727835Z #4924  sparq-mcp                                T2 bd-to-issues.derive_areas (title scope/crate token)
clear the needs:area park	Classify the needs:area backlog	2026-09-09T22:01:18.6728118Z        sparq-mcp: emit notifications/resources/list_changed when an update changes the named-graph set
clear the needs:area park	Classify the needs:area backlog	2026-09-09T22:01:18.6728345Z #4927  sparq-reason                             T2 bd-to-issues.derive_areas (title scope/crate token)
clear the needs:area park	Classify the needs:area backlog	2026-09-09T22:01:18.6728594Z        Re-seed sparq-reason coverage floor from the first green with-datalog CI measurement
clear the needs:area park	Classify the needs:area backlog	2026-09-09T22:01:18.6728826Z #4931  sparq-server                             T2 bd-to-issues.derive_areas (title scope/crate token)
clear the needs:area park	Classify the needs:area backlog	2026-09-09T22:01:18.6729136Z        sparq-server: 7 broken intra-doc links in private items (only visible under --document-private-items)
clear the needs:area park	Classify the needs:area backlog	2026-09-09T22:01:18.6729355Z #4932  sparq-server                             T2 bd-to-issues.derive_areas (title scope/crate token)
clear the needs:area park	Classify the needs:area backlog	2026-09-09T22:01:18.6729689Z        sparq-server point-in-time: reconstruct forward from a backup artifact instead of rewinding the whole graph
clear the needs:area park	Classify the needs:area backlog	2026-09-09T22:01:18.6729912Z #4933  sparq-server                             T2 bd-to-issues.derive_areas (title scope/crate token)
clear the needs:area park	Classify the needs:area backlog	2026-09-09T22:01:18.6730294Z        sparq-server point-in-time: replace the O(graph) rewind with a structural-fork/COW delta chain when persistent indexes land
clear the needs:area park	Classify the needs:area backlog	2026-09-09T22:01:18.6730486Z #4937  site-papers                              T1 site-papers: paper-factory artifact
clear the needs:area park	Classify the needs:area backlog	2026-09-09T22:01:18.6730942Z        gui.yml `site build + typecheck` lane never compiles site/papers/*.typ (no Typst CLI installed)
clear the needs:area park	Classify the needs:area backlog	2026-09-09T22:01:18.6731162Z #4938  sparq-mpc                                T2 bd-to-issues.derive_areas (title scope/crate token)
clear the needs:area park	Classify the needs:area backlog	2026-09-09T22:01:18.6731491Z        sparq-mpc: build the constant-round comparison the WAN selector now names (Rabbit/edaBits offline generator)
clear the needs:area park	Classify the needs:area backlog	2026-09-09T22:01:18.6731833Z #4939  sparq-mpc                                T2 bd-to-issues.derive_areas (title scope/crate token)
clear the needs:area park	Classify the needs:area backlog	2026-09-09T22:01:18.6732099Z        sparq-mpc: no Boolean backend, so string/regex FILTER cannot be evaluated securely at all
clear the needs:area park	Classify the needs:area backlog	2026-09-09T22:01:18.6732282Z #4940  bench                                    T1 bench-generic: a benchmarking deliverable
clear the needs:area park	Classify the needs:area backlog	2026-09-09T22:01:18.6732553Z        sparq-mpc: wire the WAN protocol selector into the pipeline routing and the benchmark matrix
clear the needs:area park	Classify the needs:area backlog	2026-09-09T22:01:18.6732774Z #4941  sparq-reason                             T2 bd-to-issues.derive_areas (title scope/crate token)
clear the needs:area park	Classify the needs:area backlog	2026-09-09T22:01:18.6733075Z        coverage ratchet: clear sparq-reason's seed_pending flag once the with-datalog measurement is in
clear the needs:area park	Classify the needs:area backlog	2026-09-09T22:01:18.6733297Z #4943  sparq-server                             T2 bd-to-issues.derive_areas (title scope/crate token)
clear the needs:area park	Classify the needs:area backlog	2026-09-09T22:01:18.6733500Z        point-in-time: the log-LEADS-ring race maps to a 500, not a retryable 503
clear the needs:area park	Classify the needs:area backlog	2026-09-09T22:01:18.6733646Z #4945  js                                       T1 js: the js/ RDF-JS client
clear the needs:area park	Classify the needs:area backlog	2026-09-09T22:01:18.6733868Z        js: Dataset.import still buffers the whole quad Stream before applying one delta
clear the needs:area park	Classify the needs:area backlog	2026-09-09T22:01:18.6734012Z #4946  js                                       T1 js: the js/ RDF-JS client
clear the needs:area park	Classify the needs:area backlog	2026-09-09T22:01:18.6734298Z        js: SparqSource.removeMatches/deleteGraph materialise the whole matched graph before removing
clear the needs:area park	Classify the needs:area backlog	2026-09-09T22:01:18.6734436Z #4947  js                                       T1 js: the js/ RDF-JS client
clear the needs:area park	Classify the needs:area backlog	2026-09-09T22:01:18.6734731Z        js: deleteGraph(string) reads a leading '_:' as an IRI, where N3.js reads it as a blank-node graph name
clear the needs:area park	Classify the needs:area backlog	2026-09-09T22:01:18.6734952Z #4950  sparq-mpc                                T2 bd-to-issues.derive_areas (title scope/crate token)
clear the needs:area park	Classify the needs:area backlog	2026-09-09T22:01:18.6735458Z        Honesty drift: lib.rs says auth_compare is reported as OperatorClass::Comparison @ Malicious+Abort, but shamir.rs reports Comparison => semi_honest_on
clear the needs:area park	Classify the needs:area backlog	2026-09-09T22:01:18.6735691Z #4952  sparq-lws-core                           T2 bd-to-issues.derive_areas (title scope/crate token)
clear the needs:area park	Classify the needs:area backlog	2026-09-09T22:01:18.6735933Z        sq-gg0qq.6 follow-on: re-home origin/feat/lws into a crates/sparq-lws profile crate
clear the needs:area park	Classify the needs:area backlog	2026-09-09T22:01:18.6736164Z #4953  sparq-lws-core                           T2 bd-to-issues.derive_areas (title scope/crate token)
clear the needs:area park	Classify the needs:area backlog	2026-09-09T22:01:18.6736405Z        Extend the lws-spec vector coverage ledger beyond evaluate-access (138 pending cases)
clear the needs:area park	Classify the needs:area backlog	2026-09-09T22:01:18.6736633Z #4954  sparq-lws-core                           T2 bd-to-issues.derive_areas (title scope/crate token)
clear the needs:area park	Classify the needs:area backlog	2026-09-09T22:01:18.6736873Z        Opt-in CI lane to re-derive the lws-spec access vectors from the N3 rule set under EYE
clear the needs:area park	Classify the needs:area backlog	2026-09-09T22:01:18.6737097Z #4955  sparq-lws-core                           T2 bd-to-issues.derive_areas (title scope/crate token)
clear the needs:area park	Classify the needs:area backlog	2026-09-09T22:01:18.6737319Z        Wire authz::access_profile into the LDP request path (soundness-sensitive)
clear the needs:area park	Classify the needs:area backlog	2026-09-09T22:01:18.6737530Z #4958  sparq-mcp                                T2 bd-to-issues.derive_areas (title scope/crate token)
clear the needs:area park	Classify the needs:area backlog	2026-09-09T22:01:18.6737797Z        sparq-mcp: wire the Streamable HTTP transport into the `sparq-mcp` binary (`--http ADDR`)
clear the needs:area park	Classify the needs:area backlog	2026-09-09T22:01:18.6738007Z #4959  sparq-mcp                                T2 bd-to-issues.derive_areas (title scope/crate token)
clear the needs:area park	Classify the needs:area backlog	2026-09-09T22:01:18.6738254Z        sparq-mcp: deliver SolidMcpServer notifications over the Streamable HTTP SSE stream
clear the needs:area park	Classify the needs:area backlog	2026-09-09T22:01:18.6738469Z #4960  sparq-mcp                                T2 bd-to-issues.derive_areas (title scope/crate token)
clear the needs:area park	Classify the needs:area backlog	2026-09-09T22:01:18.6738877Z        sparq-mcp: no graceful shutdown for the Streamable HTTP accept loop
clear the needs:area park	Classify the needs:area backlog	2026-09-09T22:01:18.6739091Z #4961  sparq-mcp                                T2 bd-to-issues.derive_areas (title scope/crate token)
clear the needs:area park	Classify the needs:area backlog	2026-09-09T22:01:18.6739244Z        sparq-mcp: Streamable HTTP sessions have no idle expiry
clear the needs:area park	Classify the needs:area backlog	2026-09-09T22:01:18.6739409Z #4968  ci                                       T1 ci: CI / orchestration infrastructure
clear the needs:area park	Classify the needs:area backlog	2026-09-09T22:01:18.6739857Z        needs:user — apply model-tiered-scheduler-v2 to .claude/workflows/autonomous-scheduler.js (sq-sgu1.2 remainder)
clear the needs:area park	Classify the needs:area backlog	2026-09-09T22:01:18.6739998Z #4972  js                                       T1 js: the js/ RDF-JS client
clear the needs:area park	Classify the needs:area backlog	2026-09-09T22:01:18.6740329Z        gui.yml path filter omits crates/sparq-wasm/** — wasm d.ts drift lands on main undetected
clear the needs:area park	Classify the needs:area backlog	2026-09-09T22:01:18.6740554Z #4973  sparq-bench                              T2 bd-to-issues.derive_areas (title scope/crate token)
clear the needs:area park	Classify the needs:area backlog	2026-09-09T22:01:18.6740773Z        differential fuzzer: wire the second oracle (Jena/rdflib) into a CI lane
clear the needs:area park	Classify the needs:area backlog	2026-09-09T22:01:18.6741004Z #4974  sparq-bench                              T2 bd-to-issues.derive_areas (title scope/crate token)
clear the needs:area park	Classify the needs:area backlog	2026-09-09T22:01:18.6741289Z        SubprocessOracle has no per-query timeout — a hung backend hangs the fuzz run
clear the needs:area park	Classify the needs:area backlog	2026-09-09T22:01:18.6741631Z #4975  sparq-server                             T2 bd-to-issues.derive_areas (title scope/crate token)
clear the needs:area park	Classify the needs:area backlog	2026-09-09T22:01:18.6741840Z        pit: a cross-lineage ?at= span is refused as Uncovered (500), not Gap (410)
clear the needs:area park	Classify the needs:area backlog	2026-09-09T22:01:18.6742004Z #4977  ci                                       T1 ci: CI / orchestration infrastructure
clear the needs:area park	Classify the needs:area backlog	2026-09-09T22:01:18.6742290Z        feature-matrix.yml comments still explain gating via the superseded pre-#3773 advisory NAME rule
clear the needs:area park	Classify the needs:area backlog	2026-09-09T22:01:18.6742454Z #4979  ci                                       T1 ci: CI / orchestration infrastructure
clear the needs:area park	Classify the needs:area backlog	2026-09-09T22:01:18.6742913Z        fuzz.yml: nightly soak is truncated by timeout-minutes — 13 targets x NIGHTLY_SECS=600 is ~130min against a 60min ceiling
clear the needs:area park	Classify the needs:area backlog	2026-09-09T22:01:18.6743082Z #4980  ci                                       T1 ci: CI / orchestration infrastructure
clear the needs:area park	Classify the needs:area backlog	2026-09-09T22:01:18.6743421Z        ci-select: five per-workflow `select` pre-jobs each pay a fetch-depth-0 checkout + cargo metadata on every push
clear the needs:area park	Classify the needs:area backlog	2026-09-09T22:01:18.6743637Z #4981  sparq-mcp                                T2 bd-to-issues.derive_areas (title scope/crate token)
clear the needs:area park	Classify the needs:area backlog	2026-09-09T22:01:18.6743965Z        sparq-mcp http: over-cap refusals are written on the accept thread, so a non-reading peer can stall accepting
clear the needs:area park	Classify the needs:area backlog	2026-09-09T22:01:18.6744190Z #4989  sparq-bench                              T2 bd-to-issues.derive_areas (title scope/crate token)
clear the needs:area park	Classify the needs:area backlog	2026-09-09T22:01:18.6744475Z        sq-qcnn.8 follow-up: provision a nightly lane that actually RUNS the Jena/rdflib oracle harnesses
clear the needs:area park	Classify the needs:area backlog	2026-09-09T22:01:18.6744699Z #4991  sparq-bench                              T2 bd-to-issues.derive_areas (title scope/crate token)
clear the needs:area park	Classify the needs:area backlog	2026-09-09T22:01:18.6745035Z        sq-qcnn.8 follow-up: OracleResult drops the SELECT header variable list, hiding projection-list differences
clear the needs:area park	Classify the needs:area backlog	2026-09-09T22:01:18.6745198Z #4993  ci                                       T1 ci: CI / orchestration infrastructure
clear the needs:area park	Classify the needs:area backlog	2026-09-09T22:01:18.6745511Z        test_no_deprecated_models.py pins a workflow FILENAME as a path trigger, forcing a redundant filter entry
clear the needs:area park	Classify the needs:area backlog	2026-09-09T22:01:18.6745666Z #4995  ci                                       T1 ci: CI / orchestration infrastructure
clear the needs:area park	Classify the needs:area backlog	2026-09-09T22:01:18.6746214Z        bd-to-issues.py: edge-marker presence check is prefix-ambiguous — `Blocked-by: #26` reads as present in a body carrying only `Blocked-by: #2640`
clear the needs:area park	Classify the needs:area backlog	2026-09-09T22:01:18.6746444Z #5006  sparq-reason                             T2 bd-to-issues.derive_areas (title scope/crate token)
clear the needs:area park	Classify the needs:area backlog	2026-09-09T22:01:18.6746929Z        sq-zgbso.4 remainder: give sparq-reason's CompiledRuleSet a build-time emission surface (serialize/const-table) so the N3 parser can leave the runtime
clear the needs:area park	Classify the needs:area backlog	2026-09-09T22:01:18.6747317Z #5008  ci                                       T1 ci: CI / orchestration infrastructure
clear the needs:area park	Classify the needs:area backlog	2026-09-09T22:01:18.6747649Z        docs-duplication (jscpd): consider path-filtering the lane so non-doc PRs skip the ~minutes-long corpus scan
clear the needs:area park	Classify the needs:area backlog	2026-09-09T22:01:18.6747882Z #5013  sparq-zk-compose                         T1 zk-compose: zk-compose circuit/verifier surface
clear the needs:area park	Classify the needs:area backlog	2026-09-09T22:01:18.6748251Z        Noir program: no `bb` binary in any measurement environment — one missing capability blocks five beads
clear the needs:area park	Classify the needs:area backlog	2026-09-09T22:01:18.6748506Z #5015  sparq-wrapper-shacl                      T2 bd-to-issues.derive_areas (title scope/crate token)
clear the needs:area park	Classify the needs:area backlog	2026-09-09T22:01:18.6748814Z        sparq-wrapper-shacl: provide a Store -> generated `Source` adapter so consumers don't hand-write it
clear the needs:area park	Classify the needs:area backlog	2026-09-09T22:01:18.6749052Z #5016  sparq-wrapper-gen                        T2 bd-to-issues.derive_areas (title scope/crate token)
clear the needs:area park	Classify the needs:area backlog	2026-09-09T22:01:18.6749330Z        sparq-wrapper-gen: give the SHACL object-model generator an entry point (build script / CLI)
clear the needs:area park	Classify the needs:area backlog	2026-09-09T22:01:18.6749566Z #5017  sparq-bench                              T2 bd-to-issues.derive_areas (title scope/crate token)
clear the needs:area park	Classify the needs:area backlog	2026-09-09T22:01:18.6749887Z        sparq-bench fuzz scratch directories use predictable, process-id-derived names in the shared temp dir
clear the needs:area park	Classify the needs:area backlog	2026-09-09T22:01:18.6750052Z #5023  ci                                       T1 ci: CI / orchestration infrastructure
clear the needs:area park	Classify the needs:area backlog	2026-09-09T22:01:18.6750358Z        preflight.py should run the C1 feature-gated-test-execution guard (it is mechanical and diff-local)
clear the needs:area park	Classify the needs:area backlog	2026-09-09T22:01:18.6750583Z #5034  sparq-serve                              T2 bd-to-issues.derive_areas (title scope/crate token)
clear the needs:area park	Classify the needs:area backlog	2026-09-09T22:01:18.6750946Z        sparq-serve: expose a cheap re-derived-from-disk change-log trim horizon so /streams tracks an out-of-band trim live
clear the needs:area park	Classify the needs:area backlog	2026-09-09T22:01:18.6751172Z #5036  sparq-bench                              T2 bd-to-issues.derive_areas (title scope/crate token)
clear the needs:area park	Classify the needs:area backlog	2026-09-09T22:01:18.6751695Z        research/differential-testing-value-level.md: the "what exists" audit + §3.4 are stale after sq-qcnn.5
clear the needs:area park	Classify the needs:area backlog	2026-09-09T22:01:18.6751879Z #5037  ci                                       T1 ci: CI / orchestration infrastructure
clear the needs:area park	Classify the needs:area backlog	2026-09-09T22:01:18.6752223Z        sq-qcnn.6: generator has no ASK / CONSTRUCT / DESCRIBE category, so the new value comparators have no live coverage
clear the needs:area park	Classify the needs:area backlog	2026-09-09T22:01:18.6752458Z #5038  sparq-engine                             T1 engine-topic: crates/sparq-engine planner/executor
clear the needs:area park	Classify the needs:area backlog	2026-09-09T22:01:18.6752830Z        fuzz.rs: a bnode-bearing ORDER BY answer has its ORDER un-checked (RDFC-1.0 canonicalises the table, discarding row order)
clear the needs:area park	Classify the needs:area backlog	2026-09-09T22:01:18.6753088Z #5039  sparq-wrapper-shacl                      T2 bd-to-issues.derive_areas (title scope/crate token)
clear the needs:area park	Classify the needs:area backlog	2026-09-09T22:01:18.6753409Z        sparq-wrapper-shacl: generated loader params `source`/`focus` can be shadowed by a field of the same name
clear the needs:area park	Classify the needs:area backlog	2026-09-09T22:01:18.6753661Z #5040  sparq-wrapper-shacl                      T2 bd-to-issues.derive_areas (title scope/crate token)
clear the needs:area park	Classify the needs:area backlog	2026-09-09T22:01:18.6753899Z        sparq-wrapper-shacl: deep ACYCLIC sh:node nesting can still exhaust the stack
clear the needs:area park	Classify the needs:area backlog	2026-09-09T22:01:18.6754138Z #5045  zk                                       T1 zk-ieee754-title: zk/ieee754 (sparq_ieee754) named in the title
clear the needs:area park	Classify the needs:area backlog	2026-09-09T22:01:18.6754396Z        zk-toolchain.yml comment claims sparq_ieee754 @ v0.10.0; the compose tree pins v0.11.0
clear the needs:area park	Classify the needs:area backlog	2026-09-09T22:01:18.6754579Z #5046  zk-xpath                                 T1 zk-xpath: zk/xpath (noir_XPath) sources
clear the needs:area park	Classify the needs:area backlog	2026-09-09T22:01:18.6754832Z        XPath differential lane still pins XPATH_TAG v0.2.0 while noir_XPath v0.3.0 is released
clear the needs:area park	Classify the needs:area backlog	2026-09-09T22:01:18.6754996Z #5050  docs                                     T1 docs: documentation-only change
clear the needs:area park	Classify the needs:area backlog	2026-09-09T22:01:18.6755460Z        Doc honesty: research/shacl-compact-and-shuttle-parsers-2026-07.md calls parse_ns_per_byte a "deterministic ... CI floor [that] stays gated"
clear the needs:area park	Classify the needs:area backlog	2026-09-09T22:01:18.6755625Z #5051  docs                                     T1 docs: documentation-only change
clear the needs:area park	Classify the needs:area backlog	2026-09-09T22:01:18.6756209Z        Doc honesty: research/optimization-audit-2026-07.md states parse_ns_per_byte "must hold or improve" as a gate condition
clear the needs:area park	Classify the needs:area backlog	2026-09-09T22:01:18.6756447Z #5053  site-specs                               T1 site-specs: authors/edits a Typst UPD under site/specs
clear the needs:area park	Classify the needs:area backlog	2026-09-09T22:01:18.6756718Z        sparq-mcp/sparq-solid docs cite `site/specs/mcp-solid.typ`, which does not exist in the repo
clear the needs:area park	Classify the needs:area backlog	2026-09-09T22:01:18.6756941Z #5054  sparq-mcp                                T2 bd-to-issues.derive_areas (title scope/crate token)
clear the needs:area park	Classify the needs:area backlog	2026-09-09T22:01:18.6757255Z        sparq-mcp: extend `accept` content negotiation beyond pod mode (base `construct` tool + `resources/read`)
clear the needs:area park	Classify the needs:area backlog	2026-09-09T22:01:18.6757490Z #5056  sparq-vectors                            T2 bd-to-issues.derive_areas (title scope/crate token)
clear the needs:area park	Classify the needs:area backlog	2026-09-09T22:01:18.6757760Z        perf(vectors): ordered NEON kernel for the deterministic exact/Vamana/PQ paths on aarch64
clear the needs:area park	Classify the needs:area backlog	2026-09-09T22:01:18.6757962Z #5057  bench                                    T2 bd-to-issues.derive_areas (title scope/crate token)
clear the needs:area park	Classify the needs:area backlog	2026-09-09T22:01:18.6758555Z        bench(hardzone): the confirmation-pass wiring test does not pin re-measure ARGUMENT drift — a one-token workload-scale edit silences the timing gate w
clear the needs:area park	Classify the needs:area backlog	2026-09-09T22:01:18.6758780Z #5059  sparq-bench                              T2 bd-to-issues.derive_areas (title scope/crate token)
clear the needs:area park	Classify the needs:area backlog	2026-09-09T22:01:18.6759073Z        sparq-bench README.md is 38 lines but declares itself an internal stub (readme-template gate is RED)
clear the needs:area park	Classify the needs:area backlog	2026-09-09T22:01:18.6759299Z #5069  sparq-policy                             T1 odrl: ODRL evaluation lives in crates/sparq-policy
clear the needs:area park	Classify the needs:area backlog	2026-09-09T22:01:18.6759730Z        sparq-policy: eval.rs rustdoc still attributes deny-overrides to a non-existent 'ODRL Formal Semantics §conflict'
clear the needs:area park	Classify the needs:area backlog	2026-09-09T22:01:18.6759901Z #5070  ci                                       T1 ci: CI / orchestration infrastructure
clear the needs:area park	Classify the needs:area backlog	2026-09-09T22:01:18.6760178Z        preflight.py misses the feature-matrix leg-name golden, so adding an opt-in leg only reds on CI
clear the needs:area park	Classify the needs:area backlog	2026-09-09T22:01:18.6760407Z #5072  sparq-kb                                 T2 bd-to-issues.derive_areas (title scope/crate token)
clear the needs:area park	Classify the needs:area backlog	2026-09-09T22:01:18.6760646Z        literature_pilot still assumes OpenAlex is keyless (polite pool retired Feb 2026)
clear the needs:area park	Classify the needs:area backlog	2026-09-09T22:01:18.6760861Z #5074  sparq-core                               T2 bd-to-issues.derive_areas (title scope/crate token)
clear the needs:area park	Classify the needs:area backlog	2026-09-09T22:01:18.6761196Z        docs(sparq-core): --no-default-features rustdoc is broken (8 unresolved intra-doc links to mmap-gated items)
clear the needs:area park	Classify the needs:area backlog	2026-09-09T22:01:18.6761409Z #5075  sparq-text                               T2 bd-to-issues.derive_areas (title scope/crate token)
clear the needs:area park	Classify the needs:area backlog	2026-09-09T22:01:18.6761901Z        docs(sparq-text): --no-default-features rustdoc is broken (unresolved intra-doc links to engine-gated `rewrite` module)
clear the needs:area park	Classify the needs:area backlog	2026-09-09T22:01:18.6762136Z #5077  sparq-lws-core                           T2 bd-to-issues.derive_areas (title scope/crate token)
clear the needs:area park	Classify the needs:area backlog	2026-09-09T22:01:18.6762434Z        sparq-lws-core README: drop the "doc-comments still cite source-repo paths" caveat once #4970 lands
clear the needs:area park	Classify the needs:area backlog	2026-09-09T22:01:18.6762668Z #5078  sparq-lws-core                           T2 bd-to-issues.derive_areas (title scope/crate token)
clear the needs:area park	Classify the needs:area backlog	2026-09-09T22:01:18.6762928Z        sparq-lws-core: two design citations used a bare filename and escaped the namespace sweep
clear the needs:area park	Classify the needs:area backlog	2026-09-09T22:01:18.6763126Z #5080  ci                                       T2 bd-to-issues.derive_areas (title scope/crate token)
clear the needs:area park	Classify the needs:area backlog	2026-09-09T22:01:18.6763575Z        ci: wiring pins miss the job-level if: — 'if: false' disables a pinned command with the suite green (~33 commands affected)
clear the needs:area park	Classify the needs:area backlog	2026-09-09T22:01:18.6763794Z #5083  knowledge-graph                          T1 pkg: the project-knowledge-graph surface
clear the needs:area park	Classify the needs:area backlog	2026-09-09T22:01:18.6763986Z        bench/pkg-dogfood: no in-repo driver fans out the tagged A/B arms
clear the needs:area park	Classify the needs:area backlog	2026-09-09T22:01:18.6764202Z #5084  knowledge-graph                          T1 pkg: the project-knowledge-graph surface
clear the needs:area park	Classify the needs:area backlog	2026-09-09T22:01:18.6764581Z        bench/pkg-dogfood: analyze3.py and stats.py leak file handles (`json.load(open(...))`)
clear the needs:area park	Classify the needs:area backlog	2026-09-09T22:01:18.6764835Z #5087  js                                       T1 js: the js/ RDF-JS client
clear the needs:area park	Classify the needs:area backlog	2026-09-09T22:01:18.6765029Z        check-bundle.mjs guards `fzstd` but not the `seek-bzip` bzip2 decoder
clear the needs:area park	Classify the needs:area backlog	2026-09-09T22:01:18.6765245Z #5088  knowledge-graph                          T1 pkg: the project-knowledge-graph surface
clear the needs:area park	Classify the needs:area backlog	2026-09-09T22:01:18.6765491Z        bench/pkg-dogfood/analyze3.py grades a missing answer as 0.0 rather than reporting it
clear the needs:area park	Classify the needs:area backlog	2026-09-09T22:01:18.6765723Z #5090  sparq-reason                             T2 bd-to-issues.derive_areas (title scope/crate token)
clear the needs:area park	Classify the needs:area backlog	2026-09-09T22:01:18.6766088Z        RDFS materializer under-entails when a rule DERIVES a schema triple (single-pass schema saturation is not a fixpoint)
clear the needs:area park	Classify the needs:area backlog	2026-09-09T22:01:18.6766314Z #5091  sparq-reason                             T2 bd-to-issues.derive_areas (title scope/crate token)
clear the needs:area park	Classify the needs:area backlog	2026-09-09T22:01:18.6766708Z        substrate-join forfeits the rayon ABox fan-out in the RDFS sweep (the substrate sweep is serial in both parallel feature states)
clear the needs:area park	Classify the needs:area backlog	2026-09-09T22:01:18.6766947Z #5094  sparq-lws-core                           T2 bd-to-issues.derive_areas (title scope/crate token)
clear the needs:area park	Classify the needs:area backlog	2026-09-09T22:01:18.6767266Z        Issue #4971 (and likely its sq-gg0qq.10 siblings) cites a research/lws-design-records.md that does not exist
clear the needs:area park	Classify the needs:area backlog	2026-09-09T22:01:18.6767470Z #5100  gui                                      T2 bd-to-issues.derive_areas (title scope/crate token)
clear the needs:area park	Classify the needs:area backlog	2026-09-09T22:01:18.6767754Z        GUI: SHACL shapes loaded in the SHACL tool are invisible to the query builder's shape-aware pickers
clear the needs:area park	Classify the needs:area backlog	2026-09-09T22:01:18.6767954Z #5101  gui                                      T2 bd-to-issues.derive_areas (title scope/crate token)
clear the needs:area park	Classify the needs:area backlog	2026-09-09T22:01:18.6768187Z        GUI: visual query builder cannot round-trip hand-edited SPARQL back into the canvas
clear the needs:area park	Classify the needs:area backlog	2026-09-09T22:01:18.6768391Z #5102  gui                                      T2 bd-to-issues.derive_areas (title scope/crate token)
clear the needs:area park	Classify the needs:area backlog	2026-09-09T22:01:18.6768603Z        GUI: query-builder NOT-EXISTS branches are limited to a leaf node in v1
clear the needs:area park	Classify the needs:area backlog	2026-09-09T22:01:18.6768768Z #5106  ci                                       T1 ci: CI / orchestration infrastructure
clear the needs:area park	Classify the needs:area backlog	2026-09-09T22:01:18.6769000Z        test_ring_credential_loud.py silently mis-diagnoses when `jq` is absent from PATH
clear the needs:area park	Classify the needs:area backlog	2026-09-09T22:01:18.6769154Z #5107  ci                                       T1 ci: CI / orchestration infrastructure
clear the needs:area park	Classify the needs:area backlog	2026-09-09T22:01:18.6769637Z        selftest write guard: neutralisation is order-insensitive (accepts a seam rebound AFTER the write), and the self-test population is name-bound so run_
clear the needs:area park	Classify the needs:area backlog	2026-09-09T22:01:18.6769795Z #5108  ci                                       T1 ci: CI / orchestration infrastructure
clear the needs:area park	Classify the needs:area backlog	2026-09-09T22:01:18.6770084Z        test_ring_credential_loud.py misreports a missing `jq` as "the control is a no-op in BOTH states"
clear the needs:area park	Classify the needs:area backlog	2026-09-09T22:01:18.6770244Z #5110  ci                                       T1 ci: CI / orchestration infrastructure
clear the needs:area park	Classify the needs:area backlog	2026-09-09T22:01:18.6770574Z        Dispatch datalog-souffle.yml once to validate the runner-side Soufflé install step
clear the needs:area park	Classify the needs:area backlog	2026-09-09T22:01:18.6770812Z #5111  sparq-reason                             T2 bd-to-issues.derive_areas (title scope/crate token)
clear the needs:area park	Classify the needs:area backlog	2026-09-09T22:01:18.6771142Z        Re-seed the sparq-reason coverage floor: it is still seed_pending and could not be measured for sq-xzb9p either
clear the needs:area park	Classify the needs:area backlog	2026-09-09T22:01:18.6771289Z #5114  js                                       T1 js: the js/ RDF-JS client
clear the needs:area park	Classify the needs:area backlog	2026-09-09T22:01:18.6771653Z        site/src/lib/dataset-archive.ts duplicates packages/sparq-client/src/decompress.ts
clear the needs:area park	Classify the needs:area backlog	2026-09-09T22:01:18.6771858Z #5121  ci                                       T2 bd-to-issues.derive_areas (title scope/crate token)
clear the needs:area park	Classify the needs:area backlog	2026-09-09T22:01:18.6772276Z        ci(alarm): review-alarm.yml has failed 8 consecutive scheduled runs — the watchdog has been blind since 07-27
clear the needs:area park	Classify the needs:area backlog	2026-09-09T22:01:18.6772509Z #5129  sparq-server                             T2 bd-to-issues.derive_areas (title scope/crate token)
clear the needs:area park	Classify the needs:area backlog	2026-09-09T22:01:18.6773042Z        preflight.py misses the C1 feature-gated-test-execution guard and the feature-matrix tier ratchet
clear the needs:area park	Classify the needs:area backlog	2026-09-09T22:01:18.6773272Z #5134  sparq-bench                              T2 bd-to-issues.derive_areas (title scope/crate token)
clear the needs:area park	Classify the needs:area backlog	2026-09-09T22:01:18.6773550Z        sparq-bench: two independent oxrdf -> sparq-difftest neutral-term bridges after the #4988 merge
clear the needs:area park	Classify the needs:area backlog	2026-09-09T22:01:18.6773715Z #5136  ci                                       T1 ci: CI / orchestration infrastructure
clear the needs:area park	Classify the needs:area backlog	2026-09-09T22:01:18.6773997Z        pr-area-label: move the write-capable label mutation to a trusted-definition workflow_run path
clear the needs:area park	Classify the needs:area backlog	2026-09-09T22:01:18.6774222Z #5142  sparq-mcp                                T2 bd-to-issues.derive_areas (title scope/crate token)
clear the needs:area park	Classify the needs:area backlog	2026-09-09T22:01:18.6774457Z        sparq-mcp: `resources/subscribe` notifications have no shipped delivery channel
clear the needs:area park	Classify the needs:area backlog	2026-09-09T22:01:18.6774670Z #5143  sparq-mcp                                T2 bd-to-issues.derive_areas (title scope/crate token)
clear the needs:area park	Classify the needs:area backlog	2026-09-09T22:01:18.6775016Z        sparq-mcp: lazy BM25 `text_index` forces `&mut self` on a read-only tool, blocking any read/write concurrency split
clear the needs:area park	Classify the needs:area backlog	2026-09-09T22:01:18.6775244Z #5144  sparq-lws-core                           T2 bd-to-issues.derive_areas (title scope/crate token)
clear the needs:area park	Classify the needs:area backlog	2026-09-09T22:01:18.6775659Z        sparq-lws-core README sits exactly AT the 120-line readme-template cap — next doc addition reds docs-quality
clear the needs:area park	Classify the needs:area backlog	2026-09-09T22:01:18.6775828Z #5152  ci                                       T1 ci: CI / orchestration infrastructure
clear the needs:area park	Classify the needs:area backlog	2026-09-09T22:01:18.6776053Z        Report jscpd markdown-class clone false positives upstream (kucherenko/jscpd)
clear the needs:area park	Classify the needs:area backlog	2026-09-09T22:01:18.6776214Z #5153  ci                                       T1 ci: CI / orchestration infrastructure
clear the needs:area park	Classify the needs:area backlog	2026-09-09T22:01:18.6776417Z        ci-latency-alarm: 1 CI execution-latency breach(es) in sparq-org/sparq
clear the needs:area park	Classify the needs:area backlog	2026-09-09T22:01:18.6776577Z #5168  ci                                       T1 ci: CI / orchestration infrastructure
clear the needs:area park	Classify the needs:area backlog	2026-09-09T22:01:18.6776903Z        ci(miri): a shard queueing 2 heavy tests can still be CANCELLED at the 130m backstop before its classifier runs
clear the needs:area park	Classify the needs:area backlog	2026-09-09T22:01:18.6777144Z #5169  sparq-substrate                          T2 bd-to-issues.derive_areas (title scope/crate token)
clear the needs:area park	Classify the needs:area backlog	2026-09-09T22:01:18.6777502Z        ci(formal-verification): split the 26-harness sparq-substrate compare ORDER-law suite into multiple matrix entries
clear the needs:area park	Classify the needs:area backlog	2026-09-09T22:01:18.6777659Z #5171  ci                                       T1 ci: CI / orchestration infrastructure
clear the needs:area park	Classify the needs:area backlog	2026-09-09T22:01:18.6777934Z        coverage: extend changed-cone enforcement to the dedicated sparq-engine coverage pipeline
clear the needs:area park	Classify the needs:area backlog	2026-09-09T22:01:18.6778156Z #5172  sparq-shacl                              T2 bd-to-issues.derive_areas (title scope/crate token)
clear the needs:area park	Classify the needs:area backlog	2026-09-09T22:01:18.6778371Z        coverage.sh: skip the W3C fixture fetch when the resolved crate list is empty
clear the needs:area park	Classify the needs:area backlog	2026-09-09T22:01:18.6778532Z #5173  ci                                       T1 ci: CI / orchestration infrastructure
clear the needs:area park	Classify the needs:area backlog	2026-09-09T22:01:18.6778764Z        cone_coverage.py: rename shadow_report() / the shadow-report CLI mode to report()
clear the needs:area park	Classify the needs:area backlog	2026-09-09T22:01:18.6778955Z #5174  site-papers                              T1 site-papers: paper-factory artifact
clear the needs:area park	Classify the needs:area backlog	2026-09-09T22:01:18.6779210Z        paper-evidence: memsafety.unsafe_sites_core `note` still cites a stale "76-site total"
clear the needs:area park	Classify the needs:area backlog	2026-09-09T22:01:18.6779424Z #5175  sparq-zk                                 T2 bd-to-issues.derive_areas (title scope/crate token)
clear the needs:area park	Classify the needs:area backlog	2026-09-09T22:01:18.6779694Z        sparq-zk: `VcCryptosuite` doc still calls the SD suites "a deferred seam" after sq-u5y1f landed
clear the needs:area park	Classify the needs:area backlog	2026-09-09T22:01:18.6779902Z #5176  sparq-zk                                 T2 bd-to-issues.derive_areas (title scope/crate token)
clear the needs:area park	Classify the needs:area backlog	2026-09-09T22:01:18.6780223Z        sparq-zk: SD ingest seam (sq-u5y1f) public API is absent from `skills/zk-query-proofs/SKILL.md` + crate README
clear the needs:area park	Classify the needs:area backlog	2026-09-09T22:01:18.6780380Z #5178  ci                                       T1 ci: CI / orchestration infrastructure
clear the needs:area park	Classify the needs:area backlog	2026-09-09T22:01:18.6780807Z        ci-summary-status: close the quiet-head liveness gap before the required-check migration
clear the needs:area park	Classify the needs:area backlog	2026-09-09T22:01:18.6780967Z #5179  ci                                       T1 ci: CI / orchestration infrastructure
clear the needs:area park	Classify the needs:area backlog	2026-09-09T22:01:18.6781244Z        ci-summary-status: move the bounded cancelled-run re-dispatch into the event-driven evaluator
clear the needs:area park	Classify the needs:area backlog	2026-09-09T22:01:18.6781404Z #5180  ci                                       T1 ci: CI / orchestration infrastructure
clear the needs:area park	Classify the needs:area backlog	2026-09-09T22:01:18.6781826Z        Maintainer sign-off: add `ci-summary-status` alongside `gate` in the main branch-protection ruleset
clear the needs:area park	Classify the needs:area backlog	2026-09-09T22:01:18.6781989Z #5181  ci                                       T1 ci: CI / orchestration infrastructure
clear the needs:area park	Classify the needs:area backlog	2026-09-09T22:01:18.6782193Z        Measure the ci-summary-status workflow_run self-chain no-op run volume
clear the needs:area park	Classify the needs:area backlog	2026-09-09T22:01:18.6782350Z #5184  ci                                       T1 ci: CI / orchestration infrastructure
clear the needs:area park	Classify the needs:area backlog	2026-09-09T22:01:18.6782622Z        CI: `test (load-aware shard heavy-hnsw)` red on PR #5146 with no reproducible cause in the tree
clear the needs:area park	Classify the needs:area backlog	2026-09-09T22:01:18.6782873Z #5186  sparq-conformance                        T2 bd-to-issues.derive_areas (title scope/crate token)
clear the needs:area park	Classify the needs:area backlog	2026-09-09T22:01:18.6783172Z        inference-conformance-report.md carries a hand-added scope paragraph the emitter never writes
clear the needs:area park	Classify the needs:area backlog	2026-09-09T22:01:18.6783357Z #5187  site-papers                              T1 site-papers: paper-factory artifact
clear the needs:area park	Classify the needs:area backlog	2026-09-09T22:01:18.6783778Z        Conformance ratchet floors are copied into ASSURANCE.md and site/src/data/paper-evidence.json with no machine binding to the registry
clear the needs:area park	Classify the needs:area backlog	2026-09-09T22:01:18.6783941Z #5188  ci                                       T1 ci: CI / orchestration infrastructure
clear the needs:area park	Classify the needs:area backlog	2026-09-09T22:01:18.6784250Z        feature-matrix: close the sparq-canon/rdf12-triple-terms C1 allowlist gap now that a fragment exists
clear the needs:area park	Classify the needs:area backlog	2026-09-09T22:01:18.6784478Z #5190  gui,deps                                 T1 gui-tauri: the Tauri desktop shell's dependency stack
clear the needs:area park	Classify the needs:area backlog	2026-09-09T22:01:18.6784937Z        sq-mc06h: remaining engine-embedding surfaces — gui/src-tauri decision + sparq-wasm byte-identical feature-off gate
clear the needs:area park	Classify the needs:area backlog	2026-09-09T22:01:18.6785159Z #5191  sparq-py                                 T2 bd-to-issues.derive_areas (title scope/crate token)
clear the needs:area park	Classify the needs:area backlog	2026-09-09T22:01:18.6785415Z        sparq-py planner tripwire vanishes silently if the features are dropped from `default`
clear the needs:area park	Classify the needs:area backlog	2026-09-09T22:01:18.6785571Z #5192  ci                                       T1 ci: CI / orchestration infrastructure
clear the needs:area park	Classify the needs:area backlog	2026-09-09T22:01:18.6785716Z        sparq-mcp has no `--no-default-features` CI lane
clear the needs:area park	Classify the needs:area backlog	2026-09-09T22:01:18.6785864Z #5193  site                                     T1 site-app: a site/ route
clear the needs:area park	Classify the needs:area backlog	2026-09-09T22:01:18.6786097Z        Stale "Privacy (ZK / MPC)" theme label in redirect-stub copy and surfaces.ts comment
clear the needs:area park	Classify the needs:area backlog	2026-09-09T22:01:18.6786314Z #5195  knowledge-graph                          T1 pkg: the project-knowledge-graph surface
clear the needs:area park	Classify the needs:area backlog	2026-09-09T22:01:18.6786728Z        pkg-query NlToolResult does not surface citations or qualification — GenAI-KB Phase 7 arms P1/P2 are placebos
clear the needs:area park	Classify the needs:area backlog	2026-09-09T22:01:18.6786956Z #5197  knowledge-graph                          T1 pkg: the project-knowledge-graph surface
clear the needs:area park	Classify the needs:area backlog	2026-09-09T22:01:18.6787167Z        bench/pkg-dogfood/stats.py asserts "honest": True instead of computing it
clear the needs:area park	Classify the needs:area backlog	2026-09-09T22:01:18.6787332Z #5204  ci                                       T1 ci: CI / orchestration infrastructure
clear the needs:area park	Classify the needs:area backlog	2026-09-09T22:01:18.6787696Z        ci: extend the sq-6vshe.1 build-profile trio to the remaining compile-bearing native lanes (miri/fuzz/kani/build-matrix)
clear the needs:area park	Classify the needs:area backlog	2026-09-09T22:01:18.6787902Z #5205  ci                                       T2 bd-to-issues.derive_areas (title scope/crate token)
clear the needs:area park	Classify the needs:area backlog	2026-09-09T22:01:18.6788371Z        ci(coverage): confirm from a real CI run that cargo-llvm-cov actually extends the new job-level RUSTFLAGS, and record the coverage-lane wall-clock tre
clear the needs:area park	Classify the needs:area backlog	2026-09-09T22:01:18.6788535Z #5208  docs                                     T1 docs: documentation-only change
clear the needs:area park	Classify the needs:area backlog	2026-09-09T22:01:18.6789278Z        Doc honesty (research/shared-eval-substrate.md): stale wasm_bundle_bytes floor — says 1686907, bench/perf-baseline.json pins 1587594
clear the needs:area park	Classify the needs:area backlog	2026-09-09T22:01:18.6789516Z #5210  sparq-reason                             T2 bd-to-issues.derive_areas (title scope/crate token)
clear the needs:area park	Classify the needs:area backlog	2026-09-09T22:01:18.6789786Z        bench(reason): measure the un-pre-folded Nemo cls-svf1/cls-int1 form against a real Nemo build
clear the needs:area park	Classify the needs:area backlog	2026-09-09T22:01:18.6789983Z #5211  ci                                       T2 bd-to-issues.derive_areas (title scope/crate token)
clear the needs:area park	Classify the needs:area backlog	2026-09-09T22:01:18.6790183Z        ci: scripts/bench-adapters/test_adapters.py is not run by any workflow
clear the needs:area park	Classify the needs:area backlog	2026-09-09T22:01:18.6790364Z #5224  e2ee                                     T1 e2ee: the end-to-end-encryption program
clear the needs:area park	Classify the needs:area backlog	2026-09-09T22:01:18.6790583Z        sparq-e2ee-ng: streaming/lazy block fetch for open_object (BlockStore trait)
clear the needs:area park	Classify the needs:area backlog	2026-09-09T22:01:18.6796573Z #5225  e2ee                                     T1 e2ee: the end-to-end-encryption program
clear the needs:area park	Classify the needs:area backlog	2026-09-09T22:01:18.6796933Z        sparq-e2ee-ng: no golden wire vector for the ObjectNodeV0 Merkle-node plaintext
clear the needs:area park	Classify the needs:area backlog	2026-09-09T22:01:18.6797303Z #5228  sparq-zk                                 T2 bd-to-issues.derive_areas (title scope/crate token)
clear the needs:area park	Classify the needs:area backlog	2026-09-09T22:01:18.6798035Z        sq-vvfte: append the DualLeafV1 host-commit shapes to research/zk-field-native-encoding.md §14
clear the needs:area park	Classify the needs:area backlog	2026-09-09T22:01:18.6798377Z #5245  e2ee                                     T1 e2ee: the end-to-end-encryption program
clear the needs:area park	Classify the needs:area backlog	2026-09-09T22:01:18.6798751Z        sparq-e2ee-ng: per-branch read secrets for a multi-branch read capability
clear the needs:area park	Classify the needs:area backlog	2026-09-09T22:01:18.6799057Z #5246  e2ee                                     T1 e2ee: the end-to-end-encryption program
clear the needs:area park	Classify the needs:area backlog	2026-09-09T22:01:18.6799583Z        sparq-e2ee-ng: design §8.2 does not document profile capability fields 15-18
clear the needs:area park	Classify the needs:area backlog	2026-09-09T22:01:18.6799859Z #5252  ci                                       T1 ci: CI / orchestration infrastructure
clear the needs:area park	Classify the needs:area backlog	2026-09-09T22:01:18.6800494Z        preflight's diff-scoped no-perf-numbers invocation bypasses the script's default exclusions (false positives vs CI)
clear the needs:area park	Classify the needs:area backlog	2026-09-09T22:01:18.6800817Z #5254  ci                                       T1 ci: CI / orchestration infrastructure
clear the needs:area park	Classify the needs:area backlog	2026-09-09T22:01:18.6801391Z        C1 guard has no local/pre-push runner — the drain path that actually broke it is uncovered
clear the needs:area park	Classify the needs:area backlog	2026-09-09T22:01:18.6801913Z #5255  ci                                       T1 ci: CI / orchestration infrastructure
clear the needs:area park	Classify the needs:area backlog	2026-09-09T22:01:18.6802411Z        A conflict resolution can silently DELETE a feature-matrix leg + its golden line and pass every gate
clear the needs:area park	Classify the needs:area backlog	2026-09-09T22:01:18.6802589Z #5257  ci                                       T1 ci: CI / orchestration infrastructure
clear the needs:area park	Classify the needs:area backlog	2026-09-09T22:01:18.6803013Z        check-feature-test-execution.py is blind to feature-gated src/ modules, so a whole module's unit tests can silently never run in CI
clear the needs:area park	Classify the needs:area backlog	2026-09-09T22:01:18.6803182Z #5258  ci                                       T1 ci: CI / orchestration infrastructure
clear the needs:area park	Classify the needs:area backlog	2026-09-09T22:01:18.6803477Z        test_mergequeue_cache_posture.py cannot see a DUPLICATED `save-if` key in a rust-cache step
clear the needs:area park	Classify the needs:area backlog	2026-09-09T22:01:18.6803702Z #5262  ci                                       T2 bd-to-issues.derive_areas (title scope/crate token)
clear the needs:area park	Classify the needs:area backlog	2026-09-09T22:01:18.6804117Z        ci: pin merge_queue grouping_strategy=ALLGREEN — the unpinned premise under merge-group test selection
clear the needs:area park	Classify the needs:area backlog	2026-09-09T22:01:18.6804360Z #5263  sparq-zk-compose                         T1 zk-compose: zk-compose circuit/verifier surface
clear the needs:area park	Classify the needs:area backlog	2026-09-09T22:01:18.6804591Z        LANG_NONE doc comments claim a small field tag "can never collide" a blake3 output
clear the needs:area park	Classify the needs:area backlog	2026-09-09T22:01:18.6804818Z #5264  sparq-mpc                                T2 bd-to-issues.derive_areas (title scope/crate token)
clear the needs:area park	Classify the needs:area backlog	2026-09-09T22:01:18.6805218Z        auth_disclose: re-scope the "adopted second operand" tier downgrade to the corrupt-DEALER model (or supply a <=t-party witness)
clear the needs:area park	Classify the needs:area backlog	2026-09-09T22:01:18.6805442Z #5265  sparq-server                             T2 bd-to-issues.derive_areas (title scope/crate token)
clear the needs:area park	Classify the needs:area backlog	2026-09-09T22:01:18.6806097Z        sparq-server query-registry update tests catch the in-flight window by wall-clock, not by a deterministic seam
clear the needs:area park	Classify the needs:area backlog	2026-09-09T22:01:18.6806278Z #5267  e2ee                                     T1 e2ee: the end-to-end-encryption program
clear the needs:area park	Classify the needs:area backlog	2026-09-09T22:01:18.6806556Z        sparq-e2ee-ng: Capability::encode_secret leaves un-zeroized secret CBOR fragments
clear the needs:area park	Classify the needs:area backlog	2026-09-09T22:01:18.6806718Z #5268  ci                                       T1 ci: CI / orchestration infrastructure
clear the needs:area park	Classify the needs:area backlog	2026-09-09T22:01:18.6807035Z        vectors-aarch64: heavy 50k recall tests run without the RAYON_NUM_THREADS=1 pin ci.yml deliberately applies
clear the needs:area park	Classify the needs:area backlog	2026-09-09T22:01:18.6807193Z #5269  ci                                       T1 ci: CI / orchestration infrastructure
clear the needs:area park	Classify the needs:area backlog	2026-09-09T22:01:18.6807447Z        CARGO_TERM_COLOR=always + machine-parsed cargo/nextest output is an unguarded CI footgun
clear the needs:area park	Classify the needs:area backlog	2026-09-09T22:01:18.6807666Z #5270  sparq-mpc                                T2 bd-to-issues.derive_areas (title scope/crate token)
clear the needs:area park	Classify the needs:area backlog	2026-09-09T22:01:18.6807975Z        MacSession::mac_check_and_open rustdoc states the batched soundness as an alpha-forgery bound only
clear the needs:area park	Classify the needs:area backlog	2026-09-09T22:01:18.6808123Z #5274  js                                       T1 js: the js/ RDF-JS client
clear the needs:area park	Classify the needs:area backlog	2026-09-09T22:01:18.6808417Z        js: `@jeswr/sparq/wasm/sparq_wasm.js` is documented but unreachable (ERR_PACKAGE_PATH_NOT_EXPORTED)
clear the needs:area park	Classify the needs:area backlog	2026-09-09T22:01:18.6808576Z #5279  ci                                       T1 ci: CI / orchestration infrastructure
clear the needs:area park	Classify the needs:area backlog	2026-09-09T22:01:18.6808805Z        Inertness audits pin a hard-coded Rust-CI workflow list that silently shrinks
clear the needs:area park	Classify the needs:area backlog	2026-09-09T22:01:18.6809061Z #5283  sparq-canon                              T1 canon-fuzz: RDFC-1.0 canonicalization in crates/sparq-canon
clear the needs:area park	Classify the needs:area backlog	2026-09-09T22:01:18.6809366Z        fuzz/tests/canonicalize_nquads.rs is dead code — nothing ever compiles or runs it
clear the needs:area park	Classify the needs:area backlog	2026-09-09T22:01:18.6809591Z #5285  sparq-solid                              T2 bd-to-issues.derive_areas (title scope/crate token)
clear the needs:area park	Classify the needs:area backlog	2026-09-09T22:01:18.6809894Z        sq-8n6iv (a): Solid-OIDC / DPoP token validation + principal derivation for an authenticated MCP path
clear the needs:area park	Classify the needs:area backlog	2026-09-09T22:01:18.6810120Z #5287  sparq-mcp                                T2 bd-to-issues.derive_areas (title scope/crate token)
clear the needs:area park	Classify the needs:area backlog	2026-09-09T22:01:18.6810332Z        sparq-mcp pod mode: container_list returns members the session may not read
clear the needs:area park	Classify the needs:area backlog	2026-09-09T22:01:18.6810566Z #5288  site-specs                               T1 site-specs: authors/edits a Typst UPD under site/specs
clear the needs:area park	Classify the needs:area backlog	2026-09-09T22:01:18.6810869Z        Doc drift: crates/sparq-mcp and skills/agent-tools cite site/specs/mcp-solid.typ, which does not exist
clear the needs:area park	Classify the needs:area backlog	2026-09-09T22:01:18.6811085Z #5290  sparq-serve                              T2 bd-to-issues.derive_areas (title scope/crate token)
clear the needs:area park	Classify the needs:area backlog	2026-09-09T22:01:18.6811291Z        change-stream: per-commit CDC recording is O(full graph), not O(delta)
clear the needs:area park	Classify the needs:area backlog	2026-09-09T22:01:18.6811503Z #5292  sparq-trust                              T2 bd-to-issues.derive_areas (title scope/crate token)
clear the needs:area park	Classify the needs:area backlog	2026-09-09T22:01:18.6812073Z        sparq-trust README honesty sweep: a merged feature was documented as PLANNED — not implemented
clear the needs:area park	Classify the needs:area backlog	2026-09-09T22:01:18.6812320Z #5294  sparq-conformance                        T2 bd-to-issues.derive_areas (title scope/crate token)
clear the needs:area park	Classify the needs:area backlog	2026-09-09T22:01:18.6812668Z        inference report: committed Overall heading + provenance paragraph are hand-edits the generator cannot reproduce
clear the needs:area park	Classify the needs:area backlog	2026-09-09T22:01:18.6812832Z #5295  ci                                       T1 ci: CI / orchestration infrastructure
clear the needs:area park	Classify the needs:area backlog	2026-09-09T22:01:18.6813145Z        Generalize the ratchet-copy drift gate to the SPARQL conformance job (RATCHET=1229) and scoreboard.rs prose
clear the needs:area park	Classify the needs:area backlog	2026-09-09T22:01:18.6813359Z #5298  sparq-zk                                 T2 bd-to-issues.derive_areas (title scope/crate token)
clear the needs:area park	Classify the needs:area backlog	2026-09-09T22:01:18.6813794Z        sparq-zk: ZkDataset::query_traced should reject FROM / FROM NAMED prover-side, symmetric to the verifier gate (sq-p2hci follow-up)
clear the needs:area park	Classify the needs:area backlog	2026-09-09T22:01:18.6813949Z #5301  ci                                       T1 ci: CI / orchestration infrastructure
clear the needs:area park	Classify the needs:area backlog	2026-09-09T22:01:18.6814620Z        CI cache: the same first-writer-wins contention as sq-an4by exists on the cross-workflow `site-wasm` / `differential-nightly` shared-keys
clear the needs:area park	Classify the needs:area backlog	2026-09-09T22:01:18.6814845Z #5302  sparq-trust                              T2 bd-to-issues.derive_areas (title scope/crate token)
clear the needs:area park	Classify the needs:area backlog	2026-09-09T22:01:18.6815126Z        trust-expression fixture guard: substring scan for KNOWN_FAILING is self-triggering by design
clear the needs:area park	Classify the needs:area backlog	2026-09-09T22:01:18.6815284Z #5307  ci                                       T1 ci: CI / orchestration infrastructure
clear the needs:area park	Classify the needs:area backlog	2026-09-09T22:01:18.6815523Z        CI: scripts/agent-telemetry/**/*.md is gated by lychee + typos but not by markdownlint
clear the needs:area park	Classify the needs:area backlog	2026-09-09T22:01:18.6815746Z #5309  sparq-solid                              T2 bd-to-issues.derive_areas (title scope/crate token)
clear the needs:area park	Classify the needs:area backlog	2026-09-09T22:01:18.6815974Z        sparq-solid: deterministic per-document skolemization (replace positional gix)
clear the needs:area park	Classify the needs:area backlog	2026-09-09T22:01:18.6816200Z #5310  sparq-solid                              T2 bd-to-issues.derive_areas (title scope/crate token)
clear the needs:area park	Classify the needs:area backlog	2026-09-09T22:01:18.6816452Z        sparq-solid: memoize the resource set + ancestry closure (invariant under ACL writes)
clear the needs:area park	Classify the needs:area backlog	2026-09-09T22:01:18.6816664Z #5311  sparq-solid                              T2 bd-to-issues.derive_areas (title scope/crate token)
clear the needs:area park	Classify the needs:area backlog	2026-09-09T22:01:18.6816884Z        sparq-solid: global principal-lattice summary + full-materialize fallback
clear the needs:area park	Classify the needs:area backlog	2026-09-09T22:01:18.6817096Z #5312  sparq-solid                              T2 bd-to-issues.derive_areas (title scope/crate token)
clear the needs:area park	Classify the needs:area backlog	2026-09-09T22:01:18.6817430Z        sparq-solid: control-document dependency + reverse-dependency index (with rule-linkage exhaustiveness test)
clear the needs:area park	Classify the needs:area backlog	2026-09-09T22:01:18.6817645Z #5313  sparq-solid                              T2 bd-to-issues.derive_areas (title scope/crate token)
clear the needs:area park	Classify the needs:area backlog	2026-09-09T22:01:18.6817896Z        sparq-solid: scoped-vs-full materializer property-test harness (7 named regressions)
clear the needs:area park	Classify the needs:area backlog	2026-09-09T22:01:18.6818119Z #5314  sparq-solid                              T2 bd-to-issues.derive_areas (title scope/crate token)
clear the needs:area park	Classify the needs:area backlog	2026-09-09T22:01:18.6818265Z        sparq-solid: WAC pod-scoped materialize + splice
clear the needs:area park	Classify the needs:area backlog	2026-09-09T22:01:18.6818484Z #5315  sparq-solid                              T2 bd-to-issues.derive_areas (title scope/crate token)
clear the needs:area park	Classify the needs:area backlog	2026-09-09T22:01:18.6818615Z        sparq-solid: ACP pod-scoped materialize + splice
clear the needs:area park	Classify the needs:area backlog	2026-09-09T22:01:18.6818829Z #5316  sparq-solid                              T2 bd-to-issues.derive_areas (title scope/crate token)
clear the needs:area park	Classify the needs:area backlog	2026-09-09T22:01:18.6819128Z        sparq-solid: AuthIndex per-origin bucket patch (replace whole-view from_graph on the scoped path)
clear the needs:area park	Classify the needs:area backlog	2026-09-09T22:01:18.6819346Z #5317  sparq-solid                              T2 bd-to-issues.derive_areas (title scope/crate token)
clear the needs:area park	Classify the needs:area backlog	2026-09-09T22:01:18.6819511Z        sparq-solid: scoped invalidation for group-document edits
clear the needs:area park	Classify the needs:area backlog	2026-09-09T22:01:18.6819689Z #5321  zk-xpath                                 T1 zk-xpath: zk/xpath (noir_XPath) sources
clear the needs:area park	Classify the needs:area backlog	2026-09-09T22:01:18.6820051Z        noir_XPath: mirror the fn:avg(()) divergence decision upstream (verify actual behaviour + doc-comment it at the source)
clear the needs:area park	Classify the needs:area backlog	2026-09-09T22:01:18.6820292Z #5323  sparq-trust                              T1 trust-graph: the solid trust-graph / admission surface
clear the needs:area park	Classify the needs:area backlog	2026-09-09T22:01:18.6820576Z        sq-pfae.11 residue: real Control-gating wiring + in-.acr ABAC-rule discovery (both P4 / sq-pfae.5)
clear the needs:area park	Classify the needs:area backlog	2026-09-09T22:01:18.6820739Z #5325  ci                                       T1 ci: CI / orchestration infrastructure
clear the needs:area park	Classify the needs:area backlog	2026-09-09T22:01:18.6821106Z        Wire scripts/bead-export-sync.sh --apply into the autonomous-scheduler tick (not just the AGENTS.md maintenance loop)
clear the needs:area park	Classify the needs:area backlog	2026-09-09T22:01:18.6821268Z #5326  ci                                       T1 ci: CI / orchestration infrastructure
clear the needs:area park	Classify the needs:area backlog	2026-09-09T22:01:18.6821498Z        Add a staleness ALARM for the committed bead board (.beads/issues.jsonl on main)
clear the needs:area park	Classify the needs:area backlog	2026-09-09T22:01:18.6821869Z #5330  ci,sparq-vectors                         T0 author-declared crate_or_surface/crates field
clear the needs:area park	Classify the needs:area backlog	2026-09-09T22:01:18.6822433Z        vamana-disk: give the extracted crate a heavy-recall CI shard and move the 50k harness + pareto_bench down to it
clear the needs:area park	Classify the needs:area backlog	2026-09-09T22:01:18.6822595Z #5331  ci                                       T1 ci: CI / orchestration infrastructure
clear the needs:area park	Classify the needs:area backlog	2026-09-09T22:01:18.6822845Z        vamana-disk: not covered by the cargo-mutants matrix or the per-crate coverage ratchet
clear the needs:area park	Classify the needs:area backlog	2026-09-09T22:01:18.6823078Z #5335  sparq-vectors                            T2 bd-to-issues.derive_areas (title scope/crate token)
clear the needs:area park	Classify the needs:area backlog	2026-09-09T22:01:18.6823294Z        test(vectors): no in-tree NEON equivalent of the x86_64 AVX2 non-vacuity guard
clear the needs:area park	Classify the needs:area backlog	2026-09-09T22:01:18.6823517Z #5337  sparq-reason                             T2 bd-to-issues.derive_areas (title scope/crate token)
clear the needs:area park	Classify the needs:area backlog	2026-09-09T22:01:18.6823770Z        sparq-reason: fold the two derived-integer XSD facet tables into one crate-internal table
clear the needs:area park	Classify the needs:area backlog	2026-09-09T22:01:18.6823928Z #5339  ci                                       T1 ci: CI / orchestration infrastructure
clear the needs:area park	Classify the needs:area backlog	2026-09-09T22:01:18.6824203Z        sparq-server: add feature-matrix legs for `shacl` and `backup` (allowlisted no-executor gaps)
clear the needs:area park	Classify the needs:area backlog	2026-09-09T22:01:18.6824396Z #5340  ci                                       T1 ci: CI / orchestration infrastructure
clear the needs:area park	Classify the needs:area backlog	2026-09-09T22:01:18.6824695Z        sparq-server: `n3-patch`-gated tests in tests/gsp_patch.rs have no CI executor and no allowlist entry
clear the needs:area park	Classify the needs:area backlog	2026-09-09T22:01:18.6824845Z #5341  ci                                       T1 ci: CI / orchestration infrastructure
clear the needs:area park	Classify the needs:area backlog	2026-09-09T22:01:18.6825171Z        mutation ratchet: the per-crate `features:` list in ci.yml drifts silently when a new default-OFF feature lands
clear the needs:area park	Classify the needs:area backlog	2026-09-09T22:01:18.6825388Z #5344  sparq-solid                              T2 bd-to-issues.derive_areas (title scope/crate token)
clear the needs:area park	Classify the needs:area backlog	2026-09-09T22:01:18.6825680Z        sparq-solid: decide the trust model for cross-document control triples in the merged reasoner input
clear the needs:area park	Classify the needs:area backlog	2026-09-09T22:01:18.6825860Z #5347  zk-xpath                                 T1 zk-xpath: zk/xpath (noir_XPath) sources
clear the needs:area park	Classify the needs:area backlog	2026-09-09T22:01:18.6826343Z        zk/xpath differential: no guard expires the host-side codepoint->byte substring conversion when noir_XPath gains a codepoint-positional substring
clear the needs:area park	Classify the needs:area backlog	2026-09-09T22:01:18.6826516Z #5348  docs                                     T1 docs: documentation-only change
clear the needs:area park	Classify the needs:area backlog	2026-09-09T22:01:18.6826810Z        Doc honesty drift: several docs still say the DualLeafV1 leaf encoding is "NOT implemented (sq-j506)"
clear the needs:area park	Classify the needs:area backlog	2026-09-09T22:01:18.6827051Z #5349  sparq-zk-compose                         T1 zk-compose: zk-compose circuit/verifier surface
clear the needs:area park	Classify the needs:area backlog	2026-09-09T22:01:18.6827323Z        sq-j506 remainder: verify_manifest does not read the recorded zk:scheme to gate sub-proofs
clear the needs:area park	Classify the needs:area backlog	2026-09-09T22:01:18.6827542Z #5350  sparq-zk                                 T2 bd-to-issues.derive_areas (title scope/crate token)
clear the needs:area park	Classify the needs:area backlog	2026-09-09T22:01:18.6827772Z        GraphCommitment::method is not yet consumed by the ingest/registry write path
clear the needs:area park	Classify the needs:area backlog	2026-09-09T22:01:18.6827927Z #5356  ci                                       T1 ci: CI / orchestration infrastructure
clear the needs:area park	Classify the needs:area backlog	2026-09-09T22:01:18.6828193Z        CI: harden the 19 conformance ratchet parsers from first-match (`head -1`) to last-match
clear the needs:area park	Classify the needs:area backlog	2026-09-09T22:01:18.6828418Z #5358  sparq-canon                              T2 bd-to-issues.derive_areas (title scope/crate token)
clear the needs:area park	Classify the needs:area backlog	2026-09-09T22:01:18.6828757Z        sparq-canon rdf12 profile: eager permutations() defeats the HNDQ poison-graph guard (OOM instead of fail-closed)
clear the needs:area park	Classify the needs:area backlog	2026-09-09T22:01:18.6828978Z #5359  sparq-canon                              T2 bd-to-issues.derive_areas (title scope/crate token)
clear the needs:area park	Classify the needs:area backlog	2026-09-09T22:01:18.6829298Z        sparq-canon: standard path silently rejects RDF-1.2 directional-language literals via the oxrdf-0.2 bridge
clear the needs:area park	Classify the needs:area backlog	2026-09-09T22:01:18.6829526Z #5360  sparq-difftest                           T2 bd-to-issues.derive_areas (title scope/crate token)
clear the needs:area park	Classify the needs:area backlog	2026-09-09T22:01:18.6829840Z        deny.toml duplicate-version blocker registry omits sparq-difftest as a holder of oxrdf 0.2 / rdf-canon
clear the needs:area park	Classify the needs:area backlog	2026-09-09T22:01:18.6830086Z #5362  ci                                       T1 ci: CI / orchestration infrastructure
clear the needs:area park	Classify the needs:area backlog	2026-09-09T22:01:18.6830625Z        feature-matrix: no lane anywhere runs `cargo test --all-features` for any crate — sparq-solid is the only one now covered
clear the needs:area park	Classify the needs:area backlog	2026-09-09T22:01:18.6830781Z #5368  ci                                       T1 ci: CI / orchestration infrastructure
clear the needs:area park	Classify the needs:area backlog	2026-09-09T22:01:18.6831137Z        ci: flaky-leg rerun probe only covers omnibus branches, so a red feature-matrix leg on a normal PR has no flake evidence
clear the needs:area park	Classify the needs:area backlog	2026-09-09T22:01:18.6831298Z #5369  ci                                       T1 ci: CI / orchestration infrastructure
clear the needs:area park	Classify the needs:area backlog	2026-09-09T22:01:18.6831501Z        CI: no gate catches a duplicate YAML mapping key in .github/workflows/*.yml
clear the needs:area park	Classify the needs:area backlog	2026-09-09T22:01:18.6832154Z #5373  sparq-reason                             T1 eyereasoner: the eyereasoner-compat surface in crates/sparq-reason
clear the needs:area park	Classify the needs:area backlog	2026-09-09T22:01:18.6832499Z        eyereasoner-compat: wire the _plus_rules output modes to the new reason_n3_pass_all (sq-xqchl.2 second half)
clear the needs:area park	Classify the needs:area backlog	2026-09-09T22:01:18.6832760Z #5375  sparq-zk-compose                         T1 zk-compose: zk-compose circuit/verifier surface
clear the needs:area park	Classify the needs:area backlog	2026-09-09T22:01:18.6833027Z        ZK: no prover-side helper derives the honest `ProofManifest::pattern_scans` declaration
clear the needs:area park	Classify the needs:area backlog	2026-09-09T22:01:18.6833252Z #5376  sparq-zk-compose                         T1 zk-compose: zk-compose circuit/verifier surface
clear the needs:area park	Classify the needs:area backlog	2026-09-09T22:01:18.6833773Z        ZK: `global_attributions` and `bind_joins` still resolve pattern→scan by constant MEMBERSHIP, not the declared `pattern_scans`
clear the needs:area park	Classify the needs:area backlog	2026-09-09T22:01:18.6833987Z #5379  ci                                       T2 bd-to-issues.derive_areas (title scope/crate token)
clear the needs:area park	Classify the needs:area backlog	2026-09-09T22:01:18.6834243Z        ci(gate): close or re-scope #3758 — its residual is now fully addressed
clear the needs:area park	Classify the needs:area backlog	2026-09-09T22:01:18.6834468Z #5383  sparq-solid                              T2 bd-to-issues.derive_areas (title scope/crate token)
clear the needs:area park	Classify the needs:area backlog	2026-09-09T22:01:18.6834684Z        Audit ACP for other unrecognized-attribute fail-OPEN matchers beyond acp:vc
clear the needs:area park	Classify the needs:area backlog	2026-09-09T22:01:18.6834926Z #5386  sparq-zk-compose                         T1 zk-compose: zk-compose circuit/verifier surface
clear the needs:area park	Classify the needs:area backlog	2026-09-09T22:01:18.6835191Z        zk-compose: query-semantic witness that scans excluded by `pattern_scans` cannot contribute
clear the needs:area park	Classify the needs:area backlog	2026-09-09T22:01:18.6835358Z #5387  ci                                       T1 ci: CI / orchestration infrastructure
clear the needs:area park	Classify the needs:area backlog	2026-09-09T22:01:18.6835777Z        docs(honesty): OpenSSF slice still claims Scorecard uploads SARIF to code-scanning — the upload step was removed
clear the needs:area park	Classify the needs:area backlog	2026-09-09T22:01:18.6835937Z #5388  ci                                       T1 ci: CI / orchestration infrastructure
clear the needs:area park	Classify the needs:area backlog	2026-09-09T22:01:18.6836452Z        docs(honesty): CIS slice contradicts itself on GX-12 — gap-register says container scanning ADDRESSED, controls.md/README still say OPEN
clear the needs:area park	Classify the needs:area backlog	2026-09-09T22:01:18.6836656Z #5389  docs                                     T2 bd-to-issues.derive_areas (title scope/crate token)
clear the needs:area park	Classify the needs:area backlog	2026-09-09T22:01:18.6836963Z        docs(honesty): unsafe-crate count drift across compliance slices (26/31 vs 31/36 vs threat-model 42/44)
clear the needs:area park	Classify the needs:area backlog	2026-09-09T22:01:18.6837129Z #5390  ci                                       T1 ci: CI / orchestration infrastructure
clear the needs:area park	Classify the needs:area backlog	2026-09-09T22:01:18.6837387Z        chore(compliance): grep-a-workflow-file evidence steps prove existence, not execution
clear the needs:area park	Classify the needs:area backlog	2026-09-09T22:01:18.6837614Z #5391  sparq-reason                             T2 bd-to-issues.derive_areas (title scope/crate token)
clear the needs:area park	Classify the needs:area backlog	2026-09-09T22:01:18.6837834Z        reason_n3_pass_all leaks the engine-internal `__ua_` name for @forAll universals
clear the needs:area park	Classify the needs:area backlog	2026-09-09T22:01:18.6837989Z #5394  ci                                       T1 ci: CI / orchestration infrastructure
clear the needs:area park	Classify the needs:area backlog	2026-09-09T22:01:18.6838205Z        bd-to-issues.py plan() silently drops bd's `blocked-by`-typed dependency rows
clear the needs:area park	Classify the needs:area backlog	2026-09-09T22:01:18.6838359Z #5395  ci                                       T1 ci: CI / orchestration infrastructure
clear the needs:area park	Classify the needs:area backlog	2026-09-09T22:01:18.6838655Z        Decide (and then implement or decline) mirroring bd blocker edges into NATIVE GitHub issue dependencies
clear the needs:area park	Classify the needs:area backlog	2026-09-09T22:01:18.6839059Z #5398  ci                                       T1 ci: CI / orchestration infrastructure
clear the needs:area park	Classify the needs:area backlog	2026-09-09T22:01:18.6839314Z        The required-check name `gate` is now hard-coded in three scripts with no cross-file pin
clear the needs:area park	Classify the needs:area backlog	2026-09-09T22:01:18.6839590Z #5410  sparq-vectors                            T1 vectors-spqv: the .spqv / fusion surface in crates/sparq-vectors
clear the needs:area park	Classify the needs:area backlog	2026-09-09T22:01:18.6839860Z        Cross-reference the external-key .spqv profile from the urn:concept verifier design record
clear the needs:area park	Classify the needs:area backlog	2026-09-09T22:01:18.6840003Z #5414  js                                       T1 js: the js/ RDF-JS client
clear the needs:area park	Classify the needs:area backlog	2026-09-09T22:01:18.6840256Z        js: `_copy:wasm` still uses `rm -rf`/`cp`, so the git-pin `prepare` build cannot work on Windows
clear the needs:area park	Classify the needs:area backlog	2026-09-09T22:01:18.6840479Z #5420  sparq-mpc                                T2 bd-to-issues.derive_areas (title scope/crate token)
clear the needs:area park	Classify the needs:area backlog	2026-09-09T22:01:18.6840783Z        MPC: MacSession::auth_mul needs Chida-style multiplication-gate verification binding BOTH operands
clear the needs:area park	Classify the needs:area backlog	2026-09-09T22:01:18.6840953Z #5423  ci                                       T1 ci: CI / orchestration infrastructure
clear the needs:area park	Classify the needs:area backlog	2026-09-09T22:01:18.6841171Z        docs-quality.yml: no lint catches the same gate script wired into one job twice
clear the needs:area park	Classify the needs:area backlog	2026-09-09T22:01:18.6841387Z #5449  sparq-mpc                                T2 bd-to-issues.derive_areas (title scope/crate token)
clear the needs:area park	Classify the needs:area backlog	2026-09-09T22:01:18.6841971Z        MPC: pre-existing "MAC-check before open" wording overstates the transcript ordering across auth_compare / auth_disclose / the design doc
clear the needs:area park	Classify the needs:area backlog	2026-09-09T22:01:18.6842129Z #5458  ci                                       T1 ci: CI / orchestration infrastructure
clear the needs:area park	Classify the needs:area backlog	2026-09-09T22:01:18.6842441Z        Decide whether the unattributed residue should be PARKED needs:area, not only counted (#5004 write half)
clear the needs:area park	Classify the needs:area backlog	2026-09-09T22:01:18.6842655Z #5468  sparq-zk                                 T2 bd-to-issues.derive_areas (title scope/crate token)
clear the needs:area park	Classify the needs:area backlog	2026-09-09T22:01:18.6843060Z        sparq-zk: VALUE_NONE rustdoc omits the §14.1 reserved-tag obligation (and the constant does not satisfy it)
clear the needs:area park	Classify the needs:area backlog	2026-09-09T22:01:18.6843295Z #5469  sparq-canon                              T2 bd-to-issues.derive_areas (title scope/crate token)
clear the needs:area park	Classify the needs:area backlog	2026-09-09T22:01:18.6843563Z        sparq-canon rdf12: eager permutation materialization defeats the HNDQ poison-graph guard
clear the needs:area park	Classify the needs:area backlog	2026-09-09T22:01:18.6843791Z #5470  sparq-difftest                           T2 bd-to-issues.derive_areas (title scope/crate token)
clear the needs:area park	Classify the needs:area backlog	2026-09-09T22:01:18.6844051Z        deny.toml duplicate-version blocker registry omits sparq-difftest as an oxrdf 0.2 holder
clear the needs:area park	Classify the needs:area backlog	2026-09-09T22:01:18.6844266Z #5471  sparq-canon                              T2 bd-to-issues.derive_areas (title scope/crate token)
clear the needs:area park	Classify the needs:area backlog	2026-09-09T22:01:18.6844735Z        Program: delete sparq-canon's oxrdf-0.3 ↔ 0.2 N-Quads bridge (beads for research/sparq-canon-oxrdf03-bridge-removal.md §8)
clear the needs:area park	Classify the needs:area backlog	2026-09-09T22:01:18.6844890Z #5477  ci                                       T1 ci: CI / orchestration infrastructure
clear the needs:area park	Classify the needs:area backlog	2026-09-09T22:01:18.6845163Z        docs gates: book/** is still outside the advisory external-links (lychee online) file list
clear the needs:area park	Classify the needs:area backlog	2026-09-09T22:01:18.6845316Z #5478  ci                                       T1 ci: CI / orchestration infrastructure
clear the needs:area park	Classify the needs:area backlog	2026-09-09T22:01:18.6845690Z        advisory.markdownlint-cli2.jsonc ignores only research/ + zk/, but is documented as "whole repo MINUS the HARD-gated dirs"
clear the needs:area park	Classify the needs:area backlog	2026-09-09T22:01:18.6845847Z #5479  ci                                       T1 ci: CI / orchestration infrastructure
clear the needs:area park	Classify the needs:area backlog	2026-09-09T22:01:18.6846377Z        docs gates: the metrics/ "add to lychee once #1064/#1063 merge" note in .markdownlint-cli2.jsonc is now stale — metrics/ can join internal-links
clear the needs:area park	Classify the needs:area backlog	2026-09-09T22:01:18.6846605Z #5482  sparq-canon                              T2 bd-to-issues.derive_areas (title scope/crate token)
clear the needs:area park	Classify the needs:area backlog	2026-09-09T22:01:18.6846869Z        sparq-canon: the standard path's TripleTerm guard also assumes triple terms are object-only
clear the needs:area park	Classify the needs:area backlog	2026-09-09T22:01:18.6847095Z #5485  sparq-trust                              T2 bd-to-issues.derive_areas (title scope/crate token)
clear the needs:area park	Classify the needs:area backlog	2026-09-09T22:01:18.6847592Z        sparq-trust: wire require_one_side_bound into wire::derive_grants as a fail-closed pre-check
clear the needs:area park	Classify the needs:area backlog	2026-09-09T22:01:18.6847807Z #5486  sparq-trust                              T2 bd-to-issues.derive_areas (title scope/crate token)
clear the needs:area park	Classify the needs:area backlog	2026-09-09T22:01:18.6848135Z        sparq-trust: admissibility transitive-closure rule is only safe while LEVEL_ORDERS stays a bundled constant
clear the needs:area park	Classify the needs:area backlog	2026-09-09T22:01:18.6848353Z #5488  sparq-server                             T2 bd-to-issues.derive_areas (title scope/crate token)
clear the needs:area park	Classify the needs:area backlog	2026-09-09T22:01:18.6848671Z        perf: lock-free ring-pressure gauge so streaming admission does not take the writer-side mutex per request
clear the needs:area park	Classify the needs:area backlog	2026-09-09T22:01:18.6848887Z #5490  sparq-mpc                                T2 bd-to-issues.derive_areas (title scope/crate token)
clear the needs:area park	Classify the needs:area backlog	2026-09-09T22:01:18.6849153Z        Reconcile the research records now that sq-shk5 (DP output cardinality + eps budget) has landed
clear the needs:area park	Classify the needs:area backlog	2026-09-09T22:01:18.6849369Z #5491  sparq-mpc                                T2 bd-to-issues.derive_areas (title scope/crate token)
clear the needs:area park	Classify the needs:area backlog	2026-09-09T22:01:18.6849635Z        sparq-mpc DP mode: distributed noise generation (the dealer currently learns the true count)
clear the needs:area park	Classify the needs:area backlog	2026-09-09T22:01:18.6849849Z #5492  sparq-mpc                                T2 bd-to-issues.derive_areas (title scope/crate token)
clear the needs:area park	Classify the needs:area backlog	2026-09-09T22:01:18.6850125Z        sparq-mpc DP mode: tighter privacy accounting (advanced composition / zCDP) for EpsilonLedger
clear the needs:area park	Classify the needs:area backlog	2026-09-09T22:01:18.6850356Z #5494  zk                                       T1 zk-ieee754-title: zk/ieee754 (sparq_ieee754) named in the title
clear the needs:area park	Classify the needs:area backlog	2026-09-09T22:01:18.6850737Z        zk-toolchain.yml header still cites the externalization-time face-repo versions (noir_IEEE754 v0.10.0, noir_XPath v0.2.0)
clear the needs:area park	Classify the needs:area backlog	2026-09-09T22:01:18.6850919Z #5495  zk-xpath                                 T1 zk-xpath: zk/xpath (noir_XPath) sources
clear the needs:area park	Classify the needs:area backlog	2026-09-09T22:01:18.6851290Z        run_differential_harness.sh --update-committed hard-requires nargo even though the golden regeneration is cargo-only
clear the needs:area park	Classify the needs:area backlog	2026-09-09T22:01:18.6851655Z #5497  sparq-zk-compose                         T1 zk-compose: zk-compose circuit/verifier surface
clear the needs:area park	Classify the needs:area backlog	2026-09-09T22:01:18.6852067Z        M4-v1: cross-check the federated public-input word convention against sparq-zk-compose's single-source reconstruct_public_inputs
clear the needs:area park	Classify the needs:area backlog	2026-09-09T22:01:18.6852234Z #5498  ci                                       T1 ci: CI / orchestration infrastructure
clear the needs:area park	Classify the needs:area backlog	2026-09-09T22:01:18.6852606Z        preflight.py misses the C1 feature-gated-test-execution guard, so a new opt-in feature reds the whole feature-matrix on CI
clear the needs:area park	Classify the needs:area backlog	2026-09-09T22:01:18.6852831Z #5506  sparq-zk-compose                         T1 zk-compose: zk-compose circuit/verifier surface
clear the needs:area park	Classify the needs:area backlog	2026-09-09T22:01:18.6853053Z        zk: extend the operand_enc drift guard to the GUI's copy of the committed fixtures
clear the needs:area park	Classify the needs:area backlog	2026-09-09T22:01:18.6853251Z #5507  gui                                      T2 bd-to-issues.derive_areas (title scope/crate token)
clear the needs:area park	Classify the needs:area backlog	2026-09-09T22:01:18.6853438Z        gui: add Playwright coverage for the new ZK + MPC workbench tools
clear the needs:area park	Classify the needs:area backlog	2026-09-09T22:01:18.6853598Z #5511  ci                                       T1 ci: CI / orchestration infrastructure
clear the needs:area park	Classify the needs:area backlog	2026-09-09T22:01:18.6853913Z        test_ring_credential_loud.py depends on ambient `jq` and fails with a misleading assertion when it is absent
clear the needs:area park	Classify the needs:area backlog	2026-09-09T22:01:18.6854142Z #5516  sparq-server                             T2 bd-to-issues.derive_areas (title scope/crate token)
clear the needs:area park	Classify the needs:area backlog	2026-09-09T22:01:18.6854360Z        sparq-server: make the degraded-response byte budget operator-configurable
clear the needs:area park	Classify the needs:area backlog	2026-09-09T22:01:18.6854579Z #5517  sparq-server                             T2 bd-to-issues.derive_areas (title scope/crate token)
clear the needs:area park	Classify the needs:area backlog	2026-09-09T22:01:18.6854882Z        sparq-server: CSV/TSV/XML SELECT and CONSTRUCT/DESCRIBE still materialise the whole response unbounded
clear the needs:area park	Classify the needs:area backlog	2026-09-09T22:01:18.6855077Z #5519  gui                                      T2 bd-to-issues.derive_areas (title scope/crate token)
clear the needs:area park	Classify the needs:area backlog	2026-09-09T22:01:18.6855404Z        perf(gui): gui/app is missing the radix-ui barrel tree-shake that site/ has
clear the needs:area park	Classify the needs:area backlog	2026-09-09T22:01:18.6855658Z #5521  ci                                       T1 ci: CI / orchestration infrastructure
clear the needs:area park	Classify the needs:area backlog	2026-09-09T22:01:18.6855952Z        sq-lfmvd stage-1 observation: confirm ci-summary-status fires and agrees with `ci-summary / gate`
clear the needs:area park	Classify the needs:area backlog	2026-09-09T22:01:18.6856108Z #5522  ci                                       T1 ci: CI / orchestration infrastructure
clear the needs:area park	Classify the needs:area backlog	2026-09-09T22:01:18.6856408Z        sq-lfmvd blocker for stage 3: the cancelled-newest-run re-dispatch has no home in the slotless design
clear the needs:area park	Classify the needs:area backlog	2026-09-09T22:01:18.6856562Z #5523  ci                                       T1 ci: CI / orchestration infrastructure
clear the needs:area park	Classify the needs:area backlog	2026-09-09T22:01:18.6856860Z        sq-lfmvd: the slotless evaluator holds every draft PR at `pending` instead of evaluating at draft tier
clear the needs:area park	Classify the needs:area backlog	2026-09-09T22:01:18.6857088Z #5527  sparq-server                             T2 bd-to-issues.derive_areas (title scope/crate token)
clear the needs:area park	Classify the needs:area backlog	2026-09-09T22:01:18.6857423Z        slow-query-log: a streamed SELECT's recorded wall time is a lower bound (measurement stops at the response head)
clear the needs:area park	Classify the needs:area backlog	2026-09-09T22:01:18.6857586Z #5533  ci                                       T1 ci: CI / orchestration infrastructure
clear the needs:area park	Classify the needs:area backlog	2026-09-09T22:01:18.6857892Z        OrchestrationSafeInertnessTests still audits a hand-maintained Rust-CI workflow list (fail-open)
clear the needs:area park	Classify the needs:area backlog	2026-09-09T22:01:18.6858046Z #5535  ci                                       T1 ci: CI / orchestration infrastructure
clear the needs:area park	Classify the needs:area backlog	2026-09-09T22:01:18.6858337Z        selection-alarm: a failed DECLARED-ADVISORY lane both mints a finding and blocks the window bound
clear the needs:area park	Classify the needs:area backlog	2026-09-09T22:01:18.6858486Z #5536  ci                                       T1 ci: CI / orchestration infrastructure
clear the needs:area park	Classify the needs:area backlog	2026-09-09T22:01:18.6858767Z        Measure and repair the nightly full-matrix backstop's own health (#5025 acceptance items 1 and 3)
clear the needs:area park	Classify the needs:area backlog	2026-09-09T22:01:18.6858990Z #5538  sparq-policy                             T2 bd-to-issues.derive_areas (title scope/crate token)
clear the needs:area park	Classify the needs:area backlog	2026-09-09T22:01:18.6859319Z        sparq-policy: retire VENDORED_SEC_PROP_DIMS exemption now that the vendored dimensions are declared subjects
clear the needs:area park	Classify the needs:area backlog	2026-09-09T22:01:18.6859552Z #5539  sparq-vectors                            T2 bd-to-issues.derive_areas (title scope/crate token)
clear the needs:area park	Classify the needs:area backlog	2026-09-09T22:01:18.6859750Z        unsafe-register: the four sparq-vectors simd.rs rows are 2 lines stale
clear the needs:area park	Classify the needs:area backlog	2026-09-09T22:01:18.6859938Z #5540  site-papers                              T1 site-papers: paper-factory artifact
clear the needs:area park	Classify the needs:area backlog	2026-09-09T22:01:18.6860199Z        memsafety evidence MS-1: '60 total crates' is stale (live: 68) and the accounting does not add up
clear the needs:area park	Classify the needs:area backlog	2026-09-09T22:01:18.6860399Z #5541  bench                                    T0 author-declared crate_or_surface/crates field
clear the needs:area park	Classify the needs:area backlog	2026-09-09T22:01:18.6860613Z        Follow-up to #3699: move the DiskANN recall/Pareto harnesses into sparq-vamana
clear the needs:area park	Classify the needs:area backlog	2026-09-09T22:01:18.6860848Z #5543  sparq-fedplan-mpc                        T2 bd-to-issues.derive_areas (title scope/crate token)
clear the needs:area park	Classify the needs:area backlog	2026-09-09T22:01:18.6861288Z        sq-1fo4 follow-up: maintainer decision on §9 Q3 — where the Phase-5 plan digest attaches to the collaborative proof
clear the needs:area park	Classify the needs:area backlog	2026-09-09T22:01:18.6861642Z #5544  sparq-zk-compose                         T1 zk-compose: zk-compose circuit/verifier surface
clear the needs:area park	Classify the needs:area backlog	2026-09-09T22:01:18.6861988Z        sq-1fo4 follow-up: extend the M4-v1 federated public-input layout to carry the Phase-5 plan digest (audit-gated)
clear the needs:area park	Classify the needs:area backlog	2026-09-09T22:01:18.6862214Z #5549  sparq-solid                              T2 bd-to-issues.derive_areas (title scope/crate token)
clear the needs:area park	Classify the needs:area backlog	2026-09-09T22:01:18.6862645Z        sparq-solid: positional skolemization makes put_acl churn unrelated documents' skolem IRIs (defeats the sq-b7k7u diff on blank-node ACRs)
clear the needs:area park	Classify the needs:area backlog	2026-09-09T22:01:18.6862868Z #5550  sparq-solid                              T2 bd-to-issues.derive_areas (title scope/crate token)
clear the needs:area park	Classify the needs:area backlog	2026-09-09T22:01:18.6863286Z        sparq-solid: a static-target update_as write to a content-graph group document does not re-materialize the auth view (stale-grant window)
clear the needs:area park	Classify the needs:area backlog	2026-09-09T22:01:18.6863633Z #5551  sparq-solid                              T2 bd-to-issues.derive_areas (title scope/crate token)
clear the needs:area park	Classify the needs:area backlog	2026-09-09T22:01:18.6864236Z        sparq-solid: security review — does a named graph <https://> break the container-chain origin-termination assumption?
clear the needs:area park	Classify the needs:area backlog	2026-09-09T22:01:18.6864398Z #5554  ci                                       T1 ci: CI / orchestration infrastructure
clear the needs:area park	Classify the needs:area backlog	2026-09-09T22:01:18.6864606Z        pages.yml header asserts an undated live Pages API result as current fact
clear the needs:area park	Classify the needs:area backlog	2026-09-09T22:01:18.6864832Z #5555  sparq-policy                             T2 bd-to-issues.derive_areas (title scope/crate token)
clear the needs:area park	Classify the needs:area backlog	2026-09-09T22:01:18.6865174Z        sparq-policy: retire the VENDORED_SEC_PROP_DIMS exemption now that secprop-ext.ttl declares the three subjects
clear the needs:area park	Classify the needs:area backlog	2026-09-09T22:01:18.6865372Z #5557  ci                                       T2 bd-to-issues.derive_areas (title scope/crate token)
clear the needs:area park	Classify the needs:area backlog	2026-09-09T22:01:18.6865646Z        ci_execution_latency_alarm test: `assertIn("M4-declared-cadence-unachievable", out)` is vacuous
clear the needs:area park	Classify the needs:area backlog	2026-09-09T22:01:18.6865820Z #5566  ci                                       T1 ci: CI / orchestration infrastructure
clear the needs:area park	Classify the needs:area backlog	2026-09-09T22:01:18.6866218Z        Container image coordinate is self-contradictory: `ghcr.io/jeswr/sparq-server` vs `ghcr.io/sparq-org/sparq-server` across docs
clear the needs:area park	Classify the needs:area backlog	2026-09-09T22:01:18.6866375Z #5567  ci                                       T1 ci: CI / orchestration infrastructure
clear the needs:area park	Classify the needs:area backlog	2026-09-09T22:01:18.6866669Z        23 stale `jeswr/sparq` coordinates remain in `.github/workflows/*.yml` after the #5546 markdown sweep
clear the needs:area park	Classify the needs:area backlog	2026-09-09T22:01:18.6866882Z #5569  sparq-zk                                 T2 bd-to-issues.derive_areas (title scope/crate token)
clear the needs:area park	Classify the needs:area backlog	2026-09-09T22:01:18.6867312Z        vc_bridge_json: SD suites need `u`/base64url multibase, so a real bbs-2023 / ecdsa-sd-2023 document cannot reach the vc_bridge_sd seam from JSON
clear the needs:area park	Classify the needs:area backlog	2026-09-09T22:01:18.6867507Z #5571  gui                                      T2 bd-to-issues.derive_areas (title scope/crate token)
clear the needs:area park	Classify the needs:area backlog	2026-09-09T22:01:18.6867766Z        GUI ZK tool: add a real-path browser prove/verify gate in the gui-mock-ipc Playwright lane
clear the needs:area park	Classify the needs:area backlog	2026-09-09T22:01:18.6868001Z #5572  sparq-zk-compose                         T1 zk-compose: zk-compose circuit/verifier surface
clear the needs:area park	Classify the needs:area backlog	2026-09-09T22:01:18.6868365Z        site: zk-car-hire refusal classification is as broad as the GUI's was (misreports prover failures as cryptographic refusal)
clear the needs:area park	Classify the needs:area backlog	2026-09-09T22:01:18.6868565Z #5583  gui                                      T2 bd-to-issues.derive_areas (title scope/crate token)
clear the needs:area park	Classify the needs:area backlog	2026-09-09T22:01:18.6868749Z        GUI MPC panel: no browser test drives the panel's own compute path
clear the needs:area park	Classify the needs:area backlog	2026-09-09T22:01:18.6868976Z #5585  sparq-engine                             T2 bd-to-issues.derive_areas (title scope/crate token)
clear the needs:area park	Classify the needs:area backlog	2026-09-09T22:01:18.6869246Z        sparq-engine: mark the pure `update`/`update_prepared` returning-a-new-Graph API `#[must_use]`
clear the needs:area park	Classify the needs:area backlog	2026-09-09T22:01:18.6869460Z #5587  sparq-canon                              T2 bd-to-issues.derive_areas (title scope/crate token)
clear the needs:area park	Classify the needs:area backlog	2026-09-09T22:01:18.6869889Z        Triage the 15 kind-(B) recorded gaps in scripts/feature-matrix-unlegged.allowlist.json (per-crate: add a leg or a coverage.sh arm)
clear the needs:area park	Classify the needs:area backlog	2026-09-09T22:01:18.6870110Z #5588  sparq-solid                              T2 bd-to-issues.derive_areas (title scope/crate token)
clear the needs:area park	Classify the needs:area backlog	2026-09-09T22:01:18.6870498Z        scripts/check-feature-test-execution.allowlist.json carries 7 more entries that look stale (no staleness check exists)
clear the needs:area park	Classify the needs:area backlog	2026-09-09T22:01:18.6870659Z #5590  ci                                       T1 ci: CI / orchestration infrastructure
clear the needs:area park	Classify the needs:area backlog	2026-09-09T22:01:18.6870935Z        test_ring_credential_loud.py has an undeclared `jq` dependency and misdiagnoses when it is absent
clear the needs:area park	Classify the needs:area backlog	2026-09-09T22:01:18.6871093Z #5592  ci                                       T1 ci: CI / orchestration infrastructure
clear the needs:area park	Classify the needs:area backlog	2026-09-09T22:01:18.6871324Z        Seed sparq-lws-core's line-% coverage floor from the coverage-lws lane's first run
clear the needs:area park	Classify the needs:area backlog	2026-09-09T22:01:18.6871671Z #5593  sparq-lws-core                           T2 bd-to-issues.derive_areas (title scope/crate token)
clear the needs:area park	Classify the needs:area backlog	2026-09-09T22:01:18.6872212Z        coverage-nightly now also measures sparq-lws-core — watch its 60-minute budget
clear the needs:area park	Classify the needs:area backlog	2026-09-09T22:01:18.6872435Z #5596  sparq-zk                                 T2 bd-to-issues.derive_areas (title scope/crate token)
clear the needs:area park	Classify the needs:area backlog	2026-09-09T22:01:18.6872828Z        sq-j3b9 residual: arkworks ark-ff field ops on the signing path are still not asserted constant-time (the actual curve/dep swap)
clear the needs:area park	Classify the needs:area backlog	2026-09-09T22:01:18.6873038Z #5597  sparq-zk                                 T2 bd-to-issues.derive_areas (title scope/crate token)
clear the needs:area park	Classify the needs:area backlog	2026-09-09T22:01:18.6873306Z        sparq-zk sig.rs: derive_nonce leaves unzeroized copies of the secret nonce in Vec<u8> buffers
clear the needs:area park	Classify the needs:area backlog	2026-09-09T22:01:18.6873529Z #5601  sparq-zk-compose                         T1 zk-compose: zk-compose circuit/verifier surface
clear the needs:area park	Classify the needs:area backlog	2026-09-09T22:01:18.6873779Z        GUI ZK prover duplicates the site's operand_enc fixtures with no drift guard on the copy
clear the needs:area park	Classify the needs:area backlog	2026-09-09T22:01:18.6873997Z #5604  sparq-trust                              T2 bd-to-issues.derive_areas (title scope/crate token)
clear the needs:area park	Classify the needs:area backlog	2026-09-09T22:01:18.6874329Z        sparq-trust: reorder admissibility DISCHARGE_RULE premise to avoid a constraint x method cross product
clear the needs:area park	Classify the needs:area backlog	2026-09-09T22:01:18.6874556Z #5605  sparq-reason                             T2 bd-to-issues.derive_areas (title scope/crate token)
clear the needs:area park	Classify the needs:area backlog	2026-09-09T22:01:18.6874777Z        sparq-reason: order non-delta join atoms by boundness in match_premise_seeded
clear the needs:area park	Classify the needs:area backlog	2026-09-09T22:01:18.6874995Z #5606  sparq-reason                             T2 bd-to-issues.derive_areas (title scope/crate token)
clear the needs:area park	Classify the needs:area backlog	2026-09-09T22:01:18.6875227Z        sparq-reason: add a one-side-bound-seeding (OSB) rule lint over parser::Parsed
clear the needs:area park	Classify the needs:area backlog	2026-09-09T22:01:18.6875441Z #5607  sparq-trust                              T2 bd-to-issues.derive_areas (title scope/crate token)
clear the needs:area park	Classify the needs:area backlog	2026-09-09T22:01:18.6875799Z        sparq-trust: gate wire::derive_grants on a decidable rule fragment (it currently accepts arbitrary N3 with no budget)
clear the needs:area park	Classify the needs:area backlog	2026-09-09T22:01:18.6876022Z #5608  sparq-solid                              T2 bd-to-issues.derive_areas (title scope/crate token)
clear the needs:area park	Classify the needs:area backlog	2026-09-09T22:01:18.6876349Z        sparq-solid: three wac.n3 rules violate one-side-bound seeding (low-selectivity type atom written first)
clear the needs:area park	Classify the needs:area backlog	2026-09-09T22:01:18.6876567Z #5609  sparq-trust                              T2 bd-to-issues.derive_areas (title scope/crate token)
clear the needs:area park	Classify the needs:area backlog	2026-09-09T22:01:18.6876801Z        sparq-trust: derive_conditional_grants runs one full N3 closure per admitted fact
clear the needs:area park	Classify the needs:area backlog	2026-09-09T22:01:18.6877005Z #5610  bench                                    T2 bd-to-issues.derive_areas (title scope/crate token)
clear the needs:area park	Classify the needs:area backlog	2026-09-09T22:01:18.6877318Z        bench/trust-admission: add the structural cost inputs the P8 analysis names to the deterministic schema
clear the needs:area park	Classify the needs:area backlog	2026-09-09T22:01:18.6877544Z #5611  sparq-policy                             T1 odrl: ODRL evaluation lives in crates/sparq-policy
clear the needs:area park	Classify the needs:area backlog	2026-09-09T22:01:18.6877801Z        sparq-solid: audit acp-a/b/c.n3 and odrl-*.n3 against the one-side-bound seeding property
clear the needs:area park	Classify the needs:area backlog	2026-09-09T22:01:18.6878028Z #5612  sparq-server                             T2 bd-to-issues.derive_areas (title scope/crate token)
clear the needs:area park	Classify the needs:area backlog	2026-09-09T22:01:18.6878308Z        slow-query-log: the threshold comparison in the HTTP recording seam is not pinned by any test
clear the needs:area park	Classify the needs:area backlog	2026-09-09T22:01:18.6878524Z #5613  sparq-server                             T2 bd-to-issues.derive_areas (title scope/crate token)
clear the needs:area park	Classify the needs:area backlog	2026-09-09T22:01:18.6878754Z        sparq-server README omits the slow-query-log opt-in feature from its feature list
clear the needs:area park	Classify the needs:area backlog	2026-09-09T22:01:18.6878913Z #5614  ci                                       T1 ci: CI / orchestration infrastructure
clear the needs:area park	Classify the needs:area backlog	2026-09-09T22:01:18.6879203Z        feature-matrix invariant (3): a crate with no fragment and no registry entry is enumerated by nothing
clear the needs:area park	Classify the needs:area backlog	2026-09-09T22:01:18.6879424Z #5615  sparq-server                             T2 bd-to-issues.derive_areas (title scope/crate token)
clear the needs:area park	Classify the needs:area backlog	2026-09-09T22:01:18.6879741Z        Solid conformance: an LDP resource-serving path needs the 401 + WWW-Authenticate lane, not the uniform 403
clear the needs:area park	Classify the needs:area backlog	2026-09-09T22:01:18.6880092Z #5617  ci                                       T2 bd-to-issues.derive_areas (title scope/crate token)
clear the needs:area park	Classify the needs:area backlog	2026-09-09T22:01:18.6880292Z        CI: no mechanism re-evaluates open PRs when their base branch advances
clear the needs:area park	Classify the needs:area backlog	2026-09-09T22:01:18.6880447Z #5620  ci                                       T1 ci: CI / orchestration infrastructure
clear the needs:area park	Classify the needs:area backlog	2026-09-09T22:01:18.6880722Z        preflight.py does not cover the feature-matrix gates (the opt-in-feature PR's most likely red)
clear the needs:area park	Classify the needs:area backlog	2026-09-09T22:01:18.6880876Z #5622  ci                                       T1 ci: CI / orchestration infrastructure
clear the needs:area park	Classify the needs:area backlog	2026-09-09T22:01:18.6881235Z        ci(perf): merge_group entry wall regressed ~+6 m between 2026-07-10 and 2026-07-26 — find the cause
clear the needs:area park	Classify the needs:area backlog	2026-09-09T22:01:18.6881433Z #5623  ci                                       T2 bd-to-issues.derive_areas (title scope/crate token)
clear the needs:area park	Classify the needs:area backlog	2026-09-09T22:01:18.6881847Z        ci(coverage): take a job-level pre/post merge_group sample to attribute the build->test chain growth
clear the needs:area park	Classify the needs:area backlog	2026-09-09T22:01:18.6882077Z #5632  sparq-mpc                                T2 bd-to-issues.derive_areas (title scope/crate token)
clear the needs:area park	Classify the needs:area backlog	2026-09-09T22:01:18.6882400Z        sparq-mpc: no entry point gives BOTH malicious integrity and decision-time obliviousness for the hidden join
clear the needs:area park	Classify the needs:area backlog	2026-09-09T22:01:18.6882612Z #5633  sparq-mpc                                T2 bd-to-issues.derive_areas (title scope/crate token)
clear the needs:area park	Classify the needs:area backlog	2026-09-09T22:01:18.6882976Z        sparq-mpc: auth_join::malicious_hidden_join holds the whole |L|x|R| authenticated batch in memory for its single sigma open
clear the needs:area park	Classify the needs:area backlog	2026-09-09T22:01:18.6883159Z #5635  bench                                    T1 bench-generic: a benchmarking deliverable
clear the needs:area park	Classify the needs:area backlog	2026-09-09T22:01:18.6883369Z        bench_registry: whitespace-only benchmark `id = " "` is accepted by _ID_RE
clear the needs:area park	Classify the needs:area backlog	2026-09-09T22:01:18.6883525Z #5636  ci                                       T1 ci: CI / orchestration infrastructure
clear the needs:area park	Classify the needs:area backlog	2026-09-09T22:01:18.6883722Z        preflight.py does not enforce the feature-matrix two-file scope rule
clear the needs:area park	Classify the needs:area backlog	2026-09-09T22:01:18.6883887Z #5637  ci                                       T1 ci: CI / orchestration infrastructure
clear the needs:area park	Classify the needs:area backlog	2026-09-09T22:01:18.6884141Z        supply-chain gate: two network-bound steps in the GATING lane still have no flake retry
clear the needs:area park	Classify the needs:area backlog	2026-09-09T22:01:18.6884330Z #5639  ci                                       T2 bd-to-issues.derive_areas (title scope/crate token)
clear the needs:area park	Classify the needs:area backlog	2026-09-09T22:01:18.6884620Z        ci: test_ci_select_wiring guards evaluated against under-populated contexts can pass null-truthy
clear the needs:area park	Classify the needs:area backlog	2026-09-09T22:01:18.6884839Z #5640  sparq-server                             T2 bd-to-issues.derive_areas (title scope/crate token)
clear the needs:area park	Classify the needs:area backlog	2026-09-09T22:01:18.6885022Z        sparq-server README: opt-in feature list omits `slow-query-log`
clear the needs:area park	Classify the needs:area backlog	2026-09-09T22:01:18.6885246Z #5646  sparq-vectors                            T2 bd-to-issues.derive_areas (title scope/crate token)
clear the needs:area park	Classify the needs:area backlog	2026-09-09T22:01:18.6885586Z        research/genai-urn-concept-verifier-design.md §1 gate verdict is now partially stale
clear the needs:area park	Classify the needs:area backlog	2026-09-09T22:01:18.6885753Z #5648  ci                                       T1 ci: CI / orchestration infrastructure
clear the needs:area park	Classify the needs:area backlog	2026-09-09T22:01:18.6886144Z        docs-quality.yml: unquoted step names ending in ` — #NNNN)` are silently truncated by YAML comment parsing
clear the needs:area park	Classify the needs:area backlog	2026-09-09T22:01:18.6886376Z #5650  sparq-policy                             T1 odrl: ODRL evaluation lives in crates/sparq-policy
clear the needs:area park	Classify the needs:area backlog	2026-09-09T22:01:18.6886659Z        ODRL bridge: a collection-valued prohibition denies only the REQUESTING member (one-shot scope)
clear the needs:area park	Classify the needs:area backlog	2026-09-09T22:01:18.6886875Z #5651  sparq-forms                              T2 bd-to-issues.derive_areas (title scope/crate token)
clear the needs:area park	Classify the needs:area backlog	2026-09-09T22:01:18.6887202Z        sparq-forms: blank-node labels and triple-term fallback text are still spliced verbatim into SPARQL updates
clear the needs:area park	Classify the needs:area backlog	2026-09-09T22:01:18.6887356Z #5657  ci                                       T1 ci: CI / orchestration infrastructure
clear the needs:area park	Classify the needs:area backlog	2026-09-09T22:01:18.6887574Z        sq-6vshe.15 item 3: EXECUTE the sccache A/B dispatch runs and record the verdict
clear the needs:area park	Classify the needs:area backlog	2026-09-09T22:01:18.6887881Z #5658  ci                                       T1 ci: CI / orchestration infrastructure
clear the needs:area park	Classify the needs:area backlog	2026-09-09T22:01:18.6888136Z        No actionlint / YAML-validity lane for .github/workflows
clear the needs:area park	Classify the needs:area backlog	2026-09-09T22:01:18.6888358Z #5659  sparq-policy                             T1 odrl: ODRL evaluation lives in crates/sparq-policy
clear the needs:area park	Classify the needs:area backlog	2026-09-09T22:01:18.6888785Z        ODRL bridge: carry PartyCollection IDENTITY separately from membership evidence (close the un-evidenced collection deny/carve-out gap)
clear the needs:area park	Classify the needs:area backlog	2026-09-09T22:01:18.6888948Z #5662  ci                                       T1 ci: CI / orchestration infrastructure
clear the needs:area park	Classify the needs:area backlog	2026-09-09T22:01:18.6889339Z        ci: per-lane merge_group re-sample for the lanes never measured (vectorized-feature-off, routing-self-tests, pr-area-label)
clear the needs:area park	Classify the needs:area backlog	2026-09-09T22:01:18.6889493Z #5666  ci                                       T1 ci: CI / orchestration infrastructure
clear the needs:area park	Classify the needs:area backlog	2026-09-09T22:01:18.6889792Z        ci(cache): give mutants-diff.yml a main-seeded shared-key so it can join the sq-3sbrr save discipline
clear the needs:area park	Classify the needs:area backlog	2026-09-09T22:01:18.6889996Z #5670  ci                                       T2 bd-to-issues.derive_areas (title scope/crate token)
clear the needs:area park	Classify the needs:area backlog	2026-09-09T22:01:18.6890298Z        ci: lint for the rust-cache `key:`-does-not-share footgun repo-wide, not just the coverage-engine pair
clear the needs:area park	Classify the needs:area backlog	2026-09-09T22:01:18.6890490Z #5674  ci                                       T2 bd-to-issues.derive_areas (title scope/crate token)
clear the needs:area park	Classify the needs:area backlog	2026-09-09T22:01:18.6890820Z        ci: measure the actual Actions-cache BYTE total on main before/after the conformance-suites shared-key collapse
clear the needs:area park	Classify the needs:area backlog	2026-09-09T22:01:18.6890977Z #5675  ci                                       T1 ci: CI / orchestration infrastructure
clear the needs:area park	Classify the needs:area backlog	2026-09-09T22:01:18.6891442Z        ci: coverage-nightly and mutants-nightly-advisory rust-cache steps are also unkeyed — #5214 enumerated 14, there are 16
clear the needs:area park	Classify the needs:area backlog	2026-09-09T22:01:18.6891724Z #5676  ci                                       T1 ci: CI / orchestration infrastructure
clear the needs:area park	Classify the needs:area backlog	2026-09-09T22:01:18.6891961Z        flow-on-gates.yml writes pr-labels.txt into the repo ROOT (stageable CI scratch)
clear the needs:area park	Classify the needs:area backlog	2026-09-09T22:01:18.6892203Z #5680  sparq-zk-compose                         T1 zk-compose: zk-compose circuit/verifier surface
clear the needs:area park	Classify the needs:area backlog	2026-09-09T22:01:18.6892551Z        [selection-alarm] nightly full-matrix shard failure needs crate-triage (change-based selection active in window)
clear the needs:area park	Classify the needs:area backlog	2026-09-09T22:01:18.6892770Z #5681  sparq-solid                              T2 bd-to-issues.derive_areas (title scope/crate token)
clear the needs:area park	Classify the needs:area backlog	2026-09-09T22:01:18.6893170Z        sparq-solid: condition_agents rustdoc still describes the pre-Policy::party_collections design (stale after PR #5649 round 2)
clear the needs:area park	Classify the needs:area backlog	2026-09-09T22:01:18.6893328Z #5683  ci                                       T1 ci: CI / orchestration infrastructure
clear the needs:area park	Classify the needs:area backlog	2026-09-09T22:01:18.6893661Z        ci: the remaining `labeled` half of every flip still starts ~5 full workflow runs of skipped no-ops (#5215 follow-up)
clear the needs:area park	Classify the needs:area backlog	2026-09-09T22:01:18.6893817Z #5684  ci                                       T1 ci: CI / orchestration infrastructure
clear the needs:area park	Classify the needs:area backlog	2026-09-09T22:01:18.6894149Z        ci: vectorized-feature-off.yml has no #2546 label-trigger guard, so every label event starts both jobs for real
clear the needs:area park	Classify the needs:area backlog	2026-09-09T22:01:18.6894375Z #5695  sparq-solid                              T2 bd-to-issues.derive_areas (title scope/crate token)
clear the needs:area park	Classify the needs:area backlog	2026-09-09T22:01:18.6894764Z        sparq-solid: offer a request-ATOMIC budgeted update (update_in_place_atomic_with_budget) so a mid-apply budget trip rolls back
clear the needs:area park	Classify the needs:area backlog	2026-09-09T22:01:18.6894977Z #5696  sparq-mcp                                T2 bd-to-issues.derive_areas (title scope/crate token)
clear the needs:area park	Classify the needs:area backlog	2026-09-09T22:01:18.6895408Z        sparq-mcp: SolidServerConfig/ServerConfig query_timeout_secs is whole-seconds only — no sub-second tool budget
clear the needs:area park	Classify the needs:area backlog	2026-09-09T22:01:18.6895647Z #5698  sparq-conformance                        T2 bd-to-issues.derive_areas (title scope/crate token)
clear the needs:area park	Classify the needs:area backlog	2026-09-09T22:01:18.6895987Z        el_suite: DOCUMENTED_DIVERGENCES doc-comment still says "The 28 entries below" — there are 11
clear the needs:area park	Classify the needs:area backlog	2026-09-09T22:01:18.6896212Z #5699  sparq-reason-el                          T2 bd-to-issues.derive_areas (title scope/crate token)
clear the needs:area park	Classify the needs:area backlog	2026-09-09T22:01:18.6896851Z        el_suite: re-verify the New-Feature-SelfRestriction-002 divergence against a fetched W3C export (may allow an EL_SUITE_FLOOR rise)
clear the needs:area park	Classify the needs:area backlog	2026-09-09T22:01:18.6897070Z #5703  sparq-lws-core                           T0 author-declared crate_or_surface/crates field
clear the needs:area park	Classify the needs:area backlog	2026-09-09T22:01:18.6897333Z        lws notifications: enforce per-resource WAC on subscribe (the sparq#992 blocker has lifted)
clear the needs:area park	Classify the needs:area backlog	2026-09-09T22:01:18.6897547Z #5704  sparq-lws-core                           T0 author-declared crate_or_surface/crates field
clear the needs:area park	Classify the needs:area backlog	2026-09-09T22:01:18.6897792Z        lws: correct five stale M2-next markers (they claim unimplemented work that has shipped)
clear the needs:area park	Classify the needs:area backlog	2026-09-09T22:01:18.6898003Z #5705  sparq-lws-core                           T0 author-declared crate_or_surface/crates field
clear the needs:area park	Classify the needs:area backlog	2026-09-09T22:01:18.6898289Z        lws: pin existence-non-disclosure V5 structurally (container ETag is guarded only by placement)
clear the needs:area park	Classify the needs:area backlog	2026-09-09T22:01:18.6898446Z #5706  deps                                     T1 deps: dependency management
clear the needs:area park	Classify the needs:area backlog	2026-09-09T22:01:18.6898679Z        supply-chain: promote the hickory 0.26.1 rows from cargo-vet exemption to audit
clear the needs:area park	Classify the needs:area backlog	2026-09-09T22:01:18.6898885Z #5707  sparq-lws-core                           T0 author-declared crate_or_surface/crates field
clear the needs:area park	Classify the needs:area backlog	2026-09-09T22:01:18.6899121Z        lws: optionally confirm the sq-gg0qq.8 branch triage at commit level (needs network)
clear the needs:area park	Classify the needs:area backlog	2026-09-09T22:01:18.6899330Z #5708  sparq-lws-core                           T0 author-declared crate_or_surface/crates field
clear the needs:area park	Classify the needs:area backlog	2026-09-09T22:01:18.6899635Z        lws: object_store-backed BlobStore adapter (S3/Local) — the remaining large M2 item
clear the needs:area park	Classify the needs:area backlog	2026-09-09T22:01:18.6899846Z #5709  sparq-lws-core                           T0 author-declared crate_or_surface/crates field
clear the needs:area park	Classify the needs:area backlog	2026-09-09T22:01:18.6899989Z        lws: support N-Triples/N-Quads/N3 as LDP read formats
clear the needs:area park	Classify the needs:area backlog	2026-09-09T22:01:18.6900213Z #5710  sparq-server                             T2 bd-to-issues.derive_areas (title scope/crate token)
clear the needs:area park	Classify the needs:area backlog	2026-09-09T22:01:18.6900423Z        sparq-server README: opt-in feature inventory omits `slow-query-log`
clear the needs:area park	Classify the needs:area backlog	2026-09-09T22:01:18.6900637Z #5712  sparq-solid                              T2 bd-to-issues.derive_areas (title scope/crate token)
clear the needs:area park	Classify the needs:area backlog	2026-09-09T22:01:18.6900860Z        preflight.py does not catch wasm32-only compile breakage in wasm-lane crates
clear the needs:area park	Classify the needs:area backlog	2026-09-09T22:01:18.6901015Z #5715  ci                                       T1 ci: CI / orchestration infrastructure
clear the needs:area park	Classify the needs:area backlog	2026-09-09T22:01:18.6901410Z        Decide the acir witness-forge dependency route before implementing the noir#13314 L1 guard (§5.8 item 2)
clear the needs:area park	Classify the needs:area backlog	2026-09-09T22:01:18.6901686Z #5717  ci                                       T1 ci: CI / orchestration infrastructure
clear the needs:area park	Classify the needs:area backlog	2026-09-09T22:01:18.6902078Z        vectorized-feature-off: run the heavy wasm double-build only when sparq-wasm is in the affected closure (non-draft PRs too)
clear the needs:area park	Classify the needs:area backlog	2026-09-09T22:01:18.6902267Z #5719  bench                                    T0 author-declared crate_or_surface/crates field
clear the needs:area park	Classify the needs:area backlog	2026-09-09T22:01:18.6902581Z        Register the crates/ + bench/ + site/ generated-golden companions in .github/generated-companions.json
clear the needs:area park	Classify the needs:area backlog	2026-09-09T22:01:18.6902767Z #5720  bench                                    T1 bench: the bench/ harness + competitor gather
clear the needs:area park	Classify the needs:area backlog	2026-09-09T22:01:18.6902988Z        gen-metric-labels.py --check reports drift but does not name which query moved
clear the needs:area park	Classify the needs:area backlog	2026-09-09T22:01:18.6903326Z #5721  sparq-wasm,sparq-core,sparq-engine,sparq-substrate T0 author-declared crate_or_surface/crates field
clear the needs:area park	Classify the needs:area backlog	2026-09-09T22:01:18.6903670Z        artifact-exact-equality (wasm feature-OFF) reds on a PR provably outside the sparq-wasm default-feature closure
clear the needs:area park	Classify the needs:area backlog	2026-09-09T22:01:18.6903825Z #5724  ci                                       T1 ci: CI / orchestration infrastructure
clear the needs:area park	Classify the needs:area backlog	2026-09-09T22:01:18.6904126Z        ci-select: audit .github/**-reading gate scripts for the same raw-text hazard #5237 found in sparq-bench
clear the needs:area park	Classify the needs:area backlog	2026-09-09T22:01:18.6904339Z #5726  sparq-mpc                                T2 bd-to-issues.derive_areas (title scope/crate token)
clear the needs:area park	Classify the needs:area backlog	2026-09-09T22:01:18.6904994Z        secprop vocab: mint secx:Malicious / secx:Covert / secx:DishonestMajority assumption IRIs (Phase 1 gap blocking full sparq-mpc annotation)
clear the needs:area park	Classify the needs:area backlog	2026-09-09T22:01:18.6905152Z #5727  ci                                       T1 ci: CI / orchestration infrastructure
clear the needs:area park	Classify the needs:area backlog	2026-09-09T22:01:18.6905426Z        el_suite: stale divergence count ("28 entries") in DOCUMENTED_DIVERGENCES rustdoc + ci.yml comment
clear the needs:area park	Classify the needs:area backlog	2026-09-09T22:01:18.6905622Z #5729  ci                                       T2 bd-to-issues.derive_areas (title scope/crate token)
clear the needs:area park	Classify the needs:area backlog	2026-09-09T22:01:18.6906021Z        ci: `text-oracle` + `rsp-oracle` measure 0.98 pairwise — candidates for a second rust-cache shared-key group
clear the needs:area park	Classify the needs:area backlog	2026-09-09T22:01:18.6906180Z #5731  ci                                       T1 ci: CI / orchestration infrastructure
clear the needs:area park	Classify the needs:area backlog	2026-09-09T22:01:18.6906737Z        Structural guard C1 (check-feature-test-execution.py) cannot see feature-gated test modules inside src/ — the exact hole sq-mwnko found by hand
clear the needs:area park	Classify the needs:area backlog	2026-09-09T22:01:18.6906906Z #5732  ci                                       T1 ci: CI / orchestration infrastructure
clear the needs:area park	Classify the needs:area backlog	2026-09-09T22:01:18.6907242Z        Sweep every crate for feature-gated lib unit tests that no CI lane runs (sq-mwnko audited sparq-conformance only)
clear the needs:area park	Classify the needs:area backlog	2026-09-09T22:01:18.6907395Z #5734  ci                                       T1 ci: CI / orchestration infrastructure
clear the needs:area park	Classify the needs:area backlog	2026-09-09T22:01:18.6907783Z        ci: probe + alarm on merge-queue precondition drift (grouping_strategy != ALLGREEN, or a per-leg name in required_status_checks)
clear the needs:area park	Classify the needs:area backlog	2026-09-09T22:01:18.6907940Z #5735  ci                                       T1 ci: CI / orchestration infrastructure
clear the needs:area park	Classify the needs:area backlog	2026-09-09T22:01:18.6908208Z        ci: settle merge_group.base_sha semantics for a stacked group and fix the ci-select.yml comment
clear the needs:area park	Classify the needs:area backlog	2026-09-09T22:01:18.6908362Z #5736  ci                                       T1 ci: CI / orchestration infrastructure
clear the needs:area park	Classify the needs:area backlog	2026-09-09T22:01:18.6908629Z        ci: measure the cost of `event == merge_group => mode=full` from existing data (natural experiment)
clear the needs:area park	Classify the needs:area backlog	2026-09-09T22:01:18.6908867Z #5738  sparq-zk-compose                         T1 zk-compose: zk-compose circuit/verifier surface
clear the needs:area park	Classify the needs:area backlog	2026-09-09T22:01:18.6909067Z        ZK drift guard does not cover the GUI's copy of the committed term anchors
clear the needs:area park	Classify the needs:area backlog	2026-09-09T22:01:18.6909231Z #5744  ci                                       T1 ci: CI / orchestration infrastructure
clear the needs:area park	Classify the needs:area backlog	2026-09-09T22:01:18.6909479Z        flow-on-gates.yml comment claims "31 tests" for scripts/tests/test_flow_on.py (now 54)
clear the needs:area park	Classify the needs:area backlog	2026-09-09T22:01:18.6909628Z #5745  ci                                       T1 ci: CI / orchestration infrastructure
clear the needs:area park	Classify the needs:area backlog	2026-09-09T22:01:18.6909818Z        gui: run the ZK prover integration test (npm run test:zk-proof) in CI
clear the needs:area park	Classify the needs:area backlog	2026-09-09T22:01:18.6910013Z #5747  ci                                       T2 bd-to-issues.derive_areas (title scope/crate token)
clear the needs:area park	Classify the needs:area backlog	2026-09-09T22:01:18.6910322Z        ci: batch-merge.py constituent_class ignores the ownership map, so a site-only PR still batches as ENGINE
clear the needs:area park	Classify the needs:area backlog	2026-09-09T22:01:18.6910554Z #5749  sparq-solid                              T2 bd-to-issues.derive_areas (title scope/crate token)
clear the needs:area park	Classify the needs:area backlog	2026-09-09T22:01:18.6911157Z        security(solid): update WHERE clause reads graphs the actor cannot read — cross-graph copy-out via PodStore::update_as
clear the needs:area park	Classify the needs:area backlog	2026-09-09T22:01:18.6911378Z #5750  sparq-solid                              T2 bd-to-issues.derive_areas (title scope/crate token)
clear the needs:area park	Classify the needs:area backlog	2026-09-09T22:01:18.6911907Z        security(solid): update deny verdict is an equality oracle over unreadable data (and the error message discloses the graph IRI)
clear the needs:area park	Classify the needs:area backlog	2026-09-09T22:01:18.6912066Z #5753  ci                                       T1 ci: CI / orchestration infrastructure
clear the needs:area park	Classify the needs:area backlog	2026-09-09T22:01:18.6912384Z        ci: run scripts/ci_merge_group_poles.py and record the measured top-3 merge_group poles in the fast-lane epic
clear the needs:area park	Classify the needs:area backlog	2026-09-09T22:01:18.6912538Z #5754  ci                                       T1 ci: CI / orchestration infrastructure
clear the needs:area park	Classify the needs:area backlog	2026-09-09T22:01:18.6912840Z        ci: several docs-quality.yml step names are silently truncated by an unquoted ' #NNNN' issue reference
clear the needs:area park	Classify the needs:area backlog	2026-09-09T22:01:18.6913296Z #5756  sparq-reason                             T2 bd-to-issues.derive_areas (title scope/crate token)
clear the needs:area park	Classify the needs:area backlog	2026-09-09T22:01:18.6913614Z        sparq-reason: a single-pass N3 closure fails OPEN on a stratified rule set that negates via log:collectAllIn
clear the needs:area park	Classify the needs:area backlog	2026-09-09T22:01:18.6913844Z #5757  sparq-lws-core                           T2 bd-to-issues.derive_areas (title scope/crate token)
clear the needs:area park	Classify the needs:area backlog	2026-09-09T22:01:18.6914057Z        lws-spec conformance: wire the remaining 9 vector suites (138 of 157 vectors)
clear the needs:area park	Classify the needs:area backlog	2026-09-09T22:01:18.6914265Z #5758  sparq-shacl                              T0 author-declared crate_or_surface/crates field
clear the needs:area park	Classify the needs:area backlog	2026-09-09T22:01:18.6914551Z        lws-spec conformance: vendor the SHACL shapes and wire the document-validation vector operations
clear the needs:area park	Classify the needs:area backlog	2026-09-09T22:01:18.6914776Z #5759  sparq-lws-core                           T2 bd-to-issues.derive_areas (title scope/crate token)
clear the needs:area park	Classify the needs:area backlog	2026-09-09T22:01:18.6915041Z        lws-spec conformance: the 19 wired vectors do not cover the rule set's segment-safety guard
clear the needs:area park	Classify the needs:area backlog	2026-09-09T22:01:18.6915419Z #5761  sparq-reason-dl,sparq-conformance        T1 reason-dl-floor: the DL lane plus the conformance floor constants it ratchets
clear the needs:area park	Classify the needs:area backlog	2026-09-09T22:01:18.6915756Z        ci.yml DL-direct lane comment cites stale floors (68 profile / 184 direct) and mislabels the re-grep as an `==` pin
clear the needs:area park	Classify the needs:area backlog	2026-09-09T22:01:18.6915916Z #5762  ci                                       T1 ci: CI / orchestration infrastructure
clear the needs:area park	Classify the needs:area backlog	2026-09-09T22:01:18.6916182Z        scripts/tests/test_ring_credential_loud.py fails misleadingly when `jq` is absent from PATH
clear the needs:area park	Classify the needs:area backlog	2026-09-09T22:01:18.6916404Z #5766  sparq-zk-compose                         T1 zk-compose: zk-compose circuit/verifier surface
clear the needs:area park	Classify the needs:area backlog	2026-09-09T22:01:18.6916904Z        noir-optimization-program.md §5.2: re-inventory + re-baseline the sparq measurement corpus (8 documented vs 37 zk/compose bins)
clear the needs:area park	Classify the needs:area backlog	2026-09-09T22:01:18.6917276Z #5768  sparq-reason-dl,sparq-conformance        T1 reason-dl-floor: the DL lane plus the conformance floor constants it ratchets
clear the needs:area park	Classify the needs:area backlog	2026-09-09T22:01:18.6917616Z        ci.yml: DL arm comment cites stale pins (68 profile / 184 direct) — source consts are 93 / 227
clear the needs:area park	Classify the needs:area backlog	2026-09-09T22:01:18.6917775Z #5774  ci                                       T1 ci: CI / orchestration infrastructure
clear the needs:area park	Classify the needs:area backlog	2026-09-09T22:01:18.6918031Z        solid-conformance CI job should also run the solid-sparql-query query-semantics runner
clear the needs:area park	Classify the needs:area backlog	2026-09-09T22:01:18.6918228Z #5779  gui                                      T2 bd-to-issues.derive_areas (title scope/crate token)
clear the needs:area park	Classify the needs:area backlog	2026-09-09T22:01:18.6918587Z        GUI graph lens: expose a real ranking signal for the default lens's ?rank (no autocomplete-rank surface on the wasm bundle)
clear the needs:area park	Classify the needs:area backlog	2026-09-09T22:01:18.6918781Z #5780  gui                                      T2 bd-to-issues.derive_areas (title scope/crate token)
clear the needs:area park	Classify the needs:area backlog	2026-09-09T22:01:18.6919096Z        GUI graph view: an INFERRED rdf:reifies triple loses its why() explain affordance once annotations are folded
clear the needs:area park	Classify the needs:area backlog	2026-09-09T22:01:18.6919306Z #5782  gui                                      T2 bd-to-issues.derive_areas (title scope/crate token)
clear the needs:area park	Classify the needs:area backlog	2026-09-09T22:01:18.6919550Z        GUI: surface the lens slot/form contract at authoring + import time, not only at run time
clear the needs:area park	Classify the needs:area backlog	2026-09-09T22:01:18.6919743Z #5783  gui                                      T2 bd-to-issues.derive_areas (title scope/crate token)
clear the needs:area park	Classify the needs:area backlog	2026-09-09T22:01:18.6920039Z        GUI: the Graph view editor executes a typed SPARQL UPDATE while reporting "use a CONSTRUCT or DESCRIBE"
clear the needs:area park	Classify the needs:area backlog	2026-09-09T22:01:18.6920195Z #5785  ci                                       T1 ci: CI / orchestration infrastructure
clear the needs:area park	Classify the needs:area backlog	2026-09-09T22:01:18.6920491Z        Generalise the `jq` tool-dependency precondition to the other bash-driving suites in scripts/tests/
clear the needs:area park	Classify the needs:area backlog	2026-09-09T22:01:18.6920710Z #5787  sparq-solid                              T2 bd-to-issues.derive_areas (title scope/crate token)
clear the needs:area park	Classify the needs:area backlog	2026-09-09T22:01:18.6921147Z        solid: pattern-scope replica cache invalidates wholesale — plumb the written-graph set for per-graph invalidation
clear the needs:area park	Classify the needs:area backlog	2026-09-09T22:01:18.6921643Z #5788  sparq-solid                              T2 bd-to-issues.derive_areas (title scope/crate token)
clear the needs:area park	Classify the needs:area backlog	2026-09-09T22:01:18.6921872Z        solid: session_cache and scope_cache duplicate the bounded-sharded-map shape
clear the needs:area park	Classify the needs:area backlog	2026-09-09T22:01:18.6922090Z #5789  sparq-solid                              T2 bd-to-issues.derive_areas (title scope/crate token)
clear the needs:area park	Classify the needs:area backlog	2026-09-09T22:01:18.6922335Z        solid: PodStore::graph is pub, so direct mutation silently bypasses every derived cache
clear the needs:area park	Classify the needs:area backlog	2026-09-09T22:01:18.6922492Z #5791  ci                                       T1 ci: CI / orchestration infrastructure
clear the needs:area park	Classify the needs:area backlog	2026-09-09T22:01:18.6922985Z        ci-summary: exclude `schedule`-triggered runs from the gate's sibling set (implements research/ci-gate-cron-sibling-scope.md §6)
clear the needs:area park	Classify the needs:area backlog	2026-09-09T22:01:18.6923142Z #5793  ci                                       T1 ci: CI / orchestration infrastructure
clear the needs:area park	Classify the needs:area backlog	2026-09-09T22:01:18.6923585Z        Five nightly lane headers claim the ci-summary gate 'never sees' them — true for the PR gate, false for the main push gate
clear the needs:area park	Classify the needs:area backlog	2026-09-09T22:01:18.6923753Z #5806  ci                                       T1 ci: CI / orchestration infrastructure
clear the needs:area park	Classify the needs:area backlog	2026-09-09T22:01:18.6924114Z        ci_select: make the workflow raw-text consumers parse-based so `.github/workflows/**` can rejoin the inert-edit carve-out
clear the needs:area park	Classify the needs:area backlog	2026-09-09T22:01:18.6924306Z #5816  ci                                       T2 bd-to-issues.derive_areas (title scope/crate token)
clear the needs:area park	Classify the needs:area backlog	2026-09-09T22:01:18.6924581Z        ci.yml: a heavy shard's matrix filter can drift out of HEAVY and silently run ZERO tests
clear the needs:area park	Classify the needs:area backlog	2026-09-09T22:01:18.6924738Z #5818  ci                                       T1 ci: CI / orchestration infrastructure
clear the needs:area park	Classify the needs:area backlog	2026-09-09T22:01:18.6925013Z        4 CI lint scripts document a non-existent `ci-scripts` job (and claim it installs no Python deps)
clear the needs:area park	Classify the needs:area backlog	2026-09-09T22:01:18.6925168Z #5821  ci                                       T1 ci: CI / orchestration infrastructure
clear the needs:area park	Classify the needs:area backlog	2026-09-09T22:01:18.6925449Z        Stale rationale comment in test_preflight.py: ci-summary no longer excludes checks by name regex
clear the needs:area park	Classify the needs:area backlog	2026-09-09T22:01:18.6925619Z #5847  ci                                       T1 ci: CI / orchestration infrastructure
clear the needs:area park	Classify the needs:area backlog	2026-09-09T22:01:18.6925790Z        CI does not run scripts/push-frontier.sh --dry-run-self-test
clear the needs:area park	Classify the needs:area backlog	2026-09-09T22:01:18.6925942Z #5855  ci                                       T1 ci: CI / orchestration infrastructure
clear the needs:area park	Classify the needs:area backlog	2026-09-09T22:01:18.6926201Z        Re-source the wasm-pack doc-hint extractor from .github/wasm-pack-version once #5305 lands
clear the needs:area park	Classify the needs:area backlog	2026-09-09T22:01:18.6926349Z #5865  ci                                       T1 ci: CI / orchestration infrastructure
clear the needs:area park	Classify the needs:area backlog	2026-09-09T22:01:18.6926612Z        Add an actionlint workflow-lint lane (waivers are now pre-armed in .github/actionlint.yaml)
clear the needs:area park	Classify the needs:area backlog	2026-09-09T22:01:18.6926819Z #5870  sparq-zk                                 T2 bd-to-issues.derive_areas (title scope/crate token)
clear the needs:area park	Classify the needs:area backlog	2026-09-09T22:01:18.6927056Z        drift: crate `sparq-zk` carries conformance ratchets outside the central scoreboard
clear the needs:area park	Classify the needs:area backlog	2026-09-09T22:01:18.6927229Z #5874  docs                                     T1 docs: documentation-only change
clear the needs:area park	Classify the needs:area backlog	2026-09-09T22:01:18.6927513Z        docs: point the AGENTS.md 'new npm package' row at the package-test-execution guard once #5742 merges
clear the needs:area park	Classify the needs:area backlog	2026-09-09T22:01:18.6927670Z #5879  ci                                       T1 ci: CI / orchestration infrastructure
clear the needs:area park	Classify the needs:area backlog	2026-09-09T22:01:18.6927944Z        Workflow-parsing repo gates are unrunnable locally: no PyYAML and no pip in the worker sandbox
clear the needs:area park	Classify the needs:area backlog	2026-09-09T22:01:18.6928096Z #5880  ci                                       T1 ci: CI / orchestration infrastructure
clear the needs:area park	Classify the needs:area backlog	2026-09-09T22:01:18.6928333Z        heavy-set-alarm: ci.yml `HEAVY` no longer matches the measured heavy set (UNDECLARED)
clear the needs:area park	Classify the needs:area backlog	2026-09-09T22:01:18.6928481Z #5882  ci                                       T1 ci: CI / orchestration infrastructure
clear the needs:area park	Classify the needs:area backlog	2026-09-09T22:01:18.6928866Z        A gating self-test silently skipTests when a host tool is missing (test_workflow_dispatch_contract.py, routing-self-tests.yml)
clear the needs:area park	Classify the needs:area backlog	2026-09-09T22:01:18.6929378Z #5884  site-specs                               T1 site-specs: authors/edits a Typst UPD under site/specs
clear the needs:area park	Classify the needs:area backlog	2026-09-09T22:01:18.6929960Z        pr-backlog: resolve stale PR #4334 — research(orchestration): sub-crate dispatch parallelism — measured; region partitioning inside crates is not the 
clear the needs:area park	Classify the needs:area backlog	2026-09-09T22:01:18.6930118Z #5890  ci                                       T1 ci: CI / orchestration infrastructure
clear the needs:area park	Classify the needs:area backlog	2026-09-09T22:01:18.6930420Z        ci-summary: the feature-matrix reporter hold has no unsatisfiable-hold fast-fail (the #3781 treatment)
clear the needs:area park	Classify the needs:area backlog	2026-09-09T22:01:18.6930576Z #5895  ci                                       T1 ci: CI / orchestration infrastructure
clear the needs:area park	Classify the needs:area backlog	2026-09-09T22:01:18.6930785Z        bd-to-issues.py::plan() silently drops `blocked-by`-typed dependency rows
clear the needs:area park	Classify the needs:area backlog	2026-09-09T22:01:18.6930940Z #5896  ci                                       T1 ci: CI / orchestration infrastructure
clear the needs:area park	Classify the needs:area backlog	2026-09-09T22:01:18.6931178Z        Triage the rest of the unmerged branch fix/readiness-visibility-opus5 before it rots
clear the needs:area park	Classify the needs:area backlog	2026-09-09T22:01:18.6931345Z #5899  ci                                       T1 ci: CI / orchestration infrastructure
clear the needs:area park	Classify the needs:area backlog	2026-09-09T22:01:18.6931723Z        merge queue: nothing detects an entry that VANISHES without firing pull_request.dequeued
clear the needs:area park	Classify the needs:area backlog	2026-09-09T22:01:18.6931877Z #5900  ci                                       T1 ci: CI / orchestration infrastructure
clear the needs:area park	Classify the needs:area backlog	2026-09-09T22:01:18.6932289Z        merge queue ruleset settings (check_response_timeout_minutes, max_entries_*, grouping strategy) are unrecorded and undetected on drift
clear the needs:area park	Classify the needs:area backlog	2026-09-09T22:01:18.6932524Z #5903  site-specs                               T1 site-specs: authors/edits a Typst UPD under site/specs
clear the needs:area park	Classify the needs:area backlog	2026-09-09T22:01:18.6932945Z        pr-backlog: resolve stale PR #3435 — ci: batch-merge v2 — batch all eligible + recursive halve-and-land bisection
clear the needs:area park	Classify the needs:area backlog	2026-09-09T22:01:18.6933100Z #5905  ci                                       T1 ci: CI / orchestration infrastructure
clear the needs:area park	Classify the needs:area backlog	2026-09-09T22:01:18.6933425Z        beads-infra: automate the .beads/issues.jsonl export itself (post-mutation bd hook or scheduler-tick step)
clear the needs:area park	Classify the needs:area backlog	2026-09-09T22:01:18.6933649Z #5908  workspace                                T1 fmt: a workspace-wide mechanical/hygiene change
clear the needs:area park	Classify the needs:area backlog	2026-09-09T22:01:18.6933925Z        CI: the rustfmt gate does not reach bench/parse, bench/serve or fuzz (separate cargo workspaces)
clear the needs:area park	Classify the needs:area backlog	2026-09-09T22:01:18.6934080Z #5916  deps                                     T1 deps: dependency management
clear the needs:area park	Classify the needs:area backlog	2026-09-09T22:01:18.6934360Z        supply-chain: bump root `overrides.postcss` to the patched release (needs an npm-capable box)
clear the needs:area park	Classify the needs:area backlog	2026-09-09T22:01:18.6934506Z #5918  deps                                     T1 deps: dependency management
clear the needs:area park	Classify the needs:area backlog	2026-09-09T22:01:18.6934772Z        supply-chain: `sharp` (alert #32) disposition in supply-chain/npm-advisories.md is unverified
clear the needs:area park	Classify the needs:area backlog	2026-09-09T22:01:18.6934994Z #5920  site-specs                               T1 site-specs: authors/edits a Typst UPD under site/specs
clear the needs:area park	Classify the needs:area backlog	2026-09-09T22:01:18.6935443Z        pr-backlog: resolve stale PR #4324 — docs(research): free-cloud overflow capacity — contingency design + security verdict
clear the needs:area park	Classify the needs:area backlog	2026-09-09T22:01:18.6935680Z #5921  site-specs                               T1 site-specs: authors/edits a Typst UPD under site/specs
clear the needs:area park	Classify the needs:area backlog	2026-09-09T22:01:18.6936216Z        pr-backlog: resolve stale PR #4194 — docs(research): capability-based model routing — sparq declares requirements, the registry owns the models
clear the needs:area park	Classify the needs:area backlog	2026-09-09T22:01:18.6936442Z #5922  site-specs                               T1 site-specs: authors/edits a Typst UPD under site/specs
clear the needs:area park	Classify the needs:area backlog	2026-09-09T22:01:18.6936861Z        pr-backlog: resolve stale PR #2278 — chore(tooling): vendor the codex-on-EC2 worker in-repo (sq-uhqah) [OPUS-4.8]
clear the needs:area park	Classify the needs:area backlog	2026-09-09T22:01:18.6937081Z #5923  site-specs                               T1 site-specs: authors/edits a Typst UPD under site/specs
clear the needs:area park	Classify the needs:area backlog	2026-09-09T22:01:18.6937644Z        pr-backlog: resolve stale PR #1607 — docs(specs): Trust Expression Unofficial Proposal Draft — verifier-holder contract for framework-anchored attesta
clear the needs:area park	Classify the needs:area backlog	2026-09-09T22:01:18.6938098Z #5928  site-specs                               T1 site-specs: authors/edits a Typst UPD under site/specs
clear the needs:area park	Classify the needs:area backlog	2026-09-09T22:01:18.6938619Z        pr-backlog: resolve stale PR #4368 — fix(ci): liveness alarm for cron-only lanes + correct the stale org in the EC2 OIDC design record (#4328)
clear the needs:area park	Classify the needs:area backlog	2026-09-09T22:01:18.6938841Z #5929  site-specs                               T1 site-specs: authors/edits a Typst UPD under site/specs
clear the needs:area park	Classify the needs:area backlog	2026-09-09T22:01:18.6939276Z        pr-backlog: resolve stale PR #4184 — chore(triage): shrink the needs-user front door and stop the reconcile re-parking it
clear the needs:area park	Classify the needs:area backlog	2026-09-09T22:01:18.6939496Z #5930  site-specs                               T1 site-specs: authors/edits a Typst UPD under site/specs
clear the needs:area park	Classify the needs:area backlog	2026-09-09T22:01:18.6939968Z        pr-backlog: resolve stale PR #5125 — fix(orchestration): report realisable frontier HEADROOM, not partition contention [OPUS-5]
clear the needs:area park	Classify the needs:area backlog	2026-09-09T22:01:18.6940130Z #6027  ci                                       T1 ci: CI / orchestration infrastructure
clear the needs:area park	Classify the needs:area backlog	2026-09-09T22:01:18.6940520Z        vectorized-feature-off quick-gates: `cargo metadata` step is network-dependent (git dep) with no retry on a REQUIRED gate
clear the needs:area park	Classify the needs:area backlog	2026-09-09T22:01:18.6940675Z #6030  ci                                       T1 ci: CI / orchestration infrastructure
clear the needs:area park	Classify the needs:area backlog	2026-09-09T22:01:18.6941439Z        check-feature-test-execution.py cannot see inline `#[cfg(feature)]` tests in src/ — the exact class sq-mwnko had to close by hand
clear the needs:area park	Classify the needs:area backlog	2026-09-09T22:01:18.6941804Z #6032  sparq-mpc                                T2 bd-to-issues.derive_areas (title scope/crate token)
clear the needs:area park	Classify the needs:area backlog	2026-09-09T22:01:18.6942174Z        sparq-mpc: bind the coin-toss SHARING to its commitment (committed VSS) so an off-commitment contribution is detected
clear the needs:area park	Classify the needs:area backlog	2026-09-09T22:01:18.6942411Z #6035  sparq-zk-compose                         T1 zk-compose: zk-compose circuit/verifier surface
clear the needs:area park	Classify the needs:area backlog	2026-09-09T22:01:18.6942624Z        ZK anchor drift guard does not cover the gui/app copy of COMMITTED_TERM_ANCHORS
clear the needs:area park	Classify the needs:area backlog	2026-09-09T22:01:18.6942782Z #6037  ci                                       T1 ci: CI / orchestration infrastructure
clear the needs:area park	Classify the needs:area backlog	2026-09-09T22:01:18.6943069Z        export-kb-dump.py --dry-run self-test fails: leak-scanner PROBE B (ns1: auto-prefix) EVADED
clear the needs:area park	Classify the needs:area backlog	2026-09-09T22:01:18.6943228Z #6038  ci                                       T1 ci: CI / orchestration infrastructure
clear the needs:area park	Classify the needs:area backlog	2026-09-09T22:01:18.6943486Z        lychee internal-links gate does not cover research/, so design-record links are unchecked
clear the needs:area park	Classify the needs:area backlog	2026-09-09T22:01:18.6943635Z #6040  ci                                       T1 ci: CI / orchestration infrastructure
clear the needs:area park	Classify the needs:area backlog	2026-09-09T22:01:18.6943946Z        test_ring_credential_loud.py silently depends on host `jq`, so a missing jq masquerades as the #4966 defect
clear the needs:area park	Classify the needs:area backlog	2026-09-09T22:01:18.6944168Z #6041  sparq-zk-compose                         T1 zk-compose: zk-compose circuit/verifier surface
clear the needs:area park	Classify the needs:area backlog	2026-09-09T22:01:18.6944412Z        ZK term-anchor drift guard does not cover the GUI copy (gui/app/src/lib/zk-filter.ts)
clear the needs:area park	Classify the needs:area backlog	2026-09-09T22:01:18.6944595Z #6043  site-papers                              T1 site-papers: paper-factory artifact
clear the needs:area park	Classify the needs:area backlog	2026-09-09T22:01:18.6944967Z        paper-evidence drift: conformance.suite_count still says 7 while scoreboard::SUITES registers 26 conformance rows
clear the needs:area park	Classify the needs:area backlog	2026-09-09T22:01:18.6945191Z #6051  sparq-mcp                                T2 bd-to-issues.derive_areas (title scope/crate token)
clear the needs:area park	Classify the needs:area backlog	2026-09-09T22:01:18.6945371Z        sparq-mcp has no request-size cap on the JSON-RPC stdio transport
clear the needs:area park	Classify the needs:area backlog	2026-09-09T22:01:18.6945530Z #6052  ci                                       T1 ci: CI / orchestration infrastructure
clear the needs:area park	Classify the needs:area backlog	2026-09-09T22:01:18.6945790Z        el_suite: stale "28 audited divergences" count in the rustdoc + ci.yml job comment (actual: 11)
clear the needs:area park	Classify the needs:area backlog	2026-09-09T22:01:18.6945992Z #6053  workspace                                T1 fmt: a workspace-wide mechanical/hygiene change
clear the needs:area park	Classify the needs:area backlog	2026-09-09T22:01:18.6946258Z        preflight.py silently passes when the pinned toolchain (and clippy/rustfmt) is unavailable
clear the needs:area park	Classify the needs:area backlog	2026-09-09T22:01:18.6946457Z #6057  site                                     T2 bd-to-issues.derive_areas (title scope/crate token)
clear the needs:area park	Classify the needs:area backlog	2026-09-09T22:01:18.6947012Z        site: competitive matrix still lists "Dataset summary views" as a GAP now that the GUI Overview tool ships
clear the needs:area park	Classify the needs:area backlog	2026-09-09T22:01:18.6947207Z #6058  gui                                      T2 bd-to-issues.derive_areas (title scope/crate token)
clear the needs:area park	Classify the needs:area backlog	2026-09-09T22:01:18.6947434Z        gui: `abbreviateIri` is now a third private copy of the same IRI-shortening helper
clear the needs:area park	Classify the needs:area backlog	2026-09-09T22:01:18.6947589Z #6059  deps                                     T1 deps: dependency management
clear the needs:area park	Classify the needs:area backlog	2026-09-09T22:01:18.6947952Z        supply-chain: npx cyclonedx-npm downloads in gen-js-sbom.sh lack the bounded retry its sibling cargo network steps have
clear the needs:area park	Classify the needs:area backlog	2026-09-09T22:01:18.6948136Z #6062  zk-xpath                                 T1 zk-xpath: zk/xpath (noir_XPath) sources
clear the needs:area park	Classify the needs:area backlog	2026-09-09T22:01:18.6948348Z        sparq-engine ROUND(xsd:double("-0.5")) returns +0.0; XPath F&O requires -0.0
clear the needs:area park	Classify the needs:area backlog	2026-09-09T22:01:18.6948506Z #6063  ci                                       T1 ci: CI / orchestration infrastructure
clear the needs:area park	Classify the needs:area backlog	2026-09-09T22:01:18.6948816Z        docs-quality: research/**/*.md is in markdownlint HARD scope but NOT in the lychee internal-links scope
clear the needs:area park	Classify the needs:area backlog	2026-09-09T22:01:18.6948970Z #6065  ci                                       T1 ci: CI / orchestration infrastructure
clear the needs:area park	Classify the needs:area backlog	2026-09-09T22:01:18.6949305Z        coverage-engine: verify rust-cache does not carry stale .profraw between the run partitions and the merge job
clear the needs:area park	Classify the needs:area backlog	2026-09-09T22:01:18.6949518Z #6066  sparq-mpc                                T2 bd-to-issues.derive_areas (title scope/crate token)
clear the needs:area park	Classify the needs:area backlog	2026-09-09T22:01:18.6949715Z        sparq-mpc: raw NUL byte (0x00) embedded in oblivious_join.rs doc comment
clear the needs:area park	Classify the needs:area backlog	2026-09-09T22:01:18.6949941Z #6067  sparq-vectors                            T2 bd-to-issues.derive_areas (title scope/crate token)
clear the needs:area park	Classify the needs:area backlog	2026-09-09T22:01:18.6950150Z        Repo hygiene: stale PR-BODY.md narrative scratch doc tracked at the repo root
clear the needs:area park	Classify the needs:area backlog	2026-09-09T22:01:18.6950345Z #6081  ci                                       T2 bd-to-issues.derive_areas (title scope/crate token)
clear the needs:area park	Classify the needs:area backlog	2026-09-09T22:01:18.6950526Z        ci: prevent ordinary label churn from launching heavy workflows
clear the needs:area park	Classify the needs:area backlog	2026-09-09T22:01:18.6950680Z #6083  ci                                       T1 ci: CI / orchestration infrastructure
clear the needs:area park	Classify the needs:area backlog	2026-09-09T22:01:18.6950943Z        ruleset 17688455: flip merge_queue.grouping_strategy ALLGREEN -> HEADGREEN (step 2 of #6048)
clear the needs:area park	Classify the needs:area backlog	2026-09-09T22:01:18.6951172Z #6094  site-specs                               T1 site-specs: authors/edits a Typst UPD under site/specs
clear the needs:area park	Classify the needs:area backlog	2026-09-09T22:01:18.6951436Z        Dangling spec reference: site/specs/mcp-solid.typ is cited by 6 files but has never existed
clear the needs:area park	Classify the needs:area backlog	2026-09-09T22:01:18.6951926Z #6097  sparq-reason-dl,sparq-conformance        T1 reason-dl-floor: the DL lane plus the conformance floor constants it ratchets
clear the needs:area park	Classify the needs:area backlog	2026-09-09T22:01:18.6952187Z        ci.yml: stale pin counts in the OWL 2 Direct-Semantics lane comment (68/184 vs the real 93/227)
clear the needs:area park	Classify the needs:area backlog	2026-09-09T22:01:18.6952412Z #6099  site-specs                               T1 site-specs: authors/edits a Typst UPD under site/specs
clear the needs:area park	Classify the needs:area backlog	2026-09-09T22:01:18.6952681Z        doc drift: `site/specs/mcp-solid.typ` is cited as normative but does not exist in the repo
clear the needs:area park	Classify the needs:area backlog	2026-09-09T22:01:18.6952909Z #6101  sparq-zk-compose                         T1 zk-compose: zk-compose circuit/verifier surface
clear the needs:area park	Classify the needs:area backlog	2026-09-09T22:01:18.6953168Z        Triage the 17 sensitive cargo features recorded as KNOWN GAP by feature-matrix invariant (3)
clear the needs:area park	Classify the needs:area backlog	2026-09-09T22:01:18.6953398Z #6102  sparq-trust                              T1 trust-graph: the solid trust-graph / admission surface
clear the needs:area park	Classify the needs:area backlog	2026-09-09T22:01:18.6953840Z        Stale entry: check-feature-test-execution.allowlist.json says sparq-solid trust-graph has no leg, but the combined leg now activates it
clear the needs:area park	Classify the needs:area backlog	2026-09-09T22:01:18.6954060Z #6104  sparq-solid                              T2 bd-to-issues.derive_areas (title scope/crate token)
clear the needs:area park	Classify the needs:area backlog	2026-09-09T22:01:18.6954512Z        sparq-solid: PodStore update path is not request-atomic — evaluate switching to update_in_place_atomic_with_budget
clear the needs:area park	Classify the needs:area backlog	2026-09-09T22:01:18.6954800Z #6107  docs                                     T1 docs: documentation-only change
clear the needs:area park	Classify the needs:area backlog	2026-09-09T22:01:18.6955186Z        docs: mpc-security-models-and-benchmarks.md still says the PRSS/coin-toss impl is unbuilt
clear the needs:area park	Classify the needs:area backlog	2026-09-09T22:01:18.6955402Z #6111  sparq-solid                              T2 bd-to-issues.derive_areas (title scope/crate token)
clear the needs:area park	Classify the needs:area backlog	2026-09-09T22:01:18.6955708Z        Evaluate switching the Solid update path to the atomic engine primitive once its durability gap is closed
clear the needs:area park	Classify the needs:area backlog	2026-09-09T22:01:18.6955924Z #6113  sparq-lws-core                           T0 author-declared crate_or_surface/crates field
clear the needs:area park	Classify the needs:area backlog	2026-09-09T22:01:18.6956321Z        sparq-lws-core's line coverage (58.61%) is far below every other gated crate — raise it, then ratchet the floor
clear the needs:area park	Classify the needs:area backlog	2026-09-09T22:01:18.6956534Z #6114  sparq-lws-core                           T0 author-declared crate_or_surface/crates field
clear the needs:area park	Classify the needs:area backlog	2026-09-09T22:01:18.6956982Z        coverage-gate.py --seed silently DROPS every crate absent from the summary — a crate-scoped re-seed wipes the floor file
clear the needs:area park	Classify the needs:area backlog	2026-09-09T22:01:18.6957215Z #6116  sparq-mpc                                T2 bd-to-issues.derive_areas (title scope/crate token)
clear the needs:area park	Classify the needs:area backlog	2026-09-09T22:01:18.6957609Z        sparq-mpc: VSS dispute round — broadcast + complaint resolution so an abort names the cheater, not the pair
clear the needs:area park	Classify the needs:area backlog	2026-09-09T22:01:18.6957816Z #6117  sparq-mpc                                T2 bd-to-issues.derive_areas (title scope/crate token)
clear the needs:area park	Classify the needs:area backlog	2026-09-09T22:01:18.6958220Z        sparq-mpc: route the production input path through DistributedRandomness::vss_own_input (design §5 item 5)
clear the needs:area park	Classify the needs:area backlog	2026-09-09T22:01:18.6958378Z #6118  ci                                       T1 ci: CI / orchestration infrastructure
clear the needs:area park	Classify the needs:area backlog	2026-09-09T22:01:18.6958707Z        coverage: sparq-solid is measured with DEFAULT features, so all seven opt-in feature surfaces are un-ratcheted
clear the needs:area park	Classify the needs:area backlog	2026-09-09T22:01:18.6958867Z #6125  docs                                     T1 docs: documentation-only change
clear the needs:area park	Classify the needs:area backlog	2026-09-09T22:01:18.6959057Z        Docs: reconcile the PR number cited for bead sq-5reoy (#1599 vs #1602)
clear the needs:area park	Classify the needs:area backlog	2026-09-09T22:01:18.6959299Z #6128  sparq-lws-core                           T2 bd-to-issues.derive_areas (title scope/crate token)
clear the needs:area park	Classify the needs:area backlog	2026-09-09T22:01:18.6959530Z        sparq-lws-core: stale "WAC is an unimplemented M2-next seam" prose on the LDP surface
clear the needs:area park	Classify the needs:area backlog	2026-09-09T22:01:18.6959689Z #6133  ci                                       T1 ci: CI / orchestration infrastructure
clear the needs:area park	Classify the needs:area backlog	2026-09-09T22:01:18.6959993Z        npm version is unpinned, so `npm install` on npm 10 silently rewrites the npm-11-authored package-lock.json
clear the needs:area park	Classify the needs:area backlog	2026-09-09T22:01:18.6960144Z #6134  ci                                       T1 ci: CI / orchestration infrastructure
clear the needs:area park	Classify the needs:area backlog	2026-09-09T22:01:18.6960577Z        `npm ci --ignore-scripts` still runs the js workspace `prepare` hook, so the JS workspace cannot be installed without a Rust/wasm-pack toolchain
clear the needs:area park	Classify the needs:area backlog	2026-09-09T22:01:18.6960772Z #6136  ci                                       T2 bd-to-issues.derive_areas (title scope/crate token)
clear the needs:area park	Classify the needs:area backlog	2026-09-09T22:01:18.6961214Z        ci(cache): release.yml's rust-cache save is dead on arrival (tag-scoped) — needs `save-if: false`, not the main-only guard
clear the needs:area park	Classify the needs:area backlog	2026-09-09T22:01:18.6961490Z #6137  sparq-mpc,sparq-fedplan-mpc              T2 bd-to-issues.derive_areas (title scope/crate token)
clear the needs:area park	Classify the needs:area backlog	2026-09-09T22:01:18.6962025Z        sparq-mpc Cargo.toml header claims "NOTHING in the workspace depends on this crate" — sparq-fedplan-mpc does
clear the needs:area park	Classify the needs:area backlog	2026-09-09T22:01:18.6962226Z #6139  ci                                       T2 bd-to-issues.derive_areas (title scope/crate token)
clear the needs:area park	Classify the needs:area backlog	2026-09-09T22:01:18.6962425Z        ci: pin the REST of the sq-6vshe.14 KEEP-list the way coverage is now pinned
clear the needs:area park	Classify the needs:area backlog	2026-09-09T22:01:18.6962584Z #6140  ci                                       T1 ci: CI / orchestration infrastructure
clear the needs:area park	Classify the needs:area backlog	2026-09-09T22:01:18.6962931Z        research/change-based-test-selection.md still documents the `unlabeled` pull_request trigger removed by #5682
clear the needs:area park	Classify the needs:area backlog	2026-09-09T22:01:18.6963165Z #6141  sparq-vectors                            T2 bd-to-issues.derive_areas (title scope/crate token)
clear the needs:area park	Classify the needs:area backlog	2026-09-09T22:01:18.6963624Z        hygiene: PR-BODY.md is a stale narrative scratch doc tracked at the repo root
clear the needs:area park	Classify the needs:area backlog	2026-09-09T22:01:18.6963851Z #6146  sparq-lws-core                           T2 bd-to-issues.derive_areas (title scope/crate token)
clear the needs:area park	Classify the needs:area backlog	2026-09-09T22:01:18.6964190Z        sparq-lws-core: lib.rs still lists per-resource subscription authorization as an unimplemented `M2-next:` seam
clear the needs:area park	Classify the needs:area backlog	2026-09-09T22:01:18.6964344Z #6150  ci                                       T1 ci: CI / orchestration infrastructure
clear the needs:area park	Classify the needs:area backlog	2026-09-09T22:01:18.6964601Z        ci-select: the rust_changed layer does not benefit from the #5237 comment-only content proof
clear the needs:area park	Classify the needs:area backlog	2026-09-09T22:01:18.6964756Z #6151  ci                                       T1 ci: CI / orchestration infrastructure
clear the needs:area park	Classify the needs:area backlog	2026-09-09T22:01:18.6965213Z        ci.yml: the new SIMD non-vacuity guard sits between the nextest archive build and the archive upload, weakening the documented "upload immediately aft
clear the needs:area park	Classify the needs:area backlog	2026-09-09T22:01:18.6965408Z #6153  ci                                       T2 bd-to-issues.derive_areas (title scope/crate token)
clear the needs:area park	Classify the needs:area backlog	2026-09-09T22:01:18.6965722Z        ci: run scripts/ci_mergegroup_poles.py and record the current top-3 merge_group poles in the sq-6vshe epic
clear the needs:area park	Classify the needs:area backlog	2026-09-09T22:01:18.6965879Z #6154  ci                                       T1 ci: CI / orchestration infrastructure
clear the needs:area park	Classify the needs:area backlog	2026-09-09T22:01:18.6966152Z        zk-toolchain.yml: "this lane's triggers are a strict subset of that one's" is not literally true
clear the needs:area park	Classify the needs:area backlog	2026-09-09T22:01:18.6966379Z #6161  zk                                       T1 zk-ieee754-title: zk/ieee754 (sparq_ieee754) named in the title
clear the needs:area park	Classify the needs:area backlog	2026-09-09T22:01:18.6966905Z        research doc drift: noir-ieee754-directed-rounding-design.md §2 still presumes sq-3x7dl.2's round-half-toward-+∞ mode will exist
clear the needs:area park	Classify the needs:area backlog	2026-09-09T22:01:18.6967056Z #6165  ci                                       T1 ci: CI / orchestration infrastructure
clear the needs:area park	Classify the needs:area backlog	2026-09-09T22:01:18.6967308Z        ci(supply-chain): the JS SBOM leg lacks the network-flake hardening its Rust siblings have
clear the needs:area park	Classify the needs:area backlog	2026-09-09T22:01:18.6967468Z #6167  ci                                       T1 ci: CI / orchestration infrastructure
clear the needs:area park	Classify the needs:area backlog	2026-09-09T22:01:18.6967936Z        sq-6vshe.15 item 1 remainder: decompose the nextest-archive upload into compress-vs-transfer before retuning --zstd-level or pruning the archive
clear the needs:area park	Classify the needs:area backlog	2026-09-09T22:01:18.6968093Z #6168  ci                                       T1 ci: CI / orchestration infrastructure
clear the needs:area park	Classify the needs:area backlog	2026-09-09T22:01:18.6968465Z        Run the sccache A/B on main and record the verdict in research/ci-mergequeue-speedup-2026-07.md §3.2
clear the needs:area park	Classify the needs:area backlog	2026-09-09T22:01:18.6968699Z #6170  sparq-vectors                            T2 bd-to-issues.derive_areas (title scope/crate token)
clear the needs:area park	Classify the needs:area backlog	2026-09-09T22:01:18.6968965Z        hygiene: repo-root PR-BODY.md is a committed narrative scratch doc (CLAUDE.md forbids these)
clear the needs:area park	Classify the needs:area backlog	2026-09-09T22:01:18.6969187Z #6176  sparq-solid                              T2 bd-to-issues.derive_areas (title scope/crate token)
clear the needs:area park	Classify the needs:area backlog	2026-09-09T22:01:18.6969510Z        sparq-solid: `update_as_acp_with_budget` ships with no direct test (and the MCP ACP update branch is untested)
clear the needs:area park	Classify the needs:area backlog	2026-09-09T22:01:18.6969675Z #6178  ci                                       T1 ci: CI / orchestration infrastructure
clear the needs:area park	Classify the needs:area backlog	2026-09-09T22:01:18.6970034Z        AGENTS.md and check-install-action-tool.py both name the wrong docs-quality job (ci-scripts, actually quick-gates)
clear the needs:area park	Classify the needs:area backlog	2026-09-09T22:01:18.6970260Z #6180  gui,deps                                 T1 gui-tauri: the Tauri desktop shell's dependency stack
clear the needs:area park	Classify the needs:area backlog	2026-09-09T22:01:18.6970623Z        sparq-wasm: Store.deriveForm should use derive_form_validated so the hosted web app gets F3 validation + DASH suggestions
clear the needs:area park	Classify the needs:area backlog	2026-09-09T22:01:18.6970773Z #6181  site                                     T1 site-app: a site/ route
clear the needs:area park	Classify the needs:area backlog	2026-09-09T22:01:18.6970954Z        site: the SHACL-forms capability page predates F3 DASH suggestions
clear the needs:area park	Classify the needs:area backlog	2026-09-09T22:01:18.6971180Z #6186  sparq-policy                             T1 odrl: ODRL evaluation lives in crates/sparq-policy
clear the needs:area park	Classify the needs:area backlog	2026-09-09T22:01:18.6971767Z        secx:assumption is inert in the admissibility reasoner — Phase 6 annotations cannot yet be discharged by an ODRL preference
clear the needs:area park	Classify the needs:area backlog	2026-09-09T22:01:18.6972238Z #6187  sparq-zk,sparq-mpc                       T2 bd-to-issues.derive_areas (title scope/crate token)
clear the needs:area park	Classify the needs:area backlog	2026-09-09T22:01:18.6972507Z        The secprop annotation-graph Turtle parser is duplicated between sparq-zk and sparq-mpc
clear the needs:area park	Classify the needs:area backlog	2026-09-09T22:01:18.6972727Z #6188  sparq-solid                              T2 bd-to-issues.derive_areas (title scope/crate token)
clear the needs:area park	Classify the needs:area backlog	2026-09-09T22:01:18.6973095Z        sparq-solid: PodStore::update_as_acp_with_budget has no direct test (ACP branch of the budgeted write path is unpinned)
clear the needs:area park	Classify the needs:area backlog	2026-09-09T22:01:18.6973311Z #6189  sparq-mpc                                T2 bd-to-issues.derive_areas (title scope/crate token)
clear the needs:area park	Classify the needs:area backlog	2026-09-09T22:01:18.6973636Z        sparq-mpc: auth_compare still documents itself as AXIS-1 `Malicious` despite the adopted second-operand tamper
clear the needs:area park	Classify the needs:area backlog	2026-09-09T22:01:18.6973855Z #6191  sparq-solid                              T2 bd-to-issues.derive_areas (title scope/crate token)
clear the needs:area park	Classify the needs:area backlog	2026-09-09T22:01:18.6974244Z        security(solid): an UPDATE's WHERE clause reads graphs the session has no acl:Read grant on (exfiltration via INSERT ... WHERE)
clear the needs:area park	Classify the needs:area backlog	2026-09-09T22:01:18.6974469Z #6192  sparq-solid                              T2 bd-to-issues.derive_areas (title scope/crate token)
clear the needs:area park	Classify the needs:area backlog	2026-09-09T22:01:18.6974814Z        test(solid): pin the store-transition semantics of a DELETE ... WHERE issued over a pattern-scoped (masked) dataset
clear the needs:area park	Classify the needs:area backlog	2026-09-09T22:01:18.6975038Z #6194  sparq-lws-core                           T2 bd-to-issues.derive_areas (title scope/crate token)
clear the needs:area park	Classify the needs:area backlog	2026-09-09T22:01:18.6975348Z        sparq-lws-core: stale `M2-next` / `sparq#992` WAC-not-implemented claims outside the notifications module
clear the needs:area park	Classify the needs:area backlog	2026-09-09T22:01:18.6975506Z #6196  ci                                       T1 ci: CI / orchestration infrastructure
clear the needs:area park	Classify the needs:area backlog	2026-09-09T22:01:18.6975737Z        export-kb-dump.py --dry-run blames the leak scanner when rdflib is merely absent
clear the needs:area park	Classify the needs:area backlog	2026-09-09T22:01:18.6975900Z #6197  ci                                       T1 ci: CI / orchestration infrastructure
clear the needs:area park	Classify the needs:area backlog	2026-09-09T22:01:18.6976284Z        ci-select: scripts/ready-issues.py is not orchestration-safe, so a Python-only orchestration edit runs the FULL Rust matrix
clear the needs:area park	Classify the needs:area backlog	2026-09-09T22:01:18.6976512Z #6201  sparq-reason                             T2 bd-to-issues.derive_areas (title scope/crate token)
clear the needs:area park	Classify the needs:area backlog	2026-09-09T22:01:18.6976968Z        sparq-reason: N3 negation-as-failure over same-document derived predicates fails OPEN, and the hazard is documented only on reason_n3_stratified
clear the needs:area park	Classify the needs:area backlog	2026-09-09T22:01:18.6977127Z #6203  ci                                       T1 ci: CI / orchestration infrastructure
clear the needs:area park	Classify the needs:area backlog	2026-09-09T22:01:18.6977600Z        sparq-vectors tests/ef_sweep.rs shares one temp file across tests — only accidentally isolated by nextest's process-per-test
clear the needs:area park	Classify the needs:area backlog	2026-09-09T22:01:18.6977832Z #6206  sparq-lws-core                           T2 bd-to-issues.derive_areas (title scope/crate token)
clear the needs:area park	Classify the needs:area backlog	2026-09-09T22:01:18.6978106Z        sparq-lws-core: wire ObjectStoreBlobStore into the server binary's blob-backend selection
clear the needs:area park	Classify the needs:area backlog	2026-09-09T22:01:18.6978341Z #6208  sparq-lws-core                           T2 bd-to-issues.derive_areas (title scope/crate token)
clear the needs:area park	Classify the needs:area backlog	2026-09-09T22:01:18.6978603Z        sparq-lws-core: BlobStore::delete_if_unchanged has no backend-native CAS on object_store
clear the needs:area park	Classify the needs:area backlog	2026-09-09T22:01:18.6978765Z #6211  ci                                       T1 ci: CI / orchestration infrastructure
clear the needs:area park	Classify the needs:area backlog	2026-09-09T22:01:18.6978983Z        MSRV lane misses test-code breakage: `cargo check` runs without `--all-targets`
clear the needs:area park	Classify the needs:area backlog	2026-09-09T22:01:18.6979182Z #6214  ci                                       T2 bd-to-issues.derive_areas (title scope/crate token)
clear the needs:area park	Classify the needs:area backlog	2026-09-09T22:01:18.6979470Z        CI gap: test-only compile errors sit latent until an unrelated crate's change widens the affected set
clear the needs:area park	Classify the needs:area backlog	2026-09-09T22:01:18.6979630Z #6216  ci                                       T1 ci: CI / orchestration infrastructure
clear the needs:area park	Classify the needs:area backlog	2026-09-09T22:01:18.6980035Z        release.yml `gui-bundle` is the last lane still source-compiling wasm-pack (multi-arch matrix unverified for the prebuilt action)
clear the needs:area park	Classify the needs:area backlog	2026-09-09T22:01:18.6980445Z #6217  sparq-vectors                            T2 bd-to-issues.derive_areas (title scope/crate token)
clear the needs:area park	Classify the needs:area backlog	2026-09-09T22:01:18.6980661Z        repo hygiene: PR-BODY.md is a tracked narrative scratch doc left at the repo root
clear the needs:area park	Classify the needs:area backlog	2026-09-09T22:01:18.6980879Z #6224  sparq-engine                             T2 bd-to-issues.derive_areas (title scope/crate token)
clear the needs:area park	Classify the needs:area backlog	2026-09-09T22:01:18.6981196Z        engine: pull/Volcano iterator execution model (the remaining half of demand-driven page-wise evaluation)
clear the needs:area park	Classify the needs:area backlog	2026-09-09T22:01:18.6981357Z #6230  ci                                       T1 ci: CI / orchestration infrastructure
clear the needs:area park	Classify the needs:area backlog	2026-09-09T22:01:18.6981738Z        export-kb-dump.py --dry-run self-test reports a false FAIL when rdflib is absent (PROBE B)
clear the needs:area park	Classify the needs:area backlog	2026-09-09T22:01:18.6981980Z #6235  site-specs                               T1 site-specs: authors/edits a Typst UPD under site/specs
clear the needs:area park	Classify the needs:area backlog	2026-09-09T22:01:18.6982257Z        sparq-mcp/sparq-solid docs cite `site/specs/mcp-solid.typ`, which does not exist in the repo
clear the needs:area park	Classify the needs:area backlog	2026-09-09T22:01:18.6982495Z #6237  sparq-lws-core                           T2 bd-to-issues.derive_areas (title scope/crate token)
clear the needs:area park	Classify the needs:area backlog	2026-09-09T22:01:18.6982924Z        sparq-lws-core: the `#[allow(clippy::result_large_err)]` on `NotifyState::authorize_topic_read` is not load-bearing on the pinned toolchain
clear the needs:area park	Classify the needs:area backlog	2026-09-09T22:01:18.6983079Z #6242  ci                                       T1 ci: CI / orchestration infrastructure
clear the needs:area park	Classify the needs:area backlog	2026-09-09T22:01:18.6983471Z        research/change-based-test-selection.md §7 P1 still states the selector is stdlib-only after #5237
clear the needs:area park	Classify the needs:area backlog	2026-09-09T22:01:18.6983625Z #6247  ci                                       T1 ci: CI / orchestration infrastructure
clear the needs:area park	Classify the needs:area backlog	2026-09-09T22:01:18.6984052Z        docs-quality: the typos step claims scope parity with markdownlint but is 324 files short (research/ + zk/ markdown is spell-check-exempt)
clear the needs:area park	Classify the needs:area backlog	2026-09-09T22:01:18.6984208Z #6248  ci                                       T1 ci: CI / orchestration infrastructure
clear the needs:area park	Classify the needs:area backlog	2026-09-09T22:01:18.6984480Z        rust-cache key posture outside ci.yml: `key`-only and unnamed steps are still job-id-scoped
clear the needs:area park	Classify the needs:area backlog	2026-09-09T22:01:18.6984638Z #6251  ci                                       T1 ci: CI / orchestration infrastructure
clear the needs:area park	Classify the needs:area backlog	2026-09-09T22:01:18.6984924Z        ~12 GitHub Actions step names are silently truncated at a `#` because they are unquoted YAML scalars
clear the needs:area park	Classify the needs:area backlog	2026-09-09T22:01:18.6985148Z #6253  sparq-solid                              T2 bd-to-issues.derive_areas (title scope/crate token)
clear the needs:area park	Classify the needs:area backlog	2026-09-09T22:01:18.6985600Z        perf(solid): scoped_dataset cache-HIT path is O(accessible graph names) — build a borrowed key, materialize only on a miss
clear the needs:area park	Classify the needs:area backlog	2026-09-09T22:01:18.6985816Z #6254  sparq-solid                              T2 bd-to-issues.derive_areas (title scope/crate token)
clear the needs:area park	Classify the needs:area backlog	2026-09-09T22:01:18.6986214Z        solid: `PodStore::graph` is `pub`, so direct mutation silently desynchronizes the session index AND (now) the masked-replica cache
clear the needs:area park	Classify the needs:area backlog	2026-09-09T22:01:18.6986436Z #6256  gui,deps                                 T1 gui-tauri: the Tauri desktop shell's dependency stack
clear the needs:area park	Classify the needs:area backlog	2026-09-09T22:01:18.6986795Z        GUI: desktop URL import is CORS-limited — fetch runs in the webview, not through the native loader
clear the needs:area park	Classify the needs:area backlog	2026-09-09T22:01:18.6986997Z #6257  gui                                      T2 bd-to-issues.derive_areas (title scope/crate token)
clear the needs:area park	Classify the needs:area backlog	2026-09-09T22:01:18.6987330Z        GUI: web multi-file import records bytes:0 / format:"mixed", which the rail's Imports subgroup now renders as "0 B"
clear the needs:area park	Classify the needs:area backlog	2026-09-09T22:01:18.6987532Z #6258  gui                                      T2 bd-to-issues.derive_areas (title scope/crate token)
clear the needs:area park	Classify the needs:area backlog	2026-09-09T22:01:18.6987736Z        GUI e2e: no Playwright coverage for the Imports subgroup re-fetch action
clear the needs:area park	Classify the needs:area backlog	2026-09-09T22:01:18.6987896Z #6259  ci                                       T1 ci: CI / orchestration infrastructure
clear the needs:area park	Classify the needs:area backlog	2026-09-09T22:01:18.6988449Z        check-workflow-run-swallow.py: a `|| true` inside a double-quoted command substitution "$( … )" is masked away and never seen (W1 false negative)
clear the needs:area park	Classify the needs:area backlog	2026-09-09T22:01:18.6988840Z #6260  ci                                       T1 ci: CI / orchestration infrastructure
clear the needs:area park	Classify the needs:area backlog	2026-09-09T22:01:18.6989147Z        research/ci-mergequeue-speedup-2026-07.md contradicts the combined-head invariant landed by #6048
clear the needs:area park	Classify the needs:area backlog	2026-09-09T22:01:18.6989376Z #6261  sparq-lws-core                           T2 bd-to-issues.derive_areas (title scope/crate token)
clear the needs:area park	Classify the needs:area backlog	2026-09-09T22:01:18.6989741Z        sparq-lws-core: doc drift — the object_store BlobStore adapter is described as unlanded future work
clear the needs:area park	Classify the needs:area backlog	2026-09-09T22:01:18.6989964Z #6262  sparq-solid                              T2 bd-to-issues.derive_areas (title scope/crate token)
clear the needs:area park	Classify the needs:area backlog	2026-09-09T22:01:18.6990353Z        coverage ratchet: sparq-solid is measured with DEFAULT features, so the whole `pattern-scope` opt-in surface is outside the floor
clear the needs:area park	Classify the needs:area backlog	2026-09-09T22:01:18.6990514Z #6267  ci                                       T1 ci: CI / orchestration infrastructure
clear the needs:area park	Classify the needs:area backlog	2026-09-09T22:01:18.6990907Z        No gate validates `file:line` citations in research/ records — stale-by-own-diff citations ship undetected
clear the needs:area park	Classify the needs:area backlog	2026-09-09T22:01:18.6991146Z #6274  sparq-vectors                            T2 bd-to-issues.derive_areas (title scope/crate token)
clear the needs:area park	Classify the needs:area backlog	2026-09-09T22:01:18.6991642Z        vectors: the NEON kernel has no in-test dispatch assertion — the aarch64 half of #5065 is workflow-only
clear the needs:area park	Classify the needs:area backlog	2026-09-09T22:01:18.6991805Z #6276  ci                                       T1 ci: CI / orchestration infrastructure
clear the needs:area park	Classify the needs:area backlog	2026-09-09T22:01:18.6992179Z        docs-quality: promote research/ into the lychee internal-links scope — the stated blocker has landed
clear the needs:area park	Classify the needs:area backlog	2026-09-09T22:01:18.6992406Z #6277  sparq-lws-core                           T2 bd-to-issues.derive_areas (title scope/crate token)
clear the needs:area park	Classify the needs:area backlog	2026-09-09T22:01:18.6992807Z        research/lws-spec-conformance-vectors.md §1 describes lib.rs pre-change state that the same PR changes
clear the needs:area park	Classify the needs:area backlog	2026-09-09T22:01:18.6992961Z #6279  ci                                       T1 ci: CI / orchestration infrastructure
clear the needs:area park	Classify the needs:area backlog	2026-09-09T22:01:18.6993352Z        Audit every component that WRITES orchestration state against the visibility predicate of the component that consumes it
clear the needs:area park	Classify the needs:area backlog	2026-09-09T22:01:18.6993524Z #6280  release                                  T1 release: the release pipeline
clear the needs:area park	Classify the needs:area backlog	2026-09-09T22:01:18.6994098Z        review-alarm now reports release-plz and dependabot PRs as permanent findings — decide whether a maintainer-reviewed class should age out of the alarm
clear the needs:area park	Classify the needs:area backlog	2026-09-09T22:01:18.6994334Z #6282  sparq-lws-core                           T2 bd-to-issues.derive_areas (title scope/crate token)
clear the needs:area park	Classify the needs:area backlog	2026-09-09T22:01:18.6994547Z        sparq-lws-core: WAC is not re-evaluated on an already-open notification socket
clear the needs:area park	Classify the needs:area backlog	2026-09-09T22:01:18.6994768Z #6284  sparq-forms                              T2 bd-to-issues.derive_areas (title scope/crate token)
clear the needs:area park	Classify the needs:area backlog	2026-09-09T22:01:18.6995121Z        sparq-forms golden fixtures carry the #2384 one-file-scope trap: 8 source fixtures never name their golden companion
clear the needs:area park	Classify the needs:area backlog	2026-09-09T22:01:18.6995336Z #6285  sparq-kb                                 T2 bd-to-issues.derive_areas (title scope/crate token)
clear the needs:area park	Classify the needs:area backlog	2026-09-09T22:01:18.6995827Z        Two committed goldens have no in-repo regeneration path: bench/rsp-window-differential/fixtures/rsp4j.golden.tsv and crates/sparq-kb/tests/golden/open
clear the needs:area park	Classify the needs:area backlog	2026-09-09T22:01:18.6996004Z #6286  sparq-acbench                            T1 acbench: crates/sparq-acbench
clear the needs:area park	Classify the needs:area backlog	2026-09-09T22:01:18.6996350Z        sparq-acbench: build_expected_decisions rustdoc claims the regulator row is conditional, but it is unconditional
clear the needs:area park	Classify the needs:area backlog	2026-09-09T22:01:18.6996577Z #6287  sparq-acbench                            T2 bd-to-issues.derive_areas (title scope/crate token)
clear the needs:area park	Classify the needs:area backlog	2026-09-09T22:01:18.6996972Z        clippy::too_many_lines is formatting-sensitive, and fmt is now a hard gate — the two thresholds can collide
clear the needs:area park	Classify the needs:area backlog	2026-09-09T22:01:18.6997151Z #6288  sparq-acbench                            T1 acbench: crates/sparq-acbench
clear the needs:area park	Classify the needs:area backlog	2026-09-09T22:01:18.6997547Z        sparq-acbench U3 ground truth is not test-pinned: deleting a whole AC model from build_expected_decisions leaves all 141 tests green
clear the needs:area park	Classify the needs:area backlog	2026-09-09T22:01:18.6997968Z #6290  ci                                       T1 ci: CI / orchestration infrastructure
clear the needs:area park	Classify the needs:area backlog	2026-09-09T22:01:18.6998291Z        ci: flip merge-queue grouping_strategy ALLGREEN -> HEADGREEN on ruleset 17688455 (maintainer step for #6048)
clear the needs:area park	Classify the needs:area backlog	2026-09-09T22:01:18.6998519Z #6304  sparq-lws-core                           T2 bd-to-issues.derive_areas (title scope/crate token)
clear the needs:area park	Classify the needs:area backlog	2026-09-09T22:01:18.6998911Z        sparq-lws-core is absent from the coverage ratchet (not in coverage.sh PER_COMMIT_CRATES, no bench/coverage-floor.json entry)
clear the needs:area park	Classify the needs:area backlog	2026-09-09T22:01:18.6999131Z #6309  sparq-solid                              T2 bd-to-issues.derive_areas (title scope/crate token)
clear the needs:area park	Classify the needs:area backlog	2026-09-09T22:01:18.6999411Z        sparq-solid: wildcard update deny message discloses a store graph name the session cannot read
clear the needs:area park	Classify the needs:area backlog	2026-09-09T22:01:18.6999573Z #6310  ci                                       T1 ci: CI / orchestration infrastructure
clear the needs:area park	Classify the needs:area backlog	2026-09-09T22:01:18.6999945Z        ci_select: scripts/promote.py is missing from _ORCHESTRATION_SAFE (forces the full Rust matrix on orchestration-only PRs)
clear the needs:area park	Classify the needs:area backlog	2026-09-09T22:01:18.7000172Z #6313  sparq-solid                              T2 bd-to-issues.derive_areas (title scope/crate token)
clear the needs:area park	Classify the needs:area backlog	2026-09-09T22:01:18.7000569Z        sparq-solid docs claim it is "a dependency of nothing in the workspace" — three in-workspace dependents exist
clear the needs:area park	Classify the needs:area backlog	2026-09-09T22:01:18.7000730Z #6315  ci                                       T1 ci: CI / orchestration infrastructure
clear the needs:area park	Classify the needs:area backlog	2026-09-09T22:01:18.7001210Z        Remaining lanes still `cargo install wasm-pack --locked` (gui.yml, publish.yml, nightly-full-sweep.yml, pages.yml, site-e2e-hero.yml, site-visual.yml)
clear the needs:area park	Classify the needs:area backlog	2026-09-09T22:01:18.7001365Z #6319  ci                                       T1 ci: CI / orchestration infrastructure
clear the needs:area park	Classify the needs:area backlog	2026-09-09T22:01:18.7001710Z        Deduplicate the bd/Go JSONL serializer once scripts/beads-export-sync.py lands
clear the needs:area park	Classify the needs:area backlog	2026-09-09T22:01:18.7001943Z #6320  sparq-lws-core                           T2 bd-to-issues.derive_areas (title scope/crate token)
clear the needs:area park	Classify the needs:area backlog	2026-09-09T22:01:18.7002350Z        sparq-lws-core: crate-doc `M2-next:` seam list is stale (subscription WAC now implemented; multipart Range already implemented)
clear the needs:area park	Classify the needs:area backlog	2026-09-09T22:01:18.7002517Z #6327  docs                                     T1 docs: documentation-only change
clear the needs:area park	Classify the needs:area backlog	2026-09-09T22:01:18.7002722Z        docs: PR #6312 adds github.com/jeswr/sparq links after the sparq-org migration
clear the needs:area park	Classify the needs:area backlog	2026-09-09T22:01:18.7002953Z #6329  sparq-lws-core                           T2 bd-to-issues.derive_areas (title scope/crate token)
clear the needs:area park	Classify the needs:area backlog	2026-09-09T22:01:18.7003217Z        sparq-lws-core: let the binary select the object_store blob backend (SOLID_SERVER_BLOB_BACKEND)
clear the needs:area park	Classify the needs:area backlog	2026-09-09T22:01:18.7003445Z #6330  sparq-lws-core                           T2 bd-to-issues.derive_areas (title scope/crate token)
clear the needs:area park	Classify the needs:area backlog	2026-09-09T22:01:18.7003711Z        sparq-lws-core: no atomic BlobStore::delete_if_unchanged is possible on object_store 0.14
clear the needs:area park	Classify the needs:area backlog	2026-09-09T22:01:18.7003873Z #6341  ci                                       T1 ci: CI / orchestration infrastructure
clear the needs:area park	Classify the needs:area backlog	2026-09-09T22:01:18.7004457Z        Mutation ratchet: the persistent red legs (sparq-mpc, sparq-fedplan, sparq-reason, sparq-server) are budget exhaustion, not mutation survivors — decid
clear the needs:area park	Classify the needs:area backlog	2026-09-09T22:01:18.7004615Z #6342  ci                                       T1 ci: CI / orchestration infrastructure
clear the needs:area park	Classify the needs:area backlog	2026-09-09T22:01:18.7005081Z        Mutation ratchet: right-size sparq-engine's 24x360min sharding, or lower its cadence — decide from the first report-job run
clear the needs:area park	Classify the needs:area backlog	2026-09-09T22:01:18.7005277Z #6346  ci                                       T2 bd-to-issues.derive_areas (title scope/crate token)
clear the needs:area park	Classify the needs:area backlog	2026-09-09T22:01:18.7005601Z        ci: bench/pattern-scope/** is unmapped in ci/path-ownership.toml, so any edit there forces the FULL CI matrix
clear the needs:area park	Classify the needs:area backlog	2026-09-09T22:01:18.7005826Z #6347  gui,deps                                 T1 gui-tauri: the Tauri desktop shell's dependency stack
clear the needs:area park	Classify the needs:area backlog	2026-09-09T22:01:18.7006134Z        docs(sparq-solid): stale Cargo.toml comment claims the crate is "a dependency of NOTHING in the workspace"
clear the needs:area park	Classify the needs:area backlog	2026-09-09T22:01:18.7006592Z #6357  sparq-lws-core                           T2 bd-to-issues.derive_areas (title scope/crate token)
clear the needs:area park	Classify the needs:area backlog	2026-09-09T22:01:18.7006811Z        sparq-lws-core: accept N-Triples / N-Quads as RDF INPUT on the LDP write path
clear the needs:area park	Classify the needs:area backlog	2026-09-09T22:01:18.7007031Z #6358  sparq-lws-core                           T2 bd-to-issues.derive_areas (title scope/crate token)
clear the needs:area park	Classify the needs:area backlog	2026-09-09T22:01:18.7007296Z        sparq-lws-core: LDP conneg does not recognise alias media types for the line/N3 read formats
clear the needs:area park	Classify the needs:area backlog	2026-09-09T22:01:18.7007516Z #6361  sparq-lws-core                           T2 bd-to-issues.derive_areas (title scope/crate token)
clear the needs:area park	Classify the needs:area backlog	2026-09-09T22:01:18.7007827Z        sparq-lws-core: cache parsed acl:agentGroup group documents (currently re-read + re-parsed per request)
clear the needs:area park	Classify the needs:area backlog	2026-09-09T22:01:18.7008094Z #6362  sparq-wac-oracle,sparq-solid             T2 bd-to-issues.derive_areas (title scope/crate token)
clear the needs:area park	Classify the needs:area backlog	2026-09-09T22:01:18.7008388Z        sparq-wac-oracle / sparq-solid: confirm acl:agentGroup parity with the sparq-lws-core WAC engine
clear the needs:area park	Classify the needs:area backlog	2026-09-09T22:01:18.7008588Z #6364  ci                                       T2 bd-to-issues.derive_areas (title scope/crate token)
clear the needs:area park	Classify the needs:area backlog	2026-09-09T22:01:18.7008864Z        ci: confirm the account's real hosted-runner concurrency and re-derive the scheduled-lane ceiling
clear the needs:area park	Classify the needs:area backlog	2026-09-09T22:01:18.7009092Z #6365  sparq-vectors                            T2 bd-to-issues.derive_areas (title scope/crate token)
clear the needs:area park	Classify the needs:area backlog	2026-09-09T22:01:18.7009307Z        hygiene: PR-BODY.md is a tracked narrative scratch doc at the repo root on main
clear the needs:area park	Classify the needs:area backlog	2026-09-09T22:01:18.7009523Z #6367  sparq-solid                              T2 bd-to-issues.derive_areas (title scope/crate token)
clear the needs:area park	Classify the needs:area backlog	2026-09-09T22:01:18.7009781Z        B7 auth half: WebID/Solid-OIDC authentication on federated calls is still unimplemented
clear the needs:area park	Classify the needs:area backlog	2026-09-09T22:01:18.7009995Z #6369  sparq-solid                              T2 bd-to-issues.derive_areas (title scope/crate token)
clear the needs:area park	Classify the needs:area backlog	2026-09-09T22:01:18.7010331Z        sparq-solid: source-auth participation is graph-set membership only; no VoID/service-description discovery
clear the needs:area park	Classify the needs:area backlog	2026-09-09T22:01:18.7010510Z #6371  ci                                       T1 ci: CI / orchestration infrastructure
clear the needs:area park	Classify the needs:area backlog	2026-09-09T22:01:18.7010796Z        ci-select: the merge-group change-CLASS layer does not get the #5237 parsed-YAML inertness proof
clear the needs:area park	Classify the needs:area backlog	2026-09-09T22:01:18.7010980Z #6373  ci                                       T1 ci: CI / orchestration infrastructure
clear the needs:area park	Classify the needs:area backlog	2026-09-09T22:01:18.7011398Z        sparq-lws-core/sparq-solid: extract is_control_document_name into a dependency-free leaf so the mint guard can DELEGATE, not mirror
clear the needs:area park	Classify the needs:area backlog	2026-09-09T22:01:18.7011676Z #6378  ci                                       T1 ci: CI / orchestration infrastructure
clear the needs:area park	Classify the needs:area backlog	2026-09-09T22:01:18.7011982Z        A comment-only .github/workflows/ci.yml edit forces mode=full, maximising CI cost and flake exposure
clear the needs:area park	Classify the needs:area backlog	2026-09-09T22:01:18.7012201Z #6380  sparq-solid                              T2 bd-to-issues.derive_areas (title scope/crate token)
clear the needs:area park	Classify the needs:area backlog	2026-09-09T22:01:18.7012570Z        sparq-solid: #5579 P0 — profile the put_acl write path before any scoped-materializer bead lands
clear the needs:area park	Classify the needs:area backlog	2026-09-09T22:01:18.7012788Z #6381  sparq-solid                              T2 bd-to-issues.derive_areas (title scope/crate token)
clear the needs:area park	Classify the needs:area backlog	2026-09-09T22:01:18.7013171Z        sparq-solid: a static-target update_as write to a content-graph group document does not re-materialize (stale-grant window)
clear the needs:area park	Classify the needs:area backlog	2026-09-09T22:01:18.7013390Z #6382  sparq-solid                              T2 bd-to-issues.derive_areas (title scope/crate token)
clear the needs:area park	Classify the needs:area backlog	2026-09-09T22:01:18.7013689Z        sparq-solid: consider rejecting `urn:skolem:` named nodes in control/group documents (defence in depth)
clear the needs:area park	Classify the needs:area backlog	2026-09-09T22:01:18.7013848Z #6383  ci                                       T1 ci: CI / orchestration infrastructure
clear the needs:area park	Classify the needs:area backlog	2026-09-09T22:01:18.7014204Z        export-kb-dump.py --dry-run self-test fails on main: PROBE B (ns1: auto-prefix) EVADES the restricted-tier leak scanner
clear the needs:area park	Classify the needs:area backlog	2026-09-09T22:01:18.7014571Z #6387  sparq-conformance                        T2 bd-to-issues.derive_areas (title scope/crate token)
clear the needs:area park	Classify the needs:area backlog	2026-09-09T22:01:18.7014921Z        Generalise the sq-mwnko feature-gated lib-test executor pin beyond sparq-conformance
clear the needs:area park	Classify the needs:area backlog	2026-09-09T22:01:18.7015153Z #6389  sparq-lws-core                           T2 bd-to-issues.derive_areas (title scope/crate token)
clear the needs:area park	Classify the needs:area backlog	2026-09-09T22:01:18.7015488Z        sparq-lws-core: notification subscribe/receive WAC uses the SEQUENTIAL walk, not the planned read-plan path
clear the needs:area park	Classify the needs:area backlog	2026-09-09T22:01:18.7015708Z #6390  sparq-lws-core                           T2 bd-to-issues.derive_areas (title scope/crate token)
clear the needs:area park	Classify the needs:area backlog	2026-09-09T22:01:18.7016017Z        sparq-lws-core: a WAC grant revoked mid-stream does not tear down an already-open notification WebSocket
clear the needs:area park	Classify the needs:area backlog	2026-09-09T22:01:18.7016171Z #6399  ci                                       T1 ci: CI / orchestration infrastructure
clear the needs:area park	Classify the needs:area backlog	2026-09-09T22:01:18.7016426Z        A workflow's sparse-checkout cone should be proven able to run that workflow's own steps
clear the needs:area park	Classify the needs:area backlog	2026-09-09T22:01:18.7016588Z #6401  ci                                       T1 ci: CI / orchestration infrastructure
clear the needs:area park	Classify the needs:area backlog	2026-09-09T22:01:18.7016930Z        No standing lint stops a workflow step/job name from being silently truncated by YAML plain-scalar comment parsing
clear the needs:area park	Classify the needs:area backlog	2026-09-09T22:01:18.7017172Z #6403  sparq-conformance                        T2 bd-to-issues.derive_areas (title scope/crate token)
clear the needs:area park	Classify the needs:area backlog	2026-09-09T22:01:18.7017599Z        sparql_entail::run_one — the fail-closed named-graph guard misses a QUERY-carried FROM/FROM NAMED dataset clause
clear the needs:area park	Classify the needs:area backlog	2026-09-09T22:01:18.7017793Z #6406  ci                                       T2 bd-to-issues.derive_areas (title scope/crate token)
clear the needs:area park	Classify the needs:area backlog	2026-09-09T22:01:18.7018006Z        ci_selection_alarm: open_issue_exists fails OPEN when the dedupe read errors
clear the needs:area park	Classify the needs:area backlog	2026-09-09T22:01:18.7018239Z #6423  sparq-conformance                        T2 bd-to-issues.derive_areas (title scope/crate token)
clear the needs:area park	Classify the needs:area backlog	2026-09-09T22:01:18.7018464Z        el_suite: DOCUMENTED_DIVERGENCES header claims "28 entries" but the list holds 11
clear the needs:area park	Classify the needs:area backlog	2026-09-09T22:01:18.7018654Z #6425  zk-xpath                                 T1 zk-xpath: zk/xpath (noir_XPath) sources
clear the needs:area park	Classify the needs:area backlog	2026-09-09T22:01:18.7018925Z        noir_XPath: fn:round-half-to-even has no float/double implementation (Stream G task residual)
clear the needs:area park	Classify the needs:area backlog	2026-09-09T22:01:18.7019104Z #6426  zk-xpath                                 T1 zk-xpath: zk/xpath (noir_XPath) sources
clear the needs:area park	Classify the needs:area backlog	2026-09-09T22:01:18.7019428Z        sq-5vv7 cites a zk/xpath path removed by the noir_XPath externalization (#1602); typo not reproducible at v0.3.0
clear the needs:area park	Classify the needs:area backlog	2026-09-09T22:01:18.7019604Z #6427  zk-xpath                                 T1 zk-xpath: zk/xpath (noir_XPath) sources
clear the needs:area park	Classify the needs:area backlog	2026-09-09T22:01:18.7019900Z        noir_XPath CI runs the 113-package real suite in a single unsharded job (last unmet sq-t9d Phase-0 item)
clear the needs:area park	Classify the needs:area backlog	2026-09-09T22:01:18.7020106Z #6428  sparq-mpc                                T0 author-declared crate_or_surface/crates field
clear the needs:area park	Classify the needs:area backlog	2026-09-09T22:01:18.7020385Z        cargo-mutants: give sparq-mpc a `features: secprop-annotations` override before it is baselined
clear the needs:area park	Classify the needs:area backlog	2026-09-09T22:01:18.7020600Z #6429  sparq-engine                             T0 author-declared crate_or_surface/crates field
clear the needs:area park	Classify the needs:area backlog	2026-09-09T22:01:18.7020944Z        [selection-alarm] crate `sparq-engine` failed the nightly full-matrix but was selection-skipped in landed PR(s)
clear the needs:area park	Classify the needs:area backlog	2026-09-09T22:01:18.7021150Z #6430  sparq-fedplan                            T0 author-declared crate_or_surface/crates field
clear the needs:area park	Classify the needs:area backlog	2026-09-09T22:01:18.7021490Z        [selection-alarm] crate `sparq-fedplan` failed the nightly full-matrix but was selection-skipped in landed PR(s)
clear the needs:area park	Classify the needs:area backlog	2026-09-09T22:01:18.7021818Z #6431  sparq-reason                             T0 author-declared crate_or_surface/crates field
clear the needs:area park	Classify the needs:area backlog	2026-09-09T22:01:18.7022152Z        [selection-alarm] crate `sparq-reason` failed the nightly full-matrix but was selection-skipped in landed PR(s)
clear the needs:area park	Classify the needs:area backlog	2026-09-09T22:01:18.7022357Z #6432  sparq-server                             T0 author-declared crate_or_surface/crates field
clear the needs:area park	Classify the needs:area backlog	2026-09-09T22:01:18.7022687Z        [selection-alarm] crate `sparq-server` failed the nightly full-matrix but was selection-skipped in landed PR(s)
clear the needs:area park	Classify the needs:area backlog	2026-09-09T22:01:18.7023092Z #6433  bench                                    T1 bench-generic: a benchmarking deliverable
clear the needs:area park	Classify the needs:area backlog	2026-09-09T22:01:18.7023396Z        [bench-flake] suite=sparq-reason+sparq-engine: benchmarks in the soft zone (possible runner noise)
clear the needs:area park	Classify the needs:area backlog	2026-09-09T22:01:18.7023595Z #6434  sparq-solid                              T0 author-declared crate_or_surface/crates field
clear the needs:area park	Classify the needs:area backlog	2026-09-09T22:01:18.7023926Z        [selection-alarm] crate `sparq-solid` failed the nightly full-matrix but was selection-skipped in landed PR(s)
clear the needs:area park	Classify the needs:area backlog	2026-09-09T22:01:18.7024103Z #6455  bench                                    T1 bench-generic: a benchmarking deliverable
clear the needs:area park	Classify the needs:area backlog	2026-09-09T22:01:18.7024335Z        [bench-flake] suite=sparq-geo: benchmarks in the soft zone (possible runner noise)
clear the needs:area park	Classify the needs:area backlog	2026-09-09T22:01:18.7024548Z #6456  bench                                    T1 bench-generic: a benchmarking deliverable
clear the needs:area park	Classify the needs:area backlog	2026-09-09T22:01:18.7024731Z        drift: crate `sparq-engine-service` has no registered benchmark
clear the needs:area park	Classify the needs:area backlog	2026-09-09T22:01:18.7024914Z #6457  bench                                    T1 bench-generic: a benchmarking deliverable
clear the needs:area park	Classify the needs:area backlog	2026-09-09T22:01:18.7025066Z        drift: crate `sparq-http3` has no registered benchmark
clear the needs:area park	Classify the needs:area backlog	2026-09-09T22:01:18.7025241Z #6458  bench                                    T1 bench-generic: a benchmarking deliverable
clear the needs:area park	Classify the needs:area backlog	2026-09-09T22:01:18.7025408Z        drift: crate `sparq-secprop-vocab` has no registered benchmark
clear the needs:area park	Classify the needs:area backlog	2026-09-09T22:01:18.7025581Z #6459  bench                                    T1 bench-generic: a benchmarking deliverable
clear the needs:area park	Classify the needs:area backlog	2026-09-09T22:01:18.7025720Z        drift: crate `sparq-vc` has no registered benchmark
clear the needs:area park	Classify the needs:area backlog	2026-09-09T22:01:18.7025953Z #6460  sparq-metamorph                          T2 bd-to-issues.derive_areas (title scope/crate token)
clear the needs:area park	Classify the needs:area backlog	2026-09-09T22:01:18.7026222Z        drift: crate `sparq-metamorph` carries conformance ratchets outside the central scoreboard
clear the needs:area park	Classify the needs:area backlog	2026-09-09T22:01:18.7026442Z #6461  sparq-trust                              T2 bd-to-issues.derive_areas (title scope/crate token)
clear the needs:area park	Classify the needs:area backlog	2026-09-09T22:01:18.7026698Z        drift: crate `sparq-trust` carries conformance ratchets outside the central scoreboard
clear the needs:area park	Classify the needs:area backlog	2026-09-09T22:01:18.7026710Z 
clear the needs:area park	Classify the needs:area backlog	2026-09-09T22:01:18.7027175Z -- 1098 classified (150 writable this run, 948 deferred to the next tick by the 150/run write budget), 415 left unattributed (no confident evidence), 1513 scanned
clear the needs:area park	Classify the needs:area backlog	2026-09-09T22:01:18.7027551Z    LEFT #53 Publish @jeswr/sparq build artifacts + settle the name + pin a git build retaining the vendored spargebra fixes; re-run 
clear the needs:area park	Classify the needs:area backlog	2026-09-09T22:01:18.7027841Z    LEFT #758 needs:user — repo/external unblocks the autonomous agent is waiting on
clear the needs:area park	Classify the needs:area backlog	2026-09-09T22:01:18.7028167Z    LEFT #769 Decision: ZK field-native encoding — 4 implementation-gating choices (design #765)
clear the needs:area park	Classify the needs:area backlog	2026-09-09T22:01:18.7028423Z    LEFT #907 First-party endpoint authn/authz: OIDC/JWT + API keys + RBAC + graph-level security
clear the needs:area park	Classify the needs:area backlog	2026-09-09T22:01:18.7028744Z    LEFT #915 acp:vc — credential-gated query (trust-the-issuer first, ZK backend gated on audit)
clear the needs:area park	Classify the needs:area backlog	2026-09-09T22:01:18.7029152Z    LEFT #918 [tracking] Serving & operations cluster (backup · change-stream · result-cache · authz · PITR)
clear the needs:area park	Classify the needs:area backlog	2026-09-09T22:01:18.7029456Z    LEFT #1001 Decision needed: default assurance level for ZK security-property labels (Claimed vs Proven)
clear the needs:area park	Classify the needs:area backlog	2026-09-09T22:01:18.7029734Z    LEFT #1002 Decision needed: how deeply should the security-properties ontology align with W3C DPV?
clear the needs:area park	Classify the needs:area backlog	2026-09-09T22:01:18.7030206Z    LEFT #1035 Steer: backup delta / PITR design decisions (sq-bu1a, #1034) — quad-set diff vs update-log, same-lineage boundary, reten
clear the needs:area park	Classify the needs:area backlog	2026-09-09T22:01:18.7030566Z    LEFT #1039 Steer P3 taxonomy follow-ups: trained hyperbolic block + kernel, distortion proxy, deferred gUFO (sq-0wo9e.4)
clear the needs:area park	Classify the needs:area backlog	2026-09-09T22:01:18.7030784Z    LEFT #1052 Steer: GUI #1050 widens the desktop Tauri CSP connect-src for URL-import
clear the needs:area park	Classify the needs:area backlog	2026-09-09T22:01:18.7031152Z    LEFT #1062 sq-3l43: privileged AWS unblock needed for the 1B rung-5 dict-bucket re-measure (spot SLR / vCPU bump / off-dev-box)
clear the needs:area park	Classify the needs:area backlog	2026-09-09T22:01:18.7031834Z    LEFT #1068 Design steer: sibling CircuitId members vs FilterValueDl{dt} discriminant for the dual-leaf value lane (sq-2ezsx / PR #1
clear the needs:area park	Classify the needs:area backlog	2026-09-09T22:01:18.7032310Z    LEFT #1111 [revisit-with-fable] Neurosymbolic self-built KB — re-attempt + re-iterate the whole direction on a stronger model
clear the needs:area park	Classify the needs:area backlog	2026-09-09T22:01:18.7032652Z    LEFT #1139 Literature-DB API access — free keys + direct signup links for the trawling KB (#1110)
clear the needs:area park	Classify the needs:area backlog	2026-09-09T22:01:18.7032985Z    LEFT #1248 [feature-request, PSS agent] Stable public embedding API for solid-server-rs to call SPARQ in-process
clear the needs:area park	Classify the needs:area backlog	2026-09-09T22:01:18.7033214Z    LEFT #1576 [feature]: Being a drop-in replacement throughout the javascript ecosystem
clear the needs:area park	Classify the needs:area backlog	2026-09-09T22:01:18.7033435Z    LEFT #1587 Proposed next-phase work plan — for maintainer steer
clear the needs:area park	Classify the needs:area backlog	2026-09-09T22:01:18.7033846Z    LEFT #1615 📣 LinkedIn advert post for sparq — ready-to-post text, spec inventory + tagging checklist (sq-hfx40)
clear the needs:area park	Classify the needs:area backlog	2026-09-09T22:01:18.7034305Z    LEFT #1682 Make the security & integrity type ontologies public (+ small additions) — for the @jeswr data-integrity abstraction
clear the needs:area park	Classify the needs:area backlog	2026-09-09T22:01:18.7034703Z    LEFT #1683 Heads-up: content-addressed ownerless concepts — potential native fit for SPARQ GenAI + graph
clear the needs:area park	Classify the needs:area backlog	2026-09-09T22:01:18.7034967Z    LEFT #1690 sparq logo/brand decision — consolidated concepts (rounds 1 + 2)
clear the needs:area park	Classify the needs:area backlog	2026-09-09T22:01:18.7035261Z    LEFT #1692 M4 wiring roadmap (sq-pntvh): three proceed-and-document judgment calls for maintainer steer
clear the needs:area park	Classify the needs:area backlog	2026-09-09T22:01:18.7035651Z    LEFT #1759 Design decision (steer post-hoc): 'first-class' compressed in-RAM profile = runtime SPARQ_STORE_PROFILE, not per-perm ad
clear the needs:area park	Classify the needs:area backlog	2026-09-09T22:01:18.7036058Z    LEFT #1765 JSON-LD epic sq-oy1f: remaining-work re-cut — decisions taken under proceed-and-document (PR #1764)
clear the needs:area park	Classify the needs:area backlog	2026-09-09T22:01:18.7036464Z    LEFT #1815 [steer] CodeQL heavy-lane placement — kept per-push (measured ~4min, not a pole); sq-6vshe.6 / PR #1814
clear the needs:area park	Classify the needs:area backlog	2026-09-09T22:01:18.7036896Z    LEFT #1817 Download path: alias contract + prerelease fallback decisions (sq-vw3ax.11 decomposition) — steer post-hoc
clear the needs:area park	Classify the needs:area backlog	2026-09-09T22:01:18.7037163Z    LEFT #1825 Decide whether to default the SPQCPRM2 (V2) on-disk format ON (follow-up to #1824)
clear the needs:area park	Classify the needs:area backlog	2026-09-09T22:01:18.7037404Z    LEFT #1840 [SPARQ agent] noir#5027 BoundedVec push capacity-assert slice: draft PR open
clear the needs:area park	Classify the needs:area backlog	2026-09-09T22:01:18.7037596Z    LEFT #1903 [demoted-lane] lane=fuzz-randomized: full-form CI run failed
clear the needs:area park	Classify the needs:area backlog	2026-09-09T22:01:18.7037887Z    LEFT #1915 🤖 nightly-sweep: accessibility full-sweep (axe / WCAG 2.1 AA) is failing
clear the needs:area park	Classify the needs:area backlog	2026-09-09T22:01:18.7038284Z    LEFT #1993 Design decision (proceed-and-document): Datalog dialect surface = small native RDFox-modelled syntax (open question 4, s
clear the needs:area park	Classify the needs:area backlog	2026-09-09T22:01:18.7038749Z    LEFT #2087 steer-me: §10 Q2 dateTime/date VALUE_HOOK decided — Z-only signed scaled-epoch scalar, FS=3, bare/non-Z fail-closed (sq-
clear the needs:area park	Classify the needs:area backlog	2026-09-09T22:01:18.7039133Z    LEFT #2181 Decision (steer post-hoc): streaming M1 driver keeps block-slicing; bind chains relaxed to deterministic seed-lex order 
clear the needs:area park	Classify the needs:area backlog	2026-09-09T22:01:18.7039317Z    LEFT #2447 VG-TIE-1 for the filtered and approximate vec: paths
clear the needs:area park	Classify the needs:area backlog	2026-09-09T22:01:18.7039483Z    LEFT #2461 Pilot D: wire codex worker-core loading + A/B telemetry
clear the needs:area park	Classify the needs:area backlog	2026-09-09T22:01:18.7039829Z    LEFT #2466 registry: select scripts/worker-claude-settings.json (disableAllHooks) when launching headless workers
clear the needs:area park	Classify the needs:area backlog	2026-09-09T22:01:18.7040045Z    LEFT #2477 [feature]: clearly and concisely explain the correctness of all packages
clear the needs:area park	Classify the needs:area backlog	2026-09-09T22:01:18.7040284Z    LEFT #2518 Opt-in automatic change-stream re-baseline after a successful /admin/restore
clear the needs:area park	Classify the needs:area backlog	2026-09-09T22:01:18.7040644Z    LEFT #2522 sq-6vshe.5 steer: read the cache-audit verdict after cache-prime lands; execute sccache+S3 only on a measured THRASH
clear the needs:area park	Classify the needs:area backlog	2026-09-09T22:01:18.7040956Z    LEFT #2524 triage-issue: quarantine notice comment is re-posted on every edit of a still-quarantined issue
clear the needs:area park	Classify the needs:area backlog	2026-09-09T22:01:18.7041291Z    LEFT #2525 promote-on-approval: approval window uses issue updatedAt, which any label/comment bump can invalidate
clear the needs:area park	Classify the needs:area backlog	2026-09-09T22:01:18.7042023Z    LEFT #2527 drift-scan issues share the #2474 invisibility class (GITHUB_TOKEN event suppression, no routing labels at creation)
clear the needs:area park	Classify the needs:area backlog	2026-09-09T22:01:18.7042290Z    LEFT #2531 Fix model-provenance markers in all .claude/agents/*.md briefs to be model-aware
clear the needs:area park	Classify the needs:area backlog	2026-09-09T22:01:18.7042455Z    LEFT #2532 Registry routing: brief model tier parameterization
clear the needs:area park	Classify the needs:area backlog	2026-09-09T22:01:18.7042691Z    LEFT #2550 make sure https://github.com/sparq-org/sparq/issues/1135 gets maintained
clear the needs:area park	Classify the needs:area backlog	2026-09-09T22:01:18.7043187Z    LEFT #2558 sq-6xasp: EPIC: WebAssembly build of the Rust Solid server (sparq-lws) published to npm — wasm32 target + JS host shim +
clear the needs:area park	Classify the needs:area backlog	2026-09-09T22:01:18.7043576Z    LEFT #2565 sq-lsp7k: EPIC: competitive feature parity + workbench extension (SHACL-UI forms, viz, connectors, reasoning-UX, engine 
clear the needs:area park	Classify the needs:area backlog	2026-09-09T22:01:18.7044231Z    LEFT #2566 sq-tonhr: EPIC: native SHACL Compact Syntax (+extended shaclcjs) via rdf-shuttle-generated parsers, generalized to all R
clear the needs:area park	Classify the needs:area backlog	2026-09-09T22:01:18.7044745Z    LEFT #2572 sq-gg0qq: EPIC: migrate jeswr/solid-server-rs into sparq — 3 sub-crates (lws-core + lws + solid-server) per handover jes
clear the needs:area park	Classify the needs:area backlog	2026-09-09T22:01:18.7045125Z    LEFT #2581 sq-lhcot: genai: GPT-5.6 strategy-review program — vector/NLQ/GraphRAG/interop next steps
clear the needs:area park	Classify the needs:area backlog	2026-09-09T22:01:18.7045510Z    LEFT #2590 sq-hfx40: LinkedIn advert post for sparq (maintainer 2026-07-06): enumerate ALL implemented specs + relevant people to t
clear the needs:area park	Classify the needs:area backlog	2026-09-09T22:01:18.7046003Z    LEFT #2593 sq-6syab: Trust-expression specification program (#1592): simplest verifier↔holder contract aligned w/ eIDAS/DIATF trust
clear the needs:area park	Classify the needs:area backlog	2026-09-09T22:01:18.7046390Z    LEFT #2594 sq-3kd2g: zkSPARQL fragment extension program (#1591): greatest reasonable OWA-conforming federation-free SPARQL subset 
clear the needs:area park	Classify the needs:area backlog	2026-09-09T22:01:18.7047071Z    LEFT #2600 sq-7d3dj: [epic] Cross-cutting optimization program — perf / memory / HTTP-throughput / ingest-time / WASM-bundle-size, 
clear the needs:area park	Classify the needs:area backlog	2026-09-09T22:01:18.7047577Z    LEFT #2604 sq-rvgr2: [epic] Proposed-specifications program — W3C ReSpec-style Unofficial Proposal Drafts for sparq's novel domains
clear the needs:area park	Classify the needs:area backlog	2026-09-09T22:01:18.7048061Z    LEFT #2605 sq-pntvh: Vector-at-a-time (M4) execution roadmap + wiring epic — built chunk.rs kernels are unreferenced in exec.rs
clear the needs:area park	Classify the needs:area backlog	2026-09-09T22:01:18.7048442Z    LEFT #2607 sq-sgu1.1: Stand up the multi-model agent tier: sparq-architect (fable) + sparq-reviewer (fable) + sparq-verify-mechanic
clear the needs:area park	Classify the needs:area backlog	2026-09-09T22:01:18.7048763Z    LEFT #2609 sq-6tykl: [EPIC] Unified eval substrate + full reasoners + SERVICE federation + RSP/GeoSPARQL program
clear the needs:area park	Classify the needs:area backlog	2026-09-09T22:01:18.7049149Z    LEFT #2610 sq-x6pzo: RECURRENT: each orchestration tick, sweep OPEN GitHub issues for NON-self-authored asks the bead/PR drain does
clear the needs:area park	Classify the needs:area backlog	2026-09-09T22:01:18.7049620Z    LEFT #2611 sq-moy7w: RECURRENT: keep the pinned maintainer-overview issue #1135 current — refresh whenever a decision resolves, an 
clear the needs:area park	Classify the needs:area backlog	2026-09-09T22:01:18.7049912Z    LEFT #2623 sq-ixc3: EPIC: cross-platform GUI to interact with the sparq engine (developed + maintained)
clear the needs:area park	Classify the needs:area backlog	2026-09-09T22:01:18.7050223Z    LEFT #2624 sq-v286: EPIC: automated semantic-release CI + multi-platform builds (mac/win/linux/android/iOS)
clear the needs:area park	Classify the needs:area backlog	2026-09-09T22:01:18.7050574Z    LEFT #2631 sq-bif: Test coverage: comprehensive correctness tests for all packages + all features + CI coverage gate
clear the needs:area park	Classify the needs:area backlog	2026-09-09T22:01:18.7050965Z    LEFT #2652 sq-uhqah: formalize codex-EC2 worker tooling: PR scripts/ec2-codex-worker.sh + move the EC2 codex brief (agent-worker/gp
clear the needs:area park	Classify the needs:area backlog	2026-09-09T22:01:18.7051330Z    LEFT #2719 sq-tonhr.11: Per-syntax default-flip verdicts: flip ONLY syntaxes proven >= incumbent on BOTH conformance and perf
clear the needs:area park	Classify the needs:area backlog	2026-09-09T22:01:18.7051730Z    LEFT #2788 sq-lhcot.3: genai: ship + evaluate one provenance-carrying RDF GraphRAG vertical slice
clear the needs:area park	Classify the needs:area backlog	2026-09-09T22:01:18.7052215Z    LEFT #2875 sq-71gcq: [EPIC] Codebase cleanup: repeated-logic elimination sweep — detect + behavior-neutrally consolidate duplicated
clear the needs:area park	Classify the needs:area backlog	2026-09-09T22:01:18.7052681Z    LEFT #2878 sq-tzars: [EPIC] Dogfooding: sparq as the knowledge base for sparq — capture ALL project knowledge, build provenance, an
clear the needs:area park	Classify the needs:area backlog	2026-09-09T22:01:18.7053449Z    LEFT #2881 sq-sqtk2: [EPIC] Mechanized-proof program codebase-wide — key properties beyond ZK: WAC/ACP decision correctness, SPARQL
clear the needs:area park	Classify the needs:area backlog	2026-09-09T22:01:18.7053848Z    LEFT #2948 sq-0xquh: RESEARCH (deferred, after the structure-aware-vectorisation research): decentralised vectorisation + minimal-c
clear the needs:area park	Classify the needs:area backlog	2026-09-09T22:01:18.7054306Z    LEFT #2964 sq-v286.8: needs:user — desktop code-signing + notarization (Apple Developer ID + notarytool; Windows Authenticode)
clear the needs:area park	Classify the needs:area backlog	2026-09-09T22:01:18.7054772Z    LEFT #2965 sq-v286.7: needs:user — complete out-of-repo publish prerequisites (PyPI Trusted Publisher, NPM_TOKEN, crates.io login)
clear the needs:area park	Classify the needs:area backlog	2026-09-09T22:01:18.7055170Z    LEFT #2967 sq-4h6v: Recurring: each orchestration tick, df-check + delete finished-agent-worktree target/ dirs (regenerable, ~8-12G
clear the needs:area park	Classify the needs:area backlog	2026-09-09T22:01:18.7055298Z    LEFT #3003 sq-2ne: EPIC: roborev review backlog
clear the needs:area park	Classify the needs:area backlog	2026-09-09T22:01:18.7055440Z    LEFT #3004 sq-moo: EPIC: CI / lint / dev-infra hardening
clear the needs:area park	Classify the needs:area backlog	2026-09-09T22:01:18.7055930Z    LEFT #3038 sq-lsp7k.12: BI/SQL wire-protocol facade — Postgres-wire read-only SQL over an auto-generated schema mapping (BIG ROCK, 
clear the needs:area park	Classify the needs:area backlog	2026-09-09T22:01:18.7056304Z    LEFT #3116 sq-6rdix: sq-gum8.3 follow-ups from PR #1698 body: (1) recover truncated adversarial-review items 6-8/10 and apply or di
clear the needs:area park	Classify the needs:area backlog	2026-09-09T22:01:18.7056691Z    LEFT #3259 sq-hdpkj: needs-user: bake the ast-grep/outline discipline into the role briefs (.claude/agents/sparq-rust-feature.md + 
clear the needs:area park	Classify the needs:area backlog	2026-09-09T22:01:18.7057168Z    LEFT #3262 sq-tr1n3: chore(security): dismiss STALE Dependabot alert #6 (postcss GHSA-qx2v-qp2m-jg93) — root package-lock.json alre
clear the needs:area park	Classify the needs:area backlog	2026-09-09T22:01:18.7057515Z    LEFT #3280 sq-turnz: Repo hygiene: GC ~2076 stale local branch refs in the work-box clone (squash-merged + deleted-on-remote)
clear the needs:area park	Classify the needs:area backlog	2026-09-09T22:01:18.7057987Z    LEFT #3299 sq-svtt: DECISION (needs:user): reconcile GitHub Pages ROOT — Next.js feature-showcase (current pages.yml, live at /spar
clear the needs:area park	Classify the needs:area backlog	2026-09-09T22:01:18.7058456Z    LEFT #3303 sq-i1tl: Merge-throughput OPTION (deliberate, not urgent): move jeswr/sparq → a free GitHub org to unlock native merge q
clear the needs:area park	Classify the needs:area backlog	2026-09-09T22:01:18.7058944Z    LEFT #3306 sq-j7to: Recurring chore: worktree disk-hygiene sweep — git worktree prune + remove finished-agent worktrees/target dirs
clear the needs:area park	Classify the needs:area backlog	2026-09-09T22:01:18.7059278Z    LEFT #3382 sq-py57: ACTION: RDFox competitor — supply a license to gather numbers (needs:user)
clear the needs:area park	Classify the needs:area backlog	2026-09-09T22:01:18.7059728Z    LEFT #3418 Investigate services/databases for smarter agent↔work routing (skill affinity, provenance-derived ownership)
clear the needs:area park	Classify the needs:area backlog	2026-09-09T22:01:18.7060097Z    LEFT #3424 repair loop: after a gate-code fix merges, refresh stale-red armed PRs via update-branch (rerun replays the old bug)
clear the needs:area park	Classify the needs:area backlog	2026-09-09T22:01:18.7060324Z    LEFT #3481 [demoted-lane] lane=bench-nightly-full-suite: full-form CI run failed
clear the needs:area park	Classify the needs:area backlog	2026-09-09T22:01:18.7060694Z    LEFT #3483 Shared ui primitives (badge/button) drift between site/ and gui/ — extract or add a sync check
clear the needs:area park	Classify the needs:area backlog	2026-09-09T22:01:18.7061086Z    LEFT #3500 reason-dl-same-box: decide whether riot OWL→NT conversion belongs inside sparq's timing boundary
clear the needs:area park	Classify the needs:area backlog	2026-09-09T22:01:18.7061493Z    LEFT #3502 trust-expression: define an authoritative trustx:question -> query binding (digest-IRI scheme or trusted question resolu
clear the needs:area park	Classify the needs:area backlog	2026-09-09T22:01:18.7061887Z    LEFT #3504 Sibling gather instance scripts emit the GATHER_DONE success sentinel on failure
clear the needs:area park	Classify the needs:area backlog	2026-09-09T22:01:18.7062158Z    LEFT #3507 odrl_bridge N3 path: vocabulary-check request fields symmetrically to policy triples
clear the needs:area park	Classify the needs:area backlog	2026-09-09T22:01:18.7062394Z    LEFT #3512 Remove the bincode 1.3.3 maintenance exemption from the HDT dependency graph
clear the needs:area park	Classify the needs:area backlog	2026-09-09T22:01:18.7062723Z    LEFT #3521 pipeline: review:needs-user parks are silent + adjudication label-flips aren't atomic (15 PRs wedged)
clear the needs:area park	Classify the needs:area backlog	2026-09-09T22:01:18.7063104Z    LEFT #3575 Forward-compat: workspace `-D warnings` clippy gate will break when CI's stable toolchain reaches Rust 1.97+ (uninlined_
clear the needs:area park	Classify the needs:area backlog	2026-09-09T22:01:18.7063462Z    LEFT #3578 Gather canonical same-box baselines for Blazegraph/GraphDB/RDF4J + LUBM/BSBM suites (EC2, greenlight-gated)
clear the needs:area park	Classify the needs:area backlog	2026-09-09T22:01:18.7063966Z    LEFT #3580 Site zk-SPARQL catalog copy is stale vs bench source (sq-3kd2g.11 / PR #3576)
clear the needs:area park	Classify the needs:area backlog	2026-09-09T22:01:18.7064296Z    LEFT #3586 sq-ujz8 follow-up: oblivious sort-merge INNER-join materialisation (many-to-many fan-out expansion)
clear the needs:area park	Classify the needs:area backlog	2026-09-09T22:01:18.7064601Z    LEFT #3587 sq-ujz8 follow-up: eager numeric aggregation (per-key COUNT/SUM) over the oblivious sort-merge
clear the needs:area park	Classify the needs:area backlog	2026-09-09T22:01:18.7064859Z    LEFT #3589 sq-1s2.3 follow-up: native CircuitProver browser-flavour (evm/keccak) proving path
clear the needs:area park	Classify the needs:area backlog	2026-09-09T22:01:18.7065238Z    LEFT #3593 Ship the non-age-gate car-hire circuit ACIR to the browser so bundled sub-proofs beyond filter_int_d2 can be verified in
clear the needs:area park	Classify the needs:area backlog	2026-09-09T22:01:18.7065628Z    LEFT #3611 Sweep remaining docs to the corrected canonical-issuance framing (issuer self-attestation, not adversarial-issuer INV-VL
clear the needs:area park	Classify the needs:area backlog	2026-09-09T22:01:18.7066101Z    LEFT #3619 research/mpc-malicious-security-design.md §2.4 route (b): Beaver multiplication formula is algebraically wrong
clear the needs:area park	Classify the needs:area backlog	2026-09-09T22:01:18.7066479Z    LEFT #3626 doc-sync: drop stale 'HolderPop not credential-bound' OPEN line from CR-G6 register + zk-verifier-reaudit NEW-2
clear the needs:area park	Classify the needs:area backlog	2026-09-09T22:01:18.7066795Z    LEFT #3627 gather-ec2.sh shares the user-data injection + non-fail-closed pattern fixed in mpc-ec2-ceiling.sh
clear the needs:area park	Classify the needs:area backlog	2026-09-09T22:01:18.7067056Z    LEFT #3631 sq-g91d follow-up: multi-hop RDFS fixpoint-saturation entailment circuit (UNBUILT)
clear the needs:area park	Classify the needs:area backlog	2026-09-09T22:01:18.7067364Z    LEFT #3632 Wire scripts/mpc-ec2-ceiling.sh --self-test + shellcheck into the docs-quality ci-scripts bucket
clear the needs:area park	Classify the needs:area backlog	2026-09-09T22:01:18.7067849Z    LEFT #3642 vectorized: select_decoded/select_numeric never auto-vectorize — measure a vectorizable selection-kernel shape + fix ove
clear the needs:area park	Classify the needs:area backlog	2026-09-09T22:01:18.7068087Z    LEFT #3645 Narrow the absolute 'UC without setup' phrasing in sibling MPC research docs
clear the needs:area park	Classify the needs:area backlog	2026-09-09T22:01:18.7068478Z    LEFT #3695 [dedup] Single home for JSON string escaping: sparq_core::json_escape_into for the 3 consolidatable library copies (engi
clear the needs:area park	Classify the needs:area backlog	2026-09-09T22:01:18.7068890Z    LEFT #3712 [dedup] Hand-rolled RFC-3986 percent-encoders duplicated at 8 sites across 6 crates; client/server pct_encode mirror pai
clear the needs:area park	Classify the needs:area backlog	2026-09-09T22:01:18.7069238Z    LEFT #3744 batch-merge v2.0: implement pins-only revision pinning per research/batch-merge-v2-revision-pinning.md
clear the needs:area park	Classify the needs:area backlog	2026-09-09T22:01:18.7069577Z    LEFT #3793 Two research records still describe the hidden-issuer member as two scalar muls (now four after sq-l15mi)
clear the needs:area park	Classify the needs:area backlog	2026-09-09T22:01:18.7070006Z    LEFT #3797 bd-id marker scanner matches PROSE that documents the marker — phantom bead mapping onto an unrelated issue
clear the needs:area park	Classify the needs:area backlog	2026-09-09T22:01:18.7070380Z    LEFT #3807 No detector for silent App-token degradation: every ORCHESTRATOR_APP consumer falls back to github.token unnoticed
clear the needs:area park	Classify the needs:area backlog	2026-09-09T22:01:18.7070770Z    LEFT #3809 review:needs-user has no machine exit — 27 of 33 parked PRs are infra artifacts, not review judgements
clear the needs:area park	Classify the needs:area backlog	2026-09-09T22:01:18.7071223Z    LEFT #3810 research/mpc-malicious-security-design.md §2.4 route (b): Beaver multiplication formula is algebraically wrong
clear the needs:area park	Classify the needs:area backlog	2026-09-09T22:01:18.7071701Z    LEFT #3831 retriage.py silently truncates at --limit 500: 216 of 716 untriaged issues (69 needs:area parks) are never swept
clear the needs:area park	Classify the needs:area backlog	2026-09-09T22:01:18.7072166Z    LEFT #3834 reduce.rs domain self-check claims an UNREACHABLE kani::cover! 'goes red' — covers do not gate the Kani verdict
clear the needs:area park	Classify the needs:area backlog	2026-09-09T22:01:18.7072648Z    LEFT #3835 dict.rs domain self-check describes kani::cover!s as 'proving' the assume-domain reaches its boundaries — covers are rep
clear the needs:area park	Classify the needs:area backlog	2026-09-09T22:01:18.7073188Z    LEFT #3837 research/mechanized-proof-program.md §5.1 prescribes kani::cover! as the 'witness survival' anti-vacuity gate — covers d
clear the needs:area park	Classify the needs:area backlog	2026-09-09T22:01:18.7073507Z    LEFT #3840 research/gap-conformance-cross-engine-2026-07.md still cites RIF_WG_CORE_FLOOR = 3 (now 5)
clear the needs:area park	Classify the needs:area backlog	2026-09-09T22:01:18.7073841Z    LEFT #3859 wasm-deps-guard.sh does not forbid `wgpu`, so the "wgpu never enters the wasm graph" invariant is unenforced
clear the needs:area park	Classify the needs:area backlog	2026-09-09T22:01:18.7074165Z    LEFT #3914 sparq-architect agent brief still prescribes the unsound `kani::cover!`-as-gate anti-vacuity rule
clear the needs:area park	Classify the needs:area backlog	2026-09-09T22:01:18.7074716Z    LEFT #3915 Two merged Kani suites have no GATING domain-coverage survival leg (reduce.rs, dict.rs id harnesses)
clear the needs:area park	Classify the needs:area backlog	2026-09-09T22:01:18.7074917Z    LEFT #3935 deploy(demo): bead A's check.sh must not scan deploy/demo/compat/
clear the needs:area park	Classify the needs:area backlog	2026-09-09T22:01:18.7075242Z    LEFT #3939 Two research records propagate a corrected claim: "local join reorder cannot reduce materialised work"
clear the needs:area park	Classify the needs:area backlog	2026-09-09T22:01:18.7075666Z    LEFT #3947 PR #3434's branch predates bench/zk-compose/bb_gates_matrix.json — the fix lands as an add/add on that path
clear the needs:area park	Classify the needs:area backlog	2026-09-09T22:01:18.7075969Z    LEFT #3950 Anti-vacuity: reduce.rs + dict.rs Kani suites have no GATING witness-survival leg (cover! only)
clear the needs:area park	Classify the needs:area backlog	2026-09-09T22:01:18.7076297Z    LEFT #3970 Evaluate pinning a working-serial-console AMI for x86_64 bench boxes (the sq-ffaa9 alternative remedy)
clear the needs:area park	Classify the needs:area backlog	2026-09-09T22:01:18.7076642Z    LEFT #3977 sq-q0o82 part 1 (unfinished): wire EL classification + a thread-count knob onto a consumer surface (CLI/server)
clear the needs:area park	Classify the needs:area backlog	2026-09-09T22:01:18.7077026Z    LEFT #3978 sq-q0o82 part 2 (still open): decide the parallel-apply refinement on a REAL ontology gather, not synthetic evidence
clear the needs:area park	Classify the needs:area backlog	2026-09-09T22:01:18.7077217Z    LEFT #4001 metamorph.yml: consider an extended-grammar nightly shard
clear the needs:area park	Classify the needs:area backlog	2026-09-09T22:01:18.7077553Z    LEFT #4004 Two workspace crates both define an example target named `bench` (cargo output filename collision warning)
clear the needs:area park	Classify the needs:area backlog	2026-09-09T22:01:18.7077946Z    LEFT #4007 Report upstream to streamreasoning/rsp4j: csparql2 leaks the Esper statement read lock (self-deadlock under an external 
clear the needs:area park	Classify the needs:area backlog	2026-09-09T22:01:18.7078242Z    LEFT #4008 csparql2 multi-window scenarios never materialise a synchronized snapshot (zero join rows)
clear the needs:area park	Classify the needs:area backlog	2026-09-09T22:01:18.7078584Z    LEFT #4009 Competitor registry: RSP4J's csparql2 module is version 2.0.0, not the 1.0.1 used by api/yasper/operatorapi
clear the needs:area park	Classify the needs:area backlog	2026-09-09T22:01:18.7078968Z    LEFT #4014 Flaky test: explain::tests::explain_names_join_order_and_strategy predicts hash join instead of merge join under concurr
clear the needs:area park	Classify the needs:area backlog	2026-09-09T22:01:18.7079231Z    LEFT #4026 bench-s3: launcher cannot verify the upload role's trust document at launch time
clear the needs:area park	Classify the needs:area backlog	2026-09-09T22:01:18.7079553Z    LEFT #4031 Doc reconciliation: the GraphQL-from-shapes defer condition ("once forms land") is now satisfied
clear the needs:area park	Classify the needs:area backlog	2026-09-09T22:01:18.7079887Z    LEFT #4033 sq-559dp follow-up: measure in-RAM SPQCPRM2 comp_heap_bpt/comp_store_bpt at 1M/10M/50M on the canonical box
clear the needs:area park	Classify the needs:area backlog	2026-09-09T22:01:18.7080086Z    LEFT #4050 Report two pyodre 1.0.6 findings upstream to the ODRE project
clear the needs:area park	Classify the needs:area backlog	2026-09-09T22:01:18.7080376Z    LEFT #4054 sq-lsp7k.9.4 (server leg): wire PageRank scores into GET /complete, cached per graph generation
clear the needs:area park	Classify the needs:area backlog	2026-09-09T22:01:18.7080603Z    LEFT #4061 bench/geo/gsb.sh is not covered by any shellcheck step in docs-quality.yml
clear the needs:area park	Classify the needs:area backlog	2026-09-09T22:01:18.7080833Z    LEFT #4083 sq-rsd3v.3 follow-up: xsd:decimal operands for the N3 math: builtin gadgets
clear the needs:area park	Classify the needs:area backlog	2026-09-09T22:01:18.7081152Z    LEFT #4122 noir-optimisation skill: the FIRST integer-typed input costs ~2785 gates of fixed range-table setup
clear the needs:area park	Classify the needs:area backlog	2026-09-09T22:01:18.7081477Z    LEFT #4124 Fully-hidden revocation: the per-presentation re-blinding round trip is not automated anywhere
clear the needs:area park	Classify the needs:area backlog	2026-09-09T22:01:18.7081767Z    LEFT #4137 [feature]: Have in-app bug/feature reporting mechanism
clear the needs:area park	Classify the needs:area backlog	2026-09-09T22:01:18.7082000Z    LEFT #4140 nightly visual sweep: re-mint and commit the stale full-surface baselines
clear the needs:area park	Classify the needs:area backlog	2026-09-09T22:01:18.7082316Z    LEFT #4149 sq-rsd3v.6 follow-up: manifest + verify_manifest dispatch for the owl:sameAs canonicalisation member
clear the needs:area park	Classify the needs:area backlog	2026-09-09T22:01:18.7082704Z    LEFT #4151 sq-rsd3v.6 follow-up: compose derivation_check with the sameAs canon table (rule shapes over canonical representatives)
clear the needs:area park	Classify the needs:area backlog	2026-09-09T22:01:18.7082981Z    LEFT #4161 UPDATE differential: extend the numeric-lexical adjudicated class beyond xsd:integer
clear the needs:area park	Classify the needs:area backlog	2026-09-09T22:01:18.7083333Z    LEFT #4164 Housekeeping: prune the seven seeded stale entries from orchestration/start-here.toml after the first render
clear the needs:area park	Classify the needs:area backlog	2026-09-09T22:01:18.7083652Z    LEFT #4166 [exploratory]: consider code-generation for query evaluation
clear the needs:area park	Classify the needs:area backlog	2026-09-09T22:01:18.7084151Z    LEFT #4169 check-no-perf-numbers.py: explicit-path mode silently bypasses the bench//research/ exemption and emits a self-contradic
clear the needs:area park	Classify the needs:area backlog	2026-09-09T22:01:18.7084539Z    LEFT #4171 [exploratory]: research compiler optimiser techniques and see whether any similar techniques can be applied here as a wa
clear the needs:area park	Classify the needs:area backlog	2026-09-09T22:01:18.7084936Z    LEFT #4175 Gate the toolchain-escape correspondence mechanically (job-level RUSTUP_TOOLCHAIN must match every explicit dtolnay tool
clear the needs:area park	Classify the needs:area backlog	2026-09-09T22:01:18.7085429Z    LEFT #4177 MacSession: multiplication-gate verification binding BOTH operands (Chida-style) — auth_mul currently adopts a second-op
clear the needs:area park	Classify the needs:area backlog	2026-09-09T22:01:18.7085884Z    LEFT #4179 AGENTS.md §"No hard-coded performance numbers" omits the research/ + bench/ exemption the gate actually implements
clear the needs:area park	Classify the needs:area backlog	2026-09-09T22:01:18.7086144Z    LEFT #4186 Update adaptive group-commit wording in pss_update_throughput reference output
clear the needs:area park	Classify the needs:area backlog	2026-09-09T22:01:18.7086643Z    LEFT #4189 MacSession: multiplication-gate verification binding BOTH operands (Chida-et-al.) — the real fix for the adopted second-
clear the needs:area park	Classify the needs:area backlog	2026-09-09T22:01:18.7087027Z    LEFT #4190 auth_compare's `malicious_greater_than` / `malicious_threshold` carry the same naming over-claim as the renamed disclose
clear the needs:area park	Classify the needs:area backlog	2026-09-09T22:01:18.7087355Z    LEFT #4195 doc drift: research/issue-native-orchestration.md still describes the account registry as private
clear the needs:area park	Classify the needs:area backlog	2026-09-09T22:01:18.7087556Z    LEFT #4202 Graduate zero-annotation feature-matrix tests after tier flip
clear the needs:area park	Classify the needs:area backlog	2026-09-09T22:01:18.7087918Z    LEFT #4214 sq-7d3dj.21 follow-up: measure the ingest wall delta for the nt one-pass UTF-8 validation on the canonical EC2 lane
clear the needs:area park	Classify the needs:area backlog	2026-09-09T22:01:18.7088143Z    LEFT #4230 JSON-LD test binaries each re-declare their own `json_ld_equal` comparator
clear the needs:area park	Classify the needs:area backlog	2026-09-09T22:01:18.7088417Z    LEFT #4240 Verify hyper actually writes the `X-Sparq-Truncated` trailer on a real HTTP/1.1 socket
clear the needs:area park	Classify the needs:area backlog	2026-09-09T22:01:18.7088781Z    LEFT #4253 zk catalog: split Q09_filter_datetime_compare so the landed dateTime/date half scores separately from time/duration
clear the needs:area park	Classify the needs:area backlog	2026-09-09T22:01:18.7089188Z    LEFT #4268 papers/filtered-ann: verify whether NaviX/VBASE filter sub-queries can express recursion, to settle the transitive-expre
clear the needs:area park	Classify the needs:area backlog	2026-09-09T22:01:18.7089500Z    LEFT #4290 Kani anti-vacuity: reduce.rs + dict.rs witness-survival legs rest on a non-gating `kani::cover!`
clear the needs:area park	Classify the needs:area backlog	2026-09-09T22:01:18.7090044Z    LEFT #4312 GenAI-KB §4.5: the remaining batch-quality metrics (extraction precision, dedup-collision, topic-coverage) have no produ
clear the needs:area park	Classify the needs:area backlog	2026-09-09T22:01:18.7090912Z    LEFT #4314 CONSTRUCT/DESCRIBE peak RSS is set by materialising the result graph, not by rendering it — stream the producer
clear the needs:area park	Classify the needs:area backlog	2026-09-09T22:01:18.7091910Z    LEFT #4316 JSON-LD CONSTRUCT/DESCRIBE responses cannot stream — the writer is String-returning
clear the needs:area park	Classify the needs:area backlog	2026-09-09T22:01:18.7092578Z    LEFT #4317 Gather a canonical quiet-box reading for bench/construct-stream on the perf host (sq-0g6g)
clear the needs:area park	Classify the needs:area backlog	2026-09-09T22:01:18.7093303Z    LEFT #4323 Graphalytics: generate an independent CONVERGED PageRank oracle so the igraph row can be validated
clear the needs:area park	Classify the needs:area backlog	2026-09-09T22:01:18.7094089Z    LEFT #4326 Research-agent dispatch passes REVIEW-BRIEF.md, whose 'do not open new PRs' contradicts the research mandate
clear the needs:area park	Classify the needs:area backlog	2026-09-09T22:01:18.7094839Z    LEFT #4340 fo-km: decide + pre-register how to grade th01/th06 now that their gold lists are 91 and 71 names
clear the needs:area park	Classify the needs:area backlog	2026-09-09T22:01:18.7095629Z    LEFT #4359 Canonical envelope writers should emit a MACHINE-READABLE disqualification field, not only free-text `disqualified_note`
clear the needs:area park	Classify the needs:area backlog	2026-09-09T22:01:18.7096501Z    LEFT #4371 sq-96hp1 follow-up: route the Elias-Fano codec as a PermData variant and call next_geq from merge-join galloping (BLOCKE
clear the needs:area park	Classify the needs:area backlog	2026-09-09T22:01:18.7097210Z    LEFT #4378 Approximate ANN backends are not analysed for authorization-mask invariance
clear the needs:area park	Classify the needs:area backlog	2026-09-09T22:01:18.7097993Z    LEFT #4387 Scheduled crons fire at ~11-16% of their declared rate — convert remaining event-shaped stages, keep the backstops
clear the needs:area park	Classify the needs:area backlog	2026-09-09T22:01:18.7099050Z    LEFT #4388 AGENTS.md "No hard-coded performance numbers" omits the bench//research/ exemption its own gate enforces
clear the needs:area park	Classify the needs:area backlog	2026-09-09T22:01:18.7099867Z    LEFT #4392 AGENTS.md states the no-perf-numbers rule as an unqualified absolute, contradicting the bench/ + research/ exemption the
clear the needs:area park	Classify the needs:area backlog	2026-09-09T22:01:18.7100727Z    LEFT #4405 feature-off declarations README: document that adding a purely cfg-gated module to a large lib.rs also needs a declarati
clear the needs:area park	Classify the needs:area backlog	2026-09-09T22:01:18.7101710Z    LEFT #4410 fetch-inference-suites.sh clones github.com/w3c/N3, which now only resolves via GitHub's rename redirect (org is w3c-cg/
clear the needs:area park	Classify the needs:area backlog	2026-09-09T22:01:18.7102627Z    LEFT #4412 docs/release.md §8c names the wrong repo owner for crates.io Trusted Publishing (jeswr, not sparq-org)
clear the needs:area park	Classify the needs:area backlog	2026-09-09T22:01:18.7103322Z    LEFT #4434 chore(hygiene): .beads/interactions.jsonl is tracked AND ignored (sq-owci footgun class)
clear the needs:area park	Classify the needs:area backlog	2026-09-09T22:01:18.7104013Z    LEFT #4435 Re-derive the N3 Final CG Report builtin inventory from definition headings (prefix scan over-counts)
clear the needs:area park	Classify the needs:area backlog	2026-09-09T22:01:18.7104841Z    LEFT #4442 Repo hygiene: the inference-conformance-report.md .gitignore NOTE misattributes the sq-owci abort to cargo's dirty check
clear the needs:area park	Classify the needs:area backlog	2026-09-09T22:01:18.7105615Z    LEFT #4445 block-bloom: HASHES=1 is a measured candidate retune, blocked on real-data confirmation
clear the needs:area park	Classify the needs:area backlog	2026-09-09T22:01:18.7106300Z    LEFT #4456 perf(ingest): derived permutation build REGRESSES `compact-index` + `parallel` (~0.74x at 4 threads)
clear the needs:area park	Classify the needs:area backlog	2026-09-09T22:01:18.7107095Z    LEFT #4457 perf(ingest): parallelize the SPO radix sort — it is now the serial prologue of the whole index build
clear the needs:area park	Classify the needs:area backlog	2026-09-09T22:01:18.7107836Z    LEFT #4458 perf(ingest): the LAZY half of sq-dzfzq — defer rarely-scanned permutations to first use
clear the needs:area park	Classify the needs:area backlog	2026-09-09T22:01:18.7108458Z    LEFT #4471 Consider a low-churn duplicate-dependency ratchet (name-level, not version-level)
clear the needs:area park	Classify the needs:area backlog	2026-09-09T22:01:18.7109415Z    LEFT #4480 Upstream the sparq-local spargebra patches (§8 recursion-depth cap, §9 custom-aggregate DISTINCT) to oxigraph — no PR is
clear the needs:area park	Classify the needs:area backlog	2026-09-09T22:01:18.7110274Z    LEFT #4485 compile_odrl lowers Audience::AllExcept as the rule's assignee list (inverted)
clear the needs:area park	Classify the needs:area backlog	2026-09-09T22:01:18.7111091Z    LEFT #4508 AGENTS.md § "No hard-coded performance numbers" omits the research/ + bench/ exemption, causing repeat false-positive re
clear the needs:area park	Classify the needs:area backlog	2026-09-09T22:01:18.7111949Z    LEFT #4510 Decide the Homebrew tap slug post org-migration (maintainer decision)
clear the needs:area park	Classify the needs:area backlog	2026-09-09T22:01:18.7112642Z    LEFT #4513 Add an upstream-PR status watch for the jeswr-namespace SHACL-CS submissions (shaclcjs#199, shaclc-1.2#3, shaclc-1.2#4)
clear the needs:area park	Classify the needs:area backlog	2026-09-09T22:01:18.7113414Z    LEFT #4515 sq-eesz3 residual: run the noir on-ramp measurement protocol on a toolchain box (#6624/#6313/#4972)
clear the needs:area park	Classify the needs:area backlog	2026-09-09T22:01:18.7114107Z    LEFT #4516 sq-eesz3 residual: @jeswr review gate on three drafted noir upstream comments (#6624/#6313/#4972)
clear the needs:area park	Classify the needs:area backlog	2026-09-09T22:01:18.7114817Z    LEFT #4524 Noir upstream program: two beads are blocked on a box with the noir toolchain (rustc 1.89.0 + nargo + bb)
clear the needs:area park	Classify the needs:area backlog	2026-09-09T22:01:18.7115564Z    LEFT #4540 Per-statement provenance for w(t): pooling weights are an entity-level proxy, not assertion provenance
clear the needs:area park	Classify the needs:area backlog	2026-09-09T22:01:18.7116346Z    LEFT #4541 Per-node incident-edge fusion weights need per-row storage; SchemaHeader can only carry a graph-global default
clear the needs:area park	Classify the needs:area backlog	2026-09-09T22:01:18.7117250Z    LEFT #4544 noir program: the "no Rust toolchain" blocker on sq-eesz3 / sq-felqr / sq-jfkwk is solvable — rustup into a writable RUS
clear the needs:area park	Classify the needs:area backlog	2026-09-09T22:01:18.7118005Z    LEFT #4548 Check whether upstream noir's shipped IfElse else-value collapse (row 2) is safe by construction
clear the needs:area park	Classify the needs:area backlog	2026-09-09T22:01:18.7118579Z    LEFT #4554 review-alarm: 7 PR(s) unreachable by every review producer
clear the needs:area park	Classify the needs:area backlog	2026-09-09T22:01:18.7119338Z    LEFT #4556 research/noir-optimization-program.md §3.3 is stale: the ACVM CSAT expression-width transformer no longer exists at noir
clear the needs:area park	Classify the needs:area backlog	2026-09-09T22:01:18.7120061Z    LEFT #4564 Work-box crate-scoped gate cannot run clippy on the pinned 1.97.1 toolchain
clear the needs:area park	Classify the needs:area backlog	2026-09-09T22:01:18.7120761Z    LEFT #4569 [cert][honesty] compliance/slsa/controls.md still says dist.yml is unattested — GX-9 closed it
clear the needs:area park	Classify the needs:area backlog	2026-09-09T22:01:18.7121906Z    LEFT #4573 review-fix container cannot reproduce the `--all-features` clippy/rustdoc gates (no cmake, read-only RUSTUP_HOME)
clear the needs:area park	Classify the needs:area backlog	2026-09-09T22:01:18.7122757Z    LEFT #4575 sq-6tykl.6 residual: N3 guard-predicate deltas still force a full rebuild (needs a non-monotone / DRed-scoped design)
clear the needs:area park	Classify the needs:area backlog	2026-09-09T22:01:18.7123622Z    LEFT #4581 AGENTS.md § 'No hard-coded performance numbers' contradicts the gate's research/ + bench/ exemption
clear the needs:area park	Classify the needs:area backlog	2026-09-09T22:01:18.7124307Z    LEFT #4583 AGENTS.md perf-numbers rule omits the bench/ + research/ carve-out its own gate implements
clear the needs:area park	Classify the needs:area backlog	2026-09-09T22:01:18.7125042Z    LEFT #4591 rdfjs-conformance: extend runDatasetTests with a feature-detected RDF-star (quoted-triple) block
clear the needs:area park	Classify the needs:area backlog	2026-09-09T22:01:18.7125737Z    LEFT #4592 rdfjs-conformance: runStreamTests covers only 3 of the RDF/JS Stream-spec obligations
clear the needs:area park	Classify the needs:area backlog	2026-09-09T22:01:18.7126478Z    LEFT #4605 skills/inference/SKILL.md: L4 dispatch paragraph still says QL consistency is "wholly deferred" (stale since sq-fj8lj)
clear the needs:area park	Classify the needs:area backlog	2026-09-09T22:01:18.7127378Z    LEFT #4608 research/owl2-el-ql-reasoning-spike.md §1.3 counterexample does NOT hold against sparq's own OWL 2 RL
clear the needs:area park	Classify the needs:area backlog	2026-09-09T22:01:18.7128134Z    LEFT #4625 terminology: packages/rdfjs-conformance/src/index.mjs prose still says "RDF-star" / "quoted triple"
clear the needs:area park	Classify the needs:area backlog	2026-09-09T22:01:18.7128915Z    LEFT #4657 change-stream: add a bounded poll (read-side batch cap) so a relay over a long backlog is O(batch), not O(retained log)
clear the needs:area park	Classify the needs:area backlog	2026-09-09T22:01:18.7129682Z    LEFT #4672 Upstream draft PR: generic print-mode clause inversion in rdf-shuttle (sq-e7hba implementation)
clear the needs:area park	Classify the needs:area backlog	2026-09-09T22:01:18.7130372Z    LEFT #4682 infra(ec2-bench): wire multi-axis-box.sh (and gather-ec2*.sh) to the durable S3 result egress
clear the needs:area park	Classify the needs:area backlog	2026-09-09T22:01:18.7131122Z    LEFT #4683 infra(ec2-bench): run bootstrap-bench-iam.sh in the AWS account, then re-run the x86_64 DiskANN canonical gather (sq-3oc
clear the needs:area park	Classify the needs:area backlog	2026-09-09T22:01:18.7131987Z    LEFT #4722 Do the W3C rdf12-turtle suites cover `~ []` and long-quoted literals in triple-term position?
clear the needs:area park	Classify the needs:area backlog	2026-09-09T22:01:18.7132756Z    LEFT #4728 Honesty sweep: "non-reversible" wording for unkeyed FNV-1a fingerprints across audit/redaction docs + compliance records
clear the needs:area park	Classify the needs:area backlog	2026-09-09T22:01:18.7133603Z    LEFT #4730 Review-fix worker container cannot materialise the pinned Rust toolchain, so the clippy gate is unrunnable locally
clear the needs:area park	Classify the needs:area backlog	2026-09-09T22:01:18.7134281Z    LEFT #4736 sq-6tykl.5 follow-up: server/GUI surface for the reasoning profile report
clear the needs:area park	Classify the needs:area backlog	2026-09-09T22:01:18.7134843Z    LEFT #4738 sq-6tykl.5 follow-up: instrument `MaterializedN3Graph` incremental maintenance
clear the needs:area park	Classify the needs:area backlog	2026-09-09T22:01:18.7135452Z    LEFT #4740 noir paper P1 (sq-i50o4): harness should wrap upstream's instruments, not rebuild them
clear the needs:area park	Classify the needs:area backlog	2026-09-09T22:01:18.7136160Z    LEFT #4751 Report three upstream noir ACIR unrolling defects (runaway-unroll hang + two location-discarding bail-outs)
clear the needs:area park	Classify the needs:area backlog	2026-09-09T22:01:18.7136975Z    LEFT #4796 auto-arm's lenient transient exit has no floor: a sweep that enumerates nothing reports success, and nothing counts cons
clear the needs:area park	Classify the needs:area backlog	2026-09-09T22:01:18.7137890Z    LEFT #4803 Critical lanes are cron-dependent; GitHub's scheduler degrades silently — add doorbells with cron as backstop
clear the needs:area park	Classify the needs:area backlog	2026-09-09T22:01:18.7138704Z    LEFT #4809 Wire the EXISTING triage-area.py deriver (not a new LLM pass): 49% of issues lack area:, and frontier width must not be 
clear the needs:area park	Classify the needs:area backlog	2026-09-09T22:01:18.7139465Z    LEFT #4812 oxttl pin: decide whether to take upstream's ~1.38x Turtle parse win (0.2.3 release vs oxigraph main)
clear the needs:area park	Classify the needs:area backlog	2026-09-09T22:01:18.7140132Z    LEFT #4813 Profile before patching: oxttl still does a SipHash HashMap lookup per prefixed name
clear the needs:area park	Classify the needs:area backlog	2026-09-09T22:01:18.7140880Z    LEFT #4846 Sub-hourly cron-only lanes inherit the measured 93% GitHub scheduler loss (promote-on-approval, rearm-sweeper, retriage)
clear the needs:area park	Classify the needs:area backlog	2026-09-09T22:01:18.7141778Z    LEFT #4851 test: the `*_default.rs` feature tripwires go silently vacuous if the feature is dropped from `default`
clear the needs:area park	Classify the needs:area backlog	2026-09-09T22:01:18.7142425Z    LEFT #4857 compiled-rules: quoted triples with variables inside a log:notIncludes body
clear the needs:area park	Classify the needs:area backlog	2026-09-09T22:01:18.7143170Z    LEFT #4858 compiled-rules: derive (mint) quoted triples in rule heads
clear the needs:area park	Classify the needs:area backlog	2026-09-09T22:01:18.7143830Z    LEFT #4874 update-fuzz: extend the lexical-form-preservation differential beyond xsd:integer (decimal/double/float/dateTime)
clear the needs:area park	Classify the needs:area backlog	2026-09-09T22:01:18.7145020Z    LEFT #4882 terminology gate: `quoted-triple`/`embedded-triple` are markdown-only, so 24 .rs files (published rustdoc) still say “qu
clear the needs:area park	Classify the needs:area backlog	2026-09-09T22:01:18.7145984Z    LEFT #4883 sparq's untriaged pile is blocked on area:, NOT priority: (925/969 measured) — and retriage's blanket priority:P3 is a l
clear the needs:area park	Classify the needs:area backlog	2026-09-09T22:01:18.7146813Z    LEFT #4884 gui/app has no React component-test harness, so panel state interactions are only testable via extracted pure helpers
clear the needs:area park	Classify the needs:area backlog	2026-09-09T22:01:18.7147512Z    LEFT #4890 sparq-vamana: every search allocates and zeroes two O(count) visited bitmaps
clear the needs:area park	Classify the needs:area backlog	2026-09-09T22:01:18.7148153Z    LEFT #4936 preflight.py bypasses check-no-perf-numbers' research/ exemption by passing explicit paths
clear the needs:area park	Classify the needs:area backlog	2026-09-09T22:01:18.7148880Z    LEFT #4949 sq-km34 follow-on: wire HiddenValueJoin / bounded-path hops onto the authenticated equality (opt-in)
clear the needs:area park	Classify the needs:area backlog	2026-09-09T22:01:18.7149596Z    LEFT #4956 lws-spec vectors do not cover the omitted-constraint-context path (local mutation-testing gap)
clear the needs:area park	Classify the needs:area backlog	2026-09-09T22:01:18.7150289Z    LEFT #4986 Local crate-scoped gate can silently miss lints the pinned toolchain denies (1.88 vs 1.97.1)
clear the needs:area park	Classify the needs:area backlog	2026-09-09T22:01:18.7150976Z    LEFT #4990 sq-qcnn.8 follow-up: N-way divergence triage + reviewed allowlist for oracle-vs-oracle disagreement
clear the needs:area park	Classify the needs:area backlog	2026-09-09T22:01:18.7151863Z    LEFT #4992 sq-qcnn.8 follow-up: cross-oracle comparison skips blank-node answers and CONSTRUCT over the subprocess protocol
clear the needs:area park	Classify the needs:area backlog	2026-09-09T22:01:18.7152518Z    LEFT #4996 fuzz: no end-to-end test that a broken second oracle fails the run
clear the needs:area park	Classify the needs:area backlog	2026-09-09T22:01:18.7153034Z    LEFT #4999 Datalog: no derivation-explanation surface (`reason --proof` is N3-only)
clear the needs:area park	Classify the needs:area backlog	2026-09-09T22:01:18.7153670Z    LEFT #5000 datalog::MaterializedProgram lacks `iter()` / `full_rebuilds()` parity with MaterializedGraph
clear the needs:area park	Classify the needs:area backlog	2026-09-09T22:01:18.7154314Z    LEFT #5009 docs-duplication (jscpd): crate README.md files are outside the scanned corpus
clear the needs:area park	Classify the needs:area backlog	2026-09-09T22:01:18.7155006Z    LEFT #5012 Noir program: bead sq-m3l62 targets a function upstream deleted (value_merger try_merge_only_changed_indices)
clear the needs:area park	Classify the needs:area backlog	2026-09-09T22:01:18.7155830Z    LEFT #5030 research/noir-optimization-paper.md:47 carries the same over-broad "Noir soundness is entirely orthogonal" disclaimer
clear the needs:area park	Classify the needs:area backlog	2026-09-09T22:01:18.7156611Z    LEFT #5032 check-feature-test-execution.py counts a `test: false` feature-matrix leg as a test EXECUTOR
clear the needs:area park	Classify the needs:area backlog	2026-09-09T22:01:18.7157342Z    LEFT #5042 Census: the 83-draft backlog is unfinished work behind a draft/gate bootstrap lock, not frozen finished work
clear the needs:area park	Classify the needs:area backlog	2026-09-09T22:01:18.7158065Z    LEFT #5055 bench/vector's EXACT gate is not a sensitive detector of distance-kernel reduction-order changes
clear the needs:area park	Classify the needs:area backlog	2026-09-09T22:01:18.7158840Z    LEFT #5067 sq-zgbso.4 shipped runtime OnceLock compilation, not the build.rs build-time compilation the design record specifies
clear the needs:area park	Classify the needs:area backlog	2026-09-09T22:01:18.7159675Z    LEFT #5082 sq-2489d.6 follow-up: execute the Phase-7 provenance-KB A/B run (needs the canonical host steer + a Fable re-run)
clear the needs:area park	Classify the needs:area backlog	2026-09-09T22:01:18.7160390Z    LEFT #5086 sparq-site agent definition doesn't carry the frontend optional-code policy (sq-mrrn4)
clear the needs:area park	Classify the needs:area backlog	2026-09-09T22:01:18.7161122Z    LEFT #5095 rdfs_n3_spike §A: drive the differential corpus from the real W3C rdf-mt entailment fixtures
clear the needs:area park	Classify the needs:area backlog	2026-09-09T22:01:18.7161998Z    LEFT #5097 compliance/sbom/gap-register.md: honesty-note control-row counts stale (says 31 rows / 23 implemented; controls/sbom.md 
clear the needs:area park	Classify the needs:area backlog	2026-09-09T22:01:18.7162828Z    LEFT #5104 cargo-vet: model publish=false harness crates with a safe-to-run policy instead of safe-to-deploy exemptions
clear the needs:area park	Classify the needs:area backlog	2026-09-09T22:01:18.7163500Z    LEFT #5113 gui/app global drop overlay rejects compressed files the import drawer accepts
clear the needs:area park	Classify the needs:area backlog	2026-09-09T22:01:18.7164011Z    LEFT #5116 Web import accepts .tgz/.tbz tar archives it cannot parse
clear the needs:area park	Classify the needs:area backlog	2026-09-09T22:01:18.7164840Z    LEFT #5118 67% of worker runs backing the open in-progress-review PRs concluded failure (26/39, 07-19..07-29)
clear the needs:area park	Classify the needs:area backlog	2026-09-09T22:01:18.7165586Z    LEFT #5120 sparq#4819's 75% park-cycling rate does not hold on the governed population: 31% open / 33% worker, plateauing at ~1/3
clear the needs:area park	Classify the needs:area backlog	2026-09-09T22:01:18.7166485Z    LEFT #5123 differential: unadjudicated divergence — cross-duration-subtype ordering (sparq errors, Oxigraph is lenient)
clear the needs:area park	Classify the needs:area backlog	2026-09-09T22:01:18.7167408Z    LEFT #5124 differential: unadjudicated divergences — GROUP_CONCAT of a non-string argument, and MIN/MAX over a double column contai
clear the needs:area park	Classify the needs:area backlog	2026-09-09T22:01:18.7168342Z    LEFT #5131 14 of 17 never-cycled machine parks have NO cause receipt (10 hand-applied by the orchestrator) — un-park cannot evaluat
clear the needs:area park	Classify the needs:area backlog	2026-09-09T22:01:18.7169150Z    LEFT #5145 review lane never drains its backlog: 8 of 13 live drafts have had review:needs for 1.5-3 days and ZERO review runs disp
clear the needs:area park	Classify the needs:area backlog	2026-09-09T22:01:18.7169869Z    LEFT #5151 docs-duplication: promote the fenced-code half of the jscpd lane to a GATING step
clear the needs:area park	Classify the needs:area backlog	2026-09-09T22:01:18.7170484Z    LEFT #5182 Pre-existing RED: scripts/tests/test_ring_credential_loud.py fails on origin/main
clear the needs:area park	Classify the needs:area backlog	2026-09-09T22:01:18.7171218Z    LEFT #5183 [differential-fuzz] shard=update-advancing: 12 differential mismatch(es) vs Oxigraph (first seed=4132943222, mode=baseli
clear the needs:area park	Classify the needs:area backlog	2026-09-09T22:01:18.7172187Z    LEFT #5196 GenAI-KB Phase 7 needs a trap-task generator: 30+ abstain traps and the deterministic stale-fact seeding step
clear the needs:area park	Classify the needs:area backlog	2026-09-09T22:01:18.7172974Z    LEFT #5202 test_ring_credential_loud.py silently depends on an ambient `jq`, and misattributes the failure to the workflow
clear the needs:area park	Classify the needs:area backlog	2026-09-09T22:01:18.7173912Z    LEFT #5206 prov_ab self-test: the hedging arm is PERFECT on the abstain-trap class (recall 1.0), which N_MISS was meant to prevent
clear the needs:area park	Classify the needs:area backlog	2026-09-09T22:01:18.7174926Z    LEFT #5227 sq-vvfte steer-me: record the Q1 (degenerate value_component) call — datatype-folded, proceed-and-document
clear the needs:area park	Classify the needs:area backlog	2026-09-09T22:01:18.7175862Z    LEFT #5229 dual-leaf: join the xsd:boolean and xsd:dateTime/xsd:date lanes to encode_literal_dual routing
clear the needs:area park	Classify the needs:area backlog	2026-09-09T22:01:18.7180885Z    LEFT #5233 Dependabot: no coverage for the hash-pinned CI pip requirements (.github/requirements/*.txt)
clear the needs:area park	Classify the needs:area backlog	2026-09-09T22:01:18.7182126Z    LEFT #5277 noir program §10.1: reconcile bead state with upstream PR state for #13263/#13264/#13265
clear the needs:area park	Classify the needs:area backlog	2026-09-09T22:01:18.7182788Z    LEFT #5278 Re-take the ACIR-opcode half of noir#13266's measurement table at current master
clear the needs:area park	Classify the needs:area backlog	2026-09-09T22:01:18.7183393Z    LEFT #5286 sq-8n6iv: per-request session binding for SolidMcpServer (multi-principal mode)
clear the needs:area park	Classify the needs:area backlog	2026-09-09T22:01:18.7184138Z    LEFT #5319 test_path_ownership.py's live workspace audit skips silently without cargo, so preflight can't catch out-of-crate-input 
clear the needs:area park	Classify the needs:area backlog	2026-09-09T22:01:18.7184959Z    LEFT #5329 vamana-disk: verify the crates.io name is available (and add a structural check, like check-pypi-name.py)
clear the needs:area park	Classify the needs:area backlog	2026-09-09T22:01:18.7185664Z    LEFT #5332 No `area:vamana-disk` label exists, so PRs touching only that crate serialize on __global__
clear the needs:area park	Classify the needs:area backlog	2026-09-09T22:01:18.7186442Z    LEFT #5345 check-inference-report-drift.py C1: match load-bearing greps against parsed `run:` script bodies, not raw job text
clear the needs:area park	Classify the needs:area backlog	2026-09-09T22:01:18.7187210Z    LEFT #5363 feature-matrix combined legs silently stop being `--all-features` when a new feature is added
clear the needs:area park	Classify the needs:area backlog	2026-09-09T22:01:18.7187911Z    LEFT #5377 ZK extended-fragment: `pattern_scans` is neither validated nor used by `verify_fragment_manifest`
clear the needs:area park	Classify the needs:area backlog	2026-09-09T22:01:18.7188605Z    LEFT #5381 acp:vc — no revocation or credential-expiry check on a verified holding
clear the needs:area park	Classify the needs:area backlog	2026-09-09T22:01:18.7189267Z    LEFT #5382 acp:vc — zero-knowledge / selective-disclosure backend blocked on the ZK audit (sq-qhy4)
clear the needs:area park	Classify the needs:area backlog	2026-09-09T22:01:18.7189938Z    LEFT #5396 preflight.py reports a false no-perf-numbers FAIL on any diff that touches a research/ record
clear the needs:area park	Classify the needs:area backlog	2026-09-09T22:01:18.7190566Z    LEFT #5400 rearm-sweeper: route_fix spends a review round on a SINGLE failed-gate reading
clear the needs:area park	Classify the needs:area backlog	2026-09-09T22:01:18.7191385Z    LEFT #5401 test_ring_credential_loud.py fails with a misleading assertion when `jq` is absent from PATH
clear the needs:area park	Classify the needs:area backlog	2026-09-09T22:01:18.7192402Z    LEFT #5404 preflight.py reports no-perf-numbers findings the gating CI lane never would (allowlist bypassed by explicit paths)
clear the needs:area park	Classify the needs:area backlog	2026-09-09T22:01:18.7193209Z    LEFT #5406 cron-only lanes have no liveness detector on main: scripts/cron_lane_liveness.py (#4368) is not in the tree
clear the needs:area park	Classify the needs:area backlog	2026-09-09T22:01:18.7193991Z    LEFT #5407 Correct the sub-hourly cron declarations that GitHub does not deliver here (the remedy M4/#4802 points at)
clear the needs:area park	Classify the needs:area backlog	2026-09-09T22:01:18.7194695Z    LEFT #5408 M4 known miss: no measurement of what GitHub delivers to lanes declaring 13-30 firings/day
clear the needs:area park	Classify the needs:area backlog	2026-09-09T22:01:18.7195209Z    LEFT #5412 Correct PLAN versus CLAIM rationale in AGENTS.md
clear the needs:area park	Classify the needs:area backlog	2026-09-09T22:01:18.7195709Z    LEFT #5415 stale-analysis-threads: paginate review threads so >50-thread PRs are sweepable
clear the needs:area park	Classify the needs:area backlog	2026-09-09T22:01:18.7196415Z    LEFT #5422 Gating conformance lanes still clone their pinned W3C suites from github.com on every run (no Actions cache)
clear the needs:area park	Classify the needs:area backlog	2026-09-09T22:01:18.7197270Z    LEFT #5460 preflight.py bypasses check-no-perf-numbers.py's bench/ exclusion, producing a false finding on any diff touching bench/
clear the needs:area park	Classify the needs:area backlog	2026-09-09T22:01:18.7198050Z    LEFT #5472 preflight.py no-perf-numbers flags UNCHANGED lines in touched files (false blocking signal)
clear the needs:area park	Classify the needs:area backlog	2026-09-09T22:01:18.7198771Z    LEFT #5474 noir#13265: add a live failure-path fixture before the draft → ready flip (sq-fwcuo)
clear the needs:area park	Classify the needs:area backlog	2026-09-09T22:01:18.7199432Z    LEFT #5475 Mark shipped-upstream noir beads in bd so they stop being re-dispatched as implementation tasks
clear the needs:area park	Classify the needs:area backlog	2026-09-09T22:01:18.7200073Z    LEFT #5489 CSV/TSV SELECT responses have no streaming-admission or pin-cap equivalent
clear the needs:area park	Classify the needs:area backlog	2026-09-09T22:01:18.7200729Z    LEFT #5500 mdbook-rewrite-links.py: a bare (no `./`) intra-book chapter link would be rewritten to a root blob URL
clear the needs:area park	Classify the needs:area backlog	2026-09-09T22:01:18.7201452Z    LEFT #5502 vc-bridge: byte-level JSON-LD-expansion interop needs the W3C credentials/v2 context vendored
clear the needs:area park	Classify the needs:area backlog	2026-09-09T22:01:18.7202250Z    LEFT #5503 Two independent in-repo implementations of the eddsa-rdfc-2022 hashData construction
clear the needs:area park	Classify the needs:area backlog	2026-09-09T22:01:18.7202904Z    LEFT #5504 vc_bridge_json: `proofValue` accepts only the `z` multibase, not the full DI multibase set
clear the needs:area park	Classify the needs:area backlog	2026-09-09T22:01:18.7203482Z    LEFT #5509 noir#13264: add signed-type coverage for the and-mask truncate bound
clear the needs:area park	Classify the needs:area backlog	2026-09-09T22:01:18.7204029Z    LEFT #5510 noir: evaluate teaching get_value_max_num_bits about `and` with a constant mask
clear the needs:area park	Classify the needs:area backlog	2026-09-09T22:01:18.7204713Z    LEFT #5512 preflight.py reports false no-perf-numbers findings in bench/ and research/ (bypasses ALLOW_PATH_PREFIXES)
clear the needs:area park	Classify the needs:area backlog	2026-09-09T22:01:18.7205415Z    LEFT #5526 slow-query-log: record the real result-row count instead of the always-0 placeholder
clear the needs:area park	Classify the needs:area backlog	2026-09-09T22:01:18.7206019Z    LEFT #5528 slow-query-log: consider exposing counters on /metrics alongside the admin route
clear the needs:area park	Classify the needs:area backlog	2026-09-09T22:01:18.7206701Z    LEFT #5553 global-stock alarm under-counts: unattributed non-inert DRAFT PRs are excluded from the __global__ stock
clear the needs:area park	Classify the needs:area backlog	2026-09-09T22:01:18.7207425Z    LEFT #5564 Evaluate an edition-2024 migration for the workspace (merged doctests among the benefits)
clear the needs:area park	Classify the needs:area backlog	2026-09-09T22:01:18.7208063Z    LEFT #5582 No gate enforces that a newly added crates/<x>/ is registered in root [workspace].members
clear the needs:area park	Classify the needs:area backlog	2026-09-09T22:01:18.7208637Z    LEFT #5584 ZK tool prove path is untested under the hosted web persona (basePath)
clear the needs:area park	Classify the needs:area backlog	2026-09-09T22:01:18.7209247Z    LEFT #5589 feature-matrix-tiers.py --report-unlegged keys on the BARE feature name, not (crate, feature)
clear the needs:area park	Classify the needs:area backlog	2026-09-09T22:01:18.7209889Z    LEFT #5600 site ZK e2e never exercises the production static-export bundle (next dev only)
clear the needs:area park	Classify the needs:area backlog	2026-09-09T22:01:18.7210493Z    LEFT #5602 GUI mocked-IPC lane hermetic-network block is duplicated across two support fixtures
clear the needs:area park	Classify the needs:area backlog	2026-09-09T22:01:18.7211229Z    LEFT #5616 Agent sandbox cannot materialize the pinned 1.97.1 toolchain, so the canonical clippy -D warnings gate is unrunnable in-
clear the needs:area park	Classify the needs:area backlog	2026-09-09T22:01:18.7212289Z    LEFT #5619 docs/branch-protection.md carries stale PR-relative narration about codeql.yml
clear the needs:area park	Classify the needs:area backlog	2026-09-09T22:01:18.7213237Z    LEFT #5630 cone_coverage.py: the report claims "cone is sound for this PR" on mode=full runs, where no cone was applied
clear the needs:area park	Classify the needs:area backlog	2026-09-09T22:01:18.7213947Z    LEFT #5634 no-perf-numbers gate false-positives on "concurrency 1/8/32. req/s" in bench/CATALOG.md
clear the needs:area park	Classify the needs:area backlog	2026-09-09T22:01:18.7214569Z    LEFT #5645 review_lane_alarm.registry_lane_reachable is named for a bound it does not prove
clear the needs:area park	Classify the needs:area backlog	2026-09-09T22:01:18.7215238Z    LEFT #5655 Work box /tmp is at 100% (1.0G tmpfs, 8K free) — cargo cannot run in agent checkouts
clear the needs:area park	Classify the needs:area backlog	2026-09-09T22:01:18.7215905Z    LEFT #5660 AGENTS.md misstates the no-perf-numbers exempt set ("bench/ is the only home") vs check-no-perf-numbers.py
clear the needs:area park	Classify the needs:area backlog	2026-09-09T22:01:18.7216658Z    LEFT #5664 Reviewer contract restates "no hard-coded performance numbers" without the research/ + bench/ exemption
clear the needs:area park	Classify the needs:area backlog	2026-09-09T22:01:18.7217320Z    LEFT #5688 skills/mpc/SKILL.md hard-codes a non-canonical hidden-join performance envelope
clear the needs:area park	Classify the needs:area backlog	2026-09-09T22:01:18.7218057Z    LEFT #5716 Supply-chain review: the acir dev-dependency for the noir#13314 witness forge adds ~12 crate-versions, incl. 3 duplicate
clear the needs:area park	Classify the needs:area backlog	2026-09-09T22:01:18.7218925Z    LEFT #5723 ci-select: extend the #5237 content-based inert-edit proof to classify_change / --classify-only (merge_group)
clear the needs:area park	Classify the needs:area backlog	2026-09-09T22:01:18.7219541Z    LEFT #5739 No Playwright specs for the new ZK / MPC workbench panels
clear the needs:area park	Classify the needs:area backlog	2026-09-09T22:01:18.7220011Z    LEFT #5740 GUI ZK tool has no captured-manifest verify fallback for weak devices
clear the needs:area park	Classify the needs:area backlog	2026-09-09T22:01:18.7220624Z    LEFT #5751 site/src/lib/zk-prover.ts mislabels the fixed 0x1 challenge as a "per-presentation verifier nonce"
clear the needs:area park	Classify the needs:area backlog	2026-09-09T22:01:18.7221341Z    LEFT #5760 sq-gg0qq.6: the origin/feat/lws* branch re-homing half of issue #2746 is not actionable from this repo
clear the needs:area park	Classify the needs:area backlog	2026-09-09T22:01:18.7222492Z    LEFT #5764 ci-file-metamorph-failure.py: fence-escape the inline repro block (third instance of the sq-c9q4r markdown-injection hol
clear the needs:area park	Classify the needs:area backlog	2026-09-09T22:01:18.7223255Z    LEFT #5767 stale-analysis-threads: repair receipts left in their unfinalized intent form
clear the needs:area park	Classify the needs:area backlog	2026-09-09T22:01:18.7223949Z    LEFT #5769 No structural gate catches an inline `#[cfg(feature = "X")]` unit-test module in src/ that no CI lane executes
clear the needs:area park	Classify the needs:area backlog	2026-09-09T22:01:18.7224743Z    LEFT #5792 Audit: does every schedule-only CI lane have a failure escalation path that is NOT 'it reds main by accident'?
clear the needs:area park	Classify the needs:area backlog	2026-09-09T22:01:18.7225471Z    LEFT #5795 Maintainer action (GX-OSSF-4): flip codeql.yml back on, or declare the SAST disable permanent
clear the needs:area park	Classify the needs:area backlog	2026-09-09T22:01:18.7226192Z    LEFT #5808 check-wasm-pack-pin.py: a backslash-continued `cargo install` spans lines and is invisible to the gate
clear the needs:area park	Classify the needs:area backlog	2026-09-09T22:01:18.7226869Z    LEFT #5815 sq-6vshe.7: the design record + measurement script #5563 cites do not exist in-tree
clear the needs:area park	Classify the needs:area backlog	2026-09-09T22:01:18.7227510Z    LEFT #5820 19 more scripts/tests/*.py files error instead of skipping without PyYAML (same defect as #5575)
clear the needs:area park	Classify the needs:area backlog	2026-09-09T22:01:18.7228398Z    LEFT #5825 research/ci-structural-speedup.md §8: record that the sq-6vshe.7 fold shipped on a STRUCTURAL criterion, not the measure
clear the needs:area park	Classify the needs:area backlog	2026-09-09T22:01:18.7229239Z    LEFT #5826 Close/delete the two stale sparq-agent/issue-2905-* branches now that the leg-inventory instrument has landed
clear the needs:area park	Classify the needs:area backlog	2026-09-09T22:01:18.7229986Z    LEFT #5836 test_preflight.py: TheYamlSeamIsGating hard-ERRORs when PyYAML is absent instead of skipping
clear the needs:area park	Classify the needs:area backlog	2026-09-09T22:01:18.7230592Z    LEFT #5844 [demoted-lane] lane=coverage-ratchet-main: full-form CI run failed
clear the needs:area park	Classify the needs:area backlog	2026-09-09T22:01:18.7231272Z    LEFT #5846 wasm-pack: gui.yml / site-e2e-hero.yml / site-visual.yml still `cargo install wasm-pack --locked` (unversioned, source-c
clear the needs:area park	Classify the needs:area backlog	2026-09-09T22:01:18.7232330Z    LEFT #5861 flow-on.py and drift-scan.py dedupe still passes `--search`; the index-lag half of #5804 remains
clear the needs:area park	Classify the needs:area backlog	2026-09-09T22:01:18.7233075Z    LEFT #5862 Issue-dedupe title matching is a substring test, so one key can collide with another that has it as a prefix
clear the needs:area park	Classify the needs:area backlog	2026-09-09T22:01:18.7233815Z    LEFT #5863 One-off: label the currently-open auto-filed lane issues so #5804's label-scoped dedupe sees them
clear the needs:area park	Classify the needs:area backlog	2026-09-09T22:01:18.7234946Z    LEFT #5866 actionlint waivers can rot silently — no guard proves .github/actionlint.yaml entries are still load-bearing
clear the needs:area park	Classify the needs:area backlog	2026-09-09T22:01:18.7235747Z    LEFT #5867 check-workflow-run-swallow.py: a `set +e` inside a heredoc body leaks into the errexit state (false-positive D2)
clear the needs:area park	Classify the needs:area backlog	2026-09-09T22:01:18.7236449Z    LEFT #5876 Rebase the unmerged wasm-pack branches onto the consolidated LANES posture test
clear the needs:area park	Classify the needs:area backlog	2026-09-09T22:01:18.7237113Z    LEFT #5878 Finish #5851 after #5776 lands: route the 16 wasm-pack lanes through the composite and fold the posture test
clear the needs:area park	Classify the needs:area backlog	2026-09-09T22:01:18.7237800Z    LEFT #5887 preflight guard-untested: the three CI filers' new ensure_label() is pinned by no test
clear the needs:area park	Classify the needs:area backlog	2026-09-09T22:01:18.7238426Z    LEFT #5889 Promote the head-of-queue stall signal from a watchdog log row to a filed alarm issue
clear the needs:area park	Classify the needs:area backlog	2026-09-09T22:01:18.7239082Z    LEFT #5897 preflight guard-untested: 5 pre-existing findings on scripts/check-workflow-step-guards.py
clear the needs:area park	Classify the needs:area backlog	2026-09-09T22:01:18.7239672Z    LEFT #5902 check-package-test-execution: report STALE allowlist keys
clear the needs:area park	Classify the needs:area backlog	2026-09-09T22:01:18.7240325Z    LEFT #5906 preflight `guard-untested` false-positives on a module whose tests live in its own `--self-test`
clear the needs:area park	Classify the needs:area backlog	2026-09-09T22:01:18.7241749Z    LEFT #5912 Pin the issue-title format shared by the demoted-lane filer and coverage-gate.py's alarm probe
clear the needs:area park	Classify the needs:area backlog	2026-09-09T22:01:18.7242805Z    LEFT #6029 test_ring_credential_loud.py: a missing `jq` reports as a false security-control regression
clear the needs:area park	Classify the needs:area backlog	2026-09-09T22:01:18.7243531Z    LEFT #6036 privacy-claims + no-perf-numbers gates do not scan research/ (design records are ungated)
clear the needs:area park	Classify the needs:area backlog	2026-09-09T22:01:18.7244837Z    LEFT #6044 SparqlTerm cannot model an RDF 1.2 triple term — site/src/lib/repl-dataset.ts has the same latent crash
clear the needs:area park	Classify the needs:area backlog	2026-09-09T22:01:18.7246048Z    LEFT #6045 packages/sparq-client/src/graph-lens.ts embeds raw NUL bytes, making it a binary file to text tooling
clear the needs:area park	Classify the needs:area backlog	2026-09-09T22:01:18.7247284Z    LEFT #6046 test_ring_credential_loud.py: collapse the two harness tool-preconditions into one
clear the needs:area park	Classify the needs:area backlog	2026-09-09T22:01:18.7248810Z    LEFT #6050 PR #5694 branch is 13 commits behind origin/main — CI runs the merge commit, so rebase before re-reading the red
clear the needs:area park	Classify the needs:area backlog	2026-09-09T22:01:18.7250084Z    LEFT #6089 gui/app has no DOM/component test harness, so rendering-level claims are untestable
clear the needs:area park	Classify the needs:area backlog	2026-09-09T22:01:18.7250816Z    LEFT #6092 gui/app has no React component-test lane, so hook/publication-window bugs can only be covered indirectly
clear the needs:area park	Classify the needs:area backlog	2026-09-09T22:01:18.7251469Z    LEFT #6093 wasm-deps-guard.sh exits 1 with NO diagnostic when `cargo tree` fails
clear the needs:area park	Classify the needs:area backlog	2026-09-09T22:01:18.7252382Z    LEFT #6103 scripts/feature-matrix-tiers.py parses Cargo.toml two different ways
clear the needs:area park	Classify the needs:area backlog	2026-09-09T22:01:18.7252930Z    LEFT #6115 grep-based repo gates silently skip any source file containing a NUL byte
clear the needs:area park	Classify the needs:area backlog	2026-09-09T22:01:18.7253619Z    LEFT #6119 merge-group-watchdog: the remaining `(x or {}).get(...)` field reads raise AttributeError, not GhError, on a truthy non-
clear the needs:area park	Classify the needs:area backlog	2026-09-09T22:01:18.7254525Z    LEFT #6122 research/coverage-bench-gap-audit.md claims 'no crate is silently untracked' — #5140 disproved it
clear the needs:area park	Classify the needs:area backlog	2026-09-09T22:01:18.7255195Z    LEFT #6124 check-fv-manifest.py reports a missing PyYAML as a manifest-drift finding
clear the needs:area park	Classify the needs:area backlog	2026-09-09T22:01:18.7255729Z    LEFT #6145 formal-alarm: kani.yml has produced no successful verdict for >48h
clear the needs:area park	Classify the needs:area backlog	2026-09-09T22:01:18.7256366Z    LEFT #6156 wasm-pack: extend the prebuilt-binary install path beyond x64 Linux in .github/actions/install-wasm-pack
clear the needs:area park	Classify the needs:area backlog	2026-09-09T22:01:18.7257141Z    LEFT #6164 Issue #5462's premise is stale: it names a verdict-bridge.py head-ref copy and a #4677 pin that are not on main
clear the needs:area park	Classify the needs:area backlog	2026-09-09T22:01:18.7258059Z    LEFT #6179 check-install-action-tool.py claims its job "installs no Python deps" — quick-gates pip-installs .github/requirements/do
clear the needs:area park	Classify the needs:area backlog	2026-09-09T22:01:18.7258724Z    LEFT #6184 Consider an advisory actionlint lane for .github/workflows
clear the needs:area park	Classify the needs:area backlog	2026-09-09T22:01:18.7259431Z    LEFT #6202 Honesty drift: research/lws-design-records.md §8 still states lws-spec and lws-ucs have no known location
clear the needs:area park	Classify the needs:area backlog	2026-09-09T22:01:18.7260816Z    LEFT #6213 G3/G6 parse_status_lines no longer mirror G1 after the #5841 D-skip — stale "mirrors gate-new-crate.py exactly" claim
clear the needs:area park	Classify the needs:area backlog	2026-09-09T22:01:18.7261937Z    LEFT #6218 Worker image cannot materialize the pinned Rust toolchain (rust-toolchain.toml = 1.97.1); local gates silently run on 1.
clear the needs:area park	Classify the needs:area backlog	2026-09-09T22:01:18.7262715Z    LEFT #6219 Worker image lacks cmake / npm / PyYAML, so three HARD gates cannot be reproduced locally
clear the needs:area park	Classify the needs:area backlog	2026-09-09T22:01:18.7263359Z    LEFT #6227 test_ring_credential_loud.py reports a false product defect when `jq` is missing from PATH
clear the needs:area park	Classify the needs:area backlog	2026-09-09T22:01:18.7264051Z    LEFT #6229 gate: G1 still does not require a new packages/<x> to ship a README or any test files (#5742 never landed)
clear the needs:area park	Classify the needs:area backlog	2026-09-09T22:01:18.7264810Z    LEFT #6241 ci_selection_alarm.py replay no longer reproduces the real selection for comment-only .github YAML edits (#5237)
clear the needs:area park	Classify the needs:area backlog	2026-09-09T22:01:18.7265519Z    LEFT #6243 solid/mcp: no cooperative limit bounds CLEAR/DROP or LOAD on the budgeted update path
clear the needs:area park	Classify the needs:area backlog	2026-09-09T22:01:18.7266352Z    LEFT #6245 ci-select: `_RELEASE_ONLY` (#2536) is now redundant with the #6078 workflow inversion — reconcile before/after it lands
clear the needs:area park	Classify the needs:area backlog	2026-09-09T22:01:18.7267150Z    LEFT #6246 sq-7d3dj.34.2.3: the seed-lex emission-order contract is undocumented on the BUFFERED query_json* entry points
clear the needs:area park	Classify the needs:area backlog	2026-09-09T22:01:18.7267968Z    LEFT #6250 Five workflows still `cargo install wasm-pack --locked` unversioned, so the "one wasm-pack version repo-wide" property o
clear the needs:area park	Classify the needs:area backlog	2026-09-09T22:01:18.7269142Z    LEFT #6294 batch-merge.py classifies a site-only worker PR as `engine` — it calls classify_change() without the ownership map
clear the needs:area park	Classify the needs:area backlog	2026-09-09T22:01:18.7270596Z    LEFT #6295 check-workflow-run-filters.py: a fully flow-style top-level `on: {workflow_run: {...}}` is not inspected
clear the needs:area park	Classify the needs:area backlog	2026-09-09T22:01:18.7272346Z    LEFT #6297 flow-on: the reactive new-package rules should load gate-new-crate.py::package_is_private instead of re-deriving `privat
clear the needs:area park	Classify the needs:area backlog	2026-09-09T22:01:18.7273748Z    LEFT #6300 Guard against import-time capture of a monkeypatchable subprocess seam (`def f(..., gh=_gh)`)
clear the needs:area park	Classify the needs:area backlog	2026-09-09T22:01:18.7275058Z    LEFT #6306 ci-file-metamorph-failure.py: fence-escape the inline repro block (third copy of the sq-c9q4r hole)
clear the needs:area park	Classify the needs:area backlog	2026-09-09T22:01:18.7276411Z    LEFT #6324 Worker containers cannot run the Rust half of the merge gate (pinned 1.97.1 unavailable, RUSTUP_HOME read-only)
clear the needs:area park	Classify the needs:area backlog	2026-09-09T22:01:18.7277861Z    LEFT #6326 Auto-filer dedupe matches the triage key as a SUBSTRING, so a key that prefixes a sibling's key dedupes onto the wrong i
clear the needs:area park	Classify the needs:area backlog	2026-09-09T22:01:18.7279277Z    LEFT #6331 CI-fix worker image cannot honour rust-toolchain.toml, so a local "crate-scoped gate passed" is not equivalent to CI
clear the needs:area park	Classify the needs:area backlog	2026-09-09T22:01:18.7280657Z    LEFT #6334 gh --limit sweep (#4985) remainder: push-frontier.sh caps the open-PR in-flight subtraction at 300
clear the needs:area park	Classify the needs:area backlog	2026-09-09T22:01:18.7282050Z    LEFT #6335 gh --limit sweep (#4985) remainder: triage-area.py live_area_labels() caps the label list at 500
clear the needs:area park	Classify the needs:area backlog	2026-09-09T22:01:18.7283239Z    LEFT #6336 Stale CodeQL guidance in two worker briefs contradicts .github/codeql/codeql-config.yml
clear the needs:area park	Classify the needs:area backlog	2026-09-09T22:01:18.7284666Z    LEFT #6359 Stale-origin guard (github.com/jeswr/sparq) only covers site/src — widen it to docs/ + crates/ + skills/
clear the needs:area park	Classify the needs:area backlog	2026-09-09T22:01:18.7286133Z    LEFT #6368 Nothing consumes PodStore::authorize_source yet — no planner is wired to the B7 decision
clear the needs:area park	Classify the needs:area backlog	2026-09-09T22:01:18.7287336Z    LEFT #6375 drift-scan: decide whether `<!-- flow-on-exempt: reason -->` should mute bench-missing drift
clear the needs:area park	Classify the needs:area backlog	2026-09-09T22:01:18.7288301Z    LEFT #6377 G1: reconcile evaluate_packages() with the unmerged #5742 branch (its package_has_ci_leg is a mention-check, not an exec
clear the needs:area park	Classify the needs:area backlog	2026-09-09T22:01:18.7289220Z    LEFT #6386 Seed line-% coverage floors for the 26 crates in coverage-gate.py AWAITING_SEED
clear the needs:area park	Classify the needs:area backlog	2026-09-09T22:01:18.7290033Z    LEFT #6404 test_ci_execution_latency_alarm.py leaks ci_summary_gate global state, red-ing 9 test_ci_summary_gate.py tests in a shar
clear the needs:area park	Classify the needs:area backlog	2026-09-09T22:01:18.7291042Z    LEFT #6466 [bug]: log information is written to stdout when n3 reasoning
clear the needs:area park	Classify the needs:area backlog	2026-09-09T22:01:18.7292268Z    LEFT #6467 [feature]: Notation 3 compliance tests
clear the needs:area park	Classify the needs:area backlog	2026-09-09T22:01:18.7292983Z    DEFERRED #4128 site-papers site/papers/sparql-logic-bugs.typ: the oracle inventory and precondition list predate the sq-gum8.12 extensions
clear the needs:area park	Classify the needs:area backlog	2026-09-09T22:01:18.7294240Z    DEFERRED #4129 sparq-mpc MPC §2.5: implement a genuinely distributed public coin (commit-then-challenge) for the batched MAC-check
clear the needs:area park	Classify the needs:area backlog	2026-09-09T22:01:18.7295521Z    DEFERRED #4130 sparq-mpc MPC §2.5: Fiat–Shamir MAC-check challenge is grindable — bound is computational (~2^61), not information-theoretic
clear the needs:area park	Classify the needs:area backlog	2026-09-09T22:01:18.7296591Z    DEFERRED #4131 sparq-mpc Pre-existing rustdoc broken intra-doc links in sparq-mpc under --document-private-items
clear the needs:area park	Classify the needs:area backlog	2026-09-09T22:01:18.7297602Z    DEFERRED #4134 sparq-reason-el sparq-reason-el: the new `incremental` feature is outside the coverage-ratchet measurement set
clear the needs:area park	Classify the needs:area backlog	2026-09-09T22:01:18.7298691Z    DEFERRED #4136 sparq-zk-compose Honesty drift: zk-query-proofs SKILL still calls EntailmentRegime::Rdfs/Owl "stable schema placeholders"
clear the needs:area park	Classify the needs:area backlog	2026-09-09T22:01:18.7299564Z    DEFERRED #4138 sparq-policy [feature]: have syntax highlighting in ODRL tab of GUI
clear the needs:area park	Classify the needs:area backlog	2026-09-09T22:01:18.7300315Z    DEFERRED #4141 ci site-visual: full-surface visual drift is invisible per-PR, so the nightly re-reds every few weeks
clear the needs:area park	Classify the needs:area backlog	2026-09-09T22:01:18.7301234Z    DEFERRED #4142 ci test: workflow-wiring guards survive the if: seam, and one asserts the pre-#3773 advisory rule
clear the needs:area park	Classify the needs:area backlog	2026-09-09T22:01:18.7302431Z    DEFERRED #4144 sparq-reason sparq-reason: randomized differential arm for the incremental reify bridge (both ReifyModes)
clear the needs:area park	Classify the needs:area backlog	2026-09-09T22:01:18.7303465Z    DEFERRED #4148 sparq-zk-compose sq-rsd3v.6 follow-up: compile a sameas_k{K}_n{N}_u{U} bin package and measure the cost cliff with `bb gates`
clear the needs:area park	Classify the needs:area backlog	2026-09-09T22:01:18.7304488Z    DEFERRED #4150 sparq-zk-compose sq-rsd3v.2 v2 phase unlanded: the OWL-RL-minus-sameAs rule subset is still absent from `EntailmentRule`
clear the needs:area park	Classify the needs:area backlog	2026-09-09T22:01:18.7305718Z    DEFERRED #4153 sparq-mpc MPC: auth_mul ADOPTS a value tamper on its SECOND operand — the §2.5 "closes all four holes" claim is stronger than the 
clear the needs:area park	Classify the needs:area backlog	2026-09-09T22:01:18.7306802Z    DEFERRED #4155 sparq-reason-el sparq-reason-el: CR4/CR5 membership arm scans EVERY role per derived membership (O(#roles x #memberships))
clear the needs:area park	Classify the needs:area backlog	2026-09-09T22:01:18.7307967Z    DEFERRED #4156 docs docs: research/owl2-el-ql-reasoning-spike.md §5 EL-track E4 should cross-link the E4 measurement/design record
clear the needs:area park	Classify the needs:area backlog	2026-09-09T22:01:18.7308967Z    DEFERRED #4158 sparq-engine engine: theta anti-join SIP-seed strategy breaks only the inner member loop on budget exhaustion
clear the needs:area park	Classify the needs:area backlog	2026-09-09T22:01:18.7310066Z    DEFERRED #4160 sparq-engine LOAD does not freshen blank nodes from the loaded document (SPARQL 1.1 Update §3.1.5 / RDF merge)
clear the needs:area park	Classify the needs:area backlog	2026-09-09T22:01:18.7310983Z    DEFERRED #4162 sparq-bench UPDATE differential: LOAD documents cannot yet carry RDF 1.2 triple terms
clear the needs:area park	Classify the needs:area backlog	2026-09-09T22:01:18.7311999Z    DEFERRED #4165 bench [feature]: ensure memory usage, disk usage and other resource usage is captured in benchmarking
clear the needs:area park	Classify the needs:area backlog	2026-09-09T22:01:18.7313048Z    DEFERRED #4167 sparq-zk-compose zk-compose: two independent in-circuit RDFS entailment relations now coexist (entail.nr vs derivation.nr)
clear the needs:area park	Classify the needs:area backlog	2026-09-09T22:01:18.7313846Z    DEFERRED #4168 bench site: /benchmarks/zk drops the BOUNDED_DEPTH_EXISTENCE_ONLY catalog flag
clear the needs:area park	Classify the needs:area backlog	2026-09-09T22:01:18.7314527Z    DEFERRED #4172 sparq-reason-dl [feature]: tableux reasoning
clear the needs:area park	Classify the needs:area backlog	2026-09-09T22:01:18.7315073Z    DEFERRED #4173 docs docs(inference): stale "complete subsumption lattice" comment in the EL Rust example
clear the needs:area park	Classify the needs:area backlog	2026-09-09T22:01:18.7315960Z    DEFERRED #4174 bench benchmarks-index visual baseline: the /benchmarks sidebar metric counts are still unmasked
clear the needs:area park	Classify the needs:area backlog	2026-09-09T22:01:18.7316931Z    DEFERRED #4176 ci scripts/feature-matrix-tiers.py header claims "Stdlib only" but the fragment loader hard-requires PyYAML
clear the needs:area park	Classify the needs:area backlog	2026-09-09T22:01:18.7317937Z    DEFERRED #4178 sparq-engine theta anti-join: un-ignore `parallel_hash_path_crosses_threshold` (it costs ~1.5s, not a budget risk)
clear the needs:area park	Classify the needs:area backlog	2026-09-09T22:01:18.7319196Z    DEFERRED #4188 ci needs:user is still being minted on ordinary engineering — the front door will refill
clear the needs:area park	Classify the needs:area backlog	2026-09-09T22:01:18.7320271Z    DEFERRED #4196 sparq-wac-oracle feature-matrix: sparq-wac-oracle's opt-in `odrl-bridge` feature has no CI executor (sq-vya1 GUARD gap)
clear the needs:area park	Classify the needs:area backlog	2026-09-09T22:01:18.7321649Z    DEFERRED #4205 site-specs research/paper-selection.md §3.1 claims an OPTIONAL/MINUS/EXISTS delta that site/specs/zksparql.typ §7.1 contradicts
clear the needs:area park	Classify the needs:area backlog	2026-09-09T22:01:18.7322559Z    DEFERRED #4206 site-specs Wire bench/zk-compose/scripts/constraint_pack.py --check into the ZK CI lane
clear the needs:area park	Classify the needs:area backlog	2026-09-09T22:01:18.7323613Z    DEFERRED #4208 sparq-vectors sparq-vectors: `.spqv` external-key mode (concept-hash-keyed federated embedding table) — Ask 1 of #1746
clear the needs:area park	Classify the needs:area backlog	2026-09-09T22:01:18.7324782Z    DEFERRED #4209 sparq-canon scripts/coverage.sh: the sparq-canon comment claims it has "no `[features]` table" — it has four
clear the needs:area park	Classify the needs:area backlog	2026-09-09T22:01:18.7325781Z    DEFERRED #4210 sparq-canon Wire the `urn:concept:` guard into an actual ingestion path (phase 4 of the verifier design record)
clear the needs:area park	Classify the needs:area backlog	2026-09-09T22:01:18.7326835Z    DEFERRED #4213 sparq-core sparq-core: 3 broken rustdoc intra-doc links in compress.rs (surface only under --document-private-items)
clear the needs:area park	Classify the needs:area backlog	2026-09-09T22:01:18.7327863Z    DEFERRED #4215 e2ee sparq-e2ee-ng: commit signature does not bind operation-object CONTENT (E2EE-NG v0 gap for sq-qhy4)
clear the needs:area park	Classify the needs:area backlog	2026-09-09T22:01:18.7328856Z    DEFERRED #4216 e2ee sparq-e2ee-ng: OR-set tombstones and snapshot covered-closure grow without bound (needs a causal-stability rule)
clear the needs:area park	Classify the needs:area backlog	2026-09-09T22:01:18.7329632Z    DEFERRED #4217 sparq-shacl SHACL-validate the vendored ZKP-SPARQL ontology and sparq extensions
clear the needs:area park	Classify the needs:area backlog	2026-09-09T22:01:18.7330514Z    DEFERRED #4219 sparq-policy odrl-bridge: N3 materialisation path has no rule-level provenance (sq-luc02 residual)
clear the needs:area park	Classify the needs:area backlog	2026-09-09T22:01:18.7331679Z    DEFERRED #4221 sparq-solid sparq-solid: `auth:bridgedFromRule` / `auth:bridgedFromPolicy` are not in a published auth vocabulary document
clear the needs:area park	Classify the needs:area backlog	2026-09-09T22:01:18.7332647Z    DEFERRED #4223 e2ee sparq-e2ee-ng-broker: the per-topic announcement log grows without bound
clear the needs:area park	Classify the needs:area backlog	2026-09-09T22:01:18.7333334Z    DEFERRED #4224 e2ee sparq-e2ee-ng-brokerd: allow pre-provisioning topic admin trust anchors from config
clear the needs:area park	Classify the needs:area backlog	2026-09-09T22:01:18.7334383Z    DEFERRED #4225 ci check-feature-test-execution.py cannot see #[cfg(feature)]-gated unit tests in src/ — silent sq-vya1 gap
clear the needs:area park	Classify the needs:area backlog	2026-09-09T22:01:18.7335435Z    DEFERRED #4228 site-specs E2EE Profile BR: analyze CRDT ReplicaId as a persistent pseudonym visible to future joiners (no-PFS consequence)
clear the needs:area park	Classify the needs:area backlog	2026-09-09T22:01:18.7336608Z    DEFERRED #4229 sparq-conformance research survey §C3 is stale: JSON-LD expand/flatten are gated, but the doc still says they are not
clear the needs:area park	Classify the needs:area backlog	2026-09-09T22:01:18.7337663Z    DEFERRED #4232 sparq-reason-wasm eyereasoner-compat: inlined IIFE bundle with no <script src> fails with an opaque "Invalid URL"
clear the needs:area park	Classify the needs:area backlog	2026-09-09T22:01:18.7338662Z    DEFERRED #4233 sparq-reason-wasm eyereasoner-compat: no real-browser smoke test for the classic <script> IIFE bundle
clear the needs:area park	Classify the needs:area backlog	2026-09-09T22:01:18.7339716Z    DEFERRED #4236 sparq-reason-diff reason-diff capture.py: mirror the W3C-vocab-subject corpus lint (it already fail-loud-checks bnodes, but not this)
clear the needs:area park	Classify the needs:area backlog	2026-09-09T22:01:18.7340593Z    DEFERRED #4237 ci docs-quality: bench/geo/gsb.sh self-test runs without a companion shellcheck step
clear the needs:area park	Classify the needs:area backlog	2026-09-09T22:01:18.7341689Z    DEFERRED #4239 sparq-engine sparq-engine: streaming scan appends the closing `]}}` after a budget abort (defence-in-depth for sq-7d3dj.26)
clear the needs:area park	Classify the needs:area backlog	2026-09-09T22:01:18.7342722Z    DEFERRED #4243 sparq-kb Pre-existing rustdoc broken-intra-doc-links in sparq-kb when the `close` feature is OFF
clear the needs:area park	Classify the needs:area backlog	2026-09-09T22:01:18.7343689Z    DEFERRED #4248 sparq-core Per-permutation SPQCPRM1/SPQCPRM2 format selection (the only path that re-opens the V2 flip)
clear the needs:area park	Classify the needs:area backlog	2026-09-09T22:01:18.7344591Z    DEFERRED #4249 sparq-core `v2_measure_bytes_per_triple` measures only the shape SPQCPRM2 was designed to win on
clear the needs:area park	Classify the needs:area backlog	2026-09-09T22:01:18.7345443Z    DEFERRED #4251 site-specs build-specs.mjs honesty scan is fail-open for untracked spec sources (privacy-claims gate is git-ls-files scoped)
clear the needs:area park	Classify the needs:area backlog	2026-09-09T22:01:18.7347179Z    DEFERRED #4254 sparq-zk-compose zk gate-count baseline for filter_value_dl_datetime was derived from ACIR identity, not run through `bb gates` — confirm
clear the needs:area park	Classify the needs:area backlog	2026-09-09T22:01:18.7348290Z    DEFERRED #4256 sparq-fedplan-mpc sparq-fedplan-mpc: Phase-4 leakage envelope does not account for quotient-summary publication
clear the needs:area park	Classify the needs:area backlog	2026-09-09T22:01:18.7349169Z    DEFERRED #4257 sparq-fedplan-mpc sparq-fedplan-mpc: wire Phase-6 `live_combinations` into an actual join-planner / routing feed
clear the needs:area park	Classify the needs:area backlog	2026-09-09T22:01:18.7350288Z    DEFERRED #4258 sparq-fedplan-mpc sparq-fedplan-mpc: a second quotient function would need an explicit kind tag + disagreement guard on `SourceQuotientSum
clear the needs:area park	Classify the needs:area backlog	2026-09-09T22:01:18.7351402Z    DEFERRED #4260 e2ee sparq-e2ee-ng: `Commit::decode` accepts a non-canonical parent list, so one commit can have two CommitIds
clear the needs:area park	Classify the needs:area backlog	2026-09-09T22:01:18.7352551Z    DEFERRED #4261 e2ee sparq-e2ee-ng: a commit-carried snapshot is bound-checked but never verified against the commit's causal closure
clear the needs:area park	Classify the needs:area backlog	2026-09-09T22:01:18.7353651Z    DEFERRED #4264 sparq-conformance json_ld_equal treats @json literal payload arrays as unordered sets (sparq-conformance + tests/flatten.rs)
clear the needs:area park	Classify the needs:area backlog	2026-09-09T22:01:18.7354680Z    DEFERRED #4266 site-papers papers/filtered-ann: paper is full-paper length but the registry targets EDBT short/demo
clear the needs:area park	Classify the needs:area backlog	2026-09-09T22:01:18.7355561Z    DEFERRED #4267 site-papers papers/filtered-ann: tab-recall fixture setup facts are typed inline instead of injected from the evidence ledger
clear the needs:area park	Classify the needs:area backlog	2026-09-09T22:01:18.7356600Z    DEFERRED #4270 sparq-policy sparq-solid `odrl-bridge` tests appear to never run in CI — the ODRL-as-N3 fail-open differential is unguarded
clear the needs:area park	Classify the needs:area backlog	2026-09-09T22:01:18.7357817Z    DEFERRED #4272 sparq-parse sparq-parse README claims browsers decode the multi-member gzip stream — the D4 measurement found the opposite
clear the needs:area park	Classify the needs:area backlog	2026-09-09T22:01:18.7358713Z    DEFERRED #4275 zk-xpath sparq-engine: SUBSTR shifts the fn:substring window when start < 1 (spec says it consumes the length budget)
clear the needs:area park	Classify the needs:area backlog	2026-09-09T22:01:18.7359674Z    DEFERRED #4276 zk-xpath sparq-engine: ROUND() loses the sign of a negative-zero result (fn:round(-0.5) must be -0.0E0)
clear the needs:area park	Classify the needs:area backlog	2026-09-09T22:01:18.7360449Z    DEFERRED #4277 bench Benchmark SPQCPRM2 decode overhead (dispatch + per-block frame origin), not just encoded size
clear the needs:area park	Classify the needs:area backlog	2026-09-09T22:01:18.7361444Z    DEFERRED #4278 e2ee e2ee-ng design record still says "no implementation" (research/e2ee-nextgraph-variant-gpt56-2026-07.md)
clear the needs:area park	Classify the needs:area backlog	2026-09-09T22:01:18.7362493Z    DEFERRED #4279 e2ee Threat-model handoff: commit re-seal equivocation + quarantine capacity are new inputs for the pending e2ee-ng privacy r
clear the needs:area park	Classify the needs:area backlog	2026-09-09T22:01:18.7363341Z    DEFERRED #4280 sparq-fedplan-mpc sparq-fedplan-mpc README exceeds the 120-line readme-template cap (150 lines)
clear the needs:area park	Classify the needs:area backlog	2026-09-09T22:01:18.7364056Z    DEFERRED #4281 site-specs Spec factory: hyphen-at-end-of-line renders a spurious space in Typst output
clear the needs:area park	Classify the needs:area backlog	2026-09-09T22:01:18.7364833Z    DEFERRED #4285 sparq-geo sparq-geo: proj4rs Krovak projection is not enabled, so every registry Krovak CRS fails with a Parse error
clear the needs:area park	Classify the needs:area backlog	2026-09-09T22:01:18.7365667Z    DEFERRED #4286 sparq-vectors filtered-ANN: add end-to-end tests that force BOTH physical plans per constraint shape
clear the needs:area park	Classify the needs:area backlog	2026-09-09T22:01:18.7366470Z    DEFERRED #4287 site-papers paper-evidence.json: `filtered_ann.prefilter_equals_postfilter` note still says "byte-identical"
clear the needs:area park	Classify the needs:area backlog	2026-09-09T22:01:18.7367315Z    DEFERRED #4288 sparq-core sparq-core: `sharded_remap` is unused (and needlessly `mut`) in the `mmap`-without-`parallel` feature state
clear the needs:area park	Classify the needs:area backlog	2026-09-09T22:01:18.7368202Z    DEFERRED #4289 sparq-parse sparq-parse: add a genuinely implementation-independent gzip interop check for the zlib-rs/zlib-ng backends
clear the needs:area park	Classify the needs:area backlog	2026-09-09T22:01:18.7369018Z    DEFERRED #4291 sparq-shacl sparq-shacl: `check_pre_binding` does not descend into `GraphPattern::Lateral`
clear the needs:area park	Classify the needs:area backlog	2026-09-09T22:01:18.7369776Z    DEFERRED #4293 sparq-shacl sparq-shacl: consider genuinely supporting `$shapesGraph` via a dataset-backed evaluation seam
clear the needs:area park	Classify the needs:area backlog	2026-09-09T22:01:18.7370652Z    DEFERRED #4295 sparq-algos sparq-algos: expose a public BFS (Graphalytics BFS feature gap)
clear the needs:area park	Classify the needs:area backlog	2026-09-09T22:01:18.7371420Z    DEFERRED #4296 sparq-algos sparq-algos: implement local clustering coefficient (Graphalytics LCC feature gap)
clear the needs:area park	Classify the needs:area backlog	2026-09-09T22:01:18.7372267Z    DEFERRED #4297 sparq-algos sparq-algos: weighted-graph projection + SSSP (Graphalytics SSSP feature gap)
clear the needs:area park	Classify the needs:area backlog	2026-09-09T22:01:18.7373078Z    DEFERRED #4298 sparq-algos sparq-algos: decide whether label_propagation should offer a synchronous (Graphalytics CDLP-conformant) mode
clear the needs:area park	Classify the needs:area backlog	2026-09-09T22:01:18.7373893Z    DEFERRED #4299 zk-xpath xpath differential: --inject-fault only proves ONE section is wired to the circuit
clear the needs:area park	Classify the needs:area backlog	2026-09-09T22:01:18.7374645Z    DEFERRED #4301 sparq-engine sq-7d3dj.11 follow-up: run the W3C SPARQL conformance suite with `sparq-engine/expr-program` ON
clear the needs:area park	Classify the needs:area backlog	2026-09-09T22:01:18.7375598Z    DEFERRED #4304 ci CI: `test (load-aware shard heavy-hnsw)` red on a PR that cannot affect sparq-vectors — investigate runner-level cause (
clear the needs:area park	Classify the needs:area backlog	2026-09-09T22:01:18.7376461Z    DEFERRED #4305 sparq-crdt perf(sparq-crdt): index dot → quad instead of scanning the store on every apply
clear the needs:area park	Classify the needs:area backlog	2026-09-09T22:01:18.7377215Z    DEFERRED #4306 sparq-fedplan-mpc crates/sparq-fedplan-mpc/README.md is 33 lines over the 120-line readme-template cap
clear the needs:area park	Classify the needs:area backlog	2026-09-09T22:01:18.7378125Z    DEFERRED #4307 sparq-zk-compose bench/zk-compose: sparql_feature_catalog.json + bb_gates_matrix.json have no reproducibility gate (constraint_counts doe
clear the needs:area park	Classify the needs:area backlog	2026-09-09T22:01:18.7379118Z    DEFERRED #4309 sparq-shacl SHACL §6: decide + implement what "recursive/derived parameters" means (second half of sq-ou3)
clear the needs:area park	Classify the needs:area backlog	2026-09-09T22:01:18.7379899Z    DEFERRED #4311 knowledge-graph query-pkg SKILL.md: add the `batch-quality` canned query to the GROUND template table
clear the needs:area park	Classify the needs:area backlog	2026-09-09T22:01:18.7380616Z    DEFERRED #4315 sparq-server Graph Store Protocol read path still buffers the whole rendered document
clear the needs:area park	Classify the needs:area backlog	2026-09-09T22:01:18.7381269Z    DEFERRED #4319 e2ee Coverage: sparq-e2ee-ng has no per-crate floor in bench/coverage-floor.json
clear the needs:area park	Classify the needs:area backlog	2026-09-09T22:01:18.7382200Z    DEFERRED #4320 site-specs E2EE Profile SE: the remainder of the profile (predicate key distribution, encrypt-on-write authoring, client-side answe
clear the needs:area park	Classify the needs:area backlog	2026-09-09T22:01:18.7383171Z    DEFERRED #4321 site-specs E2EE-SPARQL draft: replace the placeholder urn:jeswr:w3id:e2ee-sparql IRIs with a dereferenceable namespace before publi
clear the needs:area park	Classify the needs:area backlog	2026-09-09T22:01:18.7384188Z    DEFERRED #4322 ci CI flake-triage: `test (load-aware shard heavy-hnsw)` red on PR #4235 is unattributable to the PR — read the shard log a
clear the needs:area park	Classify the needs:area backlog	2026-09-09T22:01:18.7384970Z    DEFERRED #4325 ci Worker fleet runs in a 20/40-concurrency personal account while sparq-org has Enterprise 500
clear the needs:area park	Classify the needs:area backlog	2026-09-09T22:01:18.7385734Z    DEFERRED #4327 ci dorny/paths-filter is an unretried single point of transient gate failure (GitHub diff API 'not_available')
clear the needs:area park	Classify the needs:area backlog	2026-09-09T22:01:18.7386673Z    DEFERRED #4328 ci research/ci-ec2-design.md OIDC trust policy still says jeswr/sparq — audit the live IAM role against sparq-org/sparq
clear the needs:area park	Classify the needs:area backlog	2026-09-09T22:01:18.7387664Z    DEFERRED #4329 ci audit: triage machinery — dependency edges unread, epic decomposition absent, dedup detects but never closes (maintainer
clear the needs:area park	Classify the needs:area backlog	2026-09-09T22:01:18.7388545Z    DEFERRED #4330 sparq-server Pre-CI crate-scoped gate did not catch a `-D warnings` clippy error in the PR's own crate (PR #4238)
clear the needs:area park	Classify the needs:area backlog	2026-09-09T22:01:18.7389289Z    DEFERRED #4333 workspace Land the one-time `cargo fmt --all` reformat and flip rustfmt to a hard gate
clear the needs:area park	Classify the needs:area backlog	2026-09-09T22:01:18.7390013Z    DEFERRED #4337 sparq-crdt sparq-crdt: snapshot reads still slurp the whole file (read_snapshot_file / Snapshot::decode)
clear the needs:area park	Classify the needs:area backlog	2026-09-09T22:01:18.7390797Z    DEFERRED #4339 bench fo-km: grow the FO-exercising corpus from 16 to >=30 tasks to clear the pre-registered KILL-A power floor
clear the needs:area park	Classify the needs:area backlog	2026-09-09T22:01:18.7391631Z    DEFERRED #4341 bench CI: no gate detects a stale bench/fo-km fixture, so gold-answer rot recurs silently
clear the needs:area park	Classify the needs:area backlog	2026-09-09T22:01:18.7392473Z    DEFERRED #4344 sparq-engine perf/soundness: sibling result-serialisation paths (CSV/TSV/XML, CONSTRUCT/DESCRIBE, QueryResult term materialisation) s
clear the needs:area park	Classify the needs:area backlog	2026-09-09T22:01:18.7393789Z    DEFERRED #4345 sparq-geo sparq-geo epsg_full: registry half of the axis-order policy is now satisfied for 1241 northing-first codes — worked exam
clear the needs:area park	Classify the needs:area backlog	2026-09-09T22:01:18.7394642Z    DEFERRED #4346 sparq-geo sparq-geo epsg_full: 185 registry entries the axis gate accepts have no record in EPSG v11.022
clear the needs:area park	Classify the needs:area backlog	2026-09-09T22:01:18.7395422Z    DEFERRED #4348 release release cadence: decide whether pre-release tags (v0.1.0-dev) should count toward the 24h interval
clear the needs:area park	Classify the needs:area backlog	2026-09-09T22:01:18.7396135Z    DEFERRED #4351 sparq-engine perf(engine): bind_join can now declare sorted_by on the join variable
clear the needs:area park	Classify the needs:area backlog	2026-09-09T22:01:18.7396835Z    DEFERRED #4352 sparq-bench bench: targeted high-NDV bind-join criterion microbench (sq-7d3dj.7 measurement plan)
clear the needs:area park	Classify the needs:area backlog	2026-09-09T22:01:18.7397525Z    DEFERRED #4353 sparq-engine perf(engine): batched bound scans across a run of bind_join join values
clear the needs:area park	Classify the needs:area backlog	2026-09-09T22:01:18.7398315Z    DEFERRED #4356 site-papers Paper factory F5 (sq-gum8.17): first consuming paper for the canonical-timing class + correct the /papers index copy
clear the needs:area park	Classify the needs:area backlog	2026-09-09T22:01:18.7399281Z    DEFERRED #4357 site-papers Paper factory: no table-friendly accessor for measured timings (headline_timing's inline provenance tag is noisy in a re
clear the needs:area park	Classify the needs:area backlog	2026-09-09T22:01:18.7400225Z    DEFERRED #4358 site-papers Paper factory: extend the canonical-timing derivation to the HTTP, materialization and HDT envelope families
clear the needs:area park	Classify the needs:area backlog	2026-09-09T22:01:18.7401081Z    DEFERRED #4362 sparq-reason-el sparq-reason-el: NPA data clash should also match the sq-vkq9u rescued point existentials
clear the needs:area park	Classify the needs:area backlog	2026-09-09T22:01:18.7402020Z    DEFERRED #4363 sparq-reason-el sparq-reason-el: owl:hasKey DATA keys could match on numeric VALUE via the sq-vkq9u point concepts
clear the needs:area park	Classify the needs:area backlog	2026-09-09T22:01:18.7402894Z    DEFERRED #4364 sparq-reason-el sparq-reason-el: Report::named_classes over-counts (it is the raw concept-index size, not named classes)
clear the needs:area park	Classify the needs:area backlog	2026-09-09T22:01:18.7403811Z    DEFERRED #4367 sparq-zk-compose sq-cuvmj follow-up: support genuine multi-credential presentations (per-credential revocation references)
clear the needs:area park	Classify the needs:area backlog	2026-09-09T22:01:18.7404739Z    DEFERRED #4370 sparq-core sq-96hp1 follow-up: run the Elias-Fano A/B on the canonical host, native AND wasm32, and record the adoption verdict
clear the needs:area park	Classify the needs:area backlog	2026-09-09T22:01:18.7405682Z    DEFERRED #4372 sparq-core sq-96hp1 follow-up: give PartitionedEliasFano a contiguous bit-stream layout instead of one EliasFano struct per partiti
clear the needs:area park	Classify the needs:area backlog	2026-09-09T22:01:18.7406517Z    DEFERRED #4374 ci audit-issue-deps.py cannot be wired to a cron yet: the script is not on main (#4329 item 7)
clear the needs:area park	Classify the needs:area backlog	2026-09-09T22:01:18.7407321Z    DEFERRED #4376 site-specs sparq-vectors: index entries have no source-resource attribution (blocks any Solid vector-search integration)
clear the needs:area park	Classify the needs:area backlog	2026-09-09T22:01:18.7408207Z    DEFERRED #4377 sparq-vectors sparq-vectors: boundary tie-break key is term-only, not injective once entries carry a source resource
clear the needs:area park	Classify the needs:area backlog	2026-09-09T22:01:18.7409071Z    DEFERRED #4379 site-specs site: no typst binary available in the worker checkout, so spec .typ sources cannot be build-verified locally
clear the needs:area park	Classify the needs:area backlog	2026-09-09T22:01:18.7409984Z    DEFERRED #4380 sparq-acbench sparq-acbench: compile_wac collapses co-located intents onto one acl:Authorization, unioning modes and audiences
clear the needs:area park	Classify the needs:area backlog	2026-09-09T22:01:18.7410920Z    DEFERRED #4381 sparq-acbench sparq-acbench: generators should EXPORT their group closure so the ODRL live lane can supply odrl:partOf evidence
clear the needs:area park	Classify the needs:area backlog	2026-09-09T22:01:18.7411916Z    DEFERRED #4382 bench bench/ac/live: W2/W4 probe always queries Mode::Read regardless of the expected decision's requested mode
clear the needs:area park	Classify the needs:area backlog	2026-09-09T22:01:18.7412746Z    DEFERRED #4383 sparq-acbench sparq-acbench: export BENCH_EVAL_INSTANT / BENCH_GRANTED_PURPOSE (now duplicated in three places)
clear the needs:area park	Classify the needs:area backlog	2026-09-09T22:01:18.7413587Z    DEFERRED #4384 bench bench/ac/live: ACP under-share and ACP group-oracle FP advisories are still open (the ACP half of sq-kvvcl.2)
clear the needs:area park	Classify the needs:area backlog	2026-09-09T22:01:18.7414402Z    DEFERRED #4389 knowledge-graph bench/fo-km: validate_tasks.py should read pkg-query --json, not parse the pretty table
clear the needs:area park	Classify the needs:area backlog	2026-09-09T22:01:18.7415429Z    DEFERRED #4390 bench bench/fo-km: `gold_count` means two different things across tasks, and nothing checks it against `gold_keys`
clear the needs:area park	Classify the needs:area backlog	2026-09-09T22:01:18.7416150Z    DEFERRED #4393 sparq-core elias-fano: wasm32 half of the EF vs varint-block A/B is unmeasured
clear the needs:area park	Classify the needs:area backlog	2026-09-09T22:01:18.7416726Z    DEFERRED #4394 ci docs-quality: add a first-class "every workflow YAML parses" gate
clear the needs:area park	Classify the needs:area backlog	2026-09-09T22:01:18.7417340Z    DEFERRED #4395 zk-xpath zk/xpath/scripts/run_differential_harness.sh is not shellchecked by any lane
clear the needs:area park	Classify the needs:area backlog	2026-09-09T22:01:18.7418050Z    DEFERRED #4396 site-papers paper factory: constrain a canonical envelope's `suite` to a safe single path segment
clear the needs:area park	Classify the needs:area backlog	2026-09-09T22:01:18.7419046Z    DEFERRED #4397 site-papers paper factory: extend the measured-timing source gate to non-paper Typst surfaces if any appear
clear the needs:area park	Classify the needs:area backlog	2026-09-09T22:01:18.7419762Z    DEFERRED #4402 bench FO-KM: th03's dict-of-lists gold_keys entity values are still unchecked
clear the needs:area park	Classify the needs:area backlog	2026-09-09T22:01:18.7420427Z    DEFERRED #4403 site-papers paper factory: make the measured-timing publication boundary structural, not lexical
clear the needs:area park	Classify the needs:area backlog	2026-09-09T22:01:18.7421316Z    DEFERRED #4404 sparq-core sparq-core `elias-fano` opt-in feature has no feature-matrix leg — its tests never execute in CI
clear the needs:area park	Classify the needs:area backlog	2026-09-09T22:01:18.7422267Z    DEFERRED #4407 workspace sparq-verify-mechanical: mutation spot-check must delete the .proptest-regressions seed it creates
clear the needs:area park	Classify the needs:area backlog	2026-09-09T22:01:18.7423014Z    DEFERRED #4408 workspace Optional mechanical gate: flag orphaned .proptest-regressions files
clear the needs:area park	Classify the needs:area backlog	2026-09-09T22:01:18.7423698Z    DEFERRED #4413 sparq-acbench acbench: GenParams::acl_coverage is a documented knob that no generator consumes
clear the needs:area park	Classify the needs:area backlog	2026-09-09T22:01:18.7424568Z    DEFERRED #4414 sparq-acbench acbench intent IR cannot express "this container AND its contents", so container-URI requests diverge from the engine
clear the needs:area park	Classify the needs:area backlog	2026-09-09T22:01:18.7425551Z    DEFERRED #4416 sparq-acbench acbench: ACP/ODRL oracles resolve Audience::Owner against the request, WAC now resolves it against the governing documen
clear the needs:area park	Classify the needs:area backlog	2026-09-09T22:01:18.7426509Z    DEFERRED #4418 site-specs vec: namespace IRI does not dereference — VG-GOV-2 is unsatisfiable as the estate stands
clear the needs:area park	Classify the needs:area backlog	2026-09-09T22:01:18.7427326Z    DEFERRED #4419 site-specs .spqv persists un-normalised vectors — the VG-MET-2 gap, and nothing declares it
clear the needs:area park	Classify the needs:area backlog	2026-09-09T22:01:18.7428053Z    DEFERRED #4420 sparq-vectors secx: assurance classes are recognised under two namespaces with neither canonical
clear the needs:area park	Classify the needs:area backlog	2026-09-09T22:01:18.7429115Z    DEFERRED #4421 sparq-vectors No authenticity control over a .spqv container — a well-formed hostile store forges its own fingerprint
clear the needs:area park	Classify the needs:area backlog	2026-09-09T22:01:18.7429946Z    DEFERRED #4424 zk-xpath CI hole: the zk/compose/compose_core Noir test suite (178 in-tree nargo tests) runs in NO lane
clear the needs:area park	Classify the needs:area backlog	2026-09-09T22:01:18.7430667Z    DEFERRED #4427 bench bench: no serving-model-id validity gate for sub-agent-dispatched benchmark cells
clear the needs:area park	Classify the needs:area backlog	2026-09-09T22:01:18.7431436Z    DEFERRED #4429 sparq-geo sparq-geo: R25/R26/R27 OGC requirement probes are vacuous constant checks (R25 and R26 are byte-identical)
clear the needs:area park	Classify the needs:area backlog	2026-09-09T22:01:18.7432282Z    DEFERRED #4430 sparq-geo sparq-geo: R17 OGC requirement probe is a vacuous constant check
clear the needs:area park	Classify the needs:area backlog	2026-09-09T22:01:18.7433005Z    DEFERRED #4431 sparq-server sparq-server: tests/geo.rs never exercises the GeoSPARQL vocabulary (uses a plain ex:loc predicate)
clear the needs:area park	Classify the needs:area backlog	2026-09-09T22:01:18.7433853Z    DEFERRED #4432 sparq-server sparq-server: the GeoSPARQL query-rewrite extension is not reachable over the SPARQL protocol
clear the needs:area park	Classify the needs:area backlog	2026-09-09T22:01:18.7434718Z    DEFERRED #4436 ci docs-quality: markdownlint (MD040) is not reproducible in-worktree — no npx/npm on the agent box
clear the needs:area park	Classify the needs:area backlog	2026-09-09T22:01:18.7435435Z    DEFERRED #4438 sparq-engine engine: SERVICE on the LEFT of a Join is evaluated TWICE (double remote fetch)
clear the needs:area park	Classify the needs:area backlog	2026-09-09T22:01:18.7436151Z    DEFERRED #4439 sparq-engine engine: push outer bindings INTO a local SERVICE handler (bind-join for service-local)
clear the needs:area park	Classify the needs:area backlog	2026-09-09T22:01:18.7437098Z    DEFERRED #4441 sparq-core research/compressed-memory-profile.md §4: record the block-size verdict (candidate fix now measured and ruled out)
clear the needs:area park	Classify the needs:area backlog	2026-09-09T22:01:18.7438313Z    DEFERRED #4444 sparq-core sq-v8ixk canonical half: run the block-bloom measurement harness on the perf host (sq-0g6g) against a REAL Wikidata perm
clear the needs:area park	Classify the needs:area backlog	2026-09-09T22:01:18.7439231Z    DEFERRED #4446 ci block-bloom's measured win may be unreachable: no crate enables the feature, and the win is on ABSENT-key point lookups
clear the needs:area park	Classify the needs:area backlog	2026-09-09T22:01:18.7440079Z    DEFERRED #4449 sparq-acbench acbench live driver: WAC under-share advisory text is stale and the lane can now be hard-gated
clear the needs:area park	Classify the needs:area backlog	2026-09-09T22:01:18.7440955Z    DEFERRED #4450 sparq-acbench sparq-acbench: compile_wac mints a colliding auth subject, blending distinct intents into one acl:Authorization
clear the needs:area park	Classify the needs:area backlog	2026-09-09T22:01:18.7441980Z    DEFERRED #4451 sparq-acbench sparq-acbench: the acl_coverage GenParams knob is declared and validated but never read by any generator
clear the needs:area park	Classify the needs:area backlog	2026-09-09T22:01:18.7442935Z    DEFERRED #4452 sparq-acbench sparq-acbench: ACP oracle over-approximates Scope::Subtree on the container itself, and Audience::Owner compares against
clear the needs:area park	Classify the needs:area backlog	2026-09-09T22:01:18.7443821Z    DEFERRED #4453 sparq-geo OGC requirements scoreboard: R17/R25-R27 rows still rest on namespace-constant probes
clear the needs:area park	Classify the needs:area backlog	2026-09-09T22:01:18.7444590Z    DEFERRED #4455 sparq-core perf(ingest): run the CANONICAL multi-core A/B for the derived permutation build (sq-dzfzq gate)
clear the needs:area park	Classify the needs:area backlog	2026-09-09T22:01:18.7445319Z    DEFERRED #4459 docs docs: `build_raw_perms` still cites the RETIRED `feature_off_exact` wasm byte pin
clear the needs:area park	Classify the needs:area backlog	2026-09-09T22:01:18.7446114Z    DEFERRED #4461 site-papers sparq-policy docs: "implements prohibit unconditionally" contradicts the sq-ihqbl conflict_admissibility guard
clear the needs:area park	Classify the needs:area backlog	2026-09-09T22:01:18.7447091Z    DEFERRED #4463 sparq-zk-compose unsafe-register.md: file:line columns are stale in 5 of 9 crate sections (sparq-core, sparq-cli, sparq-zk-compose, sparq
clear the needs:area park	Classify the needs:area backlog	2026-09-09T22:01:18.7448030Z    DEFERRED #4464 ci unsafe-gate.py: add a --verify-register mode so register/snapshot drift is caught mechanically, not by chore beads
clear the needs:area park	Classify the needs:area backlog	2026-09-09T22:01:18.7448883Z    DEFERRED #4465 sparq-kb ci-select: sparq-kb ingest test scripts under scripts/tests/ force mode=full, running the whole matrix
clear the needs:area park	Classify the needs:area backlog	2026-09-09T22:01:18.7449724Z    DEFERRED #4466 sparq-vectors hygiene: four scratch files tracked in the repository root violate the CLAUDE.md no-scratch-doc rule
clear the needs:area park	Classify the needs:area backlog	2026-09-09T22:01:18.7450598Z    DEFERRED #4467 sparq-engine exec.rs: three scoped-registry Guards clear instead of restoring, so nested installs lose the outer registry
clear the needs:area park	Classify the needs:area backlog	2026-09-09T22:01:18.7451625Z    DEFERRED #4468 sparq-acbench acbench: make WAC expressibility a single explicitly-exhaustive classification so compiler/oracle cannot drift
clear the needs:area park	Classify the needs:area backlog	2026-09-09T22:01:18.7452494Z    DEFERRED #4470 sparq-canon Upstream ask: rdf-canon on oxrdf 0.3 (would collapse the oxrdf x2 / oxttl x2 duplicate pair)
clear the needs:area park	Classify the needs:area backlog	2026-09-09T22:01:18.7453365Z    DEFERRED #4473 js upstream (jeswr/rdf-shuttle): compile `emit @graph` — quad-shaped artifacts driven by the `emits` header
clear the needs:area park	Classify the needs:area backlog	2026-09-09T22:01:18.7454168Z    DEFERRED #4474 sparq-shaclc bump the rdf-shuttle provenance pin in sparq-shaclc (verified zero-diff artifact regeneration)
clear the needs:area park	Classify the needs:area backlog	2026-09-09T22:01:18.7454945Z    DEFERRED #4476 sparq-vectors bench(vectors): commit the .fvecs -> raw-f32 converter both SIFT harnesses assume
clear the needs:area park	Classify the needs:area backlog	2026-09-09T22:01:18.7455712Z    DEFERRED #4477 ci sparq-core store.rs doc comment still points at the RETIRED bench/perf-baseline.json `feature_off_exact` pin
clear the needs:area park	Classify the needs:area backlog	2026-09-09T22:01:18.7456708Z    DEFERRED #4479 sparq-server Published crates.io builds ship the UNPATCHED spargebra 0.4.6 — parser recursion-depth DoS cap (§8) is absent, and the C
clear the needs:area park	Classify the needs:area backlog	2026-09-09T22:01:18.7457513Z    DEFERRED #4482 sparq-policy compile_odrl emits odrl:target on the Policy node, not on its Rules
clear the needs:area park	Classify the needs:area backlog	2026-09-09T22:01:18.7458213Z    DEFERRED #4483 sparq-policy compile_odrl emits several odrl:action triples on one rule; consumers keep only the first
clear the needs:area park	Classify the needs:area backlog	2026-09-09T22:01:18.7459051Z    DEFERRED #4484 sparq-policy compile_odrl uses sparq-vendor action IRIs (acl#Read/Write/Control) that no conformant ODRL processor maps
clear the needs:area park	Classify the needs:area backlog	2026-09-09T22:01:18.7460087Z    DEFERRED #4486 sparq-acbench ODRL live lane cannot check condition-carrying intents: the acbench Request IR carries no purpose/time/count
clear the needs:area park	Classify the needs:area backlog	2026-09-09T22:01:18.7461200Z    DEFERRED #4487 ci container-scan: `trivy` reds on any container-relevant PR — stale SHA-pinned distroless base needs a digest bump (CIS Do
clear the needs:area park	Classify the needs:area backlog	2026-09-09T22:01:18.7462213Z    DEFERRED #4502 sparq-zk zk: graph commitment is unblinded — guessed graph contents are confirmable from C(G)
clear the needs:area park	Classify the needs:area backlog	2026-09-09T22:01:18.7462952Z    DEFERRED #4503 sparq-zk-compose doc-sync: CR-G6 residual rows still describe sq-93h as an open salt-disclosure gap
clear the needs:area park	Classify the needs:area backlog	2026-09-09T22:01:18.7463923Z    DEFERRED #4505 sparq-vectors sparq-vectors: instant-distance HNSW build is not reproducible at a fixed seed — audit the docs/tests that assume it is
clear the needs:area park	Classify the needs:area backlog	2026-09-09T22:01:18.7464967Z    DEFERRED #4506 sparq-vectors sparq-vectors: HNSW secondary-map ef cache is unbounded — a wide ef sweep retains one full graph per level
clear the needs:area park	Classify the needs:area backlog	2026-09-09T22:01:18.7465798Z    DEFERRED #4507 sparq-zk-compose Cross-issuance per-graph salt uniqueness (audit #9) is an unenforced assumption
clear the needs:area park	Classify the needs:area backlog	2026-09-09T22:01:18.7466620Z    DEFERRED #4511 ci Post-migration URL drift: jeswr/sparq still hard-coded in issue templates, Homebrew formula, and docs/release.md
clear the needs:area park	Classify the needs:area backlog	2026-09-09T22:01:18.7467408Z    DEFERRED #4520 site-specs spec: amend the SPARQL Vector+GenAI draft with vec:hybrid, then de-provisionalise it
clear the needs:area park	Classify the needs:area backlog	2026-09-09T22:01:18.7468213Z    DEFERRED #4521 sparq-vectors bench: run the vec:hybrid dense/sparse/structural/fused/reranked ablation on a pinned retrieval corpus
clear the needs:area park	Classify the needs:area backlog	2026-09-09T22:01:18.7469049Z    DEFERRED #4522 sparq-vectors sparq-vectors: ship a concrete out-of-process Reranker transport behind an opt-in feature
clear the needs:area park	Classify the needs:area backlog	2026-09-09T22:01:18.7469854Z    DEFERRED #4525 sparq-zk-compose research/ design records carry ~976 stale-prone `file.rs:LINE` citations with no drift check
clear the needs:area park	Classify the needs:area backlog	2026-09-09T22:01:18.7470576Z    DEFERRED #4526 sparq-vectors vec:hybrid arm paging: no cursor, and a residual inline-id ceiling
clear the needs:area park	Classify the needs:area backlog	2026-09-09T22:01:18.7471336Z    DEFERRED #4529 ci ci(vectorized-feature-off): leg 2 resolves the base tree from the stale payload `base.sha`, not the merge ref's first pa
clear the needs:area park	Classify the needs:area backlog	2026-09-09T22:01:18.7472261Z    DEFERRED #4531 zk-xpath No CI lane runs `nargo test`, so every compose_core Noir accept/forge suite is unexecuted
clear the needs:area park	Classify the needs:area backlog	2026-09-09T22:01:18.7472958Z    DEFERRED #4532 sparq-zk-compose sq-rsd3v.3 follow-up: off-circuit ProofStep -> n3 slot witness mapper
clear the needs:area park	Classify the needs:area backlog	2026-09-09T22:01:18.7473724Z    DEFERRED #4533 sparq-zk-compose sq-rsd3v.3 follow-up: compiled n3_k{K}_n{N}_r{R}_m{M} member, bb gates baseline, verify_manifest dispatch
clear the needs:area park	Classify the needs:area backlog	2026-09-09T22:01:18.7474619Z    DEFERRED #4536 upstream noir upstream: bound_constraint_with_offset misses its power-of-two fast path at rhs = 2^128 (extra 128-bit range check 
clear the needs:area park	Classify the needs:area backlog	2026-09-09T22:01:18.7475614Z    DEFERRED #4538 sparq-vectors sparq-vectors: re-measure the sq-w2af4 confidence-weighted POOLING axis on a REAL provenance-bearing KG before adopt/aba
clear the needs:area park	Classify the needs:area backlog	2026-09-09T22:01:18.7476429Z    DEFERRED #4545 ci ci: coverage-engine-run swallows the W3C fixture fetch it exists to guarantee
clear the needs:area park	Classify the needs:area backlog	2026-09-09T22:01:18.7477046Z    DEFERRED #4546 ci ci: two scripts/tests suites are never executed by CI (orphaned assertions)
clear the needs:area park	Classify the needs:area backlog	2026-09-09T22:01:18.7477789Z    DEFERRED #4549 ci shellcheck: the canonical-*-bench.sh launchers are not covered by any docs-quality shellcheck step (12+ pre-existing SC2
clear the needs:area park	Classify the needs:area backlog	2026-09-09T22:01:18.7478699Z    DEFERRED #4550 deps supply-chain gate: the two npx cyclonedx-npm fetches in gen-js-sbom.sh are the only unretried network ops in a GATING la
clear the needs:area park	Classify the needs:area backlog	2026-09-09T22:01:18.7479585Z    DEFERRED #4551 ci ci(supply-chain): wrap the js-sbom npx registry fetch in the same bounded retry the cargo legs got (sq-hxn7 parity)
clear the needs:area park	Classify the needs:area backlog	2026-09-09T22:01:18.7480434Z    DEFERRED #4552 sparq-vectors sparq-vectors eval: provenance-vocabulary edges are prediction targets in the provenance slice
clear the needs:area park	Classify the needs:area backlog	2026-09-09T22:01:18.7481290Z    DEFERRED #4553 sparq-vectors sparq-vectors eval: reifier edges survive restrict_to_train even when the quoted triple is held out
clear the needs:area park	Classify the needs:area backlog	2026-09-09T22:01:18.7482479Z    DEFERRED #4557 upstream noir upstream: check whether checked_to_unchecked's required_bit_size under-reports an ACIR `unchecked_add u1`
clear the needs:area park	Classify the needs:area backlog	2026-09-09T22:01:18.7483580Z    DEFERRED #4560 ci 118 of 143 workflow runs on a main head SHA are not testing the commit — and every undeclared one GATES (generalizes #45
clear the needs:area park	Classify the needs:area backlog	2026-09-09T22:01:18.7484356Z    DEFERRED #4563 sparq-hdt upstream (KonradHoeffner/hdt): compute section CRC32-C with slice-by-16 tables
clear the needs:area park	Classify the needs:area backlog	2026-09-09T22:01:18.7485054Z    DEFERRED #4576 sparq-reason sq-6tykl.6 residual: RDFS/OWL TBox mutations still force a full rematerialize
clear the needs:area park	Classify the needs:area backlog	2026-09-09T22:01:18.7485850Z    DEFERRED #4577 sparq-reason-dl Extend the tableau differential oracle to cover the `dl_transitive` ∀₊-rule
clear the needs:area park	Classify the needs:area backlog	2026-09-09T22:01:18.7486638Z    DEFERRED #4579 sparq-wrapper-shacl sparq-wrapper-shacl: generated nested loaders recurse without a depth guard on cyclic data
clear the needs:area park	Classify the needs:area backlog	2026-09-09T22:01:18.7487412Z    DEFERRED #4580 sparq-wrapper-shacl sparq-wrapper-shacl: model sh:or / sh:xone as generated Rust enums
clear the needs:area park	Classify the needs:area backlog	2026-09-09T22:01:18.7488331Z    DEFERRED #4584 sparq-substrate Kani: the merge-join equivalence suite never returns a verdict — CBMC's SmallVec clone/push model is the wall
clear the needs:area park	Classify the needs:area backlog	2026-09-09T22:01:18.7489262Z    DEFERRED #4585 ci AGENTS.md "No hard-coded performance numbers" prose omits the research/ + bench/ carve-out the enforcing gate implements
clear the needs:area park	Classify the needs:area backlog	2026-09-09T22:01:18.7490130Z    DEFERRED #4587 sparq-wrapper-shacl sparq-wrapper-shacl: generated check_double rejects the valid xsd:double literal "+INF"
clear the needs:area park	Classify the needs:area backlog	2026-09-09T22:01:18.7490920Z    DEFERRED #4588 sparq-reason-dl sparq-reason-dl: narrow the PR1 punning guard to OWL 2's actual punning rules
clear the needs:area park	Classify the needs:area backlog	2026-09-09T22:01:18.7491976Z    DEFERRED #4589 sparq-reason-dl,sparq-conformance sparq-reason-dl: L1 drops the fixed interpretation of more OWL built-in vocabulary than the two object properties now re
clear the needs:area park	Classify the needs:area backlog	2026-09-09T22:01:18.7493014Z    DEFERRED #4594 ci CI never runs the feature-gated `wasm-pack test --node` modules (forms/serialize-rdf/scs/canon/explain-json/bytes-ingest
clear the needs:area park	Classify the needs:area backlog	2026-09-09T22:01:18.7493878Z    DEFERRED #4595 sparq-wrapper-shacl sparq-wrapper-shacl: generated Integer/Decimal have no value ordering or arithmetic
clear the needs:area park	Classify the needs:area backlog	2026-09-09T22:01:18.7494728Z    DEFERRED #4596 sparq-wrapper-shacl sparq-wrapper-shacl: no shared ValueSource::is_instance_of adapter over a sparq-core graph
clear the needs:area park	Classify the needs:area backlog	2026-09-09T22:01:18.7495568Z    DEFERRED #4598 sparq-solid doc drift: odrl_bridge N3 path comment says "four stratified reason_n3 calls" but it runs five (A0-D)
clear the needs:area park	Classify the needs:area backlog	2026-09-09T22:01:18.7496503Z    DEFERRED #4600 sparq-reason-diff reason-diff-rl: the W3C-vocab-subject drop still masks ORACLE-side entailments about user terms (owl:Nothing rdfs:subCla
clear the needs:area park	Classify the needs:area backlog	2026-09-09T22:01:18.7497446Z    DEFERRED #4602 sparq-gpu sparq-gpu: the "wgpu never enters the wasm build" invariant is asserted in 3 docs but enforced by no gate
clear the needs:area park	Classify the needs:area backlog	2026-09-09T22:01:18.7498345Z    DEFERRED #4603 sparq-gpu sparq-gpu: GPU silently undercounts on out-of-range GROUP BY keys where the CPU oracle panics, and an unbounded probe lo
clear the needs:area park	Classify the needs:area backlog	2026-09-09T22:01:18.7499394Z    DEFERRED #4606 sparq-reason-dl,sparq-conformance DL L5: the 7 budget-abstained entailment rows need a narrower RL divergence guard (or a re-pinned budget), not more refu
clear the needs:area park	Classify the needs:area backlog	2026-09-09T22:01:18.7500588Z    DEFERRED #4609 sparq-reason-el sparq-reason-el: silent incompleteness — an EL entailment through a NAMED/anonymous intersection filler is neither deriv
clear the needs:area park	Classify the needs:area backlog	2026-09-09T22:01:18.7501460Z    DEFERRED #4611 sparq-jsonld jsonld: raise `IRI confused with prefix` from IRI Compaction (W3C compact/#te002)
clear the needs:area park	Classify the needs:area backlog	2026-09-09T22:01:18.7502321Z    DEFERRED #4612 sparq-jsonld jsonld: decide whether to model the RETIRED JSON-LD 1.0 error codes (5 suite negatives)
clear the needs:area park	Classify the needs:area backlog	2026-09-09T22:01:18.7503012Z    DEFERRED #4613 sparq-jsonld jsonld: the `flatten` lane still SKIPs its 1 NegativeEvaluationTest
clear the needs:area park	Classify the needs:area backlog	2026-09-09T22:01:18.7503766Z    DEFERRED #4618 sparq-jsonld sparq-jsonld: is_absolute_iri validates the RFC 3987 code-point grammar but not the structural grammar
clear the needs:area park	Classify the needs:area backlog	2026-09-09T22:01:18.7504479Z    DEFERRED #4622 gui GUI web e2e: restore an end-to-end 'absent wasm forms bridge' journey
clear the needs:area park	Classify the needs:area backlog	2026-09-09T22:01:18.7505309Z    DEFERRED #4623 gui GUI web e2e: cover the hosted-web declared-group + shape-switcher forms journey
clear the needs:area park	Classify the needs:area backlog	2026-09-09T22:01:18.7506091Z    DEFERRED #4626 sparq-jsonld sparq-jsonld: is_absolute_iri tolerates the bracket gen-delims outside the authority to satisfy W3C compact/p004
clear the needs:area park	Classify the needs:area backlog	2026-09-09T22:01:18.7506893Z    DEFERRED #4628 sparq-wrapper sparq-wrapper proposal status is duplicated in four unsynced places
clear the needs:area park	Classify the needs:area backlog	2026-09-09T22:01:18.7507646Z    DEFERRED #4630 gui gui: form-description.ts validator THROWS on the new ShapeVia values (target-subjects-of / target-objects-of)
clear the needs:area park	Classify the needs:area backlog	2026-09-09T22:01:18.7508654Z    DEFERRED #4631 sparq-forms forms: sh:targetWhere + SPARQL-valued targets still do not drive applicable_shapes — needs a sparq-shacl public API
clear the needs:area park	Classify the needs:area backlog	2026-09-09T22:01:18.7509574Z    DEFERRED #4633 ci research/solid-consumer-production-readiness-2026-07.md cites path:LINE anchors that are already stale on main
clear the needs:area park	Classify the needs:area backlog	2026-09-09T22:01:18.7510462Z    DEFERRED #4637 sparq-trust solid-authz-trust: server `predicate_shape` diverges from the normative `trust:forPredicate` desugaring
clear the needs:area park	Classify the needs:area backlog	2026-09-09T22:01:18.7511390Z    DEFERRED #4638 sparq-trust http-server SKILL.md references a section that does not exist ("Stateless trust-graph decision extension (sq-pfae.17)")
clear the needs:area park	Classify the needs:area backlog	2026-09-09T22:01:18.7512433Z    DEFERRED #4640 sparq-wasm @jeswr/sparq: SparqStore has no store-backed validate twin for the new raw Store.validateStore (gh-2520)
clear the needs:area park	Classify the needs:area backlog	2026-09-09T22:01:18.7513467Z    DEFERRED #4641 sparq-shacl sparq-shacl: validation report sourceShape blank-node labels are parse-unstable — no documented stable shape identity
clear the needs:area park	Classify the needs:area backlog	2026-09-09T22:01:18.7514387Z    DEFERRED #4645 ci [cert][GX-11] No automated verification for dist.yml's sparq-dist.intoto.jsonl (run artifact, not a Release asset)
clear the needs:area park	Classify the needs:area backlog	2026-09-09T22:01:18.7515189Z    DEFERRED #4647 sparq-wrapper sparq-wrapper codecs: no i128 decode path for the xsd:long/int/short integer family
clear the needs:area park	Classify the needs:area backlog	2026-09-09T22:01:18.7516017Z    DEFERRED #4648 ci publish.yml's `release: published` trigger never fires for a release.yml-cut Release (same GITHUB_TOKEN limitation as #4
clear the needs:area park	Classify the needs:area backlog	2026-09-09T22:01:18.7516903Z    DEFERRED #4650 sparq-terse sparq-terse: surface the Phase-4 did-you-mean hints in the /terse/transpile + CLI JSON error bodies
clear the needs:area park	Classify the needs:area backlog	2026-09-09T22:01:18.7517796Z    DEFERRED #4651 sparq-conformance,sparq-core XSD whiteSpace facet: sparq-conformance and sparq-core carry contradictory normative claims
clear the needs:area park	Classify the needs:area backlog	2026-09-09T22:01:18.7518659Z    DEFERRED #4652 ci Merge throughput ceiling is merge-group CI wall-clock: ~3-6 PRs/hr in bursts vs 60/hr goal (NOT a stall)
clear the needs:area park	Classify the needs:area backlog	2026-09-09T22:01:18.7519428Z    DEFERRED #4654 sparq-cli tabular import: GUI import wizard over the CLI/module (sq-u1z86 remainder, epic sq-ixc3)
clear the needs:area park	Classify the needs:area backlog	2026-09-09T22:01:18.7520139Z    DEFERRED #4655 sparq-cli tabular import: streaming dataset ingest so rr:graphMap output need not buffer
clear the needs:area park	Classify the needs:area backlog	2026-09-09T22:01:18.7520958Z    DEFERRED #4658 sparq-server sparq-server: opt-in wiring for the sparq-serve change-sink relay (config flag + pump thread + retention watermark)
clear the needs:area park	Classify the needs:area backlog	2026-09-09T22:01:18.7521854Z    DEFERRED #4661 gui gui/app: web RDF import does not reject off-list file types with a clear reason
clear the needs:area park	Classify the needs:area backlog	2026-09-09T22:01:18.7522582Z    DEFERRED #4662 sparq-terse sparq-terse: the `K:` sigil scanner has the same ASCII-only name-boundary bug as `keyword_hints` did
clear the needs:area park	Classify the needs:area backlog	2026-09-09T22:01:18.7523337Z    DEFERRED #4665 sparq-lws-wasm @jeswr/solid-server: persist the wasm pod snapshot to a --data-dir file
clear the needs:area park	Classify the needs:area backlog	2026-09-09T22:01:18.7523999Z    DEFERRED #4666 sparq-lws-wasm Browser host example: keep the wasm Solid pod snapshot in IndexedDB
clear the needs:area park	Classify the needs:area backlog	2026-09-09T22:01:18.7524755Z    DEFERRED #4668 ci [supply-chain] dispatch slsa-builder-pin-review once and record the first outcome in the review log
clear the needs:area park	Classify the needs:area backlog	2026-09-09T22:01:18.7525059Z    DEFERRED #4669 sparq-serve change_stream segment creation has the same missing parent-directory fsync
clear the needs:area park	Classify the needs:area backlog	2026-09-09T22:01:18.7525558Z    DEFERRED #4670 js gui.yml path filter omits crates/sparq-wasm/** — the check:wasm-types byte-identity gate cannot run on a binding change
clear the needs:area park	Classify the needs:area backlog	2026-09-09T22:01:18.7525911Z    DEFERRED #4673 sparq-shaclc Stale module doc: crates/sparq-shaclc/src/raw.rs still says the artifacts are PARSE-ONLY
clear the needs:area park	Classify the needs:area backlog	2026-09-09T22:01:18.7526498Z    DEFERRED #4675 sparq-fedplan sparq-fedplan: let a SourceDescriptor declare characteristic-set completeness explicitly
clear the needs:area park	Classify the needs:area backlog	2026-09-09T22:01:18.7527034Z    DEFERRED #4676 sparq-fedplan-mpc research/mpc-untrusted-planner-routing-design.md §8 roadmap is stale — Phases 1–4 and 6 have landed
clear the needs:area park	Classify the needs:area backlog	2026-09-09T22:01:18.7527456Z    DEFERRED #4679 sparq-wrapper wrapper: extend proposed_composition to cover the newer proposal features (json, graph-scope, async-store)
clear the needs:area park	Classify the needs:area backlog	2026-09-09T22:01:18.7527812Z    DEFERRED #4680 sparq-wasm wasm: implement Store::validate_store (stateful SHACL) end-to-end, or drop the gh-2520 intent
clear the needs:area park	Classify the needs:area backlog	2026-09-09T22:01:18.7528152Z    DEFERRED #4685 sparq-fedplan-mpc crates/sparq-fedplan-mpc/README.md exceeds the 120-line readme-template cap
clear the needs:area park	Classify the needs:area backlog	2026-09-09T22:01:18.7528526Z    DEFERRED #4688 sparq-server [cert][GX-11 residual] automate slsa-verifier verify-image for the ghcr sparq-server attestation
clear the needs:area park	Classify the needs:area backlog	2026-09-09T22:01:18.7528860Z    DEFERRED #4689 ci compliance/slsa/controls.md scope note contradicts SL-B2-d and SL-B2-e (pre-existing drift)
clear the needs:area park	Classify the needs:area backlog	2026-09-09T22:01:18.7529199Z    DEFERRED #4690 ci preflight.py reports no-perf-numbers failures in research/, which CI's own invocation excludes
clear the needs:area park	Classify the needs:area backlog	2026-09-09T22:01:18.7529495Z    DEFERRED #4692 js Site: wire the VC import surface to Store.loadJsonLdWithContexts (sq-yz27r follow-on)
clear the needs:area park	Classify the needs:area backlog	2026-09-09T22:01:18.7529862Z    DEFERRED #4693 sparq-core sparq-core: expose a JSON-LD LoadDocumentCallback seam for the native/server/conformance paths
clear the needs:area park	Classify the needs:area backlog	2026-09-09T22:01:18.7530131Z    DEFERRED #4694 sparq-wasm sparq-wasm: no dataset-preserving variant of loadJsonLdWithContexts
clear the needs:area park	Classify the needs:area backlog	2026-09-09T22:01:18.7530522Z    DEFERRED #4695 ci gui.yml paths filter misses crates/sparq-wasm/** — wasm d.ts drift lands on main undetected
clear the needs:area park	Classify the needs:area backlog	2026-09-09T22:01:18.7530821Z    DEFERRED #4696 sparq-gpu gpu-threat-model P1: add the wgpu family to the wasm-deps-guard FORBIDDEN set
clear the needs:area park	Classify the needs:area backlog	2026-09-09T22:01:18.7531188Z    DEFERRED #4697 sparq-gpu gpu-threat-model P2: sparq-gpu boundary guard (dependents + native wgpu closure + publish=false)
clear the needs:area park	Classify the needs:area backlog	2026-09-09T22:01:18.7531696Z    DEFERRED #4698 sparq-gpu gpu-threat-model P3: reject the malformed inputs sparq-gpu currently accepts, with differential tests
clear the needs:area park	Classify the needs:area backlog	2026-09-09T22:01:18.7531994Z    DEFERRED #4699 sparq-gpu gpu-threat-model P4: bound the WGSL probe walk and the host poll in sparq-gpu
clear the needs:area park	Classify the needs:area backlog	2026-09-09T22:01:18.7532295Z    DEFERRED #4700 sparq-gpu gpu-threat-model P5 (ON EXIT ONLY): write the full sparq-gpu runtime threat model
clear the needs:area park	Classify the needs:area backlog	2026-09-09T22:01:18.7532598Z    DEFERRED #4701 sparq-gpu gpu-threat-model P6: record sparq-gpu's exclusion in SECURITY.md / ASSURANCE.md
clear the needs:area park	Classify the needs:area backlog	2026-09-09T22:01:18.7532964Z    DEFERRED #4702 ci preflight.py misses the feature-test-execution (C1) gate, so a missing feature-matrix leg only reds on CI
clear the needs:area park	Classify the needs:area backlog	2026-09-09T22:01:18.7533265Z    DEFERRED #4703 sparq-reason sparq-reason: make the base<->layer ownership hand-off EAGER instead of lazy
clear the needs:area park	Classify the needs:area backlog	2026-09-09T22:01:18.7533601Z    DEFERRED #4704 ci vectorized-feature-off leg 2: recurring declaration churn from pure panic-Location line shifts
clear the needs:area park	Classify the needs:area backlog	2026-09-09T22:01:18.7533805Z    DEFERRED #4706 ci File sq-vrye child beads for gpu-threat-model P1-P6
clear the needs:area park	Classify the needs:area backlog	2026-09-09T22:01:18.7534163Z    DEFERRED #4708 ci sparq-cli: give the `el` feature a `cdomain` surface (CR7-CR9) so `classify` covers OWL 2 EL concrete domains
clear the needs:area park	Classify the needs:area backlog	2026-09-09T22:01:18.7534530Z    DEFERRED #4710 sparq-zk-compose vectorized-feature-off leg 2 compares against pull_request.base.sha, not the merge base
clear the needs:area park	Classify the needs:area backlog	2026-09-09T22:01:18.7534880Z    DEFERRED #4712 sparq-solid sparq-solid: expose a public auth: predicate -> Mode parser (Mode::from_pred is private)
clear the needs:area park	Classify the needs:area backlog	2026-09-09T22:01:18.7535275Z    DEFERRED #4713 sparq-lws-core sparq-lws-core: a standalone `cargo test -p sparq-lws-core` now compiles the arkworks/sparq-zk stack
clear the needs:area park	Classify the needs:area backlog	2026-09-09T22:01:18.7535595Z    DEFERRED #4715 sparq-server sparq-server: a cancelled query/update reports HTTP 500 "query execution error"
clear the needs:area park	Classify the needs:area backlog	2026-09-09T22:01:18.7535936Z    DEFERRED #4716 sparq-server sparq-server: Graph-Store reads, /tpf and /facets are not in the running-query registry
clear the needs:area park	Classify the needs:area backlog	2026-09-09T22:01:18.7536487Z    DEFERRED #4717 sparq-server sparq-server: ServerApplier registry wiring is opt-in and can be silently forgotten
clear the needs:area park	Classify the needs:area backlog	2026-09-09T22:01:18.7536968Z    DEFERRED #4719 sparq-conformance sq-tonhr.12 follow-on: run the generated Shuttle corpus through the sq-tonhr.2 Rust differential lane (oxttl vs sparq na
clear the needs:area park	Classify the needs:area backlog	2026-09-09T22:01:18.7537289Z    DEFERRED #4720 sparq-core sparq native Turtle parser: `~ [ ]` (ANON reifier with internal whitespace) looks rejected
clear the needs:area park	Classify the needs:area backlog	2026-09-09T22:01:18.7537766Z    DEFERRED #4721 upstream Upstream rdf-shuttle: implement generate mode (`--emit tests`) — the interim harness is not a substitute
clear the needs:area park	Classify the needs:area backlog	2026-09-09T22:01:18.7538114Z    DEFERRED #4723 sparq-fedplan-mpc sparq-fedplan-mpc README is 139 lines, over the gating readme-template 120-line cap
clear the needs:area park	Classify the needs:area backlog	2026-09-09T22:01:18.7538682Z    DEFERRED #4725 sparq-reason-dl sparq-reason-dl: ALCH tableau thrashes — chronological backtracking exhausts the default budget on a 3-axiom ontology
clear the needs:area park	Classify the needs:area backlog	2026-09-09T22:01:18.7539076Z    DEFERRED #4726 sparq-reason-dl sparq-reason-dl: audit the test suite for more assertions that compare a function against itself
clear the needs:area park	Classify the needs:area backlog	2026-09-09T22:01:18.7539440Z    DEFERRED #4727 sparq-server Keyed (HMAC) query/update fingerprints so /queries and the audit trails resist offline guessing
clear the needs:area park	Classify the needs:area backlog	2026-09-09T22:01:18.7539805Z    DEFERRED #4732 sparq-difftest diff-test iso: RDF-1.2 triple terms are refused, not canonicalised (rdf-canon speaks oxrdf 0.2)
clear the needs:area park	Classify the needs:area backlog	2026-09-09T22:01:18.7540150Z    DEFERRED #4733 sparq-bench fuzz check_ordered compares blank-node LABELS, so a bnode answer would be a false MISMATCH
clear the needs:area park	Classify the needs:area backlog	2026-09-09T22:01:18.7540507Z    DEFERRED #4735 sparq-reason sq-6tykl.5 follow-up: expose the reasoning profiler on the CLI (`sparq-cli reason --profile`)
clear the needs:area park	Classify the needs:area backlog	2026-09-09T22:01:18.7540781Z    DEFERRED #4737 ci sq-6tykl.5 follow-up: add a `sparq-reason (profile)` leg to the CI feature matrix
clear the needs:area park	Classify the needs:area backlog	2026-09-09T22:01:18.7541095Z    DEFERRED #4741 upstream noir upstream: four non-optimisation defects found during the sq-mtolx gap analysis
clear the needs:area park	Classify the needs:area backlog	2026-09-09T22:01:18.7541348Z    DEFERRED #4742 ci preflight.py misses the gate-critical feature-matrix leg-name golden
clear the needs:area park	Classify the needs:area backlog	2026-09-09T22:01:18.7541757Z    DEFERRED #4744 upstream noir upstream: ACIR runaway-unroll hang for provably-terminating huge loops
clear the needs:area park	Classify the needs:area backlog	2026-09-09T22:01:18.7542044Z    DEFERRED #4745 upstream noir upstream: two ACIR bail-outs in unrolling.rs discard the source location
clear the needs:area park	Classify the needs:area backlog	2026-09-09T22:01:18.7542331Z    DEFERRED #4746 upstream noir upstream: stale mem2reg pass-ordering comment at ssa/opt/mod.rs:375-380
clear the needs:area park	Classify the needs:area backlog	2026-09-09T22:01:18.7542576Z    DEFERRED #4747 upstream noir upstream: CHANGELOG.md:67 over-claims what PR #11512 shipped
clear the needs:area park	Classify the needs:area backlog	2026-09-09T22:01:18.7542884Z    DEFERRED #4748 sparq-engine engine: CONSTRUCT/DESCRIBE bypass the algebra-rewrite seam on every surface
clear the needs:area park	Classify the needs:area backlog	2026-09-09T22:01:18.7543192Z    DEFERRED #4749 ci ci: no lane covers sparq-mcp's --no-default-features build now that `default` is non-empty
clear the needs:area park	Classify the needs:area backlog	2026-09-09T22:01:18.7543460Z    DEFERRED #4750 sparq-mcp decide whether sparq-mcp should also ship `antijoin-static-decline`
clear the needs:area park	Classify the needs:area backlog	2026-09-09T22:01:18.7543823Z    DEFERRED #4753 sparq-policy sq-snopa.8 follow-up: extend the ODRL lane to the stateful /authz source (currently refused)
clear the needs:area park	Classify the needs:area backlog	2026-09-09T22:01:18.7544174Z    DEFERRED #4754 sparq-trust sq-snopa.8 follow-up: compose the solid-authz-trust extension with the stateful /authz source
clear the needs:area park	Classify the needs:area backlog	2026-09-09T22:01:18.7544540Z    DEFERRED #4755 sparq-server sq-snopa.8 follow-up: resolve a request PATH to a named-graph IRI for the stateful /authz lane
clear the needs:area park	Classify the needs:area backlog	2026-09-09T22:01:18.7544895Z    DEFERRED #4756 sparq-server sq-snopa.8 follow-up: the stateful /authz view cache holds a single entry (WAC/ACP thrash)
clear the needs:area park	Classify the needs:area backlog	2026-09-09T22:01:18.7545335Z    DEFERRED #4758 sparq-nlq sparq-nlq: expose a translate-only entry point (Nlq::translate) so sparq-mcp's nl_query need not re-implement the loop
clear the needs:area park	Classify the needs:area backlog	2026-09-09T22:01:18.7545790Z    DEFERRED #4759 upstream Noir upstream: ACIR runaway-unroll hang + two location-discarding bail-outs (unrolling.rs) [noir-acir-unroll-2026-07-28]
clear the needs:area park	Classify the needs:area backlog	2026-09-09T22:01:18.7546347Z    DEFERRED #4761 sparq-reason-dl sparq-reason-dl: the PR1 punning boundary is non-uniform across the L4 dispatch
clear the needs:area park	Classify the needs:area backlog	2026-09-09T22:01:18.7546826Z    DEFERRED #4762 sparq-reason-dl,sparq-conformance sparq-reason-dl: support owl:topObjectProperty / owl:bottomObjectProperty instead of refusing them
clear the needs:area park	Classify the needs:area backlog	2026-09-09T22:01:18.7547287Z    DEFERRED #4764 sparq-engine sparq-difftest: no order-PRESERVING blank-node isomorphism comparator (ORDER BY + bnode is the residual sq-qcnn.5 gap)
clear the needs:area park	Classify the needs:area backlog	2026-09-09T22:01:18.7547624Z    DEFERRED #4765 sparq-server solid_authz: `"view"` uses the same as_str() collapse that hid the non-string `"source"` bug
clear the needs:area park	Classify the needs:area backlog	2026-09-09T22:01:18.7548065Z    DEFERRED #4766 sparq-mcp sparq-mcp nlq: run_nl_query hardcodes NlqConfig::default() and ignores check_dictionary, so ask/nl_query validation pari
clear the needs:area park	Classify the needs:area backlog	2026-09-09T22:01:18.7548465Z    DEFERRED #4767 ci 38 draft PRs on review:parked: 22 were parked by a human-classified actor and NOTHING automatic can lift them (census + 
clear the needs:area park	Classify the needs:area backlog	2026-09-09T22:01:18.7548885Z    DEFERRED #4769 ci Compliance docs cite a `supply-chain.yml#vex-deny-sync` JOB that no longer exists (it is a step in `supply-chain-gates`)
clear the needs:area park	Classify the needs:area backlog	2026-09-09T22:01:18.7549412Z    DEFERRED #4770 ci `rust-supply-chain-attestation` SKILL.md still says `cargo deny check advisories` is `continue-on-error` (non-gating) — 
clear the needs:area park	Classify the needs:area backlog	2026-09-09T22:01:18.7549757Z    DEFERRED #4771 sparq-reason-dl crates/sparq-reason-dl/README.md sits exactly at the 120-line readme-template cap
clear the needs:area park	Classify the needs:area backlog	2026-09-09T22:01:18.7550011Z    DEFERRED #4772 site-papers paper factory: make the timing boundary structural, not lexical
clear the needs:area park	Classify the needs:area backlog	2026-09-09T22:01:18.7550299Z    DEFERRED #4774 ci Supply-chain skill still says the advisory check is non-gating (GX-1 section stale)
clear the needs:area park	Classify the needs:area backlog	2026-09-09T22:01:18.7550851Z    DEFERRED #4775 sparq-engine sparq-difftest: ORDER BY tie detection covers only NUMERIC promotion — xsd:duration's partial order can still split a ti
clear the needs:area park	Classify the needs:area backlog	2026-09-09T22:01:18.7551318Z    DEFERRED #4776 sparq-engine sparq-difftest: implementation-defined ORDER BY extension order is a residual false-failure source in the cross-engine c
clear the needs:area park	Classify the needs:area backlog	2026-09-09T22:01:18.7551720Z    DEFERRED #4777 sparq-policy ODRL bridge: two IRI-less policies still share one provenance anchor
clear the needs:area park	Classify the needs:area backlog	2026-09-09T22:01:18.7552105Z    DEFERRED #4778 js gui lane is red on EVERY PR: tracked sparq_wasm.d.ts on main lacks `validateStore` (#4639 landed the binding without re-
clear the needs:area park	Classify the needs:area backlog	2026-09-09T22:01:18.7552604Z    DEFERRED #4779 ci gui.yml path filter omits crates/sparq-wasm/** — wasm-binding drift lands on main undetected and surfaces on unrelated s
clear the needs:area park	Classify the needs:area backlog	2026-09-09T22:01:18.7552990Z    DEFERRED #4781 sparq-trust,sparq-server sparq-trust/sparq-server: expose the cert-graph closure depth_bound as configuration
clear the needs:area park	Classify the needs:area backlog	2026-09-09T22:01:18.7553312Z    DEFERRED #4782 sparq-trust sq-pfae.9 cost bound for the depth-N certification closure is not separately closed
clear the needs:area park	Classify the needs:area backlog	2026-09-09T22:01:18.7553628Z    DEFERRED #4783 sparq-trust sparq-trust graph.rs: the cert-closure visited set is redundant with the cycle gate
clear the needs:area park	Classify the needs:area backlog	2026-09-09T22:01:18.7553984Z    DEFERRED #4784 sparq-trust admission_cost evidence harness derives max_closure_depth_reached instead of measuring it
clear the needs:area park	Classify the needs:area backlog	2026-09-09T22:01:18.7554499Z    DEFERRED #4786 upstream noir upstream: checked_to_unchecked::required_bit_size understates ACIR unchecked arithmetic (prerequisite for #7161 / s
clear the needs:area park	Classify the needs:area backlog	2026-09-09T22:01:18.7555154Z    DEFERRED #4787 upstream noir upstream: does a widening cast wash out the conservative unchecked-arithmetic bound? (needs repro)
clear the needs:area park	Classify the needs:area backlog	2026-09-09T22:01:18.7555733Z    DEFERRED #4789 sparq-gpu sparq-gpu: Cargo.toml wgpu comment says 29 (and MSRV 1.83) but the dependency is 30
clear the needs:area park	Classify the needs:area backlog	2026-09-09T22:01:18.7556520Z    DEFERRED #4790 sparq-gpu sparq-gpu kernels are unverified by the per-commit gates (tests skip-pass without a GPU, coverage floor 0, excluded from
clear the needs:area park	Classify the needs:area backlog	2026-09-09T22:01:18.7556963Z    DEFERRED #4791 sparq-trust sparq-trust closure: the `seen` set is keyed on (certifier, certified_issuer) and is NOT purely redundant with GATE 1
clear the needs:area park	Classify the needs:area backlog	2026-09-09T22:01:18.7557251Z    DEFERRED #4792 ci rust-supply-chain-attestation SKILL cites CI job names that no longer exist
clear the needs:area park	Classify the needs:area backlog	2026-09-09T22:01:18.7558024Z    DEFERRED #4793 js CI: tracked @sparq/client wasm d.ts is stale on main — missing `validateStore` reds `site build + typecheck` on every PR
clear the needs:area park	Classify the needs:area backlog	2026-09-09T22:01:18.7558378Z    DEFERRED #4794 bench bench/trust-admission README: `visited_set_size` no longer tracks the closure's visited-set key
clear the needs:area park	Classify the needs:area backlog	2026-09-09T22:01:18.7558792Z    DEFERRED #4797 ci feature-matrix upload-artifact has no retry, so one ECONNRESET reds the required gate on a fully-green tree (all 8 g19 l
clear the needs:area park	Classify the needs:area backlog	2026-09-09T22:01:18.7559185Z    DEFERRED #4800 sparq-wrapper-shacl sparq-wrapper-shacl: adapter from a sparq-core Graph to the generated loader's Triple slice
clear the needs:area park	Classify the needs:area backlog	2026-09-09T22:01:18.7559529Z    DEFERRED #4801 sparq-wrapper-shacl sparq-wrapper-shacl: generated sh:class check has no rdfs:subClassOf closure
clear the needs:area park	Classify the needs:area backlog	2026-09-09T22:01:18.7559965Z    DEFERRED #4805 sparq-trust sq-pfae.14 follow-up: wire StatusDelta into a caller-facing incremental re-check driver (sparq-solid epoch cache)
clear the needs:area park	Classify the needs:area backlog	2026-09-09T22:01:18.7560394Z    DEFERRED #4806 sparq-trust sq-pfae.14 follow-up: signed-delta helper so VerifyingLiveStatusCheck callers cannot diff unverified bits
clear the needs:area park	Classify the needs:area backlog	2026-09-09T22:01:18.7560733Z    DEFERRED #4807 ci rearm-sweeper: 47 manual dispatches in 23h, measured yield zero arms (25/25 runs re-arm-attempts=0)
clear the needs:area park	Classify the needs:area backlog	2026-09-09T22:01:18.7561137Z    DEFERRED #4815 js ci: five more published sparq-wasm features have no wasm32 build/clippy leg (serialize-rdf, scs, canon, bytes-ingest, fo
clear the needs:area park	Classify the needs:area backlog	2026-09-09T22:01:18.7562049Z    DEFERRED #4816 sparq-core sparq-core: export the inline-integer id domain size (INLINE_MAX / a count) instead of making callers restate it
clear the needs:area park	Classify the needs:area backlog	2026-09-09T22:01:18.7562486Z    DEFERRED #4818 sparq-fedplan Preserve the sq-p6p6 local adaptive-replan evidence on main before the branch can be pruned
clear the needs:area park	Classify the needs:area backlog	2026-09-09T22:01:18.7562997Z    DEFERRED #4824 ci PLAN frees a human-parked PR's area on the LABEL ALONE; CLAIM frees it only on the inertness proof — the #4819 disagreem
clear the needs:area park	Classify the needs:area backlog	2026-09-09T22:01:18.7563384Z    DEFERRED #4826 sparq-server sparq-server has NO concurrent-connection cap (global or per-IP) on any of its four serve paths
clear the needs:area park	Classify the needs:area backlog	2026-09-09T22:01:18.7563749Z    DEFERRED #4827 sparq-vectors vec:hybrid arm paging: consider a cursor/admissibility protocol instead of top-n re-asks
clear the needs:area park	Classify the needs:area backlog	2026-09-09T22:01:18.7564128Z    DEFERRED #4828 sparq-wrapper-shacl sparq-wrapper-shacl: no lexical check for the XSD date/time and binary datatype families
clear the needs:area park	Classify the needs:area backlog	2026-09-09T22:01:18.7564563Z    DEFERRED #4830 zk-xpath xpath differential M1: mixed int/double compare corpus misses the sq-3x7dl.5 invariant's own named edges (NaN unordered,
clear the needs:area park	Classify the needs:area backlog	2026-09-09T22:01:18.7564980Z    DEFERRED #4831 zk-xpath xpath differential M1: sq-3x7dl.8 (min/max over empty) and sq-3x7dl.9 (duration/duration truncation) have no rows in the
clear the needs:area park	Classify the needs:area backlog	2026-09-09T22:01:18.7565427Z    DEFERRED #4833 sparq-mcp sparq-mcp: nl_query hardcodes NlqConfig::default(), so it would silently diverge from ask if check_dictionary is ever en
clear the needs:area park	Classify the needs:area backlog	2026-09-09T22:01:18.7565761Z    DEFERRED #4834 zk-xpath xpath-differential: the per-test-function self-test now costs one nargo run per section
clear the needs:area park	Classify the needs:area backlog	2026-09-09T22:01:18.7566235Z    DEFERRED #4837 js js: QuadStream and ArrayQuadStream disagree on read() vs 'data' — one splits quads, the other duplicates them
clear the needs:area park	Classify the needs:area backlog	2026-09-09T22:01:18.7566516Z    DEFERRED #4838 js js: @jeswr/sparq ships .d.ts importing @rdfjs/types, which is only a devDependency
clear the needs:area park	Classify the needs:area backlog	2026-09-09T22:01:18.7566905Z    DEFERRED #4842 gui GUI: SHACL tool's shape sources are session-only, so they cannot drive the query builder's shape-aware suggestions
clear the needs:area park	Classify the needs:area backlog	2026-09-09T22:01:18.7567192Z    DEFERRED #4843 gui GUI query builder: canvas node/edge selection is pointer-only (keyboard a11y gap)
clear the needs:area park	Classify the needs:area backlog	2026-09-09T22:01:18.7567494Z    DEFERRED #4844 gui GUI query builder: SHACL shape discovery covers only sh:targetClass with IRI sh:path
clear the needs:area park	Classify the needs:area backlog	2026-09-09T22:01:18.7567850Z    DEFERRED #4848 sparq-terse Expose sparq-terse did-you-mean hints as structured JSON in the CLI + server terse surfaces
clear the needs:area park	Classify the needs:area backlog	2026-09-09T22:01:18.7568248Z    DEFERRED #4850 sparq-server perf(server): sparq-server is still missing `antijoin-static-decline` (sparq-cli + sparq-py ship it)
clear the needs:area park	Classify the needs:area backlog	2026-09-09T22:01:18.7568897Z    DEFERRED #4853 sparq-fedplan-mpc Decision: the 2 REMAINING open questions on the MPC-seam design record (Phase-5 binding, B7 scope)
clear the needs:area park	Classify the needs:area backlog	2026-09-09T22:01:18.7569282Z    DEFERRED #4854 sparq-mpc MPC: MacSession::auth_mul should bind BOTH multiplication operands (Chida-et-al. gate verification)
clear the needs:area park	Classify the needs:area backlog	2026-09-09T22:01:18.7569649Z    DEFERRED #4855 sparq-terse sparq-terse: a PN_PREFIX containing an internal dot can still be misclassified as a keyword typo
clear the needs:area park	Classify the needs:area backlog	2026-09-09T22:01:18.7569984Z    DEFERRED #4859 sparq-reason N3 incremental counting profile: quoted-triple support (n3_simple_term disqualifies)
clear the needs:area park	Classify the needs:area backlog	2026-09-09T22:01:18.7570442Z    DEFERRED #4861 sparq-cli,sparq-mcp Ship the MCP server in the released artifacts (sparq-cli `mcp` subcommand or dist packaging for the sparq-mcp bin)
clear the needs:area park	Classify the needs:area backlog	2026-09-09T22:01:18.7570767Z    DEFERRED #4863 gui gui query-builder: sanitizeVariable never returns its fallback for punctuation-only input
clear the needs:area park	Classify the needs:area backlog	2026-09-09T22:01:18.7571081Z    DEFERRED #4864 gui gui query-builder: 'no value' filter test asserts one warning but the lowering emits two
clear the needs:area park	Classify the needs:area backlog	2026-09-09T22:01:18.7571703Z    DEFERRED #4865 ci preflight.py does not run markdownlint — doc-only diffs pass pre-submit and still red the docs-quality HARD gate
clear the needs:area park	Classify the needs:area backlog	2026-09-09T22:01:18.7572060Z    DEFERRED #4867 sparq-vectors coverage: measure sparq-vamana in the per-commit coverage tier (seed its line-% floor)
clear the needs:area park	Classify the needs:area backlog	2026-09-09T22:01:18.7572363Z    DEFERRED #4868 ci asan: extend the ASan corpus lane to the extracted sparq-vamana `.spqg` validator directly
clear the needs:area park	Classify the needs:area backlog	2026-09-09T22:01:18.7572667Z    DEFERRED #4870 js js: `rdflib` is imported directly by test/solid-differential.test.mjs but declared nowhere
clear the needs:area park	Classify the needs:area backlog	2026-09-09T22:01:18.7572935Z    DEFERRED #4871 js js: bare `node --test` executes test/helpers/zstd-fixtures.mjs as a test file
clear the needs:area park	Classify the needs:area backlog	2026-09-09T22:01:18.7573235Z    DEFERRED #4875 sparq-bench Query differential (fuzz.rs) has no non-canonical numeric lexical coverage
clear the needs:area park	Classify the needs:area backlog	2026-09-09T22:01:18.7573669Z    DEFERRED #4885 js ci(gui): gui.yml path filter omits crates/sparq-*-wasm/** — wasm binding drift reaches main undetected
clear the needs:area park	Classify the needs:area backlog	2026-09-09T22:01:18.7574056Z    DEFERRED #4886 sparq-wasm client: @sparq/client typed facade does not surface the new store-backed SHACL validateStore binding
clear the needs:area park	Classify the needs:area backlog	2026-09-09T22:01:18.7574418Z    DEFERRED #4887 sparq-mpc sparq-mpc bench: record the declared BackendInfo.requires_preprocessing in the matrix JSON rows
clear the needs:area park	Classify the needs:area backlog	2026-09-09T22:01:18.7574800Z    DEFERRED #4888 sparq-mpc sparq-mpc: let SecurityRequirement/BackendRegistry fail closed on a preprocessing BUDGET ceiling
clear the needs:area park	Classify the needs:area backlog	2026-09-09T22:01:18.7575162Z    DEFERRED #4889 docs docs(lws): handler.rs module docs carry the same over-broad "each handler runs WAC" claim as ldp/mod.rs did
clear the needs:area park	Classify the needs:area backlog	2026-09-09T22:01:18.7575529Z    DEFERRED #4891 gui gui.yml: "site build + typecheck (consuming @sparq/client)" went red on a PR that changes no input of that job
clear the needs:area park	Classify the needs:area backlog	2026-09-09T22:01:18.7575924Z    DEFERRED #4893 sparq-lws-core dependabot has no `docker` ecosystem — base-image digest pins never get bumped
clear the needs:area park	Classify the needs:area backlog	2026-09-09T22:01:18.7576406Z    DEFERRED #4895 sparq-fedplan sparq-fedplan: SourceDescriptor has no explicit char-set completeness flag, so the Phase-6 Rule C2 prune must infer it a
clear the needs:area park	Classify the needs:area backlog	2026-09-09T22:01:18.7576742Z    DEFERRED #4896 sparq-fedplan-mpc MPC seam: Phase 6 prune_source_combinations is exported but no caller acts on it
clear the needs:area park	Classify the needs:area backlog	2026-09-09T22:01:18.7577223Z    DEFERRED #4898 sparq-engine-serialize [bug]: Turtle serialization (graph_to_turtle) ~32% slower than Oxigraph 0.5 baseline on a real-document-shaped graph
clear the needs:area park	Classify the needs:area backlog	2026-09-09T22:01:18.7577618Z    DEFERRED #4902 sparq-lws-core sq-gg0qq.7 follow-up: rename the CTH harness target when the sparq-solid-server bin lands (sq-gg0qq.4)
clear the needs:area park	Classify the needs:area backlog	2026-09-09T22:01:18.7577921Z    DEFERRED #4903 sparq-lws-core sq-gg0qq.7 follow-up: make the ath-patched CTH image reproducible in-repo
clear the needs:area park	Classify the needs:area backlog	2026-09-09T22:01:18.7578304Z    DEFERRED #4904 docs Doc honesty: scope the CTH-not-worth-doing conclusion to sparq-server now that sparq-lws-core has a CTH lane
clear the needs:area park	Classify the needs:area backlog	2026-09-09T22:01:18.7578752Z    DEFERRED #4905 sparq-lws-core sq-gg0qq.7 follow-up: promote the hermetic CTH config check into a per-PR lane
clear the needs:area park	Classify the needs:area backlog	2026-09-09T22:01:18.7579411Z    DEFERRED #4908 sparq-bench test(sparq-bench): differential fuzzer has no var-to-var correlated OPTIONAL condition — `try_theta_antijoin`'s FIRING p
clear the needs:area park	Classify the needs:area backlog	2026-09-09T22:01:18.7579826Z    DEFERRED #4910 zk-xpath noir_XPath face repo: correct F&O section citations in duration.nr + duration test_packages (8.4.3/8.4.4/8.3.17/8.3.18)
clear the needs:area park	Classify the needs:area backlog	2026-09-09T22:01:18.7580210Z    DEFERRED #4912 sparq-reason sq-6tykl.5 follow-up: server/introspect surface for the reasoning profile so the GUI can render it
clear the needs:area park	Classify the needs:area backlog	2026-09-09T22:01:18.7580532Z    DEFERRED #4913 sparq-reason sq-6tykl.5 follow-up: profile the N3 chainer and the stratified-datalog evaluator
clear the needs:area park	Classify the needs:area backlog	2026-09-09T22:01:18.7580751Z    DEFERRED #4914 ci CI: `sparq-reason --features profile` has no feature-matrix leg
clear the needs:area park	Classify the needs:area backlog	2026-09-09T22:01:18.7581153Z    DEFERRED #4916 sparq-reason coverage: re-seed the sparq-reason floor from the first with-datalog CI measurement (sq-iwf3c remainder)
clear the needs:area park	Classify the needs:area backlog	2026-09-09T22:01:18.7581741Z    DEFERRED #4918 sparq-lws-core sparq-lws-core: rate_limit.rs docs describe the CTH socat sidecar as unconditional (and contradict themselves on loopbac
clear the needs:area park	Classify the needs:area backlog	2026-09-09T22:01:18.7582105Z    DEFERRED #4920 gui gui/app file-decompress: no bzip2/zstd/zip test — only the gzip path is covered
clear the needs:area park	Classify the needs:area backlog	2026-09-09T22:01:18.7582404Z    DEFERRED #4923 sparq-mcp sparq-mcp: paginate resources/list and prompts/list (MCP cursor/nextCursor)
clear the needs:area park	Classify the needs:area backlog	2026-09-09T22:01:18.7582769Z    DEFERRED #4924 sparq-mcp sparq-mcp: emit notifications/resources/list_changed when an update changes the named-graph set
clear the needs:area park	Classify the needs:area backlog	2026-09-09T22:01:18.7583104Z    DEFERRED #4927 sparq-reason Re-seed sparq-reason coverage floor from the first green with-datalog CI measurement
clear the needs:area park	Classify the needs:area backlog	2026-09-09T22:01:18.7583497Z    DEFERRED #4931 sparq-server sparq-server: 7 broken intra-doc links in private items (only visible under --document-private-items)
clear the needs:area park	Classify the needs:area backlog	2026-09-09T22:01:18.7583919Z    DEFERRED #4932 sparq-server sparq-server point-in-time: reconstruct forward from a backup artifact instead of rewinding the whole graph
clear the needs:area park	Classify the needs:area backlog	2026-09-09T22:01:18.7584397Z    DEFERRED #4933 sparq-server sparq-server point-in-time: replace the O(graph) rewind with a structural-fork/COW delta chain when persistent indexes l
clear the needs:area park	Classify the needs:area backlog	2026-09-09T22:01:18.7584749Z    DEFERRED #4937 site-papers gui.yml `site build + typecheck` lane never compiles site/papers/*.typ (no Typst CLI installed)
clear the needs:area park	Classify the needs:area backlog	2026-09-09T22:01:18.7585153Z    DEFERRED #4938 sparq-mpc sparq-mpc: build the constant-round comparison the WAN selector now names (Rabbit/edaBits offline generator)
clear the needs:area park	Classify the needs:area backlog	2026-09-09T22:01:18.7585480Z    DEFERRED #4939 sparq-mpc sparq-mpc: no Boolean backend, so string/regex FILTER cannot be evaluated securely at all
clear the needs:area park	Classify the needs:area backlog	2026-09-09T22:01:18.7585808Z    DEFERRED #4940 bench sparq-mpc: wire the WAN protocol selector into the pipeline routing and the benchmark matrix
clear the needs:area park	Classify the needs:area backlog	2026-09-09T22:01:18.7586180Z    DEFERRED #4941 sparq-reason coverage ratchet: clear sparq-reason's seed_pending flag once the with-datalog measurement is in
clear the needs:area park	Classify the needs:area backlog	2026-09-09T22:01:18.7586479Z    DEFERRED #4943 sparq-server point-in-time: the log-LEADS-ring race maps to a 500, not a retryable 503
clear the needs:area park	Classify the needs:area backlog	2026-09-09T22:01:18.7586753Z    DEFERRED #4945 js js: Dataset.import still buffers the whole quad Stream before applying one delta
clear the needs:area park	Classify the needs:area backlog	2026-09-09T22:01:18.7587087Z    DEFERRED #4946 js js: SparqSource.removeMatches/deleteGraph materialise the whole matched graph before removing
clear the needs:area park	Classify the needs:area backlog	2026-09-09T22:01:18.7587422Z    DEFERRED #4947 js js: deleteGraph(string) reads a leading '_:' as an IRI, where N3.js reads it as a blank-node graph name
clear the needs:area park	Classify the needs:area backlog	2026-09-09T22:01:18.7587873Z    DEFERRED #4950 sparq-mpc Honesty drift: lib.rs says auth_compare is reported as OperatorClass::Comparison @ Malicious+Abort, but shamir.rs report
clear the needs:area park	Classify the needs:area backlog	2026-09-09T22:01:18.7588201Z    DEFERRED #4952 sparq-lws-core sq-gg0qq.6 follow-on: re-home origin/feat/lws into a crates/sparq-lws profile crate
clear the needs:area park	Classify the needs:area backlog	2026-09-09T22:01:18.7588541Z    DEFERRED #4953 sparq-lws-core Extend the lws-spec vector coverage ledger beyond evaluate-access (138 pending cases)
clear the needs:area park	Classify the needs:area backlog	2026-09-09T22:01:18.7589118Z    DEFERRED #4954 sparq-lws-core Opt-in CI lane to re-derive the lws-spec access vectors from the N3 rule set under EYE
clear the needs:area park	Classify the needs:area backlog	2026-09-09T22:01:18.7589432Z    DEFERRED #4955 sparq-lws-core Wire authz::access_profile into the LDP request path (soundness-sensitive)
clear the needs:area park	Classify the needs:area backlog	2026-09-09T22:01:18.7589765Z    DEFERRED #4958 sparq-mcp sparq-mcp: wire the Streamable HTTP transport into the `sparq-mcp` binary (`--http ADDR`)
clear the needs:area park	Classify the needs:area backlog	2026-09-09T22:01:18.7590086Z    DEFERRED #4959 sparq-mcp sparq-mcp: deliver SolidMcpServer notifications over the Streamable HTTP SSE stream
clear the needs:area park	Classify the needs:area backlog	2026-09-09T22:01:18.7590350Z    DEFERRED #4960 sparq-mcp sparq-mcp: no graceful shutdown for the Streamable HTTP accept loop
clear the needs:area park	Classify the needs:area backlog	2026-09-09T22:01:18.7590569Z    DEFERRED #4961 sparq-mcp sparq-mcp: Streamable HTTP sessions have no idle expiry
clear the needs:area park	Classify the needs:area backlog	2026-09-09T22:01:18.7591065Z    DEFERRED #4968 ci needs:user — apply model-tiered-scheduler-v2 to .claude/workflows/autonomous-scheduler.js (sq-sgu1.2 remainder)
clear the needs:area park	Classify the needs:area backlog	2026-09-09T22:01:18.7591450Z    DEFERRED #4972 js gui.yml path filter omits crates/sparq-wasm/** — wasm d.ts drift lands on main undetected
clear the needs:area park	Classify the needs:area backlog	2026-09-09T22:01:18.7591859Z    DEFERRED #4973 sparq-bench differential fuzzer: wire the second oracle (Jena/rdflib) into a CI lane
clear the needs:area park	Classify the needs:area backlog	2026-09-09T22:01:18.7592244Z    DEFERRED #4974 sparq-bench SubprocessOracle has no per-query timeout — a hung backend hangs the fuzz run
clear the needs:area park	Classify the needs:area backlog	2026-09-09T22:01:18.7592543Z    DEFERRED #4975 sparq-server pit: a cross-lineage ?at= span is refused as Uncovered (500), not Gap (410)
clear the needs:area park	Classify the needs:area backlog	2026-09-09T22:01:18.7592881Z    DEFERRED #4977 ci feature-matrix.yml comments still explain gating via the superseded pre-#3773 advisory NAME rule
clear the needs:area park	Classify the needs:area backlog	2026-09-09T22:01:18.7593379Z    DEFERRED #4979 ci fuzz.yml: nightly soak is truncated by timeout-minutes — 13 targets x NIGHTLY_SECS=600 is ~130min against a 60min ceilin
clear the needs:area park	Classify the needs:area backlog	2026-09-09T22:01:18.7593755Z    DEFERRED #4980 ci ci-select: five per-workflow `select` pre-jobs each pay a fetch-depth-0 checkout + cargo metadata on every push
clear the needs:area park	Classify the needs:area backlog	2026-09-09T22:01:18.7594168Z    DEFERRED #4981 sparq-mcp sparq-mcp http: over-cap refusals are written on the accept thread, so a non-reading peer can stall accepting
clear the needs:area park	Classify the needs:area backlog	2026-09-09T22:01:18.7594546Z    DEFERRED #4989 sparq-bench sq-qcnn.8 follow-up: provision a nightly lane that actually RUNS the Jena/rdflib oracle harnesses
clear the needs:area park	Classify the needs:area backlog	2026-09-09T22:01:18.7594955Z    DEFERRED #4991 sparq-bench sq-qcnn.8 follow-up: OracleResult drops the SELECT header variable list, hiding projection-list differences
clear the needs:area park	Classify the needs:area backlog	2026-09-09T22:01:18.7595315Z    DEFERRED #4993 ci test_no_deprecated_models.py pins a workflow FILENAME as a path trigger, forcing a redundant filter entry
clear the needs:area park	Classify the needs:area backlog	2026-09-09T22:01:18.7595826Z    DEFERRED #4995 ci bd-to-issues.py: edge-marker presence check is prefix-ambiguous — `Blocked-by: #26` reads as present in a body carrying 
clear the needs:area park	Classify the needs:area backlog	2026-09-09T22:01:18.7596298Z    DEFERRED #5006 sparq-reason sq-zgbso.4 remainder: give sparq-reason's CompiledRuleSet a build-time emission surface (serialize/const-table) so the N
clear the needs:area park	Classify the needs:area backlog	2026-09-09T22:01:18.7596692Z    DEFERRED #5008 ci docs-duplication (jscpd): consider path-filtering the lane so non-doc PRs skip the ~minutes-long corpus scan
clear the needs:area park	Classify the needs:area backlog	2026-09-09T22:01:18.7597185Z    DEFERRED #5013 sparq-zk-compose Noir program: no `bb` binary in any measurement environment — one missing capability blocks five beads
clear the needs:area park	Classify the needs:area backlog	2026-09-09T22:01:18.7597601Z    DEFERRED #5015 sparq-wrapper-shacl sparq-wrapper-shacl: provide a Store -> generated `Source` adapter so consumers don't hand-write it
clear the needs:area park	Classify the needs:area backlog	2026-09-09T22:01:18.7597981Z    DEFERRED #5016 sparq-wrapper-gen sparq-wrapper-gen: give the SHACL object-model generator an entry point (build script / CLI)
clear the needs:area park	Classify the needs:area backlog	2026-09-09T22:01:18.7598382Z    DEFERRED #5017 sparq-bench sparq-bench fuzz scratch directories use predictable, process-id-derived names in the shared temp dir
clear the needs:area park	Classify the needs:area backlog	2026-09-09T22:01:18.7598740Z    DEFERRED #5023 ci preflight.py should run the C1 feature-gated-test-execution guard (it is mechanical and diff-local)
clear the needs:area park	Classify the needs:area backlog	2026-09-09T22:01:18.7599178Z    DEFERRED #5034 sparq-serve sparq-serve: expose a cheap re-derived-from-disk change-log trim horizon so /streams tracks an out-of-band trim live
clear the needs:area park	Classify the needs:area backlog	2026-09-09T22:01:18.7599977Z    DEFERRED #5036 sparq-bench research/differential-testing-value-level.md: the "what exists" audit + §3.4 are stale after sq-qcnn.5
clear the needs:area park	Classify the needs:area backlog	2026-09-09T22:01:18.7600366Z    DEFERRED #5037 ci sq-qcnn.6: generator has no ASK / CONSTRUCT / DESCRIBE category, so the new value comparators have no live coverage
clear the needs:area park	Classify the needs:area backlog	2026-09-09T22:01:18.7600821Z    DEFERRED #5038 sparq-engine fuzz.rs: a bnode-bearing ORDER BY answer has its ORDER un-checked (RDFC-1.0 canonicalises the table, discarding row orde
clear the needs:area park	Classify the needs:area backlog	2026-09-09T22:01:18.7601267Z    DEFERRED #5039 sparq-wrapper-shacl sparq-wrapper-shacl: generated loader params `source`/`focus` can be shadowed by a field of the same name
clear the needs:area park	Classify the needs:area backlog	2026-09-09T22:01:18.7601734Z    DEFERRED #5040 sparq-wrapper-shacl sparq-wrapper-shacl: deep ACYCLIC sh:node nesting can still exhaust the stack
clear the needs:area park	Classify the needs:area backlog	2026-09-09T22:01:18.7602045Z    DEFERRED #5045 zk zk-toolchain.yml comment claims sparq_ieee754 @ v0.10.0; the compose tree pins v0.11.0
clear the needs:area park	Classify the needs:area backlog	2026-09-09T22:01:18.7602384Z    DEFERRED #5046 zk-xpath XPath differential lane still pins XPATH_TAG v0.2.0 while noir_XPath v0.3.0 is released
clear the needs:area park	Classify the needs:area backlog	2026-09-09T22:01:18.7602838Z    DEFERRED #5050 docs Doc honesty: research/shacl-compact-and-shuttle-parsers-2026-07.md calls parse_ns_per_byte a "deterministic ... CI floor
clear the needs:area park	Classify the needs:area backlog	2026-09-09T22:01:18.7603259Z    DEFERRED #5051 docs Doc honesty: research/optimization-audit-2026-07.md states parse_ns_per_byte "must hold or improve" as a gate condition
clear the needs:area park	Classify the needs:area backlog	2026-09-09T22:01:18.7603614Z    DEFERRED #5053 site-specs sparq-mcp/sparq-solid docs cite `site/specs/mcp-solid.typ`, which does not exist in the repo
clear the needs:area park	Classify the needs:area backlog	2026-09-09T22:01:18.7604011Z    DEFERRED #5054 sparq-mcp sparq-mcp: extend `accept` content negotiation beyond pod mode (base `construct` tool + `resources/read`)
clear the needs:area park	Classify the needs:area backlog	2026-09-09T22:01:18.7604362Z    DEFERRED #5056 sparq-vectors perf(vectors): ordered NEON kernel for the deterministic exact/Vamana/PQ paths on aarch64
clear the needs:area park	Classify the needs:area backlog	2026-09-09T22:01:18.7604881Z    DEFERRED #5057 bench bench(hardzone): the confirmation-pass wiring test does not pin re-measure ARGUMENT drift — a one-token workload-scale e
clear the needs:area park	Classify the needs:area backlog	2026-09-09T22:01:18.7605272Z    DEFERRED #5059 sparq-bench sparq-bench README.md is 38 lines but declares itself an internal stub (readme-template gate is RED)
clear the needs:area park	Classify the needs:area backlog	2026-09-09T22:01:18.7605804Z    DEFERRED #5069 sparq-policy sparq-policy: eval.rs rustdoc still attributes deny-overrides to a non-existent 'ODRL Formal Semantics §conflict'
clear the needs:area park	Classify the needs:area backlog	2026-09-09T22:01:18.7606143Z    DEFERRED #5070 ci preflight.py misses the feature-matrix leg-name golden, so adding an opt-in leg only reds on CI
clear the needs:area park	Classify the needs:area backlog	2026-09-09T22:01:18.7606457Z    DEFERRED #5072 sparq-kb literature_pilot still assumes OpenAlex is keyless (polite pool retired Feb 2026)
clear the needs:area park	Classify the needs:area backlog	2026-09-09T22:01:18.7606865Z    DEFERRED #5074 sparq-core docs(sparq-core): --no-default-features rustdoc is broken (8 unresolved intra-doc links to mmap-gated items)
clear the needs:area park	Classify the needs:area backlog	2026-09-09T22:01:18.7607317Z    DEFERRED #5075 sparq-text docs(sparq-text): --no-default-features rustdoc is broken (unresolved intra-doc links to engine-gated `rewrite` module)
clear the needs:area park	Classify the needs:area backlog	2026-09-09T22:01:18.7607710Z    DEFERRED #5077 sparq-lws-core sparq-lws-core README: drop the "doc-comments still cite source-repo paths" caveat once #4970 lands
clear the needs:area park	Classify the needs:area backlog	2026-09-09T22:01:18.7608072Z    DEFERRED #5078 sparq-lws-core sparq-lws-core: two design citations used a bare filename and escaped the namespace sweep
clear the needs:area park	Classify the needs:area backlog	2026-09-09T22:01:18.7608558Z    DEFERRED #5080 ci ci: wiring pins miss the job-level if: — 'if: false' disables a pinned command with the suite green (~33 commands affect
clear the needs:area park	Classify the needs:area backlog	2026-09-09T22:01:18.7608844Z    DEFERRED #5083 knowledge-graph bench/pkg-dogfood: no in-repo driver fans out the tagged A/B arms
clear the needs:area park	Classify the needs:area backlog	2026-09-09T22:01:18.7609198Z    DEFERRED #5084 knowledge-graph bench/pkg-dogfood: analyze3.py and stats.py leak file handles (`json.load(open(...))`)
clear the needs:area park	Classify the needs:area backlog	2026-09-09T22:01:18.7609439Z    DEFERRED #5087 js check-bundle.mjs guards `fzstd` but not the `seek-bzip` bzip2 decoder
clear the needs:area park	Classify the needs:area backlog	2026-09-09T22:01:18.7609789Z    DEFERRED #5088 knowledge-graph bench/pkg-dogfood/analyze3.py grades a missing answer as 0.0 rather than reporting it
clear the needs:area park	Classify the needs:area backlog	2026-09-09T22:01:18.7610466Z    DEFERRED #5090 sparq-reason RDFS materializer under-entails when a rule DERIVES a schema triple (single-pass schema saturation is not a fixpoint)
clear the needs:area park	Classify the needs:area backlog	2026-09-09T22:01:18.7610907Z    DEFERRED #5091 sparq-reason substrate-join forfeits the rayon ABox fan-out in the RDFS sweep (the substrate sweep is serial in both parallel feature
clear the needs:area park	Classify the needs:area backlog	2026-09-09T22:01:18.7611317Z    DEFERRED #5094 sparq-lws-core Issue #4971 (and likely its sq-gg0qq.10 siblings) cites a research/lws-design-records.md that does not exist
clear the needs:area park	Classify the needs:area backlog	2026-09-09T22:01:18.7611766Z    DEFERRED #5100 gui GUI: SHACL shapes loaded in the SHACL tool are invisible to the query builder's shape-aware pickers
clear the needs:area park	Classify the needs:area backlog	2026-09-09T22:01:18.7612070Z    DEFERRED #5101 gui GUI: visual query builder cannot round-trip hand-edited SPARQL back into the canvas
clear the needs:area park	Classify the needs:area backlog	2026-09-09T22:01:18.7612326Z    DEFERRED #5102 gui GUI: query-builder NOT-EXISTS branches are limited to a leaf node in v1
clear the needs:area park	Classify the needs:area backlog	2026-09-09T22:01:18.7612613Z    DEFERRED #5106 ci test_ring_credential_loud.py silently mis-diagnoses when `jq` is absent from PATH
clear the needs:area park	Classify the needs:area backlog	2026-09-09T22:01:18.7613038Z    DEFERRED #5107 ci selftest write guard: neutralisation is order-insensitive (accepts a seam rebound AFTER the write), and the self-test po
clear the needs:area park	Classify the needs:area backlog	2026-09-09T22:01:18.7613366Z    DEFERRED #5108 ci test_ring_credential_loud.py misreports a missing `jq` as "the control is a no-op in BOTH states"
clear the needs:area park	Classify the needs:area backlog	2026-09-09T22:01:18.7613754Z    DEFERRED #5110 ci Dispatch datalog-souffle.yml once to validate the runner-side Soufflé install step
clear the needs:area park	Classify the needs:area backlog	2026-09-09T22:01:18.7614172Z    DEFERRED #5111 sparq-reason Re-seed the sparq-reason coverage floor: it is still seed_pending and could not be measured for sq-xzb9p either
clear the needs:area park	Classify the needs:area backlog	2026-09-09T22:01:18.7614472Z    DEFERRED #5114 js site/src/lib/dataset-archive.ts duplicates packages/sparq-client/src/decompress.ts
clear the needs:area park	Classify the needs:area backlog	2026-09-09T22:01:18.7614942Z    DEFERRED #5121 ci ci(alarm): review-alarm.yml has failed 8 consecutive scheduled runs — the watchdog has been blind since 07-27
clear the needs:area park	Classify the needs:area backlog	2026-09-09T22:01:18.7615345Z    DEFERRED #5129 sparq-server preflight.py misses the C1 feature-gated-test-execution guard and the feature-matrix tier ratchet
clear the needs:area park	Classify the needs:area backlog	2026-09-09T22:01:18.7615715Z    DEFERRED #5134 sparq-bench sparq-bench: two independent oxrdf -> sparq-difftest neutral-term bridges after the #4988 merge
clear the needs:area park	Classify the needs:area backlog	2026-09-09T22:01:18.7616051Z    DEFERRED #5136 ci pr-area-label: move the write-capable label mutation to a trusted-definition workflow_run path
clear the needs:area park	Classify the needs:area backlog	2026-09-09T22:01:18.7616359Z    DEFERRED #5142 sparq-mcp sparq-mcp: `resources/subscribe` notifications have no shipped delivery channel
clear the needs:area park	Classify the needs:area backlog	2026-09-09T22:01:18.7616768Z    DEFERRED #5143 sparq-mcp sparq-mcp: lazy BM25 `text_index` forces `&mut self` on a read-only tool, blocking any read/write concurrency split
clear the needs:area park	Classify the needs:area backlog	2026-09-09T22:01:18.7617290Z    DEFERRED #5144 sparq-lws-core sparq-lws-core README sits exactly AT the 120-line readme-template cap — next doc addition reds docs-quality
clear the needs:area park	Classify the needs:area backlog	2026-09-09T22:01:18.7617563Z    DEFERRED #5152 ci Report jscpd markdown-class clone false positives upstream (kucherenko/jscpd)
clear the needs:area park	Classify the needs:area backlog	2026-09-09T22:01:18.7617832Z    DEFERRED #5153 ci ci-latency-alarm: 1 CI execution-latency breach(es) in sparq-org/sparq
clear the needs:area park	Classify the needs:area backlog	2026-09-09T22:01:18.7618197Z    DEFERRED #5168 ci ci(miri): a shard queueing 2 heavy tests can still be CANCELLED at the 130m backstop before its classifier runs
clear the needs:area park	Classify the needs:area backlog	2026-09-09T22:01:18.7618657Z    DEFERRED #5169 sparq-substrate ci(formal-verification): split the 26-harness sparq-substrate compare ORDER-law suite into multiple matrix entries
clear the needs:area park	Classify the needs:area backlog	2026-09-09T22:01:18.7618980Z    DEFERRED #5171 ci coverage: extend changed-cone enforcement to the dedicated sparq-engine coverage pipeline
clear the needs:area park	Classify the needs:area backlog	2026-09-09T22:01:18.7619272Z    DEFERRED #5172 sparq-shacl coverage.sh: skip the W3C fixture fetch when the resolved crate list is empty
clear the needs:area park	Classify the needs:area backlog	2026-09-09T22:01:18.7619554Z    DEFERRED #5173 ci cone_coverage.py: rename shadow_report() / the shadow-report CLI mode to report()
clear the needs:area park	Classify the needs:area backlog	2026-09-09T22:01:18.7619895Z    DEFERRED #5174 site-papers paper-evidence: memsafety.unsafe_sites_core `note` still cites a stale "76-site total"
clear the needs:area park	Classify the needs:area backlog	2026-09-09T22:01:18.7620460Z    DEFERRED #5175 sparq-zk sparq-zk: `VcCryptosuite` doc still calls the SD suites "a deferred seam" after sq-u5y1f landed
clear the needs:area park	Classify the needs:area backlog	2026-09-09T22:01:18.7620855Z    DEFERRED #5176 sparq-zk sparq-zk: SD ingest seam (sq-u5y1f) public API is absent from `skills/zk-query-proofs/SKILL.md` + crate README
clear the needs:area park	Classify the needs:area backlog	2026-09-09T22:01:18.7621167Z    DEFERRED #5178 ci ci-summary-status: close the quiet-head liveness gap before the required-check migration
clear the needs:area park	Classify the needs:area backlog	2026-09-09T22:01:18.7621498Z    DEFERRED #5179 ci ci-summary-status: move the bounded cancelled-run re-dispatch into the event-driven evaluator
clear the needs:area park	Classify the needs:area backlog	2026-09-09T22:01:18.7621959Z    DEFERRED #5180 ci Maintainer sign-off: add `ci-summary-status` alongside `gate` in the main branch-protection ruleset
clear the needs:area park	Classify the needs:area backlog	2026-09-09T22:01:18.7622207Z    DEFERRED #5181 ci Measure the ci-summary-status workflow_run self-chain no-op run volume
clear the needs:area park	Classify the needs:area backlog	2026-09-09T22:01:18.7622520Z    DEFERRED #5184 ci CI: `test (load-aware shard heavy-hnsw)` red on PR #5146 with no reproducible cause in the tree
clear the needs:area park	Classify the needs:area backlog	2026-09-09T22:01:18.7622938Z    DEFERRED #5186 sparq-conformance inference-conformance-report.md carries a hand-added scope paragraph the emitter never writes
clear the needs:area park	Classify the needs:area backlog	2026-09-09T22:01:18.7623394Z    DEFERRED #5187 site-papers Conformance ratchet floors are copied into ASSURANCE.md and site/src/data/paper-evidence.json with no machine binding to
clear the needs:area park	Classify the needs:area backlog	2026-09-09T22:01:18.7623747Z    DEFERRED #5188 ci feature-matrix: close the sparq-canon/rdf12-triple-terms C1 allowlist gap now that a fragment exists
clear the needs:area park	Classify the needs:area backlog	2026-09-09T22:01:18.7624280Z    DEFERRED #5190 gui,deps sq-mc06h: remaining engine-embedding surfaces — gui/src-tauri decision + sparq-wasm byte-identical feature-off gate
clear the needs:area park	Classify the needs:area backlog	2026-09-09T22:01:18.7624645Z    DEFERRED #5191 sparq-py sparq-py planner tripwire vanishes silently if the features are dropped from `default`
clear the needs:area park	Classify the needs:area backlog	2026-09-09T22:01:18.7624828Z    DEFERRED #5192 ci sparq-mcp has no `--no-default-features` CI lane
clear the needs:area park	Classify the needs:area backlog	2026-09-09T22:01:18.7625115Z    DEFERRED #5193 site Stale "Privacy (ZK / MPC)" theme label in redirect-stub copy and surfaces.ts comment
clear the needs:area park	Classify the needs:area backlog	2026-09-09T22:01:18.7625657Z    DEFERRED #5195 knowledge-graph pkg-query NlToolResult does not surface citations or qualification — GenAI-KB Phase 7 arms P1/P2 are placebos
clear the needs:area park	Classify the needs:area backlog	2026-09-09T22:01:18.7625973Z    DEFERRED #5197 knowledge-graph bench/pkg-dogfood/stats.py asserts "honest": True instead of computing it
clear the needs:area park	Classify the needs:area backlog	2026-09-09T22:01:18.7626386Z    DEFERRED #5204 ci ci: extend the sq-6vshe.1 build-profile trio to the remaining compile-bearing native lanes (miri/fuzz/kani/build-matrix)
clear the needs:area park	Classify the needs:area backlog	2026-09-09T22:01:18.7626787Z    DEFERRED #5205 ci ci(coverage): confirm from a real CI run that cargo-llvm-cov actually extends the new job-level RUSTFLAGS, and record th
clear the needs:area park	Classify the needs:area backlog	2026-09-09T22:01:18.7627315Z    DEFERRED #5208 docs Doc honesty (research/shared-eval-substrate.md): stale wasm_bundle_bytes floor — says 1686907, bench/perf-baseline.json 
clear the needs:area park	Classify the needs:area backlog	2026-09-09T22:01:18.7627678Z    DEFERRED #5210 sparq-reason bench(reason): measure the un-pre-folded Nemo cls-svf1/cls-int1 form against a real Nemo build
clear the needs:area park	Classify the needs:area backlog	2026-09-09T22:01:18.7627935Z    DEFERRED #5211 ci ci: scripts/bench-adapters/test_adapters.py is not run by any workflow
clear the needs:area park	Classify the needs:area backlog	2026-09-09T22:01:18.7628217Z    DEFERRED #5224 e2ee sparq-e2ee-ng: streaming/lazy block fetch for open_object (BlockStore trait)
clear the needs:area park	Classify the needs:area backlog	2026-09-09T22:01:18.7628494Z    DEFERRED #5225 e2ee sparq-e2ee-ng: no golden wire vector for the ObjectNodeV0 Merkle-node plaintext
clear the needs:area park	Classify the needs:area backlog	2026-09-09T22:01:18.7628936Z    DEFERRED #5228 sparq-zk sq-vvfte: append the DualLeafV1 host-commit shapes to research/zk-field-native-encoding.md §14
clear the needs:area park	Classify the needs:area backlog	2026-09-09T22:01:18.7629198Z    DEFERRED #5245 e2ee sparq-e2ee-ng: per-branch read secrets for a multi-branch read capability
clear the needs:area park	Classify the needs:area backlog	2026-09-09T22:01:18.7629547Z    DEFERRED #5246 e2ee sparq-e2ee-ng: design §8.2 does not document profile capability fields 15-18
clear the needs:area park	Classify the needs:area backlog	2026-09-09T22:01:18.7629959Z    DEFERRED #5252 ci preflight's diff-scoped no-perf-numbers invocation bypasses the script's default exclusions (false positives vs CI)
clear the needs:area park	Classify the needs:area backlog	2026-09-09T22:01:18.7630334Z    DEFERRED #5254 ci C1 guard has no local/pre-push runner — the drain path that actually broke it is uncovered
clear the needs:area park	Classify the needs:area backlog	2026-09-09T22:01:18.7630912Z    DEFERRED #5255 ci A conflict resolution can silently DELETE a feature-matrix leg + its golden line and pass every gate
clear the needs:area park	Classify the needs:area backlog	2026-09-09T22:01:18.7631332Z    DEFERRED #5257 ci check-feature-test-execution.py is blind to feature-gated src/ modules, so a whole module's unit tests can silently neve
clear the needs:area park	Classify the needs:area backlog	2026-09-09T22:01:18.7631780Z    DEFERRED #5258 ci test_mergequeue_cache_posture.py cannot see a DUPLICATED `save-if` key in a rust-cache step
clear the needs:area park	Classify the needs:area backlog	2026-09-09T22:01:18.7632232Z    DEFERRED #5262 ci ci: pin merge_queue grouping_strategy=ALLGREEN — the unpinned premise under merge-group test selection
clear the needs:area park	Classify the needs:area backlog	2026-09-09T22:01:18.7632564Z    DEFERRED #5263 sparq-zk-compose LANG_NONE doc comments claim a small field tag "can never collide" a blake3 output
clear the needs:area park	Classify the needs:area backlog	2026-09-09T22:01:18.7633007Z    DEFERRED #5264 sparq-mpc auth_disclose: re-scope the "adopted second operand" tier downgrade to the corrupt-DEALER model (or supply a <=t-party w
clear the needs:area park	Classify the needs:area backlog	2026-09-09T22:01:18.7633449Z    DEFERRED #5265 sparq-server sparq-server query-registry update tests catch the in-flight window by wall-clock, not by a deterministic seam
clear the needs:area park	Classify the needs:area backlog	2026-09-09T22:01:18.7633753Z    DEFERRED #5267 e2ee sparq-e2ee-ng: Capability::encode_secret leaves un-zeroized secret CBOR fragments
clear the needs:area park	Classify the needs:area backlog	2026-09-09T22:01:18.7634122Z    DEFERRED #5268 ci vectors-aarch64: heavy 50k recall tests run without the RAYON_NUM_THREADS=1 pin ci.yml deliberately applies
clear the needs:area park	Classify the needs:area backlog	2026-09-09T22:01:18.7634427Z    DEFERRED #5269 ci CARGO_TERM_COLOR=always + machine-parsed cargo/nextest output is an unguarded CI footgun
clear the needs:area park	Classify the needs:area backlog	2026-09-09T22:01:18.7634802Z    DEFERRED #5270 sparq-mpc MacSession::mac_check_and_open rustdoc states the batched soundness as an alpha-forgery bound only
clear the needs:area park	Classify the needs:area backlog	2026-09-09T22:01:18.7635139Z    DEFERRED #5274 js js: `@jeswr/sparq/wasm/sparq_wasm.js` is documented but unreachable (ERR_PACKAGE_PATH_NOT_EXPORTED)
clear the needs:area park	Classify the needs:area backlog	2026-09-09T22:01:18.7635400Z    DEFERRED #5279 ci Inertness audits pin a hard-coded Rust-CI workflow list that silently shrinks
clear the needs:area park	Classify the needs:area backlog	2026-09-09T22:01:18.7635810Z    DEFERRED #5283 sparq-canon fuzz/tests/canonicalize_nquads.rs is dead code — nothing ever compiles or runs it
clear the needs:area park	Classify the needs:area backlog	2026-09-09T22:01:18.7636192Z    DEFERRED #5285 sparq-solid sq-8n6iv (a): Solid-OIDC / DPoP token validation + principal derivation for an authenticated MCP path
clear the needs:area park	Classify the needs:area backlog	2026-09-09T22:01:18.7636486Z    DEFERRED #5287 sparq-mcp sparq-mcp pod mode: container_list returns members the session may not read
clear the needs:area park	Classify the needs:area backlog	2026-09-09T22:01:18.7636872Z    DEFERRED #5288 site-specs Doc drift: crates/sparq-mcp and skills/agent-tools cite site/specs/mcp-solid.typ, which does not exist
clear the needs:area park	Classify the needs:area backlog	2026-09-09T22:01:18.7637152Z    DEFERRED #5290 sparq-serve change-stream: per-commit CDC recording is O(full graph), not O(delta)
clear the needs:area park	Classify the needs:area backlog	2026-09-09T22:01:18.7637600Z    DEFERRED #5292 sparq-trust sparq-trust README honesty sweep: a merged feature was documented as PLANNED — not implemented
clear the needs:area park	Classify the needs:area backlog	2026-09-09T22:01:18.7638055Z    DEFERRED #5294 sparq-conformance inference report: committed Overall heading + provenance paragraph are hand-edits the generator cannot reproduce
clear the needs:area park	Classify the needs:area backlog	2026-09-09T22:01:18.7638435Z    DEFERRED #5295 ci Generalize the ratchet-copy drift gate to the SPARQL conformance job (RATCHET=1229) and scoreboard.rs prose
clear the needs:area park	Classify the needs:area backlog	2026-09-09T22:01:18.7638874Z    DEFERRED #5298 sparq-zk sparq-zk: ZkDataset::query_traced should reject FROM / FROM NAMED prover-side, symmetric to the verifier gate (sq-p2hci 
clear the needs:area park	Classify the needs:area backlog	2026-09-09T22:01:18.7639290Z    DEFERRED #5301 ci CI cache: the same first-writer-wins contention as sq-an4by exists on the cross-workflow `site-wasm` / `differential-nig
clear the needs:area park	Classify the needs:area backlog	2026-09-09T22:01:18.7639658Z    DEFERRED #5302 sparq-trust trust-expression fixture guard: substring scan for KNOWN_FAILING is self-triggering by design
clear the needs:area park	Classify the needs:area backlog	2026-09-09T22:01:18.7639945Z    DEFERRED #5307 ci CI: scripts/agent-telemetry/**/*.md is gated by lychee + typos but not by markdownlint
clear the needs:area park	Classify the needs:area backlog	2026-09-09T22:01:18.7640264Z    DEFERRED #5309 sparq-solid sparq-solid: deterministic per-document skolemization (replace positional gix)
clear the needs:area park	Classify the needs:area backlog	2026-09-09T22:01:18.7640595Z    DEFERRED #5310 sparq-solid sparq-solid: memoize the resource set + ancestry closure (invariant under ACL writes)
clear the needs:area park	Classify the needs:area backlog	2026-09-09T22:01:18.7641109Z    DEFERRED #5311 sparq-solid sparq-solid: global principal-lattice summary + full-materialize fallback
clear the needs:area park	Classify the needs:area backlog	2026-09-09T22:01:18.7641652Z    DEFERRED #5312 sparq-solid sparq-solid: control-document dependency + reverse-dependency index (with rule-linkage exhaustiveness test)
clear the needs:area park	Classify the needs:area backlog	2026-09-09T22:01:18.7641995Z    DEFERRED #5313 sparq-solid sparq-solid: scoped-vs-full materializer property-test harness (7 named regressions)
clear the needs:area park	Classify the needs:area backlog	2026-09-09T22:01:18.7642210Z    DEFERRED #5314 sparq-solid sparq-solid: WAC pod-scoped materialize + splice
clear the needs:area park	Classify the needs:area backlog	2026-09-09T22:01:18.7642420Z    DEFERRED #5315 sparq-solid sparq-solid: ACP pod-scoped materialize + splice
clear the needs:area park	Classify the needs:area backlog	2026-09-09T22:01:18.7642796Z    DEFERRED #5316 sparq-solid sparq-solid: AuthIndex per-origin bucket patch (replace whole-view from_graph on the scoped path)
clear the needs:area park	Classify the needs:area backlog	2026-09-09T22:01:18.7643041Z    DEFERRED #5317 sparq-solid sparq-solid: scoped invalidation for group-document edits
clear the needs:area park	Classify the needs:area backlog	2026-09-09T22:01:18.7643468Z    DEFERRED #5321 zk-xpath noir_XPath: mirror the fn:avg(()) divergence decision upstream (verify actual behaviour + doc-comment it at the source)
clear the needs:area park	Classify the needs:area backlog	2026-09-09T22:01:18.7643841Z    DEFERRED #5323 sparq-trust sq-pfae.11 residue: real Control-gating wiring + in-.acr ABAC-rule discovery (both P4 / sq-pfae.5)
clear the needs:area park	Classify the needs:area backlog	2026-09-09T22:01:18.7644265Z    DEFERRED #5325 ci Wire scripts/bead-export-sync.sh --apply into the autonomous-scheduler tick (not just the AGENTS.md maintenance loop)
clear the needs:area park	Classify the needs:area backlog	2026-09-09T22:01:18.7644533Z    DEFERRED #5326 ci Add a staleness ALARM for the committed bead board (.beads/issues.jsonl on main)
clear the needs:area park	Classify the needs:area backlog	2026-09-09T22:01:18.7644968Z    DEFERRED #5330 ci,sparq-vectors vamana-disk: give the extracted crate a heavy-recall CI shard and move the 50k harness + pareto_bench down to it
clear the needs:area park	Classify the needs:area backlog	2026-09-09T22:01:18.7645260Z    DEFERRED #5331 ci vamana-disk: not covered by the cargo-mutants matrix or the per-crate coverage ratchet
clear the needs:area park	Classify the needs:area backlog	2026-09-09T22:01:18.7645569Z    DEFERRED #5335 sparq-vectors test(vectors): no in-tree NEON equivalent of the x86_64 AVX2 non-vacuity guard
clear the needs:area park	Classify the needs:area backlog	2026-09-09T22:01:18.7645939Z    DEFERRED #5337 sparq-reason sparq-reason: fold the two derived-integer XSD facet tables into one crate-internal table
clear the needs:area park	Classify the needs:area backlog	2026-09-09T22:01:18.7646254Z    DEFERRED #5339 ci sparq-server: add feature-matrix legs for `shacl` and `backup` (allowlisted no-executor gaps)
clear the needs:area park	Classify the needs:area backlog	2026-09-09T22:01:18.7646601Z    DEFERRED #5340 ci sparq-server: `n3-patch`-gated tests in tests/gsp_patch.rs have no CI executor and no allowlist entry
clear the needs:area park	Classify the needs:area backlog	2026-09-09T22:01:18.7646972Z    DEFERRED #5341 ci mutation ratchet: the per-crate `features:` list in ci.yml drifts silently when a new default-OFF feature lands
clear the needs:area park	Classify the needs:area backlog	2026-09-09T22:01:18.7647349Z    DEFERRED #5344 sparq-solid sparq-solid: decide the trust model for cross-document control triples in the merged reasoner input
clear the needs:area park	Classify the needs:area backlog	2026-09-09T22:01:18.7647779Z    DEFERRED #5347 zk-xpath zk/xpath differential: no guard expires the host-side codepoint->byte substring conversion when noir_XPath gains a codep
clear the needs:area park	Classify the needs:area backlog	2026-09-09T22:01:18.7648133Z    DEFERRED #5348 docs Doc honesty drift: several docs still say the DualLeafV1 leaf encoding is "NOT implemented (sq-j506)"
clear the needs:area park	Classify the needs:area backlog	2026-09-09T22:01:18.7648504Z    DEFERRED #5349 sparq-zk-compose sq-j506 remainder: verify_manifest does not read the recorded zk:scheme to gate sub-proofs
clear the needs:area park	Classify the needs:area backlog	2026-09-09T22:01:18.7648803Z    DEFERRED #5350 sparq-zk GraphCommitment::method is not yet consumed by the ingest/registry write path
clear the needs:area park	Classify the needs:area backlog	2026-09-09T22:01:18.7649099Z    DEFERRED #5356 ci CI: harden the 19 conformance ratchet parsers from first-match (`head -1`) to last-match
clear the needs:area park	Classify the needs:area backlog	2026-09-09T22:01:18.7649529Z    DEFERRED #5358 sparq-canon sparq-canon rdf12 profile: eager permutations() defeats the HNDQ poison-graph guard (OOM instead of fail-closed)
clear the needs:area park	Classify the needs:area backlog	2026-09-09T22:01:18.7649933Z    DEFERRED #5359 sparq-canon sparq-canon: standard path silently rejects RDF-1.2 directional-language literals via the oxrdf-0.2 bridge
clear the needs:area park	Classify the needs:area backlog	2026-09-09T22:01:18.7650342Z    DEFERRED #5360 sparq-difftest deny.toml duplicate-version blocker registry omits sparq-difftest as a holder of oxrdf 0.2 / rdf-canon
clear the needs:area park	Classify the needs:area backlog	2026-09-09T22:01:18.7651078Z    DEFERRED #5362 ci feature-matrix: no lane anywhere runs `cargo test --all-features` for any crate — sparq-solid is the only one now covere
clear the needs:area park	Classify the needs:area backlog	2026-09-09T22:01:18.7651482Z    DEFERRED #5368 ci ci: flaky-leg rerun probe only covers omnibus branches, so a red feature-matrix leg on a normal PR has no flake evidence
clear the needs:area park	Classify the needs:area backlog	2026-09-09T22:01:18.7651849Z    DEFERRED #5369 ci CI: no gate catches a duplicate YAML mapping key in .github/workflows/*.yml
clear the needs:area park	Classify the needs:area backlog	2026-09-09T22:01:18.7652259Z    DEFERRED #5373 sparq-reason eyereasoner-compat: wire the _plus_rules output modes to the new reason_n3_pass_all (sq-xqchl.2 second half)
clear the needs:area park	Classify the needs:area backlog	2026-09-09T22:01:18.7652621Z    DEFERRED #5375 sparq-zk-compose ZK: no prover-side helper derives the honest `ProofManifest::pattern_scans` declaration
clear the needs:area park	Classify the needs:area backlog	2026-09-09T22:01:18.7653213Z    DEFERRED #5376 sparq-zk-compose ZK: `global_attributions` and `bind_joins` still resolve pattern→scan by constant MEMBERSHIP, not the declared `pattern_
clear the needs:area park	Classify the needs:area backlog	2026-09-09T22:01:18.7653532Z    DEFERRED #5379 ci ci(gate): close or re-scope #3758 — its residual is now fully addressed
clear the needs:area park	Classify the needs:area backlog	2026-09-09T22:01:18.7653843Z    DEFERRED #5383 sparq-solid Audit ACP for other unrecognized-attribute fail-OPEN matchers beyond acp:vc
clear the needs:area park	Classify the needs:area backlog	2026-09-09T22:01:18.7654217Z    DEFERRED #5386 sparq-zk-compose zk-compose: query-semantic witness that scans excluded by `pattern_scans` cannot contribute
clear the needs:area park	Classify the needs:area backlog	2026-09-09T22:01:18.7654696Z    DEFERRED #5387 ci docs(honesty): OpenSSF slice still claims Scorecard uploads SARIF to code-scanning — the upload step was removed
clear the needs:area park	Classify the needs:area backlog	2026-09-09T22:01:18.7655199Z    DEFERRED #5388 ci docs(honesty): CIS slice contradicts itself on GX-12 — gap-register says container scanning ADDRESSED, controls.md/READM
clear the needs:area park	Classify the needs:area backlog	2026-09-09T22:01:18.7655557Z    DEFERRED #5389 docs docs(honesty): unsafe-crate count drift across compliance slices (26/31 vs 31/36 vs threat-model 42/44)
clear the needs:area park	Classify the needs:area backlog	2026-09-09T22:01:18.7655868Z    DEFERRED #5390 ci chore(compliance): grep-a-workflow-file evidence steps prove existence, not execution
clear the needs:area park	Classify the needs:area backlog	2026-09-09T22:01:18.7656190Z    DEFERRED #5391 sparq-reason reason_n3_pass_all leaks the engine-internal `__ua_` name for @forAll universals
clear the needs:area park	Classify the needs:area backlog	2026-09-09T22:01:18.7656461Z    DEFERRED #5394 ci bd-to-issues.py plan() silently drops bd's `blocked-by`-typed dependency rows
clear the needs:area park	Classify the needs:area backlog	2026-09-09T22:01:18.7656811Z    DEFERRED #5395 ci Decide (and then implement or decline) mirroring bd blocker edges into NATIVE GitHub issue dependencies
clear the needs:area park	Classify the needs:area backlog	2026-09-09T22:01:18.7657111Z    DEFERRED #5398 ci The required-check name `gate` is now hard-coded in three scripts with no cross-file pin
clear the needs:area park	Classify the needs:area backlog	2026-09-09T22:01:18.7657476Z    DEFERRED #5410 sparq-vectors Cross-reference the external-key .spqv profile from the urn:concept verifier design record
clear the needs:area park	Classify the needs:area backlog	2026-09-09T22:01:18.7657774Z    DEFERRED #5414 js js: `_copy:wasm` still uses `rm -rf`/`cp`, so the git-pin `prepare` build cannot work on Windows
clear the needs:area park	Classify the needs:area backlog	2026-09-09T22:01:18.7658149Z    DEFERRED #5420 sparq-mpc MPC: MacSession::auth_mul needs Chida-style multiplication-gate verification binding BOTH operands
clear the needs:area park	Classify the needs:area backlog	2026-09-09T22:01:18.7658431Z    DEFERRED #5423 ci docs-quality.yml: no lint catches the same gate script wired into one job twice
clear the needs:area park	Classify the needs:area backlog	2026-09-09T22:01:18.7658875Z    DEFERRED #5449 sparq-mpc MPC: pre-existing "MAC-check before open" wording overstates the transcript ordering across auth_compare / auth_disclose
clear the needs:area park	Classify the needs:area backlog	2026-09-09T22:01:18.7659233Z    DEFERRED #5458 ci Decide whether the unattributed residue should be PARKED needs:area, not only counted (#5004 write half)
clear the needs:area park	Classify the needs:area backlog	2026-09-09T22:01:18.7659714Z    DEFERRED #5468 sparq-zk sparq-zk: VALUE_NONE rustdoc omits the §14.1 reserved-tag obligation (and the constant does not satisfy it)
clear the needs:area park	Classify the needs:area backlog	2026-09-09T22:01:18.7660060Z    DEFERRED #5469 sparq-canon sparq-canon rdf12: eager permutation materialization defeats the HNDQ poison-graph guard
clear the needs:area park	Classify the needs:area backlog	2026-09-09T22:01:18.7660428Z    DEFERRED #5470 sparq-difftest deny.toml duplicate-version blocker registry omits sparq-difftest as an oxrdf 0.2 holder
clear the needs:area park	Classify the needs:area backlog	2026-09-09T22:01:18.7660990Z    DEFERRED #5471 sparq-canon Program: delete sparq-canon's oxrdf-0.3 ↔ 0.2 N-Quads bridge (beads for research/sparq-canon-oxrdf03-bridge-removal.md §
clear the needs:area park	Classify the needs:area backlog	2026-09-09T22:01:18.7661680Z    DEFERRED #5477 ci docs gates: book/** is still outside the advisory external-links (lychee online) file list
clear the needs:area park	Classify the needs:area backlog	2026-09-09T22:01:18.7662108Z    DEFERRED #5478 ci advisory.markdownlint-cli2.jsonc ignores only research/ + zk/, but is documented as "whole repo MINUS the HARD-gated dir
clear the needs:area park	Classify the needs:area backlog	2026-09-09T22:01:18.7662603Z    DEFERRED #5479 ci docs gates: the metrics/ "add to lychee once #1064/#1063 merge" note in .markdownlint-cli2.jsonc is now stale — metrics/
clear the needs:area park	Classify the needs:area backlog	2026-09-09T22:01:18.7662957Z    DEFERRED #5482 sparq-canon sparq-canon: the standard path's TripleTerm guard also assumes triple terms are object-only
clear the needs:area park	Classify the needs:area backlog	2026-09-09T22:01:18.7663309Z    DEFERRED #5485 sparq-trust sparq-trust: wire require_one_side_bound into wire::derive_grants as a fail-closed pre-check
clear the needs:area park	Classify the needs:area backlog	2026-09-09T22:01:18.7663726Z    DEFERRED #5486 sparq-trust sparq-trust: admissibility transitive-closure rule is only safe while LEVEL_ORDERS stays a bundled constant
clear the needs:area park	Classify the needs:area backlog	2026-09-09T22:01:18.7664155Z    DEFERRED #5488 sparq-server perf: lock-free ring-pressure gauge so streaming admission does not take the writer-side mutex per request
clear the needs:area park	Classify the needs:area backlog	2026-09-09T22:01:18.7664506Z    DEFERRED #5490 sparq-mpc Reconcile the research records now that sq-shk5 (DP output cardinality + eps budget) has landed
clear the needs:area park	Classify the needs:area backlog	2026-09-09T22:01:18.7664851Z    DEFERRED #5491 sparq-mpc sparq-mpc DP mode: distributed noise generation (the dealer currently learns the true count)
clear the needs:area park	Classify the needs:area backlog	2026-09-09T22:01:18.7665197Z    DEFERRED #5492 sparq-mpc sparq-mpc DP mode: tighter privacy accounting (advanced composition / zCDP) for EpsilonLedger
clear the needs:area park	Classify the needs:area backlog	2026-09-09T22:01:18.7665615Z    DEFERRED #5494 zk zk-toolchain.yml header still cites the externalization-time face-repo versions (noir_IEEE754 v0.10.0, noir_XPath v0.2.0
clear the needs:area park	Classify the needs:area backlog	2026-09-09T22:01:18.7666054Z    DEFERRED #5495 zk-xpath run_differential_harness.sh --update-committed hard-requires nargo even though the golden regeneration is cargo-only
clear the needs:area park	Classify the needs:area backlog	2026-09-09T22:01:18.7666541Z    DEFERRED #5497 sparq-zk-compose M4-v1: cross-check the federated public-input word convention against sparq-zk-compose's single-source reconstruct_publi
clear the needs:area park	Classify the needs:area backlog	2026-09-09T22:01:18.7666968Z    DEFERRED #5498 ci preflight.py misses the C1 feature-gated-test-execution guard, so a new opt-in feature reds the whole feature-matrix on 
clear the needs:area park	Classify the needs:area backlog	2026-09-09T22:01:18.7667300Z    DEFERRED #5506 sparq-zk-compose zk: extend the operand_enc drift guard to the GUI's copy of the committed fixtures
clear the needs:area park	Classify the needs:area backlog	2026-09-09T22:01:18.7667531Z    DEFERRED #5507 gui gui: add Playwright coverage for the new ZK + MPC workbench tools
clear the needs:area park	Classify the needs:area backlog	2026-09-09T22:01:18.7667898Z    DEFERRED #5511 ci test_ring_credential_loud.py depends on ambient `jq` and fails with a misleading assertion when it is absent
clear the needs:area park	Classify the needs:area backlog	2026-09-09T22:01:18.7668203Z    DEFERRED #5516 sparq-server sparq-server: make the degraded-response byte budget operator-configurable
clear the needs:area park	Classify the needs:area backlog	2026-09-09T22:01:18.7668600Z    DEFERRED #5517 sparq-server sparq-server: CSV/TSV/XML SELECT and CONSTRUCT/DESCRIBE still materialise the whole response unbounded
clear the needs:area park	Classify the needs:area backlog	2026-09-09T22:01:18.7668868Z    DEFERRED #5519 gui perf(gui): gui/app is missing the radix-ui barrel tree-shake that site/ has
clear the needs:area park	Classify the needs:area backlog	2026-09-09T22:01:18.7669206Z    DEFERRED #5521 ci sq-lfmvd stage-1 observation: confirm ci-summary-status fires and agrees with `ci-summary / gate`
clear the needs:area park	Classify the needs:area backlog	2026-09-09T22:01:18.7669556Z    DEFERRED #5522 ci sq-lfmvd blocker for stage 3: the cancelled-newest-run re-dispatch has no home in the slotless design
clear the needs:area park	Classify the needs:area backlog	2026-09-09T22:01:18.7669900Z    DEFERRED #5523 ci sq-lfmvd: the slotless evaluator holds every draft PR at `pending` instead of evaluating at draft tier
clear the needs:area park	Classify the needs:area backlog	2026-09-09T22:01:18.7670319Z    DEFERRED #5527 sparq-server slow-query-log: a streamed SELECT's recorded wall time is a lower bound (measurement stops at the response head)
clear the needs:area park	Classify the needs:area backlog	2026-09-09T22:01:18.7670676Z    DEFERRED #5533 ci OrchestrationSafeInertnessTests still audits a hand-maintained Rust-CI workflow list (fail-open)
clear the needs:area park	Classify the needs:area backlog	2026-09-09T22:01:18.7671010Z    DEFERRED #5535 ci selection-alarm: a failed DECLARED-ADVISORY lane both mints a finding and blocks the window bound
clear the needs:area park	Classify the needs:area backlog	2026-09-09T22:01:18.7671718Z    DEFERRED #5536 ci Measure and repair the nightly full-matrix backstop's own health (#5025 acceptance items 1 and 3)
clear the needs:area park	Classify the needs:area backlog	2026-09-09T22:01:18.7672149Z    DEFERRED #5538 sparq-policy sparq-policy: retire VENDORED_SEC_PROP_DIMS exemption now that the vendored dimensions are declared subjects
clear the needs:area park	Classify the needs:area backlog	2026-09-09T22:01:18.7672449Z    DEFERRED #5539 sparq-vectors unsafe-register: the four sparq-vectors simd.rs rows are 2 lines stale
clear the needs:area park	Classify the needs:area backlog	2026-09-09T22:01:18.7672809Z    DEFERRED #5540 site-papers memsafety evidence MS-1: '60 total crates' is stale (live: 68) and the accounting does not add up
clear the needs:area park	Classify the needs:area backlog	2026-09-09T22:01:18.7673079Z    DEFERRED #5541 bench Follow-up to #3699: move the DiskANN recall/Pareto harnesses into sparq-vamana
clear the needs:area park	Classify the needs:area backlog	2026-09-09T22:01:18.7673653Z    DEFERRED #5543 sparq-fedplan-mpc sq-1fo4 follow-up: maintainer decision on §9 Q3 — where the Phase-5 plan digest attaches to the collaborative proof
clear the needs:area park	Classify the needs:area backlog	2026-09-09T22:01:18.7674097Z    DEFERRED #5544 sparq-zk-compose sq-1fo4 follow-up: extend the M4-v1 federated public-input layout to carry the Phase-5 plan digest (audit-gated)
clear the needs:area park	Classify the needs:area backlog	2026-09-09T22:01:18.7674573Z    DEFERRED #5549 sparq-solid sparq-solid: positional skolemization makes put_acl churn unrelated documents' skolem IRIs (defeats the sq-b7k7u diff on
clear the needs:area park	Classify the needs:area backlog	2026-09-09T22:01:18.7675023Z    DEFERRED #5550 sparq-solid sparq-solid: a static-target update_as write to a content-graph group document does not re-materialize the auth view (st
clear the needs:area park	Classify the needs:area backlog	2026-09-09T22:01:18.7675555Z    DEFERRED #5551 sparq-solid sparq-solid: security review — does a named graph <https://> break the container-chain origin-termination assumption?
clear the needs:area park	Classify the needs:area backlog	2026-09-09T22:01:18.7675816Z    DEFERRED #5554 ci pages.yml header asserts an undated live Pages API result as current fact
clear the needs:area park	Classify the needs:area backlog	2026-09-09T22:01:18.7676239Z    DEFERRED #5555 sparq-policy sparq-policy: retire the VENDORED_SEC_PROP_DIMS exemption now that secprop-ext.ttl declares the three subjects
clear the needs:area park	Classify the needs:area backlog	2026-09-09T22:01:18.7676575Z    DEFERRED #5557 ci ci_execution_latency_alarm test: `assertIn("M4-declared-cadence-unachievable", out)` is vacuous
clear the needs:area park	Classify the needs:area backlog	2026-09-09T22:01:18.7677013Z    DEFERRED #5566 ci Container image coordinate is self-contradictory: `ghcr.io/jeswr/sparq-server` vs `ghcr.io/sparq-org/sparq-server` acros
clear the needs:area park	Classify the needs:area backlog	2026-09-09T22:01:18.7677352Z    DEFERRED #5567 ci 23 stale `jeswr/sparq` coordinates remain in `.github/workflows/*.yml` after the #5546 markdown sweep
clear the needs:area park	Classify the needs:area backlog	2026-09-09T22:01:18.7677767Z    DEFERRED #5569 sparq-zk vc_bridge_json: SD suites need `u`/base64url multibase, so a real bbs-2023 / ecdsa-sd-2023 document cannot reach the vc_
clear the needs:area park	Classify the needs:area backlog	2026-09-09T22:01:18.7678085Z    DEFERRED #5571 gui GUI ZK tool: add a real-path browser prove/verify gate in the gui-mock-ipc Playwright lane
clear the needs:area park	Classify the needs:area backlog	2026-09-09T22:01:18.7678548Z    DEFERRED #5572 sparq-zk-compose site: zk-car-hire refusal classification is as broad as the GUI's was (misreports prover failures as cryptographic refus
clear the needs:area park	Classify the needs:area backlog	2026-09-09T22:01:18.7678784Z    DEFERRED #5583 gui GUI MPC panel: no browser test drives the panel's own compute path
clear the needs:area park	Classify the needs:area backlog	2026-09-09T22:01:18.7679154Z    DEFERRED #5585 sparq-engine sparq-engine: mark the pure `update`/`update_prepared` returning-a-new-Graph API `#[must_use]`
clear the needs:area park	Classify the needs:area backlog	2026-09-09T22:01:18.7679620Z    DEFERRED #5587 sparq-canon Triage the 15 kind-(B) recorded gaps in scripts/feature-matrix-unlegged.allowlist.json (per-crate: add a leg or a covera
clear the needs:area park	Classify the needs:area backlog	2026-09-09T22:01:18.7680090Z    DEFERRED #5588 sparq-solid scripts/check-feature-test-execution.allowlist.json carries 7 more entries that look stale (no staleness check exists)
clear the needs:area park	Classify the needs:area backlog	2026-09-09T22:01:18.7680416Z    DEFERRED #5590 ci test_ring_credential_loud.py has an undeclared `jq` dependency and misdiagnoses when it is absent
clear the needs:area park	Classify the needs:area backlog	2026-09-09T22:01:18.7680704Z    DEFERRED #5592 ci Seed sparq-lws-core's line-% coverage floor from the coverage-lws lane's first run
clear the needs:area park	Classify the needs:area backlog	2026-09-09T22:01:18.7681104Z    DEFERRED #5593 sparq-lws-core coverage-nightly now also measures sparq-lws-core — watch its 60-minute budget
clear the needs:area park	Classify the needs:area backlog	2026-09-09T22:01:18.7681645Z    DEFERRED #5596 sparq-zk sq-j3b9 residual: arkworks ark-ff field ops on the signing path are still not asserted constant-time (the actual curve/d
clear the needs:area park	Classify the needs:area backlog	2026-09-09T22:01:18.7682239Z    DEFERRED #5597 sparq-zk sparq-zk sig.rs: derive_nonce leaves unzeroized copies of the secret nonce in Vec<u8> buffers
clear the needs:area park	Classify the needs:area backlog	2026-09-09T22:01:18.7682605Z    DEFERRED #5601 sparq-zk-compose GUI ZK prover duplicates the site's operand_enc fixtures with no drift guard on the copy
clear the needs:area park	Classify the needs:area backlog	2026-09-09T22:01:18.7683009Z    DEFERRED #5604 sparq-trust sparq-trust: reorder admissibility DISCHARGE_RULE premise to avoid a constraint x method cross product
clear the needs:area park	Classify the needs:area backlog	2026-09-09T22:01:18.7683322Z    DEFERRED #5605 sparq-reason sparq-reason: order non-delta join atoms by boundness in match_premise_seeded
clear the needs:area park	Classify the needs:area backlog	2026-09-09T22:01:18.7683650Z    DEFERRED #5606 sparq-reason sparq-reason: add a one-side-bound-seeding (OSB) rule lint over parser::Parsed
clear the needs:area park	Classify the needs:area backlog	2026-09-09T22:01:18.7684085Z    DEFERRED #5607 sparq-trust sparq-trust: gate wire::derive_grants on a decidable rule fragment (it currently accepts arbitrary N3 with no budget)
clear the needs:area park	Classify the needs:area backlog	2026-09-09T22:01:18.7684485Z    DEFERRED #5608 sparq-solid sparq-solid: three wac.n3 rules violate one-side-bound seeding (low-selectivity type atom written first)
clear the needs:area park	Classify the needs:area backlog	2026-09-09T22:01:18.7684813Z    DEFERRED #5609 sparq-trust sparq-trust: derive_conditional_grants runs one full N3 closure per admitted fact
clear the needs:area park	Classify the needs:area backlog	2026-09-09T22:01:18.7685186Z    DEFERRED #5610 bench bench/trust-admission: add the structural cost inputs the P8 analysis names to the deterministic schema
clear the needs:area park	Classify the needs:area backlog	2026-09-09T22:01:18.7685529Z    DEFERRED #5611 sparq-policy sparq-solid: audit acp-a/b/c.n3 and odrl-*.n3 against the one-side-bound seeding property
clear the needs:area park	Classify the needs:area backlog	2026-09-09T22:01:18.7685900Z    DEFERRED #5612 sparq-server slow-query-log: the threshold comparison in the HTTP recording seam is not pinned by any test
clear the needs:area park	Classify the needs:area backlog	2026-09-09T22:01:18.7686215Z    DEFERRED #5613 sparq-server sparq-server README omits the slow-query-log opt-in feature from its feature list
clear the needs:area park	Classify the needs:area backlog	2026-09-09T22:01:18.7686560Z    DEFERRED #5614 ci feature-matrix invariant (3): a crate with no fragment and no registry entry is enumerated by nothing
clear the needs:area park	Classify the needs:area backlog	2026-09-09T22:01:18.7686979Z    DEFERRED #5615 sparq-server Solid conformance: an LDP resource-serving path needs the 401 + WWW-Authenticate lane, not the uniform 403
clear the needs:area park	Classify the needs:area backlog	2026-09-09T22:01:18.7687223Z    DEFERRED #5617 ci CI: no mechanism re-evaluates open PRs when their base branch advances
clear the needs:area park	Classify the needs:area backlog	2026-09-09T22:01:18.7687553Z    DEFERRED #5620 ci preflight.py does not cover the feature-matrix gates (the opt-in-feature PR's most likely red)
clear the needs:area park	Classify the needs:area backlog	2026-09-09T22:01:18.7687969Z    DEFERRED #5622 ci ci(perf): merge_group entry wall regressed ~+6 m between 2026-07-10 and 2026-07-26 — find the cause
clear the needs:area park	Classify the needs:area backlog	2026-09-09T22:01:18.7688310Z    DEFERRED #5623 ci ci(coverage): take a job-level pre/post merge_group sample to attribute the build->test chain growth
clear the needs:area park	Classify the needs:area backlog	2026-09-09T22:01:18.7688712Z    DEFERRED #5632 sparq-mpc sparq-mpc: no entry point gives BOTH malicious integrity and decision-time obliviousness for the hidden join
clear the needs:area park	Classify the needs:area backlog	2026-09-09T22:01:18.7689141Z    DEFERRED #5633 sparq-mpc sparq-mpc: auth_join::malicious_hidden_join holds the whole |L|x|R| authenticated batch in memory for its single sigma o
clear the needs:area park	Classify the needs:area backlog	2026-09-09T22:01:18.7689429Z    DEFERRED #5635 bench bench_registry: whitespace-only benchmark `id = " "` is accepted by _ID_RE
clear the needs:area park	Classify the needs:area backlog	2026-09-09T22:01:18.7689667Z    DEFERRED #5636 ci preflight.py does not enforce the feature-matrix two-file scope rule
clear the needs:area park	Classify the needs:area backlog	2026-09-09T22:01:18.7689975Z    DEFERRED #5637 ci supply-chain gate: two network-bound steps in the GATING lane still have no flake retry
clear the needs:area park	Classify the needs:area backlog	2026-09-09T22:01:18.7690309Z    DEFERRED #5639 ci ci: test_ci_select_wiring guards evaluated against under-populated contexts can pass null-truthy
clear the needs:area park	Classify the needs:area backlog	2026-09-09T22:01:18.7690572Z    DEFERRED #5640 sparq-server sparq-server README: opt-in feature list omits `slow-query-log`
clear the needs:area park	Classify the needs:area backlog	2026-09-09T22:01:18.7691024Z    DEFERRED #5646 sparq-vectors research/genai-urn-concept-verifier-design.md §1 gate verdict is now partially stale
clear the needs:area park	Classify the needs:area backlog	2026-09-09T22:01:18.7691475Z    DEFERRED #5648 ci docs-quality.yml: unquoted step names ending in ` — #NNNN)` are silently truncated by YAML comment parsing
clear the needs:area park	Classify the needs:area backlog	2026-09-09T22:01:18.7692122Z    DEFERRED #5650 sparq-policy ODRL bridge: a collection-valued prohibition denies only the REQUESTING member (one-shot scope)
clear the needs:area park	Classify the needs:area backlog	2026-09-09T22:01:18.7692650Z    DEFERRED #5651 sparq-forms sparq-forms: blank-node labels and triple-term fallback text are still spliced verbatim into SPARQL updates
clear the needs:area park	Classify the needs:area backlog	2026-09-09T22:01:18.7692929Z    DEFERRED #5657 ci sq-6vshe.15 item 3: EXECUTE the sccache A/B dispatch runs and record the verdict
clear the needs:area park	Classify the needs:area backlog	2026-09-09T22:01:18.7693132Z    DEFERRED #5658 ci No actionlint / YAML-validity lane for .github/workflows
clear the needs:area park	Classify the needs:area backlog	2026-09-09T22:01:18.7693599Z    DEFERRED #5659 sparq-policy ODRL bridge: carry PartyCollection IDENTITY separately from membership evidence (close the un-evidenced collection deny/
clear the needs:area park	Classify the needs:area backlog	2026-09-09T22:01:18.7694024Z    DEFERRED #5662 ci ci: per-lane merge_group re-sample for the lanes never measured (vectorized-feature-off, routing-self-tests, pr-area-lab
clear the needs:area park	Classify the needs:area backlog	2026-09-09T22:01:18.7694373Z    DEFERRED #5666 ci ci(cache): give mutants-diff.yml a main-seeded shared-key so it can join the sq-3sbrr save discipline
clear the needs:area park	Classify the needs:area backlog	2026-09-09T22:01:18.7694729Z    DEFERRED #5670 ci ci: lint for the rust-cache `key:`-does-not-share footgun repo-wide, not just the coverage-engine pair
clear the needs:area park	Classify the needs:area backlog	2026-09-09T22:01:18.7695111Z    DEFERRED #5674 ci ci: measure the actual Actions-cache BYTE total on main before/after the conformance-suites shared-key collapse
clear the needs:area park	Classify the needs:area backlog	2026-09-09T22:01:18.7695634Z    DEFERRED #5675 ci ci: coverage-nightly and mutants-nightly-advisory rust-cache steps are also unkeyed — #5214 enumerated 14, there are 16
clear the needs:area park	Classify the needs:area backlog	2026-09-09T22:01:18.7695920Z    DEFERRED #5676 ci flow-on-gates.yml writes pr-labels.txt into the repo ROOT (stageable CI scratch)
clear the needs:area park	Classify the needs:area backlog	2026-09-09T22:01:18.7696373Z    DEFERRED #5680 sparq-zk-compose [selection-alarm] nightly full-matrix shard failure needs crate-triage (change-based selection active in window)
clear the needs:area park	Classify the needs:area backlog	2026-09-09T22:01:18.7696826Z    DEFERRED #5681 sparq-solid sparq-solid: condition_agents rustdoc still describes the pre-Policy::party_collections design (stale after PR #5649 rou
clear the needs:area park	Classify the needs:area backlog	2026-09-09T22:01:18.7697226Z    DEFERRED #5683 ci ci: the remaining `labeled` half of every flip still starts ~5 full workflow runs of skipped no-ops (#5215 follow-up)
clear the needs:area park	Classify the needs:area backlog	2026-09-09T22:01:18.7697612Z    DEFERRED #5684 ci ci: vectorized-feature-off.yml has no #2546 label-trigger guard, so every label event starts both jobs for real
clear the needs:area park	Classify the needs:area backlog	2026-09-09T22:01:18.7698065Z    DEFERRED #5695 sparq-solid sparq-solid: offer a request-ATOMIC budgeted update (update_in_place_atomic_with_budget) so a mid-apply budget trip roll
clear the needs:area park	Classify the needs:area backlog	2026-09-09T22:01:18.7698580Z    DEFERRED #5696 sparq-mcp sparq-mcp: SolidServerConfig/ServerConfig query_timeout_secs is whole-seconds only — no sub-second tool budget
clear the needs:area park	Classify the needs:area backlog	2026-09-09T22:01:18.7699046Z    DEFERRED #5698 sparq-conformance el_suite: DOCUMENTED_DIVERGENCES doc-comment still says "The 28 entries below" — there are 11
clear the needs:area park	Classify the needs:area backlog	2026-09-09T22:01:18.7699531Z    DEFERRED #5699 sparq-reason-el el_suite: re-verify the New-Feature-SelfRestriction-002 divergence against a fetched W3C export (may allow an EL_SUITE_F
clear the needs:area park	Classify the needs:area backlog	2026-09-09T22:01:18.7699912Z    DEFERRED #5703 sparq-lws-core lws notifications: enforce per-resource WAC on subscribe (the sparq#992 blocker has lifted)
clear the needs:area park	Classify the needs:area backlog	2026-09-09T22:01:18.7700261Z    DEFERRED #5704 sparq-lws-core lws: correct five stale M2-next markers (they claim unimplemented work that has shipped)
clear the needs:area park	Classify the needs:area backlog	2026-09-09T22:01:18.7700647Z    DEFERRED #5705 sparq-lws-core lws: pin existence-non-disclosure V5 structurally (container ETag is guarded only by placement)
clear the needs:area park	Classify the needs:area backlog	2026-09-09T22:01:18.7700930Z    DEFERRED #5706 deps supply-chain: promote the hickory 0.26.1 rows from cargo-vet exemption to audit
clear the needs:area park	Classify the needs:area backlog	2026-09-09T22:01:18.7701266Z    DEFERRED #5707 sparq-lws-core lws: optionally confirm the sq-gg0qq.8 branch triage at commit level (needs network)
clear the needs:area park	Classify the needs:area backlog	2026-09-09T22:01:18.7701806Z    DEFERRED #5708 sparq-lws-core lws: object_store-backed BlobStore adapter (S3/Local) — the remaining large M2 item
clear the needs:area park	Classify the needs:area backlog	2026-09-09T22:01:18.7702039Z    DEFERRED #5709 sparq-lws-core lws: support N-Triples/N-Quads/N3 as LDP read formats
clear the needs:area park	Classify the needs:area backlog	2026-09-09T22:01:18.7702453Z    DEFERRED #5710 sparq-server sparq-server README: opt-in feature inventory omits `slow-query-log`
clear the needs:area park	Classify the needs:area backlog	2026-09-09T22:01:18.7702877Z    DEFERRED #5712 sparq-solid preflight.py does not catch wasm32-only compile breakage in wasm-lane crates
clear the needs:area park	Classify the needs:area backlog	2026-09-09T22:01:18.7703334Z    DEFERRED #5715 ci Decide the acir witness-forge dependency route before implementing the noir#13314 L1 guard (§5.8 item 2)
clear the needs:area park	Classify the needs:area backlog	2026-09-09T22:01:18.7703759Z    DEFERRED #5717 ci vectorized-feature-off: run the heavy wasm double-build only when sparq-wasm is in the affected closure (non-draft PRs t
clear the needs:area park	Classify the needs:area backlog	2026-09-09T22:01:18.7704128Z    DEFERRED #5719 bench Register the crates/ + bench/ + site/ generated-golden companions in .github/generated-companions.json
clear the needs:area park	Classify the needs:area backlog	2026-09-09T22:01:18.7704416Z    DEFERRED #5720 bench gen-metric-labels.py --check reports drift but does not name which query moved
clear the needs:area park	Classify the needs:area backlog	2026-09-09T22:01:18.7705004Z    DEFERRED #5721 sparq-wasm,sparq-core,sparq-engine,sparq-substrate artifact-exact-equality (wasm feature-OFF) reds on a PR provably outside the sparq-wasm default-feature closure
clear the needs:area park	Classify the needs:area backlog	2026-09-09T22:01:18.7705370Z    DEFERRED #5724 ci ci-select: audit .github/**-reading gate scripts for the same raw-text hazard #5237 found in sparq-bench
clear the needs:area park	Classify the needs:area backlog	2026-09-09T22:01:18.7705812Z    DEFERRED #5726 sparq-mpc secprop vocab: mint secx:Malicious / secx:Covert / secx:DishonestMajority assumption IRIs (Phase 1 gap blocking full spa
clear the needs:area park	Classify the needs:area backlog	2026-09-09T22:01:18.7706134Z    DEFERRED #5727 ci el_suite: stale divergence count ("28 entries") in DOCUMENTED_DIVERGENCES rustdoc + ci.yml comment
clear the needs:area park	Classify the needs:area backlog	2026-09-09T22:01:18.7706591Z    DEFERRED #5729 ci ci: `text-oracle` + `rsp-oracle` measure 0.98 pairwise — candidates for a second rust-cache shared-key group
clear the needs:area park	Classify the needs:area backlog	2026-09-09T22:01:18.7707122Z    DEFERRED #5731 ci Structural guard C1 (check-feature-test-execution.py) cannot see feature-gated test modules inside src/ — the exact hole
clear the needs:area park	Classify the needs:area backlog	2026-09-09T22:01:18.7707509Z    DEFERRED #5732 ci Sweep every crate for feature-gated lib unit tests that no CI lane runs (sq-mwnko audited sparq-conformance only)
clear the needs:area park	Classify the needs:area backlog	2026-09-09T22:01:18.7707929Z    DEFERRED #5734 ci ci: probe + alarm on merge-queue precondition drift (grouping_strategy != ALLGREEN, or a per-leg name in required_status
clear the needs:area park	Classify the needs:area backlog	2026-09-09T22:01:18.7708256Z    DEFERRED #5735 ci ci: settle merge_group.base_sha semantics for a stacked group and fix the ci-select.yml comment
clear the needs:area park	Classify the needs:area backlog	2026-09-09T22:01:18.7708578Z    DEFERRED #5736 ci ci: measure the cost of `event == merge_group => mode=full` from existing data (natural experiment)
clear the needs:area park	Classify the needs:area backlog	2026-09-09T22:01:18.7708884Z    DEFERRED #5738 sparq-zk-compose ZK drift guard does not cover the GUI's copy of the committed term anchors
clear the needs:area park	Classify the needs:area backlog	2026-09-09T22:01:18.7709185Z    DEFERRED #5744 ci flow-on-gates.yml comment claims "31 tests" for scripts/tests/test_flow_on.py (now 54)
clear the needs:area park	Classify the needs:area backlog	2026-09-09T22:01:18.7709422Z    DEFERRED #5745 ci gui: run the ZK prover integration test (npm run test:zk-proof) in CI
clear the needs:area park	Classify the needs:area backlog	2026-09-09T22:01:18.7709780Z    DEFERRED #5747 ci ci: batch-merge.py constituent_class ignores the ownership map, so a site-only PR still batches as ENGINE
clear the needs:area park	Classify the needs:area backlog	2026-09-09T22:01:18.7710436Z    DEFERRED #5749 sparq-solid security(solid): update WHERE clause reads graphs the actor cannot read — cross-graph copy-out via PodStore::update_as
clear the needs:area park	Classify the needs:area backlog	2026-09-09T22:01:18.7710882Z    DEFERRED #5750 sparq-solid security(solid): update deny verdict is an equality oracle over unreadable data (and the error message discloses the gra
clear the needs:area park	Classify the needs:area backlog	2026-09-09T22:01:18.7711248Z    DEFERRED #5753 ci ci: run scripts/ci_merge_group_poles.py and record the measured top-3 merge_group poles in the fast-lane epic
clear the needs:area park	Classify the needs:area backlog	2026-09-09T22:01:18.7711724Z    DEFERRED #5754 ci ci: several docs-quality.yml step names are silently truncated by an unquoted ' #NNNN' issue reference
clear the needs:area park	Classify the needs:area backlog	2026-09-09T22:01:18.7712138Z    DEFERRED #5756 sparq-reason sparq-reason: a single-pass N3 closure fails OPEN on a stratified rule set that negates via log:collectAllIn
clear the needs:area park	Classify the needs:area backlog	2026-09-09T22:01:18.7712456Z    DEFERRED #5757 sparq-lws-core lws-spec conformance: wire the remaining 9 vector suites (138 of 157 vectors)
clear the needs:area park	Classify the needs:area backlog	2026-09-09T22:01:18.7712829Z    DEFERRED #5758 sparq-shacl lws-spec conformance: vendor the SHACL shapes and wire the document-validation vector operations
clear the needs:area park	Classify the needs:area backlog	2026-09-09T22:01:18.7713404Z    DEFERRED #5759 sparq-lws-core lws-spec conformance: the 19 wired vectors do not cover the rule set's segment-safety guard
clear the needs:area park	Classify the needs:area backlog	2026-09-09T22:01:18.7713921Z    DEFERRED #5761 sparq-reason-dl,sparq-conformance ci.yml DL-direct lane comment cites stale floors (68 profile / 184 direct) and mislabels the re-grep as an `==` pin
clear the needs:area park	Classify the needs:area backlog	2026-09-09T22:01:18.7714239Z    DEFERRED #5762 ci scripts/tests/test_ring_credential_loud.py fails misleadingly when `jq` is absent from PATH
clear the needs:area park	Classify the needs:area backlog	2026-09-09T22:01:18.7714842Z    DEFERRED #5766 sparq-zk-compose noir-optimization-program.md §5.2: re-inventory + re-baseline the sparq measurement corpus (8 documented vs 37 zk/compos
clear the needs:area park	Classify the needs:area backlog	2026-09-09T22:01:18.7715375Z    DEFERRED #5768 sparq-reason-dl,sparq-conformance ci.yml: DL arm comment cites stale pins (68 profile / 184 direct) — source consts are 93 / 227
clear the needs:area park	Classify the needs:area backlog	2026-09-09T22:01:18.7715680Z    DEFERRED #5774 ci solid-conformance CI job should also run the solid-sparql-query query-semantics runner
clear the needs:area park	Classify the needs:area backlog	2026-09-09T22:01:18.7716105Z    DEFERRED #5779 gui GUI graph lens: expose a real ranking signal for the default lens's ?rank (no autocomplete-rank surface on the wasm bund
clear the needs:area park	Classify the needs:area backlog	2026-09-09T22:01:18.7716476Z    DEFERRED #5780 gui GUI graph view: an INFERRED rdf:reifies triple loses its why() explain affordance once annotations are folded
clear the needs:area park	Classify the needs:area backlog	2026-09-09T22:01:18.7716785Z    DEFERRED #5782 gui GUI: surface the lens slot/form contract at authoring + import time, not only at run time
clear the needs:area park	Classify the needs:area backlog	2026-09-09T22:01:18.7717142Z    DEFERRED #5783 gui GUI: the Graph view editor executes a typed SPARQL UPDATE while reporting "use a CONSTRUCT or DESCRIBE"
clear the needs:area park	Classify the needs:area backlog	2026-09-09T22:01:18.7717487Z    DEFERRED #5785 ci Generalise the `jq` tool-dependency precondition to the other bash-driving suites in scripts/tests/
clear the needs:area park	Classify the needs:area backlog	2026-09-09T22:01:18.7718024Z    DEFERRED #5787 sparq-solid solid: pattern-scope replica cache invalidates wholesale — plumb the written-graph set for per-graph invalidation
clear the needs:area park	Classify the needs:area backlog	2026-09-09T22:01:18.7718385Z    DEFERRED #5788 sparq-solid solid: session_cache and scope_cache duplicate the bounded-sharded-map shape
clear the needs:area park	Classify the needs:area backlog	2026-09-09T22:01:18.7718757Z    DEFERRED #5789 sparq-solid solid: PodStore::graph is pub, so direct mutation silently bypasses every derived cache
clear the needs:area park	Classify the needs:area backlog	2026-09-09T22:01:18.7719234Z    DEFERRED #5791 ci ci-summary: exclude `schedule`-triggered runs from the gate's sibling set (implements research/ci-gate-cron-sibling-scop
clear the needs:area park	Classify the needs:area backlog	2026-09-09T22:01:18.7726054Z    DEFERRED #5793 ci Five nightly lane headers claim the ci-summary gate 'never sees' them — true for the PR gate, false for the main push ga
clear the needs:area park	Classify the needs:area backlog	2026-09-09T22:01:18.7726569Z    DEFERRED #5806 ci ci_select: make the workflow raw-text consumers parse-based so `.github/workflows/**` can rejoin the inert-edit carve-ou
clear the needs:area park	Classify the needs:area backlog	2026-09-09T22:01:18.7726885Z    DEFERRED #5816 ci ci.yml: a heavy shard's matrix filter can drift out of HEAVY and silently run ZERO tests
clear the needs:area park	Classify the needs:area backlog	2026-09-09T22:01:18.7727229Z    DEFERRED #5818 ci 4 CI lint scripts document a non-existent `ci-scripts` job (and claim it installs no Python deps)
clear the needs:area park	Classify the needs:area backlog	2026-09-09T22:01:18.7727602Z    DEFERRED #5821 ci Stale rationale comment in test_preflight.py: ci-summary no longer excludes checks by name regex
clear the needs:area park	Classify the needs:area backlog	2026-09-09T22:01:18.7727838Z    DEFERRED #5847 ci CI does not run scripts/push-frontier.sh --dry-run-self-test
clear the needs:area park	Classify the needs:area backlog	2026-09-09T22:01:18.7728165Z    DEFERRED #5855 ci Re-source the wasm-pack doc-hint extractor from .github/wasm-pack-version once #5305 lands
clear the needs:area park	Classify the needs:area backlog	2026-09-09T22:01:18.7728484Z    DEFERRED #5865 ci Add an actionlint workflow-lint lane (waivers are now pre-armed in .github/actionlint.yaml)
clear the needs:area park	Classify the needs:area backlog	2026-09-09T22:01:18.7728814Z    DEFERRED #5870 sparq-zk drift: crate `sparq-zk` carries conformance ratchets outside the central scoreboard
clear the needs:area park	Classify the needs:area backlog	2026-09-09T22:01:18.7729171Z    DEFERRED #5874 docs docs: point the AGENTS.md 'new npm package' row at the package-test-execution guard once #5742 merges
clear the needs:area park	Classify the needs:area backlog	2026-09-09T22:01:18.7729510Z    DEFERRED #5879 ci Workflow-parsing repo gates are unrunnable locally: no PyYAML and no pip in the worker sandbox
clear the needs:area park	Classify the needs:area backlog	2026-09-09T22:01:18.7730121Z    DEFERRED #5880 ci heavy-set-alarm: ci.yml `HEAVY` no longer matches the measured heavy set (UNDECLARED)
clear the needs:area park	Classify the needs:area backlog	2026-09-09T22:01:18.7730538Z    DEFERRED #5882 ci A gating self-test silently skipTests when a host tool is missing (test_workflow_dispatch_contract.py, routing-self-test
clear the needs:area park	Classify the needs:area backlog	2026-09-09T22:01:18.7731150Z    DEFERRED #5884 site-specs pr-backlog: resolve stale PR #4334 — research(orchestration): sub-crate dispatch parallelism — measured; region partitio
clear the needs:area park	Classify the needs:area backlog	2026-09-09T22:01:18.7731709Z    DEFERRED #5890 ci ci-summary: the feature-matrix reporter hold has no unsatisfiable-hold fast-fail (the #3781 treatment)
clear the needs:area park	Classify the needs:area backlog	2026-09-09T22:01:18.7731991Z    DEFERRED #5895 ci bd-to-issues.py::plan() silently drops `blocked-by`-typed dependency rows
clear the needs:area park	Classify the needs:area backlog	2026-09-09T22:01:18.7732295Z    DEFERRED #5896 ci Triage the rest of the unmerged branch fix/readiness-visibility-opus5 before it rots
clear the needs:area park	Classify the needs:area backlog	2026-09-09T22:01:18.7732598Z    DEFERRED #5899 ci merge queue: nothing detects an entry that VANISHES without firing pull_request.dequeued
clear the needs:area park	Classify the needs:area backlog	2026-09-09T22:01:18.7733034Z    DEFERRED #5900 ci merge queue ruleset settings (check_response_timeout_minutes, max_entries_*, grouping strategy) are unrecorded and undet
clear the needs:area park	Classify the needs:area backlog	2026-09-09T22:01:18.7733571Z    DEFERRED #5903 site-specs pr-backlog: resolve stale PR #3435 — ci: batch-merge v2 — batch all eligible + recursive halve-and-land bisection
clear the needs:area park	Classify the needs:area backlog	2026-09-09T22:01:18.7733950Z    DEFERRED #5905 ci beads-infra: automate the .beads/issues.jsonl export itself (post-mutation bd hook or scheduler-tick step)
clear the needs:area park	Classify the needs:area backlog	2026-09-09T22:01:18.7734314Z    DEFERRED #5908 workspace CI: the rustfmt gate does not reach bench/parse, bench/serve or fuzz (separate cargo workspaces)
clear the needs:area park	Classify the needs:area backlog	2026-09-09T22:01:18.7734648Z    DEFERRED #5916 deps supply-chain: bump root `overrides.postcss` to the patched release (needs an npm-capable box)
clear the needs:area park	Classify the needs:area backlog	2026-09-09T22:01:18.7734976Z    DEFERRED #5918 deps supply-chain: `sharp` (alert #32) disposition in supply-chain/npm-advisories.md is unverified
clear the needs:area park	Classify the needs:area backlog	2026-09-09T22:01:18.7735515Z    DEFERRED #5920 site-specs pr-backlog: resolve stale PR #4324 — docs(research): free-cloud overflow capacity — contingency design + security verdic
clear the needs:area park	Classify the needs:area backlog	2026-09-09T22:01:18.7736057Z    DEFERRED #5921 site-specs pr-backlog: resolve stale PR #4194 — docs(research): capability-based model routing — sparq declares requirements, the r
clear the needs:area park	Classify the needs:area backlog	2026-09-09T22:01:18.7736565Z    DEFERRED #5922 site-specs pr-backlog: resolve stale PR #2278 — chore(tooling): vendor the codex-on-EC2 worker in-repo (sq-uhqah) [OPUS-4.8]
clear the needs:area park	Classify the needs:area backlog	2026-09-09T22:01:18.7737085Z    DEFERRED #5923 site-specs pr-backlog: resolve stale PR #1607 — docs(specs): Trust Expression Unofficial Proposal Draft — verifier-holder contract 
clear the needs:area park	Classify the needs:area backlog	2026-09-09T22:01:18.7737597Z    DEFERRED #5928 site-specs pr-backlog: resolve stale PR #4368 — fix(ci): liveness alarm for cron-only lanes + correct the stale org in the EC2 OIDC
clear the needs:area park	Classify the needs:area backlog	2026-09-09T22:01:18.7738117Z    DEFERRED #5929 site-specs pr-backlog: resolve stale PR #4184 — chore(triage): shrink the needs-user front door and stop the reconcile re-parking i
clear the needs:area park	Classify the needs:area backlog	2026-09-09T22:01:18.7738653Z    DEFERRED #5930 site-specs pr-backlog: resolve stale PR #5125 — fix(orchestration): report realisable frontier HEADROOM, not partition contention [
clear the needs:area park	Classify the needs:area backlog	2026-09-09T22:01:18.7739080Z    DEFERRED #6027 ci vectorized-feature-off quick-gates: `cargo metadata` step is network-dependent (git dep) with no retry on a REQUIRED gat
clear the needs:area park	Classify the needs:area backlog	2026-09-09T22:01:18.7739588Z    DEFERRED #6030 ci check-feature-test-execution.py cannot see inline `#[cfg(feature)]` tests in src/ — the exact class sq-mwnko had to clos
clear the needs:area park	Classify the needs:area backlog	2026-09-09T22:01:18.7740012Z    DEFERRED #6032 sparq-mpc sparq-mpc: bind the coin-toss SHARING to its commitment (committed VSS) so an off-commitment contribution is detected
clear the needs:area park	Classify the needs:area backlog	2026-09-09T22:01:18.7740337Z    DEFERRED #6035 sparq-zk-compose ZK anchor drift guard does not cover the gui/app copy of COMMITTED_TERM_ANCHORS
clear the needs:area park	Classify the needs:area backlog	2026-09-09T22:01:18.7740657Z    DEFERRED #6037 ci export-kb-dump.py --dry-run self-test fails: leak-scanner PROBE B (ns1: auto-prefix) EVADED
clear the needs:area park	Classify the needs:area backlog	2026-09-09T22:01:18.7740959Z    DEFERRED #6038 ci lychee internal-links gate does not cover research/, so design-record links are unchecked
clear the needs:area park	Classify the needs:area backlog	2026-09-09T22:01:18.7741680Z    DEFERRED #6040 ci test_ring_credential_loud.py silently depends on host `jq`, so a missing jq masquerades as the #4966 defect
clear the needs:area park	Classify the needs:area backlog	2026-09-09T22:01:18.7742035Z    DEFERRED #6041 sparq-zk-compose ZK term-anchor drift guard does not cover the GUI copy (gui/app/src/lib/zk-filter.ts)
clear the needs:area park	Classify the needs:area backlog	2026-09-09T22:01:18.7742482Z    DEFERRED #6043 site-papers paper-evidence drift: conformance.suite_count still says 7 while scoreboard::SUITES registers 26 conformance rows
clear the needs:area park	Classify the needs:area backlog	2026-09-09T22:01:18.7742746Z    DEFERRED #6051 sparq-mcp sparq-mcp has no request-size cap on the JSON-RPC stdio transport
clear the needs:area park	Classify the needs:area backlog	2026-09-09T22:01:18.7743061Z    DEFERRED #6052 ci el_suite: stale "28 audited divergences" count in the rustdoc + ci.yml job comment (actual: 11)
clear the needs:area park	Classify the needs:area backlog	2026-09-09T22:01:18.7743407Z    DEFERRED #6053 workspace preflight.py silently passes when the pinned toolchain (and clippy/rustfmt) is unavailable
clear the needs:area park	Classify the needs:area backlog	2026-09-09T22:01:18.7743783Z    DEFERRED #6057 site site: competitive matrix still lists "Dataset summary views" as a GAP now that the GUI Overview tool ships
clear the needs:area park	Classify the needs:area backlog	2026-09-09T22:01:18.7744076Z    DEFERRED #6058 gui gui: `abbreviateIri` is now a third private copy of the same IRI-shortening helper
clear the needs:area park	Classify the needs:area backlog	2026-09-09T22:01:18.7744495Z    DEFERRED #6059 deps supply-chain: npx cyclonedx-npm downloads in gen-js-sbom.sh lack the bounded retry its sibling cargo network steps have
clear the needs:area park	Classify the needs:area backlog	2026-09-09T22:01:18.7744776Z    DEFERRED #6062 zk-xpath sparq-engine ROUND(xsd:double("-0.5")) returns +0.0; XPath F&O requires -0.0
clear the needs:area park	Classify the needs:area backlog	2026-09-09T22:01:18.7745125Z    DEFERRED #6063 ci docs-quality: research/**/*.md is in markdownlint HARD scope but NOT in the lychee internal-links scope
clear the needs:area park	Classify the needs:area backlog	2026-09-09T22:01:18.7745506Z    DEFERRED #6065 ci coverage-engine: verify rust-cache does not carry stale .profraw between the run partitions and the merge job
clear the needs:area park	Classify the needs:area backlog	2026-09-09T22:01:18.7745772Z    DEFERRED #6066 sparq-mpc sparq-mpc: raw NUL byte (0x00) embedded in oblivious_join.rs doc comment
clear the needs:area park	Classify the needs:area backlog	2026-09-09T22:01:18.7746092Z    DEFERRED #6067 sparq-vectors Repo hygiene: stale PR-BODY.md narrative scratch doc tracked at the repo root
clear the needs:area park	Classify the needs:area backlog	2026-09-09T22:01:18.7746315Z    DEFERRED #6081 ci ci: prevent ordinary label churn from launching heavy workflows
clear the needs:area park	Classify the needs:area backlog	2026-09-09T22:01:18.7746636Z    DEFERRED #6083 ci ruleset 17688455: flip merge_queue.grouping_strategy ALLGREEN -> HEADGREEN (step 2 of #6048)
clear the needs:area park	Classify the needs:area backlog	2026-09-09T22:01:18.7746984Z    DEFERRED #6094 site-specs Dangling spec reference: site/specs/mcp-solid.typ is cited by 6 files but has never existed
clear the needs:area park	Classify the needs:area backlog	2026-09-09T22:01:18.7747420Z    DEFERRED #6097 sparq-reason-dl,sparq-conformance ci.yml: stale pin counts in the OWL 2 Direct-Semantics lane comment (68/184 vs the real 93/227)
clear the needs:area park	Classify the needs:area backlog	2026-09-09T22:01:18.7747753Z    DEFERRED #6099 site-specs doc drift: `site/specs/mcp-solid.typ` is cited as normative but does not exist in the repo
clear the needs:area park	Classify the needs:area backlog	2026-09-09T22:01:18.7748119Z    DEFERRED #6101 sparq-zk-compose Triage the 17 sensitive cargo features recorded as KNOWN GAP by feature-matrix invariant (3)
clear the needs:area park	Classify the needs:area backlog	2026-09-09T22:01:18.7748600Z    DEFERRED #6102 sparq-trust Stale entry: check-feature-test-execution.allowlist.json says sparq-solid trust-graph has no leg, but the combined leg n
clear the needs:area park	Classify the needs:area backlog	2026-09-09T22:01:18.7749158Z    DEFERRED #6104 sparq-solid sparq-solid: PodStore update path is not request-atomic — evaluate switching to update_in_place_atomic_with_budget
clear the needs:area park	Classify the needs:area backlog	2026-09-09T22:01:18.7749497Z    DEFERRED #6107 docs docs: mpc-security-models-and-benchmarks.md still says the PRSS/coin-toss impl is unbuilt
clear the needs:area park	Classify the needs:area backlog	2026-09-09T22:01:18.7749895Z    DEFERRED #6111 sparq-solid Evaluate switching the Solid update path to the atomic engine primitive once its durability gap is closed
clear the needs:area park	Classify the needs:area backlog	2026-09-09T22:01:18.7750406Z    DEFERRED #6113 sparq-lws-core sparq-lws-core's line coverage (58.61%) is far below every other gated crate — raise it, then ratchet the floor
clear the needs:area park	Classify the needs:area backlog	2026-09-09T22:01:18.7750969Z    DEFERRED #6114 sparq-lws-core coverage-gate.py --seed silently DROPS every crate absent from the summary — a crate-scoped re-seed wipes the floor file
clear the needs:area park	Classify the needs:area backlog	2026-09-09T22:01:18.7751710Z    DEFERRED #6116 sparq-mpc sparq-mpc: VSS dispute round — broadcast + complaint resolution so an abort names the cheater, not the pair
clear the needs:area park	Classify the needs:area backlog	2026-09-09T22:01:18.7752352Z    DEFERRED #6117 sparq-mpc sparq-mpc: route the production input path through DistributedRandomness::vss_own_input (design §5 item 5)
clear the needs:area park	Classify the needs:area backlog	2026-09-09T22:01:18.7752744Z    DEFERRED #6118 ci coverage: sparq-solid is measured with DEFAULT features, so all seven opt-in feature surfaces are un-ratcheted
clear the needs:area park	Classify the needs:area backlog	2026-09-09T22:01:18.7753000Z    DEFERRED #6125 docs Docs: reconcile the PR number cited for bead sq-5reoy (#1599 vs #1602)
clear the needs:area park	Classify the needs:area backlog	2026-09-09T22:01:18.7753332Z    DEFERRED #6128 sparq-lws-core sparq-lws-core: stale "WAC is an unimplemented M2-next seam" prose on the LDP surface
clear the needs:area park	Classify the needs:area backlog	2026-09-09T22:01:18.7753689Z    DEFERRED #6133 ci npm version is unpinned, so `npm install` on npm 10 silently rewrites the npm-11-authored package-lock.json
clear the needs:area park	Classify the needs:area backlog	2026-09-09T22:01:18.7754086Z    DEFERRED #6134 ci `npm ci --ignore-scripts` still runs the js workspace `prepare` hook, so the JS workspace cannot be installed without a 
clear the needs:area park	Classify the needs:area backlog	2026-09-09T22:01:18.7754602Z    DEFERRED #6136 ci ci(cache): release.yml's rust-cache save is dead on arrival (tag-scoped) — needs `save-if: false`, not the main-only gua
clear the needs:area park	Classify the needs:area backlog	2026-09-09T22:01:18.7755191Z    DEFERRED #6137 sparq-mpc,sparq-fedplan-mpc sparq-mpc Cargo.toml header claims "NOTHING in the workspace depends on this crate" — sparq-fedplan-mpc does
clear the needs:area park	Classify the needs:area backlog	2026-09-09T22:01:18.7755440Z    DEFERRED #6139 ci ci: pin the REST of the sq-6vshe.14 KEEP-list the way coverage is now pinned
clear the needs:area park	Classify the needs:area backlog	2026-09-09T22:01:18.7755838Z    DEFERRED #6140 ci research/change-based-test-selection.md still documents the `unlabeled` pull_request trigger removed by #5682
clear the needs:area park	Classify the needs:area backlog	2026-09-09T22:01:18.7756139Z    DEFERRED #6141 sparq-vectors hygiene: PR-BODY.md is a stale narrative scratch doc tracked at the repo root
clear the needs:area park	Classify the needs:area backlog	2026-09-09T22:01:18.7756575Z    DEFERRED #6146 sparq-lws-core sparq-lws-core: lib.rs still lists per-resource subscription authorization as an unimplemented `M2-next:` seam
clear the needs:area park	Classify the needs:area backlog	2026-09-09T22:01:18.7756892Z    DEFERRED #6150 ci ci-select: the rust_changed layer does not benefit from the #5237 comment-only content proof
clear the needs:area park	Classify the needs:area backlog	2026-09-09T22:01:18.7757302Z    DEFERRED #6151 ci ci.yml: the new SIMD non-vacuity guard sits between the nextest archive build and the archive upload, weakening the docu
clear the needs:area park	Classify the needs:area backlog	2026-09-09T22:01:18.7757661Z    DEFERRED #6153 ci ci: run scripts/ci_mergegroup_poles.py and record the current top-3 merge_group poles in the sq-6vshe epic
clear the needs:area park	Classify the needs:area backlog	2026-09-09T22:01:18.7757983Z    DEFERRED #6154 ci zk-toolchain.yml: "this lane's triggers are a strict subset of that one's" is not literally true
clear the needs:area park	Classify the needs:area backlog	2026-09-09T22:01:18.7758534Z    DEFERRED #6161 zk research doc drift: noir-ieee754-directed-rounding-design.md §2 still presumes sq-3x7dl.2's round-half-toward-+∞ mode wi
clear the needs:area park	Classify the needs:area backlog	2026-09-09T22:01:18.7758850Z    DEFERRED #6165 ci ci(supply-chain): the JS SBOM leg lacks the network-flake hardening its Rust siblings have
clear the needs:area park	Classify the needs:area backlog	2026-09-09T22:01:18.7759279Z    DEFERRED #6167 ci sq-6vshe.15 item 1 remainder: decompose the nextest-archive upload into compress-vs-transfer before retuning --zstd-leve
clear the needs:area park	Classify the needs:area backlog	2026-09-09T22:01:18.7759731Z    DEFERRED #6168 ci Run the sccache A/B on main and record the verdict in research/ci-mergequeue-speedup-2026-07.md §3.2
clear the needs:area park	Classify the needs:area backlog	2026-09-09T22:01:18.7760092Z    DEFERRED #6170 sparq-vectors hygiene: repo-root PR-BODY.md is a committed narrative scratch doc (CLAUDE.md forbids these)
clear the needs:area park	Classify the needs:area backlog	2026-09-09T22:01:18.7760500Z    DEFERRED #6176 sparq-solid sparq-solid: `update_as_acp_with_budget` ships with no direct test (and the MCP ACP update branch is untested)
clear the needs:area park	Classify the needs:area backlog	2026-09-09T22:01:18.7760910Z    DEFERRED #6178 ci AGENTS.md and check-install-action-tool.py both name the wrong docs-quality job (ci-scripts, actually quick-gates)
clear the needs:area park	Classify the needs:area backlog	2026-09-09T22:01:18.7761342Z    DEFERRED #6180 gui,deps sparq-wasm: Store.deriveForm should use derive_form_validated so the hosted web app gets F3 validation + DASH suggestion
clear the needs:area park	Classify the needs:area backlog	2026-09-09T22:01:18.7761700Z    DEFERRED #6181 site site: the SHACL-forms capability page predates F3 DASH suggestions
clear the needs:area park	Classify the needs:area backlog	2026-09-09T22:01:18.7762257Z    DEFERRED #6186 sparq-policy secx:assumption is inert in the admissibility reasoner — Phase 6 annotations cannot yet be discharged by an ODRL prefere
clear the needs:area park	Classify the needs:area backlog	2026-09-09T22:01:18.7762864Z    DEFERRED #6187 sparq-zk,sparq-mpc The secprop annotation-graph Turtle parser is duplicated between sparq-zk and sparq-mpc
clear the needs:area park	Classify the needs:area backlog	2026-09-09T22:01:18.7763311Z    DEFERRED #6188 sparq-solid sparq-solid: PodStore::update_as_acp_with_budget has no direct test (ACP branch of the budgeted write path is unpinned)
clear the needs:area park	Classify the needs:area backlog	2026-09-09T22:01:18.7763717Z    DEFERRED #6189 sparq-mpc sparq-mpc: auth_compare still documents itself as AXIS-1 `Malicious` despite the adopted second-operand tamper
clear the needs:area park	Classify the needs:area backlog	2026-09-09T22:01:18.7764153Z    DEFERRED #6191 sparq-solid security(solid): an UPDATE's WHERE clause reads graphs the session has no acl:Read grant on (exfiltration via INSERT ...
clear the needs:area park	Classify the needs:area backlog	2026-09-09T22:01:18.7764584Z    DEFERRED #6192 sparq-solid test(solid): pin the store-transition semantics of a DELETE ... WHERE issued over a pattern-scoped (masked) dataset
clear the needs:area park	Classify the needs:area backlog	2026-09-09T22:01:18.7764991Z    DEFERRED #6194 sparq-lws-core sparq-lws-core: stale `M2-next` / `sparq#992` WAC-not-implemented claims outside the notifications module
clear the needs:area park	Classify the needs:area backlog	2026-09-09T22:01:18.7765288Z    DEFERRED #6196 ci export-kb-dump.py --dry-run blames the leak scanner when rdflib is merely absent
clear the needs:area park	Classify the needs:area backlog	2026-09-09T22:01:18.7765702Z    DEFERRED #6197 ci ci-select: scripts/ready-issues.py is not orchestration-safe, so a Python-only orchestration edit runs the FULL Rust mat
clear the needs:area park	Classify the needs:area backlog	2026-09-09T22:01:18.7766169Z    DEFERRED #6201 sparq-reason sparq-reason: N3 negation-as-failure over same-document derived predicates fails OPEN, and the hazard is documented only
clear the needs:area park	Classify the needs:area backlog	2026-09-09T22:01:18.7766679Z    DEFERRED #6203 ci sparq-vectors tests/ef_sweep.rs shares one temp file across tests — only accidentally isolated by nextest's process-per-
clear the needs:area park	Classify the needs:area backlog	2026-09-09T22:01:18.7767043Z    DEFERRED #6206 sparq-lws-core sparq-lws-core: wire ObjectStoreBlobStore into the server binary's blob-backend selection
clear the needs:area park	Classify the needs:area backlog	2026-09-09T22:01:18.7767398Z    DEFERRED #6208 sparq-lws-core sparq-lws-core: BlobStore::delete_if_unchanged has no backend-native CAS on object_store
clear the needs:area park	Classify the needs:area backlog	2026-09-09T22:01:18.7767684Z    DEFERRED #6211 ci MSRV lane misses test-code breakage: `cargo check` runs without `--all-targets`
clear the needs:area park	Classify the needs:area backlog	2026-09-09T22:01:18.7768017Z    DEFERRED #6214 ci CI gap: test-only compile errors sit latent until an unrelated crate's change widens the affected set
clear the needs:area park	Classify the needs:area backlog	2026-09-09T22:01:18.7768431Z    DEFERRED #6216 ci release.yml `gui-bundle` is the last lane still source-compiling wasm-pack (multi-arch matrix unverified for the prebuil
clear the needs:area park	Classify the needs:area backlog	2026-09-09T22:01:18.7768744Z    DEFERRED #6217 sparq-vectors repo hygiene: PR-BODY.md is a tracked narrative scratch doc left at the repo root
clear the needs:area park	Classify the needs:area backlog	2026-09-09T22:01:18.7769152Z    DEFERRED #6224 sparq-engine engine: pull/Volcano iterator execution model (the remaining half of demand-driven page-wise evaluation)
clear the needs:area park	Classify the needs:area backlog	2026-09-09T22:01:18.7769471Z    DEFERRED #6230 ci export-kb-dump.py --dry-run self-test reports a false FAIL when rdflib is absent (PROBE B)
clear the needs:area park	Classify the needs:area backlog	2026-09-09T22:01:18.7769816Z    DEFERRED #6235 site-specs sparq-mcp/sparq-solid docs cite `site/specs/mcp-solid.typ`, which does not exist in the repo
clear the needs:area park	Classify the needs:area backlog	2026-09-09T22:01:18.7770278Z    DEFERRED #6237 sparq-lws-core sparq-lws-core: the `#[allow(clippy::result_large_err)]` on `NotifyState::authorize_topic_read` is not load-bearing on t
clear the needs:area park	Classify the needs:area backlog	2026-09-09T22:01:18.7770716Z    DEFERRED #6242 ci research/change-based-test-selection.md §7 P1 still states the selector is stdlib-only after #5237
clear the needs:area park	Classify the needs:area backlog	2026-09-09T22:01:18.7771123Z    DEFERRED #6247 ci docs-quality: the typos step claims scope parity with markdownlint but is 324 files short (research/ + zk/ markdown is s
clear the needs:area park	Classify the needs:area backlog	2026-09-09T22:01:18.7771438Z    DEFERRED #6248 ci rust-cache key posture outside ci.yml: `key`-only and unnamed steps are still job-id-scoped
clear the needs:area park	Classify the needs:area backlog	2026-09-09T22:01:18.7772146Z    DEFERRED #6251 ci ~12 GitHub Actions step names are silently truncated at a `#` because they are unquoted YAML scalars
clear the needs:area park	Classify the needs:area backlog	2026-09-09T22:01:18.7773140Z    DEFERRED #6253 sparq-solid perf(solid): scoped_dataset cache-HIT path is O(accessible graph names) — build a borrowed key, materialize only on a mi
clear the needs:area park	Classify the needs:area backlog	2026-09-09T22:01:18.7773905Z    DEFERRED #6254 sparq-solid solid: `PodStore::graph` is `pub`, so direct mutation silently desynchronizes the session index AND (now) the masked-rep
clear the needs:area park	Classify the needs:area backlog	2026-09-09T22:01:18.7774389Z    DEFERRED #6256 gui,deps GUI: desktop URL import is CORS-limited — fetch runs in the webview, not through the native loader
clear the needs:area park	Classify the needs:area backlog	2026-09-09T22:01:18.7774790Z    DEFERRED #6257 gui GUI: web multi-file import records bytes:0 / format:"mixed", which the rail's Imports subgroup now renders as "0 B"
clear the needs:area park	Classify the needs:area backlog	2026-09-09T22:01:18.7775052Z    DEFERRED #6258 gui GUI e2e: no Playwright coverage for the Imports subgroup re-fetch action
clear the needs:area park	Classify the needs:area backlog	2026-09-09T22:01:18.7775580Z    DEFERRED #6259 ci check-workflow-run-swallow.py: a `|| true` inside a double-quoted command substitution "$( … )" is masked away and never
clear the needs:area park	Classify the needs:area backlog	2026-09-09T22:01:18.7775944Z    DEFERRED #6260 ci research/ci-mergequeue-speedup-2026-07.md contradicts the combined-head invariant landed by #6048
clear the needs:area park	Classify the needs:area backlog	2026-09-09T22:01:18.7776428Z    DEFERRED #6261 sparq-lws-core sparq-lws-core: doc drift — the object_store BlobStore adapter is described as unlanded future work
clear the needs:area park	Classify the needs:area backlog	2026-09-09T22:01:18.7776888Z    DEFERRED #6262 sparq-solid coverage ratchet: sparq-solid is measured with DEFAULT features, so the whole `pattern-scope` opt-in surface is outside 
clear the needs:area park	Classify the needs:area backlog	2026-09-09T22:01:18.7777339Z    DEFERRED #6267 ci No gate validates `file:line` citations in research/ records — stale-by-own-diff citations ship undetected
clear the needs:area park	Classify the needs:area backlog	2026-09-09T22:01:18.7778027Z    DEFERRED #6274 sparq-vectors vectors: the NEON kernel has no in-test dispatch assertion — the aarch64 half of #5065 is workflow-only
clear the needs:area park	Classify the needs:area backlog	2026-09-09T22:01:18.7778496Z    DEFERRED #6276 ci docs-quality: promote research/ into the lychee internal-links scope — the stated blocker has landed
clear the needs:area park	Classify the needs:area backlog	2026-09-09T22:01:18.7779195Z    DEFERRED #6277 sparq-lws-core research/lws-spec-conformance-vectors.md §1 describes lib.rs pre-change state that the same PR changes
clear the needs:area park	Classify the needs:area backlog	2026-09-09T22:01:18.7779642Z    DEFERRED #6279 ci Audit every component that WRITES orchestration state against the visibility predicate of the component that consumes it
clear the needs:area park	Classify the needs:area backlog	2026-09-09T22:01:18.7780209Z    DEFERRED #6280 release review-alarm now reports release-plz and dependabot PRs as permanent findings — decide whether a maintainer-reviewed cla
clear the needs:area park	Classify the needs:area backlog	2026-09-09T22:01:18.7780540Z    DEFERRED #6282 sparq-lws-core sparq-lws-core: WAC is not re-evaluated on an already-open notification socket
clear the needs:area park	Classify the needs:area backlog	2026-09-09T22:01:18.7780971Z    DEFERRED #6284 sparq-forms sparq-forms golden fixtures carry the #2384 one-file-scope trap: 8 source fixtures never name their golden companion
clear the needs:area park	Classify the needs:area backlog	2026-09-09T22:01:18.7781415Z    DEFERRED #6285 sparq-kb Two committed goldens have no in-repo regeneration path: bench/rsp-window-differential/fixtures/rsp4j.golden.tsv and cra
clear the needs:area park	Classify the needs:area backlog	2026-09-09T22:01:18.7782044Z    DEFERRED #6286 sparq-acbench sparq-acbench: build_expected_decisions rustdoc claims the regulator row is conditional, but it is unconditional
clear the needs:area park	Classify the needs:area backlog	2026-09-09T22:01:18.7782566Z    DEFERRED #6287 sparq-acbench clippy::too_many_lines is formatting-sensitive, and fmt is now a hard gate — the two thresholds can collide
clear the needs:area park	Classify the needs:area backlog	2026-09-09T22:01:18.7783039Z    DEFERRED #6288 sparq-acbench sparq-acbench U3 ground truth is not test-pinned: deleting a whole AC model from build_expected_decisions leaves all 141
clear the needs:area park	Classify the needs:area backlog	2026-09-09T22:01:18.7783420Z    DEFERRED #6290 ci ci: flip merge-queue grouping_strategy ALLGREEN -> HEADGREEN on ruleset 17688455 (maintainer step for #6048)
clear the needs:area park	Classify the needs:area backlog	2026-09-09T22:01:18.7783882Z    DEFERRED #6304 sparq-lws-core sparq-lws-core is absent from the coverage ratchet (not in coverage.sh PER_COMMIT_CRATES, no bench/coverage-floor.json e
clear the needs:area park	Classify the needs:area backlog	2026-09-09T22:01:18.7784255Z    DEFERRED #6309 sparq-solid sparq-solid: wildcard update deny message discloses a store graph name the session cannot read
clear the needs:area park	Classify the needs:area backlog	2026-09-09T22:01:18.7784674Z    DEFERRED #6310 ci ci_select: scripts/promote.py is missing from _ORCHESTRATION_SAFE (forces the full Rust matrix on orchestration-only PRs
clear the needs:area park	Classify the needs:area backlog	2026-09-09T22:01:18.7785160Z    DEFERRED #6313 sparq-solid sparq-solid docs claim it is "a dependency of nothing in the workspace" — three in-workspace dependents exist
clear the needs:area park	Classify the needs:area backlog	2026-09-09T22:01:18.7785851Z    DEFERRED #6315 ci Remaining lanes still `cargo install wasm-pack --locked` (gui.yml, publish.yml, nightly-full-sweep.yml, pages.yml, site-
clear the needs:area park	Classify the needs:area backlog	2026-09-09T22:01:18.7786133Z    DEFERRED #6319 ci Deduplicate the bd/Go JSONL serializer once scripts/beads-export-sync.py lands
clear the needs:area park	Classify the needs:area backlog	2026-09-09T22:01:18.7786600Z    DEFERRED #6320 sparq-lws-core sparq-lws-core: crate-doc `M2-next:` seam list is stale (subscription WAC now implemented; multipart Range already imple
clear the needs:area park	Classify the needs:area backlog	2026-09-09T22:01:18.7786874Z    DEFERRED #6327 docs docs: PR #6312 adds github.com/jeswr/sparq links after the sparq-org migration
clear the needs:area park	Classify the needs:area backlog	2026-09-09T22:01:18.7787242Z    DEFERRED #6329 sparq-lws-core sparq-lws-core: let the binary select the object_store blob backend (SOLID_SERVER_BLOB_BACKEND)
clear the needs:area park	Classify the needs:area backlog	2026-09-09T22:01:18.7787610Z    DEFERRED #6330 sparq-lws-core sparq-lws-core: no atomic BlobStore::delete_if_unchanged is possible on object_store 0.14
clear the needs:area park	Classify the needs:area backlog	2026-09-09T22:01:18.7788035Z    DEFERRED #6341 ci Mutation ratchet: the persistent red legs (sparq-mpc, sparq-fedplan, sparq-reason, sparq-server) are budget exhaustion, 
clear the needs:area park	Classify the needs:area backlog	2026-09-09T22:01:18.7788559Z    DEFERRED #6342 ci Mutation ratchet: right-size sparq-engine's 24x360min sharding, or lower its cadence — decide from the first report-job 
clear the needs:area park	Classify the needs:area backlog	2026-09-09T22:01:18.7788935Z    DEFERRED #6346 ci ci: bench/pattern-scope/** is unmapped in ci/path-ownership.toml, so any edit there forces the FULL CI matrix
clear the needs:area park	Classify the needs:area backlog	2026-09-09T22:01:18.7789314Z    DEFERRED #6347 gui,deps docs(sparq-solid): stale Cargo.toml comment claims the crate is "a dependency of NOTHING in the workspace"
clear the needs:area park	Classify the needs:area backlog	2026-09-09T22:01:18.7789635Z    DEFERRED #6357 sparq-lws-core sparq-lws-core: accept N-Triples / N-Quads as RDF INPUT on the LDP write path
clear the needs:area park	Classify the needs:area backlog	2026-09-09T22:01:18.7789995Z    DEFERRED #6358 sparq-lws-core sparq-lws-core: LDP conneg does not recognise alias media types for the line/N3 read formats
clear the needs:area park	Classify the needs:area backlog	2026-09-09T22:01:18.7790404Z    DEFERRED #6361 sparq-lws-core sparq-lws-core: cache parsed acl:agentGroup group documents (currently re-read + re-parsed per request)
clear the needs:area park	Classify the needs:area backlog	2026-09-09T22:07:12.8797704Z    DEFERRED #6362 sparq-wac-oracle,sparq-solid sparq-wac-oracle / sparq-solid: confirm acl:agentGroup parity with the sparq-lws-core WAC engine
clear the needs:area park	Classify the needs:area backlog	2026-09-09T22:07:12.8799220Z    DEFERRED #6364 ci ci: confirm the account's real hosted-runner concurrency and re-derive the scheduled-lane ceiling
clear the needs:area park	Classify the needs:area backlog	2026-09-09T22:07:12.8800385Z    DEFERRED #6365 sparq-vectors hygiene: PR-BODY.md is a tracked narrative scratch doc at the repo root on main
clear the needs:area park	Classify the needs:area backlog	2026-09-09T22:07:12.8801220Z    DEFERRED #6367 sparq-solid B7 auth half: WebID/Solid-OIDC authentication on federated calls is still unimplemented
clear the needs:area park	Classify the needs:area backlog	2026-09-09T22:07:12.8802417Z    DEFERRED #6369 sparq-solid sparq-solid: source-auth participation is graph-set membership only; no VoID/service-description discovery
clear the needs:area park	Classify the needs:area backlog	2026-09-09T22:07:12.8803267Z    DEFERRED #6371 ci ci-select: the merge-group change-CLASS layer does not get the #5237 parsed-YAML inertness proof
clear the needs:area park	Classify the needs:area backlog	2026-09-09T22:07:12.8804150Z    DEFERRED #6373 ci sparq-lws-core/sparq-solid: extract is_control_document_name into a dependency-free leaf so the mint guard can DELEGATE,
clear the needs:area park	Classify the needs:area backlog	2026-09-09T22:07:12.8805021Z    DEFERRED #6378 ci A comment-only .github/workflows/ci.yml edit forces mode=full, maximising CI cost and flake exposure
clear the needs:area park	Classify the needs:area backlog	2026-09-09T22:07:12.8806088Z    DEFERRED #6380 sparq-solid sparq-solid: #5579 P0 — profile the put_acl write path before any scoped-materializer bead lands
clear the needs:area park	Classify the needs:area backlog	2026-09-09T22:07:12.8807002Z    DEFERRED #6381 sparq-solid sparq-solid: a static-target update_as write to a content-graph group document does not re-materialize (stale-grant wind
clear the needs:area park	Classify the needs:area backlog	2026-09-09T22:07:12.8807929Z    DEFERRED #6382 sparq-solid sparq-solid: consider rejecting `urn:skolem:` named nodes in control/group documents (defence in depth)
clear the needs:area park	Classify the needs:area backlog	2026-09-09T22:07:12.8808812Z    DEFERRED #6383 ci export-kb-dump.py --dry-run self-test fails on main: PROBE B (ns1: auto-prefix) EVADES the restricted-tier leak scanner
clear the needs:area park	Classify the needs:area backlog	2026-09-09T22:07:12.8809662Z    DEFERRED #6387 sparq-conformance Generalise the sq-mwnko feature-gated lib-test executor pin beyond sparq-conformance
clear the needs:area park	Classify the needs:area backlog	2026-09-09T22:07:12.8810909Z    DEFERRED #6389 sparq-lws-core sparq-lws-core: notification subscribe/receive WAC uses the SEQUENTIAL walk, not the planned read-plan path
clear the needs:area park	Classify the needs:area backlog	2026-09-09T22:07:12.8812125Z    DEFERRED #6390 sparq-lws-core sparq-lws-core: a WAC grant revoked mid-stream does not tear down an already-open notification WebSocket
clear the needs:area park	Classify the needs:area backlog	2026-09-09T22:07:12.8812910Z    DEFERRED #6399 ci A workflow's sparse-checkout cone should be proven able to run that workflow's own steps
clear the needs:area park	Classify the needs:area backlog	2026-09-09T22:07:12.8813666Z    DEFERRED #6401 ci No standing lint stops a workflow step/job name from being silently truncated by YAML plain-scalar comment parsing
clear the needs:area park	Classify the needs:area backlog	2026-09-09T22:07:12.8814755Z    DEFERRED #6403 sparq-conformance sparql_entail::run_one — the fail-closed named-graph guard misses a QUERY-carried FROM/FROM NAMED dataset clause
clear the needs:area park	Classify the needs:area backlog	2026-09-09T22:07:12.8815538Z    DEFERRED #6406 ci ci_selection_alarm: open_issue_exists fails OPEN when the dedupe read errors
clear the needs:area park	Classify the needs:area backlog	2026-09-09T22:07:12.8816227Z    DEFERRED #6423 sparq-conformance el_suite: DOCUMENTED_DIVERGENCES header claims "28 entries" but the list holds 11
clear the needs:area park	Classify the needs:area backlog	2026-09-09T22:07:12.8816979Z    DEFERRED #6425 zk-xpath noir_XPath: fn:round-half-to-even has no float/double implementation (Stream G task residual)
clear the needs:area park	Classify the needs:area backlog	2026-09-09T22:07:12.8817779Z    DEFERRED #6426 zk-xpath sq-5vv7 cites a zk/xpath path removed by the noir_XPath externalization (#1602); typo not reproducible at v0.3.0
clear the needs:area park	Classify the needs:area backlog	2026-09-09T22:07:12.8818602Z    DEFERRED #6427 zk-xpath noir_XPath CI runs the 113-package real suite in a single unsharded job (last unmet sq-t9d Phase-0 item)
clear the needs:area park	Classify the needs:area backlog	2026-09-09T22:07:12.8819387Z    DEFERRED #6428 sparq-mpc cargo-mutants: give sparq-mpc a `features: secprop-annotations` override before it is baselined
clear the needs:area park	Classify the needs:area backlog	2026-09-09T22:07:12.8820240Z    DEFERRED #6429 sparq-engine [selection-alarm] crate `sparq-engine` failed the nightly full-matrix but was selection-skipped in landed PR(s)
clear the needs:area park	Classify the needs:area backlog	2026-09-09T22:07:12.8821160Z    DEFERRED #6430 sparq-fedplan [selection-alarm] crate `sparq-fedplan` failed the nightly full-matrix but was selection-skipped in landed PR(s)
clear the needs:area park	Classify the needs:area backlog	2026-09-09T22:07:12.8822343Z    DEFERRED #6431 sparq-reason [selection-alarm] crate `sparq-reason` failed the nightly full-matrix but was selection-skipped in landed PR(s)
clear the needs:area park	Classify the needs:area backlog	2026-09-09T22:07:12.8823251Z    DEFERRED #6432 sparq-server [selection-alarm] crate `sparq-server` failed the nightly full-matrix but was selection-skipped in landed PR(s)
clear the needs:area park	Classify the needs:area backlog	2026-09-09T22:07:12.8824092Z    DEFERRED #6433 bench [bench-flake] suite=sparq-reason+sparq-engine: benchmarks in the soft zone (possible runner noise)
clear the needs:area park	Classify the needs:area backlog	2026-09-09T22:07:12.8824928Z    DEFERRED #6434 sparq-solid [selection-alarm] crate `sparq-solid` failed the nightly full-matrix but was selection-skipped in landed PR(s)
clear the needs:area park	Classify the needs:area backlog	2026-09-09T22:07:12.8825696Z    DEFERRED #6455 bench [bench-flake] suite=sparq-geo: benchmarks in the soft zone (possible runner noise)
clear the needs:area park	Classify the needs:area backlog	2026-09-09T22:07:12.8826286Z    DEFERRED #6456 bench drift: crate `sparq-engine-service` has no registered benchmark
clear the needs:area park	Classify the needs:area backlog	2026-09-09T22:07:12.8826808Z    DEFERRED #6457 bench drift: crate `sparq-http3` has no registered benchmark
clear the needs:area park	Classify the needs:area backlog	2026-09-09T22:07:12.8827301Z    DEFERRED #6458 bench drift: crate `sparq-secprop-vocab` has no registered benchmark
clear the needs:area park	Classify the needs:area backlog	2026-09-09T22:07:12.8827788Z    DEFERRED #6459 bench drift: crate `sparq-vc` has no registered benchmark
clear the needs:area park	Classify the needs:area backlog	2026-09-09T22:07:12.8828416Z    DEFERRED #6460 sparq-metamorph drift: crate `sparq-metamorph` carries conformance ratchets outside the central scoreboard
clear the needs:area park	Classify the needs:area backlog	2026-09-09T22:07:12.8829176Z    DEFERRED #6461 sparq-trust drift: crate `sparq-trust` carries conformance ratchets outside the central scoreboard
clear the needs:area park	Classify the needs:area backlog	2026-09-09T22:07:12.8829665Z applied #3889 area:ci
clear the needs:area park	Classify the needs:area backlog	2026-09-09T22:07:12.8829883Z applied #3891 area:sparq-cli
clear the needs:area park	Classify the needs:area backlog	2026-09-09T22:07:12.8830105Z applied #3892 area:ci
clear the needs:area park	Classify the needs:area backlog	2026-09-09T22:07:12.8830315Z applied #3893 area:sparq-core
clear the needs:area park	Classify the needs:area backlog	2026-09-09T22:07:12.8830560Z applied #3895 area:sparq-solid
clear the needs:area park	Classify the needs:area backlog	2026-09-09T22:07:12.8830805Z applied #3896 area:knowledge-graph
clear the needs:area park	Classify the needs:area backlog	2026-09-09T22:07:12.8831055Z applied #3897 area:site-papers
clear the needs:area park	Classify the needs:area backlog	2026-09-09T22:07:12.8831749Z applied #3898 area:sparq-forms
clear the needs:area park	Classify the needs:area backlog	2026-09-09T22:07:12.8832004Z applied #3900 area:sparq-canon
clear the needs:area park	Classify the needs:area backlog	2026-09-09T22:07:12.8832231Z applied #3902 area:sparq-core
clear the needs:area park	Classify the needs:area backlog	2026-09-09T22:07:12.8832466Z applied #3903 area:sparq-reason-dl
clear the needs:area park	Classify the needs:area backlog	2026-09-09T22:07:12.8832714Z applied #3904 area:sparq-reason-dl
clear the needs:area park	Classify the needs:area backlog	2026-09-09T22:07:12.8833025Z applied #3905 area:sparq-reason-dl,area:sparq-conformance
clear the needs:area park	Classify the needs:area backlog	2026-09-09T22:07:12.8833351Z applied #3906 area:site-specs
clear the needs:area park	Classify the needs:area backlog	2026-09-09T22:07:12.8833590Z applied #3907 area:knowledge-graph
clear the needs:area park	Classify the needs:area backlog	2026-09-09T22:07:12.8833837Z applied #3909 area:sparq-fedplan
clear the needs:area park	Classify the needs:area backlog	2026-09-09T22:07:12.8834081Z applied #3910 area:sparq-reason-el
clear the needs:area park	Classify the needs:area backlog	2026-09-09T22:07:12.8834375Z applied #3911 area:sparq-cli,area:sparq-reason-el
clear the needs:area park	Classify the needs:area backlog	2026-09-09T22:07:12.8834675Z applied #3913 area:sparq-policy
clear the needs:area park	Classify the needs:area backlog	2026-09-09T22:07:12.8834910Z applied #3918 area:bench
clear the needs:area park	Classify the needs:area backlog	2026-09-09T22:07:12.8835121Z applied #3920 area:ci
clear the needs:area park	Classify the needs:area backlog	2026-09-09T22:07:12.8835321Z applied #3921 area:ci
clear the needs:area park	Classify the needs:area backlog	2026-09-09T22:07:12.8835514Z applied #3922 area:ci
clear the needs:area park	Classify the needs:area backlog	2026-09-09T22:07:12.8835716Z applied #3923 area:ci
clear the needs:area park	Classify the needs:area backlog	2026-09-09T22:07:12.8835915Z applied #3924 area:ci
clear the needs:area park	Classify the needs:area backlog	2026-09-09T22:07:12.8836115Z applied #3925 area:ci
clear the needs:area park	Classify the needs:area backlog	2026-09-09T22:07:12.8836331Z applied #3926 area:site-specs
clear the needs:area park	Classify the needs:area backlog	2026-09-09T22:07:12.8836560Z applied #3927 area:sparq-crdt
clear the needs:area park	Classify the needs:area backlog	2026-09-09T22:07:12.8836791Z applied #3928 area:site-specs
clear the needs:area park	Classify the needs:area backlog	2026-09-09T22:07:12.8837014Z applied #3929 area:sparq-crdt
clear the needs:area park	Classify the needs:area backlog	2026-09-09T22:07:12.8837255Z applied #3930 area:site-specs
clear the needs:area park	Classify the needs:area backlog	2026-09-09T22:07:12.8837469Z applied #3931 area:ci
clear the needs:area park	Classify the needs:area backlog	2026-09-09T22:07:12.8837677Z applied #3932 area:sparq-lws-wasm
clear the needs:area park	Classify the needs:area backlog	2026-09-09T22:07:12.8837919Z applied #3933 area:sparq-terse
clear the needs:area park	Classify the needs:area backlog	2026-09-09T22:07:12.8838142Z applied #3936 area:docs
clear the needs:area park	Classify the needs:area backlog	2026-09-09T22:07:12.8838346Z applied #3937 area:ci
clear the needs:area park	Classify the needs:area backlog	2026-09-09T22:07:12.8838543Z applied #3938 area:ci
clear the needs:area park	Classify the needs:area backlog	2026-09-09T22:07:12.8838766Z applied #3940 area:sparq-engine
clear the needs:area park	Classify the needs:area backlog	2026-09-09T22:07:12.8838993Z applied #3941 area:ci
clear the needs:area park	Classify the needs:area backlog	2026-09-09T22:07:12.8839199Z applied #3943 area:sparq-forms
clear the needs:area park	Classify the needs:area backlog	2026-09-09T22:07:12.8839426Z applied #3944 area:sparq-shacl
clear the needs:area park	Classify the needs:area backlog	2026-09-09T22:07:12.8839658Z applied #3945 area:sparq-forms
clear the needs:area park	Classify the needs:area backlog	2026-09-09T22:07:12.8839900Z applied #3946 area:sparq-zk-compose
clear the needs:area park	Classify the needs:area backlog	2026-09-09T22:07:12.8840150Z applied #3948 area:sparq-forms
clear the needs:area park	Classify the needs:area backlog	2026-09-09T22:07:12.8840387Z applied #3949 area:site-specs
clear the needs:area park	Classify the needs:area backlog	2026-09-09T22:07:12.8840631Z applied #3951 area:sparq-policy
clear the needs:area park	Classify the needs:area backlog	2026-09-09T22:07:12.8840865Z applied #3952 area:site-papers
clear the needs:area park	Classify the needs:area backlog	2026-09-09T22:07:12.8841085Z applied #3953 area:site
clear the needs:area park	Classify the needs:area backlog	2026-09-09T22:07:12.8841301Z applied #3954 area:site-papers
clear the needs:area park	Classify the needs:area backlog	2026-09-09T22:07:12.8841927Z applied #3955 area:sparq-wac-oracle
clear the needs:area park	Classify the needs:area backlog	2026-09-09T22:07:12.8842242Z applied #3956 area:e2ee
clear the needs:area park	Classify the needs:area backlog	2026-09-09T22:07:12.8842457Z applied #3957 area:bench
clear the needs:area park	Classify the needs:area backlog	2026-09-09T22:07:12.8842678Z applied #3958 area:sparq-kb
clear the needs:area park	Classify the needs:area backlog	2026-09-09T22:07:12.8842912Z applied #3959 area:sparq-wac-oracle
clear the needs:area park	Classify the needs:area backlog	2026-09-09T22:07:12.8843159Z applied #3960 area:sparq-mpc
clear the needs:area park	Classify the needs:area backlog	2026-09-09T22:07:12.8843388Z applied #3961 area:sparq-mpc
clear the needs:area park	Classify the needs:area backlog	2026-09-09T22:07:12.8843615Z applied #3963 area:sparq-terse
clear the needs:area park	Classify the needs:area backlog	2026-09-09T22:07:12.8843840Z applied #3964 area:sparq-terse
clear the needs:area park	Classify the needs:area backlog	2026-09-09T22:07:12.8844069Z applied #3966 area:sparq-wac-oracle
clear the needs:area park	Classify the needs:area backlog	2026-09-09T22:07:12.8844321Z applied #3968 area:ci
clear the needs:area park	Classify the needs:area backlog	2026-09-09T22:07:12.8844519Z applied #3969 area:ci
clear the needs:area park	Classify the needs:area backlog	2026-09-09T22:07:12.8844723Z applied #3972 area:sparq-core
clear the needs:area park	Classify the needs:area backlog	2026-09-09T22:07:12.8844955Z applied #3974 area:sparq-zk-compose
clear the needs:area park	Classify the needs:area backlog	2026-09-09T22:07:12.8845204Z applied #3975 area:sparq-zk-compose
clear the needs:area park	Classify the needs:area backlog	2026-09-09T22:07:12.8845453Z applied #3979 area:sparq-reason-el
clear the needs:area park	Classify the needs:area backlog	2026-09-09T22:07:12.8845699Z applied #3981 area:sparq-policy
clear the needs:area park	Classify the needs:area backlog	2026-09-09T22:07:12.8845932Z applied #3982 area:sparq-policy
clear the needs:area park	Classify the needs:area backlog	2026-09-09T22:07:12.8846166Z applied #3984 area:sparq-introspect
clear the needs:area park	Classify the needs:area backlog	2026-09-09T22:07:12.8846408Z applied #3985 area:sparq-nlq
clear the needs:area park	Classify the needs:area backlog	2026-09-09T22:07:12.8846631Z applied #3987 area:site-specs
clear the needs:area park	Classify the needs:area backlog	2026-09-09T22:07:12.8846863Z applied #3988 area:sparq-mcp
clear the needs:area park	Classify the needs:area backlog	2026-09-09T22:07:12.8847107Z applied #3989 area:sparq-mcp
clear the needs:area park	Classify the needs:area backlog	2026-09-09T22:07:12.8847326Z applied #3991 area:sparq-geo
clear the needs:area park	Classify the needs:area backlog	2026-09-09T22:07:12.8847551Z applied #3992 area:sparq-geo
clear the needs:area park	Classify the needs:area backlog	2026-09-09T22:07:12.8847779Z applied #3994 area:sparq-engine
clear the needs:area park	Classify the needs:area backlog	2026-09-09T22:07:12.8848004Z applied #3996 area:gui
clear the needs:area park	Classify the needs:area backlog	2026-09-09T22:07:12.8848451Z applied #3997 area:gui
clear the needs:area park	Classify the needs:area backlog	2026-09-09T22:07:12.8848650Z applied #3998 area:gui
clear the needs:area park	Classify the needs:area backlog	2026-09-09T22:07:12.8848860Z applied #3999 area:site-papers
clear the needs:area park	Classify the needs:area backlog	2026-09-09T22:07:12.8849103Z applied #4000 area:sparq-metamorph
clear the needs:area park	Classify the needs:area backlog	2026-09-09T22:07:12.8849337Z applied #4003 area:ci
clear the needs:area park	Classify the needs:area backlog	2026-09-09T22:07:12.8849544Z applied #4010 area:sparq-rsp
clear the needs:area park	Classify the needs:area backlog	2026-09-09T22:07:12.8849766Z applied #4011 area:sparq-terse
clear the needs:area park	Classify the needs:area backlog	2026-09-09T22:07:12.8849992Z applied #4013 area:sparq-core
clear the needs:area park	Classify the needs:area backlog	2026-09-09T22:07:12.8850217Z applied #4015 area:sparq-mpc
clear the needs:area park	Classify the needs:area backlog	2026-09-09T22:07:12.8850443Z applied #4017 area:sparq-policy
clear the needs:area park	Classify the needs:area backlog	2026-09-09T22:07:12.8850681Z applied #4018 area:sparq-zk-compose
clear the needs:area park	Classify the needs:area backlog	2026-09-09T22:07:12.8850918Z applied #4019 area:gui
clear the needs:area park	Classify the needs:area backlog	2026-09-09T22:07:12.8851119Z applied #4020 area:bench
clear the needs:area park	Classify the needs:area backlog	2026-09-09T22:07:12.8851332Z applied #4021 area:sparq-geo
clear the needs:area park	Classify the needs:area backlog	2026-09-09T22:07:12.8851804Z applied #4023 area:sparq-metamorph
clear the needs:area park	Classify the needs:area backlog	2026-09-09T22:07:12.8852122Z applied #4024 area:sparq-reason-dl,area:sparq-conformance
clear the needs:area park	Classify the needs:area backlog	2026-09-09T22:07:12.8852444Z applied #4029 area:bench
clear the needs:area park	Classify the needs:area backlog	2026-09-09T22:07:12.8852668Z applied #4035 area:sparq-reason
clear the needs:area park	Classify the needs:area backlog	2026-09-09T22:07:12.8852956Z applied #4037 area:sparq-reason-dl,area:sparq-conformance
clear the needs:area park	Classify the needs:area backlog	2026-09-09T22:07:12.8853264Z applied #4040 area:sparq-rsp
clear the needs:area park	Classify the needs:area backlog	2026-09-09T22:07:12.8853490Z applied #4042 area:sparq-jsonld
clear the needs:area park	Classify the needs:area backlog	2026-09-09T22:07:12.8853714Z applied #4043 area:docs
clear the needs:area park	Classify the needs:area backlog	2026-09-09T22:07:12.8853924Z applied #4044 area:sparq-jsonld
clear the needs:area park	Classify the needs:area backlog	2026-09-09T22:07:12.8854157Z applied #4046 area:sparq-acbench
clear the needs:area park	Classify the needs:area backlog	2026-09-09T22:07:12.8854389Z applied #4047 area:bench
clear the needs:area park	Classify the needs:area backlog	2026-09-09T22:07:12.8854605Z applied #4048 area:sparq-acbench
clear the needs:area park	Classify the needs:area backlog	2026-09-09T22:07:12.8854844Z applied #4049 area:sparq-acbench
clear the needs:area park	Classify the needs:area backlog	2026-09-09T22:07:12.8855084Z applied #4051 area:sparq-policy
clear the needs:area park	Classify the needs:area backlog	2026-09-09T22:07:12.8855306Z applied #4055 area:gui
clear the needs:area park	Classify the needs:area backlog	2026-09-09T22:07:12.8855507Z applied #4056 area:bench
clear the needs:area park	Classify the needs:area backlog	2026-09-09T22:07:12.8855726Z applied #4058 area:sparq-zk-compose
clear the needs:area park	Classify the needs:area backlog	2026-09-09T22:07:12.8855973Z applied #4059 area:sparq-zk-compose
clear the needs:area park	Classify the needs:area backlog	2026-09-09T22:07:12.8856217Z applied #4060 area:sparq-zk-compose
clear the needs:area park	Classify the needs:area backlog	2026-09-09T22:07:12.8856457Z applied #4063 area:sparq-vectors
clear the needs:area park	Classify the needs:area backlog	2026-09-09T22:07:12.8856697Z applied #4064 area:sparq-vectors
clear the needs:area park	Classify the needs:area backlog	2026-09-09T22:07:12.8856928Z applied #4065 area:sparq-jsonld
clear the needs:area park	Classify the needs:area backlog	2026-09-09T22:07:12.8857158Z applied #4069 area:sparq-bench
clear the needs:area park	Classify the needs:area backlog	2026-09-09T22:07:12.8857385Z applied #4070 area:sparq-bench
clear the needs:area park	Classify the needs:area backlog	2026-09-09T22:07:12.8857615Z applied #4071 area:sparq-algos
clear the needs:area park	Classify the needs:area backlog	2026-09-09T22:07:12.8857839Z applied #4072 area:sparq-serve
clear the needs:area park	Classify the needs:area backlog	2026-09-09T22:07:12.8858061Z applied #4078 area:sparq-nlq
clear the needs:area park	Classify the needs:area backlog	2026-09-09T22:07:12.8858286Z applied #4079 area:sparq-algos
clear the needs:area park	Classify the needs:area backlog	2026-09-09T22:07:12.8858513Z applied #4080 area:sparq-zk-compose
clear the needs:area park	Classify the needs:area backlog	2026-09-09T22:07:12.8858759Z applied #4081 area:sparq-zk-compose
clear the needs:area park	Classify the needs:area backlog	2026-09-09T22:07:12.8859001Z applied #4082 area:sparq-zk-compose
clear the needs:area park	Classify the needs:area backlog	2026-09-09T22:08:32.0498705Z applied #4087 area:sparq-reason
clear the needs:area park	Classify the needs:area backlog	2026-09-09T22:08:32.0499096Z applied #4088 area:ci
clear the needs:area park	Classify the needs:area backlog	2026-09-09T22:08:32.0499383Z applied #4089 area:ci
clear the needs:area park	Classify the needs:area backlog	2026-09-09T22:08:32.0499654Z applied #4091 area:sparq-zk-compose
clear the needs:area park	Classify the needs:area backlog	2026-09-09T22:08:32.0499981Z applied #4092 area:sparq-zk-compose
clear the needs:area park	Classify the needs:area backlog	2026-09-09T22:08:32.0500296Z applied #4093 area:sparq-zk-compose
clear the needs:area park	Classify the needs:area backlog	2026-09-09T22:08:32.0500624Z applied #4094 area:ci
clear the needs:area park	Classify the needs:area backlog	2026-09-09T22:08:32.0500869Z applied #4095 area:ci
clear the needs:area park	Classify the needs:area backlog	2026-09-09T22:08:32.0501109Z applied #4096 area:ci
clear the needs:area park	Classify the needs:area backlog	2026-09-09T22:08:32.0501367Z applied #4099 area:sparq-bench
clear the needs:area park	Classify the needs:area backlog	2026-09-09T22:08:32.0502096Z applied #4100 area:sparq-engine
clear the needs:area park	Classify the needs:area backlog	2026-09-09T22:08:32.0502453Z applied #4101 area:sparq-metamorph
clear the needs:area park	Classify the needs:area backlog	2026-09-09T22:08:32.0502793Z applied #4102 area:sparq-metamorph
clear the needs:area park	Classify the needs:area backlog	2026-09-09T22:08:32.0503118Z applied #4103 area:site-papers
clear the needs:area park	Classify the needs:area backlog	2026-09-09T22:08:32.0503420Z applied #4104 area:ci
clear the needs:area park	Classify the needs:area backlog	2026-09-09T22:08:32.0503693Z applied #4106 area:sparq-mpc
clear the needs:area park	Classify the needs:area backlog	2026-09-09T22:08:32.0504003Z applied #4108 area:sparq-substrate
clear the needs:area park	Classify the needs:area backlog	2026-09-09T22:08:32.0504325Z applied #4110 area:sparq-engine
clear the needs:area park	Classify the needs:area backlog	2026-09-09T22:08:32.0504634Z applied #4112 area:site-papers
clear the needs:area park	Classify the needs:area backlog	2026-09-09T22:08:32.0504942Z applied #4113 area:site-papers
clear the needs:area park	Classify the needs:area backlog	2026-09-09T22:08:32.0505250Z applied #4114 area:sparq-server
clear the needs:area park	Classify the needs:area backlog	2026-09-09T22:08:32.0505562Z applied #4116 area:sparq-reason-el
clear the needs:area park	Classify the needs:area backlog	2026-09-09T22:08:32.0505892Z applied #4117 area:sparq-reason-el
clear the needs:area park	Classify the needs:area backlog	2026-09-09T22:08:32.0506477Z applied #4118 area:sparq-reason-el
clear the needs:area park	Classify the needs:area backlog	2026-09-09T22:08:32.0506943Z applied #4119 area:sparq-reason-el
clear the needs:area park	Classify the needs:area backlog	2026-09-09T22:08:32.0507256Z applied #4120 area:bench
clear the needs:area park	Classify the needs:area backlog	2026-09-09T22:08:32.0507551Z applied #4123 area:sparq-zk-compose
clear the needs:area park	Classify the needs:area backlog	2026-09-09T22:08:32.0507870Z applied #4126 area:ci
clear the needs:area park	Classify the needs:area backlog	2026-09-09T22:08:32.0508146Z applied #4127 area:sparq-metamorph
clear the needs:area park	Classify the needs:area backlog	2026-09-09T22:08:32.0508360Z 
clear the needs:area park	Classify the needs:area backlog	2026-09-09T22:08:32.0509422Z deferred 948 classified issue(s) to the next tick — the 150/run budget keeps this lane under GitHub's secondary write limit; they are listed above and nothing about them is lost.
clear the needs:area park	Report the residue that no rule could attribute	﻿2026-09-09T22:08:32.0603646Z ##[group]Run set -euo pipefail
clear the needs:area park	Report the residue that no rule could attribute	2026-09-09T22:08:32.0604002Z [36;1mset -euo pipefail[0m
clear the needs:area park	Report the residue that no rule could attribute	2026-09-09T22:08:32.0604277Z [36;1mlog="$RUNNER_TEMP/triage-area.log"[0m
clear the needs:area park	Report the residue that no rule could attribute	2026-09-09T22:08:32.0604760Z [36;1m# The script's own tally line: "-- N classified (W writable this run, D deferred[0m
clear the needs:area park	Report the residue that no rule could attribute	2026-09-09T22:08:32.0605229Z [36;1m# ...), M left unattributed (...), K scanned".[0m
clear the needs:area park	Report the residue that no rule could attribute	2026-09-09T22:08:32.0605586Z [36;1msummary=$(sed -n 's/^-- //p' "$log" | tail -1)[0m
clear the needs:area park	Report the residue that no rule could attribute	2026-09-09T22:08:32.0606010Z [36;1msummary=${summary:-'no tally line — the classifier produced no report'}[0m
clear the needs:area park	Report the residue that no rule could attribute	2026-09-09T22:08:32.0606395Z [36;1m{[0m
clear the needs:area park	Report the residue that no rule could attribute	2026-09-09T22:08:32.0606658Z [36;1m  printf '### needs:area classifier\n\n%s\n\n' "$summary"[0m
clear the needs:area park	Report the residue that no rule could attribute	2026-09-09T22:08:32.0607976Z [36;1m  printf 'The issues below carry no confident evidence in the checked-in rule table, so they gain no `area:` label and remain undispatchable until a human attributes them or a rule is added. Since #5003 this list spans every area-less open issue, not only the ones parked `needs:area`. It is the route back to a maintainer that #3816 found missing.\n\n'[0m
clear the needs:area park	Report the residue that no rule could attribute	2026-09-09T22:08:32.0609290Z [36;1m  sed -n 's/^   LEFT /- /p' "$log"[0m
clear the needs:area park	Report the residue that no rule could attribute	2026-09-09T22:08:32.0609704Z [36;1m  # #5448: the per-run write budget's deferrals, deliberately a SEPARATE section.[0m
clear the needs:area park	Report the residue that no rule could attribute	2026-09-09T22:08:32.0610241Z [36;1m  # These are classified and need no human — they simply did not fit this tick's[0m
clear the needs:area park	Report the residue that no rule could attribute	2026-09-09T22:08:32.0610781Z [36;1m  # budget and the next `25,55` tick writes them. Printed only when non-empty so a[0m
clear the needs:area park	Report the residue that no rule could attribute	2026-09-09T22:08:32.0611286Z [36;1m  # steady-state tick (which never reaches the budget) stays quiet.[0m
clear the needs:area park	Report the residue that no rule could attribute	2026-09-09T22:08:32.0611955Z [36;1m  deferred=$(sed -n 's/^   DEFERRED /- /p' "$log")[0m
clear the needs:area park	Report the residue that no rule could attribute	2026-09-09T22:08:32.0612279Z [36;1m  if [ -n "$deferred" ]; then[0m
clear the needs:area park	Report the residue that no rule could attribute	2026-09-09T22:08:32.0613437Z [36;1m    printf '\n#### Deferred by the per-run write budget\n\nClassified, not yet written: the sweep bounds its `gh issue edit` volume to stay under GitHub'"'"'s secondary rate limit on content-mutating requests. Nothing is lost — the next tick resumes with these, and the list shrinks every run.\n\n%s\n' "$deferred"[0m
clear the needs:area park	Report the residue that no rule could attribute	2026-09-09T22:08:32.0614586Z [36;1m  fi[0m
clear the needs:area park	Report the residue that no rule could attribute	2026-09-09T22:08:32.0614788Z [36;1m} >> "$GITHUB_STEP_SUMMARY"[0m
clear the needs:area park	Report the residue that no rule could attribute	2026-09-09T22:08:32.0615112Z [36;1mecho "::notice title=area-less residue::${summary}"[0m
clear the needs:area park	Report the residue that no rule could attribute	2026-09-09T22:08:32.0652591Z shell: /usr/bin/bash -e {0}
clear the needs:area park	Report the residue that no rule could attribute	2026-09-09T22:08:32.0652847Z env:
clear the needs:area park	Report the residue that no rule could attribute	2026-09-09T22:08:32.0655591Z   GH_TOKEN: ***
clear the needs:area park	Report the residue that no rule could attribute	2026-09-09T22:08:32.0655819Z   SPARQ_REPO: sparq-org/sparq
clear the needs:area park	Report the residue that no rule could attribute	2026-09-09T22:08:32.0656058Z ##[endgroup]
clear the needs:area park	Report the residue that no rule could attribute	2026-09-09T22:08:32.0863602Z ##[notice]1098 classified (150 writable this run, 948 deferred to the next tick by the 150/run write budget), 415 left unattributed (no confident evidence), 1513 scanned
clear the needs:area park	Post Run actions/checkout@9c091bb21b7c1c1d1991bb908d89e4e9dddfe3e0	﻿2026-09-09T22:08:32.1424699Z Post job cleanup.
clear the needs:area park	Post Run actions/checkout@9c091bb21b7c1c1d1991bb908d89e4e9dddfe3e0	2026-09-09T22:08:32.2293449Z [command]/usr/bin/git version
clear the needs:area park	Post Run actions/checkout@9c091bb21b7c1c1d1991bb908d89e4e9dddfe3e0	2026-09-09T22:08:32.2339040Z git version 2.55.0
clear the needs:area park	Post Run actions/checkout@9c091bb21b7c1c1d1991bb908d89e4e9dddfe3e0	2026-09-09T22:08:32.2387538Z Temporarily overriding HOME='/home/runner/work/_temp/7eb51876-dfb4-4041-a689-9961cfda9a2e' before making global git config changes
clear the needs:area park	Post Run actions/checkout@9c091bb21b7c1c1d1991bb908d89e4e9dddfe3e0	2026-09-09T22:08:32.2388525Z Adding repository directory to the temporary git global config as a safe directory
clear the needs:area park	Post Run actions/checkout@9c091bb21b7c1c1d1991bb908d89e4e9dddfe3e0	2026-09-09T22:08:32.2393291Z [command]/usr/bin/git config --global --add safe.directory /home/runner/work/sparq/sparq
clear the needs:area park	Post Run actions/checkout@9c091bb21b7c1c1d1991bb908d89e4e9dddfe3e0	2026-09-09T22:08:32.2424789Z Removing SSH command configuration
clear the needs:area park	Post Run actions/checkout@9c091bb21b7c1c1d1991bb908d89e4e9dddfe3e0	2026-09-09T22:08:32.2431839Z [command]/usr/bin/git config --local --name-only --get-regexp core\.sshCommand
clear the needs:area park	Post Run actions/checkout@9c091bb21b7c1c1d1991bb908d89e4e9dddfe3e0	2026-09-09T22:08:32.2466339Z [command]/usr/bin/git submodule foreach --recursive sh -c "git config --local --name-only --get-regexp 'core\.sshCommand' && git config --local --unset-all 'core.sshCommand' || :"
clear the needs:area park	Post Run actions/checkout@9c091bb21b7c1c1d1991bb908d89e4e9dddfe3e0	2026-09-09T22:08:32.2712607Z Removing HTTP extra header
clear the needs:area park	Post Run actions/checkout@9c091bb21b7c1c1d1991bb908d89e4e9dddfe3e0	2026-09-09T22:08:32.2718237Z [command]/usr/bin/git config --local --name-only --get-regexp http\.https\:\/\/github\.com\/\.extraheader
clear the needs:area park	Post Run actions/checkout@9c091bb21b7c1c1d1991bb908d89e4e9dddfe3e0	2026-09-09T22:08:32.2754529Z [command]/usr/bin/git submodule foreach --recursive sh -c "git config --local --name-only --get-regexp 'http\.https\:\/\/github\.com\/\.extraheader' && git config --local --unset-all 'http.https://github.com/.extraheader' || :"
clear the needs:area park	Post Run actions/checkout@9c091bb21b7c1c1d1991bb908d89e4e9dddfe3e0	2026-09-09T22:08:32.3022767Z Removing includeIf entries pointing to credentials config files
clear the needs:area park	Post Run actions/checkout@9c091bb21b7c1c1d1991bb908d89e4e9dddfe3e0	2026-09-09T22:08:32.3031479Z [command]/usr/bin/git config --local --name-only --get-regexp ^includeIf\.gitdir:
clear the needs:area park	Post Run actions/checkout@9c091bb21b7c1c1d1991bb908d89e4e9dddfe3e0	2026-09-09T22:08:32.3072846Z [command]/usr/bin/git submodule foreach --recursive git config --local --show-origin --name-only --get-regexp remote.origin.url
clear the needs:area park	Complete job	﻿2026-09-09T22:08:32.3549693Z Cleaning up orphan processes
