clear the needs:area park	Set up job	﻿2026-09-09T19:31:53.6209908Z Current runner version: '2.337.0'
clear the needs:area park	Set up job	2026-09-09T19:31:53.6237069Z ##[group]Runner Image Provisioner
clear the needs:area park	Set up job	2026-09-09T19:31:53.6237961Z Hosted Compute Agent
clear the needs:area park	Set up job	2026-09-09T19:31:53.6238683Z Version: 20260828.587
clear the needs:area park	Set up job	2026-09-09T19:31:53.6239333Z Commit: abac92662cab4cc7352de4f9f9d2e2419aad9c29
clear the needs:area park	Set up job	2026-09-09T19:31:53.6240061Z Build Date: 2026-08-28T16:44:25Z
clear the needs:area park	Set up job	2026-09-09T19:31:53.6240841Z Worker ID: {de8f2445-310d-44c6-8627-09c5ce9f6318}
clear the needs:area park	Set up job	2026-09-09T19:31:53.6241818Z Azure Region: westus2
clear the needs:area park	Set up job	2026-09-09T19:31:53.6242459Z ##[endgroup]
clear the needs:area park	Set up job	2026-09-09T19:31:53.6244168Z ##[group]Operating System
clear the needs:area park	Set up job	2026-09-09T19:31:53.6244909Z Ubuntu
clear the needs:area park	Set up job	2026-09-09T19:31:53.6245612Z 24.04.4
clear the needs:area park	Set up job	2026-09-09T19:31:53.6246189Z LTS
clear the needs:area park	Set up job	2026-09-09T19:31:53.6246830Z ##[endgroup]
clear the needs:area park	Set up job	2026-09-09T19:31:53.6247471Z ##[group]Runner Image
clear the needs:area park	Set up job	2026-09-09T19:31:53.6248141Z Image: ubuntu-24.04
clear the needs:area park	Set up job	2026-09-09T19:31:53.6248844Z Version: 20260831.293.1
clear the needs:area park	Set up job	2026-09-09T19:31:53.6249913Z Included Software: https://github.com/actions/runner-images/blob/ubuntu24/20260831.293/images/ubuntu/Ubuntu2404-Readme.md
clear the needs:area park	Set up job	2026-09-09T19:31:53.6251973Z Image Release: https://github.com/actions/runner-images/releases/tag/ubuntu24%2F20260831.293
clear the needs:area park	Set up job	2026-09-09T19:31:53.6252972Z ##[endgroup]
clear the needs:area park	Set up job	2026-09-09T19:31:53.6254239Z ##[group]GITHUB_TOKEN Permissions
clear the needs:area park	Set up job	2026-09-09T19:31:53.6256487Z Contents: read
clear the needs:area park	Set up job	2026-09-09T19:31:53.6257249Z Issues: write
clear the needs:area park	Set up job	2026-09-09T19:31:53.6257834Z Metadata: read
clear the needs:area park	Set up job	2026-09-09T19:31:53.6258407Z ##[endgroup]
clear the needs:area park	Set up job	2026-09-09T19:31:53.6260601Z Secret source: Actions
clear the needs:area park	Set up job	2026-09-09T19:31:53.6262339Z Cache mode: write
clear the needs:area park	Set up job	2026-09-09T19:31:53.6263290Z Prepare workflow directory
clear the needs:area park	Set up job	2026-09-09T19:31:53.6802724Z Prepare all required actions
clear the needs:area park	Set up job	2026-09-09T19:31:53.6851919Z Getting action download info
clear the needs:area park	Set up job	2026-09-09T19:31:54.0338164Z Download action repository 'actions/checkout@9c091bb21b7c1c1d1991bb908d89e4e9dddfe3e0' (SHA:9c091bb21b7c1c1d1991bb908d89e4e9dddfe3e0)
clear the needs:area park	Set up job	2026-09-09T19:31:54.2671697Z Complete job name: clear the needs:area park
clear the needs:area park	Run actions/checkout@9c091bb21b7c1c1d1991bb908d89e4e9dddfe3e0	﻿2026-09-09T19:31:54.3498727Z ##[group]Run actions/checkout@9c091bb21b7c1c1d1991bb908d89e4e9dddfe3e0
clear the needs:area park	Run actions/checkout@9c091bb21b7c1c1d1991bb908d89e4e9dddfe3e0	2026-09-09T19:31:54.3499948Z with:
clear the needs:area park	Run actions/checkout@9c091bb21b7c1c1d1991bb908d89e4e9dddfe3e0	2026-09-09T19:31:54.3500481Z   persist-credentials: false
clear the needs:area park	Run actions/checkout@9c091bb21b7c1c1d1991bb908d89e4e9dddfe3e0	2026-09-09T19:31:54.3501293Z   repository: sparq-org/sparq
clear the needs:area park	Run actions/checkout@9c091bb21b7c1c1d1991bb908d89e4e9dddfe3e0	2026-09-09T19:31:54.3505254Z   token: ***
clear the needs:area park	Run actions/checkout@9c091bb21b7c1c1d1991bb908d89e4e9dddfe3e0	2026-09-09T19:31:54.3505691Z   ssh-strict: true
clear the needs:area park	Run actions/checkout@9c091bb21b7c1c1d1991bb908d89e4e9dddfe3e0	2026-09-09T19:31:54.3506133Z   ssh-user: git
clear the needs:area park	Run actions/checkout@9c091bb21b7c1c1d1991bb908d89e4e9dddfe3e0	2026-09-09T19:31:54.3506557Z   clean: true
clear the needs:area park	Run actions/checkout@9c091bb21b7c1c1d1991bb908d89e4e9dddfe3e0	2026-09-09T19:31:54.3507012Z   sparse-checkout-cone-mode: true
clear the needs:area park	Run actions/checkout@9c091bb21b7c1c1d1991bb908d89e4e9dddfe3e0	2026-09-09T19:31:54.3507535Z   fetch-depth: 1
clear the needs:area park	Run actions/checkout@9c091bb21b7c1c1d1991bb908d89e4e9dddfe3e0	2026-09-09T19:31:54.3507962Z   fetch-tags: false
clear the needs:area park	Run actions/checkout@9c091bb21b7c1c1d1991bb908d89e4e9dddfe3e0	2026-09-09T19:31:54.3508415Z   show-progress: true
clear the needs:area park	Run actions/checkout@9c091bb21b7c1c1d1991bb908d89e4e9dddfe3e0	2026-09-09T19:31:54.3508864Z   lfs: false
clear the needs:area park	Run actions/checkout@9c091bb21b7c1c1d1991bb908d89e4e9dddfe3e0	2026-09-09T19:31:54.3509279Z   submodules: false
clear the needs:area park	Run actions/checkout@9c091bb21b7c1c1d1991bb908d89e4e9dddfe3e0	2026-09-09T19:31:54.3509733Z   set-safe-directory: true
clear the needs:area park	Run actions/checkout@9c091bb21b7c1c1d1991bb908d89e4e9dddfe3e0	2026-09-09T19:31:54.3510304Z   allow-unsafe-pr-checkout: false
clear the needs:area park	Run actions/checkout@9c091bb21b7c1c1d1991bb908d89e4e9dddfe3e0	2026-09-09T19:31:54.3511417Z env:
clear the needs:area park	Run actions/checkout@9c091bb21b7c1c1d1991bb908d89e4e9dddfe3e0	2026-09-09T19:31:54.3515345Z   GH_TOKEN: ***
clear the needs:area park	Run actions/checkout@9c091bb21b7c1c1d1991bb908d89e4e9dddfe3e0	2026-09-09T19:31:54.3515826Z   SPARQ_REPO: sparq-org/sparq
clear the needs:area park	Run actions/checkout@9c091bb21b7c1c1d1991bb908d89e4e9dddfe3e0	2026-09-09T19:31:54.3516441Z ##[endgroup]
clear the needs:area park	Run actions/checkout@9c091bb21b7c1c1d1991bb908d89e4e9dddfe3e0	2026-09-09T19:31:54.4560733Z Syncing repository: sparq-org/sparq
clear the needs:area park	Run actions/checkout@9c091bb21b7c1c1d1991bb908d89e4e9dddfe3e0	2026-09-09T19:31:54.4568564Z ##[group]Getting Git version info
clear the needs:area park	Run actions/checkout@9c091bb21b7c1c1d1991bb908d89e4e9dddfe3e0	2026-09-09T19:31:54.4569764Z Working directory is '/home/runner/work/sparq/sparq'
clear the needs:area park	Run actions/checkout@9c091bb21b7c1c1d1991bb908d89e4e9dddfe3e0	2026-09-09T19:31:54.4571784Z [command]/usr/bin/git version
clear the needs:area park	Run actions/checkout@9c091bb21b7c1c1d1991bb908d89e4e9dddfe3e0	2026-09-09T19:31:54.4642400Z git version 2.55.0
clear the needs:area park	Run actions/checkout@9c091bb21b7c1c1d1991bb908d89e4e9dddfe3e0	2026-09-09T19:31:54.4667833Z ##[endgroup]
clear the needs:area park	Run actions/checkout@9c091bb21b7c1c1d1991bb908d89e4e9dddfe3e0	2026-09-09T19:31:54.4695583Z Temporarily overriding HOME='/home/runner/work/_temp/62e4c63b-20f3-451b-9d45-ac72541e290a' before making global git config changes
clear the needs:area park	Run actions/checkout@9c091bb21b7c1c1d1991bb908d89e4e9dddfe3e0	2026-09-09T19:31:54.4697312Z Adding repository directory to the temporary git global config as a safe directory
clear the needs:area park	Run actions/checkout@9c091bb21b7c1c1d1991bb908d89e4e9dddfe3e0	2026-09-09T19:31:54.4702641Z [command]/usr/bin/git config --global --add safe.directory /home/runner/work/sparq/sparq
clear the needs:area park	Run actions/checkout@9c091bb21b7c1c1d1991bb908d89e4e9dddfe3e0	2026-09-09T19:31:54.4756369Z Deleting the contents of '/home/runner/work/sparq/sparq'
clear the needs:area park	Run actions/checkout@9c091bb21b7c1c1d1991bb908d89e4e9dddfe3e0	2026-09-09T19:31:54.4761670Z ##[group]Determining repository object format
clear the needs:area park	Run actions/checkout@9c091bb21b7c1c1d1991bb908d89e4e9dddfe3e0	2026-09-09T19:31:54.4763238Z ##[endgroup]
clear the needs:area park	Run actions/checkout@9c091bb21b7c1c1d1991bb908d89e4e9dddfe3e0	2026-09-09T19:31:54.4764251Z ##[group]Initializing the repository
clear the needs:area park	Run actions/checkout@9c091bb21b7c1c1d1991bb908d89e4e9dddfe3e0	2026-09-09T19:31:54.4768120Z [command]/usr/bin/git init /home/runner/work/sparq/sparq
clear the needs:area park	Run actions/checkout@9c091bb21b7c1c1d1991bb908d89e4e9dddfe3e0	2026-09-09T19:31:54.4891987Z hint: Using 'master' as the name for the initial branch. This default branch name
clear the needs:area park	Run actions/checkout@9c091bb21b7c1c1d1991bb908d89e4e9dddfe3e0	2026-09-09T19:31:54.4894408Z hint: will change to "main" in Git 3.0. To configure the initial branch name
clear the needs:area park	Run actions/checkout@9c091bb21b7c1c1d1991bb908d89e4e9dddfe3e0	2026-09-09T19:31:54.4898377Z hint: to use in all of your new repositories, which will suppress this warning,
clear the needs:area park	Run actions/checkout@9c091bb21b7c1c1d1991bb908d89e4e9dddfe3e0	2026-09-09T19:31:54.4899771Z hint: call:
clear the needs:area park	Run actions/checkout@9c091bb21b7c1c1d1991bb908d89e4e9dddfe3e0	2026-09-09T19:31:54.4900354Z hint:
clear the needs:area park	Run actions/checkout@9c091bb21b7c1c1d1991bb908d89e4e9dddfe3e0	2026-09-09T19:31:54.4901239Z hint: 	git config --global init.defaultBranch <name>
clear the needs:area park	Run actions/checkout@9c091bb21b7c1c1d1991bb908d89e4e9dddfe3e0	2026-09-09T19:31:54.4902340Z hint:
clear the needs:area park	Run actions/checkout@9c091bb21b7c1c1d1991bb908d89e4e9dddfe3e0	2026-09-09T19:31:54.4903285Z hint: Names commonly chosen instead of 'master' are 'main', 'trunk' and
clear the needs:area park	Run actions/checkout@9c091bb21b7c1c1d1991bb908d89e4e9dddfe3e0	2026-09-09T19:31:54.4904280Z hint: 'development'. The just-created branch can be renamed via this command:
clear the needs:area park	Run actions/checkout@9c091bb21b7c1c1d1991bb908d89e4e9dddfe3e0	2026-09-09T19:31:54.4905044Z hint:
clear the needs:area park	Run actions/checkout@9c091bb21b7c1c1d1991bb908d89e4e9dddfe3e0	2026-09-09T19:31:54.4905481Z hint: 	git branch -m <name>
clear the needs:area park	Run actions/checkout@9c091bb21b7c1c1d1991bb908d89e4e9dddfe3e0	2026-09-09T19:31:54.4905976Z hint:
clear the needs:area park	Run actions/checkout@9c091bb21b7c1c1d1991bb908d89e4e9dddfe3e0	2026-09-09T19:31:54.4906982Z hint: Disable this message with "git config set advice.defaultBranchName false"
clear the needs:area park	Run actions/checkout@9c091bb21b7c1c1d1991bb908d89e4e9dddfe3e0	2026-09-09T19:31:54.4908224Z Initialized empty Git repository in /home/runner/work/sparq/sparq/.git/
clear the needs:area park	Run actions/checkout@9c091bb21b7c1c1d1991bb908d89e4e9dddfe3e0	2026-09-09T19:31:54.4909896Z [command]/usr/bin/git remote add origin https://github.com/sparq-org/sparq
clear the needs:area park	Run actions/checkout@9c091bb21b7c1c1d1991bb908d89e4e9dddfe3e0	2026-09-09T19:31:54.4967098Z ##[endgroup]
clear the needs:area park	Run actions/checkout@9c091bb21b7c1c1d1991bb908d89e4e9dddfe3e0	2026-09-09T19:31:54.4968420Z ##[group]Disabling automatic garbage collection
clear the needs:area park	Run actions/checkout@9c091bb21b7c1c1d1991bb908d89e4e9dddfe3e0	2026-09-09T19:31:54.4970728Z [command]/usr/bin/git config --local gc.auto 0
clear the needs:area park	Run actions/checkout@9c091bb21b7c1c1d1991bb908d89e4e9dddfe3e0	2026-09-09T19:31:54.5015532Z ##[endgroup]
clear the needs:area park	Run actions/checkout@9c091bb21b7c1c1d1991bb908d89e4e9dddfe3e0	2026-09-09T19:31:54.5017007Z ##[group]Setting up auth
clear the needs:area park	Run actions/checkout@9c091bb21b7c1c1d1991bb908d89e4e9dddfe3e0	2026-09-09T19:31:54.5018120Z Removing SSH command configuration
clear the needs:area park	Run actions/checkout@9c091bb21b7c1c1d1991bb908d89e4e9dddfe3e0	2026-09-09T19:31:54.5025300Z [command]/usr/bin/git config --local --name-only --get-regexp core\.sshCommand
clear the needs:area park	Run actions/checkout@9c091bb21b7c1c1d1991bb908d89e4e9dddfe3e0	2026-09-09T19:31:54.5061908Z [command]/usr/bin/git submodule foreach --recursive sh -c "git config --local --name-only --get-regexp 'core\.sshCommand' && git config --local --unset-all 'core.sshCommand' || :"
clear the needs:area park	Run actions/checkout@9c091bb21b7c1c1d1991bb908d89e4e9dddfe3e0	2026-09-09T19:31:54.5479950Z Removing HTTP extra header
clear the needs:area park	Run actions/checkout@9c091bb21b7c1c1d1991bb908d89e4e9dddfe3e0	2026-09-09T19:31:54.5487247Z [command]/usr/bin/git config --local --name-only --get-regexp http\.https\:\/\/github\.com\/\.extraheader
clear the needs:area park	Run actions/checkout@9c091bb21b7c1c1d1991bb908d89e4e9dddfe3e0	2026-09-09T19:31:54.5527868Z [command]/usr/bin/git submodule foreach --recursive sh -c "git config --local --name-only --get-regexp 'http\.https\:\/\/github\.com\/\.extraheader' && git config --local --unset-all 'http.https://github.com/.extraheader' || :"
clear the needs:area park	Run actions/checkout@9c091bb21b7c1c1d1991bb908d89e4e9dddfe3e0	2026-09-09T19:31:54.5755392Z Removing includeIf entries pointing to credentials config files
clear the needs:area park	Run actions/checkout@9c091bb21b7c1c1d1991bb908d89e4e9dddfe3e0	2026-09-09T19:31:54.5760555Z [command]/usr/bin/git config --local --name-only --get-regexp ^includeIf\.gitdir:
clear the needs:area park	Run actions/checkout@9c091bb21b7c1c1d1991bb908d89e4e9dddfe3e0	2026-09-09T19:31:54.5798469Z [command]/usr/bin/git submodule foreach --recursive git config --local --show-origin --name-only --get-regexp remote.origin.url
clear the needs:area park	Run actions/checkout@9c091bb21b7c1c1d1991bb908d89e4e9dddfe3e0	2026-09-09T19:31:54.6066124Z [command]/usr/bin/git config --file /home/runner/work/_temp/git-credentials-cf368412-3497-4d7a-a34b-a7a035c4c75d.config http.https://github.com/.extraheader AUTHORIZATION: basic ***
clear the needs:area park	Run actions/checkout@9c091bb21b7c1c1d1991bb908d89e4e9dddfe3e0	2026-09-09T19:31:54.6108469Z [command]/usr/bin/git config --local includeIf.gitdir:/home/runner/work/sparq/sparq/.git.path /home/runner/work/_temp/git-credentials-cf368412-3497-4d7a-a34b-a7a035c4c75d.config
clear the needs:area park	Run actions/checkout@9c091bb21b7c1c1d1991bb908d89e4e9dddfe3e0	2026-09-09T19:31:54.6142749Z [command]/usr/bin/git config --local includeIf.gitdir:/home/runner/work/sparq/sparq/.git/worktrees/*.path /home/runner/work/_temp/git-credentials-cf368412-3497-4d7a-a34b-a7a035c4c75d.config
clear the needs:area park	Run actions/checkout@9c091bb21b7c1c1d1991bb908d89e4e9dddfe3e0	2026-09-09T19:31:54.6182582Z [command]/usr/bin/git config --local includeIf.gitdir:/github/workspace/.git.path /github/runner_temp/git-credentials-cf368412-3497-4d7a-a34b-a7a035c4c75d.config
clear the needs:area park	Run actions/checkout@9c091bb21b7c1c1d1991bb908d89e4e9dddfe3e0	2026-09-09T19:31:54.6218690Z [command]/usr/bin/git config --local includeIf.gitdir:/github/workspace/.git/worktrees/*.path /github/runner_temp/git-credentials-cf368412-3497-4d7a-a34b-a7a035c4c75d.config
clear the needs:area park	Run actions/checkout@9c091bb21b7c1c1d1991bb908d89e4e9dddfe3e0	2026-09-09T19:31:54.6249065Z ##[endgroup]
clear the needs:area park	Run actions/checkout@9c091bb21b7c1c1d1991bb908d89e4e9dddfe3e0	2026-09-09T19:31:54.6249819Z ##[group]Fetching the repository
clear the needs:area park	Run actions/checkout@9c091bb21b7c1c1d1991bb908d89e4e9dddfe3e0	2026-09-09T19:31:54.6256134Z [command]/usr/bin/git -c protocol.version=2 fetch --no-tags --prune --no-recurse-submodules --depth=1 origin +cea4414b39225b1240f36d968ba1549e700cd32f:refs/remotes/origin/main
clear the needs:area park	Run actions/checkout@9c091bb21b7c1c1d1991bb908d89e4e9dddfe3e0	2026-09-09T19:31:58.5464625Z From https://github.com/sparq-org/sparq
clear the needs:area park	Run actions/checkout@9c091bb21b7c1c1d1991bb908d89e4e9dddfe3e0	2026-09-09T19:31:58.5477273Z  * [new ref]         cea4414b39225b1240f36d968ba1549e700cd32f -> origin/main
clear the needs:area park	Run actions/checkout@9c091bb21b7c1c1d1991bb908d89e4e9dddfe3e0	2026-09-09T19:31:58.5492305Z [command]/usr/bin/git branch --list --remote origin/main
clear the needs:area park	Run actions/checkout@9c091bb21b7c1c1d1991bb908d89e4e9dddfe3e0	2026-09-09T19:31:58.5522880Z   origin/main
clear the needs:area park	Run actions/checkout@9c091bb21b7c1c1d1991bb908d89e4e9dddfe3e0	2026-09-09T19:31:58.5534202Z [command]/usr/bin/git rev-parse refs/remotes/origin/main
clear the needs:area park	Run actions/checkout@9c091bb21b7c1c1d1991bb908d89e4e9dddfe3e0	2026-09-09T19:31:58.5566026Z cea4414b39225b1240f36d968ba1549e700cd32f
clear the needs:area park	Run actions/checkout@9c091bb21b7c1c1d1991bb908d89e4e9dddfe3e0	2026-09-09T19:31:58.5574588Z ##[endgroup]
clear the needs:area park	Run actions/checkout@9c091bb21b7c1c1d1991bb908d89e4e9dddfe3e0	2026-09-09T19:31:58.5575502Z ##[group]Determining the checkout info
clear the needs:area park	Run actions/checkout@9c091bb21b7c1c1d1991bb908d89e4e9dddfe3e0	2026-09-09T19:31:58.5576599Z ##[endgroup]
clear the needs:area park	Run actions/checkout@9c091bb21b7c1c1d1991bb908d89e4e9dddfe3e0	2026-09-09T19:31:58.5577532Z [command]/usr/bin/git sparse-checkout disable
clear the needs:area park	Run actions/checkout@9c091bb21b7c1c1d1991bb908d89e4e9dddfe3e0	2026-09-09T19:31:58.5692157Z [command]/usr/bin/git config --local --unset-all extensions.worktreeConfig
clear the needs:area park	Run actions/checkout@9c091bb21b7c1c1d1991bb908d89e4e9dddfe3e0	2026-09-09T19:31:58.5728973Z ##[group]Checking out the ref
clear the needs:area park	Run actions/checkout@9c091bb21b7c1c1d1991bb908d89e4e9dddfe3e0	2026-09-09T19:31:58.5733596Z [command]/usr/bin/git checkout --progress --force -B main refs/remotes/origin/main
clear the needs:area park	Run actions/checkout@9c091bb21b7c1c1d1991bb908d89e4e9dddfe3e0	2026-09-09T19:31:59.1374777Z Switched to a new branch 'main'
clear the needs:area park	Run actions/checkout@9c091bb21b7c1c1d1991bb908d89e4e9dddfe3e0	2026-09-09T19:31:59.1382416Z branch 'main' set up to track 'origin/main'.
clear the needs:area park	Run actions/checkout@9c091bb21b7c1c1d1991bb908d89e4e9dddfe3e0	2026-09-09T19:31:59.1395195Z ##[endgroup]
clear the needs:area park	Run actions/checkout@9c091bb21b7c1c1d1991bb908d89e4e9dddfe3e0	2026-09-09T19:31:59.1448234Z [command]/usr/bin/git log -1 --format=%H
clear the needs:area park	Run actions/checkout@9c091bb21b7c1c1d1991bb908d89e4e9dddfe3e0	2026-09-09T19:31:59.1480019Z cea4414b39225b1240f36d968ba1549e700cd32f
clear the needs:area park	Run actions/checkout@9c091bb21b7c1c1d1991bb908d89e4e9dddfe3e0	2026-09-09T19:31:59.1489145Z ##[group]Removing auth
clear the needs:area park	Run actions/checkout@9c091bb21b7c1c1d1991bb908d89e4e9dddfe3e0	2026-09-09T19:31:59.1489908Z Removing SSH command configuration
clear the needs:area park	Run actions/checkout@9c091bb21b7c1c1d1991bb908d89e4e9dddfe3e0	2026-09-09T19:31:59.1493538Z [command]/usr/bin/git config --local --name-only --get-regexp core\.sshCommand
clear the needs:area park	Run actions/checkout@9c091bb21b7c1c1d1991bb908d89e4e9dddfe3e0	2026-09-09T19:31:59.1537452Z [command]/usr/bin/git submodule foreach --recursive sh -c "git config --local --name-only --get-regexp 'core\.sshCommand' && git config --local --unset-all 'core.sshCommand' || :"
clear the needs:area park	Run actions/checkout@9c091bb21b7c1c1d1991bb908d89e4e9dddfe3e0	2026-09-09T19:31:59.1772188Z Removing HTTP extra header
clear the needs:area park	Run actions/checkout@9c091bb21b7c1c1d1991bb908d89e4e9dddfe3e0	2026-09-09T19:31:59.1776064Z [command]/usr/bin/git config --local --name-only --get-regexp http\.https\:\/\/github\.com\/\.extraheader
clear the needs:area park	Run actions/checkout@9c091bb21b7c1c1d1991bb908d89e4e9dddfe3e0	2026-09-09T19:31:59.1813713Z [command]/usr/bin/git submodule foreach --recursive sh -c "git config --local --name-only --get-regexp 'http\.https\:\/\/github\.com\/\.extraheader' && git config --local --unset-all 'http.https://github.com/.extraheader' || :"
clear the needs:area park	Run actions/checkout@9c091bb21b7c1c1d1991bb908d89e4e9dddfe3e0	2026-09-09T19:31:59.2048529Z Removing includeIf entries pointing to credentials config files
clear the needs:area park	Run actions/checkout@9c091bb21b7c1c1d1991bb908d89e4e9dddfe3e0	2026-09-09T19:31:59.2051935Z [command]/usr/bin/git config --local --name-only --get-regexp ^includeIf\.gitdir:
clear the needs:area park	Run actions/checkout@9c091bb21b7c1c1d1991bb908d89e4e9dddfe3e0	2026-09-09T19:31:59.2086710Z includeif.gitdir:/home/runner/work/sparq/sparq/.git.path
clear the needs:area park	Run actions/checkout@9c091bb21b7c1c1d1991bb908d89e4e9dddfe3e0	2026-09-09T19:31:59.2088957Z includeif.gitdir:/home/runner/work/sparq/sparq/.git/worktrees/*.path
clear the needs:area park	Run actions/checkout@9c091bb21b7c1c1d1991bb908d89e4e9dddfe3e0	2026-09-09T19:31:59.2090840Z includeif.gitdir:/github/workspace/.git.path
clear the needs:area park	Run actions/checkout@9c091bb21b7c1c1d1991bb908d89e4e9dddfe3e0	2026-09-09T19:31:59.2093043Z includeif.gitdir:/github/workspace/.git/worktrees/*.path
clear the needs:area park	Run actions/checkout@9c091bb21b7c1c1d1991bb908d89e4e9dddfe3e0	2026-09-09T19:31:59.2097603Z [command]/usr/bin/git config --local --get-all includeif.gitdir:/home/runner/work/sparq/sparq/.git.path
clear the needs:area park	Run actions/checkout@9c091bb21b7c1c1d1991bb908d89e4e9dddfe3e0	2026-09-09T19:31:59.2127290Z /home/runner/work/_temp/git-credentials-cf368412-3497-4d7a-a34b-a7a035c4c75d.config
clear the needs:area park	Run actions/checkout@9c091bb21b7c1c1d1991bb908d89e4e9dddfe3e0	2026-09-09T19:31:59.2137502Z [command]/usr/bin/git config --local --unset includeif.gitdir:/home/runner/work/sparq/sparq/.git.path /home/runner/work/_temp/git-credentials-cf368412-3497-4d7a-a34b-a7a035c4c75d.config
clear the needs:area park	Run actions/checkout@9c091bb21b7c1c1d1991bb908d89e4e9dddfe3e0	2026-09-09T19:31:59.2178817Z [command]/usr/bin/git config --local --get-all includeif.gitdir:/home/runner/work/sparq/sparq/.git/worktrees/*.path
clear the needs:area park	Run actions/checkout@9c091bb21b7c1c1d1991bb908d89e4e9dddfe3e0	2026-09-09T19:31:59.2210521Z /home/runner/work/_temp/git-credentials-cf368412-3497-4d7a-a34b-a7a035c4c75d.config
clear the needs:area park	Run actions/checkout@9c091bb21b7c1c1d1991bb908d89e4e9dddfe3e0	2026-09-09T19:31:59.2219346Z [command]/usr/bin/git config --local --unset includeif.gitdir:/home/runner/work/sparq/sparq/.git/worktrees/*.path /home/runner/work/_temp/git-credentials-cf368412-3497-4d7a-a34b-a7a035c4c75d.config
clear the needs:area park	Run actions/checkout@9c091bb21b7c1c1d1991bb908d89e4e9dddfe3e0	2026-09-09T19:31:59.2260694Z [command]/usr/bin/git config --local --get-all includeif.gitdir:/github/workspace/.git.path
clear the needs:area park	Run actions/checkout@9c091bb21b7c1c1d1991bb908d89e4e9dddfe3e0	2026-09-09T19:31:59.2296407Z /github/runner_temp/git-credentials-cf368412-3497-4d7a-a34b-a7a035c4c75d.config
clear the needs:area park	Run actions/checkout@9c091bb21b7c1c1d1991bb908d89e4e9dddfe3e0	2026-09-09T19:31:59.2307725Z [command]/usr/bin/git config --local --unset includeif.gitdir:/github/workspace/.git.path /github/runner_temp/git-credentials-cf368412-3497-4d7a-a34b-a7a035c4c75d.config
clear the needs:area park	Run actions/checkout@9c091bb21b7c1c1d1991bb908d89e4e9dddfe3e0	2026-09-09T19:31:59.2344055Z [command]/usr/bin/git config --local --get-all includeif.gitdir:/github/workspace/.git/worktrees/*.path
clear the needs:area park	Run actions/checkout@9c091bb21b7c1c1d1991bb908d89e4e9dddfe3e0	2026-09-09T19:31:59.2370551Z /github/runner_temp/git-credentials-cf368412-3497-4d7a-a34b-a7a035c4c75d.config
clear the needs:area park	Run actions/checkout@9c091bb21b7c1c1d1991bb908d89e4e9dddfe3e0	2026-09-09T19:31:59.2378290Z [command]/usr/bin/git config --local --unset includeif.gitdir:/github/workspace/.git/worktrees/*.path /github/runner_temp/git-credentials-cf368412-3497-4d7a-a34b-a7a035c4c75d.config
clear the needs:area park	Run actions/checkout@9c091bb21b7c1c1d1991bb908d89e4e9dddfe3e0	2026-09-09T19:31:59.2416634Z [command]/usr/bin/git submodule foreach --recursive git config --local --show-origin --name-only --get-regexp remote.origin.url
clear the needs:area park	Run actions/checkout@9c091bb21b7c1c1d1991bb908d89e4e9dddfe3e0	2026-09-09T19:31:59.2658872Z Removing credentials config '/home/runner/work/_temp/git-credentials-cf368412-3497-4d7a-a34b-a7a035c4c75d.config'
clear the needs:area park	Run actions/checkout@9c091bb21b7c1c1d1991bb908d89e4e9dddfe3e0	2026-09-09T19:31:59.2667375Z ##[endgroup]
clear the needs:area park	Self-test the classifier before it writes	﻿2026-09-09T19:31:59.2891633Z ##[group]Run set -euo pipefail
clear the needs:area park	Self-test the classifier before it writes	2026-09-09T19:31:59.2892663Z [36;1mset -euo pipefail[0m
clear the needs:area park	Self-test the classifier before it writes	2026-09-09T19:31:59.2893582Z [36;1mpython3 scripts/triage-area.py --self-test[0m
clear the needs:area park	Self-test the classifier before it writes	2026-09-09T19:31:59.2894584Z [36;1mpython3 scripts/tests/test_triage_area.py[0m
clear the needs:area park	Self-test the classifier before it writes	2026-09-09T19:31:59.2936618Z shell: /usr/bin/bash -e {0}
clear the needs:area park	Self-test the classifier before it writes	2026-09-09T19:31:59.2937496Z env:
clear the needs:area park	Self-test the classifier before it writes	2026-09-09T19:31:59.2941857Z   GH_TOKEN: ***
clear the needs:area park	Self-test the classifier before it writes	2026-09-09T19:31:59.2942671Z   SPARQ_REPO: sparq-org/sparq
clear the needs:area park	Self-test the classifier before it writes	2026-09-09T19:31:59.2943485Z ##[endgroup]
clear the needs:area park	Self-test the classifier before it writes	2026-09-09T19:31:59.3695302Z ok   declared single
clear the needs:area park	Self-test the classifier before it writes	2026-09-09T19:31:59.3696648Z ok   declared multi
clear the needs:area park	Self-test the classifier before it writes	2026-09-09T19:31:59.3697623Z ok   declared surface
clear the needs:area park	Self-test the classifier before it writes	2026-09-09T19:31:59.3698629Z ok   declared new-crate -> parked
clear the needs:area park	Self-test the classifier before it writes	2026-09-09T19:31:59.3699589Z ok   no evidence -> parked
clear the needs:area park	Self-test the classifier before it writes	2026-09-09T19:31:59.3700576Z ok   body-only mention does not fire a title rule
clear the needs:area park	Self-test the classifier before it writes	2026-09-09T19:31:59.3702138Z ok   body-only ieee754 does not fire the title-scoped zk rule
clear the needs:area park	Self-test the classifier before it writes	2026-09-09T19:31:59.3703207Z ok   spec beats zk
clear the needs:area park	Self-test the classifier before it writes	2026-09-09T19:31:59.3704075Z ok   workflow lane beats zk-compose
clear the needs:area park	Self-test the classifier before it writes	2026-09-09T19:31:59.3705132Z ok   noir upstream
clear the needs:area park	Self-test the classifier before it writes	2026-09-09T19:31:59.3705966Z ok   dual zk libraries
clear the needs:area park	Self-test the classifier before it writes	2026-09-09T19:31:59.3706797Z ok   dl lane
clear the needs:area park	Self-test the classifier before it writes	2026-09-09T19:31:59.3707592Z ok   el lane
clear the needs:area park	Self-test the classifier before it writes	2026-09-09T19:31:59.3708472Z ok   difftest normaliser+harness
clear the needs:area park	Self-test the classifier before it writes	2026-09-09T19:31:59.3709342Z ok   difftest harness only
clear the needs:area park	Self-test the classifier before it writes	2026-09-09T19:31:59.3710112Z ok   t2 title scope
clear the needs:area park	Self-test the classifier before it writes	2026-09-09T19:31:59.3710912Z ok   already-area is a no-op
clear the needs:area park	Self-test the classifier before it writes	2026-09-09T19:31:59.3711904Z SELF-TEST PASSED
clear the needs:area park	Self-test the classifier before it writes	2026-09-09T19:31:59.4858173Z test_a_body_name_drop_is_not_evidence (__main__.TestFailClosed.test_a_body_name_drop_is_not_evidence) ... ok
clear the needs:area park	Self-test the classifier before it writes	2026-09-09T19:31:59.4874556Z test_declaration_naming_no_real_crate_stays_parked (__main__.TestFailClosed.test_declaration_naming_no_real_crate_stays_parked) ... ok
clear the needs:area park	Self-test the classifier before it writes	2026-09-09T19:31:59.4910372Z test_no_evidence_stays_parked (__main__.TestFailClosed.test_no_evidence_stays_parked) ... ok
clear the needs:area park	Self-test the classifier before it writes	2026-09-09T19:31:59.4911720Z test_a_never_parked_area_less_issue_reaches_the_queue (__main__.TestFetchReach.test_a_never_parked_area_less_issue_reaches_the_queue)
clear the needs:area park	Self-test the classifier before it writes	2026-09-09T19:31:59.4950368Z THE REACH GUARD. A `--label needs:area` fetch cannot return an issue that ... ok
clear the needs:area park	Self-test the classifier before it writes	2026-09-09T19:31:59.4951825Z test_a_runaway_snapshot_fails_closed (__main__.TestFetchReach.test_a_runaway_snapshot_fails_closed)
clear the needs:area park	Self-test the classifier before it writes	2026-09-09T19:31:59.4979990Z The ceiling is the other half of dropping the limit: pagination to ... ok
clear the needs:area park	Self-test the classifier before it writes	2026-09-09T19:31:59.4981940Z test_an_already_attributed_issue_is_not_re_fetched (__main__.TestFetchReach.test_an_already_attributed_issue_is_not_re_fetched)
clear the needs:area park	Self-test the classifier before it writes	2026-09-09T19:31:59.5015969Z Widening the reach must not re-open settled work: an issue that already ... ok
clear the needs:area park	Self-test the classifier before it writes	2026-09-09T19:31:59.5017417Z test_pull_requests_are_not_candidates (__main__.TestFetchReach.test_pull_requests_are_not_candidates)
clear the needs:area park	Self-test the classifier before it writes	2026-09-09T19:31:59.5049878Z The issues endpoint returns PRs; a PR has no dispatch partition, so ... ok
clear the needs:area park	Self-test the classifier before it writes	2026-09-09T19:31:59.5051556Z test_the_fetch_does_not_silently_truncate (__main__.TestFetchReach.test_the_fetch_does_not_silently_truncate)
clear the needs:area park	Self-test the classifier before it writes	2026-09-09T19:31:59.5083605Z THE TRUNCATION GUARD. `--limit 1000` keeps the newest 1000 and reports ... ok
clear the needs:area park	Self-test the classifier before it writes	2026-09-09T19:31:59.5116379Z test_the_fetch_uses_cursor_pagination (__main__.TestFetchReach.test_the_fetch_uses_cursor_pagination) ... ok
clear the needs:area park	Self-test the classifier before it writes	2026-09-09T19:31:59.5118331Z test_already_classified_issue_is_a_no_op (__main__.TestNoDrift.test_already_classified_issue_is_a_no_op) ... ok
clear the needs:area park	Self-test the classifier before it writes	2026-09-09T19:31:59.5119892Z test_main_never_applies_an_unclassified_row (__main__.TestNoDrift.test_main_never_applies_an_unclassified_row)
clear the needs:area park	Self-test the classifier before it writes	2026-09-09T19:31:59.5144415Z End-to-end over `main() --apply`: the filter that decides WHICH rows are ... ok
clear the needs:area park	Self-test the classifier before it writes	2026-09-09T19:31:59.5153776Z test_plan_emits_labels_only_for_classifiable_issues (__main__.TestNoDrift.test_plan_emits_labels_only_for_classifiable_issues) ... ok
clear the needs:area park	Self-test the classifier before it writes	2026-09-09T19:31:59.5155489Z test_the_unpark_and_the_areas_travel_in_one_call (__main__.TestNoDrift.test_the_unpark_and_the_areas_travel_in_one_call) ... ok
clear the needs:area park	Self-test the classifier before it writes	2026-09-09T19:31:59.5156551Z test_unpark_is_never_emitted_without_an_area (__main__.TestNoDrift.test_unpark_is_never_emitted_without_an_area)
clear the needs:area park	Self-test the classifier before it writes	2026-09-09T19:31:59.5157707Z The named case: apply_row called with NO areas must not reach `gh` at ... ok
clear the needs:area park	Self-test the classifier before it writes	2026-09-09T19:31:59.5158750Z test_cross_cutting_issues_keep_every_area (__main__.TestRuleTableHygiene.test_cross_cutting_issues_keep_every_area)
clear the needs:area park	Self-test the classifier before it writes	2026-09-09T19:31:59.5160015Z The partitioner maps multi-area to __global__ deliberately. Collapsing a ... ok
clear the needs:area park	Self-test the classifier before it writes	2026-09-09T19:31:59.5161300Z test_declaration_span_stops_at_the_sentence_break (__main__.TestRuleTableHygiene.test_declaration_span_stops_at_the_sentence_break)
clear the needs:area park	Self-test the classifier before it writes	2026-09-09T19:31:59.5162812Z sq-p4zci's field is followed by prose containing 'docs/SKILL examples'; ... ok
clear the needs:area park	Self-test the classifier before it writes	2026-09-09T19:31:59.5164257Z test_every_emitted_area_is_a_real_crate_or_a_known_surface (__main__.TestRuleTableHygiene.test_every_emitted_area_is_a_real_crate_or_a_known_surface)
clear the needs:area park	Self-test the classifier before it writes	2026-09-09T19:31:59.5165402Z Never invent a label. An `area:` the repo does not have is invisible to ... ok
clear the needs:area park	Self-test the classifier before it writes	2026-09-09T19:31:59.5166872Z test_only_the_pinned_rules_are_allowed_to_read_the_body (__main__.TestRuleTableHygiene.test_only_the_pinned_rules_are_allowed_to_read_the_body)
clear the needs:area park	Self-test the classifier before it writes	2026-09-09T19:31:59.5167915Z The scope of a rule is a POLICY decision, and widening one from `title` ... ok
clear the needs:area park	Self-test the classifier before it writes	2026-09-09T19:31:59.5168911Z test_rule_order_survives_the_known_name_drop_collisions (__main__.TestRuleTableHygiene.test_rule_order_survives_the_known_name_drop_collisions)
clear the needs:area park	Self-test the classifier before it writes	2026-09-09T19:31:59.5169927Z Three orderings were each MEASURED wrong on the live backlog. Pin them: ... ok
clear the needs:area park	Self-test the classifier before it writes	2026-09-09T19:31:59.5170865Z test_scope_is_declared_and_only_ever_title_or_text (__main__.TestRuleTableHygiene.test_scope_is_declared_and_only_ever_title_or_text)
clear the needs:area park	Self-test the classifier before it writes	2026-09-09T19:31:59.5171808Z `scope` is a two-valued dispatch in classify(); a typo'd third value ... ok
clear the needs:area park	Self-test the classifier before it writes	2026-09-09T19:31:59.5172531Z test_a_text_scoped_rule_does_fire_from_the_body (__main__.TestScopeDiscipline.test_a_text_scoped_rule_does_fire_from_the_body)
clear the needs:area park	Self-test the classifier before it writes	2026-09-09T19:31:59.5195431Z The other direction of the same dispatch. The `text`-scoped rules exist ... ok
clear the needs:area park	Self-test the classifier before it writes	2026-09-09T19:31:59.5196828Z test_a_title_scoped_rule_never_fires_from_the_body_alone (__main__.TestScopeDiscipline.test_a_title_scoped_rule_never_fires_from_the_body_alone)
clear the needs:area park	Self-test the classifier before it writes	2026-09-09T19:31:59.5766782Z THE property. Each title rule's own witness, moved into the body of an ... ok
clear the needs:area park	Self-test the classifier before it writes	2026-09-09T19:31:59.5768027Z test_every_rule_has_a_witness_that_actually_matches (__main__.TestScopeDiscipline.test_every_rule_has_a_witness_that_actually_matches)
clear the needs:area park	Self-test the classifier before it writes	2026-09-09T19:31:59.5851002Z The generated fixtures are the substrate of both properties below; if one ... ok
clear the needs:area park	Self-test the classifier before it writes	2026-09-09T19:31:59.5853568Z test_the_scope_immune_rules_are_exactly_the_fully_anchored_ones (__main__.TestScopeDiscipline.test_the_scope_immune_rules_are_exactly_the_fully_anchored_ones)
clear the needs:area park	Self-test the classifier before it writes	2026-09-09T19:31:59.5896855Z Keeps the exemption above honest: a rule is exempt only because every ... ok
clear the needs:area park	Self-test the classifier before it writes	2026-09-09T19:31:59.5898093Z test_zk_ieee754_scope_is_pinned_not_only_its_order (__main__.TestScopeDiscipline.test_zk_ieee754_scope_is_pinned_not_only_its_order)
clear the needs:area park	Self-test the classifier before it writes	2026-09-09T19:31:59.5916519Z The rule's own comment gives TWO reasons it is safe — "TITLE-scoped and ... ok
clear the needs:area park	Self-test the classifier before it writes	2026-09-09T19:31:59.5917924Z test_a_never_parked_issue_is_not_unparked (__main__.TestUnparkDiscipline.test_a_never_parked_issue_is_not_unparked) ... ok
clear the needs:area park	Self-test the classifier before it writes	2026-09-09T19:31:59.5919185Z test_a_parked_issue_still_travels_with_its_unpark (__main__.TestUnparkDiscipline.test_a_parked_issue_still_travels_with_its_unpark) ... ok
clear the needs:area park	Self-test the classifier before it writes	2026-09-09T19:31:59.5920589Z test_main_decides_the_unpark_per_issue (__main__.TestUnparkDiscipline.test_main_decides_the_unpark_per_issue)
clear the needs:area park	Self-test the classifier before it writes	2026-09-09T19:31:59.5927610Z End-to-end through `main() --apply`: the decision is read from each ... ok
clear the needs:area park	Self-test the classifier before it writes	2026-09-09T19:31:59.5929020Z test_the_empty_add_guard_holds_in_both_modes (__main__.TestUnparkDiscipline.test_the_empty_add_guard_holds_in_both_modes)
clear the needs:area park	Self-test the classifier before it writes	2026-09-09T19:31:59.5929981Z A bare unpark is refused with `unpark=True`; with `unpark=False` there is ... ok
clear the needs:area park	Self-test the classifier before it writes	2026-09-09T19:31:59.5940651Z test_a_dry_run_shows_the_deferral_the_next_apply_tick_will_make (__main__.TestWriteBudget.test_a_dry_run_shows_the_deferral_the_next_apply_tick_will_make) ... ok
clear the needs:area park	Self-test the classifier before it writes	2026-09-09T19:31:59.5950674Z test_the_budget_bounds_the_writes_a_single_run_can_spend (__main__.TestWriteBudget.test_the_budget_bounds_the_writes_a_single_run_can_spend) ... ok
clear the needs:area park	Self-test the classifier before it writes	2026-09-09T19:31:59.5952325Z test_the_defaults_stay_under_the_documented_secondary_limits (__main__.TestWriteBudget.test_the_defaults_stay_under_the_documented_secondary_limits)
clear the needs:area park	Self-test the classifier before it writes	2026-09-09T19:31:59.5953442Z The two constants are only defensible as arithmetic on the published limits, ... ok
clear the needs:area park	Self-test the classifier before it writes	2026-09-09T19:31:59.5954413Z test_the_deferred_tail_is_reported_not_silently_dropped (__main__.TestWriteBudget.test_the_deferred_tail_is_reported_not_silently_dropped)
clear the needs:area park	Self-test the classifier before it writes	2026-09-09T19:31:59.5962400Z The headline property. A cap the report does not name is indistinguishable ... ok
clear the needs:area park	Self-test the classifier before it writes	2026-09-09T19:31:59.5979956Z test_the_deferred_tail_is_written_by_the_next_tick (__main__.TestWriteBudget.test_the_deferred_tail_is_written_by_the_next_tick)
clear the needs:area park	Self-test the classifier before it writes	2026-09-09T19:31:59.5981119Z CONVERGENCE. The budget defers, it does not drop. Simulate the next tick: ... ok
clear the needs:area park	Self-test the classifier before it writes	2026-09-09T19:31:59.5993370Z test_there_is_no_unlimited_write_mode (__main__.TestWriteBudget.test_there_is_no_unlimited_write_mode) ... ok
clear the needs:area park	Self-test the classifier before it writes	2026-09-09T19:31:59.5995235Z test_ticks_per_hour_matches_the_cron_that_actually_drives_the_lane (__main__.TestWriteBudget.test_ticks_per_hour_matches_the_cron_that_actually_drives_the_lane)
clear the needs:area park	Self-test the classifier before it writes	2026-09-09T19:31:59.5996858Z The budget is the hourly allowance divided across the ticks in an hour, so ... ok
clear the needs:area park	Self-test the classifier before it writes	2026-09-09T19:31:59.6012287Z test_writes_are_paced_between_each_other_and_not_before_the_first (__main__.TestWriteBudget.test_writes_are_paced_between_each_other_and_not_before_the_first) ... ok
clear the needs:area park	Self-test the classifier before it writes	2026-09-09T19:31:59.6013457Z 
clear the needs:area park	Self-test the classifier before it writes	2026-09-09T19:31:59.6013694Z ----------------------------------------------------------------------
clear the needs:area park	Self-test the classifier before it writes	2026-09-09T19:31:59.6014189Z Ran 37 tests in 0.128s
clear the needs:area park	Self-test the classifier before it writes	2026-09-09T19:31:59.6014394Z 
clear the needs:area park	Self-test the classifier before it writes	2026-09-09T19:31:59.6014525Z OK
clear the needs:area park	Classify the needs:area backlog	﻿2026-09-09T19:31:59.6150595Z ##[group]Run set -euo pipefail
clear the needs:area park	Classify the needs:area backlog	2026-09-09T19:31:59.6151449Z [36;1mset -euo pipefail[0m
clear the needs:area park	Classify the needs:area backlog	2026-09-09T19:31:59.6152000Z [36;1mpython3 scripts/triage-area.py --apply | tee "$RUNNER_TEMP/triage-area.log"[0m
clear the needs:area park	Classify the needs:area backlog	2026-09-09T19:31:59.6189149Z shell: /usr/bin/bash -e {0}
clear the needs:area park	Classify the needs:area backlog	2026-09-09T19:31:59.6189467Z env:
clear the needs:area park	Classify the needs:area backlog	2026-09-09T19:31:59.6192870Z   GH_TOKEN: ***
clear the needs:area park	Classify the needs:area backlog	2026-09-09T19:31:59.6193193Z   SPARQ_REPO: sparq-org/sparq
clear the needs:area park	Classify the needs:area backlog	2026-09-09T19:31:59.6193499Z ##[endgroup]
clear the needs:area park	Classify the needs:area backlog	2026-09-09T19:32:22.9491778Z #811   sparq-zk-compose                         T1 zk-compose: zk-compose circuit/verifier surface
clear the needs:area park	Classify the needs:area backlog	2026-09-09T19:32:22.9494518Z        [cert] External accredited-cryptographer audit of the ZK verifier + Noir circuits (long-term)
clear the needs:area park	Classify the needs:area backlog	2026-09-09T19:32:22.9495904Z #834   bench                                    T1 bench-generic: a benchmarking deliverable
clear the needs:area park	Classify the needs:area backlog	2026-09-09T19:32:22.9496595Z        [benchmarking]: Run SPARQL QA benchmarks
clear the needs:area park	Classify the needs:area backlog	2026-09-09T19:32:22.9497312Z #890   sparq-policy                             T1 odrl: ODRL evaluation lives in crates/sparq-policy
clear the needs:area park	Classify the needs:area backlog	2026-09-09T19:32:22.9499489Z        PSS→SPARQ: ODRL+WAC+ACP server-side feasibility findings + coordination (conflict-strategy, ZK↔ODRL constraint seam, solid-odrl over-grants)
clear the needs:area park	Classify the needs:area backlog	2026-09-09T19:32:22.9501393Z #940   sparq-trust                              T1 trust-graph: the solid trust-graph / admission surface
clear the needs:area park	Classify the needs:area backlog	2026-09-09T19:32:22.9503209Z        Design: trust-graph authorisation for Solid/LWS — generalised RBAC/ABAC via trusted-source-scoped statements + rules, VC attributes, capability delega
clear the needs:area park	Classify the needs:area backlog	2026-09-09T19:32:22.9505234Z #1027  sparq-trust                              T1 trust-graph: the solid trust-graph / admission surface
clear the needs:area park	Classify the needs:area backlog	2026-09-09T19:32:22.9506429Z        Trust-graph delegation (sq-l5og): steer the obj-cap model + intersection-binding choices [OPUS-4.8]
clear the needs:area park	Classify the needs:area backlog	2026-09-09T19:32:22.9507637Z #1032  sparq-zk-compose                         T1 zk-compose: zk-compose circuit/verifier surface
clear the needs:area park	Classify the needs:area backlog	2026-09-09T19:32:22.9508836Z        Steer: M-1 issuer challenge-reduction no-wrap fixed in-circuit during sq-ru0yx re-audit (PR #1031)
clear the needs:area park	Classify the needs:area backlog	2026-09-09T19:32:22.9510064Z #1042  ci                                       T1 ci: CI / orchestration infrastructure
clear the needs:area park	Classify the needs:area backlog	2026-09-09T19:32:22.9511464Z        Steer: confirm conformance-fetch retry (PR #1041) is the right fix for the ~18s 'Inference conformance' flake (sq-nj0pd)
clear the needs:area park	Classify the needs:area backlog	2026-09-09T19:32:22.9512810Z #1049  gui,deps                                 T1 gui-tauri: the Tauri desktop shell's dependency stack
clear the needs:area park	Classify the needs:area backlog	2026-09-09T19:32:22.9514282Z        GUI: port the @sparq/client persistent-workspace UI into the gui/app operational frontend (consume the now-active Tauri fs path)
clear the needs:area park	Classify the needs:area backlog	2026-09-09T19:32:22.9515573Z #1051  gui                                      T2 bd-to-issues.derive_areas (title scope/crate token)
clear the needs:area park	Classify the needs:area backlog	2026-09-09T19:32:22.9516705Z        GUI Import drawer (sq-ixc3.13): confirm native-loader-for-ingest split + dependency-free Tauri bridge
clear the needs:area park	Classify the needs:area backlog	2026-09-09T19:32:22.9517817Z #1053  gui                                      T2 bd-to-issues.derive_areas (title scope/crate token)
clear the needs:area park	Classify the needs:area backlog	2026-09-09T19:32:22.9519158Z        GUI: tighten URL-import desktop CSP (sq-wun7z) — blocked on PR #1050; steer hardening approach
clear the needs:area park	Classify the needs:area backlog	2026-09-09T19:32:22.9520143Z #1059  site                                     T1 site-app: a site/ route
clear the needs:area park	Classify the needs:area backlog	2026-09-09T19:32:22.9523294Z        Decision flag: live GUI hosted at /sparq/app/ (not /sparq/gui/) — confirm canonical slot (sq-vnd0i)
clear the needs:area park	Classify the needs:area backlog	2026-09-09T19:32:22.9524455Z #1073  knowledge-graph                          T1 pkg: the project-knowledge-graph surface
clear the needs:area park	Classify the needs:area backlog	2026-09-09T19:32:22.9525438Z        Steer: query-the-PKG skill design decisions (sq-2m6zm.3, PR #1072)
clear the needs:area park	Classify the needs:area backlog	2026-09-09T19:32:22.9526419Z #1087  knowledge-graph                          T1 pkg: the project-knowledge-graph surface
clear the needs:area park	Classify the needs:area backlog	2026-09-09T19:32:22.9527454Z        PKG NL-tool (sq-ve5dy): steer the agent-flavor design decisions [OPUS-4.8]
clear the needs:area park	Classify the needs:area backlog	2026-09-09T19:32:22.9528388Z #1110  knowledge-graph                          T1 pkg: the project-knowledge-graph surface
clear the needs:area park	Classify the needs:area backlog	2026-09-09T19:32:22.9529798Z        Provenance-driven GenAI KB: load-bearing PROV-O (+DQV/CiTO/FaBiO/nanopub) across the GenAI packages + scaled literature-trawling ingestion
clear the needs:area park	Classify the needs:area backlog	2026-09-09T19:32:22.9531639Z #1135  bench                                    T1 bench: the bench/ harness + competitor gather
clear the needs:area park	Classify the needs:area backlog	2026-09-09T19:32:22.9532708Z        📌 START HERE — what needs @jeswr (prioritised, auto-maintained)
clear the needs:area park	Classify the needs:area backlog	2026-09-09T19:32:22.9533739Z #1156  sparq-zk                                 T2 bd-to-issues.derive_areas (title scope/crate token)
clear the needs:area park	Classify the needs:area backlog	2026-09-09T19:32:22.9534829Z        VC bridge (sq-9c5e): confirm RDF-graph (not JSON-LD) input + zk:sourceCryptosuite literal-token form
clear the needs:area park	Classify the needs:area backlog	2026-09-09T19:32:22.9536015Z #1214  sparq-trust                              T1 trust-graph: the solid trust-graph / admission surface
clear the needs:area park	Classify the needs:area backlog	2026-09-09T19:32:22.9537094Z        [sq-pfae.7] Status-list VC signature verification + revocation propagation: decisions to steer
clear the needs:area park	Classify the needs:area backlog	2026-09-09T19:32:22.9538175Z #1582  sparq-policy                             T1 odrl: ODRL evaluation lives in crates/sparq-policy
clear the needs:area park	Classify the needs:area backlog	2026-09-09T19:32:22.9539039Z        [feature]: Implement ODRL evaluation using inference rules
clear the needs:area park	Classify the needs:area backlog	2026-09-09T19:32:22.9539904Z #1591  site-specs                               T1 site-specs: authors/edits a Typst UPD under site/specs
clear the needs:area park	Classify the needs:area backlog	2026-09-09T19:32:22.9541600Z        zkSPARQL fragment extension: greatest reasonable OWA-conforming subset (property paths + most filters) in spec + implementation, plus pure zk-architec
clear the needs:area park	Classify the needs:area backlog	2026-09-09T19:32:22.9543452Z #1613  sparq-policy                             T1 odrl: ODRL evaluation lives in crates/sparq-policy
clear the needs:area park	Classify the needs:area backlog	2026-09-09T19:32:22.9544937Z        Papers track: access-controlled-query BENCHMARK (WAC + ACP + ODRL) over use-case-representative datasets + sparq evaluation (maintainer directive 2026
clear the needs:area park	Classify the needs:area backlog	2026-09-09T19:32:22.9546379Z #1696  sparq-zk-compose                         T1 zk-compose: zk-compose circuit/verifier surface
clear the needs:area park	Classify the needs:area backlog	2026-09-09T19:32:22.9548085Z        sq-qcnn wave-2 decomposition: judgment calls taken (zk-compose floor 90, solid deferral, in-diff advisory-first, G1 gating day-one) — steer if needed 
clear the needs:area park	Classify the needs:area backlog	2026-09-09T19:32:22.9549491Z #1744  sparq-server                             T2 bd-to-issues.derive_areas (title scope/crate token)
clear the needs:area park	Classify the needs:area backlog	2026-09-09T19:32:22.9550605Z        TTFB streaming for SELECT-JSON: shipped scope + the join-materialisation boundary (sq-7d3dj.34.2)
clear the needs:area park	Classify the needs:area backlog	2026-09-09T19:32:22.9551880Z #1877  site-papers                              T1 site-papers: paper-factory artifact
clear the needs:area park	Classify the needs:area backlog	2026-09-09T19:32:22.9553076Z        Paper factory policy call (steer post-hoc): papers may headline measured timings ONLY via the new canonical-timing class (sq-gum8.16)
clear the needs:area park	Classify the needs:area backlog	2026-09-09T19:32:22.9554253Z #1897  ci                                       T1 ci: CI / orchestration infrastructure
clear the needs:area park	Classify the needs:area backlog	2026-09-09T19:32:22.9555054Z        sq-6vshe.14: SHA-guarded push-to-main skip is UNSOUND under merge_method=SQUASH + ALLGREEN batching — decision needed
clear the needs:area park	Classify the needs:area backlog	2026-09-09T19:32:22.9555785Z #1974  sparq-policy                             T1 odrl: ODRL evaluation lives in crates/sparq-policy
clear the needs:area park	Classify the needs:area backlog	2026-09-09T19:32:22.9556463Z        Decision: public JS API contract for ODRL policy evaluation in @jeswr/sparq (sq-586sh probe results)
clear the needs:area park	Classify the needs:area backlog	2026-09-09T19:32:22.9557112Z #2156  bench                                    T1 bench: the bench/ harness + competitor gather
clear the needs:area park	Classify the needs:area backlog	2026-09-09T19:32:22.9557627Z        dashboard: add a FEATURED_SUITES row for bench suite shaclc
clear the needs:area park	Classify the needs:area backlog	2026-09-09T19:32:22.9558123Z #2217  bench                                    T1 bench: the bench/ harness + competitor gather
clear the needs:area park	Classify the needs:area backlog	2026-09-09T19:32:22.9558682Z        dashboard: add a FEATURED_SUITES row for bench suite service-fed-loopback
clear the needs:area park	Classify the needs:area backlog	2026-09-09T19:32:22.9559222Z #2253  site                                     T1 site-a11y-vr: site/e2e + site/src surfaces
clear the needs:area park	Classify the needs:area backlog	2026-09-09T19:32:22.9560063Z        🤖 nightly-sweep: visual-regression full-surface sweep is failing
clear the needs:area park	Classify the needs:area backlog	2026-09-09T19:32:22.9561244Z #2255  sparq-shaclc                             T2 bd-to-issues.derive_areas (title scope/crate token)
clear the needs:area park	Classify the needs:area backlog	2026-09-09T19:32:22.9562292Z        drift: crate `sparq-shaclc` carries conformance ratchets outside the central scoreboard
clear the needs:area park	Classify the needs:area backlog	2026-09-09T19:32:22.9563319Z #2321  sparq-lws-core                           T2 bd-to-issues.derive_areas (title scope/crate token)
clear the needs:area park	Classify the needs:area backlog	2026-09-09T19:32:22.9564542Z        Align LWS Redis replay deployment guidance with published image features
clear the needs:area park	Classify the needs:area backlog	2026-09-09T19:32:22.9565248Z #2407  sparq-server                             T2 bd-to-issues.derive_areas (title scope/crate token)
clear the needs:area park	Classify the needs:area backlog	2026-09-09T19:32:22.9566234Z        sq-3vjdr: [EPIC] 1-click / minimal-friction cloud deployment of the sparq servers (SPARQL server + Solid/LWS server) to AWS, Azure, GCP + fast PaaS — 
clear the needs:area park	Classify the needs:area backlog	2026-09-09T19:32:22.9567098Z #2408  sparq-wrapper                            T2 bd-to-issues.derive_areas (title scope/crate token)
clear the needs:area park	Classify the needs:area backlog	2026-09-09T19:32:22.9568004Z        sq-1rg2q: EPIC: sparq-wrapper — Rust-native OO abstraction over RDF (rdfjs/wrapper parity + PROPOSED features + SHACL->OO codegen)
clear the needs:area park	Classify the needs:area backlog	2026-09-09T19:32:22.9568783Z #2446  site-specs                               T1 site-specs: authors/edits a Typst UPD under site/specs
clear the needs:area park	Classify the needs:area backlog	2026-09-09T19:32:22.9569524Z        sparql-vector-genai: refresh the spec implementation-status table after sq-tb9p0
clear the needs:area park	Classify the needs:area backlog	2026-09-09T19:32:22.9570621Z #2448  site-specs                               T1 site-specs: authors/edits a Typst UPD under site/specs
clear the needs:area park	Classify the needs:area backlog	2026-09-09T19:32:22.9571820Z        VG-GOV-2: publish a vec: namespace document at http://sparq.dev/vec#
clear the needs:area park	Classify the needs:area backlog	2026-09-09T19:32:22.9572643Z #2454  ci                                       T2 bd-to-issues.derive_areas (title scope/crate token)
clear the needs:area park	Classify the needs:area backlog	2026-09-09T19:32:22.9573591Z        CI doc gate only runs --all-features: partial-feature rustdoc link breakage (issue #2437 class) is invisible to CI
clear the needs:area park	Classify the needs:area backlog	2026-09-09T19:32:22.9574263Z #2459  bench                                    T1 bench-generic: a benchmarking deliverable
clear the needs:area park	Classify the needs:area backlog	2026-09-09T19:32:22.9574913Z        [bench-flake] suite=sparq-engine+sparq-core: benchmarks in the soft zone (possible runner noise)
clear the needs:area park	Classify the needs:area backlog	2026-09-09T19:32:22.9575618Z #2495  sparq-introspect                         T2 bd-to-issues.derive_areas (title scope/crate token)
clear the needs:area park	Classify the needs:area backlog	2026-09-09T19:32:22.9576293Z        sparq-introspect: wasm smoke-test graph still carries rayon via the sparq-engine dev-dependency
clear the needs:area park	Classify the needs:area backlog	2026-09-09T19:32:22.9576965Z #2506  sparq-conformance                        T2 bd-to-issues.derive_areas (title scope/crate token)
clear the needs:area park	Classify the needs:area backlog	2026-09-09T19:32:22.9577576Z        flatten/fromRdf JSON-LD lanes still use a blanket specVersion=json-ld-1.0 skip
clear the needs:area park	Classify the needs:area backlog	2026-09-09T19:32:22.9578192Z #2509  sparq-lws-core                           T2 bd-to-issues.derive_areas (title scope/crate token)
clear the needs:area park	Classify the needs:area backlog	2026-09-09T19:32:22.9578871Z        lws-core: replace the local JSON-LD compaction step when oxjsonld grows a serializer profile option
clear the needs:area park	Classify the needs:area backlog	2026-09-09T19:32:22.9579546Z #2510  site-specs                               T1 site-specs: authors/edits a Typst UPD under site/specs
clear the needs:area park	Classify the needs:area backlog	2026-09-09T19:32:22.9580194Z        Re-audit sparql-vector-genai.typ implementation-status rows against the current crates
clear the needs:area park	Classify the needs:area backlog	2026-09-09T19:32:22.9580786Z #2529  ci                                       T1 ci: CI / orchestration infrastructure
clear the needs:area park	Classify the needs:area backlog	2026-09-09T19:32:22.9581815Z        Retire the doomed best-effort git push HEAD:main bead-append steps in fuzz.yml / ci.yml / differential.yml / differential-update.yml / metamorph.yml
clear the needs:area park	Classify the needs:area backlog	2026-09-09T19:32:22.9582838Z #2543  sparq-lws-core                           T2 bd-to-issues.derive_areas (title scope/crate token)
clear the needs:area park	Classify the needs:area backlog	2026-09-09T19:32:22.9584322Z        lws-core: SOLID_SERVER_SEED_DEMO playground is anonymous-writable — diverges from lws-demo-architecture §3.2 (AuthenticatedAgent-only writes)
clear the needs:area park	Classify the needs:area backlog	2026-09-09T19:32:22.9585426Z #2559  sparq-server                             T2 bd-to-issues.derive_areas (title scope/crate token)
clear the needs:area park	Classify the needs:area backlog	2026-09-09T19:32:22.9586571Z        sq-oprna: EPIC: HTTP/3 (QUIC) support across ALL sparq HTTP servers — sparq-server + the Solid server (sparq-lws/lws-core), opt-in feature-gated (h3/q
clear the needs:area park	Classify the needs:area backlog	2026-09-09T19:32:22.9587662Z #2564  sparq-forms                              T2 bd-to-issues.derive_areas (title scope/crate token)
clear the needs:area park	Classify the needs:area backlog	2026-09-09T19:32:22.9588673Z        sq-lsp7k.1: sub-epic: SHACL-UI forms — DASH-compatible auto-generated data-entry/edit forms (TopBraid parity, engine-market white space)
clear the needs:area park	Classify the needs:area backlog	2026-09-09T19:32:22.9589869Z #2570  site-specs                               T1 site-specs: authors/edits a Typst UPD under site/specs
clear the needs:area park	Classify the needs:area backlog	2026-09-09T19:32:22.9590763Z        sq-tag1q: EPIC: Solid + SPARQL spec-proposal program (MCP adapter, vector-DB API, E2EE-queryable, SPARQL-CRDT)
clear the needs:area park	Classify the needs:area backlog	2026-09-09T19:32:22.9591772Z #2576  sparq-policy                             T1 odrl: ODRL evaluation lives in crates/sparq-policy
clear the needs:area park	Classify the needs:area backlog	2026-09-09T19:32:22.9592987Z        sq-lrtc3: feat(odrl-authz): ODRL as THE access-control language for SPARQL queries — end-to-end, fail-closed (server wiring + query-action contract + 
clear the needs:area park	Classify the needs:area backlog	2026-09-09T19:32:22.9593890Z #2589  sparq-policy                             T1 odrl: ODRL evaluation lives in crates/sparq-policy
clear the needs:area park	Classify the needs:area backlog	2026-09-09T19:32:22.9594857Z        sq-i6du2: [epic] Access-controlled-query benchmark paper (maintainer #TBD 2026-07-06): benchmark WAC+ACP+ODRL over use-case datasets (personal data st
clear the needs:area park	Classify the needs:area backlog	2026-09-09T19:32:22.9595843Z #2599  ci                                       T1 ci: CI / orchestration infrastructure
clear the needs:area park	Classify the needs:area backlog	2026-09-09T19:32:22.9596972Z        sq-6vshe: CI structural speedup program — the levers beyond change-based selection (sq-fmx4u), per-job build caching, and coverage sharding (sq-piapk)
clear the needs:area park	Classify the needs:area backlog	2026-09-09T19:32:22.9598002Z #2608  sparq-reason-el                          T2 bd-to-issues.derive_areas (title scope/crate token)
clear the needs:area park	Classify the needs:area backlog	2026-09-09T19:32:22.9599214Z        sq-pbz04: [EPIC] Reasoners on the shared substrate: OWL 2 RL(complete)/EL/QL/Direct + RIF + D-entailment, wired into the W3C entailment conformance ha
clear the needs:area park	Classify the needs:area backlog	2026-09-09T19:32:22.9600137Z #2612  sparq-solid                              T2 bd-to-issues.derive_areas (title scope/crate token)
clear the needs:area park	Classify the needs:area backlog	2026-09-09T19:32:22.9601132Z        sq-snopa: SPARQ-native per-resource WAC decision API for solid-server-rs (FR-1 decide + fail-closed contract + container-default walk)
clear the needs:area park	Classify the needs:area backlog	2026-09-09T19:32:22.9602119Z #2618  sparq-trust                              T1 trust-graph: the solid trust-graph / admission surface
clear the needs:area park	Classify the needs:area backlog	2026-09-09T19:32:22.9603290Z        sq-0dksu: Security-properties ontology for ZK proofs/systems (unlinkability, PQ-security, soundness, ZK-ness, ...) — machine-reasonable, ODRL-privacy-
clear the needs:area park	Classify the needs:area backlog	2026-09-09T19:32:22.9604376Z #2619  sparq-trust                              T1 trust-graph: the solid trust-graph / admission surface
clear the needs:area park	Classify the needs:area backlog	2026-09-09T19:32:22.9605057Z        sq-pfae: Trust-graph authorisation for Solid/LWS (design + prototype)
clear the needs:area park	Classify the needs:area backlog	2026-09-09T19:32:22.9605636Z #2625  ci                                       T1 ci: CI / orchestration infrastructure
clear the needs:area park	Classify the needs:area backlog	2026-09-09T19:32:22.9606602Z        sq-qcnn: EPIC: test-quality program — cargo-mutants ratchet + raise per-crate line-coverage floors to >=90% core-logic
clear the needs:area park	Classify the needs:area backlog	2026-09-09T19:32:22.9607283Z #2626  ci                                       T1 ci: CI / orchestration infrastructure
clear the needs:area park	Classify the needs:area backlog	2026-09-09T19:32:22.9608265Z        sq-sgu1: Autonomous programmatic scheduler: self-driving scheduler Workflow + workload-triage/placement agent + cost-aware local<->EC2 compute-sharing
clear the needs:area park	Classify the needs:area backlog	2026-09-09T19:32:22.9609288Z #2717  site                                     T1 website: the marketing/docs website
clear the needs:area park	Classify the needs:area backlog	2026-09-09T19:32:22.9610456Z        sq-qgkwy: EPIC: website + workbench performance optimisation — cacheability, fewer/parallel downloads, zero regressions (framework-level causes upstre
clear the needs:area park	Classify the needs:area backlog	2026-09-09T19:32:22.9611560Z #2855  js                                       T1 js: the js/ RDF-JS client
clear the needs:area park	Classify the needs:area backlog	2026-09-09T19:32:22.9612518Z        sq-xqchl: [epic] JS ecosystem drop-in replacement: WASM builds + API compatibility + performance parity for eye-js / N3.js / Comunica / rdflib.js
clear the needs:area park	Classify the needs:area backlog	2026-09-09T19:32:22.9613420Z #2874  sparq-zk                                 T2 bd-to-issues.derive_areas (title scope/crate token)
clear the needs:area park	Classify the needs:area backlog	2026-09-09T19:32:22.9614527Z        sq-2ah9j: [EPIC] Fable thorough codebase review — full-repo problem sweep, per-crate scoped, findings become beads (maintainer 2026-07-04 item 8)
clear the needs:area park	Classify the needs:area backlog	2026-09-09T19:32:22.9615488Z #2877  bench                                    T1 bench: the bench/ harness + competitor gather
clear the needs:area park	Classify the needs:area backlog	2026-09-09T19:32:22.9616608Z        sq-drais: [EPIC] Wider benchmarks published on the site — cross-engine suites + full capability-family coverage (maintainer 2026-07-04 item 6: 'wider 
clear the needs:area park	Classify the needs:area backlog	2026-09-09T19:32:22.9617910Z #2880  knowledge-graph                          T1 pkg: the project-knowledge-graph surface
clear the needs:area park	Classify the needs:area backlog	2026-09-09T19:32:22.9619038Z        sq-89fyr: [EPIC] GenAI/NL/agentic feature program — exploratory design BEYOND current vectors/nlq/pkg-nl (maintainer 2026-07-04 item 3)
clear the needs:area park	Classify the needs:area backlog	2026-09-09T19:32:22.9619982Z #2897  sparq-reason                             T2 bd-to-issues.derive_areas (title scope/crate token)
clear the needs:area park	Classify the needs:area backlog	2026-09-09T19:32:22.9625914Z        sq-pbz04.6: [EPIC] D-entailment workstream: adopt the shared value-space comparator + broaden the datatype map (Profile::D, sparq-reason dtype.rs)
clear the needs:area park	Classify the needs:area backlog	2026-09-09T19:32:22.9627024Z #2899  sparq-reason                             T2 bd-to-issues.derive_areas (title scope/crate token)
clear the needs:area park	Classify the needs:area backlog	2026-09-09T19:32:22.9627984Z        sq-pbz04.5: [EPIC] RIF-Core workstream: conformance arm + builtins over the shared numeric/value tower (sparq-reason rif.rs)
clear the needs:area park	Classify the needs:area backlog	2026-09-09T19:32:22.9628930Z #2900  sparq-reason-dl                          T1 reason-dl: the DL (ALCH tableau / profile-dispatch) lane
clear the needs:area park	Classify the needs:area backlog	2026-09-09T19:32:22.9630005Z        sq-pbz04.4: [EPIC] OWL 2 Direct Semantics workstream: research-first scoping of a sound decidable checker — GREENFIELD, nothing built
clear the needs:area park	Classify the needs:area backlog	2026-09-09T19:32:22.9630867Z #2942  bench                                    T1 bench-generic: a benchmarking deliverable
clear the needs:area park	Classify the needs:area backlog	2026-09-09T19:32:22.9632282Z        sq-z6l7e: sparq-nlq SPARQL-QA benchmark matrix: historical-paper LLMs + latest LLMs across QA suites, then deep-research + improvements/safeguards to 
clear the needs:area park	Classify the needs:area backlog	2026-09-09T19:32:22.9633374Z #2995  bench                                    T1 bench: the bench/ harness + competitor gather
clear the needs:area park	Classify the needs:area backlog	2026-09-09T19:32:22.9634246Z        sq-vbq9: needs:user — flip GitHub Pages Source to GitHub Actions (enables docs.yml site)
clear the needs:area park	Classify the needs:area backlog	2026-09-09T19:32:22.9634919Z #3443  sparq-reason-ql                          T2 bd-to-issues.derive_areas (title scope/crate token)
clear the needs:area park	Classify the needs:area backlog	2026-09-09T19:32:22.9635761Z        reason-ql: Java driver to isolate Ontop's rewriter phase for a like-for-like rewrite-time column
clear the needs:area park	Classify the needs:area backlog	2026-09-09T19:32:22.9636448Z #3444  sparq-reason-ql                          T2 bd-to-issues.derive_areas (title scope/crate token)
clear the needs:area park	Classify the needs:area backlog	2026-09-09T19:32:22.9637045Z        reason-ql: verify/pin the Requiem suite download URL and record its sha256
clear the needs:area park	Classify the needs:area backlog	2026-09-09T19:32:22.9637722Z #3463  sparq-crdt                               T2 bd-to-issues.derive_areas (title scope/crate token)
clear the needs:area park	Classify the needs:area backlog	2026-09-09T19:32:22.9638439Z        sq-tag1q: mechanized convergence proof artifact for CRDT-SEC-2 + independent review
clear the needs:area park	Classify the needs:area backlog	2026-09-09T19:32:22.9639062Z #3471  sparq-geo                                T2 bd-to-issues.derive_areas (title scope/crate token)
clear the needs:area park	Classify the needs:area backlog	2026-09-09T19:32:22.9639626Z        Geo: curate high-value EPSG codes the epsg_full honesty filter refuses
clear the needs:area park	Classify the needs:area backlog	2026-09-09T19:32:22.9640204Z #3477  sparq-lws-core                           T2 bd-to-issues.derive_areas (title scope/crate token)
clear the needs:area park	Classify the needs:area backlog	2026-09-09T19:32:22.9641106Z        lws-core: optional dev flag for a no-IdP local anonymous demo sandbox (replaced by the §3.2 alignment)
clear the needs:area park	Classify the needs:area backlog	2026-09-09T19:32:22.9641925Z #3485  gui                                      T2 bd-to-issues.derive_areas (title scope/crate token)
clear the needs:area park	Classify the needs:area backlog	2026-09-09T19:32:22.9642574Z        GUI: live subscriptions view in the workbench Server tool over the sq-140b multiplexed WS transport
clear the needs:area park	Classify the needs:area backlog	2026-09-09T19:32:22.9643218Z #3489  bench                                    T2 bd-to-issues.derive_areas (title scope/crate token)
clear the needs:area park	Classify the needs:area backlog	2026-09-09T19:32:22.9643964Z        bench(fts): execute the scheduled canonical BEIR IR-quality gather and transcribe §4 (sq-tvzyi run half)
clear the needs:area park	Classify the needs:area backlog	2026-09-09T19:32:22.9644639Z #3495  sparq-trust                              T1 trust-graph: the solid trust-graph / admission surface
clear the needs:area park	Classify the needs:area backlog	2026-09-09T19:32:22.9645188Z        skills/SKILL.md router does not list the trust-graph skill
clear the needs:area park	Classify the needs:area backlog	2026-09-09T19:32:22.9645720Z #3514  sparq-reason-ql                          T2 bd-to-issues.derive_areas (title scope/crate token)
clear the needs:area park	Classify the needs:area backlog	2026-09-09T19:32:22.9646358Z        Guard against `test = true` example harnesses silently dragging coverage-ratcheted crates
clear the needs:area park	Classify the needs:area backlog	2026-09-09T19:32:22.9647145Z #3536  bench                                    T2 bd-to-issues.derive_areas (title scope/crate token)
clear the needs:area park	Classify the needs:area backlog	2026-09-09T19:32:22.9647843Z        bench(pss-update): compare.py silently defaults --sparq ON and aborts ALL engines on the first engine failure
clear the needs:area park	Classify the needs:area backlog	2026-09-09T19:32:22.9648553Z #3541  sparq-policy                             T1 odrl: ODRL evaluation lives in crates/sparq-policy
clear the needs:area park	Classify the needs:area backlog	2026-09-09T19:32:22.9649486Z        site: promote the ODRL usage-control surface from walkthrough → live in-tab (tier-b wasm bundle)
clear the needs:area park	Classify the needs:area backlog	2026-09-09T19:32:22.9650156Z #3543  sparq-zk-compose                         T1 zk-compose: zk-compose circuit/verifier surface
clear the needs:area park	Classify the needs:area backlog	2026-09-09T19:32:22.9651159Z        sq-wvne: compile the deployable `nullifier` bin member (measured VK + gate-count baseline) + ProofManifest verify-pipeline wiring
clear the needs:area park	Classify the needs:area backlog	2026-09-09T19:32:22.9652029Z #3544  docs                                     T1 docs: documentation-only change
clear the needs:area park	Classify the needs:area backlog	2026-09-09T19:32:22.9652904Z        Reconcile research/zk-inference-and-credentials.md §6.3 row A3 status now the nullifier primitive landed
clear the needs:area park	Classify the needs:area backlog	2026-09-09T19:32:22.9653616Z #3548  sparq-wasm                               T2 bd-to-issues.derive_areas (title scope/crate token)
clear the needs:area park	Classify the needs:area backlog	2026-09-09T19:32:22.9654819Z        bench(wasm): quiet-box canonical confirm of the Turtle store_load axis after the native-ttl bundle change
clear the needs:area park	Classify the needs:area backlog	2026-09-09T19:32:22.9656258Z #3564  sparq-zk-compose                         T1 zk-compose: zk-compose circuit/verifier surface
clear the needs:area park	Classify the needs:area backlog	2026-09-09T19:32:22.9657688Z        sq-6syab.5 follow-up: in-circuit certification-scope proof (prove disclosed/derived claims fall inside a certified scope without disclosing more)
clear the needs:area park	Classify the needs:area backlog	2026-09-09T19:32:22.9659217Z #3565  sparq-zk-compose                         T1 zk-compose: zk-compose circuit/verifier surface
clear the needs:area park	Classify the needs:area backlog	2026-09-09T19:32:22.9660310Z        sq-6syab.5 follow-up: per-row scan attribution to lift certification-scope 'undecidable' cases
clear the needs:area park	Classify the needs:area backlog	2026-09-09T19:32:22.9661620Z #3566  sparq-zk-compose                         T1 zk-compose: zk-compose circuit/verifier surface
clear the needs:area park	Classify the needs:area backlog	2026-09-09T19:32:22.9662764Z        sq-6syab.5 follow-up: mode-2 helper to DERIVE KeySet certified scopes from trustx:Certification artifacts
clear the needs:area park	Classify the needs:area backlog	2026-09-09T19:32:22.9663861Z #3568  ci                                       T1 ci: CI / orchestration infrastructure
clear the needs:area park	Classify the needs:area backlog	2026-09-09T19:32:22.9665145Z        PR #3528 full-matrix red not reproducible from the tree — recommend CI re-run / flaky-reporter check
clear the needs:area park	Classify the needs:area backlog	2026-09-09T19:32:22.9666359Z #3570  sparq-zk-compose                         T1 zk-compose: zk-compose circuit/verifier surface
clear the needs:area park	Classify the needs:area backlog	2026-09-09T19:32:22.9667621Z        sq-lxi7: implement + bb-gates-MEASURE the general xsd:double decimal->IEEE-754 RNE parser (toolchain-equipped box)
clear the needs:area park	Classify the needs:area backlog	2026-09-09T19:32:22.9668821Z #3579  site                                     T2 bd-to-issues.derive_areas (title scope/crate token)
clear the needs:area park	Classify the needs:area backlog	2026-09-09T19:32:22.9670154Z        Stale committed site copy: site/src/data/zk-sparql-catalog.generated.json out of sync with bench/zk-compose/sparql_feature_catalog.json
clear the needs:area park	Classify the needs:area backlog	2026-09-09T19:32:22.9671676Z #3590  sparq-zk-compose                         T1 zk-compose: zk-compose circuit/verifier surface
clear the needs:area park	Classify the needs:area backlog	2026-09-09T19:32:22.9672412Z        sq-1s2.3 follow-up: site consumes the fuller captured car-hire manifest (subProofs[])
clear the needs:area park	Classify the needs:area backlog	2026-09-09T19:32:22.9673435Z #3591  sparq-zk-compose                         T1 zk-compose: zk-compose circuit/verifier surface
clear the needs:area park	Classify the needs:area backlog	2026-09-09T19:32:22.9674561Z        sq-1s2.3 follow-up: regenerate site/public/zk/car-hire-manifest.json as the fuller captured manifest
clear the needs:area park	Classify the needs:area backlog	2026-09-09T19:32:22.9675664Z #3610  sparq-mpc                                T2 bd-to-issues.derive_areas (title scope/crate token)
clear the needs:area park	Classify the needs:area backlog	2026-09-09T19:32:22.9676533Z        Wire an assumption-axis leftOperand into the Phase 2/5 admissibility ruleset so a preference can mechanically discharge 'requires malicious-security' 
clear the needs:area park	Classify the needs:area backlog	2026-09-09T19:32:22.9677709Z #3630  sparq-zk-compose                         T1 zk-compose: zk-compose circuit/verifier surface
clear the needs:area park	Classify the needs:area backlog	2026-09-09T19:32:22.9678619Z        sq-g91d follow-up: verifier/manifest/dispatch wiring to CONSUME an in-circuit entailment derivation
clear the needs:area park	Classify the needs:area backlog	2026-09-09T19:32:22.9679320Z #3634  sparq-zk-compose                         T1 zk-compose: zk-compose circuit/verifier surface
clear the needs:area park	Classify the needs:area backlog	2026-09-09T19:32:22.9680010Z        CI gap: no lane runs `nargo test` on zk/compose/compose_core (150 in-tree Noir unit tests never execute in CI)
clear the needs:area park	Classify the needs:area backlog	2026-09-09T19:32:22.9680695Z #3636  sparq-mpc                                T2 bd-to-issues.derive_areas (title scope/crate token)
clear the needs:area park	Classify the needs:area backlog	2026-09-09T19:32:22.9681585Z        MPC: DP output-cardinality over SECRET match bits (oblivious compaction to noised size)
clear the needs:area park	Classify the needs:area backlog	2026-09-09T19:32:22.9682209Z #3637  sparq-mpc                                T2 bd-to-issues.derive_areas (title scope/crate token)
clear the needs:area park	Classify the needs:area backlog	2026-09-09T19:32:22.9682873Z        MPC: distributed discrete-noise generation for DP cardinality (de-anonymize-resistant sampler)
clear the needs:area park	Classify the needs:area backlog	2026-09-09T19:32:22.9683664Z #3700  sparq-engine-service,sparq-fedclient,sparq-conformance T0 author-declared crate_or_surface/crates field
clear the needs:area park	Classify the needs:area backlog	2026-09-09T19:32:22.9684659Z        [upstream] Consolidate four hand-rolled SPARQL-results (SRJ/SRX/TSV) client-side parsers onto one home; sparesults 0.3 (sparql-12) is already a versio
clear the needs:area park	Classify the needs:area backlog	2026-09-09T19:32:22.9685565Z #3701  sparq-server,sparq-lws-core              T2 bd-to-issues.derive_areas (title scope/crate token)
clear the needs:area park	Classify the needs:area backlog	2026-09-09T19:32:22.9686618Z        [dedup] Two divergent Solid N3-Patch implementations (sparq-server vs sparq-lws-core): extract one shared parser/validator crate (crates.io candidate)
clear the needs:area park	Classify the needs:area backlog	2026-09-09T19:32:22.9687510Z #3703  sparq-server,sparq-lws-core              T2 bd-to-issues.derive_areas (title scope/crate token)
clear the needs:area park	Classify the needs:area backlog	2026-09-09T19:32:22.9688415Z        [dedup] Four independent Accept-header q-value parsers across sparq-server + sparq-lws-core; extract one wasm-clean shared media-range parse/match cor
clear the needs:area park	Classify the needs:area backlog	2026-09-09T19:32:22.9689264Z #3709  sparq-shaclc                             T2 bd-to-issues.derive_areas (title scope/crate token)
clear the needs:area park	Classify the needs:area backlog	2026-09-09T19:32:22.9690303Z        [dedup] sq-tonhr endgame (the follow-up sq-tonhr.6 deferred): make sparq-shaclc the single product SHACL-CS parser; demote hand-rolled scs.rs to diffe
clear the needs:area park	Classify the needs:area backlog	2026-09-09T19:32:22.9691468Z #3710  sparq-cli,sparq-hdt                      T2 bd-to-issues.derive_areas (title scope/crate token)
clear the needs:area park	Classify the needs:area backlog	2026-09-09T19:32:22.9692351Z        [dedup] Consolidate compressed open/dispatch (gz/bz2/zst) into a shared micro-crate used by sparq-cli and sparq-hdt
clear the needs:area park	Classify the needs:area backlog	2026-09-09T19:32:22.9693005Z #3711  js                                       T1 js: the js/ RDF-JS client
clear the needs:area park	Classify the needs:area backlog	2026-09-09T19:32:22.9693713Z        [dedup] site re-implements @jeswr/sparq's N-Triples parser: inference.ts verbatim-term parser duplicates js/src/sparql.ts
clear the needs:area park	Classify the needs:area backlog	2026-09-09T19:32:22.9694392Z #3716  ci                                       T1 ci: CI / orchestration infrastructure
clear the needs:area park	Classify the needs:area backlog	2026-09-09T19:32:22.9695176Z        [dedup] Consolidate the three near-identical CI failure-filing scripts (differential / metamorph / demoted-lane) onto one shared filing library in scr
clear the needs:area park	Classify the needs:area backlog	2026-09-09T19:32:22.9695957Z #3717  ci                                       T1 ci: CI / orchestration infrastructure
clear the needs:area park	Classify the needs:area backlog	2026-09-09T19:32:22.9696732Z        [dedup] Extract the committed-baseline ratchet idiom into scripts/lib/ratchet.py shared by the five gate scripts (staged: four --seed/--check gates fi
clear the needs:area park	Classify the needs:area backlog	2026-09-09T19:32:22.9697583Z #3718  sparq-difftest                           T2 bd-to-issues.derive_areas (title scope/crate token)
clear the needs:area park	Classify the needs:area backlog	2026-09-09T19:32:22.9698390Z        [new-lib] Publish sparq-difftest to crates.io as a standalone engine-independent XSD-value-canonical SPARQL results comparison library
clear the needs:area park	Classify the needs:area backlog	2026-09-09T19:32:22.9699120Z #3720  ci                                       T1 ci: CI / orchestration infrastructure
clear the needs:area park	Classify the needs:area backlog	2026-09-09T19:32:22.9699902Z        [dedup] Add local composite actions .github/actions/setup-rust and .github/actions/setup-playwright so each pinned setup SHA lives in exactly one revi
clear the needs:area park	Classify the needs:area backlog	2026-09-09T19:32:22.9700709Z #3721  bench                                    T1 bench: the bench/ harness + competitor gather
clear the needs:area park	Classify the needs:area backlog	2026-09-09T19:32:22.9702094Z        [dedup] Factor the orphan-safe same-box bench scaffolding into scripts/lib/same-box.sh (two tiers: server teardown+ready-wait for the ~8 server harnes
clear the needs:area park	Classify the needs:area backlog	2026-09-09T19:32:22.9702850Z #3722  js                                       T1 js: the js/ RDF-JS client
clear the needs:area park	Classify the needs:area backlog	2026-09-09T19:32:22.9703461Z        [EPIC] maintainability program: upstream, extract as libraries, consolidate duplication (2026-07-22 survey)
clear the needs:area park	Classify the needs:area backlog	2026-09-09T19:32:22.9704180Z #3732  site-specs                               T1 site-specs: authors/edits a Typst UPD under site/specs
clear the needs:area park	Classify the needs:area backlog	2026-09-09T19:32:22.9705058Z        pr-backlog: resolve stale PR #2278 — chore(tooling): vendor the codex-on-EC2 worker in-repo (sq-uhqah) [OPUS-4.8]
clear the needs:area park	Classify the needs:area backlog	2026-09-09T19:32:22.9705773Z #3734  site-specs                               T1 site-specs: authors/edits a Typst UPD under site/specs
clear the needs:area park	Classify the needs:area backlog	2026-09-09T19:32:22.9706716Z        pr-backlog: resolve stale PR #1658 — docs(specs): zkSPARQL §7 — extended fragment table + bounded-depth path semantics + FILTER-expression boundary (s
clear the needs:area park	Classify the needs:area backlog	2026-09-09T19:32:22.9707555Z #3735  site-specs                               T1 site-specs: authors/edits a Typst UPD under site/specs
clear the needs:area park	Classify the needs:area backlog	2026-09-09T19:32:22.9708497Z        pr-backlog: resolve stale PR #1607 — docs(specs): Trust Expression Unofficial Proposal Draft — verifier-holder contract for framework-anchored attesta
clear the needs:area park	Classify the needs:area backlog	2026-09-09T19:32:22.9709426Z #3758  ci                                       T1 ci: CI / orchestration infrastructure
clear the needs:area park	Classify the needs:area backlog	2026-09-09T19:32:22.9710297Z        gate poll loop stalls indefinitely on PR #3470's head — unsatisfiable draft-tier awaiting_full hold (pending==0) bypasses hang detection and holds to 
clear the needs:area park	Classify the needs:area backlog	2026-09-09T19:32:22.9711351Z #3769  deps                                     T1 deps: dependency management
clear the needs:area park	Classify the needs:area backlog	2026-09-09T19:32:22.9712135Z        supply-chain: npm dependency graph has NO gating vulnerability check (only SBOM generation) — cargo-deny gates Rust only
clear the needs:area park	Classify the needs:area backlog	2026-09-09T19:32:22.9712812Z #3771  ci                                       T1 ci: CI / orchestration infrastructure
clear the needs:area park	Classify the needs:area backlog	2026-09-09T19:32:22.9713462Z        bead-autoclose marker path is a fleet-wide no-op: the bd-migration label has never been applied to any issue
clear the needs:area park	Classify the needs:area backlog	2026-09-09T19:32:22.9714084Z #3772  ci                                       T1 ci: CI / orchestration infrastructure
clear the needs:area park	Classify the needs:area backlog	2026-09-09T19:32:22.9714972Z        release: gui-bundle's job-level continue-on-error makes failed soft rows resolve SUCCESS to release's needs — a Release can ship with a platform insta
clear the needs:area park	Classify the needs:area backlog	2026-09-09T19:32:22.9715745Z #3777  ci                                       T1 ci: CI / orchestration infrastructure
clear the needs:area park	Classify the needs:area backlog	2026-09-09T19:32:22.9716603Z        decision needed: auto-arm cannot arm any PR that touches .github/workflows/** (no `workflows: write`) — one such PR reds the GATING arm check for the 
clear the needs:area park	Classify the needs:area backlog	2026-09-09T19:32:22.9717353Z #3778  ci                                       T1 ci: CI / orchestration infrastructure
clear the needs:area park	Classify the needs:area backlog	2026-09-09T19:32:22.9718737Z        ci: follow-ups from the #3774 cross-provider review — unpinned workflow call sites, a11y ratchet enforcement test, inert flake-quarantine regex, C3 in
clear the needs:area park	Classify the needs:area backlog	2026-09-09T19:32:22.9720064Z #3788  ci                                       T1 ci: CI / orchestration infrastructure
clear the needs:area park	Classify the needs:area backlog	2026-09-09T19:32:22.9721676Z        vectorized-feature-off.yml is the last ci-select-adjacent lane with no label-trigger guard: every review label flip cancels its in-flight run and re-d
clear the needs:area park	Classify the needs:area backlog	2026-09-09T19:32:22.9723035Z #3795  ci                                       T1 ci: CI / orchestration infrastructure
clear the needs:area park	Classify the needs:area backlog	2026-09-09T19:32:22.9723957Z        ci-summary: classify run vacuity from the Jobs API inventory, not the check-run snapshot
clear the needs:area park	Classify the needs:area backlog	2026-09-09T19:32:22.9725047Z #3804  sparq-reason,sparq-policy                T2 bd-to-issues.derive_areas (title scope/crate token)
clear the needs:area park	Classify the needs:area backlog	2026-09-09T19:32:22.9726339Z        sparq-reason time:inSeconds accepts impossible calendar dates (2026-02-29), diverging from sparq-policy parse_instant
clear the needs:area park	Classify the needs:area backlog	2026-09-09T19:32:22.9727425Z #3805  ci                                       T1 ci: CI / orchestration infrastructure
clear the needs:area park	Classify the needs:area backlog	2026-09-09T19:32:22.9728246Z        Workflow-shape pins assert on raw file text; a commented-out line satisfies them
clear the needs:area park	Classify the needs:area backlog	2026-09-09T19:32:22.9728872Z #3819  sparq-crdt                               T2 bd-to-issues.derive_areas (title scope/crate token)
clear the needs:area park	Classify the needs:area backlog	2026-09-09T19:32:22.9730019Z        Epic sq-tag1q.7 put two beads on one crate: sparq-crdt Dot/ReplicaId collided at merge, invisible to both gates
clear the needs:area park	Classify the needs:area backlog	2026-09-09T19:32:22.9730752Z #3825  sparq-core                               T2 bd-to-issues.derive_areas (title scope/crate token)
clear the needs:area park	Classify the needs:area backlog	2026-09-09T19:32:22.9732132Z        numeric: xsd:float comparison/join tier values the LEXICAL at f64, disagreeing with the arithmetic tier
clear the needs:area park	Classify the needs:area backlog	2026-09-09T19:32:22.9733287Z #3826  sparq-zk-compose                         T1 zk-compose: zk-compose circuit/verifier surface
clear the needs:area park	Classify the needs:area backlog	2026-09-09T19:32:22.9734456Z        check-feature-test-execution.py blind spot: ~27 src/-inline gated test modules (~350 #[test] fns) run in NO required check
clear the needs:area park	Classify the needs:area backlog	2026-09-09T19:32:22.9735202Z #3829  sparq-mpc                                T2 bd-to-issues.derive_areas (title scope/crate token)
clear the needs:area park	Classify the needs:area backlog	2026-09-09T19:32:22.9735907Z        sparq-mpc: Rabbit range-proof abort message hard-codes an unrelated caller ("disclose_threshold_verdict")
clear the needs:area park	Classify the needs:area backlog	2026-09-09T19:32:22.9736594Z #3832  sparq-policy                             T2 bd-to-issues.derive_areas (title scope/crate token)
clear the needs:area park	Classify the needs:area backlog	2026-09-09T19:32:22.9737304Z        sparq-policy: RawConstraint picks an ARBITRARY leftOperand/operator when a constraint node carries several
clear the needs:area park	Classify the needs:area backlog	2026-09-09T19:32:22.9738110Z #3838  ci                                       T1 ci: CI / orchestration infrastructure
clear the needs:area park	Classify the needs:area backlog	2026-09-09T19:32:22.9738700Z        Multi-area issues collapse to the serializing __global__ partition in dispatch-plan (55 live)
clear the needs:area park	Classify the needs:area backlog	2026-09-09T19:32:22.9739363Z #3841  sparq-conformance                        T2 bd-to-issues.derive_areas (title scope/crate token)
clear the needs:area park	Classify the needs:area backlog	2026-09-09T19:32:22.9739939Z        rif-wg-core: the pre-#3469 comment mis-described WHICH tests pass
clear the needs:area park	Classify the needs:area backlog	2026-09-09T19:32:22.9740545Z #3842  sparq-zk-compose                         T1 zk-compose: zk-compose circuit/verifier surface
clear the needs:area park	Classify the needs:area backlog	2026-09-09T19:32:22.9741502Z        PR #3434 needs a main merge + bb_gates_matrix.json re-join (hidden_issuer_d4 16946 -> 24452)
clear the needs:area park	Classify the needs:area backlog	2026-09-09T19:32:22.9742074Z #3844  ci                                       T1 ci: CI / orchestration infrastructure
clear the needs:area park	Classify the needs:area backlog	2026-09-09T19:32:22.9742740Z        sparq-lws-core: stale DEVIATION-1 doc comment claims HTTP does not isolate named graphs (and that GSP writes are 501)
clear the needs:area park	Classify the needs:area backlog	2026-09-09T19:32:22.9743402Z #3845  ci                                       T1 ci: CI / orchestration infrastructure
clear the needs:area park	Classify the needs:area backlog	2026-09-09T19:32:22.9743969Z        Publish the served-surface SPARQL 1.1 Protocol conformance result (the lane already runs)
clear the needs:area park	Classify the needs:area backlog	2026-09-09T19:32:22.9744635Z #3846  ci                                       T1 ci: CI / orchestration infrastructure
clear the needs:area park	Classify the needs:area backlog	2026-09-09T19:32:22.9745787Z        No per-PR cargo-semver-checks gate — the proposed tier-1 API freeze would be unenforceable
clear the needs:area park	Classify the needs:area backlog	2026-09-09T19:32:22.9746703Z #3847  ci                                       T1 ci: CI / orchestration infrastructure
clear the needs:area park	Classify the needs:area backlog	2026-09-09T19:32:22.9748001Z        Missing operator docs: backup→restore→PITR disaster-recovery runbook, and an authoritative-store operations guide
clear the needs:area park	Classify the needs:area backlog	2026-09-09T19:32:22.9749215Z #3852  deps                                     T2 bd-to-issues.derive_areas (title scope/crate token)
clear the needs:area park	Classify the needs:area backlog	2026-09-09T19:32:22.9750182Z        build(deps): sweep the remaining redundant dev-dependency duplicates (sparq-cli bzip2/flate2/zstd, sparq-fedplan oxttl, sparq-lws-core http-body-util)
clear the needs:area park	Classify the needs:area backlog	2026-09-09T19:32:22.9751761Z #3853  sparq-zk-compose                         T1 zk-compose: zk-compose circuit/verifier surface
clear the needs:area park	Classify the needs:area backlog	2026-09-09T19:32:22.9753019Z        build(deps): audit whether the ten non-dev `serde = { features = ["derive"] }` edges actually need the proc-macro
clear the needs:area park	Classify the needs:area backlog	2026-09-09T19:32:22.9754182Z #3854  sparq-zk-compose                         T1 zk-compose: zk-compose circuit/verifier surface
clear the needs:area park	Classify the needs:area backlog	2026-09-09T19:32:22.9755401Z        PR #3434 is blocked by branch staleness: bb_gates_matrix.json needs the hidden_issuer_d4 24452 re-baseline (add/add, cannot be fixed from the PR head)
clear the needs:area park	Classify the needs:area backlog	2026-09-09T19:32:22.9756827Z #3856  sparq-zk-compose                         T1 zk-compose: zk-compose circuit/verifier surface
clear the needs:area park	Classify the needs:area backlog	2026-09-09T19:32:22.9758133Z        sq-a8cq remainder: workspace-wide `cargo fmt --all` reformat (~9472 hunks, ~50 crates) + flip rustfmt to a hard CI gate
clear the needs:area park	Classify the needs:area backlog	2026-09-09T19:32:22.9759437Z #3857  sparq-core                               T2 bd-to-issues.derive_areas (title scope/crate token)
clear the needs:area park	Classify the needs:area backlog	2026-09-09T19:32:22.9760502Z        clippy `uninlined_format_args` fires in sparq-core/src/nt.rs on newer stable toolchains
clear the needs:area park	Classify the needs:area backlog	2026-09-09T19:32:22.9761801Z #3861  sparq-reason-ql                          T2 bd-to-issues.derive_areas (title scope/crate token)
clear the needs:area park	Classify the needs:area backlog	2026-09-09T19:32:22.9762978Z        sparq-reason-ql: randomized RL-vs-QL differential to complement the hand-written baseline fixtures
clear the needs:area park	Classify the needs:area backlog	2026-09-09T19:32:22.9764141Z #3863  release                                  T2 bd-to-issues.derive_areas (title scope/crate token)
clear the needs:area park	Classify the needs:area backlog	2026-09-09T19:32:22.9765138Z        release.yml: a prerelease `v*` tag push still moves ghcr `:latest` to the RC
clear the needs:area park	Classify the needs:area backlog	2026-09-09T19:32:22.9766010Z #3864  ci                                       T1 ci: CI / orchestration infrastructure
clear the needs:area park	Classify the needs:area backlog	2026-09-09T19:32:22.9766896Z        scripts/tests/test_check_feature_test_execution.py is not run by any workflow
clear the needs:area park	Classify the needs:area backlog	2026-09-09T19:32:22.9767863Z #3866  knowledge-graph                          T1 pkg: the project-knowledge-graph surface
clear the needs:area park	Classify the needs:area backlog	2026-09-09T19:32:22.9769171Z        sparq-kb: no CI gate asserts the committed pkg-instances.ttl is regenerable from its inputs
clear the needs:area park	Classify the needs:area backlog	2026-09-09T19:32:22.9770144Z #3867  ci                                       T1 ci: CI / orchestration infrastructure
clear the needs:area park	Classify the needs:area backlog	2026-09-09T19:32:22.9771293Z        scripts/export-kb-dump.py --dry-run reports PROBE B as EVADED when rdflib is merely absent
clear the needs:area park	Classify the needs:area backlog	2026-09-09T19:32:22.9772372Z #3871  sparq-cli                                T2 bd-to-issues.derive_areas (title scope/crate token)
clear the needs:area park	Classify the needs:area backlog	2026-09-09T19:32:22.9773675Z        The canonical RL-incompleteness witness (spike §1.3) is NOT actually missed by sparq's OWL 2 RL
clear the needs:area park	Classify the needs:area backlog	2026-09-09T19:32:22.9774852Z #3872  sparq-reason-el                          T2 bd-to-issues.derive_areas (title scope/crate token)
clear the needs:area park	Classify the needs:area backlog	2026-09-09T19:32:22.9776259Z        sparq-reason-el `Report::named_classes` counts ⊤/⊥ and anonymous class expressions, contradicting its doc
clear the needs:area park	Classify the needs:area backlog	2026-09-09T19:32:22.9777303Z #3873  ci                                       T1 ci: CI / orchestration infrastructure
clear the needs:area park	Classify the needs:area backlog	2026-09-09T19:32:22.9778644Z        sparq-cli `classify` exposes only the default+rbox EL classifier — hasse / cdomain / abox / par are unreachable from the CLI
clear the needs:area park	Classify the needs:area backlog	2026-09-09T19:32:22.9779901Z #3876  sparq-shacl                              T2 bd-to-issues.derive_areas (title scope/crate token)
clear the needs:area park	Classify the needs:area backlog	2026-09-09T19:32:22.9781287Z        sparq-shacl: feature-gate the `regex` dep (sh:pattern) to price the largest suspected wasm bundle-size term
clear the needs:area park	Classify the needs:area backlog	2026-09-09T19:32:22.9782298Z #3877  js                                       T1 js: the js/ RDF-JS client
clear the needs:area park	Classify the needs:area backlog	2026-09-09T19:32:22.9783452Z        bench/shacl-wasm: the wasm artifact is built with `--release`, not the `release-wasm` cargo profile every other sparq wasm bundle uses
clear the needs:area park	Classify the needs:area backlog	2026-09-09T19:32:22.9784683Z #3879  ci                                       T1 ci: CI / orchestration infrastructure
clear the needs:area park	Classify the needs:area backlog	2026-09-09T19:32:22.9785607Z        sparq-lws-wasm: no CI lane runs its #[wasm_bindgen_test] suite (wasm-pack test --node)
clear the needs:area park	Classify the needs:area backlog	2026-09-09T19:32:22.9786603Z #3880  sparq-lws-wasm                           T2 bd-to-issues.derive_areas (title scope/crate token)
clear the needs:area park	Classify the needs:area backlog	2026-09-09T19:32:22.9787795Z        @jeswr/solid-server: wire the new lwsSetMemoryCeilingBytes knob and surface the 507 admission refusal
clear the needs:area park	Classify the needs:area backlog	2026-09-09T19:32:22.9788903Z #3882  sparq-policy                             T1 odrl: ODRL evaluation lives in crates/sparq-policy
clear the needs:area park	Classify the needs:area backlog	2026-09-09T19:32:22.9789936Z        sparq-policy: odrl:profile is documented as required but never parsed into Policy
clear the needs:area park	Classify the needs:area backlog	2026-09-09T19:32:22.9791167Z #3883  sparq-policy                             T2 bd-to-issues.derive_areas (title scope/crate token)
clear the needs:area park	Classify the needs:area backlog	2026-09-09T19:32:22.9792292Z        coverage: sparq-policy is measured with count-enforcement only, so secprop-leftoperands and decision-report are compiled out of the ratchet
clear the needs:area park	Classify the needs:area backlog	2026-09-09T19:32:22.9793127Z #3885  sparq-core                               T2 bd-to-issues.derive_areas (title scope/crate token)
clear the needs:area park	Classify the needs:area backlog	2026-09-09T19:32:22.9793795Z        Extract sparq-core::strdist::edit_distance into a leaf crate so lean crates can share it
clear the needs:area park	Classify the needs:area backlog	2026-09-09T19:32:22.9794608Z #3887  sparq-server                             T2 bd-to-issues.derive_areas (title scope/crate token)
clear the needs:area park	Classify the needs:area backlog	2026-09-09T19:32:22.9795465Z        sparq-serve change-sink: drive the ChangeRelay from sparq-server (operator-facing CDC push)
clear the needs:area park	Classify the needs:area backlog	2026-09-09T19:32:22.9796514Z #3888  sparq-serve                              T2 bd-to-issues.derive_areas (title scope/crate token)
clear the needs:area park	Classify the needs:area backlog	2026-09-09T19:32:22.9797114Z        First-party Kafka/NATS connector crate over the sparq-serve ChangeSink trait
clear the needs:area park	Classify the needs:area backlog	2026-09-09T19:32:22.9797768Z #3889  ci                                       T1 ci: CI / orchestration infrastructure
clear the needs:area park	Classify the needs:area backlog	2026-09-09T19:32:22.9798554Z        Create tracking records for the 12 items in research/solid-consumer-production-readiness-2026-07.md §5
clear the needs:area park	Classify the needs:area backlog	2026-09-09T19:32:22.9799230Z #3891  sparq-cli                                T2 bd-to-issues.derive_areas (title scope/crate token)
clear the needs:area park	Classify the needs:area backlog	2026-09-09T19:32:22.9799817Z        tabular import: GUI import wizard on top of the CLI/module (sq-u1z86 item 5)
clear the needs:area park	Classify the needs:area backlog	2026-09-09T19:32:22.9800551Z #3892  ci                                       T1 ci: CI / orchestration infrastructure
clear the needs:area park	Classify the needs:area backlog	2026-09-09T19:32:22.9801639Z        Fixtures carrying both a field and its alias make field-pinning assertions vacuous (3 occurrences, all silent-stall)
clear the needs:area park	Classify the needs:area backlog	2026-09-09T19:32:22.9802389Z #3893  sparq-core                               T2 bd-to-issues.derive_areas (title scope/crate token)
clear the needs:area park	Classify the needs:area backlog	2026-09-09T19:32:22.9803039Z        sparq-core: streaming N-Quads dataset loader (the tabular named-graph --query path buffers)
clear the needs:area park	Classify the needs:area backlog	2026-09-09T19:32:22.9803709Z #3895  sparq-solid                              T2 bd-to-issues.derive_areas (title scope/crate token)
clear the needs:area park	Classify the needs:area backlog	2026-09-09T19:32:22.9804431Z        sparq-solid: a raw `auth:` triple inside an .acr/.acl bypasses policy evaluation and grants cross-subtree access
clear the needs:area park	Classify the needs:area backlog	2026-09-09T19:32:22.9805130Z #3896  knowledge-graph                          T1 pkg: the project-knowledge-graph surface
clear the needs:area park	Classify the needs:area backlog	2026-09-09T19:32:22.9805719Z        Sync .claude/skills/query-pkg/SKILL.md with the pkg-query --citations CLI mode
clear the needs:area park	Classify the needs:area backlog	2026-09-09T19:32:22.9806286Z #3897  site-papers                              T1 site-papers: paper-factory artifact
clear the needs:area park	Classify the needs:area backlog	2026-09-09T19:32:22.9807144Z        PR #3434 blocker: branch is 132 commits behind main — bb_gates_matrix.json needs the hidden_issuer_d4 re-baseline (16946 -> 24452)
clear the needs:area park	Classify the needs:area backlog	2026-09-09T19:32:22.9807921Z #3898  sparq-forms                              T2 bd-to-issues.derive_areas (title scope/crate token)
clear the needs:area park	Classify the needs:area backlog	2026-09-09T19:32:22.9808607Z        Declared MSRV 1.88 is violated by sparq-forms' in-src test module (E0716) and the msrv lane cannot see it
clear the needs:area park	Classify the needs:area backlog	2026-09-09T19:32:22.9809286Z #3900  sparq-canon                              T2 bd-to-issues.derive_areas (title scope/crate token)
clear the needs:area park	Classify the needs:area backlog	2026-09-09T19:32:22.9809892Z        Kern coordination: post the scope-vs-whole-graph RDFC-1.0 counterexamples to #1746
clear the needs:area park	Classify the needs:area backlog	2026-09-09T19:32:22.9810499Z #3902  sparq-core                               T2 bd-to-issues.derive_areas (title scope/crate token)
clear the needs:area park	Classify the needs:area backlog	2026-09-09T19:32:22.9811505Z        sparq-core: Temporal::of_lit accepts a timezone-free lexical for xsd:dateTimeStamp (required-timezone facet not enforced)
clear the needs:area park	Classify the needs:area backlog	2026-09-09T19:32:22.9812300Z #3903  sparq-reason-dl                          T2 bd-to-issues.derive_areas (title scope/crate token)
clear the needs:area park	Classify the needs:area backlog	2026-09-09T19:32:22.9812979Z        reason-dl: conclusion-side refutation encodings for data-property axioms (ALCH(D) entailment)
clear the needs:area park	Classify the needs:area backlog	2026-09-09T19:32:22.9813631Z #3904  sparq-reason-dl                          T2 bd-to-issues.derive_areas (title scope/crate token)
clear the needs:area park	Classify the needs:area backlog	2026-09-09T19:32:22.9814309Z        reason-dl: graduate the concrete domain to FACETED data ranges (owl:withRestrictions / owl:onDatatype)
clear the needs:area park	Classify the needs:area backlog	2026-09-09T19:32:22.9815327Z #3905  sparq-reason-dl,sparq-conformance        T1 reason-dl-floor: the DL lane plus the conformance floor constants it ratchets
clear the needs:area park	Classify the needs:area backlog	2026-09-09T19:32:22.9816180Z        conformance: enable sparq-reason-dl/dl_datatypes in the dl-direct arm and re-pin the DL floors with evidence
clear the needs:area park	Classify the needs:area backlog	2026-09-09T19:32:22.9816882Z #3906  site-specs                               T1 site-specs: authors/edits a Typst UPD under site/specs
clear the needs:area park	Classify the needs:area backlog	2026-09-09T19:32:22.9817624Z        scripts/check-spec-normative-status.py is an orphan gate — wired into no workflow
clear the needs:area park	Classify the needs:area backlog	2026-09-09T19:32:22.9818309Z #3907  knowledge-graph                          T1 pkg: the project-knowledge-graph surface
clear the needs:area park	Classify the needs:area backlog	2026-09-09T19:32:22.9819164Z        Document `pkg-query --citations` in .claude/skills/query-pkg/SKILL.md (PR #2493 round-4 finding, blocked by worker sandbox)
clear the needs:area park	Classify the needs:area backlog	2026-09-09T19:32:22.9819931Z #3909  sparq-fedplan                            T2 bd-to-issues.derive_areas (title scope/crate token)
clear the needs:area park	Classify the needs:area backlog	2026-09-09T19:32:22.9820638Z        docs(sparq-fedplan): cross-link the LOCAL-evaluator port prior-negative from adaptive.rs module docs
clear the needs:area park	Classify the needs:area backlog	2026-09-09T19:32:22.9821576Z #3910  sparq-reason-el                          T2 bd-to-issues.derive_areas (title scope/crate token)
clear the needs:area park	Classify the needs:area backlog	2026-09-09T19:32:22.9822325Z        sparq-reason-el crate README + Cargo description carry the same unqualified "complete lattice" claim the CLI just fixed
clear the needs:area park	Classify the needs:area backlog	2026-09-09T19:32:22.9823233Z #3911  sparq-cli,sparq-reason-el                T2 bd-to-issues.derive_areas (title scope/crate token)
clear the needs:area park	Classify the needs:area backlog	2026-09-09T19:32:22.9824365Z        sparq-cli has no way to enable sparq-reason-el/cdomain, so `classify` can never cover the whole OWL 2 EL profile
clear the needs:area park	Classify the needs:area backlog	2026-09-09T19:32:22.9825501Z #3913  sparq-policy                             T1 odrl: ODRL evaluation lives in crates/sparq-policy
clear the needs:area park	Classify the needs:area backlog	2026-09-09T19:32:22.9826778Z        odrl-policy-bridge paper: every internal § cross-reference is off by +1 at the top level (~20 sites)
clear the needs:area park	Classify the needs:area backlog	2026-09-09T19:32:22.9827808Z #3918  bench                                    T1 bench-generic: a benchmarking deliverable
clear the needs:area park	Classify the needs:area backlog	2026-09-09T19:32:22.9828745Z        bench: stale hard-coded registry entry count in scripts/bench/run-all-benchmarks.sh
clear the needs:area park	Classify the needs:area backlog	2026-09-09T19:32:22.9829836Z #3920  ci                                       T1 ci: CI / orchestration infrastructure
clear the needs:area park	Classify the needs:area backlog	2026-09-09T19:32:22.9830638Z        Add a per-PR cargo-semver-checks gate over the tier-1 API surface (W1)
clear the needs:area park	Classify the needs:area backlog	2026-09-09T19:32:22.9831668Z #3921  ci                                       T1 ci: CI / orchestration infrastructure
clear the needs:area park	Classify the needs:area backlog	2026-09-09T19:32:22.9832578Z        Publish the served-surface SPARQL 1.1 Protocol conformance report as an artifact (W2)
clear the needs:area park	Classify the needs:area backlog	2026-09-09T19:32:22.9833484Z #3922  ci                                       T1 ci: CI / orchestration infrastructure
clear the needs:area park	Classify the needs:area backlog	2026-09-09T19:32:22.9834316Z        Write and validate a backup -> restore -> PITR disaster-recovery runbook (W3)
clear the needs:area park	Classify the needs:area backlog	2026-09-09T19:32:22.9835156Z #3923  ci                                       T1 ci: CI / orchestration infrastructure
clear the needs:area park	Classify the needs:area backlog	2026-09-09T19:32:22.9835904Z        Write the authoritative-store operations guide (W4)
clear the needs:area park	Classify the needs:area backlog	2026-09-09T19:32:22.9836594Z #3924  ci                                       T1 ci: CI / orchestration infrastructure
clear the needs:area park	Classify the needs:area backlog	2026-09-09T19:32:22.9837496Z        Cover the out-of-class AC-SPARQL scenarios (1, 14, 15, 16) on the /authz/query surface (W5)
clear the needs:area park	Classify the needs:area backlog	2026-09-09T19:32:22.9838435Z #3925  ci                                       T1 ci: CI / orchestration infrastructure
clear the needs:area park	Classify the needs:area backlog	2026-09-09T19:32:22.9839362Z        Correct the stale DEVIATIONS note in crates/sparq-lws-core/src/store/http.rs (W6)
clear the needs:area park	Classify the needs:area backlog	2026-09-09T19:32:22.9840335Z #3926  site-specs                               T1 site-specs: authors/edits a Typst UPD under site/specs
clear the needs:area park	Classify the needs:area backlog	2026-09-09T19:32:22.9841799Z        SPARQL-CRDT spec gap: pin down add/remove cancellation within one request (CRDT-UPD-BATCH-1 vs CRDT-WIRE-4)
clear the needs:area park	Classify the needs:area backlog	2026-09-09T19:32:22.9843027Z #3927  sparq-crdt                               T2 bd-to-issues.derive_areas (title scope/crate token)
clear the needs:area park	Classify the needs:area backlog	2026-09-09T19:32:22.9844037Z        SPARQL-CRDT spec gap: CRDT-BNODE-3's "already a known minted term" is not defined
clear the needs:area park	Classify the needs:area backlog	2026-09-09T19:32:22.9845317Z #3928  site-specs                               T1 site-specs: authors/edits a Typst UPD under site/specs
clear the needs:area park	Classify the needs:area backlog	2026-09-09T19:32:22.9846366Z        SPARQL-CRDT spec gap: CLEAR/DROP/COPY/MOVE/ADD have no normative CRDT-UPD-* proposal
clear the needs:area park	Classify the needs:area backlog	2026-09-09T19:32:22.9847387Z #3929  sparq-crdt                               T2 bd-to-issues.derive_areas (title scope/crate token)
clear the needs:area park	Classify the needs:area backlog	2026-09-09T19:32:22.9848491Z        sparq-crdt: SERVICE inside a WHERE is not gated by the offline/high-assurance profile switch
clear the needs:area park	Classify the needs:area backlog	2026-09-09T19:32:22.9849562Z #3930  site-specs                               T1 site-specs: authors/edits a Typst UPD under site/specs
clear the needs:area park	Classify the needs:area backlog	2026-09-09T19:32:22.9850742Z        sparq-crdt: conformance fixtures + assertion index (CRDT-TEST-1/2) and envelope fuzzing are not implemented
clear the needs:area park	Classify the needs:area backlog	2026-09-09T19:32:22.9852025Z #3931  ci                                       T1 ci: CI / orchestration infrastructure
clear the needs:area park	Classify the needs:area backlog	2026-09-09T19:32:22.9853379Z        feature-matrix bin-packing: leg weight ignores dependency-stack cost (sparq-fedplan-mpc lands in the sparq-server group and cold-compiles sparq-mpc)
clear the needs:area park	Classify the needs:area backlog	2026-09-09T19:32:22.9854893Z #3932  sparq-lws-wasm                           T2 bd-to-issues.derive_areas (title scope/crate token)
clear the needs:area park	Classify the needs:area backlog	2026-09-09T19:32:22.9855906Z        sparq-lws-wasm: prove delete-restores-admission with a wasm32 end-to-end test
clear the needs:area park	Classify the needs:area backlog	2026-09-09T19:32:22.9857148Z #3933  sparq-terse                              T2 bd-to-issues.derive_areas (title scope/crate token)
clear the needs:area park	Classify the needs:area backlog	2026-09-09T19:32:22.9858128Z        sparq-terse: the K:/V() transpile scanners treat every `<` as an IRIREF opener
clear the needs:area park	Classify the needs:area backlog	2026-09-09T19:32:22.9859068Z #3936  docs                                     T2 bd-to-issues.derive_areas (title scope/crate token)
clear the needs:area park	Classify the needs:area backlog	2026-09-09T19:32:22.9860282Z        docs(research): lws-demo-architecture §1.2 overstates the CSS image's default storage
clear the needs:area park	Classify the needs:area backlog	2026-09-09T19:32:22.9861526Z #3937  ci                                       T2 bd-to-issues.derive_areas (title scope/crate token)
clear the needs:area park	Classify the needs:area backlog	2026-09-09T19:32:22.9862385Z        ci: shellcheck + run the compat smoke's --self-test lane
clear the needs:area park	Classify the needs:area backlog	2026-09-09T19:32:22.9863135Z #3938  ci                                       T1 ci: CI / orchestration infrastructure
clear the needs:area park	Classify the needs:area backlog	2026-09-09T19:32:22.9864177Z        release.yml: workflow_dispatch `inputs.tag` is interpolated into a `run:` shell line (script injection)
clear the needs:area park	Classify the needs:area backlog	2026-09-09T19:32:22.9865321Z #3940  sparq-engine                             T2 bd-to-issues.derive_areas (title scope/crate token)
clear the needs:area park	Classify the needs:area backlog	2026-09-09T19:32:22.9866336Z        Preserve sq-p6p6 adaptive-replan evidence on main before the branch is pruned
clear the needs:area park	Classify the needs:area backlog	2026-09-09T19:32:22.9867201Z #3941  ci                                       T1 ci: CI / orchestration infrastructure
clear the needs:area park	Classify the needs:area backlog	2026-09-09T19:32:22.9868345Z        feature-matrix gate steps are not locally reproducible without PyYAML (add a stdlib fallback for the flat fragment format)
clear the needs:area park	Classify the needs:area backlog	2026-09-09T19:32:22.9869618Z #3943  sparq-forms                              T2 bd-to-issues.derive_areas (title scope/crate token)
clear the needs:area park	Classify the needs:area backlog	2026-09-09T19:32:22.9870707Z        forms F5: gui/app widgets for RDF 1.2 annotations, computed fields, label role and abstract shapes
clear the needs:area park	Classify the needs:area backlog	2026-09-09T19:32:22.9872012Z #3944  sparq-shacl                              T2 bd-to-issues.derive_areas (title scope/crate token)
clear the needs:area park	Classify the needs:area backlog	2026-09-09T19:32:22.9876801Z        sparq-shacl: expose a public seam for SPARQL-valued sh:values (sh:select / sh:sparqlExpr) node expressions
clear the needs:area park	Classify the needs:area backlog	2026-09-09T19:32:22.9878049Z #3945  sparq-forms                              T2 bd-to-issues.derive_areas (title scope/crate token)
clear the needs:area park	Classify the needs:area backlog	2026-09-09T19:32:22.9879091Z        sparq-forms: annotation write-back for blank-node reifiers via a WHERE-bound update
clear the needs:area park	Classify the needs:area backlog	2026-09-09T19:32:22.9880156Z #3946  sparq-zk-compose                         T1 zk-compose: zk-compose circuit/verifier surface
clear the needs:area park	Classify the needs:area backlog	2026-09-09T19:32:22.9881496Z        Gate-count re-baseline runbook does not list every generated consumer of gate_count_snapshot.json
clear the needs:area park	Classify the needs:area backlog	2026-09-09T19:32:22.9882550Z #3948  sparq-forms                              T2 bd-to-issues.derive_areas (title scope/crate token)
clear the needs:area park	Classify the needs:area backlog	2026-09-09T19:32:22.9883406Z        MSRV break on main: two `cfg(test)` blocks fail to compile on rustc 1.88 (the declared rust-version)
clear the needs:area park	Classify the needs:area backlog	2026-09-09T19:32:22.9884057Z #3949  site-specs                               T1 site-specs: authors/edits a Typst UPD under site/specs
clear the needs:area park	Classify the needs:area backlog	2026-09-09T19:32:22.9884699Z        scripts/check-spec-normative-status.py is a shipped linter that no workflow ever runs
clear the needs:area park	Classify the needs:area backlog	2026-09-09T19:32:22.9885563Z #3951  sparq-policy                             T1 odrl: ODRL evaluation lives in crates/sparq-policy
clear the needs:area park	Classify the needs:area backlog	2026-09-09T19:32:22.9886483Z        Extend the ODRL N3 differential fuzz corpus with multi-valued rule-attribute shapes
clear the needs:area park	Classify the needs:area backlog	2026-09-09T19:32:22.9887074Z #3952  site-papers                              T1 site-papers: paper-factory artifact
clear the needs:area park	Classify the needs:area backlog	2026-09-09T19:32:22.9887799Z        compliance/memsafety/evidence.md MS-1 forbid/total/overlap accounting is stale (50/60/two/four vs live 51/62/three/five)
clear the needs:area park	Classify the needs:area backlog	2026-09-09T19:32:22.9888522Z #3953  site                                     T2 bd-to-issues.derive_areas (title scope/crate token)
clear the needs:area park	Classify the needs:area backlog	2026-09-09T19:32:22.9889194Z        site: committed zk-sparql-catalog.generated.json can silently drift from its bench/ source of truth
clear the needs:area park	Classify the needs:area backlog	2026-09-09T19:32:22.9889845Z #3954  site-papers                              T1 site-papers: paper-factory artifact
clear the needs:area park	Classify the needs:area backlog	2026-09-09T19:32:22.9890449Z        CI fix-worker brief should name the failing SIBLING check-runs, not just the `gate` aggregator
clear the needs:area park	Classify the needs:area backlog	2026-09-09T19:32:22.9891565Z #3955  sparq-wac-oracle                         T2 bd-to-issues.derive_areas (title scope/crate token)
clear the needs:area park	Classify the needs:area backlog	2026-09-09T19:32:22.9892286Z        Kani anti-vacuity: reduce.rs and dict.rs carry their witness-survival leg on a non-gating `kani::cover!`
clear the needs:area park	Classify the needs:area backlog	2026-09-09T19:32:22.9892935Z #3956  e2ee                                     T1 e2ee: the end-to-end-encryption program
clear the needs:area park	Classify the needs:area backlog	2026-09-09T19:32:22.9893480Z        sparq-e2ee-ng: nothing enforces PublicGrant::max_epoch at exercise time
clear the needs:area park	Classify the needs:area backlog	2026-09-09T19:32:22.9894050Z #3957  bench                                    T2 bd-to-issues.derive_areas (title scope/crate token)
clear the needs:area park	Classify the needs:area backlog	2026-09-09T19:32:22.9894754Z        bench/shacl-wasm: pin the gather-only peer stack with a committed lockfile so the bundle bytes are reproducible
clear the needs:area park	Classify the needs:area backlog	2026-09-09T19:32:22.9895448Z #3958  sparq-kb                                 T2 bd-to-issues.derive_areas (title scope/crate token)
clear the needs:area park	Classify the needs:area backlog	2026-09-09T19:32:22.9896116Z        sparq-kb: the DQV carve-out in compiled_findings_match_handauthored_triple_for_triple is now vacuous
clear the needs:area park	Classify the needs:area backlog	2026-09-09T19:32:22.9896787Z #3959  sparq-wac-oracle                         T0 author-declared crate_or_surface/crates field
clear the needs:area park	Classify the needs:area backlog	2026-09-09T19:32:22.9897459Z        sparq-wac-oracle: the new opt-in `odrl-bridge` feature has NO CI executor, so window_corpus never runs
clear the needs:area park	Classify the needs:area backlog	2026-09-09T19:32:22.9898134Z #3960  sparq-mpc                                T2 bd-to-issues.derive_areas (title scope/crate token)
clear the needs:area park	Classify the needs:area backlog	2026-09-09T19:32:22.9898890Z        oblivious_join: audit the ObliviousOutputCost 'what a real deployment would pay' claim like SortMergeCost's (PR #3585 round 5)
clear the needs:area park	Classify the needs:area backlog	2026-09-09T19:32:22.9899653Z #3961  sparq-mpc                                T2 bd-to-issues.derive_areas (title scope/crate token)
clear the needs:area park	Classify the needs:area backlog	2026-09-09T19:32:22.9900305Z        sparq-mpc: raw NUL byte in oblivious_join.rs doc comment makes grep/file treat the source as binary
clear the needs:area park	Classify the needs:area backlog	2026-09-09T19:32:22.9901210Z #3963  sparq-terse                              T2 bd-to-issues.derive_areas (title scope/crate token)
clear the needs:area park	Classify the needs:area backlog	2026-09-09T19:32:22.9901958Z        sparq-terse: consider exposing ResolveCtx::resolve_lazy publicly for direct callers with an expensive embedder
clear the needs:area park	Classify the needs:area backlog	2026-09-09T19:32:22.9902663Z #3964  sparq-terse                              T2 bd-to-issues.derive_areas (title scope/crate token)
clear the needs:area park	Classify the needs:area backlog	2026-09-09T19:32:22.9903302Z        sparq-terse: no test covers a SUCCESSFUL V() vector-fallback bind under the DEFAULT ResolveGate
clear the needs:area park	Classify the needs:area backlog	2026-09-09T19:32:22.9903953Z #3966  sparq-wac-oracle                         T0 author-declared crate_or_surface/crates field
clear the needs:area park	Classify the needs:area backlog	2026-09-09T19:32:22.9904613Z        sparq-wac-oracle: the opt-in `odrl-bridge` tests have no CI executor (C1 guard blind spot)
clear the needs:area park	Classify the needs:area backlog	2026-09-09T19:32:22.9905339Z #3968  ci                                       T1 ci: CI / orchestration infrastructure
clear the needs:area park	Classify the needs:area backlog	2026-09-09T19:32:22.9905962Z        sparq-bench-ec2 agent doc still mandates console-output as the results channel (sq-ffaa9 follow-up)
clear the needs:area park	Classify the needs:area backlog	2026-09-09T19:32:22.9906573Z #3969  ci                                       T1 ci: CI / orchestration infrastructure
clear the needs:area park	Classify the needs:area backlog	2026-09-09T19:32:22.9907159Z        Wire the durable S3 results channel into the remaining EC2 bench launchers (sq-ffaa9 follow-up)
clear the needs:area park	Classify the needs:area backlog	2026-09-09T19:32:22.9907795Z #3972  sparq-core                               T2 bd-to-issues.derive_areas (title scope/crate token)
clear the needs:area park	Classify the needs:area backlog	2026-09-09T19:32:22.9908457Z        sparq-core: compress::with_emit_format is #[doc(hidden)] "TEST/BENCH hook" but is now a product path
clear the needs:area park	Classify the needs:area backlog	2026-09-09T19:32:22.9909145Z #3974  sparq-zk-compose                         T1 zk-compose: zk-compose circuit/verifier surface
clear the needs:area park	Classify the needs:area backlog	2026-09-09T19:32:22.9909947Z        SKILL.md sparq-zk dual-leaf host-encoder list is stale: encode_boolean (sq-hh7a4) and the dateTime/date lanes (sq-we9vs) are undocumented
clear the needs:area park	Classify the needs:area backlog	2026-09-09T19:32:22.9910736Z #3975  sparq-zk-compose                         T1 zk-compose: zk-compose circuit/verifier surface
clear the needs:area park	Classify the needs:area backlog	2026-09-09T19:32:22.9911779Z        coverage.sh measures sparq-zk-compose with default features only, so the whole dual-leaf value-lane surface counts as uncovered
clear the needs:area park	Classify the needs:area backlog	2026-09-09T19:32:22.9912561Z #3979  sparq-reason-el                          T2 bd-to-issues.derive_areas (title scope/crate token)
clear the needs:area park	Classify the needs:area backlog	2026-09-09T19:32:22.9913504Z        Coverage blind spot: sparq-reason-el's `par` engine is compiled out of the coverage measurement
clear the needs:area park	Classify the needs:area backlog	2026-09-09T19:32:22.9914154Z #3981  sparq-policy                             T1 odrl: ODRL evaluation lives in crates/sparq-policy
clear the needs:area park	Classify the needs:area backlog	2026-09-09T19:32:22.9914944Z        sparq-policy: a HEAD-position rest-only cell as odrl:rightOperand bypasses collection validation (isNoneOf-on-permission widening)
clear the needs:area park	Classify the needs:area backlog	2026-09-09T19:32:22.9915733Z #3982  sparq-policy                             T1 odrl: ODRL evaluation lives in crates/sparq-policy
clear the needs:area park	Classify the needs:area backlog	2026-09-09T19:32:22.9916555Z        sparq-policy: a NESTED-list member of an odrl:rightOperand collection is silently unmatchable, widening the negative set operators
clear the needs:area park	Classify the needs:area backlog	2026-09-09T19:32:22.9917351Z #3984  sparq-introspect                         T2 bd-to-issues.derive_areas (title scope/crate token)
clear the needs:area park	Classify the needs:area backlog	2026-09-09T19:32:22.9918015Z        sparq-introspect: escape control characters in sampled values rendered into the schema summary
clear the needs:area park	Classify the needs:area backlog	2026-09-09T19:32:22.9918665Z #3985  sparq-nlq                                T2 bd-to-issues.derive_areas (title scope/crate token)
clear the needs:area park	Classify the needs:area backlog	2026-09-09T19:32:22.9919287Z        sparq-nlq: cap the assembled prompt and the completion size (residual budget gap from sq-j1wv)
clear the needs:area park	Classify the needs:area backlog	2026-09-09T19:32:22.9919936Z #3987  site-specs                               T1 site-specs: authors/edits a Typst UPD under site/specs
clear the needs:area park	Classify the needs:area backlog	2026-09-09T19:32:22.9920581Z        sparq-mcp docs cite site/specs/mcp-solid.typ, but that spec file does not exist in the repo
clear the needs:area park	Classify the needs:area backlog	2026-09-09T19:32:22.9921425Z #3988  sparq-mcp                                T2 bd-to-issues.derive_areas (title scope/crate token)
clear the needs:area park	Classify the needs:area backlog	2026-09-09T19:32:22.9922011Z        sparq-mcp pod resources/subscribe cannot watch a not-yet-existing resource
clear the needs:area park	Classify the needs:area backlog	2026-09-09T19:32:22.9922576Z #3989  sparq-mcp                                T2 bd-to-issues.derive_areas (title scope/crate token)
clear the needs:area park	Classify the needs:area backlog	2026-09-09T19:32:22.9923076Z        sparq-mcp resources/list has no pagination cursor
clear the needs:area park	Classify the needs:area backlog	2026-09-09T19:32:22.9923562Z #3991  sparq-geo                                T2 bd-to-issues.derive_areas (title scope/crate token)
clear the needs:area park	Classify the needs:area backlog	2026-09-09T19:32:22.9924402Z        geo: geosparql_rewrite LOWERS GeoSPARQL compliance (−4 points) and never earns the R28–R30 it exists for
clear the needs:area park	Classify the needs:area backlog	2026-09-09T19:32:22.9925093Z #3992  sparq-geo                                T2 bd-to-issues.derive_areas (title scope/crate token)
clear the needs:area park	Classify the needs:area backlog	2026-09-09T19:32:22.9925720Z        geo: an empty geo:wktLiteral / geo:gmlLiteral should parse as an empty geometry, not error
clear the needs:area park	Classify the needs:area backlog	2026-09-09T19:32:22.9926352Z #3994  sparq-engine                             T2 bd-to-issues.derive_areas (title scope/crate token)
clear the needs:area park	Classify the needs:area backlog	2026-09-09T19:32:22.9927182Z        explain_paths omits the START/END endpoint restrictions from the typed PATHS operator render
clear the needs:area park	Classify the needs:area backlog	2026-09-09T19:32:22.9927811Z #3996  gui                                      T2 bd-to-issues.derive_areas (title scope/crate token)
clear the needs:area park	Classify the needs:area backlog	2026-09-09T19:32:22.9928379Z        GUI: Playwright mocked-IPC spec for the visual query builder (sq-ixc3.24)
clear the needs:area park	Classify the needs:area backlog	2026-09-09T19:32:22.9928939Z #3997  gui                                      T2 bd-to-issues.derive_areas (title scope/crate token)
clear the needs:area park	Classify the needs:area backlog	2026-09-09T19:32:22.9929603Z        GUI: query builder should also see SHACL shapes uploaded in the SHACL tool, not only shapes in the store
clear the needs:area park	Classify the needs:area backlog	2026-09-09T19:32:22.9930252Z #3998  gui                                      T2 bd-to-issues.derive_areas (title scope/crate token)
clear the needs:area park	Classify the needs:area backlog	2026-09-09T19:32:22.9931148Z        GUI: visual query builder v2 — parse SPARQL back into the canvas (true two-way editing)
clear the needs:area park	Classify the needs:area backlog	2026-09-09T19:32:22.9931753Z #3999  site-papers                              T1 site-papers: paper-factory artifact
clear the needs:area park	Classify the needs:area backlog	2026-09-09T19:32:22.9932582Z        sq-gum8.11 doc-sync: paper §6.1/§7.2 + academic-paper SKILL must describe the versioned grammar levels and the campaign runner
clear the needs:area park	Classify the needs:area backlog	2026-09-09T19:32:22.9933347Z #4000  sparq-metamorph                          T2 bd-to-issues.derive_areas (title scope/crate token)
clear the needs:area park	Classify the needs:area backlog	2026-09-09T19:32:22.9934071Z        sparq-metamorph: validated endpoint presets + compose services for Blazegraph, GraphDB, QLever, MillenniumDB
clear the needs:area park	Classify the needs:area backlog	2026-09-09T19:32:22.9934869Z #4003  ci                                       T1 ci: CI / orchestration infrastructure
clear the needs:area park	Classify the needs:area backlog	2026-09-09T19:32:22.9935704Z        ci.yml shell ratchet gates hard-code floor values (RSP one is STALE at 149 vs the real 317) — read them from sparq-conformance-floors instead
clear the needs:area park	Classify the needs:area backlog	2026-09-09T19:32:22.9936483Z #4010  sparq-rsp                                T2 bd-to-issues.derive_areas (title scope/crate token)
clear the needs:area park	Classify the needs:area backlog	2026-09-09T19:32:22.9937215Z        sparq-rsp: implement the CityBench oracle surface (static FROM graphs, FILTER, HAVING) so CityBench can be count-matched
clear the needs:area park	Classify the needs:area backlog	2026-09-09T19:32:22.9937963Z #4011  sparq-terse                              T2 bd-to-issues.derive_areas (title scope/crate token)
clear the needs:area park	Classify the needs:area backlog	2026-09-09T19:32:22.9938575Z        sparq-terse: ResolveCtx re-runs the O(dict) store staleness check once per V() phrase
clear the needs:area park	Classify the needs:area backlog	2026-09-09T19:32:22.9939191Z #4013  sparq-core                               T2 bd-to-issues.derive_areas (title scope/crate token)
clear the needs:area park	Classify the needs:area backlog	2026-09-09T19:32:22.9940144Z        sparq-core/temporal: Timeline::parse_datetime accepts non-XSD second spellings ("NaN", "1e1") — an ill-formed dateTime enters the temporals cache with
clear the needs:area park	Classify the needs:area backlog	2026-09-09T19:32:22.9941215Z #4015  sparq-mpc                                T2 bd-to-issues.derive_areas (title scope/crate token)
clear the needs:area park	Classify the needs:area backlog	2026-09-09T19:32:22.9941869Z        sparq-mpc: fold the mirrored BN254 modulus into the federated-layout lockstep conformance gate
clear the needs:area park	Classify the needs:area backlog	2026-09-09T19:32:22.9942509Z #4017  sparq-policy                             T1 odrl: ODRL evaluation lives in crates/sparq-policy
clear the needs:area park	Classify the needs:area backlog	2026-09-09T19:32:22.9943036Z        Review the SPARQL-query ODRL action profile decision
clear the needs:area park	Classify the needs:area backlog	2026-09-09T19:32:22.9943549Z #4018  sparq-zk-compose                         T1 zk-compose: zk-compose circuit/verifier surface
clear the needs:area park	Classify the needs:area backlog	2026-09-09T19:32:22.9944186Z        zk-toolchain lane never runs the dual-leaf in-circuit vectors (no --features dual-leaf)
clear the needs:area park	Classify the needs:area backlog	2026-09-09T19:32:22.9944788Z #4019  gui                                      T2 bd-to-issues.derive_areas (title scope/crate token)
clear the needs:area park	Classify the needs:area backlog	2026-09-09T19:32:22.9945337Z        gui query builder: React state updaters read event.currentTarget lazily
clear the needs:area park	Classify the needs:area backlog	2026-09-09T19:32:22.9946196Z #4020  bench                                    T1 bench-generic: a benchmarking deliverable
clear the needs:area park	Classify the needs:area backlog	2026-09-09T19:32:22.9947221Z        Re-run the GeoSPARQL Compliance Benchmark and re-derive the §3.7 sparq row
clear the needs:area park	Classify the needs:area backlog	2026-09-09T19:32:22.9948144Z #4021  sparq-geo                                T2 bd-to-issues.derive_areas (title scope/crate token)
clear the needs:area park	Classify the needs:area backlog	2026-09-09T19:32:22.9949120Z        gsb_compliance parse_srx: trim_text drops whitespace adjacent to an entity reference
clear the needs:area park	Classify the needs:area backlog	2026-09-09T19:32:22.9950436Z #4023  sparq-metamorph                          T2 bd-to-issues.derive_areas (title scope/crate token)
clear the needs:area park	Classify the needs:area backlog	2026-09-09T19:32:22.9951814Z        sparq-metamorph: run the live preset conformance probe on the campaign box and promote PresetEvidence
clear the needs:area park	Classify the needs:area backlog	2026-09-09T19:32:22.9956920Z #4024  sparq-reason-dl,sparq-conformance        T1 reason-dl-floor: the DL lane plus the conformance floor constants it ratchets
clear the needs:area park	Classify the needs:area backlog	2026-09-09T19:32:22.9958026Z        PR #4005 does not compile with `--features dl-direct --tests`: RenderRoundTripReport literal missing new `arm` field
clear the needs:area park	Classify the needs:area backlog	2026-09-09T19:32:22.9958899Z #4029  bench                                    T1 bench-generic: a benchmarking deliverable
clear the needs:area park	Classify the needs:area backlog	2026-09-09T19:32:22.9959676Z        GeoSPARQL benchmark: differential-check the answer comparator against the upstream harness
clear the needs:area park	Classify the needs:area backlog	2026-09-09T19:32:22.9960370Z #4035  sparq-reason                             T2 bd-to-issues.derive_areas (title scope/crate token)
clear the needs:area park	Classify the needs:area backlog	2026-09-09T19:32:22.9961337Z        reason(datalog): extend the aggregate differential battery to xsd:float/xsd:double weights
clear the needs:area park	Classify the needs:area backlog	2026-09-09T19:32:22.9962331Z #4037  sparq-reason-dl,sparq-conformance        T1 reason-dl-floor: the DL lane plus the conformance floor constants it ratchets
clear the needs:area park	Classify the needs:area backlog	2026-09-09T19:32:22.9963333Z        Crate-scoped local gate misses the lib test target, letting feature-gated src/ unit tests break CI
clear the needs:area park	Classify the needs:area backlog	2026-09-09T19:32:22.9964306Z #4040  sparq-rsp                                T2 bd-to-issues.derive_areas (title scope/crate token)
clear the needs:area park	Classify the needs:area backlog	2026-09-09T19:32:22.9965165Z        bench(rsp): run the SCALED matched-workload gather to actually publish the RSP throughput side-by-side (sq-3f5ay follow-through)
clear the needs:area park	Classify the needs:area backlog	2026-09-09T19:32:22.9966107Z #4042  sparq-jsonld                             T2 bd-to-issues.derive_areas (title scope/crate token)
clear the needs:area park	Classify the needs:area backlog	2026-09-09T19:32:22.9966872Z        conf(jsonld): run the flatten lane's NegativeEvaluationTest (the last sq-oy1f.31 slice)
clear the needs:area park	Classify the needs:area backlog	2026-09-09T19:32:22.9967460Z #4043  docs                                     T1 docs: documentation-only change
clear the needs:area park	Classify the needs:area backlog	2026-09-09T19:32:22.9968117Z        docs: two dated JSON-LD research records carry stale conformance floors
clear the needs:area park	Classify the needs:area backlog	2026-09-09T19:32:22.9968693Z #4044  sparq-jsonld                             T2 bd-to-issues.derive_areas (title scope/crate token)
clear the needs:area park	Classify the needs:area backlog	2026-09-09T19:32:22.9969511Z        jsonld: IRI Compaction's value-less Term Selection cannot recover a @type:@vocab term
clear the needs:area park	Classify the needs:area backlog	2026-09-09T19:32:22.9970113Z #4046  sparq-acbench                            T1 acbench: crates/sparq-acbench
clear the needs:area park	Classify the needs:area backlog	2026-09-09T19:32:22.9971305Z        sparq-acbench: export BENCH_EVAL_INSTANT / BENCH_GRANTED_PURPOSE publicly
clear the needs:area park	Classify the needs:area backlog	2026-09-09T19:32:22.9972070Z #4047  bench                                    T2 bd-to-issues.derive_areas (title scope/crate token)
clear the needs:area park	Classify the needs:area backlog	2026-09-09T19:32:22.9973050Z        bench registry: catalogue the ODRE decision-agreement lane (bench/ac/odre)
clear the needs:area park	Classify the needs:area backlog	2026-09-09T19:32:22.9973755Z #4048  sparq-acbench                            T1 acbench: crates/sparq-acbench
clear the needs:area park	Classify the needs:area backlog	2026-09-09T19:32:22.9974362Z        sparq-acbench: U3/U4 ODRL corpora emit no prohibitions and no count/systemDevice constraints
clear the needs:area park	Classify the needs:area backlog	2026-09-09T19:32:22.9974969Z #4049  sparq-acbench                            T1 acbench: crates/sparq-acbench
clear the needs:area park	Classify the needs:area backlog	2026-09-09T19:32:22.9975529Z        sparq-acbench: compile_odrl node IRIs collide when two intents share a resource
clear the needs:area park	Classify the needs:area backlog	2026-09-09T19:32:22.9976140Z #4051  sparq-policy                             T1 odrl: ODRL evaluation lives in crates/sparq-policy
clear the needs:area park	Classify the needs:area backlog	2026-09-09T19:32:22.9976827Z        odrl-policy-bridge paper: wire §5.3 to the ODRE lane's output
clear the needs:area park	Classify the needs:area backlog	2026-09-09T19:32:22.9977353Z #4055  gui                                      T2 bd-to-issues.derive_areas (title scope/crate token)
clear the needs:area park	Classify the needs:area backlog	2026-09-09T19:32:22.9978194Z        sq-lsp7k.9.4 (GUI leg): SPARQL-editor + palette completion sources with endpoint-absent fallback
clear the needs:area park	Classify the needs:area backlog	2026-09-09T19:32:22.9978993Z #4056  bench                                    T2 bd-to-issues.derive_areas (title scope/crate token)
clear the needs:area park	Classify the needs:area backlog	2026-09-09T19:32:22.9979867Z        sq-lsp7k.9.4 (bench leg): p99 interactive-latency bench for /complete at 100M triples
clear the needs:area park	Classify the needs:area backlog	2026-09-09T19:32:22.9980917Z #4058  sparq-zk-compose                         T1 zk-compose: zk-compose circuit/verifier surface
clear the needs:area park	Classify the needs:area backlog	2026-09-09T19:32:22.9981991Z        site: /benchmarks/zk drops the new BOUNDED_DEPTH_EXISTENCE_ONLY flag and assumes partial => circuit_size null
clear the needs:area park	Classify the needs:area backlog	2026-09-09T19:32:22.9982844Z #4059  sparq-zk-compose                         T1 zk-compose: zk-compose circuit/verifier surface
clear the needs:area park	Classify the needs:area backlog	2026-09-09T19:32:22.9983920Z        zk/compose: `p?` (zero-or-one property path) is admitted by the fragment gate but UNPROVABLE — no path_reach_d1 member is compiled
clear the needs:area park	Classify the needs:area backlog	2026-09-09T19:32:22.9984713Z #4060  sparq-zk-compose                         T1 zk-compose: zk-compose circuit/verifier surface
clear the needs:area park	Classify the needs:area backlog	2026-09-09T19:32:22.9985581Z        CI: wire `sparql_catalog.py --check` into a lane so catalog regeneration drift is caught outside the zk-toolchain job
clear the needs:area park	Classify the needs:area backlog	2026-09-09T19:32:22.9986441Z #4063  sparq-vectors                            T2 bd-to-issues.derive_areas (title scope/crate token)
clear the needs:area park	Classify the needs:area backlog	2026-09-09T19:32:22.9987218Z        unsafe-register: sparq-vectors diskann.rs rows have stale line numbers and one row has no live counterpart
clear the needs:area park	Classify the needs:area backlog	2026-09-09T19:32:22.9987978Z #4064  sparq-vectors                            T2 bd-to-issues.derive_areas (title scope/crate token)
clear the needs:area park	Classify the needs:area backlog	2026-09-09T19:32:22.9988894Z        sparq-vectors: extend the bit-exact SIMD kernel to the remaining scalar reductions (norm / normalize / DistanceTable sum)
clear the needs:area park	Classify the needs:area backlog	2026-09-09T19:32:22.9989966Z #4065  sparq-jsonld                             T2 bd-to-issues.derive_areas (title scope/crate token)
clear the needs:area park	Classify the needs:area backlog	2026-09-09T19:32:22.9990762Z        sparq-jsonld: decide whether the hand-rolled RFC 3987 validator should defer to oxiri behind an optional feature
clear the needs:area park	Classify the needs:area backlog	2026-09-09T19:32:22.9991675Z #4069  sparq-bench                              T2 bd-to-issues.derive_areas (title scope/crate token)
clear the needs:area park	Classify the needs:area backlog	2026-09-09T19:32:22.9992765Z        differential: adjudicate the zero-length property path on a ground endpoint absent from the data (sparq vs Oxigraph)
clear the needs:area park	Classify the needs:area backlog	2026-09-09T19:32:22.9993679Z #4070  sparq-bench                              T2 bd-to-issues.derive_areas (title scope/crate token)
clear the needs:area park	Classify the needs:area backlog	2026-09-09T19:32:22.9994475Z        differential fuzz: the `graph` category has no named-graph DATA (only empty-GRAPH composition)
clear the needs:area park	Classify the needs:area backlog	2026-09-09T19:32:22.9995131Z #4071  sparq-algos                              T2 bd-to-issues.derive_areas (title scope/crate token)
clear the needs:area park	Classify the needs:area backlog	2026-09-09T19:32:22.9995993Z        coverage.sh: stale comment claims sparq-algos has no opt-in features (its coverage floor now excludes 3 gated modules)
clear the needs:area park	Classify the needs:area backlog	2026-09-09T19:32:22.9996847Z #4072  sparq-serve                              T2 bd-to-issues.derive_areas (title scope/crate token)
clear the needs:area park	Classify the needs:area backlog	2026-09-09T19:32:22.9997485Z        Doc drift: ring.rs + http.rs rustdoc still claims each retained generation is a FULL Graph copy
clear the needs:area park	Classify the needs:area backlog	2026-09-09T19:32:22.9998247Z #4078  sparq-nlq                                T2 bd-to-issues.derive_areas (title scope/crate token)
clear the needs:area park	Classify the needs:area backlog	2026-09-09T19:32:22.9998984Z        sparq-nlq: exec-accuracy harness does not measure the exact dictionary-linking tier (link_values, sq-na0q)
clear the needs:area park	Classify the needs:area backlog	2026-09-09T19:32:22.9999777Z #4079  sparq-algos                              T2 bd-to-issues.derive_areas (title scope/crate token)
clear the needs:area park	Classify the needs:area backlog	2026-09-09T19:32:23.0000683Z        coverage.sh: the sparq-algos comment is stale — it does have opt-in features, so its number omits them
clear the needs:area park	Classify the needs:area backlog	2026-09-09T19:32:23.0001680Z #4080  sparq-zk-compose                         T1 zk-compose: zk-compose circuit/verifier surface
clear the needs:area park	Classify the needs:area backlog	2026-09-09T19:32:23.0002399Z        sq-rsd3v.3 follow-up: bind the N3 rules_root to an issuer attestation in the verifier (the "whose rules" gate)
clear the needs:area park	Classify the needs:area backlog	2026-09-09T19:32:23.0003238Z #4081  sparq-zk-compose                         T1 zk-compose: zk-compose circuit/verifier surface
clear the needs:area park	Classify the needs:area backlog	2026-09-09T19:32:23.0004116Z        sq-rsd3v.3 follow-up: off-circuit zk-trace mapper from sparq-reason's N3 ProofTree to n3_derivation_check witness slots
clear the needs:area park	Classify the needs:area backlog	2026-09-09T19:32:23.0004929Z #4082  sparq-zk-compose                         T1 zk-compose: zk-compose circuit/verifier surface
clear the needs:area park	Classify the needs:area backlog	2026-09-09T19:32:23.0005651Z        sq-rsd3v.3 follow-up: compile an n3_* bin-package monomorphisation and measure it with `bb gates`
clear the needs:area park	Classify the needs:area backlog	2026-09-09T19:32:23.0006641Z #4087  sparq-reason                             T2 bd-to-issues.derive_areas (title scope/crate token)
clear the needs:area park	Classify the needs:area backlog	2026-09-09T19:32:23.0007551Z        mutants: re-seed sparq-reason from ALL 3 shard artifacts (pre-sq-has2g --seed would have recorded only 1/3 of its survivors)
clear the needs:area park	Classify the needs:area backlog	2026-09-09T19:32:23.0008264Z #4088  ci                                       T1 ci: CI / orchestration infrastructure
clear the needs:area park	Classify the needs:area backlog	2026-09-09T19:32:23.0009124Z        mutants-nightly: sparq-reason's 3-shard sizing assumes "2 concurrent workers", but cargo-mutants runs mutants serially by default
clear the needs:area park	Classify the needs:area backlog	2026-09-09T19:32:23.0037456Z #4089  ci                                       T1 ci: CI / orchestration infrastructure
clear the needs:area park	Classify the needs:area backlog	2026-09-09T19:32:23.0038301Z        mutants-nightly: measure whether `cargo mutants -j 2` or nextest cuts the per-mutant cost enough to shrink the sparq-engine shard count
clear the needs:area park	Classify the needs:area backlog	2026-09-09T19:32:23.0039126Z #4091  sparq-zk-compose                         T1 zk-compose: zk-compose circuit/verifier surface
clear the needs:area park	Classify the needs:area backlog	2026-09-09T19:32:23.0039810Z        sq-6qe residual (1/3): compile the `revoke_hidden_ref_d{D}_a{A}` Noir member + gate baseline
clear the needs:area park	Classify the needs:area backlog	2026-09-09T19:32:23.0040471Z #4092  sparq-zk-compose                         T1 zk-compose: zk-compose circuit/verifier surface
clear the needs:area park	Classify the needs:area backlog	2026-09-09T19:32:23.0041511Z        sq-6qe residual (2/3): fully-hidden `RevocationStatus` manifest mode + `bind_fully_hidden_revocation` verifier gate
clear the needs:area park	Classify the needs:area backlog	2026-09-09T19:32:23.0042472Z #4093  sparq-zk-compose                         T1 zk-compose: zk-compose circuit/verifier surface
clear the needs:area park	Classify the needs:area backlog	2026-09-09T19:32:23.0043220Z        sq-6qe residual (3/3): enforce per-presentation RE-BLINDING of `index_commitment` / `ref_commitment` in the holder flow
clear the needs:area park	Classify the needs:area backlog	2026-09-09T19:32:23.0043896Z #4094  ci                                       T1 ci: CI / orchestration infrastructure
clear the needs:area park	Classify the needs:area backlog	2026-09-09T19:32:23.0044367Z        mutants-gate.py --self-test is not run by any CI lane
clear the needs:area park	Classify the needs:area backlog	2026-09-09T19:32:23.0044808Z #4095  ci                                       T1 ci: CI / orchestration infrastructure
clear the needs:area park	Classify the needs:area backlog	2026-09-09T19:32:23.0045374Z        Verify cargo-mutants --shard index convention used by the mutants-nightly matrix
clear the needs:area park	Classify the needs:area backlog	2026-09-09T19:32:23.0045926Z #4096  ci                                       T1 ci: CI / orchestration infrastructure
clear the needs:area park	Classify the needs:area backlog	2026-09-09T19:32:23.0046519Z        Stale shard count in mutants-nightly comments: '8 include entries' vs the 24 present
clear the needs:area park	Classify the needs:area backlog	2026-09-09T19:32:23.0047150Z #4099  sparq-bench                              T2 bd-to-issues.derive_areas (title scope/crate token)
clear the needs:area park	Classify the needs:area backlog	2026-09-09T19:32:23.0047841Z        differential fuzzer: AVG has no VALUE-level oracle (implementation-defined decimal division precision)
clear the needs:area park	Classify the needs:area backlog	2026-09-09T19:32:23.0048521Z #4100  sparq-engine                             T1 engine-topic: crates/sparq-engine planner/executor
clear the needs:area park	Classify the needs:area backlog	2026-09-09T19:32:23.0049215Z        sq-gum8.12 follow-up: drive the DISTINCT/aggregate/ORDER BY oracles from the nightly metamorph window
clear the needs:area park	Classify the needs:area backlog	2026-09-09T19:32:23.0049896Z #4101  sparq-metamorph                          T2 bd-to-issues.derive_areas (title scope/crate token)
clear the needs:area park	Classify the needs:area backlog	2026-09-09T19:32:23.0050463Z        sq-gum8.12 follow-up: grouped (GROUP BY) aggregate partitioning
clear the needs:area park	Classify the needs:area backlog	2026-09-09T19:32:23.0051150Z #4102  sparq-metamorph                          T2 bd-to-issues.derive_areas (title scope/crate token)
clear the needs:area park	Classify the needs:area backlog	2026-09-09T19:32:23.0051797Z        sq-gum8.12 (d): revisit EXISTS in the metamorph oracles once SPARQL 1.2 settles its semantics
clear the needs:area park	Classify the needs:area backlog	2026-09-09T19:32:23.0052393Z #4103  site-papers                              T1 site-papers: paper-factory artifact
clear the needs:area park	Classify the needs:area backlog	2026-09-09T19:32:23.0053068Z        Doc-sync: ASSURANCE.md + academic-paper SKILL describe the metamorph oracle set as TLP/NoREC/differential only
clear the needs:area park	Classify the needs:area backlog	2026-09-09T19:32:23.0053718Z #4104  ci                                       T1 ci: CI / orchestration infrastructure
clear the needs:area park	Classify the needs:area backlog	2026-09-09T19:32:23.0054197Z        check-no-perf-numbers.py does not scan workflow/CI comments
clear the needs:area park	Classify the needs:area backlog	2026-09-09T19:32:23.0054719Z #4106  sparq-mpc                                T2 bd-to-issues.derive_areas (title scope/crate token)
clear the needs:area park	Classify the needs:area backlog	2026-09-09T19:32:23.0055495Z        sparq-mpc: migrate auth_disclose's MAC-checked opens to MacSession::mac_check_and_open
clear the needs:area park	Classify the needs:area backlog	2026-09-09T19:32:23.0056122Z #4108  sparq-substrate                          T2 bd-to-issues.derive_areas (title scope/crate token)
clear the needs:area park	Classify the needs:area backlog	2026-09-09T19:32:23.0056646Z        Avoid allocation when promoting Dec directly to f32
clear the needs:area park	Classify the needs:area backlog	2026-09-09T19:32:23.0057149Z #4110  sparq-engine                             T1 engine-topic: crates/sparq-engine planner/executor
clear the needs:area park	Classify the needs:area backlog	2026-09-09T19:32:23.0057702Z        Render the actual DPccp JoinTree in text and structured EXPLAIN
clear the needs:area park	Classify the needs:area backlog	2026-09-09T19:32:23.0058199Z #4112  site-papers                              T1 site-papers: paper-factory artifact
clear the needs:area park	Classify the needs:area backlog	2026-09-09T19:32:23.0058876Z        paper P2a §6.1: describe the versioned generator grammar levels (v1/v2/v3)
clear the needs:area park	Classify the needs:area backlog	2026-09-09T19:32:23.0059432Z #4113  site-papers                              T1 site-papers: paper-factory artifact
clear the needs:area park	Classify the needs:area backlog	2026-09-09T19:32:23.0060232Z        paper P2a: 'presets deferred' paragraph is stale — Blazegraph/GraphDB/QLever/MillenniumDB presets shipped in sq-gum8.10
clear the needs:area park	Classify the needs:area backlog	2026-09-09T19:32:23.0061102Z #4114  sparq-server                             T2 bd-to-issues.derive_areas (title scope/crate token)
clear the needs:area park	Classify the needs:area backlog	2026-09-09T19:32:23.0061745Z        metamorph campaign: add an end-to-end HTTP-target integration test against sparq-server
clear the needs:area park	Classify the needs:area backlog	2026-09-09T19:32:23.0062374Z #4116  sparq-reason-el                          T2 bd-to-issues.derive_areas (title scope/crate token)
clear the needs:area park	Classify the needs:area backlog	2026-09-09T19:32:23.0063173Z        sparq-reason-el: E5 deletion-side incremental repair (DRed / ELK affected-context) is deferred
clear the needs:area park	Classify the needs:area backlog	2026-09-09T19:32:23.0063824Z #4117  sparq-reason-el                          T2 bd-to-issues.derive_areas (title scope/crate token)
clear the needs:area park	Classify the needs:area backlog	2026-09-09T19:32:23.0064572Z        sparq-reason-el: Report::named_classes is a misnomer — it counts ALL concepts, not named classes
clear the needs:area park	Classify the needs:area backlog	2026-09-09T19:32:23.0065232Z #4118  sparq-reason-el                          T2 bd-to-issues.derive_areas (title scope/crate token)
clear the needs:area park	Classify the needs:area backlog	2026-09-09T19:32:23.0065969Z        sparq-reason-el: content-address normalization fresh names so the incremental index stops growing with edit history
clear the needs:area park	Classify the needs:area backlog	2026-09-09T19:32:23.0066717Z #4119  sparq-reason-el                          T2 bd-to-issues.derive_areas (title scope/crate token)
clear the needs:area park	Classify the needs:area backlog	2026-09-09T19:32:23.0067374Z        sparq-reason-el: lift the incremental fast-path exclusions for cdomain and RBox edits
clear the needs:area park	Classify the needs:area backlog	2026-09-09T19:32:23.0067958Z #4120  bench                                    T1 bench-generic: a benchmarking deliverable
clear the needs:area park	Classify the needs:area backlog	2026-09-09T19:32:23.0068518Z        sparq-reason-el: no canonical benchmark substantiates the E5 incremental speedup
clear the needs:area park	Classify the needs:area backlog	2026-09-09T19:32:23.0069107Z #4123  sparq-zk-compose                         T1 zk-compose: zk-compose circuit/verifier surface
clear the needs:area park	Classify the needs:area backlog	2026-09-09T19:32:23.0069684Z        Fully-hidden revocation (sq-kndw): only the (D=10, A=4) bucket is compiled
clear the needs:area park	Classify the needs:area backlog	2026-09-09T19:32:23.0070189Z #4126  ci                                       T1 ci: CI / orchestration infrastructure
clear the needs:area park	Classify the needs:area backlog	2026-09-09T19:32:23.0070772Z        sparq-metamorph: wire the sq-gum8.12 extension oracles into the nightly metamorph-driver window
clear the needs:area park	Classify the needs:area backlog	2026-09-09T19:32:23.0071560Z #4127  sparq-metamorph                          T2 bd-to-issues.derive_areas (title scope/crate token)
clear the needs:area park	Classify the needs:area backlog	2026-09-09T19:32:23.0072301Z        sparq-metamorph: generator support for projection lists, integer-valued aggregate expressions, and sort variables
clear the needs:area park	Classify the needs:area backlog	2026-09-09T19:32:23.0072984Z #4128  site-papers                              T1 site-papers: paper-factory artifact
clear the needs:area park	Classify the needs:area backlog	2026-09-09T19:32:23.0073656Z        site/papers/sparql-logic-bugs.typ: the oracle inventory and precondition list predate the sq-gum8.12 extensions
clear the needs:area park	Classify the needs:area backlog	2026-09-09T19:32:23.0074355Z #4129  sparq-mpc                                T2 bd-to-issues.derive_areas (title scope/crate token)
clear the needs:area park	Classify the needs:area backlog	2026-09-09T19:32:23.0075114Z        MPC §2.5: implement a genuinely distributed public coin (commit-then-challenge) for the batched MAC-check
clear the needs:area park	Classify the needs:area backlog	2026-09-09T19:32:23.0075786Z #4130  sparq-mpc                                T2 bd-to-issues.derive_areas (title scope/crate token)
clear the needs:area park	Classify the needs:area backlog	2026-09-09T19:32:23.0076602Z        MPC §2.5: Fiat–Shamir MAC-check challenge is grindable — bound is computational (~2^61), not information-theoretic
clear the needs:area park	Classify the needs:area backlog	2026-09-09T19:32:23.0077496Z #4131  sparq-mpc                                T2 bd-to-issues.derive_areas (title scope/crate token)
clear the needs:area park	Classify the needs:area backlog	2026-09-09T19:32:23.0078130Z        Pre-existing rustdoc broken intra-doc links in sparq-mpc under --document-private-items
clear the needs:area park	Classify the needs:area backlog	2026-09-09T19:32:23.0078773Z #4134  sparq-reason-el                          T2 bd-to-issues.derive_areas (title scope/crate token)
clear the needs:area park	Classify the needs:area backlog	2026-09-09T19:32:23.0079742Z        sparq-reason-el: the new `incremental` feature is outside the coverage-ratchet measurement set
clear the needs:area park	Classify the needs:area backlog	2026-09-09T19:32:23.0080804Z #4136  sparq-zk-compose                         T1 zk-compose: zk-compose circuit/verifier surface
clear the needs:area park	Classify the needs:area backlog	2026-09-09T19:32:23.0082108Z        Honesty drift: zk-query-proofs SKILL still calls EntailmentRegime::Rdfs/Owl "stable schema placeholders"
clear the needs:area park	Classify the needs:area backlog	2026-09-09T19:32:23.0083230Z #4138  sparq-policy                             T1 odrl: ODRL evaluation lives in crates/sparq-policy
clear the needs:area park	Classify the needs:area backlog	2026-09-09T19:32:23.0084065Z        [feature]: have syntax highlighting in ODRL tab of GUI
clear the needs:area park	Classify the needs:area backlog	2026-09-09T19:32:23.0084760Z #4141  ci                                       T1 ci: CI / orchestration infrastructure
clear the needs:area park	Classify the needs:area backlog	2026-09-09T19:32:23.0085730Z        site-visual: full-surface visual drift is invisible per-PR, so the nightly re-reds every few weeks
clear the needs:area park	Classify the needs:area backlog	2026-09-09T19:32:23.0086929Z #4142  ci                                       T1 ci: CI / orchestration infrastructure
clear the needs:area park	Classify the needs:area backlog	2026-09-09T19:32:23.0087856Z        test: workflow-wiring guards survive the if: seam, and one asserts the pre-#3773 advisory rule
clear the needs:area park	Classify the needs:area backlog	2026-09-09T19:32:23.0088908Z #4144  sparq-reason                             T2 bd-to-issues.derive_areas (title scope/crate token)
clear the needs:area park	Classify the needs:area backlog	2026-09-09T19:32:23.0089580Z        sparq-reason: randomized differential arm for the incremental reify bridge (both ReifyModes)
clear the needs:area park	Classify the needs:area backlog	2026-09-09T19:32:23.0090226Z #4148  sparq-zk-compose                         T1 zk-compose: zk-compose circuit/verifier surface
clear the needs:area park	Classify the needs:area backlog	2026-09-09T19:32:23.0091094Z        sq-rsd3v.6 follow-up: compile a sameas_k{K}_n{N}_u{U} bin package and measure the cost cliff with `bb gates`
clear the needs:area park	Classify the needs:area backlog	2026-09-09T19:32:23.0091911Z #4150  sparq-zk-compose                         T1 zk-compose: zk-compose circuit/verifier surface
clear the needs:area park	Classify the needs:area backlog	2026-09-09T19:32:23.0092783Z        sq-rsd3v.2 v2 phase unlanded: the OWL-RL-minus-sameAs rule subset is still absent from `EntailmentRule`
clear the needs:area park	Classify the needs:area backlog	2026-09-09T19:32:23.0093531Z #4153  sparq-mpc                                T2 bd-to-issues.derive_areas (title scope/crate token)
clear the needs:area park	Classify the needs:area backlog	2026-09-09T19:32:23.0094511Z        MPC: auth_mul ADOPTS a value tamper on its SECOND operand — the §2.5 "closes all four holes" claim is stronger than the code
clear the needs:area park	Classify the needs:area backlog	2026-09-09T19:32:23.0095435Z #4155  sparq-reason-el                          T2 bd-to-issues.derive_areas (title scope/crate token)
clear the needs:area park	Classify the needs:area backlog	2026-09-09T19:32:23.0096318Z        sparq-reason-el: CR4/CR5 membership arm scans EVERY role per derived membership (O(#roles x #memberships))
clear the needs:area park	Classify the needs:area backlog	2026-09-09T19:32:23.0096968Z #4156  docs                                     T1 docs: documentation-only change
clear the needs:area park	Classify the needs:area backlog	2026-09-09T19:32:23.0097888Z        docs: research/owl2-el-ql-reasoning-spike.md §5 EL-track E4 should cross-link the E4 measurement/design record
clear the needs:area park	Classify the needs:area backlog	2026-09-09T19:32:23.0098790Z #4158  sparq-engine                             T1 engine-topic: crates/sparq-engine planner/executor
clear the needs:area park	Classify the needs:area backlog	2026-09-09T19:32:23.0099461Z        engine: theta anti-join SIP-seed strategy breaks only the inner member loop on budget exhaustion
clear the needs:area park	Classify the needs:area backlog	2026-09-09T19:32:23.0100322Z #4160  sparq-engine                             T2 bd-to-issues.derive_areas (title scope/crate token)
clear the needs:area park	Classify the needs:area backlog	2026-09-09T19:32:23.0101410Z        LOAD does not freshen blank nodes from the loaded document (SPARQL 1.1 Update §3.1.5 / RDF merge)
clear the needs:area park	Classify the needs:area backlog	2026-09-09T19:32:23.0102172Z #4162  sparq-bench                              T2 bd-to-issues.derive_areas (title scope/crate token)
clear the needs:area park	Classify the needs:area backlog	2026-09-09T19:32:23.0102862Z        UPDATE differential: LOAD documents cannot yet carry RDF 1.2 triple terms
clear the needs:area park	Classify the needs:area backlog	2026-09-09T19:32:23.0103480Z #4165  bench                                    T1 bench-generic: a benchmarking deliverable
clear the needs:area park	Classify the needs:area backlog	2026-09-09T19:32:23.0104339Z        [feature]: ensure memory usage, disk usage and other resource usage is captured in benchmarking
clear the needs:area park	Classify the needs:area backlog	2026-09-09T19:32:23.0105178Z #4167  sparq-zk-compose                         T1 zk-compose: zk-compose circuit/verifier surface
clear the needs:area park	Classify the needs:area backlog	2026-09-09T19:32:23.0105969Z        zk-compose: two independent in-circuit RDFS entailment relations now coexist (entail.nr vs derivation.nr)
clear the needs:area park	Classify the needs:area backlog	2026-09-09T19:32:23.0106691Z #4168  bench                                    T1 bench-generic: a benchmarking deliverable
clear the needs:area park	Classify the needs:area backlog	2026-09-09T19:32:23.0107403Z        site: /benchmarks/zk drops the BOUNDED_DEPTH_EXISTENCE_ONLY catalog flag
clear the needs:area park	Classify the needs:area backlog	2026-09-09T19:32:23.0108009Z #4172  sparq-reason-dl                          T1 reason-dl: the DL (ALCH tableau / profile-dispatch) lane
clear the needs:area park	Classify the needs:area backlog	2026-09-09T19:32:23.0108665Z        [feature]: tableux reasoning
clear the needs:area park	Classify the needs:area backlog	2026-09-09T19:32:23.0109101Z #4173  docs                                     T2 bd-to-issues.derive_areas (title scope/crate token)
clear the needs:area park	Classify the needs:area backlog	2026-09-09T19:32:23.0109898Z        docs(inference): stale "complete subsumption lattice" comment in the EL Rust example
clear the needs:area park	Classify the needs:area backlog	2026-09-09T19:32:23.0110500Z #4174  bench                                    T1 bench-generic: a benchmarking deliverable
clear the needs:area park	Classify the needs:area backlog	2026-09-09T19:32:23.0111465Z        benchmarks-index visual baseline: the /benchmarks sidebar metric counts are still unmasked
clear the needs:area park	Classify the needs:area backlog	2026-09-09T19:32:23.0112390Z #4176  ci                                       T1 ci: CI / orchestration infrastructure
clear the needs:area park	Classify the needs:area backlog	2026-09-09T19:32:23.0113042Z        scripts/feature-matrix-tiers.py header claims "Stdlib only" but the fragment loader hard-requires PyYAML
clear the needs:area park	Classify the needs:area backlog	2026-09-09T19:32:23.0113926Z #4178  sparq-engine                             T1 engine-topic: crates/sparq-engine planner/executor
clear the needs:area park	Classify the needs:area backlog	2026-09-09T19:32:23.0114770Z        theta anti-join: un-ignore `parallel_hash_path_crosses_threshold` (it costs ~1.5s, not a budget risk)
clear the needs:area park	Classify the needs:area backlog	2026-09-09T19:32:23.0115385Z #4188  ci                                       T1 ci: CI / orchestration infrastructure
clear the needs:area park	Classify the needs:area backlog	2026-09-09T19:32:23.0116207Z        needs:user is still being minted on ordinary engineering — the front door will refill
clear the needs:area park	Classify the needs:area backlog	2026-09-09T19:32:23.0116823Z #4196  sparq-wac-oracle                         T0 author-declared crate_or_surface/crates field
clear the needs:area park	Classify the needs:area backlog	2026-09-09T19:32:23.0117706Z        feature-matrix: sparq-wac-oracle's opt-in `odrl-bridge` feature has no CI executor (sq-vya1 GUARD gap)
clear the needs:area park	Classify the needs:area backlog	2026-09-09T19:32:23.0118579Z #4205  site-specs                               T1 site-specs: authors/edits a Typst UPD under site/specs
clear the needs:area park	Classify the needs:area backlog	2026-09-09T19:32:23.0119537Z        research/paper-selection.md §3.1 claims an OPTIONAL/MINUS/EXISTS delta that site/specs/zksparql.typ §7.1 contradicts
clear the needs:area park	Classify the needs:area backlog	2026-09-09T19:32:23.0120467Z #4206  site-specs                               T1 site-specs: authors/edits a Typst UPD under site/specs
clear the needs:area park	Classify the needs:area backlog	2026-09-09T19:32:23.0121623Z        Wire bench/zk-compose/scripts/constraint_pack.py --check into the ZK CI lane
clear the needs:area park	Classify the needs:area backlog	2026-09-09T19:32:23.0122729Z #4208  sparq-vectors                            T1 vectors-spqv: the .spqv / fusion surface in crates/sparq-vectors
clear the needs:area park	Classify the needs:area backlog	2026-09-09T19:32:23.0123860Z        sparq-vectors: `.spqv` external-key mode (concept-hash-keyed federated embedding table) — Ask 1 of #1746
clear the needs:area park	Classify the needs:area backlog	2026-09-09T19:32:23.0124791Z #4209  sparq-canon                              T2 bd-to-issues.derive_areas (title scope/crate token)
clear the needs:area park	Classify the needs:area backlog	2026-09-09T19:32:23.0125699Z        scripts/coverage.sh: the sparq-canon comment claims it has "no `[features]` table" — it has four
clear the needs:area park	Classify the needs:area backlog	2026-09-09T19:32:23.0126480Z #4210  sparq-canon                              T2 bd-to-issues.derive_areas (title scope/crate token)
clear the needs:area park	Classify the needs:area backlog	2026-09-09T19:32:23.0127250Z        Wire the `urn:concept:` guard into an actual ingestion path (phase 4 of the verifier design record)
clear the needs:area park	Classify the needs:area backlog	2026-09-09T19:32:23.0128078Z #4213  sparq-core                               T2 bd-to-issues.derive_areas (title scope/crate token)
clear the needs:area park	Classify the needs:area backlog	2026-09-09T19:32:23.0128824Z        sparq-core: 3 broken rustdoc intra-doc links in compress.rs (surface only under --document-private-items)
clear the needs:area park	Classify the needs:area backlog	2026-09-09T19:32:23.0129597Z #4215  e2ee                                     T1 e2ee: the end-to-end-encryption program
clear the needs:area park	Classify the needs:area backlog	2026-09-09T19:32:23.0130626Z        sparq-e2ee-ng: commit signature does not bind operation-object CONTENT (E2EE-NG v0 gap for sq-qhy4)
clear the needs:area park	Classify the needs:area backlog	2026-09-09T19:32:23.0131610Z #4216  e2ee                                     T1 e2ee: the end-to-end-encryption program
clear the needs:area park	Classify the needs:area backlog	2026-09-09T19:32:23.0132327Z        sparq-e2ee-ng: OR-set tombstones and snapshot covered-closure grow without bound (needs a causal-stability rule)
clear the needs:area park	Classify the needs:area backlog	2026-09-09T19:32:23.0133233Z #4217  sparq-shacl                              T2 bd-to-issues.derive_areas (title scope/crate token)
clear the needs:area park	Classify the needs:area backlog	2026-09-09T19:32:23.0133890Z        SHACL-validate the vendored ZKP-SPARQL ontology and sparq extensions
clear the needs:area park	Classify the needs:area backlog	2026-09-09T19:32:23.0134540Z #4219  sparq-policy                             T1 odrl: ODRL evaluation lives in crates/sparq-policy
clear the needs:area park	Classify the needs:area backlog	2026-09-09T19:32:23.0135345Z        odrl-bridge: N3 materialisation path has no rule-level provenance (sq-luc02 residual)
clear the needs:area park	Classify the needs:area backlog	2026-09-09T19:32:23.0135991Z #4221  sparq-solid                              T2 bd-to-issues.derive_areas (title scope/crate token)
clear the needs:area park	Classify the needs:area backlog	2026-09-09T19:32:23.0136865Z        sparq-solid: `auth:bridgedFromRule` / `auth:bridgedFromPolicy` are not in a published auth vocabulary document
clear the needs:area park	Classify the needs:area backlog	2026-09-09T19:32:23.0137650Z #4223  e2ee                                     T1 e2ee: the end-to-end-encryption program
clear the needs:area park	Classify the needs:area backlog	2026-09-09T19:32:23.0138374Z        sparq-e2ee-ng-broker: the per-topic announcement log grows without bound
clear the needs:area park	Classify the needs:area backlog	2026-09-09T19:32:23.0139085Z #4224  e2ee                                     T1 e2ee: the end-to-end-encryption program
clear the needs:area park	Classify the needs:area backlog	2026-09-09T19:32:23.0139661Z        sparq-e2ee-ng-brokerd: allow pre-provisioning topic admin trust anchors from config
clear the needs:area park	Classify the needs:area backlog	2026-09-09T19:32:23.0140401Z #4225  ci                                       T1 ci: CI / orchestration infrastructure
clear the needs:area park	Classify the needs:area backlog	2026-09-09T19:32:23.0141509Z        check-feature-test-execution.py cannot see #[cfg(feature)]-gated unit tests in src/ — silent sq-vya1 gap
clear the needs:area park	Classify the needs:area backlog	2026-09-09T19:32:23.0142242Z #4228  site-specs                               T1 site-specs: authors/edits a Typst UPD under site/specs
clear the needs:area park	Classify the needs:area backlog	2026-09-09T19:32:23.0143144Z        E2EE Profile BR: analyze CRDT ReplicaId as a persistent pseudonym visible to future joiners (no-PFS consequence)
clear the needs:area park	Classify the needs:area backlog	2026-09-09T19:32:23.0144016Z #4229  sparq-conformance                        T2 bd-to-issues.derive_areas (title scope/crate token)
clear the needs:area park	Classify the needs:area backlog	2026-09-09T19:32:23.0144960Z        research survey §C3 is stale: JSON-LD expand/flatten are gated, but the doc still says they are not
clear the needs:area park	Classify the needs:area backlog	2026-09-09T19:32:23.0145637Z #4232  sparq-reason-wasm                        T1 eyereasoner-bundle: ships a browser bundle
clear the needs:area park	Classify the needs:area backlog	2026-09-09T19:32:23.0146429Z        eyereasoner-compat: inlined IIFE bundle with no <script src> fails with an opaque "Invalid URL"
clear the needs:area park	Classify the needs:area backlog	2026-09-09T19:32:23.0147160Z #4233  sparq-reason-wasm                        T1 eyereasoner-bundle: ships a browser bundle
clear the needs:area park	Classify the needs:area backlog	2026-09-09T19:32:23.0147861Z        eyereasoner-compat: no real-browser smoke test for the classic <script> IIFE bundle
clear the needs:area park	Classify the needs:area backlog	2026-09-09T19:32:23.0148611Z #4236  sparq-reason-diff                        T1 reason-diff: crates/sparq-reason-diff
clear the needs:area park	Classify the needs:area backlog	2026-09-09T19:32:23.0149341Z        reason-diff capture.py: mirror the W3C-vocab-subject corpus lint (it already fail-loud-checks bnodes, but not this)
clear the needs:area park	Classify the needs:area backlog	2026-09-09T19:32:23.0150195Z #4237  ci                                       T1 ci: CI / orchestration infrastructure
clear the needs:area park	Classify the needs:area backlog	2026-09-09T19:32:23.0150842Z        docs-quality: bench/geo/gsb.sh self-test runs without a companion shellcheck step
clear the needs:area park	Classify the needs:area backlog	2026-09-09T19:32:23.0151703Z #4239  sparq-engine                             T2 bd-to-issues.derive_areas (title scope/crate token)
clear the needs:area park	Classify the needs:area backlog	2026-09-09T19:32:23.0152611Z        sparq-engine: streaming scan appends the closing `]}}` after a budget abort (defence-in-depth for sq-7d3dj.26)
clear the needs:area park	Classify the needs:area backlog	2026-09-09T19:32:23.0153469Z #4243  sparq-kb                                 T2 bd-to-issues.derive_areas (title scope/crate token)
clear the needs:area park	Classify the needs:area backlog	2026-09-09T19:32:23.0154116Z        Pre-existing rustdoc broken-intra-doc-links in sparq-kb when the `close` feature is OFF
clear the needs:area park	Classify the needs:area backlog	2026-09-09T19:32:23.0155127Z #4248  sparq-core                               T2 bd-to-issues.derive_areas (title scope/crate token)
clear the needs:area park	Classify the needs:area backlog	2026-09-09T19:32:23.0155964Z        Per-permutation SPQCPRM1/SPQCPRM2 format selection (the only path that re-opens the V2 flip)
clear the needs:area park	Classify the needs:area backlog	2026-09-09T19:32:23.0156634Z #4249  sparq-core                               T2 bd-to-issues.derive_areas (title scope/crate token)
clear the needs:area park	Classify the needs:area backlog	2026-09-09T19:32:23.0157430Z        `v2_measure_bytes_per_triple` measures only the shape SPQCPRM2 was designed to win on
clear the needs:area park	Classify the needs:area backlog	2026-09-09T19:32:23.0158177Z #4251  site-specs                               T1 site-specs: authors/edits a Typst UPD under site/specs
clear the needs:area park	Classify the needs:area backlog	2026-09-09T19:32:23.0158936Z        build-specs.mjs honesty scan is fail-open for untracked spec sources (privacy-claims gate is git-ls-files scoped)
clear the needs:area park	Classify the needs:area backlog	2026-09-09T19:32:23.0159817Z #4254  sparq-zk-compose                         T1 zk-compose: zk-compose circuit/verifier surface
clear the needs:area park	Classify the needs:area backlog	2026-09-09T19:32:23.0161158Z        zk gate-count baseline for filter_value_dl_datetime was derived from ACIR identity, not run through `bb gates` — confirm on the zk-toolchain lane
clear the needs:area park	Classify the needs:area backlog	2026-09-09T19:32:23.0162191Z #4256  sparq-fedplan-mpc                        T2 bd-to-issues.derive_areas (title scope/crate token)
clear the needs:area park	Classify the needs:area backlog	2026-09-09T19:32:23.0162922Z        sparq-fedplan-mpc: Phase-4 leakage envelope does not account for quotient-summary publication
clear the needs:area park	Classify the needs:area backlog	2026-09-09T19:32:23.0163710Z #4257  sparq-fedplan-mpc                        T2 bd-to-issues.derive_areas (title scope/crate token)
clear the needs:area park	Classify the needs:area backlog	2026-09-09T19:32:23.0164736Z        sparq-fedplan-mpc: wire Phase-6 `live_combinations` into an actual join-planner / routing feed
clear the needs:area park	Classify the needs:area backlog	2026-09-09T19:32:23.0165479Z #4258  sparq-fedplan-mpc                        T2 bd-to-issues.derive_areas (title scope/crate token)
clear the needs:area park	Classify the needs:area backlog	2026-09-09T19:32:23.0166374Z        sparq-fedplan-mpc: a second quotient function would need an explicit kind tag + disagreement guard on `SourceQuotientSummary`
clear the needs:area park	Classify the needs:area backlog	2026-09-09T19:32:23.0167257Z #4260  e2ee                                     T1 e2ee: the end-to-end-encryption program
clear the needs:area park	Classify the needs:area backlog	2026-09-09T19:32:23.0168078Z        sparq-e2ee-ng: `Commit::decode` accepts a non-canonical parent list, so one commit can have two CommitIds
clear the needs:area park	Classify the needs:area backlog	2026-09-09T19:32:23.0168724Z #4261  e2ee                                     T1 e2ee: the end-to-end-encryption program
clear the needs:area park	Classify the needs:area backlog	2026-09-09T19:32:23.0169545Z        sparq-e2ee-ng: a commit-carried snapshot is bound-checked but never verified against the commit's causal closure
clear the needs:area park	Classify the needs:area backlog	2026-09-09T19:32:23.0170393Z #4264  sparq-conformance                        T2 bd-to-issues.derive_areas (title scope/crate token)
clear the needs:area park	Classify the needs:area backlog	2026-09-09T19:32:23.0171270Z        json_ld_equal treats @json literal payload arrays as unordered sets (sparq-conformance + tests/flatten.rs)
clear the needs:area park	Classify the needs:area backlog	2026-09-09T19:32:23.0172088Z #4266  site-papers                              T1 site-papers: paper-factory artifact
clear the needs:area park	Classify the needs:area backlog	2026-09-09T19:32:23.0172731Z        papers/filtered-ann: paper is full-paper length but the registry targets EDBT short/demo
clear the needs:area park	Classify the needs:area backlog	2026-09-09T19:32:23.0173450Z #4267  site-papers                              T1 site-papers: paper-factory artifact
clear the needs:area park	Classify the needs:area backlog	2026-09-09T19:32:23.0174300Z        papers/filtered-ann: tab-recall fixture setup facts are typed inline instead of injected from the evidence ledger
clear the needs:area park	Classify the needs:area backlog	2026-09-09T19:32:23.0175028Z #4270  sparq-policy                             T1 odrl: ODRL evaluation lives in crates/sparq-policy
clear the needs:area park	Classify the needs:area backlog	2026-09-09T19:32:23.0176006Z        sparq-solid `odrl-bridge` tests appear to never run in CI — the ODRL-as-N3 fail-open differential is unguarded
clear the needs:area park	Classify the needs:area backlog	2026-09-09T19:32:23.0176878Z #4272  sparq-parse                              T2 bd-to-issues.derive_areas (title scope/crate token)
clear the needs:area park	Classify the needs:area backlog	2026-09-09T19:32:23.0177818Z        sparq-parse README claims browsers decode the multi-member gzip stream — the D4 measurement found the opposite
clear the needs:area park	Classify the needs:area backlog	2026-09-09T19:32:23.0178492Z #4275  zk-xpath                                 T1 zk-xpath: zk/xpath (noir_XPath) sources
clear the needs:area park	Classify the needs:area backlog	2026-09-09T19:32:23.0179306Z        sparq-engine: SUBSTR shifts the fn:substring window when start < 1 (spec says it consumes the length budget)
clear the needs:area park	Classify the needs:area backlog	2026-09-09T19:32:23.0179951Z #4276  zk-xpath                                 T1 zk-xpath: zk/xpath (noir_XPath) sources
clear the needs:area park	Classify the needs:area backlog	2026-09-09T19:32:23.0181070Z        sparq-engine: ROUND() loses the sign of a negative-zero result (fn:round(-0.5) must be -0.0E0)
clear the needs:area park	Classify the needs:area backlog	2026-09-09T19:32:23.0181862Z #4277  bench                                    T1 bench-generic: a benchmarking deliverable
clear the needs:area park	Classify the needs:area backlog	2026-09-09T19:32:23.0182489Z        Benchmark SPQCPRM2 decode overhead (dispatch + per-block frame origin), not just encoded size
clear the needs:area park	Classify the needs:area backlog	2026-09-09T19:32:23.0183280Z #4278  e2ee                                     T1 e2ee: the end-to-end-encryption program
clear the needs:area park	Classify the needs:area backlog	2026-09-09T19:32:23.0184108Z        e2ee-ng design record still says "no implementation" (research/e2ee-nextgraph-variant-gpt56-2026-07.md)
clear the needs:area park	Classify the needs:area backlog	2026-09-09T19:32:23.0184814Z #4279  e2ee                                     T1 e2ee: the end-to-end-encryption program
clear the needs:area park	Classify the needs:area backlog	2026-09-09T19:32:23.0185715Z        Threat-model handoff: commit re-seal equivocation + quarantine capacity are new inputs for the pending e2ee-ng privacy record
clear the needs:area park	Classify the needs:area backlog	2026-09-09T19:32:23.0186590Z #4280  sparq-fedplan-mpc                        T2 bd-to-issues.derive_areas (title scope/crate token)
clear the needs:area park	Classify the needs:area backlog	2026-09-09T19:32:23.0187318Z        sparq-fedplan-mpc README exceeds the 120-line readme-template cap (150 lines)
clear the needs:area park	Classify the needs:area backlog	2026-09-09T19:32:23.0187928Z #4281  site-specs                               T1 site-specs: authors/edits a Typst UPD under site/specs
clear the needs:area park	Classify the needs:area backlog	2026-09-09T19:32:23.0188684Z        Spec factory: hyphen-at-end-of-line renders a spurious space in Typst output
clear the needs:area park	Classify the needs:area backlog	2026-09-09T19:32:23.0189472Z #4285  sparq-geo                                T2 bd-to-issues.derive_areas (title scope/crate token)
clear the needs:area park	Classify the needs:area backlog	2026-09-09T19:32:23.0190173Z        sparq-geo: proj4rs Krovak projection is not enabled, so every registry Krovak CRS fails with a Parse error
clear the needs:area park	Classify the needs:area backlog	2026-09-09T19:32:23.0190875Z #4286  sparq-vectors                            T2 bd-to-issues.derive_areas (title scope/crate token)
clear the needs:area park	Classify the needs:area backlog	2026-09-09T19:32:23.0191763Z        filtered-ANN: add end-to-end tests that force BOTH physical plans per constraint shape
clear the needs:area park	Classify the needs:area backlog	2026-09-09T19:32:23.0192355Z #4287  site-papers                              T1 site-papers: paper-factory artifact
clear the needs:area park	Classify the needs:area backlog	2026-09-09T19:32:23.0193188Z        paper-evidence.json: `filtered_ann.prefilter_equals_postfilter` note still says "byte-identical"
clear the needs:area park	Classify the needs:area backlog	2026-09-09T19:32:23.0193894Z #4288  sparq-core                               T2 bd-to-issues.derive_areas (title scope/crate token)
clear the needs:area park	Classify the needs:area backlog	2026-09-09T19:32:23.0194606Z        sparq-core: `sharded_remap` is unused (and needlessly `mut`) in the `mmap`-without-`parallel` feature state
clear the needs:area park	Classify the needs:area backlog	2026-09-09T19:32:23.0195290Z #4289  sparq-parse                              T2 bd-to-issues.derive_areas (title scope/crate token)
clear the needs:area park	Classify the needs:area backlog	2026-09-09T19:32:23.0196008Z        sparq-parse: add a genuinely implementation-independent gzip interop check for the zlib-rs/zlib-ng backends
clear the needs:area park	Classify the needs:area backlog	2026-09-09T19:32:23.0196713Z #4291  sparq-shacl                              T2 bd-to-issues.derive_areas (title scope/crate token)
clear the needs:area park	Classify the needs:area backlog	2026-09-09T19:32:23.0197318Z        sparq-shacl: `check_pre_binding` does not descend into `GraphPattern::Lateral`
clear the needs:area park	Classify the needs:area backlog	2026-09-09T19:32:23.0197913Z #4293  sparq-shacl                              T2 bd-to-issues.derive_areas (title scope/crate token)
clear the needs:area park	Classify the needs:area backlog	2026-09-09T19:32:23.0198578Z        sparq-shacl: consider genuinely supporting `$shapesGraph` via a dataset-backed evaluation seam
clear the needs:area park	Classify the needs:area backlog	2026-09-09T19:32:23.0199230Z #4295  sparq-algos                              T2 bd-to-issues.derive_areas (title scope/crate token)
clear the needs:area park	Classify the needs:area backlog	2026-09-09T19:32:23.0199791Z        sparq-algos: expose a public BFS (Graphalytics BFS feature gap)
clear the needs:area park	Classify the needs:area backlog	2026-09-09T19:32:23.0200519Z #4296  sparq-algos                              T2 bd-to-issues.derive_areas (title scope/crate token)
clear the needs:area park	Classify the needs:area backlog	2026-09-09T19:32:23.0201512Z        sparq-algos: implement local clustering coefficient (Graphalytics LCC feature gap)
clear the needs:area park	Classify the needs:area backlog	2026-09-09T19:32:23.0202152Z #4297  sparq-algos                              T2 bd-to-issues.derive_areas (title scope/crate token)
clear the needs:area park	Classify the needs:area backlog	2026-09-09T19:32:23.0202766Z        sparq-algos: weighted-graph projection + SSSP (Graphalytics SSSP feature gap)
clear the needs:area park	Classify the needs:area backlog	2026-09-09T19:32:23.0203364Z #4298  sparq-algos                              T2 bd-to-issues.derive_areas (title scope/crate token)
clear the needs:area park	Classify the needs:area backlog	2026-09-09T19:32:23.0204227Z        sparq-algos: decide whether label_propagation should offer a synchronous (Graphalytics CDLP-conformant) mode
clear the needs:area park	Classify the needs:area backlog	2026-09-09T19:32:23.0204895Z #4299  zk-xpath                                 T1 zk-xpath: zk/xpath (noir_XPath) sources
clear the needs:area park	Classify the needs:area backlog	2026-09-09T19:32:23.0205469Z        xpath differential: --inject-fault only proves ONE section is wired to the circuit
clear the needs:area park	Classify the needs:area backlog	2026-09-09T19:32:23.0206090Z #4301  sparq-engine                             T2 bd-to-issues.derive_areas (title scope/crate token)
clear the needs:area park	Classify the needs:area backlog	2026-09-09T19:32:23.0206742Z        sq-7d3dj.11 follow-up: run the W3C SPARQL conformance suite with `sparq-engine/expr-program` ON
clear the needs:area park	Classify the needs:area backlog	2026-09-09T19:32:23.0207323Z #4304  ci                                       T1 ci: CI / orchestration infrastructure
clear the needs:area park	Classify the needs:area backlog	2026-09-09T19:32:23.0208271Z        CI: `test (load-aware shard heavy-hnsw)` red on a PR that cannot affect sparq-vectors — investigate runner-level cause (likely disk pressure from `--e
clear the needs:area park	Classify the needs:area backlog	2026-09-09T19:32:23.0209123Z #4305  sparq-crdt                               T2 bd-to-issues.derive_areas (title scope/crate token)
clear the needs:area park	Classify the needs:area backlog	2026-09-09T19:32:23.0209773Z        perf(sparq-crdt): index dot → quad instead of scanning the store on every apply
clear the needs:area park	Classify the needs:area backlog	2026-09-09T19:32:23.0210391Z #4306  sparq-fedplan-mpc                        T2 bd-to-issues.derive_areas (title scope/crate token)
clear the needs:area park	Classify the needs:area backlog	2026-09-09T19:32:23.0211298Z        crates/sparq-fedplan-mpc/README.md is 33 lines over the 120-line readme-template cap
clear the needs:area park	Classify the needs:area backlog	2026-09-09T19:32:23.0211967Z #4307  sparq-zk-compose                         T1 zk-compose: zk-compose circuit/verifier surface
clear the needs:area park	Classify the needs:area backlog	2026-09-09T19:32:23.0212704Z        bench/zk-compose: sparql_feature_catalog.json + bb_gates_matrix.json have no reproducibility gate (constraint_counts does)
clear the needs:area park	Classify the needs:area backlog	2026-09-09T19:32:23.0213494Z #4309  sparq-shacl                              T2 bd-to-issues.derive_areas (title scope/crate token)
clear the needs:area park	Classify the needs:area backlog	2026-09-09T19:32:23.0214379Z        SHACL §6: decide + implement what "recursive/derived parameters" means (second half of sq-ou3)
clear the needs:area park	Classify the needs:area backlog	2026-09-09T19:32:23.0215024Z #4311  knowledge-graph                          T1 pkg: the project-knowledge-graph surface
clear the needs:area park	Classify the needs:area backlog	2026-09-09T19:32:23.0215619Z        query-pkg SKILL.md: add the `batch-quality` canned query to the GROUND template table
clear the needs:area park	Classify the needs:area backlog	2026-09-09T19:32:23.0216240Z #4315  sparq-server                             T2 bd-to-issues.derive_areas (title scope/crate token)
clear the needs:area park	Classify the needs:area backlog	2026-09-09T19:32:23.0216823Z        Graph Store Protocol read path still buffers the whole rendered document
clear the needs:area park	Classify the needs:area backlog	2026-09-09T19:32:23.0217346Z #4319  e2ee                                     T1 e2ee: the end-to-end-encryption program
clear the needs:area park	Classify the needs:area backlog	2026-09-09T19:32:23.0217887Z        Coverage: sparq-e2ee-ng has no per-crate floor in bench/coverage-floor.json
clear the needs:area park	Classify the needs:area backlog	2026-09-09T19:32:23.0218482Z #4320  site-specs                               T1 site-specs: authors/edits a Typst UPD under site/specs
clear the needs:area park	Classify the needs:area backlog	2026-09-09T19:32:23.0219339Z        E2EE Profile SE: the remainder of the profile (predicate key distribution, encrypt-on-write authoring, client-side answer decryption + residual filter
clear the needs:area park	Classify the needs:area backlog	2026-09-09T19:32:23.0220198Z #4321  site-specs                               T1 site-specs: authors/edits a Typst UPD under site/specs
clear the needs:area park	Classify the needs:area backlog	2026-09-09T19:32:23.0221096Z        E2EE-SPARQL draft: replace the placeholder urn:jeswr:w3id:e2ee-sparql IRIs with a dereferenceable namespace before publication
clear the needs:area park	Classify the needs:area backlog	2026-09-09T19:32:23.0221802Z #4322  ci                                       T1 ci: CI / orchestration infrastructure
clear the needs:area park	Classify the needs:area backlog	2026-09-09T19:32:23.0222848Z        CI flake-triage: `test (load-aware shard heavy-hnsw)` red on PR #4235 is unattributable to the PR — read the shard log and re-assess sq-c76x's mitigat
clear the needs:area park	Classify the needs:area backlog	2026-09-09T19:32:23.0223610Z #4325  ci                                       T1 ci: CI / orchestration infrastructure
clear the needs:area park	Classify the needs:area backlog	2026-09-09T19:32:23.0224185Z        Worker fleet runs in a 20/40-concurrency personal account while sparq-org has Enterprise 500
clear the needs:area park	Classify the needs:area backlog	2026-09-09T19:32:23.0224754Z #4327  ci                                       T1 ci: CI / orchestration infrastructure
clear the needs:area park	Classify the needs:area backlog	2026-09-09T19:32:23.0225544Z        dorny/paths-filter is an unretried single point of transient gate failure (GitHub diff API 'not_available')
clear the needs:area park	Classify the needs:area backlog	2026-09-09T19:32:23.0226191Z #4328  ci                                       T1 ci: CI / orchestration infrastructure
clear the needs:area park	Classify the needs:area backlog	2026-09-09T19:32:23.0226934Z        research/ci-ec2-design.md OIDC trust policy still says jeswr/sparq — audit the live IAM role against sparq-org/sparq
clear the needs:area park	Classify the needs:area backlog	2026-09-09T19:32:23.0227601Z #4329  ci                                       T1 ci: CI / orchestration infrastructure
clear the needs:area park	Classify the needs:area backlog	2026-09-09T19:32:23.0228453Z        audit: triage machinery — dependency edges unread, epic decomposition absent, dedup detects but never closes (maintainer observation 2026-07-26)
clear the needs:area park	Classify the needs:area backlog	2026-09-09T19:32:23.0229281Z #4330  sparq-server                             T2 bd-to-issues.derive_areas (title scope/crate token)
clear the needs:area park	Classify the needs:area backlog	2026-09-09T19:32:23.0229947Z        Pre-CI crate-scoped gate did not catch a `-D warnings` clippy error in the PR's own crate (PR #4238)
clear the needs:area park	Classify the needs:area backlog	2026-09-09T19:32:23.0230604Z #4333  workspace                                T1 fmt: a workspace-wide mechanical/hygiene change
clear the needs:area park	Classify the needs:area backlog	2026-09-09T19:32:23.0231455Z        Land the one-time `cargo fmt --all` reformat and flip rustfmt to a hard gate
clear the needs:area park	Classify the needs:area backlog	2026-09-09T19:32:23.0232043Z #4337  sparq-crdt                               T2 bd-to-issues.derive_areas (title scope/crate token)
clear the needs:area park	Classify the needs:area backlog	2026-09-09T19:32:23.0232757Z        sparq-crdt: snapshot reads still slurp the whole file (read_snapshot_file / Snapshot::decode)
clear the needs:area park	Classify the needs:area backlog	2026-09-09T19:32:23.0233539Z #4339  bench                                    T1 bench: the bench/ harness + competitor gather
clear the needs:area park	Classify the needs:area backlog	2026-09-09T19:32:23.0234187Z        fo-km: grow the FO-exercising corpus from 16 to >=30 tasks to clear the pre-registered KILL-A power floor
clear the needs:area park	Classify the needs:area backlog	2026-09-09T19:32:23.0234814Z #4341  bench                                    T1 bench: the bench/ harness + competitor gather
clear the needs:area park	Classify the needs:area backlog	2026-09-09T19:32:23.0235387Z        CI: no gate detects a stale bench/fo-km fixture, so gold-answer rot recurs silently
clear the needs:area park	Classify the needs:area backlog	2026-09-09T19:32:23.0235986Z #4344  sparq-engine                             T2 bd-to-issues.derive_areas (title scope/crate token)
clear the needs:area park	Classify the needs:area backlog	2026-09-09T19:32:23.0236850Z        perf/soundness: sibling result-serialisation paths (CSV/TSV/XML, CONSTRUCT/DESCRIBE, QueryResult term materialisation) still lack a post-serialization
clear the needs:area park	Classify the needs:area backlog	2026-09-09T19:32:23.0237694Z #4345  sparq-geo                                T2 bd-to-issues.derive_areas (title scope/crate token)
clear the needs:area park	Classify the needs:area backlog	2026-09-09T19:32:23.0238640Z        sparq-geo epsg_full: registry half of the axis-order policy is now satisfied for 1241 northing-first codes — worked examples remain before any swap
clear the needs:area park	Classify the needs:area backlog	2026-09-09T19:32:23.0239461Z #4346  sparq-geo                                T2 bd-to-issues.derive_areas (title scope/crate token)
clear the needs:area park	Classify the needs:area backlog	2026-09-09T19:32:23.0240313Z        sparq-geo epsg_full: 185 registry entries the axis gate accepts have no record in EPSG v11.022
clear the needs:area park	Classify the needs:area backlog	2026-09-09T19:32:23.0241081Z #4348  release                                  T2 bd-to-issues.derive_areas (title scope/crate token)
clear the needs:area park	Classify the needs:area backlog	2026-09-09T19:32:23.0241740Z        release cadence: decide whether pre-release tags (v0.1.0-dev) should count toward the 24h interval
clear the needs:area park	Classify the needs:area backlog	2026-09-09T19:32:23.0242413Z #4351  sparq-engine                             T2 bd-to-issues.derive_areas (title scope/crate token)
clear the needs:area park	Classify the needs:area backlog	2026-09-09T19:32:23.0242980Z        perf(engine): bind_join can now declare sorted_by on the join variable
clear the needs:area park	Classify the needs:area backlog	2026-09-09T19:32:23.0243539Z #4352  sparq-bench                              T2 bd-to-issues.derive_areas (title scope/crate token)
clear the needs:area park	Classify the needs:area backlog	2026-09-09T19:32:23.0244173Z        bench: targeted high-NDV bind-join criterion microbench (sq-7d3dj.7 measurement plan)
clear the needs:area park	Classify the needs:area backlog	2026-09-09T19:32:23.0244789Z #4353  sparq-engine                             T2 bd-to-issues.derive_areas (title scope/crate token)
clear the needs:area park	Classify the needs:area backlog	2026-09-09T19:32:23.0245363Z        perf(engine): batched bound scans across a run of bind_join join values
clear the needs:area park	Classify the needs:area backlog	2026-09-09T19:32:23.0245891Z #4356  site-papers                              T1 site-papers: paper-factory artifact
clear the needs:area park	Classify the needs:area backlog	2026-09-09T19:32:23.0246577Z        Paper factory F5 (sq-gum8.17): first consuming paper for the canonical-timing class + correct the /papers index copy
clear the needs:area park	Classify the needs:area backlog	2026-09-09T19:32:23.0247401Z #4357  site-papers                              T1 site-papers: paper-factory artifact
clear the needs:area park	Classify the needs:area backlog	2026-09-09T19:32:23.0248151Z        Paper factory: no table-friendly accessor for measured timings (headline_timing's inline provenance tag is noisy in a results table)
clear the needs:area park	Classify the needs:area backlog	2026-09-09T19:32:23.0248915Z #4358  site-papers                              T1 site-papers: paper-factory artifact
clear the needs:area park	Classify the needs:area backlog	2026-09-09T19:32:23.0249584Z        Paper factory: extend the canonical-timing derivation to the HTTP, materialization and HDT envelope families
clear the needs:area park	Classify the needs:area backlog	2026-09-09T19:32:23.0250304Z #4362  sparq-reason-el                          T2 bd-to-issues.derive_areas (title scope/crate token)
clear the needs:area park	Classify the needs:area backlog	2026-09-09T19:32:23.0251062Z        sparq-reason-el: NPA data clash should also match the sq-vkq9u rescued point existentials
clear the needs:area park	Classify the needs:area backlog	2026-09-09T19:32:23.0251713Z #4363  sparq-reason-el                          T2 bd-to-issues.derive_areas (title scope/crate token)
clear the needs:area park	Classify the needs:area backlog	2026-09-09T19:32:23.0252383Z        sparq-reason-el: owl:hasKey DATA keys could match on numeric VALUE via the sq-vkq9u point concepts
clear the needs:area park	Classify the needs:area backlog	2026-09-09T19:32:23.0253042Z #4364  sparq-reason-el                          T2 bd-to-issues.derive_areas (title scope/crate token)
clear the needs:area park	Classify the needs:area backlog	2026-09-09T19:32:23.0253741Z        sparq-reason-el: Report::named_classes over-counts (it is the raw concept-index size, not named classes)
clear the needs:area park	Classify the needs:area backlog	2026-09-09T19:32:23.0254551Z #4367  sparq-zk-compose                         T1 zk-compose: zk-compose circuit/verifier surface
clear the needs:area park	Classify the needs:area backlog	2026-09-09T19:32:23.0255268Z        sq-cuvmj follow-up: support genuine multi-credential presentations (per-credential revocation references)
clear the needs:area park	Classify the needs:area backlog	2026-09-09T19:32:23.0255960Z #4370  sparq-core                               T2 bd-to-issues.derive_areas (title scope/crate token)
clear the needs:area park	Classify the needs:area backlog	2026-09-09T19:32:23.0256677Z        sq-96hp1 follow-up: run the Elias-Fano A/B on the canonical host, native AND wasm32, and record the adoption verdict
clear the needs:area park	Classify the needs:area backlog	2026-09-09T19:32:23.0257386Z #4372  sparq-core                               T2 bd-to-issues.derive_areas (title scope/crate token)
clear the needs:area park	Classify the needs:area backlog	2026-09-09T19:32:23.0258147Z        sq-96hp1 follow-up: give PartitionedEliasFano a contiguous bit-stream layout instead of one EliasFano struct per partition
clear the needs:area park	Classify the needs:area backlog	2026-09-09T19:32:23.0258845Z #4374  ci                                       T1 ci: CI / orchestration infrastructure
clear the needs:area park	Classify the needs:area backlog	2026-09-09T19:32:23.0259419Z        audit-issue-deps.py cannot be wired to a cron yet: the script is not on main (#4329 item 7)
clear the needs:area park	Classify the needs:area backlog	2026-09-09T19:32:23.0260064Z #4376  site-specs                               T1 site-specs: authors/edits a Typst UPD under site/specs
clear the needs:area park	Classify the needs:area backlog	2026-09-09T19:32:23.0260779Z        sparq-vectors: index entries have no source-resource attribution (blocks any Solid vector-search integration)
clear the needs:area park	Classify the needs:area backlog	2026-09-09T19:32:23.0261669Z #4377  sparq-vectors                            T2 bd-to-issues.derive_areas (title scope/crate token)
clear the needs:area park	Classify the needs:area backlog	2026-09-09T19:32:23.0262350Z        sparq-vectors: boundary tie-break key is term-only, not injective once entries carry a source resource
clear the needs:area park	Classify the needs:area backlog	2026-09-09T19:32:23.0263028Z #4379  site-specs                               T1 site-specs: authors/edits a Typst UPD under site/specs
clear the needs:area park	Classify the needs:area backlog	2026-09-09T19:32:23.0263716Z        site: no typst binary available in the worker checkout, so spec .typ sources cannot be build-verified locally
clear the needs:area park	Classify the needs:area backlog	2026-09-09T19:32:23.0264369Z #4380  sparq-acbench                            T1 acbench: crates/sparq-acbench
clear the needs:area park	Classify the needs:area backlog	2026-09-09T19:32:23.0265278Z        sparq-acbench: compile_wac collapses co-located intents onto one acl:Authorization, unioning modes and audiences
clear the needs:area park	Classify the needs:area backlog	2026-09-09T19:32:23.0266381Z #4381  sparq-acbench                            T1 acbench: crates/sparq-acbench
clear the needs:area park	Classify the needs:area backlog	2026-09-09T19:32:23.0267269Z        sparq-acbench: generators should EXPORT their group closure so the ODRL live lane can supply odrl:partOf evidence
clear the needs:area park	Classify the needs:area backlog	2026-09-09T19:32:23.0268072Z #4382  bench                                    T2 bd-to-issues.derive_areas (title scope/crate token)
clear the needs:area park	Classify the needs:area backlog	2026-09-09T19:32:23.0268745Z        bench/ac/live: W2/W4 probe always queries Mode::Read regardless of the expected decision's requested mode
clear the needs:area park	Classify the needs:area backlog	2026-09-09T19:32:23.0269559Z #4383  sparq-acbench                            T1 acbench: crates/sparq-acbench
clear the needs:area park	Classify the needs:area backlog	2026-09-09T19:32:23.0270191Z        sparq-acbench: export BENCH_EVAL_INSTANT / BENCH_GRANTED_PURPOSE (now duplicated in three places)
clear the needs:area park	Classify the needs:area backlog	2026-09-09T19:32:23.0270830Z #4384  bench                                    T2 bd-to-issues.derive_areas (title scope/crate token)
clear the needs:area park	Classify the needs:area backlog	2026-09-09T19:32:23.0271673Z        bench/ac/live: ACP under-share and ACP group-oracle FP advisories are still open (the ACP half of sq-kvvcl.2)
clear the needs:area park	Classify the needs:area backlog	2026-09-09T19:32:23.0272361Z #4389  knowledge-graph                          T1 pkg: the project-knowledge-graph surface
clear the needs:area park	Classify the needs:area backlog	2026-09-09T19:32:23.0272987Z        bench/fo-km: validate_tasks.py should read pkg-query --json, not parse the pretty table
clear the needs:area park	Classify the needs:area backlog	2026-09-09T19:32:23.0273588Z #4390  bench                                    T1 bench: the bench/ harness + competitor gather
clear the needs:area park	Classify the needs:area backlog	2026-09-09T19:32:23.0274243Z        bench/fo-km: `gold_count` means two different things across tasks, and nothing checks it against `gold_keys`
clear the needs:area park	Classify the needs:area backlog	2026-09-09T19:32:23.0274935Z #4393  sparq-core                               T2 bd-to-issues.derive_areas (title scope/crate token)
clear the needs:area park	Classify the needs:area backlog	2026-09-09T19:32:23.0275508Z        elias-fano: wasm32 half of the EF vs varint-block A/B is unmeasured
clear the needs:area park	Classify the needs:area backlog	2026-09-09T19:32:23.0276005Z #4394  ci                                       T1 ci: CI / orchestration infrastructure
clear the needs:area park	Classify the needs:area backlog	2026-09-09T19:32:23.0276661Z        docs-quality: add a first-class "every workflow YAML parses" gate
clear the needs:area park	Classify the needs:area backlog	2026-09-09T19:32:23.0277167Z #4395  zk-xpath                                 T1 zk-xpath: zk/xpath (noir_XPath) sources
clear the needs:area park	Classify the needs:area backlog	2026-09-09T19:32:23.0277724Z        zk/xpath/scripts/run_differential_harness.sh is not shellchecked by any lane
clear the needs:area park	Classify the needs:area backlog	2026-09-09T19:32:23.0278278Z #4396  site-papers                              T1 site-papers: paper-factory artifact
clear the needs:area park	Classify the needs:area backlog	2026-09-09T19:32:23.0278862Z        paper factory: constrain a canonical envelope's `suite` to a safe single path segment
clear the needs:area park	Classify the needs:area backlog	2026-09-09T19:32:23.0279456Z #4397  site-papers                              T1 site-papers: paper-factory artifact
clear the needs:area park	Classify the needs:area backlog	2026-09-09T19:32:23.0280074Z        paper factory: extend the measured-timing source gate to non-paper Typst surfaces if any appear
clear the needs:area park	Classify the needs:area backlog	2026-09-09T19:32:23.0280721Z #4402  bench                                    T1 bench: the bench/ harness + competitor gather
clear the needs:area park	Classify the needs:area backlog	2026-09-09T19:32:23.0281409Z        FO-KM: th03's dict-of-lists gold_keys entity values are still unchecked
clear the needs:area park	Classify the needs:area backlog	2026-09-09T19:32:23.0281966Z #4403  site-papers                              T1 site-papers: paper-factory artifact
clear the needs:area park	Classify the needs:area backlog	2026-09-09T19:32:23.0282538Z        paper factory: make the measured-timing publication boundary structural, not lexical
clear the needs:area park	Classify the needs:area backlog	2026-09-09T19:32:23.0283146Z #4404  sparq-core                               T0 author-declared crate_or_surface/crates field
clear the needs:area park	Classify the needs:area backlog	2026-09-09T19:32:23.0283902Z        sparq-core `elias-fano` opt-in feature has no feature-matrix leg — its tests never execute in CI
clear the needs:area park	Classify the needs:area backlog	2026-09-09T19:32:23.0284561Z #4407  workspace                                T1 fmt: a workspace-wide mechanical/hygiene change
clear the needs:area park	Classify the needs:area backlog	2026-09-09T19:32:23.0285260Z        sparq-verify-mechanical: mutation spot-check must delete the .proptest-regressions seed it creates
clear the needs:area park	Classify the needs:area backlog	2026-09-09T19:32:23.0285934Z #4408  workspace                                T1 fmt: a workspace-wide mechanical/hygiene change
clear the needs:area park	Classify the needs:area backlog	2026-09-09T19:32:23.0286486Z        Optional mechanical gate: flag orphaned .proptest-regressions files
clear the needs:area park	Classify the needs:area backlog	2026-09-09T19:32:23.0287012Z #4413  sparq-acbench                            T1 acbench: crates/sparq-acbench
clear the needs:area park	Classify the needs:area backlog	2026-09-09T19:32:23.0287570Z        acbench: GenParams::acl_coverage is a documented knob that no generator consumes
clear the needs:area park	Classify the needs:area backlog	2026-09-09T19:32:23.0288124Z #4414  sparq-acbench                            T1 acbench: crates/sparq-acbench
clear the needs:area park	Classify the needs:area backlog	2026-09-09T19:32:23.0288798Z        acbench intent IR cannot express "this container AND its contents", so container-URI requests diverge from the engine
clear the needs:area park	Classify the needs:area backlog	2026-09-09T19:32:23.0289500Z #4416  sparq-acbench                            T1 acbench: crates/sparq-acbench
clear the needs:area park	Classify the needs:area backlog	2026-09-09T19:32:23.0290347Z        acbench: ACP/ODRL oracles resolve Audience::Owner against the request, WAC now resolves it against the governing document
clear the needs:area park	Classify the needs:area backlog	2026-09-09T19:32:23.0291249Z #4418  site-specs                               T1 site-specs: authors/edits a Typst UPD under site/specs
clear the needs:area park	Classify the needs:area backlog	2026-09-09T19:32:23.0291961Z        vec: namespace IRI does not dereference — VG-GOV-2 is unsatisfiable as the estate stands
clear the needs:area park	Classify the needs:area backlog	2026-09-09T19:32:23.0292600Z #4419  site-specs                               T1 site-specs: authors/edits a Typst UPD under site/specs
clear the needs:area park	Classify the needs:area backlog	2026-09-09T19:32:23.0293295Z        .spqv persists un-normalised vectors — the VG-MET-2 gap, and nothing declares it
clear the needs:area park	Classify the needs:area backlog	2026-09-09T19:32:23.0293900Z #4420  sparq-vectors                            T2 bd-to-issues.derive_areas (title scope/crate token)
clear the needs:area park	Classify the needs:area backlog	2026-09-09T19:32:23.0294507Z        secx: assurance classes are recognised under two namespaces with neither canonical
clear the needs:area park	Classify the needs:area backlog	2026-09-09T19:32:23.0295149Z #4421  sparq-vectors                            T1 vectors-spqv: the .spqv / fusion surface in crates/sparq-vectors
clear the needs:area park	Classify the needs:area backlog	2026-09-09T19:32:23.0295963Z        No authenticity control over a .spqv container — a well-formed hostile store forges its own fingerprint
clear the needs:area park	Classify the needs:area backlog	2026-09-09T19:32:23.0296592Z #4424  zk-xpath                                 T1 zk-xpath: zk/xpath (noir_XPath) sources
clear the needs:area park	Classify the needs:area backlog	2026-09-09T19:32:23.0297187Z        CI hole: the zk/compose/compose_core Noir test suite (178 in-tree nargo tests) runs in NO lane
clear the needs:area park	Classify the needs:area backlog	2026-09-09T19:32:23.0297922Z #4427  bench                                    T1 bench: the bench/ harness + competitor gather
clear the needs:area park	Classify the needs:area backlog	2026-09-09T19:32:23.0298521Z        bench: no serving-model-id validity gate for sub-agent-dispatched benchmark cells
clear the needs:area park	Classify the needs:area backlog	2026-09-09T19:32:23.0299181Z #4429  sparq-geo                                T2 bd-to-issues.derive_areas (title scope/crate token)
clear the needs:area park	Classify the needs:area backlog	2026-09-09T19:32:23.0299858Z        sparq-geo: R25/R26/R27 OGC requirement probes are vacuous constant checks (R25 and R26 are byte-identical)
clear the needs:area park	Classify the needs:area backlog	2026-09-09T19:32:23.0300538Z #4430  sparq-geo                                T2 bd-to-issues.derive_areas (title scope/crate token)
clear the needs:area park	Classify the needs:area backlog	2026-09-09T19:32:23.0301222Z        sparq-geo: R17 OGC requirement probe is a vacuous constant check
clear the needs:area park	Classify the needs:area backlog	2026-09-09T19:32:23.0301762Z #4431  sparq-server                             T2 bd-to-issues.derive_areas (title scope/crate token)
clear the needs:area park	Classify the needs:area backlog	2026-09-09T19:32:23.0302442Z        sparq-server: tests/geo.rs never exercises the GeoSPARQL vocabulary (uses a plain ex:loc predicate)
clear the needs:area park	Classify the needs:area backlog	2026-09-09T19:32:23.0303106Z #4432  sparq-server                             T2 bd-to-issues.derive_areas (title scope/crate token)
clear the needs:area park	Classify the needs:area backlog	2026-09-09T19:32:23.0303759Z        sparq-server: the GeoSPARQL query-rewrite extension is not reachable over the SPARQL protocol
clear the needs:area park	Classify the needs:area backlog	2026-09-09T19:32:23.0304345Z #4436  ci                                       T1 ci: CI / orchestration infrastructure
clear the needs:area park	Classify the needs:area backlog	2026-09-09T19:32:23.0305065Z        docs-quality: markdownlint (MD040) is not reproducible in-worktree — no npx/npm on the agent box
clear the needs:area park	Classify the needs:area backlog	2026-09-09T19:32:23.0305724Z #4438  sparq-engine                             T2 bd-to-issues.derive_areas (title scope/crate token)
clear the needs:area park	Classify the needs:area backlog	2026-09-09T19:32:23.0306318Z        engine: SERVICE on the LEFT of a Join is evaluated TWICE (double remote fetch)
clear the needs:area park	Classify the needs:area backlog	2026-09-09T19:32:23.0306940Z #4439  sparq-engine                             T2 bd-to-issues.derive_areas (title scope/crate token)
clear the needs:area park	Classify the needs:area backlog	2026-09-09T19:32:23.0307592Z        engine: push outer bindings INTO a local SERVICE handler (bind-join for service-local)
clear the needs:area park	Classify the needs:area backlog	2026-09-09T19:32:23.0308237Z #4441  sparq-core                               T2 bd-to-issues.derive_areas (title scope/crate token)
clear the needs:area park	Classify the needs:area backlog	2026-09-09T19:32:23.0309049Z        research/compressed-memory-profile.md §4: record the block-size verdict (candidate fix now measured and ruled out)
clear the needs:area park	Classify the needs:area backlog	2026-09-09T19:32:23.0309773Z #4444  sparq-core                               T2 bd-to-issues.derive_areas (title scope/crate token)
clear the needs:area park	Classify the needs:area backlog	2026-09-09T19:32:23.0310533Z        sq-v8ixk canonical half: run the block-bloom measurement harness on the perf host (sq-0g6g) against a REAL Wikidata permutation
clear the needs:area park	Classify the needs:area backlog	2026-09-09T19:32:23.0311374Z #4446  ci                                       T1 ci: CI / orchestration infrastructure
clear the needs:area park	Classify the needs:area backlog	2026-09-09T19:32:23.0312299Z        block-bloom's measured win may be unreachable: no crate enables the feature, and the win is on ABSENT-key point lookups
clear the needs:area park	Classify the needs:area backlog	2026-09-09T19:32:23.0312986Z #4449  sparq-acbench                            T1 acbench: crates/sparq-acbench
clear the needs:area park	Classify the needs:area backlog	2026-09-09T19:32:23.0313594Z        acbench live driver: WAC under-share advisory text is stale and the lane can now be hard-gated
clear the needs:area park	Classify the needs:area backlog	2026-09-09T19:32:23.0314193Z #4450  sparq-acbench                            T1 acbench: crates/sparq-acbench
clear the needs:area park	Classify the needs:area backlog	2026-09-09T19:32:23.0314848Z        sparq-acbench: compile_wac mints a colliding auth subject, blending distinct intents into one acl:Authorization
clear the needs:area park	Classify the needs:area backlog	2026-09-09T19:32:23.0315501Z #4451  sparq-acbench                            T1 acbench: crates/sparq-acbench
clear the needs:area park	Classify the needs:area backlog	2026-09-09T19:32:23.0316128Z        sparq-acbench: the acl_coverage GenParams knob is declared and validated but never read by any generator
clear the needs:area park	Classify the needs:area backlog	2026-09-09T19:32:23.0316764Z #4452  sparq-acbench                            T1 acbench: crates/sparq-acbench
clear the needs:area park	Classify the needs:area backlog	2026-09-09T19:32:23.0317523Z        sparq-acbench: ACP oracle over-approximates Scope::Subtree on the container itself, and Audience::Owner compares against the wrong IRI
clear the needs:area park	Classify the needs:area backlog	2026-09-09T19:32:23.0318313Z #4453  sparq-geo                                T2 bd-to-issues.derive_areas (title scope/crate token)
clear the needs:area park	Classify the needs:area backlog	2026-09-09T19:32:23.0319075Z        OGC requirements scoreboard: R17/R25-R27 rows still rest on namespace-constant probes
clear the needs:area park	Classify the needs:area backlog	2026-09-09T19:32:23.0319696Z #4455  sparq-core                               T2 bd-to-issues.derive_areas (title scope/crate token)
clear the needs:area park	Classify the needs:area backlog	2026-09-09T19:32:23.0320344Z        perf(ingest): run the CANONICAL multi-core A/B for the derived permutation build (sq-dzfzq gate)
clear the needs:area park	Classify the needs:area backlog	2026-09-09T19:32:23.0321042Z #4459  docs                                     T1 docs: documentation-only change
clear the needs:area park	Classify the needs:area backlog	2026-09-09T19:32:23.0321580Z        docs: `build_raw_perms` still cites the RETIRED `feature_off_exact` wasm byte pin
clear the needs:area park	Classify the needs:area backlog	2026-09-09T19:32:23.0322138Z #4461  site-papers                              T1 site-papers: paper-factory artifact
clear the needs:area park	Classify the needs:area backlog	2026-09-09T19:32:23.0322824Z        sparq-policy docs: "implements prohibit unconditionally" contradicts the sq-ihqbl conflict_admissibility guard
clear the needs:area park	Classify the needs:area backlog	2026-09-09T19:32:23.0323549Z #4463  sparq-zk-compose                         T1 zk-compose: zk-compose circuit/verifier surface
clear the needs:area park	Classify the needs:area backlog	2026-09-09T19:32:23.0324357Z        unsafe-register.md: file:line columns are stale in 5 of 9 crate sections (sparq-core, sparq-cli, sparq-zk-compose, sparq-bench, sparq-engine)
clear the needs:area park	Classify the needs:area backlog	2026-09-09T19:32:23.0325094Z #4464  ci                                       T1 ci: CI / orchestration infrastructure
clear the needs:area park	Classify the needs:area backlog	2026-09-09T19:32:23.0325755Z        unsafe-gate.py: add a --verify-register mode so register/snapshot drift is caught mechanically, not by chore beads
clear the needs:area park	Classify the needs:area backlog	2026-09-09T19:32:23.0326458Z #4465  sparq-kb                                 T0 author-declared crate_or_surface/crates field
clear the needs:area park	Classify the needs:area backlog	2026-09-09T19:32:23.0327107Z        ci-select: sparq-kb ingest test scripts under scripts/tests/ force mode=full, running the whole matrix
clear the needs:area park	Classify the needs:area backlog	2026-09-09T19:32:23.0327787Z #4466  sparq-vectors                            T2 bd-to-issues.derive_areas (title scope/crate token)
clear the needs:area park	Classify the needs:area backlog	2026-09-09T19:32:23.0328462Z        hygiene: four scratch files tracked in the repository root violate the CLAUDE.md no-scratch-doc rule
clear the needs:area park	Classify the needs:area backlog	2026-09-09T19:32:23.0329133Z #4467  sparq-engine                             T2 bd-to-issues.derive_areas (title scope/crate token)
clear the needs:area park	Classify the needs:area backlog	2026-09-09T19:32:23.0329845Z        exec.rs: three scoped-registry Guards clear instead of restoring, so nested installs lose the outer registry
clear the needs:area park	Classify the needs:area backlog	2026-09-09T19:32:23.0330507Z #4468  sparq-acbench                            T1 acbench: crates/sparq-acbench
clear the needs:area park	Classify the needs:area backlog	2026-09-09T19:32:23.0331283Z        acbench: make WAC expressibility a single explicitly-exhaustive classification so compiler/oracle cannot drift
clear the needs:area park	Classify the needs:area backlog	2026-09-09T19:32:23.0331992Z #4470  sparq-canon                              T2 bd-to-issues.derive_areas (title scope/crate token)
clear the needs:area park	Classify the needs:area backlog	2026-09-09T19:32:23.0332632Z        Upstream ask: rdf-canon on oxrdf 0.3 (would collapse the oxrdf x2 / oxttl x2 duplicate pair)
clear the needs:area park	Classify the needs:area backlog	2026-09-09T19:32:23.0333330Z #4473  js                                       T1 js: the js/ RDF-JS client
clear the needs:area park	Classify the needs:area backlog	2026-09-09T19:32:23.0334085Z        upstream (jeswr/rdf-shuttle): compile `emit @graph` — quad-shaped artifacts driven by the `emits` header
clear the needs:area park	Classify the needs:area backlog	2026-09-09T19:32:23.0334774Z #4474  sparq-shaclc                             T2 bd-to-issues.derive_areas (title scope/crate token)
clear the needs:area park	Classify the needs:area backlog	2026-09-09T19:32:23.0335442Z        bump the rdf-shuttle provenance pin in sparq-shaclc (verified zero-diff artifact regeneration)
clear the needs:area park	Classify the needs:area backlog	2026-09-09T19:32:23.0336095Z #4476  sparq-vectors                            T2 bd-to-issues.derive_areas (title scope/crate token)
clear the needs:area park	Classify the needs:area backlog	2026-09-09T19:32:23.0336703Z        bench(vectors): commit the .fvecs -> raw-f32 converter both SIFT harnesses assume
clear the needs:area park	Classify the needs:area backlog	2026-09-09T19:32:23.0337232Z #4477  ci                                       T1 ci: CI / orchestration infrastructure
clear the needs:area park	Classify the needs:area backlog	2026-09-09T19:32:23.0337865Z        sparq-core store.rs doc comment still points at the RETIRED bench/perf-baseline.json `feature_off_exact` pin
clear the needs:area park	Classify the needs:area backlog	2026-09-09T19:32:23.0338567Z #4479  sparq-server                             T2 bd-to-issues.derive_areas (title scope/crate token)
clear the needs:area park	Classify the needs:area backlog	2026-09-09T19:32:23.0339513Z        Published crates.io builds ship the UNPATCHED spargebra 0.4.6 — parser recursion-depth DoS cap (§8) is absent, and the CHANGELOG caveat calls it confo
clear the needs:area park	Classify the needs:area backlog	2026-09-09T19:32:23.0340495Z #4482  sparq-policy                             T1 odrl: ODRL evaluation lives in crates/sparq-policy
clear the needs:area park	Classify the needs:area backlog	2026-09-09T19:32:23.0341250Z        compile_odrl emits odrl:target on the Policy node, not on its Rules
clear the needs:area park	Classify the needs:area backlog	2026-09-09T19:32:23.0341800Z #4483  sparq-policy                             T1 odrl: ODRL evaluation lives in crates/sparq-policy
clear the needs:area park	Classify the needs:area backlog	2026-09-09T19:32:23.0342426Z        compile_odrl emits several odrl:action triples on one rule; consumers keep only the first
clear the needs:area park	Classify the needs:area backlog	2026-09-09T19:32:23.0343056Z #4484  sparq-policy                             T1 odrl: ODRL evaluation lives in crates/sparq-policy
clear the needs:area park	Classify the needs:area backlog	2026-09-09T19:32:23.0343761Z        compile_odrl uses sparq-vendor action IRIs (acl#Read/Write/Control) that no conformant ODRL processor maps
clear the needs:area park	Classify the needs:area backlog	2026-09-09T19:32:23.0344406Z #4486  sparq-acbench                            T1 acbench: crates/sparq-acbench
clear the needs:area park	Classify the needs:area backlog	2026-09-09T19:32:23.0345069Z        ODRL live lane cannot check condition-carrying intents: the acbench Request IR carries no purpose/time/count
clear the needs:area park	Classify the needs:area backlog	2026-09-09T19:32:23.0345720Z #4487  ci                                       T1 ci: CI / orchestration infrastructure
clear the needs:area park	Classify the needs:area backlog	2026-09-09T19:32:23.0346536Z        container-scan: `trivy` reds on any container-relevant PR — stale SHA-pinned distroless base needs a digest bump (CIS Docker §4.4)
clear the needs:area park	Classify the needs:area backlog	2026-09-09T19:32:23.0347301Z #4502  sparq-zk                                 T2 bd-to-issues.derive_areas (title scope/crate token)
clear the needs:area park	Classify the needs:area backlog	2026-09-09T19:32:23.0347975Z        zk: graph commitment is unblinded — guessed graph contents are confirmable from C(G)
clear the needs:area park	Classify the needs:area backlog	2026-09-09T19:32:23.0348612Z #4503  sparq-zk-compose                         T1 zk-compose: zk-compose circuit/verifier surface
clear the needs:area park	Classify the needs:area backlog	2026-09-09T19:32:23.0349228Z        doc-sync: CR-G6 residual rows still describe sq-93h as an open salt-disclosure gap
clear the needs:area park	Classify the needs:area backlog	2026-09-09T19:32:23.0349854Z #4505  sparq-vectors                            T2 bd-to-issues.derive_areas (title scope/crate token)
clear the needs:area park	Classify the needs:area backlog	2026-09-09T19:32:23.0350689Z        sparq-vectors: instant-distance HNSW build is not reproducible at a fixed seed — audit the docs/tests that assume it is
clear the needs:area park	Classify the needs:area backlog	2026-09-09T19:32:23.0351567Z #4506  sparq-vectors                            T2 bd-to-issues.derive_areas (title scope/crate token)
clear the needs:area park	Classify the needs:area backlog	2026-09-09T19:32:23.0352358Z        sparq-vectors: HNSW secondary-map ef cache is unbounded — a wide ef sweep retains one full graph per level
clear the needs:area park	Classify the needs:area backlog	2026-09-09T19:32:23.0353054Z #4507  sparq-zk-compose                         T1 zk-compose: zk-compose circuit/verifier surface
clear the needs:area park	Classify the needs:area backlog	2026-09-09T19:32:23.0353659Z        Cross-issuance per-graph salt uniqueness (audit #9) is an unenforced assumption
clear the needs:area park	Classify the needs:area backlog	2026-09-09T19:32:23.0354193Z #4511  ci                                       T1 ci: CI / orchestration infrastructure
clear the needs:area park	Classify the needs:area backlog	2026-09-09T19:32:23.0354985Z        Post-migration URL drift: jeswr/sparq still hard-coded in issue templates, Homebrew formula, and docs/release.md
clear the needs:area park	Classify the needs:area backlog	2026-09-09T19:32:23.0355703Z #4520  site-specs                               T1 site-specs: authors/edits a Typst UPD under site/specs
clear the needs:area park	Classify the needs:area backlog	2026-09-09T19:32:23.0356335Z        spec: amend the SPARQL Vector+GenAI draft with vec:hybrid, then de-provisionalise it
clear the needs:area park	Classify the needs:area backlog	2026-09-09T19:32:23.0357010Z #4521  sparq-vectors                            T1 vectors-spqv: the .spqv / fusion surface in crates/sparq-vectors
clear the needs:area park	Classify the needs:area backlog	2026-09-09T19:32:23.0357748Z        bench: run the vec:hybrid dense/sparse/structural/fused/reranked ablation on a pinned retrieval corpus
clear the needs:area park	Classify the needs:area backlog	2026-09-09T19:32:23.0358441Z #4522  sparq-vectors                            T2 bd-to-issues.derive_areas (title scope/crate token)
clear the needs:area park	Classify the needs:area backlog	2026-09-09T19:32:23.0359088Z        sparq-vectors: ship a concrete out-of-process Reranker transport behind an opt-in feature
clear the needs:area park	Classify the needs:area backlog	2026-09-09T19:32:23.0359737Z #4525  sparq-zk-compose                         T1 zk-compose: zk-compose circuit/verifier surface
clear the needs:area park	Classify the needs:area backlog	2026-09-09T19:32:23.0360393Z        research/ design records carry ~976 stale-prone `file.rs:LINE` citations with no drift check
clear the needs:area park	Classify the needs:area backlog	2026-09-09T19:32:23.0361208Z #4526  sparq-vectors                            T1 vectors-spqv: the .spqv / fusion surface in crates/sparq-vectors
clear the needs:area park	Classify the needs:area backlog	2026-09-09T19:32:23.0361952Z        vec:hybrid arm paging: no cursor, and a residual inline-id ceiling
clear the needs:area park	Classify the needs:area backlog	2026-09-09T19:32:23.0362446Z #4529  ci                                       T1 ci: CI / orchestration infrastructure
clear the needs:area park	Classify the needs:area backlog	2026-09-09T19:32:23.0363135Z        ci(vectorized-feature-off): leg 2 resolves the base tree from the stale payload `base.sha`, not the merge ref's first parent
clear the needs:area park	Classify the needs:area backlog	2026-09-09T19:32:23.0363836Z #4531  zk-xpath                                 T1 zk-xpath: zk/xpath (noir_XPath) sources
clear the needs:area park	Classify the needs:area backlog	2026-09-09T19:32:23.0364408Z        No CI lane runs `nargo test`, so every compose_core Noir accept/forge suite is unexecuted
clear the needs:area park	Classify the needs:area backlog	2026-09-09T19:32:23.0365026Z #4532  sparq-zk-compose                         T1 zk-compose: zk-compose circuit/verifier surface
clear the needs:area park	Classify the needs:area backlog	2026-09-09T19:32:23.0365604Z        sq-rsd3v.3 follow-up: off-circuit ProofStep -> n3 slot witness mapper
clear the needs:area park	Classify the needs:area backlog	2026-09-09T19:32:23.0366166Z #4533  sparq-zk-compose                         T1 zk-compose: zk-compose circuit/verifier surface
clear the needs:area park	Classify the needs:area backlog	2026-09-09T19:32:23.0366824Z        sq-rsd3v.3 follow-up: compiled n3_k{K}_n{N}_r{R}_m{M} member, bb gates baseline, verify_manifest dispatch
clear the needs:area park	Classify the needs:area backlog	2026-09-09T19:32:23.0367438Z #4536  upstream                                 T1 noir-upstream: PR against noir-lang/noir
clear the needs:area park	Classify the needs:area backlog	2026-09-09T19:32:23.0368244Z        noir upstream: bound_constraint_with_offset misses its power-of-two fast path at rhs = 2^128 (extra 128-bit range check per u128 comparison / 128-bit 
clear the needs:area park	Classify the needs:area backlog	2026-09-09T19:32:23.0369080Z #4538  sparq-vectors                            T2 bd-to-issues.derive_areas (title scope/crate token)
clear the needs:area park	Classify the needs:area backlog	2026-09-09T19:32:23.0369875Z        sparq-vectors: re-measure the sq-w2af4 confidence-weighted POOLING axis on a REAL provenance-bearing KG before adopt/abandon is final
clear the needs:area park	Classify the needs:area backlog	2026-09-09T19:32:23.0370619Z #4545  ci                                       T1 ci: CI / orchestration infrastructure
clear the needs:area park	Classify the needs:area backlog	2026-09-09T19:32:23.0371267Z        ci: coverage-engine-run swallows the W3C fixture fetch it exists to guarantee
clear the needs:area park	Classify the needs:area backlog	2026-09-09T19:32:23.0371837Z #4546  ci                                       T2 bd-to-issues.derive_areas (title scope/crate token)
clear the needs:area park	Classify the needs:area backlog	2026-09-09T19:32:23.0372405Z        ci: two scripts/tests suites are never executed by CI (orphaned assertions)
clear the needs:area park	Classify the needs:area backlog	2026-09-09T19:32:23.0372916Z #4549  ci                                       T1 ci: CI / orchestration infrastructure
clear the needs:area park	Classify the needs:area backlog	2026-09-09T19:32:23.0373662Z        shellcheck: the canonical-*-bench.sh launchers are not covered by any docs-quality shellcheck step (12+ pre-existing SC2086/SC2015 findings)
clear the needs:area park	Classify the needs:area backlog	2026-09-09T19:32:23.0374391Z #4550  deps                                     T1 deps: dependency management
clear the needs:area park	Classify the needs:area backlog	2026-09-09T19:32:23.0375065Z        supply-chain gate: the two npx cyclonedx-npm fetches in gen-js-sbom.sh are the only unretried network ops in a GATING lane
clear the needs:area park	Classify the needs:area backlog	2026-09-09T19:32:23.0375871Z #4551  ci                                       T1 ci: CI / orchestration infrastructure
clear the needs:area park	Classify the needs:area backlog	2026-09-09T19:32:23.0376516Z        ci(supply-chain): wrap the js-sbom npx registry fetch in the same bounded retry the cargo legs got (sq-hxn7 parity)
clear the needs:area park	Classify the needs:area backlog	2026-09-09T19:32:23.0377234Z #4552  sparq-vectors                            T2 bd-to-issues.derive_areas (title scope/crate token)
clear the needs:area park	Classify the needs:area backlog	2026-09-09T19:32:23.0377900Z        sparq-vectors eval: provenance-vocabulary edges are prediction targets in the provenance slice
clear the needs:area park	Classify the needs:area backlog	2026-09-09T19:32:23.0378569Z #4553  sparq-vectors                            T2 bd-to-issues.derive_areas (title scope/crate token)
clear the needs:area park	Classify the needs:area backlog	2026-09-09T19:32:23.0379237Z        sparq-vectors eval: reifier edges survive restrict_to_train even when the quoted triple is held out
clear the needs:area park	Classify the needs:area backlog	2026-09-09T19:32:23.0379857Z #4557  upstream                                 T1 noir-upstream: PR against noir-lang/noir
clear the needs:area park	Classify the needs:area backlog	2026-09-09T19:32:23.0380541Z        noir upstream: check whether checked_to_unchecked's required_bit_size under-reports an ACIR `unchecked_add u1`
clear the needs:area park	Classify the needs:area backlog	2026-09-09T19:32:23.0381303Z #4560  ci                                       T1 ci: CI / orchestration infrastructure
clear the needs:area park	Classify the needs:area backlog	2026-09-09T19:32:23.0382094Z        118 of 143 workflow runs on a main head SHA are not testing the commit — and every undeclared one GATES (generalizes #4558)
clear the needs:area park	Classify the needs:area backlog	2026-09-09T19:32:23.0382948Z #4563  sparq-hdt                                T2 bd-to-issues.derive_areas (title scope/crate token)
clear the needs:area park	Classify the needs:area backlog	2026-09-09T19:32:23.0383541Z        upstream (KonradHoeffner/hdt): compute section CRC32-C with slice-by-16 tables
clear the needs:area park	Classify the needs:area backlog	2026-09-09T19:32:23.0384137Z #4576  sparq-reason                             T2 bd-to-issues.derive_areas (title scope/crate token)
clear the needs:area park	Classify the needs:area backlog	2026-09-09T19:32:23.0384379Z        sq-6tykl.6 residual: RDFS/OWL TBox mutations still force a full rematerialize
clear the needs:area park	Classify the needs:area backlog	2026-09-09T19:32:23.0384662Z #4577  sparq-reason-dl                          T1 reason-dl: the DL (ALCH tableau / profile-dispatch) lane
clear the needs:area park	Classify the needs:area backlog	2026-09-09T19:32:23.0385157Z        Extend the tableau differential oracle to cover the `dl_transitive` ∀₊-rule
clear the needs:area park	Classify the needs:area backlog	2026-09-09T19:32:23.0385441Z #4579  sparq-wrapper-shacl                      T2 bd-to-issues.derive_areas (title scope/crate token)
clear the needs:area park	Classify the needs:area backlog	2026-09-09T19:32:23.0385747Z        sparq-wrapper-shacl: generated nested loaders recurse without a depth guard on cyclic data
clear the needs:area park	Classify the needs:area backlog	2026-09-09T19:32:23.0386031Z #4580  sparq-wrapper-shacl                      T2 bd-to-issues.derive_areas (title scope/crate token)
clear the needs:area park	Classify the needs:area backlog	2026-09-09T19:32:23.0386259Z        sparq-wrapper-shacl: model sh:or / sh:xone as generated Rust enums
clear the needs:area park	Classify the needs:area backlog	2026-09-09T19:32:23.0386533Z #4584  sparq-substrate                          T2 bd-to-issues.derive_areas (title scope/crate token)
clear the needs:area park	Classify the needs:area backlog	2026-09-09T19:32:23.0386970Z        Kani: the merge-join equivalence suite never returns a verdict — CBMC's SmallVec clone/push model is the wall
clear the needs:area park	Classify the needs:area backlog	2026-09-09T19:32:23.0387163Z #4585  ci                                       T1 ci: CI / orchestration infrastructure
clear the needs:area park	Classify the needs:area backlog	2026-09-09T19:32:23.0387562Z        AGENTS.md "No hard-coded performance numbers" prose omits the research/ + bench/ carve-out the enforcing gate implements
clear the needs:area park	Classify the needs:area backlog	2026-09-09T19:32:23.0387840Z #4587  sparq-wrapper-shacl                      T2 bd-to-issues.derive_areas (title scope/crate token)
clear the needs:area park	Classify the needs:area backlog	2026-09-09T19:32:23.0388127Z        sparq-wrapper-shacl: generated check_double rejects the valid xsd:double literal "+INF"
clear the needs:area park	Classify the needs:area backlog	2026-09-09T19:32:23.0388412Z #4588  sparq-reason-dl                          T2 bd-to-issues.derive_areas (title scope/crate token)
clear the needs:area park	Classify the needs:area backlog	2026-09-09T19:32:23.0388666Z        sparq-reason-dl: narrow the PR1 punning guard to OWL 2's actual punning rules
clear the needs:area park	Classify the needs:area backlog	2026-09-09T19:32:23.0389081Z #4589  sparq-reason-dl,sparq-conformance        T1 reason-dl-floor: the DL lane plus the conformance floor constants it ratchets
clear the needs:area park	Classify the needs:area backlog	2026-09-09T19:32:23.0389500Z        sparq-reason-dl: L1 drops the fixed interpretation of more OWL built-in vocabulary than the two object properties now refused
clear the needs:area park	Classify the needs:area backlog	2026-09-09T19:32:23.0389691Z #4594  ci                                       T1 ci: CI / orchestration infrastructure
clear the needs:area park	Classify the needs:area backlog	2026-09-09T19:32:23.0390225Z        CI never runs the feature-gated `wasm-pack test --node` modules (forms/serialize-rdf/scs/canon/explain-json/bytes-ingest)
clear the needs:area park	Classify the needs:area backlog	2026-09-09T19:32:23.0390514Z #4595  sparq-wrapper-shacl                      T2 bd-to-issues.derive_areas (title scope/crate token)
clear the needs:area park	Classify the needs:area backlog	2026-09-09T19:32:23.0390796Z        sparq-wrapper-shacl: generated Integer/Decimal have no value ordering or arithmetic
clear the needs:area park	Classify the needs:area backlog	2026-09-09T19:32:23.0391202Z #4596  sparq-wrapper-shacl                      T2 bd-to-issues.derive_areas (title scope/crate token)
clear the needs:area park	Classify the needs:area backlog	2026-09-09T19:32:23.0391510Z        sparq-wrapper-shacl: no shared ValueSource::is_instance_of adapter over a sparq-core graph
clear the needs:area park	Classify the needs:area backlog	2026-09-09T19:32:23.0391766Z #4598  sparq-solid                              T2 bd-to-issues.derive_areas (title scope/crate token)
clear the needs:area park	Classify the needs:area backlog	2026-09-09T19:32:23.0392091Z        doc drift: odrl_bridge N3 path comment says "four stratified reason_n3 calls" but it runs five (A0-D)
clear the needs:area park	Classify the needs:area backlog	2026-09-09T19:32:23.0392332Z #4600  sparq-reason-diff                        T1 reason-diff: crates/sparq-reason-diff
clear the needs:area park	Classify the needs:area backlog	2026-09-09T19:32:23.0392777Z        reason-diff-rl: the W3C-vocab-subject drop still masks ORACLE-side entailments about user terms (owl:Nothing rdfs:subClassOf ex:*)
clear the needs:area park	Classify the needs:area backlog	2026-09-09T19:32:23.0393022Z #4602  sparq-gpu                                T2 bd-to-issues.derive_areas (title scope/crate token)
clear the needs:area park	Classify the needs:area backlog	2026-09-09T19:32:23.0393479Z        sparq-gpu: the "wgpu never enters the wasm build" invariant is asserted in 3 docs but enforced by no gate
clear the needs:area park	Classify the needs:area backlog	2026-09-09T19:32:23.0393729Z #4603  sparq-gpu                                T2 bd-to-issues.derive_areas (title scope/crate token)
clear the needs:area park	Classify the needs:area backlog	2026-09-09T19:32:23.0394207Z        sparq-gpu: GPU silently undercounts on out-of-range GROUP BY keys where the CPU oracle panics, and an unbounded probe loop can wedge the device
clear the needs:area park	Classify the needs:area backlog	2026-09-09T19:32:23.0394616Z #4606  sparq-reason-dl,sparq-conformance        T1 reason-dl-floor: the DL lane plus the conformance floor constants it ratchets
clear the needs:area park	Classify the needs:area backlog	2026-09-09T19:32:23.0395050Z        DL L5: the 7 budget-abstained entailment rows need a narrower RL divergence guard (or a re-pinned budget), not more refutation routing
clear the needs:area park	Classify the needs:area backlog	2026-09-09T19:32:23.0395314Z #4609  sparq-reason-el                          T2 bd-to-issues.derive_areas (title scope/crate token)
clear the needs:area park	Classify the needs:area backlog	2026-09-09T19:32:23.0395934Z        sparq-reason-el: silent incompleteness — an EL entailment through a NAMED/anonymous intersection filler is neither derived nor counted in skipped_axio
clear the needs:area park	Classify the needs:area backlog	2026-09-09T19:32:23.0396195Z #4611  sparq-jsonld                             T2 bd-to-issues.derive_areas (title scope/crate token)
clear the needs:area park	Classify the needs:area backlog	2026-09-09T19:32:23.0396454Z        jsonld: raise `IRI confused with prefix` from IRI Compaction (W3C compact/#te002)
clear the needs:area park	Classify the needs:area backlog	2026-09-09T19:32:23.0396706Z #4612  sparq-jsonld                             T2 bd-to-issues.derive_areas (title scope/crate token)
clear the needs:area park	Classify the needs:area backlog	2026-09-09T19:32:23.0396984Z        jsonld: decide whether to model the RETIRED JSON-LD 1.0 error codes (5 suite negatives)
clear the needs:area park	Classify the needs:area backlog	2026-09-09T19:32:23.0397239Z #4613  sparq-jsonld                             T2 bd-to-issues.derive_areas (title scope/crate token)
clear the needs:area park	Classify the needs:area backlog	2026-09-09T19:32:23.0397457Z        jsonld: the `flatten` lane still SKIPs its 1 NegativeEvaluationTest
clear the needs:area park	Classify the needs:area backlog	2026-09-09T19:32:23.0397707Z #4618  sparq-jsonld                             T2 bd-to-issues.derive_areas (title scope/crate token)
clear the needs:area park	Classify the needs:area backlog	2026-09-09T19:32:23.0398039Z        sparq-jsonld: is_absolute_iri validates the RFC 3987 code-point grammar but not the structural grammar
clear the needs:area park	Classify the needs:area backlog	2026-09-09T19:32:23.0398277Z #4622  gui                                      T2 bd-to-issues.derive_areas (title scope/crate token)
clear the needs:area park	Classify the needs:area backlog	2026-09-09T19:32:23.0398498Z        GUI web e2e: restore an end-to-end 'absent wasm forms bridge' journey
clear the needs:area park	Classify the needs:area backlog	2026-09-09T19:32:23.0398718Z #4623  gui                                      T2 bd-to-issues.derive_areas (title scope/crate token)
clear the needs:area park	Classify the needs:area backlog	2026-09-09T19:32:23.0398965Z        GUI web e2e: cover the hosted-web declared-group + shape-switcher forms journey
clear the needs:area park	Classify the needs:area backlog	2026-09-09T19:32:23.0399216Z #4626  sparq-jsonld                             T2 bd-to-issues.derive_areas (title scope/crate token)
clear the needs:area park	Classify the needs:area backlog	2026-09-09T19:32:23.0399710Z        sparq-jsonld: is_absolute_iri tolerates the bracket gen-delims outside the authority to satisfy W3C compact/p004
clear the needs:area park	Classify the needs:area backlog	2026-09-09T19:32:23.0399972Z #4628  sparq-wrapper                            T2 bd-to-issues.derive_areas (title scope/crate token)
clear the needs:area park	Classify the needs:area backlog	2026-09-09T19:32:23.0400199Z        sparq-wrapper proposal status is duplicated in four unsynced places
clear the needs:area park	Classify the needs:area backlog	2026-09-09T19:32:23.0400429Z #4630  gui                                      T2 bd-to-issues.derive_areas (title scope/crate token)
clear the needs:area park	Classify the needs:area backlog	2026-09-09T19:32:23.0400798Z        gui: form-description.ts validator THROWS on the new ShapeVia values (target-subjects-of / target-objects-of)
clear the needs:area park	Classify the needs:area backlog	2026-09-09T19:32:23.0401189Z #4631  sparq-forms                              T2 bd-to-issues.derive_areas (title scope/crate token)
clear the needs:area park	Classify the needs:area backlog	2026-09-09T19:32:23.0401667Z        forms: sh:targetWhere + SPARQL-valued targets still do not drive applicable_shapes — needs a sparq-shacl public API
clear the needs:area park	Classify the needs:area backlog	2026-09-09T19:32:23.0401860Z #4633  ci                                       T1 ci: CI / orchestration infrastructure
clear the needs:area park	Classify the needs:area backlog	2026-09-09T19:32:23.0402293Z        research/solid-consumer-production-readiness-2026-07.md cites path:LINE anchors that are already stale on main
clear the needs:area park	Classify the needs:area backlog	2026-09-09T19:32:23.0402550Z #4637  sparq-trust                              T1 trust-graph: the solid trust-graph / admission surface
clear the needs:area park	Classify the needs:area backlog	2026-09-09T19:32:23.0403022Z        solid-authz-trust: server `predicate_shape` diverges from the normative `trust:forPredicate` desugaring
clear the needs:area park	Classify the needs:area backlog	2026-09-09T19:32:23.0403286Z #4638  sparq-trust                              T1 trust-graph: the solid trust-graph / admission surface
clear the needs:area park	Classify the needs:area backlog	2026-09-09T19:32:23.0403679Z        http-server SKILL.md references a section that does not exist ("Stateless trust-graph decision extension (sq-pfae.17)")
clear the needs:area park	Classify the needs:area backlog	2026-09-09T19:32:23.0403936Z #4640  sparq-wasm                               T2 bd-to-issues.derive_areas (title scope/crate token)
clear the needs:area park	Classify the needs:area backlog	2026-09-09T19:32:23.0404277Z        @jeswr/sparq: SparqStore has no store-backed validate twin for the new raw Store.validateStore (gh-2520)
clear the needs:area park	Classify the needs:area backlog	2026-09-09T19:32:23.0404535Z #4641  sparq-shacl                              T2 bd-to-issues.derive_areas (title scope/crate token)
clear the needs:area park	Classify the needs:area backlog	2026-09-09T19:32:23.0405022Z        sparq-shacl: validation report sourceShape blank-node labels are parse-unstable — no documented stable shape identity
clear the needs:area park	Classify the needs:area backlog	2026-09-09T19:32:23.0405212Z #4645  ci                                       T1 ci: CI / orchestration infrastructure
clear the needs:area park	Classify the needs:area backlog	2026-09-09T19:32:23.0405583Z        [cert][GX-11] No automated verification for dist.yml's sparq-dist.intoto.jsonl (run artifact, not a Release asset)
clear the needs:area park	Classify the needs:area backlog	2026-09-09T19:32:23.0405837Z #4647  sparq-wrapper                            T2 bd-to-issues.derive_areas (title scope/crate token)
clear the needs:area park	Classify the needs:area backlog	2026-09-09T19:32:23.0406106Z        sparq-wrapper codecs: no i128 decode path for the xsd:long/int/short integer family
clear the needs:area park	Classify the needs:area backlog	2026-09-09T19:32:23.0406297Z #4648  ci                                       T1 ci: CI / orchestration infrastructure
clear the needs:area park	Classify the needs:area backlog	2026-09-09T19:32:23.0406698Z        publish.yml's `release: published` trigger never fires for a release.yml-cut Release (same GITHUB_TOKEN limitation as #4644)
clear the needs:area park	Classify the needs:area backlog	2026-09-09T19:32:23.0406967Z #4650  sparq-terse                              T2 bd-to-issues.derive_areas (title scope/crate token)
clear the needs:area park	Classify the needs:area backlog	2026-09-09T19:32:23.0407290Z        sparq-terse: surface the Phase-4 did-you-mean hints in the /terse/transpile + CLI JSON error bodies
clear the needs:area park	Classify the needs:area backlog	2026-09-09T19:32:23.0407601Z #4651  sparq-conformance,sparq-core             T2 bd-to-issues.derive_areas (title scope/crate token)
clear the needs:area park	Classify the needs:area backlog	2026-09-09T19:32:23.0407906Z        XSD whiteSpace facet: sparq-conformance and sparq-core carry contradictory normative claims
clear the needs:area park	Classify the needs:area backlog	2026-09-09T19:32:23.0408090Z #4652  ci                                       T1 ci: CI / orchestration infrastructure
clear the needs:area park	Classify the needs:area backlog	2026-09-09T19:32:23.0408429Z        Merge throughput ceiling is merge-group CI wall-clock: ~3-6 PRs/hr in bursts vs 60/hr goal (NOT a stall)
clear the needs:area park	Classify the needs:area backlog	2026-09-09T19:32:23.0408672Z #4654  sparq-cli                                T2 bd-to-issues.derive_areas (title scope/crate token)
clear the needs:area park	Classify the needs:area backlog	2026-09-09T19:32:23.0409093Z        tabular import: GUI import wizard over the CLI/module (sq-u1z86 remainder, epic sq-ixc3)
clear the needs:area park	Classify the needs:area backlog	2026-09-09T19:32:23.0409329Z #4655  sparq-cli                                T2 bd-to-issues.derive_areas (title scope/crate token)
clear the needs:area park	Classify the needs:area backlog	2026-09-09T19:32:23.0409583Z        tabular import: streaming dataset ingest so rr:graphMap output need not buffer
clear the needs:area park	Classify the needs:area backlog	2026-09-09T19:32:23.0409845Z #4658  sparq-server                             T2 bd-to-issues.derive_areas (title scope/crate token)
clear the needs:area park	Classify the needs:area backlog	2026-09-09T19:32:23.0410232Z        sparq-server: opt-in wiring for the sparq-serve change-sink relay (config flag + pump thread + retention watermark)
clear the needs:area park	Classify the needs:area backlog	2026-09-09T19:32:23.0410463Z #4661  gui                                      T2 bd-to-issues.derive_areas (title scope/crate token)
clear the needs:area park	Classify the needs:area backlog	2026-09-09T19:32:23.0410702Z        gui/app: web RDF import does not reject off-list file types with a clear reason
clear the needs:area park	Classify the needs:area backlog	2026-09-09T19:32:23.0411094Z #4662  sparq-terse                              T2 bd-to-issues.derive_areas (title scope/crate token)
clear the needs:area park	Classify the needs:area backlog	2026-09-09T19:32:23.0411420Z        sparq-terse: the `K:` sigil scanner has the same ASCII-only name-boundary bug as `keyword_hints` did
clear the needs:area park	Classify the needs:area backlog	2026-09-09T19:32:23.0411677Z #4665  sparq-lws-wasm                           T2 bd-to-issues.derive_areas (title scope/crate token)
clear the needs:area park	Classify the needs:area backlog	2026-09-09T19:32:23.0411921Z        @jeswr/solid-server: persist the wasm pod snapshot to a --data-dir file
clear the needs:area park	Classify the needs:area backlog	2026-09-09T19:32:23.0412293Z #4666  sparq-lws-wasm                           T2 bd-to-issues.derive_areas (title scope/crate token)
clear the needs:area park	Classify the needs:area backlog	2026-09-09T19:32:23.0412515Z        Browser host example: keep the wasm Solid pod snapshot in IndexedDB
clear the needs:area park	Classify the needs:area backlog	2026-09-09T19:32:23.0412710Z #4668  ci                                       T1 ci: CI / orchestration infrastructure
clear the needs:area park	Classify the needs:area backlog	2026-09-09T19:32:23.0413039Z        [supply-chain] dispatch slsa-builder-pin-review once and record the first outcome in the review log
clear the needs:area park	Classify the needs:area backlog	2026-09-09T19:32:23.0413295Z #4669  sparq-serve                              T2 bd-to-issues.derive_areas (title scope/crate token)
clear the needs:area park	Classify the needs:area backlog	2026-09-09T19:32:23.0413536Z        change_stream segment creation has the same missing parent-directory fsync
clear the needs:area park	Classify the needs:area backlog	2026-09-09T19:32:23.0413709Z #4670  js                                       T1 js: the js/ RDF-JS client
clear the needs:area park	Classify the needs:area backlog	2026-09-09T19:32:23.0414186Z        gui.yml path filter omits crates/sparq-wasm/** — the check:wasm-types byte-identity gate cannot run on a binding change
clear the needs:area park	Classify the needs:area backlog	2026-09-09T19:32:23.0414443Z #4673  sparq-shaclc                             T2 bd-to-issues.derive_areas (title scope/crate token)
clear the needs:area park	Classify the needs:area backlog	2026-09-09T19:32:23.0414737Z        Stale module doc: crates/sparq-shaclc/src/raw.rs still says the artifacts are PARSE-ONLY
clear the needs:area park	Classify the needs:area backlog	2026-09-09T19:32:23.0414997Z #4675  sparq-fedplan                            T2 bd-to-issues.derive_areas (title scope/crate token)
clear the needs:area park	Classify the needs:area backlog	2026-09-09T19:32:23.0415298Z        sparq-fedplan: let a SourceDescriptor declare characteristic-set completeness explicitly
clear the needs:area park	Classify the needs:area backlog	2026-09-09T19:32:23.0415572Z #4676  sparq-fedplan-mpc                        T2 bd-to-issues.derive_areas (title scope/crate token)
clear the needs:area park	Classify the needs:area backlog	2026-09-09T19:32:23.0415999Z        research/mpc-untrusted-planner-routing-design.md §8 roadmap is stale — Phases 1–4 and 6 have landed
clear the needs:area park	Classify the needs:area backlog	2026-09-09T19:32:23.0416260Z #4679  sparq-wrapper                            T2 bd-to-issues.derive_areas (title scope/crate token)
clear the needs:area park	Classify the needs:area backlog	2026-09-09T19:32:23.0416608Z        wrapper: extend proposed_composition to cover the newer proposal features (json, graph-scope, async-store)
clear the needs:area park	Classify the needs:area backlog	2026-09-09T19:32:23.0416868Z #4680  sparq-wasm                               T2 bd-to-issues.derive_areas (title scope/crate token)
clear the needs:area park	Classify the needs:area backlog	2026-09-09T19:32:23.0417173Z        wasm: implement Store::validate_store (stateful SHACL) end-to-end, or drop the gh-2520 intent
clear the needs:area park	Classify the needs:area backlog	2026-09-09T19:32:23.0417440Z #4685  sparq-fedplan-mpc                        T2 bd-to-issues.derive_areas (title scope/crate token)
clear the needs:area park	Classify the needs:area backlog	2026-09-09T19:32:23.0417697Z        crates/sparq-fedplan-mpc/README.md exceeds the 120-line readme-template cap
clear the needs:area park	Classify the needs:area backlog	2026-09-09T19:32:23.0417943Z #4688  sparq-server                             T2 bd-to-issues.derive_areas (title scope/crate token)
clear the needs:area park	Classify the needs:area backlog	2026-09-09T19:32:23.0418390Z        [cert][GX-11 residual] automate slsa-verifier verify-image for the ghcr sparq-server attestation
clear the needs:area park	Classify the needs:area backlog	2026-09-09T19:32:23.0418582Z #4689  ci                                       T1 ci: CI / orchestration infrastructure
clear the needs:area park	Classify the needs:area backlog	2026-09-09T19:32:23.0418882Z        compliance/slsa/controls.md scope note contradicts SL-B2-d and SL-B2-e (pre-existing drift)
clear the needs:area park	Classify the needs:area backlog	2026-09-09T19:32:23.0419077Z #4690  ci                                       T1 ci: CI / orchestration infrastructure
clear the needs:area park	Classify the needs:area backlog	2026-09-09T19:32:23.0419383Z        preflight.py reports no-perf-numbers failures in research/, which CI's own invocation excludes
clear the needs:area park	Classify the needs:area backlog	2026-09-09T19:32:23.0419553Z #4692  js                                       T1 js: the js/ RDF-JS client
clear the needs:area park	Classify the needs:area backlog	2026-09-09T19:32:23.0419826Z        Site: wire the VC import surface to Store.loadJsonLdWithContexts (sq-yz27r follow-on)
clear the needs:area park	Classify the needs:area backlog	2026-09-09T19:32:23.0420082Z #4693  sparq-core                               T2 bd-to-issues.derive_areas (title scope/crate token)
clear the needs:area park	Classify the needs:area backlog	2026-09-09T19:32:23.0420402Z        sparq-core: expose a JSON-LD LoadDocumentCallback seam for the native/server/conformance paths
clear the needs:area park	Classify the needs:area backlog	2026-09-09T19:32:23.0420645Z #4694  sparq-wasm                               T2 bd-to-issues.derive_areas (title scope/crate token)
clear the needs:area park	Classify the needs:area backlog	2026-09-09T19:32:23.0420867Z        sparq-wasm: no dataset-preserving variant of loadJsonLdWithContexts
clear the needs:area park	Classify the needs:area backlog	2026-09-09T19:32:23.0421352Z #4695  ci                                       T1 ci: CI / orchestration infrastructure
clear the needs:area park	Classify the needs:area backlog	2026-09-09T19:32:23.0421732Z        gui.yml paths filter misses crates/sparq-wasm/** — wasm d.ts drift lands on main undetected
clear the needs:area park	Classify the needs:area backlog	2026-09-09T19:32:23.0421987Z #4696  sparq-gpu                                T2 bd-to-issues.derive_areas (title scope/crate token)
clear the needs:area park	Classify the needs:area backlog	2026-09-09T19:32:23.0422238Z        gpu-threat-model P1: add the wgpu family to the wasm-deps-guard FORBIDDEN set
clear the needs:area park	Classify the needs:area backlog	2026-09-09T19:32:23.0422487Z #4697  sparq-gpu                                T2 bd-to-issues.derive_areas (title scope/crate token)
clear the needs:area park	Classify the needs:area backlog	2026-09-09T19:32:23.0422806Z        gpu-threat-model P2: sparq-gpu boundary guard (dependents + native wgpu closure + publish=false)
clear the needs:area park	Classify the needs:area backlog	2026-09-09T19:32:23.0423056Z #4698  sparq-gpu                                T2 bd-to-issues.derive_areas (title scope/crate token)
clear the needs:area park	Classify the needs:area backlog	2026-09-09T19:32:23.0423393Z        gpu-threat-model P3: reject the malformed inputs sparq-gpu currently accepts, with differential tests
clear the needs:area park	Classify the needs:area backlog	2026-09-09T19:32:23.0423636Z #4699  sparq-gpu                                T2 bd-to-issues.derive_areas (title scope/crate token)
clear the needs:area park	Classify the needs:area backlog	2026-09-09T19:32:23.0423885Z        gpu-threat-model P4: bound the WGSL probe walk and the host poll in sparq-gpu
clear the needs:area park	Classify the needs:area backlog	2026-09-09T19:32:23.0424135Z #4700  sparq-gpu                                T2 bd-to-issues.derive_areas (title scope/crate token)
clear the needs:area park	Classify the needs:area backlog	2026-09-09T19:32:23.0424400Z        gpu-threat-model P5 (ON EXIT ONLY): write the full sparq-gpu runtime threat model
clear the needs:area park	Classify the needs:area backlog	2026-09-09T19:32:23.0424646Z #4701  sparq-gpu                                T2 bd-to-issues.derive_areas (title scope/crate token)
clear the needs:area park	Classify the needs:area backlog	2026-09-09T19:32:23.0424902Z        gpu-threat-model P6: record sparq-gpu's exclusion in SECURITY.md / ASSURANCE.md
clear the needs:area park	Classify the needs:area backlog	2026-09-09T19:32:23.0425092Z #4702  ci                                       T1 ci: CI / orchestration infrastructure
clear the needs:area park	Classify the needs:area backlog	2026-09-09T19:32:23.0425440Z        preflight.py misses the feature-test-execution (C1) gate, so a missing feature-matrix leg only reds on CI
clear the needs:area park	Classify the needs:area backlog	2026-09-09T19:32:23.0425705Z #4703  sparq-reason                             T2 bd-to-issues.derive_areas (title scope/crate token)
clear the needs:area park	Classify the needs:area backlog	2026-09-09T19:32:23.0425972Z        sparq-reason: make the base<->layer ownership hand-off EAGER instead of lazy
clear the needs:area park	Classify the needs:area backlog	2026-09-09T19:32:23.0426164Z #4704  ci                                       T1 ci: CI / orchestration infrastructure
clear the needs:area park	Classify the needs:area backlog	2026-09-09T19:32:23.0426480Z        vectorized-feature-off leg 2: recurring declaration churn from pure panic-Location line shifts
clear the needs:area park	Classify the needs:area backlog	2026-09-09T19:32:23.0426664Z #4706  ci                                       T1 ci: CI / orchestration infrastructure
clear the needs:area park	Classify the needs:area backlog	2026-09-09T19:32:23.0426838Z        File sq-vrye child beads for gpu-threat-model P1-P6
clear the needs:area park	Classify the needs:area backlog	2026-09-09T19:32:23.0427144Z #4708  ci                                       T1 ci: CI / orchestration infrastructure
clear the needs:area park	Classify the needs:area backlog	2026-09-09T19:32:23.0427485Z        sparq-cli: give the `el` feature a `cdomain` surface (CR7-CR9) so `classify` covers OWL 2 EL concrete domains
clear the needs:area park	Classify the needs:area backlog	2026-09-09T19:32:23.0427747Z #4710  sparq-zk-compose                         T1 zk-compose: zk-compose circuit/verifier surface
clear the needs:area park	Classify the needs:area backlog	2026-09-09T19:32:23.0428042Z        vectorized-feature-off leg 2 compares against pull_request.base.sha, not the merge base
clear the needs:area park	Classify the needs:area backlog	2026-09-09T19:32:23.0428294Z #4712  sparq-solid                              T2 bd-to-issues.derive_areas (title scope/crate token)
clear the needs:area park	Classify the needs:area backlog	2026-09-09T19:32:23.0428584Z        sparq-solid: expose a public auth: predicate -> Mode parser (Mode::from_pred is private)
clear the needs:area park	Classify the needs:area backlog	2026-09-09T19:32:23.0428850Z #4713  sparq-lws-core                           T2 bd-to-issues.derive_areas (title scope/crate token)
clear the needs:area park	Classify the needs:area backlog	2026-09-09T19:32:23.0429195Z        sparq-lws-core: a standalone `cargo test -p sparq-lws-core` now compiles the arkworks/sparq-zk stack
clear the needs:area park	Classify the needs:area backlog	2026-09-09T19:32:23.0429452Z #4715  sparq-server                             T2 bd-to-issues.derive_areas (title scope/crate token)
clear the needs:area park	Classify the needs:area backlog	2026-09-09T19:32:23.0429713Z        sparq-server: a cancelled query/update reports HTTP 500 "query execution error"
clear the needs:area park	Classify the needs:area backlog	2026-09-09T19:32:23.0429965Z #4716  sparq-server                             T2 bd-to-issues.derive_areas (title scope/crate token)
clear the needs:area park	Classify the needs:area backlog	2026-09-09T19:32:23.0430349Z        sparq-server: Graph-Store reads, /tpf and /facets are not in the running-query registry
clear the needs:area park	Classify the needs:area backlog	2026-09-09T19:32:23.0430609Z #4717  sparq-server                             T2 bd-to-issues.derive_areas (title scope/crate token)
clear the needs:area park	Classify the needs:area backlog	2026-09-09T19:32:23.0430880Z        sparq-server: ServerApplier registry wiring is opt-in and can be silently forgotten
clear the needs:area park	Classify the needs:area backlog	2026-09-09T19:32:23.0431320Z #4719  sparq-conformance                        T2 bd-to-issues.derive_areas (title scope/crate token)
clear the needs:area park	Classify the needs:area backlog	2026-09-09T19:32:23.0431783Z        sq-tonhr.12 follow-on: run the generated Shuttle corpus through the sq-tonhr.2 Rust differential lane (oxttl vs sparq native vs Oxigraph)
clear the needs:area park	Classify the needs:area backlog	2026-09-09T19:32:23.0432042Z #4720  sparq-core                               T2 bd-to-issues.derive_areas (title scope/crate token)
clear the needs:area park	Classify the needs:area backlog	2026-09-09T19:32:23.0432321Z        sparq native Turtle parser: `~ [ ]` (ANON reifier with internal whitespace) looks rejected
clear the needs:area park	Classify the needs:area backlog	2026-09-09T19:32:23.0432538Z #4721  upstream                                 T1 rdf-shuttle-upstream: jeswr/rdf-shuttle
clear the needs:area park	Classify the needs:area backlog	2026-09-09T19:32:23.0432995Z        Upstream rdf-shuttle: implement generate mode (`--emit tests`) — the interim harness is not a substitute
clear the needs:area park	Classify the needs:area backlog	2026-09-09T19:32:23.0433260Z #4723  sparq-fedplan-mpc                        T2 bd-to-issues.derive_areas (title scope/crate token)
clear the needs:area park	Classify the needs:area backlog	2026-09-09T19:32:23.0433524Z        sparq-fedplan-mpc README is 139 lines, over the gating readme-template 120-line cap
clear the needs:area park	Classify the needs:area backlog	2026-09-09T19:32:23.0433810Z #4725  sparq-reason-dl                          T1 reason-dl: the DL (ALCH tableau / profile-dispatch) lane
clear the needs:area park	Classify the needs:area backlog	2026-09-09T19:32:23.0434288Z        sparq-reason-dl: ALCH tableau thrashes — chronological backtracking exhausts the default budget on a 3-axiom ontology
clear the needs:area park	Classify the needs:area backlog	2026-09-09T19:32:23.0434567Z #4726  sparq-reason-dl                          T2 bd-to-issues.derive_areas (title scope/crate token)
clear the needs:area park	Classify the needs:area backlog	2026-09-09T19:32:23.0434873Z        sparq-reason-dl: audit the test suite for more assertions that compare a function against itself
clear the needs:area park	Classify the needs:area backlog	2026-09-09T19:32:23.0435140Z #4727  sparq-server                             T2 bd-to-issues.derive_areas (title scope/crate token)
clear the needs:area park	Classify the needs:area backlog	2026-09-09T19:32:23.0435475Z        Keyed (HMAC) query/update fingerprints so /queries and the audit trails resist offline guessing
clear the needs:area park	Classify the needs:area backlog	2026-09-09T19:32:23.0435730Z #4732  sparq-difftest                           T2 bd-to-issues.derive_areas (title scope/crate token)
clear the needs:area park	Classify the needs:area backlog	2026-09-09T19:32:23.0436033Z        diff-test iso: RDF-1.2 triple terms are refused, not canonicalised (rdf-canon speaks oxrdf 0.2)
clear the needs:area park	Classify the needs:area backlog	2026-09-09T19:32:23.0436282Z #4733  sparq-bench                              T2 bd-to-issues.derive_areas (title scope/crate token)
clear the needs:area park	Classify the needs:area backlog	2026-09-09T19:32:23.0436708Z        fuzz check_ordered compares blank-node LABELS, so a bnode answer would be a false MISMATCH
clear the needs:area park	Classify the needs:area backlog	2026-09-09T19:32:23.0436924Z #4735  sparq-reason                             T1 reason-topic: crates/sparq-reason
clear the needs:area park	Classify the needs:area backlog	2026-09-09T19:32:23.0437232Z        sq-6tykl.5 follow-up: expose the reasoning profiler on the CLI (`sparq-cli reason --profile`)
clear the needs:area park	Classify the needs:area backlog	2026-09-09T19:32:23.0437431Z #4737  ci                                       T1 ci: CI / orchestration infrastructure
clear the needs:area park	Classify the needs:area backlog	2026-09-09T19:32:23.0437673Z        sq-6tykl.5 follow-up: add a `sparq-reason (profile)` leg to the CI feature matrix
clear the needs:area park	Classify the needs:area backlog	2026-09-09T19:32:23.0437899Z #4741  upstream                                 T1 noir-upstream: PR against noir-lang/noir
clear the needs:area park	Classify the needs:area backlog	2026-09-09T19:32:23.0438167Z        noir upstream: four non-optimisation defects found during the sq-mtolx gap analysis
clear the needs:area park	Classify the needs:area backlog	2026-09-09T19:32:23.0438361Z #4742  ci                                       T1 ci: CI / orchestration infrastructure
clear the needs:area park	Classify the needs:area backlog	2026-09-09T19:32:23.0438596Z        preflight.py misses the gate-critical feature-matrix leg-name golden
clear the needs:area park	Classify the needs:area backlog	2026-09-09T19:32:23.0438818Z #4744  upstream                                 T1 noir-upstream: PR against noir-lang/noir
clear the needs:area park	Classify the needs:area backlog	2026-09-09T19:32:23.0439070Z        noir upstream: ACIR runaway-unroll hang for provably-terminating huge loops
clear the needs:area park	Classify the needs:area backlog	2026-09-09T19:32:23.0439283Z #4745  upstream                                 T1 noir-upstream: PR against noir-lang/noir
clear the needs:area park	Classify the needs:area backlog	2026-09-09T19:32:23.0439640Z        noir upstream: two ACIR bail-outs in unrolling.rs discard the source location
clear the needs:area park	Classify the needs:area backlog	2026-09-09T19:32:23.0439856Z #4746  upstream                                 T1 noir-upstream: PR against noir-lang/noir
clear the needs:area park	Classify the needs:area backlog	2026-09-09T19:32:23.0440100Z        noir upstream: stale mem2reg pass-ordering comment at ssa/opt/mod.rs:375-380
clear the needs:area park	Classify the needs:area backlog	2026-09-09T19:32:23.0440315Z #4747  upstream                                 T1 noir-upstream: PR against noir-lang/noir
clear the needs:area park	Classify the needs:area backlog	2026-09-09T19:32:23.0440518Z        noir upstream: CHANGELOG.md:67 over-claims what PR #11512 shipped
clear the needs:area park	Classify the needs:area backlog	2026-09-09T19:32:23.0440784Z #4748  sparq-engine                             T2 bd-to-issues.derive_areas (title scope/crate token)
clear the needs:area park	Classify the needs:area backlog	2026-09-09T19:32:23.0441153Z        engine: CONSTRUCT/DESCRIBE bypass the algebra-rewrite seam on every surface
clear the needs:area park	Classify the needs:area backlog	2026-09-09T19:32:23.0441348Z #4749  ci                                       T1 ci: CI / orchestration infrastructure
clear the needs:area park	Classify the needs:area backlog	2026-09-09T19:32:23.0441638Z        ci: no lane covers sparq-mcp's --no-default-features build now that `default` is non-empty
clear the needs:area park	Classify the needs:area backlog	2026-09-09T19:32:23.0441887Z #4750  sparq-mcp                                T2 bd-to-issues.derive_areas (title scope/crate token)
clear the needs:area park	Classify the needs:area backlog	2026-09-09T19:32:23.0442112Z        decide whether sparq-mcp should also ship `antijoin-static-decline`
clear the needs:area park	Classify the needs:area backlog	2026-09-09T19:32:23.0442366Z #4753  sparq-policy                             T1 odrl: ODRL evaluation lives in crates/sparq-policy
clear the needs:area park	Classify the needs:area backlog	2026-09-09T19:32:23.0442656Z        sq-snopa.8 follow-up: extend the ODRL lane to the stateful /authz source (currently refused)
clear the needs:area park	Classify the needs:area backlog	2026-09-09T19:32:23.0442923Z #4754  sparq-trust                              T1 trust-graph: the solid trust-graph / admission surface
clear the needs:area park	Classify the needs:area backlog	2026-09-09T19:32:23.0443221Z        sq-snopa.8 follow-up: compose the solid-authz-trust extension with the stateful /authz source
clear the needs:area park	Classify the needs:area backlog	2026-09-09T19:32:23.0443500Z #4755  sparq-server                             T1 solid-authz-server: the sparq-server http.rs authz path
clear the needs:area park	Classify the needs:area backlog	2026-09-09T19:32:23.0443798Z        sq-snopa.8 follow-up: resolve a request PATH to a named-graph IRI for the stateful /authz lane
clear the needs:area park	Classify the needs:area backlog	2026-09-09T19:32:23.0444075Z #4756  sparq-server                             T1 solid-authz-server: the sparq-server http.rs authz path
clear the needs:area park	Classify the needs:area backlog	2026-09-09T19:32:23.0444360Z        sq-snopa.8 follow-up: the stateful /authz view cache holds a single entry (WAC/ACP thrash)
clear the needs:area park	Classify the needs:area backlog	2026-09-09T19:32:23.0444603Z #4758  sparq-nlq                                T2 bd-to-issues.derive_areas (title scope/crate token)
clear the needs:area park	Classify the needs:area backlog	2026-09-09T19:32:23.0445002Z        sparq-nlq: expose a translate-only entry point (Nlq::translate) so sparq-mcp's nl_query need not re-implement the loop
clear the needs:area park	Classify the needs:area backlog	2026-09-09T19:32:23.0445374Z #4759  upstream                                 T1 noir-upstream: PR against noir-lang/noir
clear the needs:area park	Classify the needs:area backlog	2026-09-09T19:32:23.0445785Z        Noir upstream: ACIR runaway-unroll hang + two location-discarding bail-outs (unrolling.rs) [noir-acir-unroll-2026-07-28]
clear the needs:area park	Classify the needs:area backlog	2026-09-09T19:32:23.0446063Z #4761  sparq-reason-dl                          T2 bd-to-issues.derive_areas (title scope/crate token)
clear the needs:area park	Classify the needs:area backlog	2026-09-09T19:32:23.0446318Z        sparq-reason-dl: the PR1 punning boundary is non-uniform across the L4 dispatch
clear the needs:area park	Classify the needs:area backlog	2026-09-09T19:32:23.0446722Z #4762  sparq-reason-dl,sparq-conformance        T1 reason-dl-floor: the DL lane plus the conformance floor constants it ratchets
clear the needs:area park	Classify the needs:area backlog	2026-09-09T19:32:23.0447056Z        sparq-reason-dl: support owl:topObjectProperty / owl:bottomObjectProperty instead of refusing them
clear the needs:area park	Classify the needs:area backlog	2026-09-09T19:32:23.0447310Z #4764  sparq-engine                             T1 engine-topic: crates/sparq-engine planner/executor
clear the needs:area park	Classify the needs:area backlog	2026-09-09T19:32:23.0447742Z        sparq-difftest: no order-PRESERVING blank-node isomorphism comparator (ORDER BY + bnode is the residual sq-qcnn.5 gap)
clear the needs:area park	Classify the needs:area backlog	2026-09-09T19:32:23.0448001Z #4765  sparq-server                             T2 bd-to-issues.derive_areas (title scope/crate token)
clear the needs:area park	Classify the needs:area backlog	2026-09-09T19:32:23.0448281Z        solid_authz: `"view"` uses the same as_str() collapse that hid the non-string `"source"` bug
clear the needs:area park	Classify the needs:area backlog	2026-09-09T19:32:23.0448521Z #4766  sparq-mcp                                T2 bd-to-issues.derive_areas (title scope/crate token)
clear the needs:area park	Classify the needs:area backlog	2026-09-09T19:32:23.0449084Z        sparq-mcp nlq: run_nl_query hardcodes NlqConfig::default() and ignores check_dictionary, so ask/nl_query validation parity is unguarded
clear the needs:area park	Classify the needs:area backlog	2026-09-09T19:32:23.0449279Z #4767  ci                                       T1 ci: CI / orchestration infrastructure
clear the needs:area park	Classify the needs:area backlog	2026-09-09T19:32:23.0449703Z        38 draft PRs on review:parked: 22 were parked by a human-classified actor and NOTHING automatic can lift them (census + 5 recovered)
clear the needs:area park	Classify the needs:area backlog	2026-09-09T19:32:23.0449892Z #4769  ci                                       T1 ci: CI / orchestration infrastructure
clear the needs:area park	Classify the needs:area backlog	2026-09-09T19:32:23.0450289Z        Compliance docs cite a `supply-chain.yml#vex-deny-sync` JOB that no longer exists (it is a step in `supply-chain-gates`)
clear the needs:area park	Classify the needs:area backlog	2026-09-09T19:32:23.0450484Z #4770  ci                                       T1 ci: CI / orchestration infrastructure
clear the needs:area park	Classify the needs:area backlog	2026-09-09T19:32:23.0451225Z        `rust-supply-chain-attestation` SKILL.md still says `cargo deny check advisories` is `continue-on-error` (non-gating) — it has been GATING since sq-to
clear the needs:area park	Classify the needs:area backlog	2026-09-09T19:32:23.0451493Z #4771  sparq-reason-dl                          T2 bd-to-issues.derive_areas (title scope/crate token)
clear the needs:area park	Classify the needs:area backlog	2026-09-09T19:32:23.0451759Z        crates/sparq-reason-dl/README.md sits exactly at the 120-line readme-template cap
clear the needs:area park	Classify the needs:area backlog	2026-09-09T19:32:23.0451977Z #4772  site-papers                              T1 site-papers: paper-factory artifact
clear the needs:area park	Classify the needs:area backlog	2026-09-09T19:32:23.0452188Z        paper factory: make the timing boundary structural, not lexical
clear the needs:area park	Classify the needs:area backlog	2026-09-09T19:32:23.0452380Z #4774  ci                                       T1 ci: CI / orchestration infrastructure
clear the needs:area park	Classify the needs:area backlog	2026-09-09T19:32:23.0452647Z        Supply-chain skill still says the advisory check is non-gating (GX-1 section stale)
clear the needs:area park	Classify the needs:area backlog	2026-09-09T19:32:23.0452908Z #4775  sparq-engine                             T1 engine-topic: crates/sparq-engine planner/executor
clear the needs:area park	Classify the needs:area backlog	2026-09-09T19:32:23.0453408Z        sparq-difftest: ORDER BY tie detection covers only NUMERIC promotion — xsd:duration's partial order can still split a tie run
clear the needs:area park	Classify the needs:area backlog	2026-09-09T19:32:23.0453675Z #4776  sparq-engine                             T1 engine-topic: crates/sparq-engine planner/executor
clear the needs:area park	Classify the needs:area backlog	2026-09-09T19:32:23.0454120Z        sparq-difftest: implementation-defined ORDER BY extension order is a residual false-failure source in the cross-engine comparator
clear the needs:area park	Classify the needs:area backlog	2026-09-09T19:32:23.0454368Z #4777  sparq-policy                             T1 odrl: ODRL evaluation lives in crates/sparq-policy
clear the needs:area park	Classify the needs:area backlog	2026-09-09T19:32:23.0454587Z        ODRL bridge: two IRI-less policies still share one provenance anchor
clear the needs:area park	Classify the needs:area backlog	2026-09-09T19:32:23.0454754Z #4778  js                                       T1 js: the js/ RDF-JS client
clear the needs:area park	Classify the needs:area backlog	2026-09-09T19:32:23.0455284Z        gui lane is red on EVERY PR: tracked sparq_wasm.d.ts on main lacks `validateStore` (#4639 landed the binding without re-syncing)
clear the needs:area park	Classify the needs:area backlog	2026-09-09T19:32:23.0455482Z #4779  ci                                       T1 ci: CI / orchestration infrastructure
clear the needs:area park	Classify the needs:area backlog	2026-09-09T19:32:23.0455993Z        gui.yml path filter omits crates/sparq-wasm/** — wasm-binding drift lands on main undetected and surfaces on unrelated site PRs
clear the needs:area park	Classify the needs:area backlog	2026-09-09T19:32:23.0456289Z #4781  sparq-trust,sparq-server                 T2 bd-to-issues.derive_areas (title scope/crate token)
clear the needs:area park	Classify the needs:area backlog	2026-09-09T19:32:23.0456567Z        sparq-trust/sparq-server: expose the cert-graph closure depth_bound as configuration
clear the needs:area park	Classify the needs:area backlog	2026-09-09T19:32:23.0456831Z #4782  sparq-trust                              T1 trust-graph: the solid trust-graph / admission surface
clear the needs:area park	Classify the needs:area backlog	2026-09-09T19:32:23.0457091Z        sq-pfae.9 cost bound for the depth-N certification closure is not separately closed
clear the needs:area park	Classify the needs:area backlog	2026-09-09T19:32:23.0457348Z #4783  sparq-trust                              T2 bd-to-issues.derive_areas (title scope/crate token)
clear the needs:area park	Classify the needs:area backlog	2026-09-09T19:32:23.0457613Z        sparq-trust graph.rs: the cert-closure visited set is redundant with the cycle gate
clear the needs:area park	Classify the needs:area backlog	2026-09-09T19:32:23.0457860Z #4784  sparq-trust                              T2 bd-to-issues.derive_areas (title scope/crate token)
clear the needs:area park	Classify the needs:area backlog	2026-09-09T19:32:23.0458270Z        admission_cost evidence harness derives max_closure_depth_reached instead of measuring it
clear the needs:area park	Classify the needs:area backlog	2026-09-09T19:32:23.0458485Z #4786  upstream                                 T1 noir-upstream: PR against noir-lang/noir
clear the needs:area park	Classify the needs:area backlog	2026-09-09T19:32:23.0458940Z        noir upstream: checked_to_unchecked::required_bit_size understates ACIR unchecked arithmetic (prerequisite for #7161 / sq-jthy1)
clear the needs:area park	Classify the needs:area backlog	2026-09-09T19:32:23.0459161Z #4787  upstream                                 T1 noir-upstream: PR against noir-lang/noir
clear the needs:area park	Classify the needs:area backlog	2026-09-09T19:32:23.0459503Z        noir upstream: does a widening cast wash out the conservative unchecked-arithmetic bound? (needs repro)
clear the needs:area park	Classify the needs:area backlog	2026-09-09T19:32:23.0459761Z #4789  sparq-gpu                                T2 bd-to-issues.derive_areas (title scope/crate token)
clear the needs:area park	Classify the needs:area backlog	2026-09-09T19:32:23.0460015Z        sparq-gpu: Cargo.toml wgpu comment says 29 (and MSRV 1.83) but the dependency is 30
clear the needs:area park	Classify the needs:area backlog	2026-09-09T19:32:23.0460270Z #4790  sparq-gpu                                T2 bd-to-issues.derive_areas (title scope/crate token)
clear the needs:area park	Classify the needs:area backlog	2026-09-09T19:32:23.0460725Z        sparq-gpu kernels are unverified by the per-commit gates (tests skip-pass without a GPU, coverage floor 0, excluded from mutants)
clear the needs:area park	Classify the needs:area backlog	2026-09-09T19:32:23.0461093Z #4791  sparq-trust                              T2 bd-to-issues.derive_areas (title scope/crate token)
clear the needs:area park	Classify the needs:area backlog	2026-09-09T19:32:23.0461477Z        sparq-trust closure: the `seen` set is keyed on (certifier, certified_issuer) and is NOT purely redundant with GATE 1
clear the needs:area park	Classify the needs:area backlog	2026-09-09T19:32:23.0461682Z #4792  ci                                       T1 ci: CI / orchestration infrastructure
clear the needs:area park	Classify the needs:area backlog	2026-09-09T19:32:23.0461956Z        rust-supply-chain-attestation SKILL cites CI job names that no longer exist
clear the needs:area park	Classify the needs:area backlog	2026-09-09T19:32:23.0462141Z #4793  js                                       T1 js: the js/ RDF-JS client
clear the needs:area park	Classify the needs:area backlog	2026-09-09T19:32:23.0462623Z        CI: tracked @sparq/client wasm d.ts is stale on main — missing `validateStore` reds `site build + typecheck` on every PR
clear the needs:area park	Classify the needs:area backlog	2026-09-09T19:32:23.0462869Z #4794  bench                                    T2 bd-to-issues.derive_areas (title scope/crate token)
clear the needs:area park	Classify the needs:area backlog	2026-09-09T19:32:23.0463191Z        bench/trust-admission README: `visited_set_size` no longer tracks the closure's visited-set key
clear the needs:area park	Classify the needs:area backlog	2026-09-09T19:32:23.0463387Z #4797  ci                                       T1 ci: CI / orchestration infrastructure
clear the needs:area park	Classify the needs:area backlog	2026-09-09T19:32:23.0463825Z        feature-matrix upload-artifact has no retry, so one ECONNRESET reds the required gate on a fully-green tree (all 8 g19 legs passed)
clear the needs:area park	Classify the needs:area backlog	2026-09-09T19:32:23.0464103Z #4800  sparq-wrapper-shacl                      T2 bd-to-issues.derive_areas (title scope/crate token)
clear the needs:area park	Classify the needs:area backlog	2026-09-09T19:32:23.0464545Z        sparq-wrapper-shacl: adapter from a sparq-core Graph to the generated loader's Triple slice
clear the needs:area park	Classify the needs:area backlog	2026-09-09T19:32:23.0464824Z #4801  sparq-wrapper-shacl                      T2 bd-to-issues.derive_areas (title scope/crate token)
clear the needs:area park	Classify the needs:area backlog	2026-09-09T19:32:23.0465085Z        sparq-wrapper-shacl: generated sh:class check has no rdfs:subClassOf closure
clear the needs:area park	Classify the needs:area backlog	2026-09-09T19:32:23.0465359Z #4805  sparq-trust                              T1 trust-graph: the solid trust-graph / admission surface
clear the needs:area park	Classify the needs:area backlog	2026-09-09T19:32:23.0465730Z        sq-pfae.14 follow-up: wire StatusDelta into a caller-facing incremental re-check driver (sparq-solid epoch cache)
clear the needs:area park	Classify the needs:area backlog	2026-09-09T19:32:23.0465998Z #4806  sparq-trust                              T1 trust-graph: the solid trust-graph / admission surface
clear the needs:area park	Classify the needs:area backlog	2026-09-09T19:32:23.0466346Z        sq-pfae.14 follow-up: signed-delta helper so VerifyingLiveStatusCheck callers cannot diff unverified bits
clear the needs:area park	Classify the needs:area backlog	2026-09-09T19:32:23.0466540Z #4807  ci                                       T1 ci: CI / orchestration infrastructure
clear the needs:area park	Classify the needs:area backlog	2026-09-09T19:32:23.0466862Z        rearm-sweeper: 47 manual dispatches in 23h, measured yield zero arms (25/25 runs re-arm-attempts=0)
clear the needs:area park	Classify the needs:area backlog	2026-09-09T19:32:23.0467029Z #4815  js                                       T1 js: the js/ RDF-JS client
clear the needs:area park	Classify the needs:area backlog	2026-09-09T19:32:23.0467440Z        ci: five more published sparq-wasm features have no wasm32 build/clippy leg (serialize-rdf, scs, canon, bytes-ingest, forms)
clear the needs:area park	Classify the needs:area backlog	2026-09-09T19:32:23.0467811Z #4816  sparq-core                               T2 bd-to-issues.derive_areas (title scope/crate token)
clear the needs:area park	Classify the needs:area backlog	2026-09-09T19:32:23.0468174Z        sparq-core: export the inline-integer id domain size (INLINE_MAX / a count) instead of making callers restate it
clear the needs:area park	Classify the needs:area backlog	2026-09-09T19:32:23.0468438Z #4818  sparq-fedplan                            T2 bd-to-issues.derive_areas (title scope/crate token)
clear the needs:area park	Classify the needs:area backlog	2026-09-09T19:32:23.0468740Z        Preserve the sq-p6p6 local adaptive-replan evidence on main before the branch can be pruned
clear the needs:area park	Classify the needs:area backlog	2026-09-09T19:32:23.0468929Z #4824  ci                                       T1 ci: CI / orchestration infrastructure
clear the needs:area park	Classify the needs:area backlog	2026-09-09T19:32:23.0469518Z        PLAN frees a human-parked PR's area on the LABEL ALONE; CLAIM frees it only on the inertness proof — the #4819 disagreement, under-serialising directi
clear the needs:area park	Classify the needs:area backlog	2026-09-09T19:32:23.0469780Z #4826  sparq-server                             T2 bd-to-issues.derive_areas (title scope/crate token)
clear the needs:area park	Classify the needs:area backlog	2026-09-09T19:32:23.0470107Z        sparq-server has NO concurrent-connection cap (global or per-IP) on any of its four serve paths
clear the needs:area park	Classify the needs:area backlog	2026-09-09T19:32:23.0470410Z #4827  sparq-vectors                            T1 vectors-spqv: the .spqv / fusion surface in crates/sparq-vectors
clear the needs:area park	Classify the needs:area backlog	2026-09-09T19:32:23.0470696Z        vec:hybrid arm paging: consider a cursor/admissibility protocol instead of top-n re-asks
clear the needs:area park	Classify the needs:area backlog	2026-09-09T19:32:23.0471101Z #4828  sparq-wrapper-shacl                      T2 bd-to-issues.derive_areas (title scope/crate token)
clear the needs:area park	Classify the needs:area backlog	2026-09-09T19:32:23.0471393Z        sparq-wrapper-shacl: no lexical check for the XSD date/time and binary datatype families
clear the needs:area park	Classify the needs:area backlog	2026-09-09T19:32:23.0471609Z #4830  zk-xpath                                 T1 zk-xpath: zk/xpath (noir_XPath) sources
clear the needs:area park	Classify the needs:area backlog	2026-09-09T19:32:23.0472095Z        xpath differential M1: mixed int/double compare corpus misses the sq-3x7dl.5 invariant's own named edges (NaN unordered, +0 == -0) and the whole xs:fl
clear the needs:area park	Classify the needs:area backlog	2026-09-09T19:32:23.0472308Z #4831  zk-xpath                                 T1 zk-xpath: zk/xpath (noir_XPath) sources
clear the needs:area park	Classify the needs:area backlog	2026-09-09T19:32:23.0472749Z        xpath differential M1: sq-3x7dl.8 (min/max over empty) and sq-3x7dl.9 (duration/duration truncation) have no rows in the regression oracle
clear the needs:area park	Classify the needs:area backlog	2026-09-09T19:32:23.0473002Z #4833  sparq-mcp                                T2 bd-to-issues.derive_areas (title scope/crate token)
clear the needs:area park	Classify the needs:area backlog	2026-09-09T19:32:23.0473413Z        sparq-mcp: nl_query hardcodes NlqConfig::default(), so it would silently diverge from ask if check_dictionary is ever enabled
clear the needs:area park	Classify the needs:area backlog	2026-09-09T19:32:23.0473620Z #4834  zk-xpath                                 T1 zk-xpath: zk/xpath (noir_XPath) sources
clear the needs:area park	Classify the needs:area backlog	2026-09-09T19:32:23.0474045Z        xpath-differential: the per-test-function self-test now costs one nargo run per section
clear the needs:area park	Classify the needs:area backlog	2026-09-09T19:32:23.0474211Z #4837  js                                       T1 js: the js/ RDF-JS client
clear the needs:area park	Classify the needs:area backlog	2026-09-09T19:32:23.0474645Z        js: QuadStream and ArrayQuadStream disagree on read() vs 'data' — one splits quads, the other duplicates them
clear the needs:area park	Classify the needs:area backlog	2026-09-09T19:32:23.0474824Z #4838  js                                       T1 js: the js/ RDF-JS client
clear the needs:area park	Classify the needs:area backlog	2026-09-09T19:32:23.0475075Z        js: @jeswr/sparq ships .d.ts importing @rdfjs/types, which is only a devDependency
clear the needs:area park	Classify the needs:area backlog	2026-09-09T19:32:23.0475309Z #4842  gui                                      T2 bd-to-issues.derive_areas (title scope/crate token)
clear the needs:area park	Classify the needs:area backlog	2026-09-09T19:32:23.0475678Z        GUI: SHACL tool's shape sources are session-only, so they cannot drive the query builder's shape-aware suggestions
clear the needs:area park	Classify the needs:area backlog	2026-09-09T19:32:23.0475916Z #4843  gui                                      T2 bd-to-issues.derive_areas (title scope/crate token)
clear the needs:area park	Classify the needs:area backlog	2026-09-09T19:32:23.0476183Z        GUI query builder: canvas node/edge selection is pointer-only (keyboard a11y gap)
clear the needs:area park	Classify the needs:area backlog	2026-09-09T19:32:23.0476411Z #4844  gui                                      T2 bd-to-issues.derive_areas (title scope/crate token)
clear the needs:area park	Classify the needs:area backlog	2026-09-09T19:32:23.0476681Z        GUI query builder: SHACL shape discovery covers only sh:targetClass with IRI sh:path
clear the needs:area park	Classify the needs:area backlog	2026-09-09T19:32:23.0477047Z #4848  sparq-terse                              T2 bd-to-issues.derive_areas (title scope/crate token)
clear the needs:area park	Classify the needs:area backlog	2026-09-09T19:32:23.0477346Z        Expose sparq-terse did-you-mean hints as structured JSON in the CLI + server terse surfaces
clear the needs:area park	Classify the needs:area backlog	2026-09-09T19:32:23.0477598Z #4850  sparq-server                             T2 bd-to-issues.derive_areas (title scope/crate token)
clear the needs:area park	Classify the needs:area backlog	2026-09-09T19:32:23.0477935Z        perf(server): sparq-server is still missing `antijoin-static-decline` (sparq-cli + sparq-py ship it)
clear the needs:area park	Classify the needs:area backlog	2026-09-09T19:32:23.0478214Z #4853  sparq-fedplan-mpc                        T2 bd-to-issues.derive_areas (title scope/crate token)
clear the needs:area park	Classify the needs:area backlog	2026-09-09T19:32:23.0478531Z        Decision: the 2 REMAINING open questions on the MPC-seam design record (Phase-5 binding, B7 scope)
clear the needs:area park	Classify the needs:area backlog	2026-09-09T19:32:23.0478780Z #4854  sparq-mpc                                T2 bd-to-issues.derive_areas (title scope/crate token)
clear the needs:area park	Classify the needs:area backlog	2026-09-09T19:32:23.0479145Z        MPC: MacSession::auth_mul should bind BOTH multiplication operands (Chida-et-al. gate verification)
clear the needs:area park	Classify the needs:area backlog	2026-09-09T19:32:23.0479406Z #4855  sparq-terse                              T2 bd-to-issues.derive_areas (title scope/crate token)
clear the needs:area park	Classify the needs:area backlog	2026-09-09T19:32:23.0479731Z        sparq-terse: a PN_PREFIX containing an internal dot can still be misclassified as a keyword typo
clear the needs:area park	Classify the needs:area backlog	2026-09-09T19:32:23.0479987Z #4859  sparq-reason                             T2 bd-to-issues.derive_areas (title scope/crate token)
clear the needs:area park	Classify the needs:area backlog	2026-09-09T19:32:23.0480269Z        N3 incremental counting profile: quoted-triple support (n3_simple_term disqualifies)
clear the needs:area park	Classify the needs:area backlog	2026-09-09T19:32:23.0480534Z #4861  sparq-cli,sparq-mcp                      T2 bd-to-issues.derive_areas (title scope/crate token)
clear the needs:area park	Classify the needs:area backlog	2026-09-09T19:32:23.0481040Z        Ship the MCP server in the released artifacts (sparq-cli `mcp` subcommand or dist packaging for the sparq-mcp bin)
clear the needs:area park	Classify the needs:area backlog	2026-09-09T19:32:23.0481286Z #4863  gui                                      T2 bd-to-issues.derive_areas (title scope/crate token)
clear the needs:area park	Classify the needs:area backlog	2026-09-09T19:32:23.0481586Z        gui query-builder: sanitizeVariable never returns its fallback for punctuation-only input
clear the needs:area park	Classify the needs:area backlog	2026-09-09T19:32:23.0481820Z #4864  gui                                      T2 bd-to-issues.derive_areas (title scope/crate token)
clear the needs:area park	Classify the needs:area backlog	2026-09-09T19:32:23.0482091Z        gui query-builder: 'no value' filter test asserts one warning but the lowering emits two
clear the needs:area park	Classify the needs:area backlog	2026-09-09T19:32:23.0482284Z #4865  ci                                       T1 ci: CI / orchestration infrastructure
clear the needs:area park	Classify the needs:area backlog	2026-09-09T19:32:23.0482749Z        preflight.py does not run markdownlint — doc-only diffs pass pre-submit and still red the docs-quality HARD gate
clear the needs:area park	Classify the needs:area backlog	2026-09-09T19:32:23.0483007Z #4867  sparq-vectors                            T2 bd-to-issues.derive_areas (title scope/crate token)
clear the needs:area park	Classify the needs:area backlog	2026-09-09T19:32:23.0483415Z        coverage: measure sparq-vamana in the per-commit coverage tier (seed its line-% floor)
clear the needs:area park	Classify the needs:area backlog	2026-09-09T19:32:23.0483599Z #4868  ci                                       T1 ci: CI / orchestration infrastructure
clear the needs:area park	Classify the needs:area backlog	2026-09-09T19:32:23.0483886Z        asan: extend the ASan corpus lane to the extracted sparq-vamana `.spqg` validator directly
clear the needs:area park	Classify the needs:area backlog	2026-09-09T19:32:23.0493820Z #4870  js                                       T1 js: the js/ RDF-JS client
clear the needs:area park	Classify the needs:area backlog	2026-09-09T19:32:23.0494376Z        js: `rdflib` is imported directly by test/solid-differential.test.mjs but declared nowhere
clear the needs:area park	Classify the needs:area backlog	2026-09-09T19:32:23.0495445Z #4871  js                                       T2 bd-to-issues.derive_areas (title scope/crate token)
clear the needs:area park	Classify the needs:area backlog	2026-09-09T19:32:23.0496258Z        js: bare `node --test` executes test/helpers/zstd-fixtures.mjs as a test file
clear the needs:area park	Classify the needs:area backlog	2026-09-09T19:32:23.0497187Z #4875  sparq-bench                              T2 bd-to-issues.derive_areas (title scope/crate token)
clear the needs:area park	Classify the needs:area backlog	2026-09-09T19:32:23.0498149Z        Query differential (fuzz.rs) has no non-canonical numeric lexical coverage
clear the needs:area park	Classify the needs:area backlog	2026-09-09T19:32:23.0498944Z #4885  js                                       T1 js: the js/ RDF-JS client
clear the needs:area park	Classify the needs:area backlog	2026-09-09T19:32:23.0500060Z        ci(gui): gui.yml path filter omits crates/sparq-*-wasm/** — wasm binding drift reaches main undetected
clear the needs:area park	Classify the needs:area backlog	2026-09-09T19:32:23.0501594Z #4886  sparq-wasm                               T2 bd-to-issues.derive_areas (title scope/crate token)
clear the needs:area park	Classify the needs:area backlog	2026-09-09T19:32:23.0502684Z        client: @sparq/client typed facade does not surface the new store-backed SHACL validateStore binding
clear the needs:area park	Classify the needs:area backlog	2026-09-09T19:32:23.0503791Z #4887  sparq-mpc                                T2 bd-to-issues.derive_areas (title scope/crate token)
clear the needs:area park	Classify the needs:area backlog	2026-09-09T19:32:23.0504942Z        sparq-mpc bench: record the declared BackendInfo.requires_preprocessing in the matrix JSON rows
clear the needs:area park	Classify the needs:area backlog	2026-09-09T19:32:23.0506029Z #4888  sparq-mpc                                T2 bd-to-issues.derive_areas (title scope/crate token)
clear the needs:area park	Classify the needs:area backlog	2026-09-09T19:32:23.0507154Z        sparq-mpc: let SecurityRequirement/BackendRegistry fail closed on a preprocessing BUDGET ceiling
clear the needs:area park	Classify the needs:area backlog	2026-09-09T19:32:23.0508222Z #4889  docs                                     T2 bd-to-issues.derive_areas (title scope/crate token)
clear the needs:area park	Classify the needs:area backlog	2026-09-09T19:32:23.0509342Z        docs(lws): handler.rs module docs carry the same over-broad "each handler runs WAC" claim as ldp/mod.rs did
clear the needs:area park	Classify the needs:area backlog	2026-09-09T19:32:23.0510446Z #4891  gui                                      T2 bd-to-issues.derive_areas (title scope/crate token)
clear the needs:area park	Classify the needs:area backlog	2026-09-09T19:32:23.0511771Z        gui.yml: "site build + typecheck (consuming @sparq/client)" went red on a PR that changes no input of that job
clear the needs:area park	Classify the needs:area backlog	2026-09-09T19:32:23.0512946Z #4893  sparq-lws-core                           T2 bd-to-issues.derive_areas (title scope/crate token)
clear the needs:area park	Classify the needs:area backlog	2026-09-09T19:32:23.0514138Z        dependabot has no `docker` ecosystem — base-image digest pins never get bumped
clear the needs:area park	Classify the needs:area backlog	2026-09-09T19:32:23.0515123Z #4895  sparq-fedplan                            T2 bd-to-issues.derive_areas (title scope/crate token)
clear the needs:area park	Classify the needs:area backlog	2026-09-09T19:32:23.0516490Z        sparq-fedplan: SourceDescriptor has no explicit char-set completeness flag, so the Phase-6 Rule C2 prune must infer it and usually declines
clear the needs:area park	Classify the needs:area backlog	2026-09-09T19:32:23.0517922Z #4896  sparq-fedplan-mpc                        T2 bd-to-issues.derive_areas (title scope/crate token)
clear the needs:area park	Classify the needs:area backlog	2026-09-09T19:32:23.0519016Z        MPC seam: Phase 6 prune_source_combinations is exported but no caller acts on it
clear the needs:area park	Classify the needs:area backlog	2026-09-09T19:32:23.0520059Z #4898  sparq-engine-serialize                   T2 bd-to-issues.derive_areas (title scope/crate token)
clear the needs:area park	Classify the needs:area backlog	2026-09-09T19:32:23.0521566Z        [bug]: Turtle serialization (graph_to_turtle) ~32% slower than Oxigraph 0.5 baseline on a real-document-shaped graph
clear the needs:area park	Classify the needs:area backlog	2026-09-09T19:32:23.0522844Z #4902  sparq-lws-core                           T2 bd-to-issues.derive_areas (title scope/crate token)
clear the needs:area park	Classify the needs:area backlog	2026-09-09T19:32:23.0524029Z        sq-gg0qq.7 follow-up: rename the CTH harness target when the sparq-solid-server bin lands (sq-gg0qq.4)
clear the needs:area park	Classify the needs:area backlog	2026-09-09T19:32:23.0525251Z #4903  sparq-lws-core                           T2 bd-to-issues.derive_areas (title scope/crate token)
clear the needs:area park	Classify the needs:area backlog	2026-09-09T19:32:23.0525869Z        sq-gg0qq.7 follow-up: make the ath-patched CTH image reproducible in-repo
clear the needs:area park	Classify the needs:area backlog	2026-09-09T19:32:23.0526386Z #4904  docs                                     T1 docs: documentation-only change
clear the needs:area park	Classify the needs:area backlog	2026-09-09T19:32:23.0527056Z        Doc honesty: scope the CTH-not-worth-doing conclusion to sparq-server now that sparq-lws-core has a CTH lane
clear the needs:area park	Classify the needs:area backlog	2026-09-09T19:32:23.0527789Z #4905  sparq-lws-core                           T2 bd-to-issues.derive_areas (title scope/crate token)
clear the needs:area park	Classify the needs:area backlog	2026-09-09T19:32:23.0528404Z        sq-gg0qq.7 follow-up: promote the hermetic CTH config check into a per-PR lane
clear the needs:area park	Classify the needs:area backlog	2026-09-09T19:32:23.0529007Z #4908  sparq-bench                              T2 bd-to-issues.derive_areas (title scope/crate token)
clear the needs:area park	Classify the needs:area backlog	2026-09-09T19:32:23.0529997Z        test(sparq-bench): differential fuzzer has no var-to-var correlated OPTIONAL condition — `try_theta_antijoin`'s FIRING path is still oracle-less
clear the needs:area park	Classify the needs:area backlog	2026-09-09T19:32:23.0530805Z #4910  zk-xpath                                 T1 zk-xpath: zk/xpath (noir_XPath) sources
clear the needs:area park	Classify the needs:area backlog	2026-09-09T19:32:23.0531908Z        noir_XPath face repo: correct F&O section citations in duration.nr + duration test_packages (8.4.3/8.4.4/8.3.17/8.3.18)
clear the needs:area park	Classify the needs:area backlog	2026-09-09T19:32:23.0532654Z #4912  sparq-reason                             T2 bd-to-issues.derive_areas (title scope/crate token)
clear the needs:area park	Classify the needs:area backlog	2026-09-09T19:32:23.0533541Z        sq-6tykl.5 follow-up: server/introspect surface for the reasoning profile so the GUI can render it
clear the needs:area park	Classify the needs:area backlog	2026-09-09T19:32:23.0534209Z #4913  sparq-reason                             T2 bd-to-issues.derive_areas (title scope/crate token)
clear the needs:area park	Classify the needs:area backlog	2026-09-09T19:32:23.0534832Z        sq-6tykl.5 follow-up: profile the N3 chainer and the stratified-datalog evaluator
clear the needs:area park	Classify the needs:area backlog	2026-09-09T19:32:23.0535381Z #4914  ci                                       T1 ci: CI / orchestration infrastructure
clear the needs:area park	Classify the needs:area backlog	2026-09-09T19:32:23.0535868Z        CI: `sparq-reason --features profile` has no feature-matrix leg
clear the needs:area park	Classify the needs:area backlog	2026-09-09T19:32:23.0536415Z #4916  sparq-reason                             T2 bd-to-issues.derive_areas (title scope/crate token)
clear the needs:area park	Classify the needs:area backlog	2026-09-09T19:32:23.0537120Z        coverage: re-seed the sparq-reason floor from the first with-datalog CI measurement (sq-iwf3c remainder)
clear the needs:area park	Classify the needs:area backlog	2026-09-09T19:32:23.0537814Z #4918  sparq-lws-core                           T2 bd-to-issues.derive_areas (title scope/crate token)
clear the needs:area park	Classify the needs:area backlog	2026-09-09T19:32:23.0538579Z        sparq-lws-core: rate_limit.rs docs describe the CTH socat sidecar as unconditional (and contradict themselves on loopback)
clear the needs:area park	Classify the needs:area backlog	2026-09-09T19:32:23.0539291Z #4920  gui                                      T2 bd-to-issues.derive_areas (title scope/crate token)
clear the needs:area park	Classify the needs:area backlog	2026-09-09T19:32:23.0539961Z        gui/app file-decompress: no bzip2/zstd/zip test — only the gzip path is covered
clear the needs:area park	Classify the needs:area backlog	2026-09-09T19:32:23.0540561Z #4923  sparq-mcp                                T2 bd-to-issues.derive_areas (title scope/crate token)
clear the needs:area park	Classify the needs:area backlog	2026-09-09T19:32:23.0541314Z        sparq-mcp: paginate resources/list and prompts/list (MCP cursor/nextCursor)
clear the needs:area park	Classify the needs:area backlog	2026-09-09T19:32:23.0541912Z #4924  sparq-mcp                                T2 bd-to-issues.derive_areas (title scope/crate token)
clear the needs:area park	Classify the needs:area backlog	2026-09-09T19:32:23.0542561Z        sparq-mcp: emit notifications/resources/list_changed when an update changes the named-graph set
clear the needs:area park	Classify the needs:area backlog	2026-09-09T19:32:23.0543223Z #4927  sparq-reason                             T2 bd-to-issues.derive_areas (title scope/crate token)
clear the needs:area park	Classify the needs:area backlog	2026-09-09T19:32:23.0543839Z        Re-seed sparq-reason coverage floor from the first green with-datalog CI measurement
clear the needs:area park	Classify the needs:area backlog	2026-09-09T19:32:23.0544454Z #4931  sparq-server                             T2 bd-to-issues.derive_areas (title scope/crate token)
clear the needs:area park	Classify the needs:area backlog	2026-09-09T19:32:23.0545148Z        sparq-server: 7 broken intra-doc links in private items (only visible under --document-private-items)
clear the needs:area park	Classify the needs:area backlog	2026-09-09T19:32:23.0545831Z #4932  sparq-server                             T2 bd-to-issues.derive_areas (title scope/crate token)
clear the needs:area park	Classify the needs:area backlog	2026-09-09T19:32:23.0546681Z        sparq-server point-in-time: reconstruct forward from a backup artifact instead of rewinding the whole graph
clear the needs:area park	Classify the needs:area backlog	2026-09-09T19:32:23.0547379Z #4933  sparq-server                             T2 bd-to-issues.derive_areas (title scope/crate token)
clear the needs:area park	Classify the needs:area backlog	2026-09-09T19:32:23.0548136Z        sparq-server point-in-time: replace the O(graph) rewind with a structural-fork/COW delta chain when persistent indexes land
clear the needs:area park	Classify the needs:area backlog	2026-09-09T19:32:23.0548860Z #4937  site-papers                              T1 site-papers: paper-factory artifact
clear the needs:area park	Classify the needs:area backlog	2026-09-09T19:32:23.0549473Z        gui.yml `site build + typecheck` lane never compiles site/papers/*.typ (no Typst CLI installed)
clear the needs:area park	Classify the needs:area backlog	2026-09-09T19:32:23.0550105Z #4938  sparq-mpc                                T2 bd-to-issues.derive_areas (title scope/crate token)
clear the needs:area park	Classify the needs:area backlog	2026-09-09T19:32:23.0550794Z        sparq-mpc: build the constant-round comparison the WAN selector now names (Rabbit/edaBits offline generator)
clear the needs:area park	Classify the needs:area backlog	2026-09-09T19:32:23.0551610Z #4939  sparq-mpc                                T2 bd-to-issues.derive_areas (title scope/crate token)
clear the needs:area park	Classify the needs:area backlog	2026-09-09T19:32:23.0552246Z        sparq-mpc: no Boolean backend, so string/regex FILTER cannot be evaluated securely at all
clear the needs:area park	Classify the needs:area backlog	2026-09-09T19:32:23.0552832Z #4940  bench                                    T1 bench-generic: a benchmarking deliverable
clear the needs:area park	Classify the needs:area backlog	2026-09-09T19:32:23.0553425Z        sparq-mpc: wire the WAN protocol selector into the pipeline routing and the benchmark matrix
clear the needs:area park	Classify the needs:area backlog	2026-09-09T19:32:23.0554182Z #4941  sparq-reason                             T2 bd-to-issues.derive_areas (title scope/crate token)
clear the needs:area park	Classify the needs:area backlog	2026-09-09T19:32:23.0554835Z        coverage ratchet: clear sparq-reason's seed_pending flag once the with-datalog measurement is in
clear the needs:area park	Classify the needs:area backlog	2026-09-09T19:32:23.0555486Z #4943  sparq-server                             T2 bd-to-issues.derive_areas (title scope/crate token)
clear the needs:area park	Classify the needs:area backlog	2026-09-09T19:32:23.0556065Z        point-in-time: the log-LEADS-ring race maps to a 500, not a retryable 503
clear the needs:area park	Classify the needs:area backlog	2026-09-09T19:32:23.0556560Z #4945  js                                       T1 js: the js/ RDF-JS client
clear the needs:area park	Classify the needs:area backlog	2026-09-09T19:32:23.0557079Z        js: Dataset.import still buffers the whole quad Stream before applying one delta
clear the needs:area park	Classify the needs:area backlog	2026-09-09T19:32:23.0557590Z #4946  js                                       T1 js: the js/ RDF-JS client
clear the needs:area park	Classify the needs:area backlog	2026-09-09T19:32:23.0558162Z        js: SparqSource.removeMatches/deleteGraph materialise the whole matched graph before removing
clear the needs:area park	Classify the needs:area backlog	2026-09-09T19:32:23.0558744Z #4947  js                                       T1 js: the js/ RDF-JS client
clear the needs:area park	Classify the needs:area backlog	2026-09-09T19:32:23.0559309Z        js: deleteGraph(string) reads a leading '_:' as an IRI, where N3.js reads it as a blank-node graph name
clear the needs:area park	Classify the needs:area backlog	2026-09-09T19:32:23.0559954Z #4950  sparq-mpc                                T2 bd-to-issues.derive_areas (title scope/crate token)
clear the needs:area park	Classify the needs:area backlog	2026-09-09T19:32:23.0560796Z        Honesty drift: lib.rs says auth_compare is reported as OperatorClass::Comparison @ Malicious+Abort, but shamir.rs reports Comparison => semi_honest_on
clear the needs:area park	Classify the needs:area backlog	2026-09-09T19:32:23.0561755Z #4952  sparq-lws-core                           T2 bd-to-issues.derive_areas (title scope/crate token)
clear the needs:area park	Classify the needs:area backlog	2026-09-09T19:32:23.0562382Z        sq-gg0qq.6 follow-on: re-home origin/feat/lws into a crates/sparq-lws profile crate
clear the needs:area park	Classify the needs:area backlog	2026-09-09T19:32:23.0562993Z #4953  sparq-lws-core                           T2 bd-to-issues.derive_areas (title scope/crate token)
clear the needs:area park	Classify the needs:area backlog	2026-09-09T19:32:23.0563629Z        Extend the lws-spec vector coverage ledger beyond evaluate-access (138 pending cases)
clear the needs:area park	Classify the needs:area backlog	2026-09-09T19:32:23.0564262Z #4954  sparq-lws-core                           T2 bd-to-issues.derive_areas (title scope/crate token)
clear the needs:area park	Classify the needs:area backlog	2026-09-09T19:32:23.0564884Z        Opt-in CI lane to re-derive the lws-spec access vectors from the N3 rule set under EYE
clear the needs:area park	Classify the needs:area backlog	2026-09-09T19:32:23.0565491Z #4955  sparq-lws-core                           T2 bd-to-issues.derive_areas (title scope/crate token)
clear the needs:area park	Classify the needs:area backlog	2026-09-09T19:32:23.0566146Z        Wire authz::access_profile into the LDP request path (soundness-sensitive)
clear the needs:area park	Classify the needs:area backlog	2026-09-09T19:32:23.0566723Z #4958  sparq-mcp                                T2 bd-to-issues.derive_areas (title scope/crate token)
clear the needs:area park	Classify the needs:area backlog	2026-09-09T19:32:23.0567482Z        sparq-mcp: wire the Streamable HTTP transport into the `sparq-mcp` binary (`--http ADDR`)
clear the needs:area park	Classify the needs:area backlog	2026-09-09T19:32:23.0568104Z #4959  sparq-mcp                                T2 bd-to-issues.derive_areas (title scope/crate token)
clear the needs:area park	Classify the needs:area backlog	2026-09-09T19:32:23.0568718Z        sparq-mcp: deliver SolidMcpServer notifications over the Streamable HTTP SSE stream
clear the needs:area park	Classify the needs:area backlog	2026-09-09T19:32:23.0569336Z #4960  sparq-mcp                                T2 bd-to-issues.derive_areas (title scope/crate token)
clear the needs:area park	Classify the needs:area backlog	2026-09-09T19:32:23.0569884Z        sparq-mcp: no graceful shutdown for the Streamable HTTP accept loop
clear the needs:area park	Classify the needs:area backlog	2026-09-09T19:32:23.0570425Z #4961  sparq-mcp                                T2 bd-to-issues.derive_areas (title scope/crate token)
clear the needs:area park	Classify the needs:area backlog	2026-09-09T19:32:23.0571059Z        sparq-mcp: Streamable HTTP sessions have no idle expiry
clear the needs:area park	Classify the needs:area backlog	2026-09-09T19:32:23.0571549Z #4968  ci                                       T1 ci: CI / orchestration infrastructure
clear the needs:area park	Classify the needs:area backlog	2026-09-09T19:32:23.0572328Z        needs:user — apply model-tiered-scheduler-v2 to .claude/workflows/autonomous-scheduler.js (sq-sgu1.2 remainder)
clear the needs:area park	Classify the needs:area backlog	2026-09-09T19:32:23.0572965Z #4972  js                                       T1 js: the js/ RDF-JS client
clear the needs:area park	Classify the needs:area backlog	2026-09-09T19:32:23.0573583Z        gui.yml path filter omits crates/sparq-wasm/** — wasm d.ts drift lands on main undetected
clear the needs:area park	Classify the needs:area backlog	2026-09-09T19:32:23.0574212Z #4973  sparq-bench                              T2 bd-to-issues.derive_areas (title scope/crate token)
clear the needs:area park	Classify the needs:area backlog	2026-09-09T19:32:23.0574911Z        differential fuzzer: wire the second oracle (Jena/rdflib) into a CI lane
clear the needs:area park	Classify the needs:area backlog	2026-09-09T19:32:23.0575471Z #4974  sparq-bench                              T2 bd-to-issues.derive_areas (title scope/crate token)
clear the needs:area park	Classify the needs:area backlog	2026-09-09T19:32:23.0576129Z        SubprocessOracle has no per-query timeout — a hung backend hangs the fuzz run
clear the needs:area park	Classify the needs:area backlog	2026-09-09T19:32:23.0576729Z #4975  sparq-server                             T2 bd-to-issues.derive_areas (title scope/crate token)
clear the needs:area park	Classify the needs:area backlog	2026-09-09T19:32:23.0577313Z        pit: a cross-lineage ?at= span is refused as Uncovered (500), not Gap (410)
clear the needs:area park	Classify the needs:area backlog	2026-09-09T19:32:23.0577834Z #4977  ci                                       T1 ci: CI / orchestration infrastructure
clear the needs:area park	Classify the needs:area backlog	2026-09-09T19:32:23.0578440Z        feature-matrix.yml comments still explain gating via the superseded pre-#3773 advisory NAME rule
clear the needs:area park	Classify the needs:area backlog	2026-09-09T19:32:23.0579029Z #4979  ci                                       T1 ci: CI / orchestration infrastructure
clear the needs:area park	Classify the needs:area backlog	2026-09-09T19:32:23.0579801Z        fuzz.yml: nightly soak is truncated by timeout-minutes — 13 targets x NIGHTLY_SECS=600 is ~130min against a 60min ceiling
clear the needs:area park	Classify the needs:area backlog	2026-09-09T19:32:23.0580464Z #4980  ci                                       T1 ci: CI / orchestration infrastructure
clear the needs:area park	Classify the needs:area backlog	2026-09-09T19:32:23.0581230Z        ci-select: five per-workflow `select` pre-jobs each pay a fetch-depth-0 checkout + cargo metadata on every push
clear the needs:area park	Classify the needs:area backlog	2026-09-09T19:32:23.0581948Z #4981  sparq-mcp                                T2 bd-to-issues.derive_areas (title scope/crate token)
clear the needs:area park	Classify the needs:area backlog	2026-09-09T19:32:23.0582642Z        sparq-mcp http: over-cap refusals are written on the accept thread, so a non-reading peer can stall accepting
clear the needs:area park	Classify the needs:area backlog	2026-09-09T19:32:23.0583337Z #4989  sparq-bench                              T2 bd-to-issues.derive_areas (title scope/crate token)
clear the needs:area park	Classify the needs:area backlog	2026-09-09T19:32:23.0583993Z        sq-qcnn.8 follow-up: provision a nightly lane that actually RUNS the Jena/rdflib oracle harnesses
clear the needs:area park	Classify the needs:area backlog	2026-09-09T19:32:23.0584643Z #4991  sparq-bench                              T2 bd-to-issues.derive_areas (title scope/crate token)
clear the needs:area park	Classify the needs:area backlog	2026-09-09T19:32:23.0585336Z        sq-qcnn.8 follow-up: OracleResult drops the SELECT header variable list, hiding projection-list differences
clear the needs:area park	Classify the needs:area backlog	2026-09-09T19:32:23.0585961Z #4993  ci                                       T1 ci: CI / orchestration infrastructure
clear the needs:area park	Classify the needs:area backlog	2026-09-09T19:32:23.0586583Z        test_no_deprecated_models.py pins a workflow FILENAME as a path trigger, forcing a redundant filter entry
clear the needs:area park	Classify the needs:area backlog	2026-09-09T19:32:23.0587199Z #4995  ci                                       T1 ci: CI / orchestration infrastructure
clear the needs:area park	Classify the needs:area backlog	2026-09-09T19:32:23.0588176Z        bd-to-issues.py: edge-marker presence check is prefix-ambiguous — `Blocked-by: #26` reads as present in a body carrying only `Blocked-by: #2640`
clear the needs:area park	Classify the needs:area backlog	2026-09-09T19:32:23.0588995Z #5006  sparq-reason                             T2 bd-to-issues.derive_areas (title scope/crate token)
clear the needs:area park	Classify the needs:area backlog	2026-09-09T19:32:23.0589838Z        sq-zgbso.4 remainder: give sparq-reason's CompiledRuleSet a build-time emission surface (serialize/const-table) so the N3 parser can leave the runtime
clear the needs:area park	Classify the needs:area backlog	2026-09-09T19:32:23.0590614Z #5008  ci                                       T1 ci: CI / orchestration infrastructure
clear the needs:area park	Classify the needs:area backlog	2026-09-09T19:32:23.0591374Z        docs-duplication (jscpd): consider path-filtering the lane so non-doc PRs skip the ~minutes-long corpus scan
clear the needs:area park	Classify the needs:area backlog	2026-09-09T19:32:23.0592071Z #5013  sparq-zk-compose                         T1 zk-compose: zk-compose circuit/verifier surface
clear the needs:area park	Classify the needs:area backlog	2026-09-09T19:32:23.0592833Z        Noir program: no `bb` binary in any measurement environment — one missing capability blocks five beads
clear the needs:area park	Classify the needs:area backlog	2026-09-09T19:32:23.0593522Z #5015  sparq-wrapper-shacl                      T2 bd-to-issues.derive_areas (title scope/crate token)
clear the needs:area park	Classify the needs:area backlog	2026-09-09T19:32:23.0594222Z        sparq-wrapper-shacl: provide a Store -> generated `Source` adapter so consumers don't hand-write it
clear the needs:area park	Classify the needs:area backlog	2026-09-09T19:32:23.0594934Z #5016  sparq-wrapper-gen                        T2 bd-to-issues.derive_areas (title scope/crate token)
clear the needs:area park	Classify the needs:area backlog	2026-09-09T19:32:23.0595726Z        sparq-wrapper-gen: give the SHACL object-model generator an entry point (build script / CLI)
clear the needs:area park	Classify the needs:area backlog	2026-09-09T19:32:23.0596405Z #5017  sparq-bench                              T2 bd-to-issues.derive_areas (title scope/crate token)
clear the needs:area park	Classify the needs:area backlog	2026-09-09T19:32:23.0597089Z        sparq-bench fuzz scratch directories use predictable, process-id-derived names in the shared temp dir
clear the needs:area park	Classify the needs:area backlog	2026-09-09T19:32:23.0597713Z #5023  ci                                       T1 ci: CI / orchestration infrastructure
clear the needs:area park	Classify the needs:area backlog	2026-09-09T19:32:23.0598331Z        preflight.py should run the C1 feature-gated-test-execution guard (it is mechanical and diff-local)
clear the needs:area park	Classify the needs:area backlog	2026-09-09T19:32:23.0599007Z #5034  sparq-serve                              T2 bd-to-issues.derive_areas (title scope/crate token)
clear the needs:area park	Classify the needs:area backlog	2026-09-09T19:32:23.0599727Z        sparq-serve: expose a cheap re-derived-from-disk change-log trim horizon so /streams tracks an out-of-band trim live
clear the needs:area park	Classify the needs:area backlog	2026-09-09T19:32:23.0600462Z #5036  sparq-bench                              T2 bd-to-issues.derive_areas (title scope/crate token)
clear the needs:area park	Classify the needs:area backlog	2026-09-09T19:32:23.0601384Z        research/differential-testing-value-level.md: the "what exists" audit + §3.4 are stale after sq-qcnn.5
clear the needs:area park	Classify the needs:area backlog	2026-09-09T19:32:23.0602018Z #5037  ci                                       T1 ci: CI / orchestration infrastructure
clear the needs:area park	Classify the needs:area backlog	2026-09-09T19:32:23.0602660Z        sq-qcnn.6: generator has no ASK / CONSTRUCT / DESCRIBE category, so the new value comparators have no live coverage
clear the needs:area park	Classify the needs:area backlog	2026-09-09T19:32:23.0603365Z #5038  sparq-engine                             T1 engine-topic: crates/sparq-engine planner/executor
clear the needs:area park	Classify the needs:area backlog	2026-09-09T19:32:23.0604105Z        fuzz.rs: a bnode-bearing ORDER BY answer has its ORDER un-checked (RDFC-1.0 canonicalises the table, discarding row order)
clear the needs:area park	Classify the needs:area backlog	2026-09-09T19:32:23.0604876Z #5039  sparq-wrapper-shacl                      T2 bd-to-issues.derive_areas (title scope/crate token)
clear the needs:area park	Classify the needs:area backlog	2026-09-09T19:32:23.0605585Z        sparq-wrapper-shacl: generated loader params `source`/`focus` can be shadowed by a field of the same name
clear the needs:area park	Classify the needs:area backlog	2026-09-09T19:32:23.0606304Z #5040  sparq-wrapper-shacl                      T2 bd-to-issues.derive_areas (title scope/crate token)
clear the needs:area park	Classify the needs:area backlog	2026-09-09T19:32:23.0606923Z        sparq-wrapper-shacl: deep ACYCLIC sh:node nesting can still exhaust the stack
clear the needs:area park	Classify the needs:area backlog	2026-09-09T19:32:23.0607528Z #5045  zk                                       T1 zk-ieee754-title: zk/ieee754 (sparq_ieee754) named in the title
clear the needs:area park	Classify the needs:area backlog	2026-09-09T19:32:23.0608153Z        zk-toolchain.yml comment claims sparq_ieee754 @ v0.10.0; the compose tree pins v0.11.0
clear the needs:area park	Classify the needs:area backlog	2026-09-09T19:32:23.0608721Z #5046  zk-xpath                                 T1 zk-xpath: zk/xpath (noir_XPath) sources
clear the needs:area park	Classify the needs:area backlog	2026-09-09T19:32:23.0609426Z        XPath differential lane still pins XPATH_TAG v0.2.0 while noir_XPath v0.3.0 is released
clear the needs:area park	Classify the needs:area backlog	2026-09-09T19:32:23.0609982Z #5050  docs                                     T1 docs: documentation-only change
clear the needs:area park	Classify the needs:area backlog	2026-09-09T19:32:23.0610752Z        Doc honesty: research/shacl-compact-and-shuttle-parsers-2026-07.md calls parse_ns_per_byte a "deterministic ... CI floor [that] stays gated"
clear the needs:area park	Classify the needs:area backlog	2026-09-09T19:32:23.0611635Z #5051  docs                                     T1 docs: documentation-only change
clear the needs:area park	Classify the needs:area backlog	2026-09-09T19:32:23.0612306Z        Doc honesty: research/optimization-audit-2026-07.md states parse_ns_per_byte "must hold or improve" as a gate condition
clear the needs:area park	Classify the needs:area backlog	2026-09-09T19:32:23.0613045Z #5053  site-specs                               T1 site-specs: authors/edits a Typst UPD under site/specs
clear the needs:area park	Classify the needs:area backlog	2026-09-09T19:32:23.0613686Z        sparq-mcp/sparq-solid docs cite `site/specs/mcp-solid.typ`, which does not exist in the repo
clear the needs:area park	Classify the needs:area backlog	2026-09-09T19:32:23.0614330Z #5054  sparq-mcp                                T2 bd-to-issues.derive_areas (title scope/crate token)
clear the needs:area park	Classify the needs:area backlog	2026-09-09T19:32:23.0615022Z        sparq-mcp: extend `accept` content negotiation beyond pod mode (base `construct` tool + `resources/read`)
clear the needs:area park	Classify the needs:area backlog	2026-09-09T19:32:23.0615717Z #5056  sparq-vectors                            T2 bd-to-issues.derive_areas (title scope/crate token)
clear the needs:area park	Classify the needs:area backlog	2026-09-09T19:32:23.0616357Z        perf(vectors): ordered NEON kernel for the deterministic exact/Vamana/PQ paths on aarch64
clear the needs:area park	Classify the needs:area backlog	2026-09-09T19:32:23.0617128Z #5057  bench                                    T2 bd-to-issues.derive_areas (title scope/crate token)
clear the needs:area park	Classify the needs:area backlog	2026-09-09T19:32:23.0618065Z        bench(hardzone): the confirmation-pass wiring test does not pin re-measure ARGUMENT drift — a one-token workload-scale edit silences the timing gate w
clear the needs:area park	Classify the needs:area backlog	2026-09-09T19:32:23.0618928Z #5059  sparq-bench                              T2 bd-to-issues.derive_areas (title scope/crate token)
clear the needs:area park	Classify the needs:area backlog	2026-09-09T19:32:23.0619600Z        sparq-bench README.md is 38 lines but declares itself an internal stub (readme-template gate is RED)
clear the needs:area park	Classify the needs:area backlog	2026-09-09T19:32:23.0620269Z #5069  sparq-policy                             T1 odrl: ODRL evaluation lives in crates/sparq-policy
clear the needs:area park	Classify the needs:area backlog	2026-09-09T19:32:23.0621211Z        sparq-policy: eval.rs rustdoc still attributes deny-overrides to a non-existent 'ODRL Formal Semantics §conflict'
clear the needs:area park	Classify the needs:area backlog	2026-09-09T19:32:23.0621889Z #5070  ci                                       T1 ci: CI / orchestration infrastructure
clear the needs:area park	Classify the needs:area backlog	2026-09-09T19:32:23.0622499Z        preflight.py misses the feature-matrix leg-name golden, so adding an opt-in leg only reds on CI
clear the needs:area park	Classify the needs:area backlog	2026-09-09T19:32:23.0623147Z #5072  sparq-kb                                 T2 bd-to-issues.derive_areas (title scope/crate token)
clear the needs:area park	Classify the needs:area backlog	2026-09-09T19:32:23.0623748Z        literature_pilot still assumes OpenAlex is keyless (polite pool retired Feb 2026)
clear the needs:area park	Classify the needs:area backlog	2026-09-09T19:32:23.0624350Z #5074  sparq-core                               T2 bd-to-issues.derive_areas (title scope/crate token)
clear the needs:area park	Classify the needs:area backlog	2026-09-09T19:32:23.0625056Z        docs(sparq-core): --no-default-features rustdoc is broken (8 unresolved intra-doc links to mmap-gated items)
clear the needs:area park	Classify the needs:area backlog	2026-09-09T19:32:23.0625770Z #5075  sparq-text                               T2 bd-to-issues.derive_areas (title scope/crate token)
clear the needs:area park	Classify the needs:area backlog	2026-09-09T19:32:23.0626510Z        docs(sparq-text): --no-default-features rustdoc is broken (unresolved intra-doc links to engine-gated `rewrite` module)
clear the needs:area park	Classify the needs:area backlog	2026-09-09T19:32:23.0627264Z #5077  sparq-lws-core                           T2 bd-to-issues.derive_areas (title scope/crate token)
clear the needs:area park	Classify the needs:area backlog	2026-09-09T19:32:23.0627940Z        sparq-lws-core README: drop the "doc-comments still cite source-repo paths" caveat once #4970 lands
clear the needs:area park	Classify the needs:area backlog	2026-09-09T19:32:23.0628606Z #5078  sparq-lws-core                           T2 bd-to-issues.derive_areas (title scope/crate token)
clear the needs:area park	Classify the needs:area backlog	2026-09-09T19:32:23.0629245Z        sparq-lws-core: two design citations used a bare filename and escaped the namespace sweep
clear the needs:area park	Classify the needs:area backlog	2026-09-09T19:32:23.0629848Z #5080  ci                                       T2 bd-to-issues.derive_areas (title scope/crate token)
clear the needs:area park	Classify the needs:area backlog	2026-09-09T19:32:23.0630641Z        ci: wiring pins miss the job-level if: — 'if: false' disables a pinned command with the suite green (~33 commands affected)
clear the needs:area park	Classify the needs:area backlog	2026-09-09T19:32:23.0631631Z #5083  knowledge-graph                          T1 pkg: the project-knowledge-graph surface
clear the needs:area park	Classify the needs:area backlog	2026-09-09T19:32:23.0632186Z        bench/pkg-dogfood: no in-repo driver fans out the tagged A/B arms
clear the needs:area park	Classify the needs:area backlog	2026-09-09T19:32:23.0632734Z #5084  knowledge-graph                          T1 pkg: the project-knowledge-graph surface
clear the needs:area park	Classify the needs:area backlog	2026-09-09T19:32:23.0633343Z        bench/pkg-dogfood: analyze3.py and stats.py leak file handles (`json.load(open(...))`)
clear the needs:area park	Classify the needs:area backlog	2026-09-09T19:32:23.0633889Z #5087  js                                       T1 js: the js/ RDF-JS client
clear the needs:area park	Classify the needs:area backlog	2026-09-09T19:32:23.0634376Z        check-bundle.mjs guards `fzstd` but not the `seek-bzip` bzip2 decoder
clear the needs:area park	Classify the needs:area backlog	2026-09-09T19:32:23.0634924Z #5088  knowledge-graph                          T1 pkg: the project-knowledge-graph surface
clear the needs:area park	Classify the needs:area backlog	2026-09-09T19:32:23.0635533Z        bench/pkg-dogfood/analyze3.py grades a missing answer as 0.0 rather than reporting it
clear the needs:area park	Classify the needs:area backlog	2026-09-09T19:32:23.0636167Z #5090  sparq-reason                             T2 bd-to-issues.derive_areas (title scope/crate token)
clear the needs:area park	Classify the needs:area backlog	2026-09-09T19:32:23.0636905Z        RDFS materializer under-entails when a rule DERIVES a schema triple (single-pass schema saturation is not a fixpoint)
clear the needs:area park	Classify the needs:area backlog	2026-09-09T19:32:23.0637632Z #5091  sparq-reason                             T2 bd-to-issues.derive_areas (title scope/crate token)
clear the needs:area park	Classify the needs:area backlog	2026-09-09T19:32:23.0638517Z        substrate-join forfeits the rayon ABox fan-out in the RDFS sweep (the substrate sweep is serial in both parallel feature states)
clear the needs:area park	Classify the needs:area backlog	2026-09-09T19:32:23.0639284Z #5094  sparq-lws-core                           T2 bd-to-issues.derive_areas (title scope/crate token)
clear the needs:area park	Classify the needs:area backlog	2026-09-09T19:32:23.0639986Z        Issue #4971 (and likely its sq-gg0qq.10 siblings) cites a research/lws-design-records.md that does not exist
clear the needs:area park	Classify the needs:area backlog	2026-09-09T19:32:23.0640654Z #5100  gui                                      T2 bd-to-issues.derive_areas (title scope/crate token)
clear the needs:area park	Classify the needs:area backlog	2026-09-09T19:32:23.0641406Z        GUI: SHACL shapes loaded in the SHACL tool are invisible to the query builder's shape-aware pickers
clear the needs:area park	Classify the needs:area backlog	2026-09-09T19:32:23.0642038Z #5101  gui                                      T2 bd-to-issues.derive_areas (title scope/crate token)
clear the needs:area park	Classify the needs:area backlog	2026-09-09T19:32:23.0642620Z        GUI: visual query builder cannot round-trip hand-edited SPARQL back into the canvas
clear the needs:area park	Classify the needs:area backlog	2026-09-09T19:32:23.0643209Z #5102  gui                                      T2 bd-to-issues.derive_areas (title scope/crate token)
clear the needs:area park	Classify the needs:area backlog	2026-09-09T19:32:23.0643757Z        GUI: query-builder NOT-EXISTS branches are limited to a leaf node in v1
clear the needs:area park	Classify the needs:area backlog	2026-09-09T19:32:23.0644270Z #5106  ci                                       T1 ci: CI / orchestration infrastructure
clear the needs:area park	Classify the needs:area backlog	2026-09-09T19:32:23.0644821Z        test_ring_credential_loud.py silently mis-diagnoses when `jq` is absent from PATH
clear the needs:area park	Classify the needs:area backlog	2026-09-09T19:32:23.0645354Z #5107  ci                                       T1 ci: CI / orchestration infrastructure
clear the needs:area park	Classify the needs:area backlog	2026-09-09T19:32:23.0646136Z        selftest write guard: neutralisation is order-insensitive (accepts a seam rebound AFTER the write), and the self-test population is name-bound so run_
clear the needs:area park	Classify the needs:area backlog	2026-09-09T19:32:23.0646915Z #5108  ci                                       T1 ci: CI / orchestration infrastructure
clear the needs:area park	Classify the needs:area backlog	2026-09-09T19:32:23.0647500Z        test_ring_credential_loud.py misreports a missing `jq` as "the control is a no-op in BOTH states"
clear the needs:area park	Classify the needs:area backlog	2026-09-09T19:32:23.0648094Z #5110  ci                                       T1 ci: CI / orchestration infrastructure
clear the needs:area park	Classify the needs:area backlog	2026-09-09T19:32:23.0648728Z        Dispatch datalog-souffle.yml once to validate the runner-side Soufflé install step
clear the needs:area park	Classify the needs:area backlog	2026-09-09T19:32:23.0649369Z #5111  sparq-reason                             T2 bd-to-issues.derive_areas (title scope/crate token)
clear the needs:area park	Classify the needs:area backlog	2026-09-09T19:32:23.0650080Z        Re-seed the sparq-reason coverage floor: it is still seed_pending and could not be measured for sq-xzb9p either
clear the needs:area park	Classify the needs:area backlog	2026-09-09T19:32:23.0650696Z #5114  js                                       T1 js: the js/ RDF-JS client
clear the needs:area park	Classify the needs:area backlog	2026-09-09T19:32:23.0651484Z        site/src/lib/dataset-archive.ts duplicates packages/sparq-client/src/decompress.ts
clear the needs:area park	Classify the needs:area backlog	2026-09-09T19:32:23.0652079Z #5121  ci                                       T2 bd-to-issues.derive_areas (title scope/crate token)
clear the needs:area park	Classify the needs:area backlog	2026-09-09T19:32:23.0652853Z        ci(alarm): review-alarm.yml has failed 8 consecutive scheduled runs — the watchdog has been blind since 07-27
clear the needs:area park	Classify the needs:area backlog	2026-09-09T19:32:23.0653555Z #5129  sparq-server                             T2 bd-to-issues.derive_areas (title scope/crate token)
clear the needs:area park	Classify the needs:area backlog	2026-09-09T19:32:23.0654235Z        preflight.py misses the C1 feature-gated-test-execution guard and the feature-matrix tier ratchet
clear the needs:area park	Classify the needs:area backlog	2026-09-09T19:32:23.0654899Z #5134  sparq-bench                              T2 bd-to-issues.derive_areas (title scope/crate token)
clear the needs:area park	Classify the needs:area backlog	2026-09-09T19:32:23.0655545Z        sparq-bench: two independent oxrdf -> sparq-difftest neutral-term bridges after the #4988 merge
clear the needs:area park	Classify the needs:area backlog	2026-09-09T19:32:23.0656129Z #5136  ci                                       T1 ci: CI / orchestration infrastructure
clear the needs:area park	Classify the needs:area backlog	2026-09-09T19:32:23.0656733Z        pr-area-label: move the write-capable label mutation to a trusted-definition workflow_run path
clear the needs:area park	Classify the needs:area backlog	2026-09-09T19:32:23.0657383Z #5142  sparq-mcp                                T2 bd-to-issues.derive_areas (title scope/crate token)
clear the needs:area park	Classify the needs:area backlog	2026-09-09T19:32:23.0657981Z        sparq-mcp: `resources/subscribe` notifications have no shipped delivery channel
clear the needs:area park	Classify the needs:area backlog	2026-09-09T19:32:23.0658701Z #5143  sparq-mcp                                T2 bd-to-issues.derive_areas (title scope/crate token)
clear the needs:area park	Classify the needs:area backlog	2026-09-09T19:32:23.0659392Z        sparq-mcp: lazy BM25 `text_index` forces `&mut self` on a read-only tool, blocking any read/write concurrency split
clear the needs:area park	Classify the needs:area backlog	2026-09-09T19:32:23.0660094Z #5144  sparq-lws-core                           T2 bd-to-issues.derive_areas (title scope/crate token)
clear the needs:area park	Classify the needs:area backlog	2026-09-09T19:32:23.0660886Z        sparq-lws-core README sits exactly AT the 120-line readme-template cap — next doc addition reds docs-quality
clear the needs:area park	Classify the needs:area backlog	2026-09-09T19:32:23.0661654Z #5152  ci                                       T1 ci: CI / orchestration infrastructure
clear the needs:area park	Classify the needs:area backlog	2026-09-09T19:32:23.0662205Z        Report jscpd markdown-class clone false positives upstream (kucherenko/jscpd)
clear the needs:area park	Classify the needs:area backlog	2026-09-09T19:32:23.0662733Z #5153  ci                                       T1 ci: CI / orchestration infrastructure
clear the needs:area park	Classify the needs:area backlog	2026-09-09T19:32:23.0663245Z        ci-latency-alarm: 1 CI execution-latency breach(es) in sparq-org/sparq
clear the needs:area park	Classify the needs:area backlog	2026-09-09T19:32:23.0663751Z #5168  ci                                       T1 ci: CI / orchestration infrastructure
clear the needs:area park	Classify the needs:area backlog	2026-09-09T19:32:23.0664369Z        ci(miri): a shard queueing 2 heavy tests can still be CANCELLED at the 130m backstop before its classifier runs
clear the needs:area park	Classify the needs:area backlog	2026-09-09T19:32:23.0665066Z #5169  sparq-substrate                          T2 bd-to-issues.derive_areas (title scope/crate token)
clear the needs:area park	Classify the needs:area backlog	2026-09-09T19:32:23.0665801Z        ci(formal-verification): split the 26-harness sparq-substrate compare ORDER-law suite into multiple matrix entries
clear the needs:area park	Classify the needs:area backlog	2026-09-09T19:32:23.0666460Z #5171  ci                                       T1 ci: CI / orchestration infrastructure
clear the needs:area park	Classify the needs:area backlog	2026-09-09T19:32:23.0667047Z        coverage: extend changed-cone enforcement to the dedicated sparq-engine coverage pipeline
clear the needs:area park	Classify the needs:area backlog	2026-09-09T19:32:23.0667699Z #5172  sparq-shacl                              T2 bd-to-issues.derive_areas (title scope/crate token)
clear the needs:area park	Classify the needs:area backlog	2026-09-09T19:32:23.0668281Z        coverage.sh: skip the W3C fixture fetch when the resolved crate list is empty
clear the needs:area park	Classify the needs:area backlog	2026-09-09T19:32:23.0668796Z #5173  ci                                       T1 ci: CI / orchestration infrastructure
clear the needs:area park	Classify the needs:area backlog	2026-09-09T19:32:23.0669323Z        cone_coverage.py: rename shadow_report() / the shadow-report CLI mode to report()
clear the needs:area park	Classify the needs:area backlog	2026-09-09T19:32:23.0669890Z #5174  site-papers                              T1 site-papers: paper-factory artifact
clear the needs:area park	Classify the needs:area backlog	2026-09-09T19:32:23.0670475Z        paper-evidence: memsafety.unsafe_sites_core `note` still cites a stale "76-site total"
clear the needs:area park	Classify the needs:area backlog	2026-09-09T19:32:23.0671507Z #5175  sparq-zk                                 T2 bd-to-issues.derive_areas (title scope/crate token)
clear the needs:area park	Classify the needs:area backlog	2026-09-09T19:32:23.0672290Z        sparq-zk: `VcCryptosuite` doc still calls the SD suites "a deferred seam" after sq-u5y1f landed
clear the needs:area park	Classify the needs:area backlog	2026-09-09T19:32:23.0672921Z #5176  sparq-zk                                 T2 bd-to-issues.derive_areas (title scope/crate token)
clear the needs:area park	Classify the needs:area backlog	2026-09-09T19:32:23.0673596Z        sparq-zk: SD ingest seam (sq-u5y1f) public API is absent from `skills/zk-query-proofs/SKILL.md` + crate README
clear the needs:area park	Classify the needs:area backlog	2026-09-09T19:32:23.0674228Z #5178  ci                                       T1 ci: CI / orchestration infrastructure
clear the needs:area park	Classify the needs:area backlog	2026-09-09T19:32:23.0674799Z        ci-summary-status: close the quiet-head liveness gap before the required-check migration
clear the needs:area park	Classify the needs:area backlog	2026-09-09T19:32:23.0675358Z #5179  ci                                       T1 ci: CI / orchestration infrastructure
clear the needs:area park	Classify the needs:area backlog	2026-09-09T19:32:23.0675939Z        ci-summary-status: move the bounded cancelled-run re-dispatch into the event-driven evaluator
clear the needs:area park	Classify the needs:area backlog	2026-09-09T19:32:23.0676522Z #5180  ci                                       T1 ci: CI / orchestration infrastructure
clear the needs:area park	Classify the needs:area backlog	2026-09-09T19:32:23.0677128Z        Maintainer sign-off: add `ci-summary-status` alongside `gate` in the main branch-protection ruleset
clear the needs:area park	Classify the needs:area backlog	2026-09-09T19:32:23.0677734Z #5181  ci                                       T1 ci: CI / orchestration infrastructure
clear the needs:area park	Classify the needs:area backlog	2026-09-09T19:32:23.0678235Z        Measure the ci-summary-status workflow_run self-chain no-op run volume
clear the needs:area park	Classify the needs:area backlog	2026-09-09T19:32:23.0678735Z #5184  ci                                       T1 ci: CI / orchestration infrastructure
clear the needs:area park	Classify the needs:area backlog	2026-09-09T19:32:23.0679453Z        CI: `test (load-aware shard heavy-hnsw)` red on PR #5146 with no reproducible cause in the tree
clear the needs:area park	Classify the needs:area backlog	2026-09-09T19:32:23.0680102Z #5186  sparq-conformance                        T2 bd-to-issues.derive_areas (title scope/crate token)
clear the needs:area park	Classify the needs:area backlog	2026-09-09T19:32:23.0680790Z        inference-conformance-report.md carries a hand-added scope paragraph the emitter never writes
clear the needs:area park	Classify the needs:area backlog	2026-09-09T19:32:23.0681551Z #5187  site-papers                              T1 site-papers: paper-factory artifact
clear the needs:area park	Classify the needs:area backlog	2026-09-09T19:32:23.0682305Z        Conformance ratchet floors are copied into ASSURANCE.md and site/src/data/paper-evidence.json with no machine binding to the registry
clear the needs:area park	Classify the needs:area backlog	2026-09-09T19:32:23.0683025Z #5188  ci                                       T1 ci: CI / orchestration infrastructure
clear the needs:area park	Classify the needs:area backlog	2026-09-09T19:32:23.0683639Z        feature-matrix: close the sparq-canon/rdf12-triple-terms C1 allowlist gap now that a fragment exists
clear the needs:area park	Classify the needs:area backlog	2026-09-09T19:32:23.0684312Z #5190  gui,deps                                 T1 gui-tauri: the Tauri desktop shell's dependency stack
clear the needs:area park	Classify the needs:area backlog	2026-09-09T19:32:23.0685131Z        sq-mc06h: remaining engine-embedding surfaces — gui/src-tauri decision + sparq-wasm byte-identical feature-off gate
clear the needs:area park	Classify the needs:area backlog	2026-09-09T19:32:23.0685862Z #5191  sparq-py                                 T2 bd-to-issues.derive_areas (title scope/crate token)
clear the needs:area park	Classify the needs:area backlog	2026-09-09T19:32:23.0686484Z        sparq-py planner tripwire vanishes silently if the features are dropped from `default`
clear the needs:area park	Classify the needs:area backlog	2026-09-09T19:32:23.0687040Z #5192  ci                                       T1 ci: CI / orchestration infrastructure
clear the needs:area park	Classify the needs:area backlog	2026-09-09T19:32:23.0687495Z        sparq-mcp has no `--no-default-features` CI lane
clear the needs:area park	Classify the needs:area backlog	2026-09-09T19:32:23.0687910Z #5193  site                                     T1 site-app: a site/ route
clear the needs:area park	Classify the needs:area backlog	2026-09-09T19:32:23.0688430Z        Stale "Privacy (ZK / MPC)" theme label in redirect-stub copy and surfaces.ts comment
clear the needs:area park	Classify the needs:area backlog	2026-09-09T19:32:23.0689017Z #5195  knowledge-graph                          T1 pkg: the project-knowledge-graph surface
clear the needs:area park	Classify the needs:area backlog	2026-09-09T19:32:23.0689798Z        pkg-query NlToolResult does not surface citations or qualification — GenAI-KB Phase 7 arms P1/P2 are placebos
clear the needs:area park	Classify the needs:area backlog	2026-09-09T19:32:23.0690488Z #5197  knowledge-graph                          T1 pkg: the project-knowledge-graph surface
clear the needs:area park	Classify the needs:area backlog	2026-09-09T19:32:23.0691161Z        bench/pkg-dogfood/stats.py asserts "honest": True instead of computing it
clear the needs:area park	Classify the needs:area backlog	2026-09-09T19:32:23.0691675Z #5204  ci                                       T1 ci: CI / orchestration infrastructure
clear the needs:area park	Classify the needs:area backlog	2026-09-09T19:32:23.0692343Z        ci: extend the sq-6vshe.1 build-profile trio to the remaining compile-bearing native lanes (miri/fuzz/kani/build-matrix)
clear the needs:area park	Classify the needs:area backlog	2026-09-09T19:32:23.0693225Z #5205  ci                                       T2 bd-to-issues.derive_areas (title scope/crate token)
clear the needs:area park	Classify the needs:area backlog	2026-09-09T19:32:23.0694031Z        ci(coverage): confirm from a real CI run that cargo-llvm-cov actually extends the new job-level RUSTFLAGS, and record the coverage-lane wall-clock tre
clear the needs:area park	Classify the needs:area backlog	2026-09-09T19:32:23.0694797Z #5208  docs                                     T1 docs: documentation-only change
clear the needs:area park	Classify the needs:area backlog	2026-09-09T19:32:23.0695624Z        Doc honesty (research/shared-eval-substrate.md): stale wasm_bundle_bytes floor — says 1686907, bench/perf-baseline.json pins 1587594
clear the needs:area park	Classify the needs:area backlog	2026-09-09T19:32:23.0696412Z #5210  sparq-reason                             T2 bd-to-issues.derive_areas (title scope/crate token)
clear the needs:area park	Classify the needs:area backlog	2026-09-09T19:32:23.0697089Z        bench(reason): measure the un-pre-folded Nemo cls-svf1/cls-int1 form against a real Nemo build
clear the needs:area park	Classify the needs:area backlog	2026-09-09T19:32:23.0697703Z #5211  ci                                       T2 bd-to-issues.derive_areas (title scope/crate token)
clear the needs:area park	Classify the needs:area backlog	2026-09-09T19:32:23.0698246Z        ci: scripts/bench-adapters/test_adapters.py is not run by any workflow
clear the needs:area park	Classify the needs:area backlog	2026-09-09T19:32:23.0698763Z #5224  e2ee                                     T1 e2ee: the end-to-end-encryption program
clear the needs:area park	Classify the needs:area backlog	2026-09-09T19:32:23.0699301Z        sparq-e2ee-ng: streaming/lazy block fetch for open_object (BlockStore trait)
clear the needs:area park	Classify the needs:area backlog	2026-09-09T19:32:23.0699967Z #5225  e2ee                                     T1 e2ee: the end-to-end-encryption program
clear the needs:area park	Classify the needs:area backlog	2026-09-09T19:32:23.0700505Z        sparq-e2ee-ng: no golden wire vector for the ObjectNodeV0 Merkle-node plaintext
clear the needs:area park	Classify the needs:area backlog	2026-09-09T19:32:23.0701215Z #5228  sparq-zk                                 T2 bd-to-issues.derive_areas (title scope/crate token)
clear the needs:area park	Classify the needs:area backlog	2026-09-09T19:32:23.0701943Z        sq-vvfte: append the DualLeafV1 host-commit shapes to research/zk-field-native-encoding.md §14
clear the needs:area park	Classify the needs:area backlog	2026-09-09T19:32:23.0702536Z #5245  e2ee                                     T1 e2ee: the end-to-end-encryption program
clear the needs:area park	Classify the needs:area backlog	2026-09-09T19:32:23.0703063Z        sparq-e2ee-ng: per-branch read secrets for a multi-branch read capability
clear the needs:area park	Classify the needs:area backlog	2026-09-09T19:32:23.0703593Z #5246  e2ee                                     T1 e2ee: the end-to-end-encryption program
clear the needs:area park	Classify the needs:area backlog	2026-09-09T19:32:23.0704211Z        sparq-e2ee-ng: design §8.2 does not document profile capability fields 15-18
clear the needs:area park	Classify the needs:area backlog	2026-09-09T19:32:23.0704729Z #5252  ci                                       T1 ci: CI / orchestration infrastructure
clear the needs:area park	Classify the needs:area backlog	2026-09-09T19:32:23.0705409Z        preflight's diff-scoped no-perf-numbers invocation bypasses the script's default exclusions (false positives vs CI)
clear the needs:area park	Classify the needs:area backlog	2026-09-09T19:32:23.0706078Z #5254  ci                                       T1 ci: CI / orchestration infrastructure
clear the needs:area park	Classify the needs:area backlog	2026-09-09T19:32:23.0706708Z        C1 guard has no local/pre-push runner — the drain path that actually broke it is uncovered
clear the needs:area park	Classify the needs:area backlog	2026-09-09T19:32:23.0707265Z #5255  ci                                       T1 ci: CI / orchestration infrastructure
clear the needs:area park	Classify the needs:area backlog	2026-09-09T19:32:23.0707877Z        A conflict resolution can silently DELETE a feature-matrix leg + its golden line and pass every gate
clear the needs:area park	Classify the needs:area backlog	2026-09-09T19:32:23.0708489Z #5257  ci                                       T1 ci: CI / orchestration infrastructure
clear the needs:area park	Classify the needs:area backlog	2026-09-09T19:32:23.0709210Z        check-feature-test-execution.py is blind to feature-gated src/ modules, so a whole module's unit tests can silently never run in CI
clear the needs:area park	Classify the needs:area backlog	2026-09-09T19:32:23.0709929Z #5258  ci                                       T1 ci: CI / orchestration infrastructure
clear the needs:area park	Classify the needs:area backlog	2026-09-09T19:32:23.0710512Z        test_mergequeue_cache_posture.py cannot see a DUPLICATED `save-if` key in a rust-cache step
clear the needs:area park	Classify the needs:area backlog	2026-09-09T19:32:23.0711245Z #5262  ci                                       T2 bd-to-issues.derive_areas (title scope/crate token)
clear the needs:area park	Classify the needs:area backlog	2026-09-09T19:32:23.0711984Z        ci: pin merge_queue grouping_strategy=ALLGREEN — the unpinned premise under merge-group test selection
clear the needs:area park	Classify the needs:area backlog	2026-09-09T19:32:23.0712659Z #5263  sparq-zk-compose                         T1 zk-compose: zk-compose circuit/verifier surface
clear the needs:area park	Classify the needs:area backlog	2026-09-09T19:32:23.0713273Z        LANG_NONE doc comments claim a small field tag "can never collide" a blake3 output
clear the needs:area park	Classify the needs:area backlog	2026-09-09T19:32:23.0714009Z #5264  sparq-mpc                                T2 bd-to-issues.derive_areas (title scope/crate token)
clear the needs:area park	Classify the needs:area backlog	2026-09-09T19:32:23.0714764Z        auth_disclose: re-scope the "adopted second operand" tier downgrade to the corrupt-DEALER model (or supply a <=t-party witness)
clear the needs:area park	Classify the needs:area backlog	2026-09-09T19:32:23.0715533Z #5265  sparq-server                             T2 bd-to-issues.derive_areas (title scope/crate token)
clear the needs:area park	Classify the needs:area backlog	2026-09-09T19:32:23.0716253Z        sparq-server query-registry update tests catch the in-flight window by wall-clock, not by a deterministic seam
clear the needs:area park	Classify the needs:area backlog	2026-09-09T19:32:23.0716924Z #5267  e2ee                                     T1 e2ee: the end-to-end-encryption program
clear the needs:area park	Classify the needs:area backlog	2026-09-09T19:32:23.0717500Z        sparq-e2ee-ng: Capability::encode_secret leaves un-zeroized secret CBOR fragments
clear the needs:area park	Classify the needs:area backlog	2026-09-09T19:32:23.0718049Z #5268  ci                                       T1 ci: CI / orchestration infrastructure
clear the needs:area park	Classify the needs:area backlog	2026-09-09T19:32:23.0718678Z        vectors-aarch64: heavy 50k recall tests run without the RAYON_NUM_THREADS=1 pin ci.yml deliberately applies
clear the needs:area park	Classify the needs:area backlog	2026-09-09T19:32:23.0719294Z #5269  ci                                       T1 ci: CI / orchestration infrastructure
clear the needs:area park	Classify the needs:area backlog	2026-09-09T19:32:23.0719855Z        CARGO_TERM_COLOR=always + machine-parsed cargo/nextest output is an unguarded CI footgun
clear the needs:area park	Classify the needs:area backlog	2026-09-09T19:32:23.0720594Z #5270  sparq-mpc                                T2 bd-to-issues.derive_areas (title scope/crate token)
clear the needs:area park	Classify the needs:area backlog	2026-09-09T19:32:23.0721382Z        MacSession::mac_check_and_open rustdoc states the batched soundness as an alpha-forgery bound only
clear the needs:area park	Classify the needs:area backlog	2026-09-09T19:32:23.0721965Z #5274  js                                       T1 js: the js/ RDF-JS client
clear the needs:area park	Classify the needs:area backlog	2026-09-09T19:32:23.0722547Z        js: `@jeswr/sparq/wasm/sparq_wasm.js` is documented but unreachable (ERR_PACKAGE_PATH_NOT_EXPORTED)
clear the needs:area park	Classify the needs:area backlog	2026-09-09T19:32:23.0723129Z #5279  ci                                       T1 ci: CI / orchestration infrastructure
clear the needs:area park	Classify the needs:area backlog	2026-09-09T19:32:23.0723664Z        Inertness audits pin a hard-coded Rust-CI workflow list that silently shrinks
clear the needs:area park	Classify the needs:area backlog	2026-09-09T19:32:23.0724282Z #5283  sparq-canon                              T1 canon-fuzz: RDFC-1.0 canonicalization in crates/sparq-canon
clear the needs:area park	Classify the needs:area backlog	2026-09-09T19:32:23.0724992Z        fuzz/tests/canonicalize_nquads.rs is dead code — nothing ever compiles or runs it
clear the needs:area park	Classify the needs:area backlog	2026-09-09T19:32:23.0725601Z #5285  sparq-solid                              T2 bd-to-issues.derive_areas (title scope/crate token)
clear the needs:area park	Classify the needs:area backlog	2026-09-09T19:32:23.0726266Z        sq-8n6iv (a): Solid-OIDC / DPoP token validation + principal derivation for an authenticated MCP path
clear the needs:area park	Classify the needs:area backlog	2026-09-09T19:32:23.0726928Z #5287  sparq-mcp                                T2 bd-to-issues.derive_areas (title scope/crate token)
clear the needs:area park	Classify the needs:area backlog	2026-09-09T19:32:23.0727502Z        sparq-mcp pod mode: container_list returns members the session may not read
clear the needs:area park	Classify the needs:area backlog	2026-09-09T19:32:23.0728085Z #5288  site-specs                               T1 site-specs: authors/edits a Typst UPD under site/specs
clear the needs:area park	Classify the needs:area backlog	2026-09-09T19:32:23.0728772Z        Doc drift: crates/sparq-mcp and skills/agent-tools cite site/specs/mcp-solid.typ, which does not exist
clear the needs:area park	Classify the needs:area backlog	2026-09-09T19:32:23.0729451Z #5290  sparq-serve                              T2 bd-to-issues.derive_areas (title scope/crate token)
clear the needs:area park	Classify the needs:area backlog	2026-09-09T19:32:23.0730019Z        change-stream: per-commit CDC recording is O(full graph), not O(delta)
clear the needs:area park	Classify the needs:area backlog	2026-09-09T19:32:23.0730588Z #5292  sparq-trust                              T2 bd-to-issues.derive_areas (title scope/crate token)
clear the needs:area park	Classify the needs:area backlog	2026-09-09T19:32:23.0731434Z        sparq-trust README honesty sweep: a merged feature was documented as PLANNED — not implemented
clear the needs:area park	Classify the needs:area backlog	2026-09-09T19:32:23.0732098Z #5294  sparq-conformance                        T2 bd-to-issues.derive_areas (title scope/crate token)
clear the needs:area park	Classify the needs:area backlog	2026-09-09T19:32:23.0732828Z        inference report: committed Overall heading + provenance paragraph are hand-edits the generator cannot reproduce
clear the needs:area park	Classify the needs:area backlog	2026-09-09T19:32:23.0733509Z #5295  ci                                       T1 ci: CI / orchestration infrastructure
clear the needs:area park	Classify the needs:area backlog	2026-09-09T19:32:23.0734272Z        Generalize the ratchet-copy drift gate to the SPARQL conformance job (RATCHET=1229) and scoreboard.rs prose
clear the needs:area park	Classify the needs:area backlog	2026-09-09T19:32:23.0734948Z #5298  sparq-zk                                 T2 bd-to-issues.derive_areas (title scope/crate token)
clear the needs:area park	Classify the needs:area backlog	2026-09-09T19:32:23.0735706Z        sparq-zk: ZkDataset::query_traced should reject FROM / FROM NAMED prover-side, symmetric to the verifier gate (sq-p2hci follow-up)
clear the needs:area park	Classify the needs:area backlog	2026-09-09T19:32:23.0736426Z #5301  ci                                       T1 ci: CI / orchestration infrastructure
clear the needs:area park	Classify the needs:area backlog	2026-09-09T19:32:23.0737163Z        CI cache: the same first-writer-wins contention as sq-an4by exists on the cross-workflow `site-wasm` / `differential-nightly` shared-keys
clear the needs:area park	Classify the needs:area backlog	2026-09-09T19:32:23.0737966Z #5302  sparq-trust                              T2 bd-to-issues.derive_areas (title scope/crate token)
clear the needs:area park	Classify the needs:area backlog	2026-09-09T19:32:23.0738615Z        trust-expression fixture guard: substring scan for KNOWN_FAILING is self-triggering by design
clear the needs:area park	Classify the needs:area backlog	2026-09-09T19:32:23.0739194Z #5307  ci                                       T1 ci: CI / orchestration infrastructure
clear the needs:area park	Classify the needs:area backlog	2026-09-09T19:32:23.0739743Z        CI: scripts/agent-telemetry/**/*.md is gated by lychee + typos but not by markdownlint
clear the needs:area park	Classify the needs:area backlog	2026-09-09T19:32:23.0740359Z #5309  sparq-solid                              T2 bd-to-issues.derive_areas (title scope/crate token)
clear the needs:area park	Classify the needs:area backlog	2026-09-09T19:32:23.0741206Z        sparq-solid: deterministic per-document skolemization (replace positional gix)
clear the needs:area park	Classify the needs:area backlog	2026-09-09T19:32:23.0741985Z #5310  sparq-solid                              T2 bd-to-issues.derive_areas (title scope/crate token)
clear the needs:area park	Classify the needs:area backlog	2026-09-09T19:32:23.0742610Z        sparq-solid: memoize the resource set + ancestry closure (invariant under ACL writes)
clear the needs:area park	Classify the needs:area backlog	2026-09-09T19:32:23.0743235Z #5311  sparq-solid                              T2 bd-to-issues.derive_areas (title scope/crate token)
clear the needs:area park	Classify the needs:area backlog	2026-09-09T19:32:23.0743828Z        sparq-solid: global principal-lattice summary + full-materialize fallback
clear the needs:area park	Classify the needs:area backlog	2026-09-09T19:32:23.0744418Z #5312  sparq-solid                              T2 bd-to-issues.derive_areas (title scope/crate token)
clear the needs:area park	Classify the needs:area backlog	2026-09-09T19:32:23.0745126Z        sparq-solid: control-document dependency + reverse-dependency index (with rule-linkage exhaustiveness test)
clear the needs:area park	Classify the needs:area backlog	2026-09-09T19:32:23.0745842Z #5313  sparq-solid                              T2 bd-to-issues.derive_areas (title scope/crate token)
clear the needs:area park	Classify the needs:area backlog	2026-09-09T19:32:23.0746463Z        sparq-solid: scoped-vs-full materializer property-test harness (7 named regressions)
clear the needs:area park	Classify the needs:area backlog	2026-09-09T19:32:23.0747092Z #5314  sparq-solid                              T2 bd-to-issues.derive_areas (title scope/crate token)
clear the needs:area park	Classify the needs:area backlog	2026-09-09T19:32:23.0747601Z        sparq-solid: WAC pod-scoped materialize + splice
clear the needs:area park	Classify the needs:area backlog	2026-09-09T19:32:23.0748083Z #5315  sparq-solid                              T2 bd-to-issues.derive_areas (title scope/crate token)
clear the needs:area park	Classify the needs:area backlog	2026-09-09T19:32:23.0748582Z        sparq-solid: ACP pod-scoped materialize + splice
clear the needs:area park	Classify the needs:area backlog	2026-09-09T19:32:23.0749059Z #5316  sparq-solid                              T2 bd-to-issues.derive_areas (title scope/crate token)
clear the needs:area park	Classify the needs:area backlog	2026-09-09T19:32:23.0749721Z        sparq-solid: AuthIndex per-origin bucket patch (replace whole-view from_graph on the scoped path)
clear the needs:area park	Classify the needs:area backlog	2026-09-09T19:32:23.0750375Z #5317  sparq-solid                              T2 bd-to-issues.derive_areas (title scope/crate token)
clear the needs:area park	Classify the needs:area backlog	2026-09-09T19:32:23.0751257Z        sparq-solid: scoped invalidation for group-document edits
clear the needs:area park	Classify the needs:area backlog	2026-09-09T19:32:23.0751814Z #5321  zk-xpath                                 T1 zk-xpath: zk/xpath (noir_XPath) sources
clear the needs:area park	Classify the needs:area backlog	2026-09-09T19:32:23.0752515Z        noir_XPath: mirror the fn:avg(()) divergence decision upstream (verify actual behaviour + doc-comment it at the source)
clear the needs:area park	Classify the needs:area backlog	2026-09-09T19:32:23.0753249Z #5323  sparq-trust                              T1 trust-graph: the solid trust-graph / admission surface
clear the needs:area park	Classify the needs:area backlog	2026-09-09T19:32:23.0753936Z        sq-pfae.11 residue: real Control-gating wiring + in-.acr ABAC-rule discovery (both P4 / sq-pfae.5)
clear the needs:area park	Classify the needs:area backlog	2026-09-09T19:32:23.0754555Z #5325  ci                                       T1 ci: CI / orchestration infrastructure
clear the needs:area park	Classify the needs:area backlog	2026-09-09T19:32:23.0755400Z        Wire scripts/bead-export-sync.sh --apply into the autonomous-scheduler tick (not just the AGENTS.md maintenance loop)
clear the needs:area park	Classify the needs:area backlog	2026-09-09T19:32:23.0756087Z #5326  ci                                       T1 ci: CI / orchestration infrastructure
clear the needs:area park	Classify the needs:area backlog	2026-09-09T19:32:23.0756626Z        Add a staleness ALARM for the committed bead board (.beads/issues.jsonl on main)
clear the needs:area park	Classify the needs:area backlog	2026-09-09T19:32:23.0757223Z #5330  ci,sparq-vectors                         T0 author-declared crate_or_surface/crates field
clear the needs:area park	Classify the needs:area backlog	2026-09-09T19:32:23.0757921Z        vamana-disk: give the extracted crate a heavy-recall CI shard and move the 50k harness + pareto_bench down to it
clear the needs:area park	Classify the needs:area backlog	2026-09-09T19:32:23.0758556Z #5331  ci                                       T1 ci: CI / orchestration infrastructure
clear the needs:area park	Classify the needs:area backlog	2026-09-09T19:32:23.0759109Z        vamana-disk: not covered by the cargo-mutants matrix or the per-crate coverage ratchet
clear the needs:area park	Classify the needs:area backlog	2026-09-09T19:32:23.0759735Z #5335  sparq-vectors                            T2 bd-to-issues.derive_areas (title scope/crate token)
clear the needs:area park	Classify the needs:area backlog	2026-09-09T19:32:23.0760325Z        test(vectors): no in-tree NEON equivalent of the x86_64 AVX2 non-vacuity guard
clear the needs:area park	Classify the needs:area backlog	2026-09-09T19:32:23.0761103Z #5337  sparq-reason                             T2 bd-to-issues.derive_areas (title scope/crate token)
clear the needs:area park	Classify the needs:area backlog	2026-09-09T19:32:23.0761758Z        sparq-reason: fold the two derived-integer XSD facet tables into one crate-internal table
clear the needs:area park	Classify the needs:area backlog	2026-09-09T19:32:23.0762456Z #5339  ci                                       T1 ci: CI / orchestration infrastructure
clear the needs:area park	Classify the needs:area backlog	2026-09-09T19:32:23.0763046Z        sparq-server: add feature-matrix legs for `shacl` and `backup` (allowlisted no-executor gaps)
clear the needs:area park	Classify the needs:area backlog	2026-09-09T19:32:23.0763635Z #5340  ci                                       T1 ci: CI / orchestration infrastructure
clear the needs:area park	Classify the needs:area backlog	2026-09-09T19:32:23.0764241Z        sparq-server: `n3-patch`-gated tests in tests/gsp_patch.rs have no CI executor and no allowlist entry
clear the needs:area park	Classify the needs:area backlog	2026-09-09T19:32:23.0764840Z #5341  ci                                       T1 ci: CI / orchestration infrastructure
clear the needs:area park	Classify the needs:area backlog	2026-09-09T19:32:23.0765479Z        mutation ratchet: the per-crate `features:` list in ci.yml drifts silently when a new default-OFF feature lands
clear the needs:area park	Classify the needs:area backlog	2026-09-09T19:32:23.0766194Z #5344  sparq-solid                              T2 bd-to-issues.derive_areas (title scope/crate token)
clear the needs:area park	Classify the needs:area backlog	2026-09-09T19:32:23.0766865Z        sparq-solid: decide the trust model for cross-document control triples in the merged reasoner input
clear the needs:area park	Classify the needs:area backlog	2026-09-09T19:32:23.0767482Z #5347  zk-xpath                                 T1 zk-xpath: zk/xpath (noir_XPath) sources
clear the needs:area park	Classify the needs:area backlog	2026-09-09T19:32:23.0768292Z        zk/xpath differential: no guard expires the host-side codepoint->byte substring conversion when noir_XPath gains a codepoint-positional substring
clear the needs:area park	Classify the needs:area backlog	2026-09-09T19:32:23.0769069Z #5348  docs                                     T1 docs: documentation-only change
clear the needs:area park	Classify the needs:area backlog	2026-09-09T19:32:23.0769683Z        Doc honesty drift: several docs still say the DualLeafV1 leaf encoding is "NOT implemented (sq-j506)"
clear the needs:area park	Classify the needs:area backlog	2026-09-09T19:32:23.0770351Z #5349  sparq-zk-compose                         T1 zk-compose: zk-compose circuit/verifier surface
clear the needs:area park	Classify the needs:area backlog	2026-09-09T19:32:23.0771142Z        sq-j506 remainder: verify_manifest does not read the recorded zk:scheme to gate sub-proofs
clear the needs:area park	Classify the needs:area backlog	2026-09-09T19:32:23.0771768Z #5350  sparq-zk                                 T2 bd-to-issues.derive_areas (title scope/crate token)
clear the needs:area park	Classify the needs:area backlog	2026-09-09T19:32:23.0772372Z        GraphCommitment::method is not yet consumed by the ingest/registry write path
clear the needs:area park	Classify the needs:area backlog	2026-09-09T19:32:23.0772912Z #5356  ci                                       T1 ci: CI / orchestration infrastructure
clear the needs:area park	Classify the needs:area backlog	2026-09-09T19:32:23.0773479Z        CI: harden the 19 conformance ratchet parsers from first-match (`head -1`) to last-match
clear the needs:area park	Classify the needs:area backlog	2026-09-09T19:32:23.0774096Z #5358  sparq-canon                              T2 bd-to-issues.derive_areas (title scope/crate token)
clear the needs:area park	Classify the needs:area backlog	2026-09-09T19:32:23.0774815Z        sparq-canon rdf12 profile: eager permutations() defeats the HNDQ poison-graph guard (OOM instead of fail-closed)
clear the needs:area park	Classify the needs:area backlog	2026-09-09T19:32:23.0775524Z #5359  sparq-canon                              T2 bd-to-issues.derive_areas (title scope/crate token)
clear the needs:area park	Classify the needs:area backlog	2026-09-09T19:32:23.0776349Z        sparq-canon: standard path silently rejects RDF-1.2 directional-language literals via the oxrdf-0.2 bridge
clear the needs:area park	Classify the needs:area backlog	2026-09-09T19:32:23.0777053Z #5360  sparq-difftest                           T2 bd-to-issues.derive_areas (title scope/crate token)
clear the needs:area park	Classify the needs:area backlog	2026-09-09T19:32:23.0777748Z        deny.toml duplicate-version blocker registry omits sparq-difftest as a holder of oxrdf 0.2 / rdf-canon
clear the needs:area park	Classify the needs:area backlog	2026-09-09T19:32:23.0778365Z #5362  ci                                       T1 ci: CI / orchestration infrastructure
clear the needs:area park	Classify the needs:area backlog	2026-09-09T19:32:23.0779178Z        feature-matrix: no lane anywhere runs `cargo test --all-features` for any crate — sparq-solid is the only one now covered
clear the needs:area park	Classify the needs:area backlog	2026-09-09T19:32:23.0779852Z #5368  ci                                       T1 ci: CI / orchestration infrastructure
clear the needs:area park	Classify the needs:area backlog	2026-09-09T19:32:23.0780520Z        ci: flaky-leg rerun probe only covers omnibus branches, so a red feature-matrix leg on a normal PR has no flake evidence
clear the needs:area park	Classify the needs:area backlog	2026-09-09T19:32:23.0781309Z #5369  ci                                       T1 ci: CI / orchestration infrastructure
clear the needs:area park	Classify the needs:area backlog	2026-09-09T19:32:23.0781816Z        CI: no gate catches a duplicate YAML mapping key in .github/workflows/*.yml
clear the needs:area park	Classify the needs:area backlog	2026-09-09T19:32:23.0782457Z #5373  sparq-reason                             T1 eyereasoner: the eyereasoner-compat surface in crates/sparq-reason
clear the needs:area park	Classify the needs:area backlog	2026-09-09T19:32:23.0783345Z        eyereasoner-compat: wire the _plus_rules output modes to the new reason_n3_pass_all (sq-xqchl.2 second half)
clear the needs:area park	Classify the needs:area backlog	2026-09-09T19:32:23.0784045Z #5375  sparq-zk-compose                         T1 zk-compose: zk-compose circuit/verifier surface
clear the needs:area park	Classify the needs:area backlog	2026-09-09T19:32:23.0784680Z        ZK: no prover-side helper derives the honest `ProofManifest::pattern_scans` declaration
clear the needs:area park	Classify the needs:area backlog	2026-09-09T19:32:23.0785298Z #5376  sparq-zk-compose                         T1 zk-compose: zk-compose circuit/verifier surface
clear the needs:area park	Classify the needs:area backlog	2026-09-09T19:32:23.0786182Z        ZK: `global_attributions` and `bind_joins` still resolve pattern→scan by constant MEMBERSHIP, not the declared `pattern_scans`
clear the needs:area park	Classify the needs:area backlog	2026-09-09T19:32:23.0786929Z #5379  ci                                       T2 bd-to-issues.derive_areas (title scope/crate token)
clear the needs:area park	Classify the needs:area backlog	2026-09-09T19:32:23.0787529Z        ci(gate): close or re-scope #3758 — its residual is now fully addressed
clear the needs:area park	Classify the needs:area backlog	2026-09-09T19:32:23.0788082Z #5383  sparq-solid                              T2 bd-to-issues.derive_areas (title scope/crate token)
clear the needs:area park	Classify the needs:area backlog	2026-09-09T19:32:23.0788682Z        Audit ACP for other unrecognized-attribute fail-OPEN matchers beyond acp:vc
clear the needs:area park	Classify the needs:area backlog	2026-09-09T19:32:23.0789270Z #5386  sparq-zk-compose                         T1 zk-compose: zk-compose circuit/verifier surface
clear the needs:area park	Classify the needs:area backlog	2026-09-09T19:32:23.0789918Z        zk-compose: query-semantic witness that scans excluded by `pattern_scans` cannot contribute
clear the needs:area park	Classify the needs:area backlog	2026-09-09T19:32:23.0790538Z #5387  ci                                       T1 ci: CI / orchestration infrastructure
clear the needs:area park	Classify the needs:area backlog	2026-09-09T19:32:23.0791405Z        docs(honesty): OpenSSF slice still claims Scorecard uploads SARIF to code-scanning — the upload step was removed
clear the needs:area park	Classify the needs:area backlog	2026-09-09T19:32:23.0792072Z #5388  ci                                       T1 ci: CI / orchestration infrastructure
clear the needs:area park	Classify the needs:area backlog	2026-09-09T19:32:23.0792903Z        docs(honesty): CIS slice contradicts itself on GX-12 — gap-register says container scanning ADDRESSED, controls.md/README still say OPEN
clear the needs:area park	Classify the needs:area backlog	2026-09-09T19:32:23.0793666Z #5389  docs                                     T2 bd-to-issues.derive_areas (title scope/crate token)
clear the needs:area park	Classify the needs:area backlog	2026-09-09T19:32:23.0794333Z        docs(honesty): unsafe-crate count drift across compliance slices (26/31 vs 31/36 vs threat-model 42/44)
clear the needs:area park	Classify the needs:area backlog	2026-09-09T19:32:23.0794942Z #5390  ci                                       T1 ci: CI / orchestration infrastructure
clear the needs:area park	Classify the needs:area backlog	2026-09-09T19:32:23.0795505Z        chore(compliance): grep-a-workflow-file evidence steps prove existence, not execution
clear the needs:area park	Classify the needs:area backlog	2026-09-09T19:32:23.0796132Z #5391  sparq-reason                             T2 bd-to-issues.derive_areas (title scope/crate token)
clear the needs:area park	Classify the needs:area backlog	2026-09-09T19:32:23.0796730Z        reason_n3_pass_all leaks the engine-internal `__ua_` name for @forAll universals
clear the needs:area park	Classify the needs:area backlog	2026-09-09T19:32:23.0797386Z #5394  ci                                       T1 ci: CI / orchestration infrastructure
clear the needs:area park	Classify the needs:area backlog	2026-09-09T19:32:23.0797907Z        bd-to-issues.py plan() silently drops bd's `blocked-by`-typed dependency rows
clear the needs:area park	Classify the needs:area backlog	2026-09-09T19:32:23.0798417Z #5395  ci                                       T1 ci: CI / orchestration infrastructure
clear the needs:area park	Classify the needs:area backlog	2026-09-09T19:32:23.0799026Z        Decide (and then implement or decline) mirroring bd blocker edges into NATIVE GitHub issue dependencies
clear the needs:area park	Classify the needs:area backlog	2026-09-09T19:32:23.0799627Z #5398  ci                                       T1 ci: CI / orchestration infrastructure
clear the needs:area park	Classify the needs:area backlog	2026-09-09T19:32:23.0800183Z        The required-check name `gate` is now hard-coded in three scripts with no cross-file pin
clear the needs:area park	Classify the needs:area backlog	2026-09-09T19:32:23.0800872Z #5410  sparq-vectors                            T1 vectors-spqv: the .spqv / fusion surface in crates/sparq-vectors
clear the needs:area park	Classify the needs:area backlog	2026-09-09T19:32:23.0801725Z        Cross-reference the external-key .spqv profile from the urn:concept verifier design record
clear the needs:area park	Classify the needs:area backlog	2026-09-09T19:32:23.0802285Z #5414  js                                       T1 js: the js/ RDF-JS client
clear the needs:area park	Classify the needs:area backlog	2026-09-09T19:32:23.0802825Z        js: `_copy:wasm` still uses `rm -rf`/`cp`, so the git-pin `prepare` build cannot work on Windows
clear the needs:area park	Classify the needs:area backlog	2026-09-09T19:32:23.0803447Z #5420  sparq-mpc                                T2 bd-to-issues.derive_areas (title scope/crate token)
clear the needs:area park	Classify the needs:area backlog	2026-09-09T19:32:23.0804242Z        MPC: MacSession::auth_mul needs Chida-style multiplication-gate verification binding BOTH operands
clear the needs:area park	Classify the needs:area backlog	2026-09-09T19:32:23.0804846Z #5423  ci                                       T1 ci: CI / orchestration infrastructure
clear the needs:area park	Classify the needs:area backlog	2026-09-09T19:32:23.0805373Z        docs-quality.yml: no lint catches the same gate script wired into one job twice
clear the needs:area park	Classify the needs:area backlog	2026-09-09T19:32:23.0805953Z #5449  sparq-mpc                                T2 bd-to-issues.derive_areas (title scope/crate token)
clear the needs:area park	Classify the needs:area backlog	2026-09-09T19:32:23.0806746Z        MPC: pre-existing "MAC-check before open" wording overstates the transcript ordering across auth_compare / auth_disclose / the design doc
clear the needs:area park	Classify the needs:area backlog	2026-09-09T19:32:23.0807478Z #5458  ci                                       T1 ci: CI / orchestration infrastructure
clear the needs:area park	Classify the needs:area backlog	2026-09-09T19:32:23.0808102Z        Decide whether the unattributed residue should be PARKED needs:area, not only counted (#5004 write half)
clear the needs:area park	Classify the needs:area backlog	2026-09-09T19:32:23.0808771Z #5468  sparq-zk                                 T2 bd-to-issues.derive_areas (title scope/crate token)
clear the needs:area park	Classify the needs:area backlog	2026-09-09T19:32:23.0809546Z        sparq-zk: VALUE_NONE rustdoc omits the §14.1 reserved-tag obligation (and the constant does not satisfy it)
clear the needs:area park	Classify the needs:area backlog	2026-09-09T19:32:23.0810232Z #5469  sparq-canon                              T2 bd-to-issues.derive_areas (title scope/crate token)
clear the needs:area park	Classify the needs:area backlog	2026-09-09T19:32:23.0810865Z        sparq-canon rdf12: eager permutation materialization defeats the HNDQ poison-graph guard
clear the needs:area park	Classify the needs:area backlog	2026-09-09T19:32:23.0811662Z #5470  sparq-difftest                           T2 bd-to-issues.derive_areas (title scope/crate token)
clear the needs:area park	Classify the needs:area backlog	2026-09-09T19:32:23.0812304Z        deny.toml duplicate-version blocker registry omits sparq-difftest as an oxrdf 0.2 holder
clear the needs:area park	Classify the needs:area backlog	2026-09-09T19:32:23.0812943Z #5471  sparq-canon                              T2 bd-to-issues.derive_areas (title scope/crate token)
clear the needs:area park	Classify the needs:area backlog	2026-09-09T19:32:23.0813780Z        Program: delete sparq-canon's oxrdf-0.3 ↔ 0.2 N-Quads bridge (beads for research/sparq-canon-oxrdf03-bridge-removal.md §8)
clear the needs:area park	Classify the needs:area backlog	2026-09-09T19:32:23.0814462Z #5477  ci                                       T1 ci: CI / orchestration infrastructure
clear the needs:area park	Classify the needs:area backlog	2026-09-09T19:32:23.0815040Z        docs gates: book/** is still outside the advisory external-links (lychee online) file list
clear the needs:area park	Classify the needs:area backlog	2026-09-09T19:32:23.0815601Z #5478  ci                                       T1 ci: CI / orchestration infrastructure
clear the needs:area park	Classify the needs:area backlog	2026-09-09T19:32:23.0816423Z        advisory.markdownlint-cli2.jsonc ignores only research/ + zk/, but is documented as "whole repo MINUS the HARD-gated dirs"
clear the needs:area park	Classify the needs:area backlog	2026-09-09T19:32:23.0817118Z #5479  ci                                       T1 ci: CI / orchestration infrastructure
clear the needs:area park	Classify the needs:area backlog	2026-09-09T19:32:23.0818090Z        docs gates: the metrics/ "add to lychee once #1064/#1063 merge" note in .markdownlint-cli2.jsonc is now stale — metrics/ can join internal-links
clear the needs:area park	Classify the needs:area backlog	2026-09-09T19:32:23.0818889Z #5482  sparq-canon                              T2 bd-to-issues.derive_areas (title scope/crate token)
clear the needs:area park	Classify the needs:area backlog	2026-09-09T19:32:23.0819538Z        sparq-canon: the standard path's TripleTerm guard also assumes triple terms are object-only
clear the needs:area park	Classify the needs:area backlog	2026-09-09T19:32:23.0820172Z #5485  sparq-trust                              T2 bd-to-issues.derive_areas (title scope/crate token)
clear the needs:area park	Classify the needs:area backlog	2026-09-09T19:32:23.0820813Z        sparq-trust: wire require_one_side_bound into wire::derive_grants as a fail-closed pre-check
clear the needs:area park	Classify the needs:area backlog	2026-09-09T19:32:23.0821585Z #5486  sparq-trust                              T2 bd-to-issues.derive_areas (title scope/crate token)
clear the needs:area park	Classify the needs:area backlog	2026-09-09T19:32:23.0822289Z        sparq-trust: admissibility transitive-closure rule is only safe while LEVEL_ORDERS stays a bundled constant
clear the needs:area park	Classify the needs:area backlog	2026-09-09T19:32:23.0822986Z #5488  sparq-server                             T2 bd-to-issues.derive_areas (title scope/crate token)
clear the needs:area park	Classify the needs:area backlog	2026-09-09T19:32:23.0823686Z        perf: lock-free ring-pressure gauge so streaming admission does not take the writer-side mutex per request
clear the needs:area park	Classify the needs:area backlog	2026-09-09T19:32:23.0824373Z #5490  sparq-mpc                                T2 bd-to-issues.derive_areas (title scope/crate token)
clear the needs:area park	Classify the needs:area backlog	2026-09-09T19:32:23.0825002Z        Reconcile the research records now that sq-shk5 (DP output cardinality + eps budget) has landed
clear the needs:area park	Classify the needs:area backlog	2026-09-09T19:32:23.0825839Z #5491  sparq-mpc                                T2 bd-to-issues.derive_areas (title scope/crate token)
clear the needs:area park	Classify the needs:area backlog	2026-09-09T19:32:23.0826468Z        sparq-mpc DP mode: distributed noise generation (the dealer currently learns the true count)
clear the needs:area park	Classify the needs:area backlog	2026-09-09T19:32:23.0827095Z #5492  sparq-mpc                                T2 bd-to-issues.derive_areas (title scope/crate token)
clear the needs:area park	Classify the needs:area backlog	2026-09-09T19:32:23.0827734Z        sparq-mpc DP mode: tighter privacy accounting (advanced composition / zCDP) for EpsilonLedger
clear the needs:area park	Classify the needs:area backlog	2026-09-09T19:32:23.0828384Z #5494  zk                                       T1 zk-ieee754-title: zk/ieee754 (sparq_ieee754) named in the title
clear the needs:area park	Classify the needs:area backlog	2026-09-09T19:32:23.0829146Z        zk-toolchain.yml header still cites the externalization-time face-repo versions (noir_IEEE754 v0.10.0, noir_XPath v0.2.0)
clear the needs:area park	Classify the needs:area backlog	2026-09-09T19:32:23.0829848Z #5495  zk-xpath                                 T1 zk-xpath: zk/xpath (noir_XPath) sources
clear the needs:area park	Classify the needs:area backlog	2026-09-09T19:32:23.0830554Z        run_differential_harness.sh --update-committed hard-requires nargo even though the golden regeneration is cargo-only
clear the needs:area park	Classify the needs:area backlog	2026-09-09T19:32:23.0831415Z #5497  sparq-zk-compose                         T1 zk-compose: zk-compose circuit/verifier surface
clear the needs:area park	Classify the needs:area backlog	2026-09-09T19:32:23.0832199Z        M4-v1: cross-check the federated public-input word convention against sparq-zk-compose's single-source reconstruct_public_inputs
clear the needs:area park	Classify the needs:area backlog	2026-09-09T19:32:23.0832928Z #5498  ci                                       T1 ci: CI / orchestration infrastructure
clear the needs:area park	Classify the needs:area backlog	2026-09-09T19:32:23.0833627Z        preflight.py misses the C1 feature-gated-test-execution guard, so a new opt-in feature reds the whole feature-matrix on CI
clear the needs:area park	Classify the needs:area backlog	2026-09-09T19:32:23.0834396Z #5506  sparq-zk-compose                         T1 zk-compose: zk-compose circuit/verifier surface
clear the needs:area park	Classify the needs:area backlog	2026-09-09T19:32:23.0835003Z        zk: extend the operand_enc drift guard to the GUI's copy of the committed fixtures
clear the needs:area park	Classify the needs:area backlog	2026-09-09T19:32:23.0835578Z #5507  gui                                      T2 bd-to-issues.derive_areas (title scope/crate token)
clear the needs:area park	Classify the needs:area backlog	2026-09-09T19:32:23.0836114Z        gui: add Playwright coverage for the new ZK + MPC workbench tools
clear the needs:area park	Classify the needs:area backlog	2026-09-09T19:32:23.0836599Z #5511  ci                                       T1 ci: CI / orchestration infrastructure
clear the needs:area park	Classify the needs:area backlog	2026-09-09T19:32:23.0837226Z        test_ring_credential_loud.py depends on ambient `jq` and fails with a misleading assertion when it is absent
clear the needs:area park	Classify the needs:area backlog	2026-09-09T19:32:23.0837914Z #5516  sparq-server                             T2 bd-to-issues.derive_areas (title scope/crate token)
clear the needs:area park	Classify the needs:area backlog	2026-09-09T19:32:23.0838516Z        sparq-server: make the degraded-response byte budget operator-configurable
clear the needs:area park	Classify the needs:area backlog	2026-09-09T19:32:23.0839226Z #5517  sparq-server                             T2 bd-to-issues.derive_areas (title scope/crate token)
clear the needs:area park	Classify the needs:area backlog	2026-09-09T19:32:23.0839907Z        sparq-server: CSV/TSV/XML SELECT and CONSTRUCT/DESCRIBE still materialise the whole response unbounded
clear the needs:area park	Classify the needs:area backlog	2026-09-09T19:32:23.0840566Z #5519  gui                                      T2 bd-to-issues.derive_areas (title scope/crate token)
clear the needs:area park	Classify the needs:area backlog	2026-09-09T19:32:23.0840816Z        perf(gui): gui/app is missing the radix-ui barrel tree-shake that site/ has
clear the needs:area park	Classify the needs:area backlog	2026-09-09T19:32:23.0841123Z #5521  ci                                       T1 ci: CI / orchestration infrastructure
clear the needs:area park	Classify the needs:area backlog	2026-09-09T19:32:23.0841460Z        sq-lfmvd stage-1 observation: confirm ci-summary-status fires and agrees with `ci-summary / gate`
clear the needs:area park	Classify the needs:area backlog	2026-09-09T19:32:23.0841640Z #5522  ci                                       T1 ci: CI / orchestration infrastructure
clear the needs:area park	Classify the needs:area backlog	2026-09-09T19:32:23.0841971Z        sq-lfmvd blocker for stage 3: the cancelled-newest-run re-dispatch has no home in the slotless design
clear the needs:area park	Classify the needs:area backlog	2026-09-09T19:32:23.0842168Z #5523  ci                                       T1 ci: CI / orchestration infrastructure
clear the needs:area park	Classify the needs:area backlog	2026-09-09T19:32:23.0842496Z        sq-lfmvd: the slotless evaluator holds every draft PR at `pending` instead of evaluating at draft tier
clear the needs:area park	Classify the needs:area backlog	2026-09-09T19:32:23.0842760Z #5527  sparq-server                             T2 bd-to-issues.derive_areas (title scope/crate token)
clear the needs:area park	Classify the needs:area backlog	2026-09-09T19:32:23.0843269Z        slow-query-log: a streamed SELECT's recorded wall time is a lower bound (measurement stops at the response head)
clear the needs:area park	Classify the needs:area backlog	2026-09-09T19:32:23.0843460Z #5533  ci                                       T1 ci: CI / orchestration infrastructure
clear the needs:area park	Classify the needs:area backlog	2026-09-09T19:32:23.0843798Z        OrchestrationSafeInertnessTests still audits a hand-maintained Rust-CI workflow list (fail-open)
clear the needs:area park	Classify the needs:area backlog	2026-09-09T19:32:23.0843978Z #5535  ci                                       T1 ci: CI / orchestration infrastructure
clear the needs:area park	Classify the needs:area backlog	2026-09-09T19:32:23.0844307Z        selection-alarm: a failed DECLARED-ADVISORY lane both mints a finding and blocks the window bound
clear the needs:area park	Classify the needs:area backlog	2026-09-09T19:32:23.0844490Z #5536  ci                                       T1 ci: CI / orchestration infrastructure
clear the needs:area park	Classify the needs:area backlog	2026-09-09T19:32:23.0844807Z        Measure and repair the nightly full-matrix backstop's own health (#5025 acceptance items 1 and 3)
clear the needs:area park	Classify the needs:area backlog	2026-09-09T19:32:23.0845072Z #5538  sparq-policy                             T2 bd-to-issues.derive_areas (title scope/crate token)
clear the needs:area park	Classify the needs:area backlog	2026-09-09T19:32:23.0845429Z        sparq-policy: retire VENDORED_SEC_PROP_DIMS exemption now that the vendored dimensions are declared subjects
clear the needs:area park	Classify the needs:area backlog	2026-09-09T19:32:23.0845697Z #5539  sparq-vectors                            T2 bd-to-issues.derive_areas (title scope/crate token)
clear the needs:area park	Classify the needs:area backlog	2026-09-09T19:32:23.0845923Z        unsafe-register: the four sparq-vectors simd.rs rows are 2 lines stale
clear the needs:area park	Classify the needs:area backlog	2026-09-09T19:32:23.0846176Z #5540  site-papers                              T1 site-papers: paper-factory artifact
clear the needs:area park	Classify the needs:area backlog	2026-09-09T19:32:23.0846469Z        memsafety evidence MS-1: '60 total crates' is stale (live: 68) and the accounting does not add up
clear the needs:area park	Classify the needs:area backlog	2026-09-09T19:32:23.0846699Z #5541  bench                                    T0 author-declared crate_or_surface/crates field
clear the needs:area park	Classify the needs:area backlog	2026-09-09T19:32:23.0846941Z        Follow-up to #3699: move the DiskANN recall/Pareto harnesses into sparq-vamana
clear the needs:area park	Classify the needs:area backlog	2026-09-09T19:32:23.0847211Z #5543  sparq-fedplan-mpc                        T2 bd-to-issues.derive_areas (title scope/crate token)
clear the needs:area park	Classify the needs:area backlog	2026-09-09T19:32:23.0847693Z        sq-1fo4 follow-up: maintainer decision on §9 Q3 — where the Phase-5 plan digest attaches to the collaborative proof
clear the needs:area park	Classify the needs:area backlog	2026-09-09T19:32:23.0847950Z #5544  sparq-zk-compose                         T1 zk-compose: zk-compose circuit/verifier surface
clear the needs:area park	Classify the needs:area backlog	2026-09-09T19:32:23.0848347Z        sq-1fo4 follow-up: extend the M4-v1 federated public-input layout to carry the Phase-5 plan digest (audit-gated)
clear the needs:area park	Classify the needs:area backlog	2026-09-09T19:32:23.0848602Z #5549  sparq-solid                              T2 bd-to-issues.derive_areas (title scope/crate token)
clear the needs:area park	Classify the needs:area backlog	2026-09-09T19:32:23.0849179Z        sparq-solid: positional skolemization makes put_acl churn unrelated documents' skolem IRIs (defeats the sq-b7k7u diff on blank-node ACRs)
clear the needs:area park	Classify the needs:area backlog	2026-09-09T19:32:23.0849435Z #5550  sparq-solid                              T2 bd-to-issues.derive_areas (title scope/crate token)
clear the needs:area park	Classify the needs:area backlog	2026-09-09T19:32:23.0849888Z        sparq-solid: a static-target update_as write to a content-graph group document does not re-materialize the auth view (stale-grant window)
clear the needs:area park	Classify the needs:area backlog	2026-09-09T19:32:23.0850152Z #5551  sparq-solid                              T2 bd-to-issues.derive_areas (title scope/crate token)
clear the needs:area park	Classify the needs:area backlog	2026-09-09T19:32:23.0850635Z        sparq-solid: security review — does a named graph <https://> break the container-chain origin-termination assumption?
clear the needs:area park	Classify the needs:area backlog	2026-09-09T19:32:23.0850852Z #5554  ci                                       T1 ci: CI / orchestration infrastructure
clear the needs:area park	Classify the needs:area backlog	2026-09-09T19:32:23.0851219Z        pages.yml header asserts an undated live Pages API result as current fact
clear the needs:area park	Classify the needs:area backlog	2026-09-09T19:32:23.0851485Z #5555  sparq-policy                             T2 bd-to-issues.derive_areas (title scope/crate token)
clear the needs:area park	Classify the needs:area backlog	2026-09-09T19:32:23.0851855Z        sparq-policy: retire the VENDORED_SEC_PROP_DIMS exemption now that secprop-ext.ttl declares the three subjects
clear the needs:area park	Classify the needs:area backlog	2026-09-09T19:32:23.0852078Z #5557  ci                                       T2 bd-to-issues.derive_areas (title scope/crate token)
clear the needs:area park	Classify the needs:area backlog	2026-09-09T19:32:23.0852512Z        ci_execution_latency_alarm test: `assertIn("M4-declared-cadence-unachievable", out)` is vacuous
clear the needs:area park	Classify the needs:area backlog	2026-09-09T19:32:23.0852699Z #5566  ci                                       T1 ci: CI / orchestration infrastructure
clear the needs:area park	Classify the needs:area backlog	2026-09-09T19:32:23.0853118Z        Container image coordinate is self-contradictory: `ghcr.io/jeswr/sparq-server` vs `ghcr.io/sparq-org/sparq-server` across docs
clear the needs:area park	Classify the needs:area backlog	2026-09-09T19:32:23.0853311Z #5567  ci                                       T1 ci: CI / orchestration infrastructure
clear the needs:area park	Classify the needs:area backlog	2026-09-09T19:32:23.0853633Z        23 stale `jeswr/sparq` coordinates remain in `.github/workflows/*.yml` after the #5546 markdown sweep
clear the needs:area park	Classify the needs:area backlog	2026-09-09T19:32:23.0853877Z #5569  sparq-zk                                 T2 bd-to-issues.derive_areas (title scope/crate token)
clear the needs:area park	Classify the needs:area backlog	2026-09-09T19:32:23.0854332Z        vc_bridge_json: SD suites need `u`/base64url multibase, so a real bbs-2023 / ecdsa-sd-2023 document cannot reach the vc_bridge_sd seam from JSON
clear the needs:area park	Classify the needs:area backlog	2026-09-09T19:32:23.0854557Z #5571  gui                                      T2 bd-to-issues.derive_areas (title scope/crate token)
clear the needs:area park	Classify the needs:area backlog	2026-09-09T19:32:23.0854848Z        GUI ZK tool: add a real-path browser prove/verify gate in the gui-mock-ipc Playwright lane
clear the needs:area park	Classify the needs:area backlog	2026-09-09T19:32:23.0855109Z #5572  sparq-zk-compose                         T1 zk-compose: zk-compose circuit/verifier surface
clear the needs:area park	Classify the needs:area backlog	2026-09-09T19:32:23.0855498Z        site: zk-car-hire refusal classification is as broad as the GUI's was (misreports prover failures as cryptographic refusal)
clear the needs:area park	Classify the needs:area backlog	2026-09-09T19:32:23.0855731Z #5583  gui                                      T2 bd-to-issues.derive_areas (title scope/crate token)
clear the needs:area park	Classify the needs:area backlog	2026-09-09T19:32:23.0855943Z        GUI MPC panel: no browser test drives the panel's own compute path
clear the needs:area park	Classify the needs:area backlog	2026-09-09T19:32:23.0856204Z #5585  sparq-engine                             T2 bd-to-issues.derive_areas (title scope/crate token)
clear the needs:area park	Classify the needs:area backlog	2026-09-09T19:32:23.0856509Z        sparq-engine: mark the pure `update`/`update_prepared` returning-a-new-Graph API `#[must_use]`
clear the needs:area park	Classify the needs:area backlog	2026-09-09T19:32:23.0856754Z #5587  sparq-canon                              T2 bd-to-issues.derive_areas (title scope/crate token)
clear the needs:area park	Classify the needs:area backlog	2026-09-09T19:32:23.0857205Z        Triage the 15 kind-(B) recorded gaps in scripts/feature-matrix-unlegged.allowlist.json (per-crate: add a leg or a coverage.sh arm)
clear the needs:area park	Classify the needs:area backlog	2026-09-09T19:32:23.0857454Z #5588  sparq-solid                              T2 bd-to-issues.derive_areas (title scope/crate token)
clear the needs:area park	Classify the needs:area backlog	2026-09-09T19:32:23.0857874Z        scripts/check-feature-test-execution.allowlist.json carries 7 more entries that look stale (no staleness check exists)
clear the needs:area park	Classify the needs:area backlog	2026-09-09T19:32:23.0858067Z #5590  ci                                       T1 ci: CI / orchestration infrastructure
clear the needs:area park	Classify the needs:area backlog	2026-09-09T19:32:23.0858487Z        test_ring_credential_loud.py has an undeclared `jq` dependency and misdiagnoses when it is absent
clear the needs:area park	Classify the needs:area backlog	2026-09-09T19:32:23.0858681Z #5592  ci                                       T1 ci: CI / orchestration infrastructure
clear the needs:area park	Classify the needs:area backlog	2026-09-09T19:32:23.0858940Z        Seed sparq-lws-core's line-% coverage floor from the coverage-lws lane's first run
clear the needs:area park	Classify the needs:area backlog	2026-09-09T19:32:23.0859204Z #5593  sparq-lws-core                           T2 bd-to-issues.derive_areas (title scope/crate token)
clear the needs:area park	Classify the needs:area backlog	2026-09-09T19:32:23.0859533Z        coverage-nightly now also measures sparq-lws-core — watch its 60-minute budget
clear the needs:area park	Classify the needs:area backlog	2026-09-09T19:32:23.0859768Z #5596  sparq-zk                                 T2 bd-to-issues.derive_areas (title scope/crate token)
clear the needs:area park	Classify the needs:area backlog	2026-09-09T19:32:23.0860174Z        sq-j3b9 residual: arkworks ark-ff field ops on the signing path are still not asserted constant-time (the actual curve/dep swap)
clear the needs:area park	Classify the needs:area backlog	2026-09-09T19:32:23.0860413Z #5597  sparq-zk                                 T2 bd-to-issues.derive_areas (title scope/crate token)
clear the needs:area park	Classify the needs:area backlog	2026-09-09T19:32:23.0860715Z        sparq-zk sig.rs: derive_nonce leaves unzeroized copies of the secret nonce in Vec<u8> buffers
clear the needs:area park	Classify the needs:area backlog	2026-09-09T19:32:23.0861098Z #5601  sparq-zk-compose                         T1 zk-compose: zk-compose circuit/verifier surface
clear the needs:area park	Classify the needs:area backlog	2026-09-09T19:32:23.0861375Z        GUI ZK prover duplicates the site's operand_enc fixtures with no drift guard on the copy
clear the needs:area park	Classify the needs:area backlog	2026-09-09T19:32:23.0861755Z #5604  sparq-trust                              T2 bd-to-issues.derive_areas (title scope/crate token)
clear the needs:area park	Classify the needs:area backlog	2026-09-09T19:32:23.0862096Z        sparq-trust: reorder admissibility DISCHARGE_RULE premise to avoid a constraint x method cross product
clear the needs:area park	Classify the needs:area backlog	2026-09-09T19:32:23.0862351Z #5605  sparq-reason                             T2 bd-to-issues.derive_areas (title scope/crate token)
clear the needs:area park	Classify the needs:area backlog	2026-09-09T19:32:23.0862597Z        sparq-reason: order non-delta join atoms by boundness in match_premise_seeded
clear the needs:area park	Classify the needs:area backlog	2026-09-09T19:32:23.0862853Z #5606  sparq-reason                             T2 bd-to-issues.derive_areas (title scope/crate token)
clear the needs:area park	Classify the needs:area backlog	2026-09-09T19:32:23.0863129Z        sparq-reason: add a one-side-bound-seeding (OSB) rule lint over parser::Parsed
clear the needs:area park	Classify the needs:area backlog	2026-09-09T19:32:23.0863380Z #5607  sparq-trust                              T2 bd-to-issues.derive_areas (title scope/crate token)
clear the needs:area park	Classify the needs:area backlog	2026-09-09T19:32:23.0863770Z        sparq-trust: gate wire::derive_grants on a decidable rule fragment (it currently accepts arbitrary N3 with no budget)
clear the needs:area park	Classify the needs:area backlog	2026-09-09T19:32:23.0864025Z #5608  sparq-solid                              T2 bd-to-issues.derive_areas (title scope/crate token)
clear the needs:area park	Classify the needs:area backlog	2026-09-09T19:32:23.0864363Z        sparq-solid: three wac.n3 rules violate one-side-bound seeding (low-selectivity type atom written first)
clear the needs:area park	Classify the needs:area backlog	2026-09-09T19:32:23.0864618Z #5609  sparq-trust                              T2 bd-to-issues.derive_areas (title scope/crate token)
clear the needs:area park	Classify the needs:area backlog	2026-09-09T19:32:23.0864875Z        sparq-trust: derive_conditional_grants runs one full N3 closure per admitted fact
clear the needs:area park	Classify the needs:area backlog	2026-09-09T19:32:23.0865109Z #5610  bench                                    T2 bd-to-issues.derive_areas (title scope/crate token)
clear the needs:area park	Classify the needs:area backlog	2026-09-09T19:32:23.0865454Z        bench/trust-admission: add the structural cost inputs the P8 analysis names to the deterministic schema
clear the needs:area park	Classify the needs:area backlog	2026-09-09T19:32:23.0865709Z #5611  sparq-policy                             T1 odrl: ODRL evaluation lives in crates/sparq-policy
clear the needs:area park	Classify the needs:area backlog	2026-09-09T19:32:23.0866001Z        sparq-solid: audit acp-a/b/c.n3 and odrl-*.n3 against the one-side-bound seeding property
clear the needs:area park	Classify the needs:area backlog	2026-09-09T19:32:23.0866254Z #5612  sparq-server                             T2 bd-to-issues.derive_areas (title scope/crate token)
clear the needs:area park	Classify the needs:area backlog	2026-09-09T19:32:23.0866561Z        slow-query-log: the threshold comparison in the HTTP recording seam is not pinned by any test
clear the needs:area park	Classify the needs:area backlog	2026-09-09T19:32:23.0866808Z #5613  sparq-server                             T2 bd-to-issues.derive_areas (title scope/crate token)
clear the needs:area park	Classify the needs:area backlog	2026-09-09T19:32:23.0867068Z        sparq-server README omits the slow-query-log opt-in feature from its feature list
clear the needs:area park	Classify the needs:area backlog	2026-09-09T19:32:23.0867261Z #5614  ci                                       T1 ci: CI / orchestration infrastructure
clear the needs:area park	Classify the needs:area backlog	2026-09-09T19:32:23.0867700Z        feature-matrix invariant (3): a crate with no fragment and no registry entry is enumerated by nothing
clear the needs:area park	Classify the needs:area backlog	2026-09-09T19:32:23.0867960Z #5615  sparq-server                             T2 bd-to-issues.derive_areas (title scope/crate token)
clear the needs:area park	Classify the needs:area backlog	2026-09-09T19:32:23.0868352Z        Solid conformance: an LDP resource-serving path needs the 401 + WWW-Authenticate lane, not the uniform 403
clear the needs:area park	Classify the needs:area backlog	2026-09-09T19:32:23.0868586Z #5617  ci                                       T2 bd-to-issues.derive_areas (title scope/crate token)
clear the needs:area park	Classify the needs:area backlog	2026-09-09T19:32:23.0868817Z        CI: no mechanism re-evaluates open PRs when their base branch advances
clear the needs:area park	Classify the needs:area backlog	2026-09-09T19:32:23.0869002Z #5620  ci                                       T1 ci: CI / orchestration infrastructure
clear the needs:area park	Classify the needs:area backlog	2026-09-09T19:32:23.0869311Z        preflight.py does not cover the feature-matrix gates (the opt-in-feature PR's most likely red)
clear the needs:area park	Classify the needs:area backlog	2026-09-09T19:32:23.0869491Z #5622  ci                                       T1 ci: CI / orchestration infrastructure
clear the needs:area park	Classify the needs:area backlog	2026-09-09T19:32:23.0869892Z        ci(perf): merge_group entry wall regressed ~+6 m between 2026-07-10 and 2026-07-26 — find the cause
clear the needs:area park	Classify the needs:area backlog	2026-09-09T19:32:23.0870126Z #5623  ci                                       T2 bd-to-issues.derive_areas (title scope/crate token)
clear the needs:area park	Classify the needs:area backlog	2026-09-09T19:32:23.0870523Z        ci(coverage): take a job-level pre/post merge_group sample to attribute the build->test chain growth
clear the needs:area park	Classify the needs:area backlog	2026-09-09T19:32:23.0870779Z #5632  sparq-mpc                                T2 bd-to-issues.derive_areas (title scope/crate token)
clear the needs:area park	Classify the needs:area backlog	2026-09-09T19:32:23.0871251Z        sparq-mpc: no entry point gives BOTH malicious integrity and decision-time obliviousness for the hidden join
clear the needs:area park	Classify the needs:area backlog	2026-09-09T19:32:23.0871501Z #5633  sparq-mpc                                T2 bd-to-issues.derive_areas (title scope/crate token)
clear the needs:area park	Classify the needs:area backlog	2026-09-09T19:32:23.0871903Z        sparq-mpc: auth_join::malicious_hidden_join holds the whole |L|x|R| authenticated batch in memory for its single sigma open
clear the needs:area park	Classify the needs:area backlog	2026-09-09T19:32:23.0872113Z #5635  bench                                    T1 bench-generic: a benchmarking deliverable
clear the needs:area park	Classify the needs:area backlog	2026-09-09T19:32:23.0872350Z        bench_registry: whitespace-only benchmark `id = " "` is accepted by _ID_RE
clear the needs:area park	Classify the needs:area backlog	2026-09-09T19:32:23.0872534Z #5636  ci                                       T1 ci: CI / orchestration infrastructure
clear the needs:area park	Classify the needs:area backlog	2026-09-09T19:32:23.0872765Z        preflight.py does not enforce the feature-matrix two-file scope rule
clear the needs:area park	Classify the needs:area backlog	2026-09-09T19:32:23.0872953Z #5637  ci                                       T1 ci: CI / orchestration infrastructure
clear the needs:area park	Classify the needs:area backlog	2026-09-09T19:32:23.0873225Z        supply-chain gate: two network-bound steps in the GATING lane still have no flake retry
clear the needs:area park	Classify the needs:area backlog	2026-09-09T19:32:23.0873451Z #5639  ci                                       T2 bd-to-issues.derive_areas (title scope/crate token)
clear the needs:area park	Classify the needs:area backlog	2026-09-09T19:32:23.0873766Z        ci: test_ci_select_wiring guards evaluated against under-populated contexts can pass null-truthy
clear the needs:area park	Classify the needs:area backlog	2026-09-09T19:32:23.0874020Z #5640  sparq-server                             T2 bd-to-issues.derive_areas (title scope/crate token)
clear the needs:area park	Classify the needs:area backlog	2026-09-09T19:32:23.0874230Z        sparq-server README: opt-in feature list omits `slow-query-log`
clear the needs:area park	Classify the needs:area backlog	2026-09-09T19:32:23.0874492Z #5646  sparq-vectors                            T2 bd-to-issues.derive_areas (title scope/crate token)
clear the needs:area park	Classify the needs:area backlog	2026-09-09T19:32:23.0874869Z        research/genai-urn-concept-verifier-design.md §1 gate verdict is now partially stale
clear the needs:area park	Classify the needs:area backlog	2026-09-09T19:32:23.0875055Z #5648  ci                                       T1 ci: CI / orchestration infrastructure
clear the needs:area park	Classify the needs:area backlog	2026-09-09T19:32:23.0875474Z        docs-quality.yml: unquoted step names ending in ` — #NNNN)` are silently truncated by YAML comment parsing
clear the needs:area park	Classify the needs:area backlog	2026-09-09T19:32:23.0875725Z #5650  sparq-policy                             T1 odrl: ODRL evaluation lives in crates/sparq-policy
clear the needs:area park	Classify the needs:area backlog	2026-09-09T19:32:23.0876038Z        ODRL bridge: a collection-valued prohibition denies only the REQUESTING member (one-shot scope)
clear the needs:area park	Classify the needs:area backlog	2026-09-09T19:32:23.0876291Z #5651  sparq-forms                              T2 bd-to-issues.derive_areas (title scope/crate token)
clear the needs:area park	Classify the needs:area backlog	2026-09-09T19:32:23.0876770Z        sparq-forms: blank-node labels and triple-term fallback text are still spliced verbatim into SPARQL updates
clear the needs:area park	Classify the needs:area backlog	2026-09-09T19:32:23.0876958Z #5657  ci                                       T1 ci: CI / orchestration infrastructure
clear the needs:area park	Classify the needs:area backlog	2026-09-09T19:32:23.0877206Z        sq-6vshe.15 item 3: EXECUTE the sccache A/B dispatch runs and record the verdict
clear the needs:area park	Classify the needs:area backlog	2026-09-09T19:32:23.0877392Z #5658  ci                                       T1 ci: CI / orchestration infrastructure
clear the needs:area park	Classify the needs:area backlog	2026-09-09T19:32:23.0877574Z        No actionlint / YAML-validity lane for .github/workflows
clear the needs:area park	Classify the needs:area backlog	2026-09-09T19:32:23.0877826Z #5659  sparq-policy                             T1 odrl: ODRL evaluation lives in crates/sparq-policy
clear the needs:area park	Classify the needs:area backlog	2026-09-09T19:32:23.0878280Z        ODRL bridge: carry PartyCollection IDENTITY separately from membership evidence (close the un-evidenced collection deny/carve-out gap)
clear the needs:area park	Classify the needs:area backlog	2026-09-09T19:32:23.0878461Z #5662  ci                                       T1 ci: CI / orchestration infrastructure
clear the needs:area park	Classify the needs:area backlog	2026-09-09T19:32:23.0878879Z        ci: per-lane merge_group re-sample for the lanes never measured (vectorized-feature-off, routing-self-tests, pr-area-label)
clear the needs:area park	Classify the needs:area backlog	2026-09-09T19:32:23.0879067Z #5666  ci                                       T1 ci: CI / orchestration infrastructure
clear the needs:area park	Classify the needs:area backlog	2026-09-09T19:32:23.0879495Z        ci(cache): give mutants-diff.yml a main-seeded shared-key so it can join the sq-3sbrr save discipline
clear the needs:area park	Classify the needs:area backlog	2026-09-09T19:32:23.0879723Z #5670  ci                                       T2 bd-to-issues.derive_areas (title scope/crate token)
clear the needs:area park	Classify the needs:area backlog	2026-09-09T19:32:23.0880048Z        ci: lint for the rust-cache `key:`-does-not-share footgun repo-wide, not just the coverage-engine pair
clear the needs:area park	Classify the needs:area backlog	2026-09-09T19:32:23.0880279Z #5674  ci                                       T2 bd-to-issues.derive_areas (title scope/crate token)
clear the needs:area park	Classify the needs:area backlog	2026-09-09T19:32:23.0880645Z        ci: measure the actual Actions-cache BYTE total on main before/after the conformance-suites shared-key collapse
clear the needs:area park	Classify the needs:area backlog	2026-09-09T19:32:23.0880831Z #5675  ci                                       T1 ci: CI / orchestration infrastructure
clear the needs:area park	Classify the needs:area backlog	2026-09-09T19:32:23.0881456Z        ci: coverage-nightly and mutants-nightly-advisory rust-cache steps are also unkeyed — #5214 enumerated 14, there are 16
clear the needs:area park	Classify the needs:area backlog	2026-09-09T19:32:23.0881641Z #5676  ci                                       T1 ci: CI / orchestration infrastructure
clear the needs:area park	Classify the needs:area backlog	2026-09-09T19:32:23.0881911Z        flow-on-gates.yml writes pr-labels.txt into the repo ROOT (stageable CI scratch)
clear the needs:area park	Classify the needs:area backlog	2026-09-09T19:32:23.0882174Z #5680  sparq-zk-compose                         T1 zk-compose: zk-compose circuit/verifier surface
clear the needs:area park	Classify the needs:area backlog	2026-09-09T19:32:23.0882544Z        [selection-alarm] nightly full-matrix shard failure needs crate-triage (change-based selection active in window)
clear the needs:area park	Classify the needs:area backlog	2026-09-09T19:32:23.0882832Z #5681  sparq-solid                              T2 bd-to-issues.derive_areas (title scope/crate token)
clear the needs:area park	Classify the needs:area backlog	2026-09-09T19:32:23.0883253Z        sparq-solid: condition_agents rustdoc still describes the pre-Policy::party_collections design (stale after PR #5649 round 2)
clear the needs:area park	Classify the needs:area backlog	2026-09-09T19:32:23.0883454Z #5683  ci                                       T1 ci: CI / orchestration infrastructure
clear the needs:area park	Classify the needs:area backlog	2026-09-09T19:32:23.0883826Z        ci: the remaining `labeled` half of every flip still starts ~5 full workflow runs of skipped no-ops (#5215 follow-up)
clear the needs:area park	Classify the needs:area backlog	2026-09-09T19:32:23.0884010Z #5684  ci                                       T1 ci: CI / orchestration infrastructure
clear the needs:area park	Classify the needs:area backlog	2026-09-09T19:32:23.0884380Z        ci: vectorized-feature-off.yml has no #2546 label-trigger guard, so every label event starts both jobs for real
clear the needs:area park	Classify the needs:area backlog	2026-09-09T19:32:23.0884631Z #5695  sparq-solid                              T2 bd-to-issues.derive_areas (title scope/crate token)
clear the needs:area park	Classify the needs:area backlog	2026-09-09T19:32:23.0885051Z        sparq-solid: offer a request-ATOMIC budgeted update (update_in_place_atomic_with_budget) so a mid-apply budget trip rolls back
clear the needs:area park	Classify the needs:area backlog	2026-09-09T19:32:23.0885299Z #5696  sparq-mcp                                T2 bd-to-issues.derive_areas (title scope/crate token)
clear the needs:area park	Classify the needs:area backlog	2026-09-09T19:32:23.0885893Z        sparq-mcp: SolidServerConfig/ServerConfig query_timeout_secs is whole-seconds only — no sub-second tool budget
clear the needs:area park	Classify the needs:area backlog	2026-09-09T19:32:23.0886170Z #5698  sparq-conformance                        T2 bd-to-issues.derive_areas (title scope/crate token)
clear the needs:area park	Classify the needs:area backlog	2026-09-09T19:32:23.0886537Z        el_suite: DOCUMENTED_DIVERGENCES doc-comment still says "The 28 entries below" — there are 11
clear the needs:area park	Classify the needs:area backlog	2026-09-09T19:32:23.0886807Z #5699  sparq-reason-el                          T2 bd-to-issues.derive_areas (title scope/crate token)
clear the needs:area park	Classify the needs:area backlog	2026-09-09T19:32:23.0887289Z        el_suite: re-verify the New-Feature-SelfRestriction-002 divergence against a fetched W3C export (may allow an EL_SUITE_FLOOR rise)
clear the needs:area park	Classify the needs:area backlog	2026-09-09T19:32:23.0887535Z #5703  sparq-lws-core                           T0 author-declared crate_or_surface/crates field
clear the needs:area park	Classify the needs:area backlog	2026-09-09T19:32:23.0887834Z        lws notifications: enforce per-resource WAC on subscribe (the sparq#992 blocker has lifted)
clear the needs:area park	Classify the needs:area backlog	2026-09-09T19:32:23.0888073Z #5704  sparq-lws-core                           T0 author-declared crate_or_surface/crates field
clear the needs:area park	Classify the needs:area backlog	2026-09-09T19:32:23.0888358Z        lws: correct five stale M2-next markers (they claim unimplemented work that has shipped)
clear the needs:area park	Classify the needs:area backlog	2026-09-09T19:32:23.0888601Z #5705  sparq-lws-core                           T0 author-declared crate_or_surface/crates field
clear the needs:area park	Classify the needs:area backlog	2026-09-09T19:32:23.0888913Z        lws: pin existence-non-disclosure V5 structurally (container ETag is guarded only by placement)
clear the needs:area park	Classify the needs:area backlog	2026-09-09T19:32:23.0889219Z #5706  deps                                     T1 deps: dependency management
clear the needs:area park	Classify the needs:area backlog	2026-09-09T19:32:23.0889470Z        supply-chain: promote the hickory 0.26.1 rows from cargo-vet exemption to audit
clear the needs:area park	Classify the needs:area backlog	2026-09-09T19:32:23.0889718Z #5707  sparq-lws-core                           T0 author-declared crate_or_surface/crates field
clear the needs:area park	Classify the needs:area backlog	2026-09-09T19:32:23.0889979Z        lws: optionally confirm the sq-gg0qq.8 branch triage at commit level (needs network)
clear the needs:area park	Classify the needs:area backlog	2026-09-09T19:32:23.0890225Z #5708  sparq-lws-core                           T0 author-declared crate_or_surface/crates field
clear the needs:area park	Classify the needs:area backlog	2026-09-09T19:32:23.0890569Z        lws: object_store-backed BlobStore adapter (S3/Local) — the remaining large M2 item
clear the needs:area park	Classify the needs:area backlog	2026-09-09T19:32:23.0890807Z #5709  sparq-lws-core                           T0 author-declared crate_or_surface/crates field
clear the needs:area park	Classify the needs:area backlog	2026-09-09T19:32:23.0891107Z        lws: support N-Triples/N-Quads/N3 as LDP read formats
clear the needs:area park	Classify the needs:area backlog	2026-09-09T19:32:23.0891377Z #5710  sparq-server                             T2 bd-to-issues.derive_areas (title scope/crate token)
clear the needs:area park	Classify the needs:area backlog	2026-09-09T19:32:23.0891605Z        sparq-server README: opt-in feature inventory omits `slow-query-log`
clear the needs:area park	Classify the needs:area backlog	2026-09-09T19:32:23.0891860Z #5712  sparq-solid                              T2 bd-to-issues.derive_areas (title scope/crate token)
clear the needs:area park	Classify the needs:area backlog	2026-09-09T19:32:23.0892107Z        preflight.py does not catch wasm32-only compile breakage in wasm-lane crates
clear the needs:area park	Classify the needs:area backlog	2026-09-09T19:32:23.0892297Z #5715  ci                                       T1 ci: CI / orchestration infrastructure
clear the needs:area park	Classify the needs:area backlog	2026-09-09T19:32:23.0892717Z        Decide the acir witness-forge dependency route before implementing the noir#13314 L1 guard (§5.8 item 2)
clear the needs:area park	Classify the needs:area backlog	2026-09-09T19:32:23.0892911Z #5717  ci                                       T1 ci: CI / orchestration infrastructure
clear the needs:area park	Classify the needs:area backlog	2026-09-09T19:32:23.0893321Z        vectorized-feature-off: run the heavy wasm double-build only when sparq-wasm is in the affected closure (non-draft PRs too)
clear the needs:area park	Classify the needs:area backlog	2026-09-09T19:32:23.0893576Z #5719  bench                                    T0 author-declared crate_or_surface/crates field
clear the needs:area park	Classify the needs:area backlog	2026-09-09T19:32:23.0893913Z        Register the crates/ + bench/ + site/ generated-golden companions in .github/generated-companions.json
clear the needs:area park	Classify the needs:area backlog	2026-09-09T19:32:23.0894128Z #5720  bench                                    T1 bench: the bench/ harness + competitor gather
clear the needs:area park	Classify the needs:area backlog	2026-09-09T19:32:23.0894387Z        gen-metric-labels.py --check reports drift but does not name which query moved
clear the needs:area park	Classify the needs:area backlog	2026-09-09T19:32:23.0894745Z #5721  sparq-wasm,sparq-core,sparq-engine,sparq-substrate T0 author-declared crate_or_surface/crates field
clear the needs:area park	Classify the needs:area backlog	2026-09-09T19:32:23.0895239Z        artifact-exact-equality (wasm feature-OFF) reds on a PR provably outside the sparq-wasm default-feature closure
clear the needs:area park	Classify the needs:area backlog	2026-09-09T19:32:23.0895429Z #5724  ci                                       T1 ci: CI / orchestration infrastructure
clear the needs:area park	Classify the needs:area backlog	2026-09-09T19:32:23.0895758Z        ci-select: audit .github/**-reading gate scripts for the same raw-text hazard #5237 found in sparq-bench
clear the needs:area park	Classify the needs:area backlog	2026-09-09T19:32:23.0896009Z #5726  sparq-mpc                                T2 bd-to-issues.derive_areas (title scope/crate token)
clear the needs:area park	Classify the needs:area backlog	2026-09-09T19:32:23.0896461Z        secprop vocab: mint secx:Malicious / secx:Covert / secx:DishonestMajority assumption IRIs (Phase 1 gap blocking full sparq-mpc annotation)
clear the needs:area park	Classify the needs:area backlog	2026-09-09T19:32:23.0896649Z #5727  ci                                       T1 ci: CI / orchestration infrastructure
clear the needs:area park	Classify the needs:area backlog	2026-09-09T19:32:23.0896956Z        el_suite: stale divergence count ("28 entries") in DOCUMENTED_DIVERGENCES rustdoc + ci.yml comment
clear the needs:area park	Classify the needs:area backlog	2026-09-09T19:32:23.0897180Z #5729  ci                                       T2 bd-to-issues.derive_areas (title scope/crate token)
clear the needs:area park	Classify the needs:area backlog	2026-09-09T19:32:23.0897614Z        ci: `text-oracle` + `rsp-oracle` measure 0.98 pairwise — candidates for a second rust-cache shared-key group
clear the needs:area park	Classify the needs:area backlog	2026-09-09T19:32:23.0897794Z #5731  ci                                       T1 ci: CI / orchestration infrastructure
clear the needs:area park	Classify the needs:area backlog	2026-09-09T19:32:23.0898380Z        Structural guard C1 (check-feature-test-execution.py) cannot see feature-gated test modules inside src/ — the exact hole sq-mwnko found by hand
clear the needs:area park	Classify the needs:area backlog	2026-09-09T19:32:23.0898688Z #5732  ci                                       T1 ci: CI / orchestration infrastructure
clear the needs:area park	Classify the needs:area backlog	2026-09-09T19:32:23.0899055Z        Sweep every crate for feature-gated lib unit tests that no CI lane runs (sq-mwnko audited sparq-conformance only)
clear the needs:area park	Classify the needs:area backlog	2026-09-09T19:32:23.0899244Z #5734  ci                                       T1 ci: CI / orchestration infrastructure
clear the needs:area park	Classify the needs:area backlog	2026-09-09T19:32:23.0899654Z        ci: probe + alarm on merge-queue precondition drift (grouping_strategy != ALLGREEN, or a per-leg name in required_status_checks)
clear the needs:area park	Classify the needs:area backlog	2026-09-09T19:32:23.0899851Z #5735  ci                                       T1 ci: CI / orchestration infrastructure
clear the needs:area park	Classify the needs:area backlog	2026-09-09T19:32:23.0900150Z        ci: settle merge_group.base_sha semantics for a stacked group and fix the ci-select.yml comment
clear the needs:area park	Classify the needs:area backlog	2026-09-09T19:32:23.0900327Z #5736  ci                                       T1 ci: CI / orchestration infrastructure
clear the needs:area park	Classify the needs:area backlog	2026-09-09T19:32:23.0900633Z        ci: measure the cost of `event == merge_group => mode=full` from existing data (natural experiment)
clear the needs:area park	Classify the needs:area backlog	2026-09-09T19:32:23.0900884Z #5738  sparq-zk-compose                         T1 zk-compose: zk-compose circuit/verifier surface
clear the needs:area park	Classify the needs:area backlog	2026-09-09T19:32:23.0901248Z        ZK drift guard does not cover the GUI's copy of the committed term anchors
clear the needs:area park	Classify the needs:area backlog	2026-09-09T19:32:23.0901437Z #5744  ci                                       T1 ci: CI / orchestration infrastructure
clear the needs:area park	Classify the needs:area backlog	2026-09-09T19:32:23.0901711Z        flow-on-gates.yml comment claims "31 tests" for scripts/tests/test_flow_on.py (now 54)
clear the needs:area park	Classify the needs:area backlog	2026-09-09T19:32:23.0901903Z #5745  ci                                       T1 ci: CI / orchestration infrastructure
clear the needs:area park	Classify the needs:area backlog	2026-09-09T19:32:23.0902113Z        gui: run the ZK prover integration test (npm run test:zk-proof) in CI
clear the needs:area park	Classify the needs:area backlog	2026-09-09T19:32:23.0902332Z #5747  ci                                       T2 bd-to-issues.derive_areas (title scope/crate token)
clear the needs:area park	Classify the needs:area backlog	2026-09-09T19:32:23.0902680Z        ci: batch-merge.py constituent_class ignores the ownership map, so a site-only PR still batches as ENGINE
clear the needs:area park	Classify the needs:area backlog	2026-09-09T19:32:23.0902936Z #5749  sparq-solid                              T2 bd-to-issues.derive_areas (title scope/crate token)
clear the needs:area park	Classify the needs:area backlog	2026-09-09T19:32:23.0903602Z        security(solid): update WHERE clause reads graphs the actor cannot read — cross-graph copy-out via PodStore::update_as
clear the needs:area park	Classify the needs:area backlog	2026-09-09T19:32:23.0903848Z #5750  sparq-solid                              T2 bd-to-issues.derive_areas (title scope/crate token)
clear the needs:area park	Classify the needs:area backlog	2026-09-09T19:32:23.0904263Z        security(solid): update deny verdict is an equality oracle over unreadable data (and the error message discloses the graph IRI)
clear the needs:area park	Classify the needs:area backlog	2026-09-09T19:32:23.0904593Z #5753  ci                                       T1 ci: CI / orchestration infrastructure
clear the needs:area park	Classify the needs:area backlog	2026-09-09T19:32:23.0904937Z        ci: run scripts/ci_merge_group_poles.py and record the measured top-3 merge_group poles in the fast-lane epic
clear the needs:area park	Classify the needs:area backlog	2026-09-09T19:32:23.0905130Z #5754  ci                                       T1 ci: CI / orchestration infrastructure
clear the needs:area park	Classify the needs:area backlog	2026-09-09T19:32:23.0905459Z        ci: several docs-quality.yml step names are silently truncated by an unquoted ' #NNNN' issue reference
clear the needs:area park	Classify the needs:area backlog	2026-09-09T19:32:23.0905715Z #5756  sparq-reason                             T2 bd-to-issues.derive_areas (title scope/crate token)
clear the needs:area park	Classify the needs:area backlog	2026-09-09T19:32:23.0906071Z        sparq-reason: a single-pass N3 closure fails OPEN on a stratified rule set that negates via log:collectAllIn
clear the needs:area park	Classify the needs:area backlog	2026-09-09T19:32:23.0906332Z #5757  sparq-lws-core                           T2 bd-to-issues.derive_areas (title scope/crate token)
clear the needs:area park	Classify the needs:area backlog	2026-09-09T19:32:23.0906577Z        lws-spec conformance: wire the remaining 9 vector suites (138 of 157 vectors)
clear the needs:area park	Classify the needs:area backlog	2026-09-09T19:32:23.0906823Z #5758  sparq-shacl                              T0 author-declared crate_or_surface/crates field
clear the needs:area park	Classify the needs:area backlog	2026-09-09T19:32:23.0907145Z        lws-spec conformance: vendor the SHACL shapes and wire the document-validation vector operations
clear the needs:area park	Classify the needs:area backlog	2026-09-09T19:32:23.0907408Z #5759  sparq-lws-core                           T2 bd-to-issues.derive_areas (title scope/crate token)
clear the needs:area park	Classify the needs:area backlog	2026-09-09T19:32:23.0907803Z        lws-spec conformance: the 19 wired vectors do not cover the rule set's segment-safety guard
clear the needs:area park	Classify the needs:area backlog	2026-09-09T19:32:23.0908211Z #5761  sparq-reason-dl,sparq-conformance        T1 reason-dl-floor: the DL lane plus the conformance floor constants it ratchets
clear the needs:area park	Classify the needs:area backlog	2026-09-09T19:32:23.0908575Z        ci.yml DL-direct lane comment cites stale floors (68 profile / 184 direct) and mislabels the re-grep as an `==` pin
clear the needs:area park	Classify the needs:area backlog	2026-09-09T19:32:23.0908765Z #5762  ci                                       T1 ci: CI / orchestration infrastructure
clear the needs:area park	Classify the needs:area backlog	2026-09-09T19:32:23.0909066Z        scripts/tests/test_ring_credential_loud.py fails misleadingly when `jq` is absent from PATH
clear the needs:area park	Classify the needs:area backlog	2026-09-09T19:32:23.0909319Z #5766  sparq-zk-compose                         T1 zk-compose: zk-compose circuit/verifier surface
clear the needs:area park	Classify the needs:area backlog	2026-09-09T19:32:23.0909843Z        noir-optimization-program.md §5.2: re-inventory + re-baseline the sparq measurement corpus (8 documented vs 37 zk/compose bins)
clear the needs:area park	Classify the needs:area backlog	2026-09-09T19:32:23.0910245Z #5768  sparq-reason-dl,sparq-conformance        T1 reason-dl-floor: the DL lane plus the conformance floor constants it ratchets
clear the needs:area park	Classify the needs:area backlog	2026-09-09T19:32:23.0910605Z        ci.yml: DL arm comment cites stale pins (68 profile / 184 direct) — source consts are 93 / 227
clear the needs:area park	Classify the needs:area backlog	2026-09-09T19:32:23.0910797Z #5774  ci                                       T1 ci: CI / orchestration infrastructure
clear the needs:area park	Classify the needs:area backlog	2026-09-09T19:32:23.0911202Z        solid-conformance CI job should also run the solid-sparql-query query-semantics runner
clear the needs:area park	Classify the needs:area backlog	2026-09-09T19:32:23.0911446Z #5779  gui                                      T2 bd-to-issues.derive_areas (title scope/crate token)
clear the needs:area park	Classify the needs:area backlog	2026-09-09T19:32:23.0911840Z        GUI graph lens: expose a real ranking signal for the default lens's ?rank (no autocomplete-rank surface on the wasm bundle)
clear the needs:area park	Classify the needs:area backlog	2026-09-09T19:32:23.0912072Z #5780  gui                                      T2 bd-to-issues.derive_areas (title scope/crate token)
clear the needs:area park	Classify the needs:area backlog	2026-09-09T19:32:23.0912416Z        GUI graph view: an INFERRED rdf:reifies triple loses its why() explain affordance once annotations are folded
clear the needs:area park	Classify the needs:area backlog	2026-09-09T19:32:23.0912661Z #5782  gui                                      T2 bd-to-issues.derive_areas (title scope/crate token)
clear the needs:area park	Classify the needs:area backlog	2026-09-09T19:32:23.0912943Z        GUI: surface the lens slot/form contract at authoring + import time, not only at run time
clear the needs:area park	Classify the needs:area backlog	2026-09-09T19:32:23.0913168Z #5783  gui                                      T2 bd-to-issues.derive_areas (title scope/crate token)
clear the needs:area park	Classify the needs:area backlog	2026-09-09T19:32:23.0913499Z        GUI: the Graph view editor executes a typed SPARQL UPDATE while reporting "use a CONSTRUCT or DESCRIBE"
clear the needs:area park	Classify the needs:area backlog	2026-09-09T19:32:23.0913860Z #5785  ci                                       T1 ci: CI / orchestration infrastructure
clear the needs:area park	Classify the needs:area backlog	2026-09-09T19:32:23.0914289Z        Generalise the `jq` tool-dependency precondition to the other bash-driving suites in scripts/tests/
clear the needs:area park	Classify the needs:area backlog	2026-09-09T19:32:23.0914607Z #5787  sparq-solid                              T2 bd-to-issues.derive_areas (title scope/crate token)
clear the needs:area park	Classify the needs:area backlog	2026-09-09T19:32:23.0915111Z        solid: pattern-scope replica cache invalidates wholesale — plumb the written-graph set for per-graph invalidation
clear the needs:area park	Classify the needs:area backlog	2026-09-09T19:32:23.0922141Z #5788  sparq-solid                              T2 bd-to-issues.derive_areas (title scope/crate token)
clear the needs:area park	Classify the needs:area backlog	2026-09-09T19:32:23.0922471Z        solid: session_cache and scope_cache duplicate the bounded-sharded-map shape
clear the needs:area park	Classify the needs:area backlog	2026-09-09T19:32:23.0922760Z #5789  sparq-solid                              T2 bd-to-issues.derive_areas (title scope/crate token)
clear the needs:area park	Classify the needs:area backlog	2026-09-09T19:32:23.0923056Z        solid: PodStore::graph is pub, so direct mutation silently bypasses every derived cache
clear the needs:area park	Classify the needs:area backlog	2026-09-09T19:32:23.0923273Z #5791  ci                                       T1 ci: CI / orchestration infrastructure
clear the needs:area park	Classify the needs:area backlog	2026-09-09T19:32:23.0923849Z        ci-summary: exclude `schedule`-triggered runs from the gate's sibling set (implements research/ci-gate-cron-sibling-scope.md §6)
clear the needs:area park	Classify the needs:area backlog	2026-09-09T19:32:23.0924055Z #5793  ci                                       T1 ci: CI / orchestration infrastructure
clear the needs:area park	Classify the needs:area backlog	2026-09-09T19:32:23.0924780Z        Five nightly lane headers claim the ci-summary gate 'never sees' them — true for the PR gate, false for the main push gate
clear the needs:area park	Classify the needs:area backlog	2026-09-09T19:32:23.0924976Z #5806  ci                                       T1 ci: CI / orchestration infrastructure
clear the needs:area park	Classify the needs:area backlog	2026-09-09T19:32:23.0925386Z        ci_select: make the workflow raw-text consumers parse-based so `.github/workflows/**` can rejoin the inert-edit carve-out
clear the needs:area park	Classify the needs:area backlog	2026-09-09T19:32:23.0925621Z #5816  ci                                       T2 bd-to-issues.derive_areas (title scope/crate token)
clear the needs:area park	Classify the needs:area backlog	2026-09-09T19:32:23.0925895Z        ci.yml: a heavy shard's matrix filter can drift out of HEAVY and silently run ZERO tests
clear the needs:area park	Classify the needs:area backlog	2026-09-09T19:32:23.0926126Z #5818  ci                                       T1 ci: CI / orchestration infrastructure
clear the needs:area park	Classify the needs:area backlog	2026-09-09T19:32:23.0926439Z        4 CI lint scripts document a non-existent `ci-scripts` job (and claim it installs no Python deps)
clear the needs:area park	Classify the needs:area backlog	2026-09-09T19:32:23.0926621Z #5821  ci                                       T1 ci: CI / orchestration infrastructure
clear the needs:area park	Classify the needs:area backlog	2026-09-09T19:32:23.0926949Z        Stale rationale comment in test_preflight.py: ci-summary no longer excludes checks by name regex
clear the needs:area park	Classify the needs:area backlog	2026-09-09T19:32:23.0927134Z #5847  ci                                       T1 ci: CI / orchestration infrastructure
clear the needs:area park	Classify the needs:area backlog	2026-09-09T19:32:23.0927331Z        CI does not run scripts/push-frontier.sh --dry-run-self-test
clear the needs:area park	Classify the needs:area backlog	2026-09-09T19:32:23.0927519Z #5855  ci                                       T1 ci: CI / orchestration infrastructure
clear the needs:area park	Classify the needs:area backlog	2026-09-09T19:32:23.0927810Z        Re-source the wasm-pack doc-hint extractor from .github/wasm-pack-version once #5305 lands
clear the needs:area park	Classify the needs:area backlog	2026-09-09T19:32:23.0928005Z #5865  ci                                       T1 ci: CI / orchestration infrastructure
clear the needs:area park	Classify the needs:area backlog	2026-09-09T19:32:23.0928304Z        Add an actionlint workflow-lint lane (waivers are now pre-armed in .github/actionlint.yaml)
clear the needs:area park	Classify the needs:area backlog	2026-09-09T19:32:23.0928546Z #5870  sparq-zk                                 T2 bd-to-issues.derive_areas (title scope/crate token)
clear the needs:area park	Classify the needs:area backlog	2026-09-09T19:32:23.0928813Z        drift: crate `sparq-zk` carries conformance ratchets outside the central scoreboard
clear the needs:area park	Classify the needs:area backlog	2026-09-09T19:32:23.0929002Z #5874  docs                                     T1 docs: documentation-only change
clear the needs:area park	Classify the needs:area backlog	2026-09-09T19:32:23.0929321Z        docs: point the AGENTS.md 'new npm package' row at the package-test-execution guard once #5742 merges
clear the needs:area park	Classify the needs:area backlog	2026-09-09T19:32:23.0929508Z #5879  ci                                       T1 ci: CI / orchestration infrastructure
clear the needs:area park	Classify the needs:area backlog	2026-09-09T19:32:23.0929818Z        Workflow-parsing repo gates are unrunnable locally: no PyYAML and no pip in the worker sandbox
clear the needs:area park	Classify the needs:area backlog	2026-09-09T19:32:23.0930156Z #5880  ci                                       T1 ci: CI / orchestration infrastructure
clear the needs:area park	Classify the needs:area backlog	2026-09-09T19:32:23.0930413Z        heavy-set-alarm: ci.yml `HEAVY` no longer matches the measured heavy set (UNDECLARED)
clear the needs:area park	Classify the needs:area backlog	2026-09-09T19:32:23.0930599Z #5882  ci                                       T1 ci: CI / orchestration infrastructure
clear the needs:area park	Classify the needs:area backlog	2026-09-09T19:32:23.0931171Z        A gating self-test silently skipTests when a host tool is missing (test_workflow_dispatch_contract.py, routing-self-tests.yml)
clear the needs:area park	Classify the needs:area backlog	2026-09-09T19:32:23.0931441Z #5884  site-specs                               T1 site-specs: authors/edits a Typst UPD under site/specs
clear the needs:area park	Classify the needs:area backlog	2026-09-09T19:32:23.0932062Z        pr-backlog: resolve stale PR #4334 — research(orchestration): sub-crate dispatch parallelism — measured; region partitioning inside crates is not the 
clear the needs:area park	Classify the needs:area backlog	2026-09-09T19:32:23.0932244Z #5890  ci                                       T1 ci: CI / orchestration infrastructure
clear the needs:area park	Classify the needs:area backlog	2026-09-09T19:32:23.0932583Z        ci-summary: the feature-matrix reporter hold has no unsatisfiable-hold fast-fail (the #3781 treatment)
clear the needs:area park	Classify the needs:area backlog	2026-09-09T19:32:23.0932777Z #5895  ci                                       T1 ci: CI / orchestration infrastructure
clear the needs:area park	Classify the needs:area backlog	2026-09-09T19:32:23.0933017Z        bd-to-issues.py::plan() silently drops `blocked-by`-typed dependency rows
clear the needs:area park	Classify the needs:area backlog	2026-09-09T19:32:23.0933199Z #5896  ci                                       T1 ci: CI / orchestration infrastructure
clear the needs:area park	Classify the needs:area backlog	2026-09-09T19:32:23.0933590Z        Triage the rest of the unmerged branch fix/readiness-visibility-opus5 before it rots
clear the needs:area park	Classify the needs:area backlog	2026-09-09T19:32:23.0933774Z #5899  ci                                       T1 ci: CI / orchestration infrastructure
clear the needs:area park	Classify the needs:area backlog	2026-09-09T19:32:23.0934050Z        merge queue: nothing detects an entry that VANISHES without firing pull_request.dequeued
clear the needs:area park	Classify the needs:area backlog	2026-09-09T19:32:23.0934236Z #5900  ci                                       T1 ci: CI / orchestration infrastructure
clear the needs:area park	Classify the needs:area backlog	2026-09-09T19:32:23.0934683Z        merge queue ruleset settings (check_response_timeout_minutes, max_entries_*, grouping strategy) are unrecorded and undetected on drift
clear the needs:area park	Classify the needs:area backlog	2026-09-09T19:32:23.0934942Z #5903  site-specs                               T1 site-specs: authors/edits a Typst UPD under site/specs
clear the needs:area park	Classify the needs:area backlog	2026-09-09T19:32:23.0935390Z        pr-backlog: resolve stale PR #3435 — ci: batch-merge v2 — batch all eligible + recursive halve-and-land bisection
clear the needs:area park	Classify the needs:area backlog	2026-09-09T19:32:23.0935576Z #5905  ci                                       T1 ci: CI / orchestration infrastructure
clear the needs:area park	Classify the needs:area backlog	2026-09-09T19:32:23.0935936Z        beads-infra: automate the .beads/issues.jsonl export itself (post-mutation bd hook or scheduler-tick step)
clear the needs:area park	Classify the needs:area backlog	2026-09-09T19:32:23.0936172Z #5908  workspace                                T1 fmt: a workspace-wide mechanical/hygiene change
clear the needs:area park	Classify the needs:area backlog	2026-09-09T19:32:23.0936472Z        CI: the rustfmt gate does not reach bench/parse, bench/serve or fuzz (separate cargo workspaces)
clear the needs:area park	Classify the needs:area backlog	2026-09-09T19:32:23.0936663Z #5916  deps                                     T1 deps: dependency management
clear the needs:area park	Classify the needs:area backlog	2026-09-09T19:32:23.0936964Z        supply-chain: bump root `overrides.postcss` to the patched release (needs an npm-capable box)
clear the needs:area park	Classify the needs:area backlog	2026-09-09T19:32:23.0937151Z #5918  deps                                     T1 deps: dependency management
clear the needs:area park	Classify the needs:area backlog	2026-09-09T19:32:23.0937442Z        supply-chain: `sharp` (alert #32) disposition in supply-chain/npm-advisories.md is unverified
clear the needs:area park	Classify the needs:area backlog	2026-09-09T19:32:23.0937695Z #5920  site-specs                               T1 site-specs: authors/edits a Typst UPD under site/specs
clear the needs:area park	Classify the needs:area backlog	2026-09-09T19:32:23.0938176Z        pr-backlog: resolve stale PR #4324 — docs(research): free-cloud overflow capacity — contingency design + security verdict
clear the needs:area park	Classify the needs:area backlog	2026-09-09T19:32:23.0938429Z #5921  site-specs                               T1 site-specs: authors/edits a Typst UPD under site/specs
clear the needs:area park	Classify the needs:area backlog	2026-09-09T19:32:23.0938998Z        pr-backlog: resolve stale PR #4194 — docs(research): capability-based model routing — sparq declares requirements, the registry owns the models
clear the needs:area park	Classify the needs:area backlog	2026-09-09T19:32:23.0939255Z #5922  site-specs                               T1 site-specs: authors/edits a Typst UPD under site/specs
clear the needs:area park	Classify the needs:area backlog	2026-09-09T19:32:23.0939814Z        pr-backlog: resolve stale PR #2278 — chore(tooling): vendor the codex-on-EC2 worker in-repo (sq-uhqah) [OPUS-4.8]
clear the needs:area park	Classify the needs:area backlog	2026-09-09T19:32:23.0940074Z #5923  site-specs                               T1 site-specs: authors/edits a Typst UPD under site/specs
clear the needs:area park	Classify the needs:area backlog	2026-09-09T19:32:23.0940661Z        pr-backlog: resolve stale PR #1607 — docs(specs): Trust Expression Unofficial Proposal Draft — verifier-holder contract for framework-anchored attesta
clear the needs:area park	Classify the needs:area backlog	2026-09-09T19:32:23.0941057Z #5928  site-specs                               T1 site-specs: authors/edits a Typst UPD under site/specs
clear the needs:area park	Classify the needs:area backlog	2026-09-09T19:32:23.0941613Z        pr-backlog: resolve stale PR #4368 — fix(ci): liveness alarm for cron-only lanes + correct the stale org in the EC2 OIDC design record (#4328)
clear the needs:area park	Classify the needs:area backlog	2026-09-09T19:32:23.0941862Z #5929  site-specs                               T1 site-specs: authors/edits a Typst UPD under site/specs
clear the needs:area park	Classify the needs:area backlog	2026-09-09T19:32:23.0942332Z        pr-backlog: resolve stale PR #4184 — chore(triage): shrink the needs-user front door and stop the reconcile re-parking it
clear the needs:area park	Classify the needs:area backlog	2026-09-09T19:32:23.0942587Z #5930  site-specs                               T1 site-specs: authors/edits a Typst UPD under site/specs
clear the needs:area park	Classify the needs:area backlog	2026-09-09T19:32:23.0943094Z        pr-backlog: resolve stale PR #5125 — fix(orchestration): report realisable frontier HEADROOM, not partition contention [OPUS-5]
clear the needs:area park	Classify the needs:area backlog	2026-09-09T19:32:23.0943420Z #6027  ci                                       T1 ci: CI / orchestration infrastructure
clear the needs:area park	Classify the needs:area backlog	2026-09-09T19:32:23.0943825Z        vectorized-feature-off quick-gates: `cargo metadata` step is network-dependent (git dep) with no retry on a REQUIRED gate
clear the needs:area park	Classify the needs:area backlog	2026-09-09T19:32:23.0944018Z #6030  ci                                       T1 ci: CI / orchestration infrastructure
clear the needs:area park	Classify the needs:area backlog	2026-09-09T19:32:23.0944523Z        check-feature-test-execution.py cannot see inline `#[cfg(feature)]` tests in src/ — the exact class sq-mwnko had to close by hand
clear the needs:area park	Classify the needs:area backlog	2026-09-09T19:32:23.0944785Z #6032  sparq-mpc                                T2 bd-to-issues.derive_areas (title scope/crate token)
clear the needs:area park	Classify the needs:area backlog	2026-09-09T19:32:23.0945181Z        sparq-mpc: bind the coin-toss SHARING to its commitment (committed VSS) so an off-commitment contribution is detected
clear the needs:area park	Classify the needs:area backlog	2026-09-09T19:32:23.0945435Z #6035  sparq-zk-compose                         T1 zk-compose: zk-compose circuit/verifier surface
clear the needs:area park	Classify the needs:area backlog	2026-09-09T19:32:23.0945683Z        ZK anchor drift guard does not cover the gui/app copy of COMMITTED_TERM_ANCHORS
clear the needs:area park	Classify the needs:area backlog	2026-09-09T19:32:23.0945874Z #6037  ci                                       T1 ci: CI / orchestration infrastructure
clear the needs:area park	Classify the needs:area backlog	2026-09-09T19:32:23.0946178Z        export-kb-dump.py --dry-run self-test fails: leak-scanner PROBE B (ns1: auto-prefix) EVADED
clear the needs:area park	Classify the needs:area backlog	2026-09-09T19:32:23.0946366Z #6038  ci                                       T1 ci: CI / orchestration infrastructure
clear the needs:area park	Classify the needs:area backlog	2026-09-09T19:32:23.0946647Z        lychee internal-links gate does not cover research/, so design-record links are unchecked
clear the needs:area park	Classify the needs:area backlog	2026-09-09T19:32:23.0946833Z #6040  ci                                       T1 ci: CI / orchestration infrastructure
clear the needs:area park	Classify the needs:area backlog	2026-09-09T19:32:23.0947168Z        test_ring_credential_loud.py silently depends on host `jq`, so a missing jq masquerades as the #4966 defect
clear the needs:area park	Classify the needs:area backlog	2026-09-09T19:32:23.0947422Z #6041  sparq-zk-compose                         T1 zk-compose: zk-compose circuit/verifier surface
clear the needs:area park	Classify the needs:area backlog	2026-09-09T19:32:23.0947693Z        ZK term-anchor drift guard does not cover the GUI copy (gui/app/src/lib/zk-filter.ts)
clear the needs:area park	Classify the needs:area backlog	2026-09-09T19:32:23.0947955Z #6043  site-papers                              T1 site-papers: paper-factory artifact
clear the needs:area park	Classify the needs:area backlog	2026-09-09T19:32:23.0948364Z        paper-evidence drift: conformance.suite_count still says 7 while scoreboard::SUITES registers 26 conformance rows
clear the needs:area park	Classify the needs:area backlog	2026-09-09T19:32:23.0948616Z #6051  sparq-mcp                                T2 bd-to-issues.derive_areas (title scope/crate token)
clear the needs:area park	Classify the needs:area backlog	2026-09-09T19:32:23.0948856Z        sparq-mcp has no request-size cap on the JSON-RPC stdio transport
clear the needs:area park	Classify the needs:area backlog	2026-09-09T19:32:23.0949047Z #6052  ci                                       T1 ci: CI / orchestration infrastructure
clear the needs:area park	Classify the needs:area backlog	2026-09-09T19:32:23.0949462Z        el_suite: stale "28 audited divergences" count in the rustdoc + ci.yml job comment (actual: 11)
clear the needs:area park	Classify the needs:area backlog	2026-09-09T19:32:23.0949706Z #6053  workspace                                T1 fmt: a workspace-wide mechanical/hygiene change
clear the needs:area park	Classify the needs:area backlog	2026-09-09T19:32:23.0949998Z        preflight.py silently passes when the pinned toolchain (and clippy/rustfmt) is unavailable
clear the needs:area park	Classify the needs:area backlog	2026-09-09T19:32:23.0950238Z #6057  site                                     T2 bd-to-issues.derive_areas (title scope/crate token)
clear the needs:area park	Classify the needs:area backlog	2026-09-09T19:32:23.0950584Z        site: competitive matrix still lists "Dataset summary views" as a GAP now that the GUI Overview tool ships
clear the needs:area park	Classify the needs:area backlog	2026-09-09T19:32:23.0950809Z #6058  gui                                      T2 bd-to-issues.derive_areas (title scope/crate token)
clear the needs:area park	Classify the needs:area backlog	2026-09-09T19:32:23.0951195Z        gui: `abbreviateIri` is now a third private copy of the same IRI-shortening helper
clear the needs:area park	Classify the needs:area backlog	2026-09-09T19:32:23.0951377Z #6059  deps                                     T1 deps: dependency management
clear the needs:area park	Classify the needs:area backlog	2026-09-09T19:32:23.0951773Z        supply-chain: npx cyclonedx-npm downloads in gen-js-sbom.sh lack the bounded retry its sibling cargo network steps have
clear the needs:area park	Classify the needs:area backlog	2026-09-09T19:32:23.0951986Z #6062  zk-xpath                                 T1 zk-xpath: zk/xpath (noir_XPath) sources
clear the needs:area park	Classify the needs:area backlog	2026-09-09T19:32:23.0952224Z        sparq-engine ROUND(xsd:double("-0.5")) returns +0.0; XPath F&O requires -0.0
clear the needs:area park	Classify the needs:area backlog	2026-09-09T19:32:23.0952539Z #6063  ci                                       T1 ci: CI / orchestration infrastructure
clear the needs:area park	Classify the needs:area backlog	2026-09-09T19:32:23.0952868Z        docs-quality: research/**/*.md is in markdownlint HARD scope but NOT in the lychee internal-links scope
clear the needs:area park	Classify the needs:area backlog	2026-09-09T19:32:23.0953055Z #6065  ci                                       T1 ci: CI / orchestration infrastructure
clear the needs:area park	Classify the needs:area backlog	2026-09-09T19:32:23.0953413Z        coverage-engine: verify rust-cache does not carry stale .profraw between the run partitions and the merge job
clear the needs:area park	Classify the needs:area backlog	2026-09-09T19:32:23.0953663Z #6066  sparq-mpc                                T2 bd-to-issues.derive_areas (title scope/crate token)
clear the needs:area park	Classify the needs:area backlog	2026-09-09T19:32:23.0953896Z        sparq-mpc: raw NUL byte (0x00) embedded in oblivious_join.rs doc comment
clear the needs:area park	Classify the needs:area backlog	2026-09-09T19:32:23.0954149Z #6067  sparq-vectors                            T2 bd-to-issues.derive_areas (title scope/crate token)
clear the needs:area park	Classify the needs:area backlog	2026-09-09T19:32:23.0954394Z        Repo hygiene: stale PR-BODY.md narrative scratch doc tracked at the repo root
clear the needs:area park	Classify the needs:area backlog	2026-09-09T19:32:23.0954617Z #6081  ci                                       T2 bd-to-issues.derive_areas (title scope/crate token)
clear the needs:area park	Classify the needs:area backlog	2026-09-09T19:32:23.0954820Z        ci: prevent ordinary label churn from launching heavy workflows
clear the needs:area park	Classify the needs:area backlog	2026-09-09T19:32:23.0955004Z #6083  ci                                       T1 ci: CI / orchestration infrastructure
clear the needs:area park	Classify the needs:area backlog	2026-09-09T19:32:23.0955326Z        ruleset 17688455: flip merge_queue.grouping_strategy ALLGREEN -> HEADGREEN (step 2 of #6048)
clear the needs:area park	Classify the needs:area backlog	2026-09-09T19:32:23.0955585Z #6094  site-specs                               T1 site-specs: authors/edits a Typst UPD under site/specs
clear the needs:area park	Classify the needs:area backlog	2026-09-09T19:32:23.0955874Z        Dangling spec reference: site/specs/mcp-solid.typ is cited by 6 files but has never existed
clear the needs:area park	Classify the needs:area backlog	2026-09-09T19:32:23.0956283Z #6097  sparq-reason-dl,sparq-conformance        T1 reason-dl-floor: the DL lane plus the conformance floor constants it ratchets
clear the needs:area park	Classify the needs:area backlog	2026-09-09T19:32:23.0956572Z        ci.yml: stale pin counts in the OWL 2 Direct-Semantics lane comment (68/184 vs the real 93/227)
clear the needs:area park	Classify the needs:area backlog	2026-09-09T19:32:23.0956831Z #6099  site-specs                               T1 site-specs: authors/edits a Typst UPD under site/specs
clear the needs:area park	Classify the needs:area backlog	2026-09-09T19:32:23.0957116Z        doc drift: `site/specs/mcp-solid.typ` is cited as normative but does not exist in the repo
clear the needs:area park	Classify the needs:area backlog	2026-09-09T19:32:23.0957360Z #6101  sparq-zk-compose                         T1 zk-compose: zk-compose circuit/verifier surface
clear the needs:area park	Classify the needs:area backlog	2026-09-09T19:32:23.0957652Z        Triage the 17 sensitive cargo features recorded as KNOWN GAP by feature-matrix invariant (3)
clear the needs:area park	Classify the needs:area backlog	2026-09-09T19:32:23.0957910Z #6102  sparq-trust                              T1 trust-graph: the solid trust-graph / admission surface
clear the needs:area park	Classify the needs:area backlog	2026-09-09T19:32:23.0958500Z        Stale entry: check-feature-test-execution.allowlist.json says sparq-solid trust-graph has no leg, but the combined leg now activates it
clear the needs:area park	Classify the needs:area backlog	2026-09-09T19:32:23.0958754Z #6104  sparq-solid                              T2 bd-to-issues.derive_areas (title scope/crate token)
clear the needs:area park	Classify the needs:area backlog	2026-09-09T19:32:23.0959223Z        sparq-solid: PodStore update path is not request-atomic — evaluate switching to update_in_place_atomic_with_budget
clear the needs:area park	Classify the needs:area backlog	2026-09-09T19:32:23.0959420Z #6107  docs                                     T1 docs: documentation-only change
clear the needs:area park	Classify the needs:area backlog	2026-09-09T19:32:23.0959735Z        docs: mpc-security-models-and-benchmarks.md still says the PRSS/coin-toss impl is unbuilt
clear the needs:area park	Classify the needs:area backlog	2026-09-09T19:32:23.0959983Z #6111  sparq-solid                              T2 bd-to-issues.derive_areas (title scope/crate token)
clear the needs:area park	Classify the needs:area backlog	2026-09-09T19:32:23.0960326Z        Evaluate switching the Solid update path to the atomic engine primitive once its durability gap is closed
clear the needs:area park	Classify the needs:area backlog	2026-09-09T19:32:23.0960565Z #6113  sparq-lws-core                           T0 author-declared crate_or_surface/crates field
clear the needs:area park	Classify the needs:area backlog	2026-09-09T19:32:23.0961140Z        sparq-lws-core's line coverage (58.61%) is far below every other gated crate — raise it, then ratchet the floor
clear the needs:area park	Classify the needs:area backlog	2026-09-09T19:32:23.0961386Z #6114  sparq-lws-core                           T0 author-declared crate_or_surface/crates field
clear the needs:area park	Classify the needs:area backlog	2026-09-09T19:32:23.0962008Z        coverage-gate.py --seed silently DROPS every crate absent from the summary — a crate-scoped re-seed wipes the floor file
clear the needs:area park	Classify the needs:area backlog	2026-09-09T19:32:23.0962268Z #6116  sparq-mpc                                T2 bd-to-issues.derive_areas (title scope/crate token)
clear the needs:area park	Classify the needs:area backlog	2026-09-09T19:32:23.0962692Z        sparq-mpc: VSS dispute round — broadcast + complaint resolution so an abort names the cheater, not the pair
clear the needs:area park	Classify the needs:area backlog	2026-09-09T19:32:23.0962946Z #6117  sparq-mpc                                T2 bd-to-issues.derive_areas (title scope/crate token)
clear the needs:area park	Classify the needs:area backlog	2026-09-09T19:32:23.0963386Z        sparq-mpc: route the production input path through DistributedRandomness::vss_own_input (design §5 item 5)
clear the needs:area park	Classify the needs:area backlog	2026-09-09T19:32:23.0963582Z #6118  ci                                       T1 ci: CI / orchestration infrastructure
clear the needs:area park	Classify the needs:area backlog	2026-09-09T19:32:23.0963942Z        coverage: sparq-solid is measured with DEFAULT features, so all seven opt-in feature surfaces are un-ratcheted
clear the needs:area park	Classify the needs:area backlog	2026-09-09T19:32:23.0964126Z #6125  docs                                     T1 docs: documentation-only change
clear the needs:area park	Classify the needs:area backlog	2026-09-09T19:32:23.0964360Z        Docs: reconcile the PR number cited for bead sq-5reoy (#1599 vs #1602)
clear the needs:area park	Classify the needs:area backlog	2026-09-09T19:32:23.0964615Z #6128  sparq-lws-core                           T2 bd-to-issues.derive_areas (title scope/crate token)
clear the needs:area park	Classify the needs:area backlog	2026-09-09T19:32:23.0964883Z        sparq-lws-core: stale "WAC is an unimplemented M2-next seam" prose on the LDP surface
clear the needs:area park	Classify the needs:area backlog	2026-09-09T19:32:23.0965079Z #6133  ci                                       T1 ci: CI / orchestration infrastructure
clear the needs:area park	Classify the needs:area backlog	2026-09-09T19:32:23.0965409Z        npm version is unpinned, so `npm install` on npm 10 silently rewrites the npm-11-authored package-lock.json
clear the needs:area park	Classify the needs:area backlog	2026-09-09T19:32:23.0965604Z #6134  ci                                       T1 ci: CI / orchestration infrastructure
clear the needs:area park	Classify the needs:area backlog	2026-09-09T19:32:23.0966059Z        `npm ci --ignore-scripts` still runs the js workspace `prepare` hook, so the JS workspace cannot be installed without a Rust/wasm-pack toolchain
clear the needs:area park	Classify the needs:area backlog	2026-09-09T19:32:23.0966292Z #6136  ci                                       T2 bd-to-issues.derive_areas (title scope/crate token)
clear the needs:area park	Classify the needs:area backlog	2026-09-09T19:32:23.0966773Z        ci(cache): release.yml's rust-cache save is dead on arrival (tag-scoped) — needs `save-if: false`, not the main-only guard
clear the needs:area park	Classify the needs:area backlog	2026-09-09T19:32:23.0967072Z #6137  sparq-mpc,sparq-fedplan-mpc              T2 bd-to-issues.derive_areas (title scope/crate token)
clear the needs:area park	Classify the needs:area backlog	2026-09-09T19:32:23.0967514Z        sparq-mpc Cargo.toml header claims "NOTHING in the workspace depends on this crate" — sparq-fedplan-mpc does
clear the needs:area park	Classify the needs:area backlog	2026-09-09T19:32:23.0967732Z #6139  ci                                       T2 bd-to-issues.derive_areas (title scope/crate token)
clear the needs:area park	Classify the needs:area backlog	2026-09-09T19:32:23.0968120Z        ci: pin the REST of the sq-6vshe.14 KEEP-list the way coverage is now pinned
clear the needs:area park	Classify the needs:area backlog	2026-09-09T19:32:23.0968308Z #6140  ci                                       T1 ci: CI / orchestration infrastructure
clear the needs:area park	Classify the needs:area backlog	2026-09-09T19:32:23.0968690Z        research/change-based-test-selection.md still documents the `unlabeled` pull_request trigger removed by #5682
clear the needs:area park	Classify the needs:area backlog	2026-09-09T19:32:23.0968964Z #6141  sparq-vectors                            T2 bd-to-issues.derive_areas (title scope/crate token)
clear the needs:area park	Classify the needs:area backlog	2026-09-09T19:32:23.0969202Z        hygiene: PR-BODY.md is a stale narrative scratch doc tracked at the repo root
clear the needs:area park	Classify the needs:area backlog	2026-09-09T19:32:23.0969456Z #6146  sparq-lws-core                           T2 bd-to-issues.derive_areas (title scope/crate token)
clear the needs:area park	Classify the needs:area backlog	2026-09-09T19:32:23.0969823Z        sparq-lws-core: lib.rs still lists per-resource subscription authorization as an unimplemented `M2-next:` seam
clear the needs:area park	Classify the needs:area backlog	2026-09-09T19:32:23.0970004Z #6150  ci                                       T1 ci: CI / orchestration infrastructure
clear the needs:area park	Classify the needs:area backlog	2026-09-09T19:32:23.0970307Z        ci-select: the rust_changed layer does not benefit from the #5237 comment-only content proof
clear the needs:area park	Classify the needs:area backlog	2026-09-09T19:32:23.0970491Z #6151  ci                                       T1 ci: CI / orchestration infrastructure
clear the needs:area park	Classify the needs:area backlog	2026-09-09T19:32:23.0971099Z        ci.yml: the new SIMD non-vacuity guard sits between the nextest archive build and the archive upload, weakening the documented "upload immediately aft
clear the needs:area park	Classify the needs:area backlog	2026-09-09T19:32:23.0971460Z #6153  ci                                       T2 bd-to-issues.derive_areas (title scope/crate token)
clear the needs:area park	Classify the needs:area backlog	2026-09-09T19:32:23.0971799Z        ci: run scripts/ci_mergegroup_poles.py and record the current top-3 merge_group poles in the sq-6vshe epic
clear the needs:area park	Classify the needs:area backlog	2026-09-09T19:32:23.0971988Z #6154  ci                                       T1 ci: CI / orchestration infrastructure
clear the needs:area park	Classify the needs:area backlog	2026-09-09T19:32:23.0972287Z        zk-toolchain.yml: "this lane's triggers are a strict subset of that one's" is not literally true
clear the needs:area park	Classify the needs:area backlog	2026-09-09T19:32:23.0972555Z #6161  zk                                       T1 zk-ieee754-title: zk/ieee754 (sparq_ieee754) named in the title
clear the needs:area park	Classify the needs:area backlog	2026-09-09T19:32:23.0973123Z        research doc drift: noir-ieee754-directed-rounding-design.md §2 still presumes sq-3x7dl.2's round-half-toward-+∞ mode will exist
clear the needs:area park	Classify the needs:area backlog	2026-09-09T19:32:23.0973305Z #6165  ci                                       T1 ci: CI / orchestration infrastructure
clear the needs:area park	Classify the needs:area backlog	2026-09-09T19:32:23.0973596Z        ci(supply-chain): the JS SBOM leg lacks the network-flake hardening its Rust siblings have
clear the needs:area park	Classify the needs:area backlog	2026-09-09T19:32:23.0973775Z #6167  ci                                       T1 ci: CI / orchestration infrastructure
clear the needs:area park	Classify the needs:area backlog	2026-09-09T19:32:23.0974269Z        sq-6vshe.15 item 1 remainder: decompose the nextest-archive upload into compress-vs-transfer before retuning --zstd-level or pruning the archive
clear the needs:area park	Classify the needs:area backlog	2026-09-09T19:32:23.0974460Z #6168  ci                                       T1 ci: CI / orchestration infrastructure
clear the needs:area park	Classify the needs:area backlog	2026-09-09T19:32:23.0974856Z        Run the sccache A/B on main and record the verdict in research/ci-mergequeue-speedup-2026-07.md §3.2
clear the needs:area park	Classify the needs:area backlog	2026-09-09T19:32:23.0975119Z #6170  sparq-vectors                            T2 bd-to-issues.derive_areas (title scope/crate token)
clear the needs:area park	Classify the needs:area backlog	2026-09-09T19:32:23.0975402Z        hygiene: repo-root PR-BODY.md is a committed narrative scratch doc (CLAUDE.md forbids these)
clear the needs:area park	Classify the needs:area backlog	2026-09-09T19:32:23.0975652Z #6176  sparq-solid                              T2 bd-to-issues.derive_areas (title scope/crate token)
clear the needs:area park	Classify the needs:area backlog	2026-09-09T19:32:23.0976010Z        sparq-solid: `update_as_acp_with_budget` ships with no direct test (and the MCP ACP update branch is untested)
clear the needs:area park	Classify the needs:area backlog	2026-09-09T19:32:23.0976194Z #6178  ci                                       T1 ci: CI / orchestration infrastructure
clear the needs:area park	Classify the needs:area backlog	2026-09-09T19:32:23.0976572Z        AGENTS.md and check-install-action-tool.py both name the wrong docs-quality job (ci-scripts, actually quick-gates)
clear the needs:area park	Classify the needs:area backlog	2026-09-09T19:32:23.0976817Z #6180  gui,deps                                 T1 gui-tauri: the Tauri desktop shell's dependency stack
clear the needs:area park	Classify the needs:area backlog	2026-09-09T19:32:23.0977218Z        sparq-wasm: Store.deriveForm should use derive_form_validated so the hosted web app gets F3 validation + DASH suggestions
clear the needs:area park	Classify the needs:area backlog	2026-09-09T19:32:23.0977516Z #6181  site                                     T1 site-app: a site/ route
clear the needs:area park	Classify the needs:area backlog	2026-09-09T19:32:23.0977724Z        site: the SHACL-forms capability page predates F3 DASH suggestions
clear the needs:area park	Classify the needs:area backlog	2026-09-09T19:32:23.0977978Z #6186  sparq-policy                             T1 odrl: ODRL evaluation lives in crates/sparq-policy
clear the needs:area park	Classify the needs:area backlog	2026-09-09T19:32:23.0978477Z        secx:assumption is inert in the admissibility reasoner — Phase 6 annotations cannot yet be discharged by an ODRL preference
clear the needs:area park	Classify the needs:area backlog	2026-09-09T19:32:23.0978749Z #6187  sparq-zk,sparq-mpc                       T2 bd-to-issues.derive_areas (title scope/crate token)
clear the needs:area park	Classify the needs:area backlog	2026-09-09T19:32:23.0979039Z        The secprop annotation-graph Turtle parser is duplicated between sparq-zk and sparq-mpc
clear the needs:area park	Classify the needs:area backlog	2026-09-09T19:32:23.0979303Z #6188  sparq-solid                              T2 bd-to-issues.derive_areas (title scope/crate token)
clear the needs:area park	Classify the needs:area backlog	2026-09-09T19:32:23.0979731Z        sparq-solid: PodStore::update_as_acp_with_budget has no direct test (ACP branch of the budgeted write path is unpinned)
clear the needs:area park	Classify the needs:area backlog	2026-09-09T19:32:23.0979990Z #6189  sparq-mpc                                T2 bd-to-issues.derive_areas (title scope/crate token)
clear the needs:area park	Classify the needs:area backlog	2026-09-09T19:32:23.0980352Z        sparq-mpc: auth_compare still documents itself as AXIS-1 `Malicious` despite the adopted second-operand tamper
clear the needs:area park	Classify the needs:area backlog	2026-09-09T19:32:23.0980752Z #6191  sparq-solid                              T2 bd-to-issues.derive_areas (title scope/crate token)
clear the needs:area park	Classify the needs:area backlog	2026-09-09T19:32:23.0981280Z        security(solid): an UPDATE's WHERE clause reads graphs the session has no acl:Read grant on (exfiltration via INSERT ... WHERE)
clear the needs:area park	Classify the needs:area backlog	2026-09-09T19:32:23.0981536Z #6192  sparq-solid                              T2 bd-to-issues.derive_areas (title scope/crate token)
clear the needs:area park	Classify the needs:area backlog	2026-09-09T19:32:23.0981912Z        test(solid): pin the store-transition semantics of a DELETE ... WHERE issued over a pattern-scoped (masked) dataset
clear the needs:area park	Classify the needs:area backlog	2026-09-09T19:32:23.0982177Z #6194  sparq-lws-core                           T2 bd-to-issues.derive_areas (title scope/crate token)
clear the needs:area park	Classify the needs:area backlog	2026-09-09T19:32:23.0982521Z        sparq-lws-core: stale `M2-next` / `sparq#992` WAC-not-implemented claims outside the notifications module
clear the needs:area park	Classify the needs:area backlog	2026-09-09T19:32:23.0982707Z #6196  ci                                       T1 ci: CI / orchestration infrastructure
clear the needs:area park	Classify the needs:area backlog	2026-09-09T19:32:23.0982965Z        export-kb-dump.py --dry-run blames the leak scanner when rdflib is merely absent
clear the needs:area park	Classify the needs:area backlog	2026-09-09T19:32:23.0983147Z #6197  ci                                       T1 ci: CI / orchestration infrastructure
clear the needs:area park	Classify the needs:area backlog	2026-09-09T19:32:23.0983558Z        ci-select: scripts/ready-issues.py is not orchestration-safe, so a Python-only orchestration edit runs the FULL Rust matrix
clear the needs:area park	Classify the needs:area backlog	2026-09-09T19:32:23.0983813Z #6201  sparq-reason                             T2 bd-to-issues.derive_areas (title scope/crate token)
clear the needs:area park	Classify the needs:area backlog	2026-09-09T19:32:23.0984353Z        sparq-reason: N3 negation-as-failure over same-document derived predicates fails OPEN, and the hazard is documented only on reason_n3_stratified
clear the needs:area park	Classify the needs:area backlog	2026-09-09T19:32:23.0984556Z #6203  ci                                       T1 ci: CI / orchestration infrastructure
clear the needs:area park	Classify the needs:area backlog	2026-09-09T19:32:23.0985063Z        sparq-vectors tests/ef_sweep.rs shares one temp file across tests — only accidentally isolated by nextest's process-per-test
clear the needs:area park	Classify the needs:area backlog	2026-09-09T19:32:23.0985336Z #6206  sparq-lws-core                           T2 bd-to-issues.derive_areas (title scope/crate token)
clear the needs:area park	Classify the needs:area backlog	2026-09-09T19:32:23.0985643Z        sparq-lws-core: wire ObjectStoreBlobStore into the server binary's blob-backend selection
clear the needs:area park	Classify the needs:area backlog	2026-09-09T19:32:23.0985895Z #6208  sparq-lws-core                           T2 bd-to-issues.derive_areas (title scope/crate token)
clear the needs:area park	Classify the needs:area backlog	2026-09-09T19:32:23.0986180Z        sparq-lws-core: BlobStore::delete_if_unchanged has no backend-native CAS on object_store
clear the needs:area park	Classify the needs:area backlog	2026-09-09T19:32:23.0986365Z #6211  ci                                       T1 ci: CI / orchestration infrastructure
clear the needs:area park	Classify the needs:area backlog	2026-09-09T19:32:23.0986611Z        MSRV lane misses test-code breakage: `cargo check` runs without `--all-targets`
clear the needs:area park	Classify the needs:area backlog	2026-09-09T19:32:23.0986959Z #6214  ci                                       T2 bd-to-issues.derive_areas (title scope/crate token)
clear the needs:area park	Classify the needs:area backlog	2026-09-09T19:32:23.0987288Z        CI gap: test-only compile errors sit latent until an unrelated crate's change widens the affected set
clear the needs:area park	Classify the needs:area backlog	2026-09-09T19:32:23.0987476Z #6216  ci                                       T1 ci: CI / orchestration infrastructure
clear the needs:area park	Classify the needs:area backlog	2026-09-09T19:32:23.0987904Z        release.yml `gui-bundle` is the last lane still source-compiling wasm-pack (multi-arch matrix unverified for the prebuilt action)
clear the needs:area park	Classify the needs:area backlog	2026-09-09T19:32:23.0988166Z #6217  sparq-vectors                            T2 bd-to-issues.derive_areas (title scope/crate token)
clear the needs:area park	Classify the needs:area backlog	2026-09-09T19:32:23.0988411Z        repo hygiene: PR-BODY.md is a tracked narrative scratch doc left at the repo root
clear the needs:area park	Classify the needs:area backlog	2026-09-09T19:32:23.0988668Z #6224  sparq-engine                             T2 bd-to-issues.derive_areas (title scope/crate token)
clear the needs:area park	Classify the needs:area backlog	2026-09-09T19:32:23.0989018Z        engine: pull/Volcano iterator execution model (the remaining half of demand-driven page-wise evaluation)
clear the needs:area park	Classify the needs:area backlog	2026-09-09T19:32:23.0989202Z #6230  ci                                       T1 ci: CI / orchestration infrastructure
clear the needs:area park	Classify the needs:area backlog	2026-09-09T19:32:23.0989499Z        export-kb-dump.py --dry-run self-test reports a false FAIL when rdflib is absent (PROBE B)
clear the needs:area park	Classify the needs:area backlog	2026-09-09T19:32:23.0989761Z #6235  site-specs                               T1 site-specs: authors/edits a Typst UPD under site/specs
clear the needs:area park	Classify the needs:area backlog	2026-09-09T19:32:23.0990176Z        sparq-mcp/sparq-solid docs cite `site/specs/mcp-solid.typ`, which does not exist in the repo
clear the needs:area park	Classify the needs:area backlog	2026-09-09T19:32:23.0990434Z #6237  sparq-lws-core                           T2 bd-to-issues.derive_areas (title scope/crate token)
clear the needs:area park	Classify the needs:area backlog	2026-09-09T19:32:23.0990889Z        sparq-lws-core: the `#[allow(clippy::result_large_err)]` on `NotifyState::authorize_topic_read` is not load-bearing on the pinned toolchain
clear the needs:area park	Classify the needs:area backlog	2026-09-09T19:32:23.0991207Z #6242  ci                                       T1 ci: CI / orchestration infrastructure
clear the needs:area park	Classify the needs:area backlog	2026-09-09T19:32:23.0991627Z        research/change-based-test-selection.md §7 P1 still states the selector is stdlib-only after #5237
clear the needs:area park	Classify the needs:area backlog	2026-09-09T19:32:23.0991815Z #6247  ci                                       T1 ci: CI / orchestration infrastructure
clear the needs:area park	Classify the needs:area backlog	2026-09-09T19:32:23.0992277Z        docs-quality: the typos step claims scope parity with markdownlint but is 324 files short (research/ + zk/ markdown is spell-check-exempt)
clear the needs:area park	Classify the needs:area backlog	2026-09-09T19:32:23.0992468Z #6248  ci                                       T1 ci: CI / orchestration infrastructure
clear the needs:area park	Classify the needs:area backlog	2026-09-09T19:32:23.0992762Z        rust-cache key posture outside ci.yml: `key`-only and unnamed steps are still job-id-scoped
clear the needs:area park	Classify the needs:area backlog	2026-09-09T19:32:23.0992944Z #6251  ci                                       T1 ci: CI / orchestration infrastructure
clear the needs:area park	Classify the needs:area backlog	2026-09-09T19:32:23.0993267Z        ~12 GitHub Actions step names are silently truncated at a `#` because they are unquoted YAML scalars
clear the needs:area park	Classify the needs:area backlog	2026-09-09T19:32:23.0993528Z #6253  sparq-solid                              T2 bd-to-issues.derive_areas (title scope/crate token)
clear the needs:area park	Classify the needs:area backlog	2026-09-09T19:32:23.0994010Z        perf(solid): scoped_dataset cache-HIT path is O(accessible graph names) — build a borrowed key, materialize only on a miss
clear the needs:area park	Classify the needs:area backlog	2026-09-09T19:32:23.0994265Z #6254  sparq-solid                              T2 bd-to-issues.derive_areas (title scope/crate token)
clear the needs:area park	Classify the needs:area backlog	2026-09-09T19:32:23.0994687Z        solid: `PodStore::graph` is `pub`, so direct mutation silently desynchronizes the session index AND (now) the masked-replica cache
clear the needs:area park	Classify the needs:area backlog	2026-09-09T19:32:23.0994946Z #6256  gui,deps                                 T1 gui-tauri: the Tauri desktop shell's dependency stack
clear the needs:area park	Classify the needs:area backlog	2026-09-09T19:32:23.0995327Z        GUI: desktop URL import is CORS-limited — fetch runs in the webview, not through the native loader
clear the needs:area park	Classify the needs:area backlog	2026-09-09T19:32:23.0995551Z #6257  gui                                      T2 bd-to-issues.derive_areas (title scope/crate token)
clear the needs:area park	Classify the needs:area backlog	2026-09-09T19:32:23.0995919Z        GUI: web multi-file import records bytes:0 / format:"mixed", which the rail's Imports subgroup now renders as "0 B"
clear the needs:area park	Classify the needs:area backlog	2026-09-09T19:32:23.0996271Z #6258  gui                                      T2 bd-to-issues.derive_areas (title scope/crate token)
clear the needs:area park	Classify the needs:area backlog	2026-09-09T19:32:23.0996506Z        GUI e2e: no Playwright coverage for the Imports subgroup re-fetch action
clear the needs:area park	Classify the needs:area backlog	2026-09-09T19:32:23.0996697Z #6259  ci                                       T1 ci: CI / orchestration infrastructure
clear the needs:area park	Classify the needs:area backlog	2026-09-09T19:32:23.0997286Z        check-workflow-run-swallow.py: a `|| true` inside a double-quoted command substitution "$( … )" is masked away and never seen (W1 false negative)
clear the needs:area park	Classify the needs:area backlog	2026-09-09T19:32:23.0997478Z #6260  ci                                       T1 ci: CI / orchestration infrastructure
clear the needs:area park	Classify the needs:area backlog	2026-09-09T19:32:23.0997803Z        research/ci-mergequeue-speedup-2026-07.md contradicts the combined-head invariant landed by #6048
clear the needs:area park	Classify the needs:area backlog	2026-09-09T19:32:23.0998064Z #6261  sparq-lws-core                           T2 bd-to-issues.derive_areas (title scope/crate token)
clear the needs:area park	Classify the needs:area backlog	2026-09-09T19:32:23.0998459Z        sparq-lws-core: doc drift — the object_store BlobStore adapter is described as unlanded future work
clear the needs:area park	Classify the needs:area backlog	2026-09-09T19:32:23.0998715Z #6262  sparq-solid                              T2 bd-to-issues.derive_areas (title scope/crate token)
clear the needs:area park	Classify the needs:area backlog	2026-09-09T19:32:23.0999137Z        coverage ratchet: sparq-solid is measured with DEFAULT features, so the whole `pattern-scope` opt-in surface is outside the floor
clear the needs:area park	Classify the needs:area backlog	2026-09-09T19:32:23.0999317Z #6267  ci                                       T1 ci: CI / orchestration infrastructure
clear the needs:area park	Classify the needs:area backlog	2026-09-09T19:32:23.0999851Z        No gate validates `file:line` citations in research/ records — stale-by-own-diff citations ship undetected
clear the needs:area park	Classify the needs:area backlog	2026-09-09T19:32:23.1000113Z #6274  sparq-vectors                            T2 bd-to-issues.derive_areas (title scope/crate token)
clear the needs:area park	Classify the needs:area backlog	2026-09-09T19:32:23.1000516Z        vectors: the NEON kernel has no in-test dispatch assertion — the aarch64 half of #5065 is workflow-only
clear the needs:area park	Classify the needs:area backlog	2026-09-09T19:32:23.1000705Z #6276  ci                                       T1 ci: CI / orchestration infrastructure
clear the needs:area park	Classify the needs:area backlog	2026-09-09T19:32:23.1001225Z        docs-quality: promote research/ into the lychee internal-links scope — the stated blocker has landed
clear the needs:area park	Classify the needs:area backlog	2026-09-09T19:32:23.1001497Z #6277  sparq-lws-core                           T2 bd-to-issues.derive_areas (title scope/crate token)
clear the needs:area park	Classify the needs:area backlog	2026-09-09T19:32:23.1001941Z        research/lws-spec-conformance-vectors.md §1 describes lib.rs pre-change state that the same PR changes
clear the needs:area park	Classify the needs:area backlog	2026-09-09T19:32:23.1002136Z #6279  ci                                       T1 ci: CI / orchestration infrastructure
clear the needs:area park	Classify the needs:area backlog	2026-09-09T19:32:23.1002539Z        Audit every component that WRITES orchestration state against the visibility predicate of the component that consumes it
clear the needs:area park	Classify the needs:area backlog	2026-09-09T19:32:23.1002734Z #6280  release                                  T1 release: the release pipeline
clear the needs:area park	Classify the needs:area backlog	2026-09-09T19:32:23.1003338Z        review-alarm now reports release-plz and dependabot PRs as permanent findings — decide whether a maintainer-reviewed class should age out of the alarm
clear the needs:area park	Classify the needs:area backlog	2026-09-09T19:32:23.1003598Z #6282  sparq-lws-core                           T2 bd-to-issues.derive_areas (title scope/crate token)
clear the needs:area park	Classify the needs:area backlog	2026-09-09T19:32:23.1003847Z        sparq-lws-core: WAC is not re-evaluated on an already-open notification socket
clear the needs:area park	Classify the needs:area backlog	2026-09-09T19:32:23.1004099Z #6284  sparq-forms                              T2 bd-to-issues.derive_areas (title scope/crate token)
clear the needs:area park	Classify the needs:area backlog	2026-09-09T19:32:23.1004469Z        sparq-forms golden fixtures carry the #2384 one-file-scope trap: 8 source fixtures never name their golden companion
clear the needs:area park	Classify the needs:area backlog	2026-09-09T19:32:23.1004718Z #6285  sparq-kb                                 T2 bd-to-issues.derive_areas (title scope/crate token)
clear the needs:area park	Classify the needs:area backlog	2026-09-09T19:32:23.1005236Z        Two committed goldens have no in-repo regeneration path: bench/rsp-window-differential/fixtures/rsp4j.golden.tsv and crates/sparq-kb/tests/golden/open
clear the needs:area park	Classify the needs:area backlog	2026-09-09T19:32:23.1005444Z #6286  sparq-acbench                            T1 acbench: crates/sparq-acbench
clear the needs:area park	Classify the needs:area backlog	2026-09-09T19:32:23.1005814Z        sparq-acbench: build_expected_decisions rustdoc claims the regulator row is conditional, but it is unconditional
clear the needs:area park	Classify the needs:area backlog	2026-09-09T19:32:23.1006191Z #6287  sparq-acbench                            T2 bd-to-issues.derive_areas (title scope/crate token)
clear the needs:area park	Classify the needs:area backlog	2026-09-09T19:32:23.1006623Z        clippy::too_many_lines is formatting-sensitive, and fmt is now a hard gate — the two thresholds can collide
clear the needs:area park	Classify the needs:area backlog	2026-09-09T19:32:23.1006838Z #6288  sparq-acbench                            T1 acbench: crates/sparq-acbench
clear the needs:area park	Classify the needs:area backlog	2026-09-09T19:32:23.1007267Z        sparq-acbench U3 ground truth is not test-pinned: deleting a whole AC model from build_expected_decisions leaves all 141 tests green
clear the needs:area park	Classify the needs:area backlog	2026-09-09T19:32:23.1007453Z #6290  ci                                       T1 ci: CI / orchestration infrastructure
clear the needs:area park	Classify the needs:area backlog	2026-09-09T19:32:23.1007796Z        ci: flip merge-queue grouping_strategy ALLGREEN -> HEADGREEN on ruleset 17688455 (maintainer step for #6048)
clear the needs:area park	Classify the needs:area backlog	2026-09-09T19:32:23.1008055Z #6304  sparq-lws-core                           T2 bd-to-issues.derive_areas (title scope/crate token)
clear the needs:area park	Classify the needs:area backlog	2026-09-09T19:32:23.1008479Z        sparq-lws-core is absent from the coverage ratchet (not in coverage.sh PER_COMMIT_CRATES, no bench/coverage-floor.json entry)
clear the needs:area park	Classify the needs:area backlog	2026-09-09T19:32:23.1008731Z #6309  sparq-solid                              T2 bd-to-issues.derive_areas (title scope/crate token)
clear the needs:area park	Classify the needs:area backlog	2026-09-09T19:32:23.1009041Z        sparq-solid: wildcard update deny message discloses a store graph name the session cannot read
clear the needs:area park	Classify the needs:area backlog	2026-09-09T19:32:23.1009335Z #6310  ci                                       T1 ci: CI / orchestration infrastructure
clear the needs:area park	Classify the needs:area backlog	2026-09-09T19:32:23.1009734Z        ci_select: scripts/promote.py is missing from _ORCHESTRATION_SAFE (forces the full Rust matrix on orchestration-only PRs)
clear the needs:area park	Classify the needs:area backlog	2026-09-09T19:32:23.1009987Z #6313  sparq-solid                              T2 bd-to-issues.derive_areas (title scope/crate token)
clear the needs:area park	Classify the needs:area backlog	2026-09-09T19:32:23.1010409Z        sparq-solid docs claim it is "a dependency of nothing in the workspace" — three in-workspace dependents exist
clear the needs:area park	Classify the needs:area backlog	2026-09-09T19:32:23.1010593Z #6315  ci                                       T1 ci: CI / orchestration infrastructure
clear the needs:area park	Classify the needs:area backlog	2026-09-09T19:32:23.1011221Z        Remaining lanes still `cargo install wasm-pack --locked` (gui.yml, publish.yml, nightly-full-sweep.yml, pages.yml, site-e2e-hero.yml, site-visual.yml)
clear the needs:area park	Classify the needs:area backlog	2026-09-09T19:32:23.1011415Z #6319  ci                                       T1 ci: CI / orchestration infrastructure
clear the needs:area park	Classify the needs:area backlog	2026-09-09T19:32:23.1011678Z        Deduplicate the bd/Go JSONL serializer once scripts/beads-export-sync.py lands
clear the needs:area park	Classify the needs:area backlog	2026-09-09T19:32:23.1011939Z #6320  sparq-lws-core                           T2 bd-to-issues.derive_areas (title scope/crate token)
clear the needs:area park	Classify the needs:area backlog	2026-09-09T19:32:23.1012384Z        sparq-lws-core: crate-doc `M2-next:` seam list is stale (subscription WAC now implemented; multipart Range already implemented)
clear the needs:area park	Classify the needs:area backlog	2026-09-09T19:32:23.1012571Z #6327  docs                                     T1 docs: documentation-only change
clear the needs:area park	Classify the needs:area backlog	2026-09-09T19:32:23.1012809Z        docs: PR #6312 adds github.com/jeswr/sparq links after the sparq-org migration
clear the needs:area park	Classify the needs:area backlog	2026-09-09T19:32:23.1013070Z #6329  sparq-lws-core                           T2 bd-to-issues.derive_areas (title scope/crate token)
clear the needs:area park	Classify the needs:area backlog	2026-09-09T19:32:23.1013371Z        sparq-lws-core: let the binary select the object_store blob backend (SOLID_SERVER_BLOB_BACKEND)
clear the needs:area park	Classify the needs:area backlog	2026-09-09T19:32:23.1013633Z #6330  sparq-lws-core                           T2 bd-to-issues.derive_areas (title scope/crate token)
clear the needs:area park	Classify the needs:area backlog	2026-09-09T19:32:23.1013920Z        sparq-lws-core: no atomic BlobStore::delete_if_unchanged is possible on object_store 0.14
clear the needs:area park	Classify the needs:area backlog	2026-09-09T19:32:23.1014116Z #6341  ci                                       T1 ci: CI / orchestration infrastructure
clear the needs:area park	Classify the needs:area backlog	2026-09-09T19:32:23.1014726Z        Mutation ratchet: the persistent red legs (sparq-mpc, sparq-fedplan, sparq-reason, sparq-server) are budget exhaustion, not mutation survivors — decid
clear the needs:area park	Classify the needs:area backlog	2026-09-09T19:32:23.1014910Z #6342  ci                                       T1 ci: CI / orchestration infrastructure
clear the needs:area park	Classify the needs:area backlog	2026-09-09T19:32:23.1015408Z        Mutation ratchet: right-size sparq-engine's 24x360min sharding, or lower its cadence — decide from the first report-job run
clear the needs:area park	Classify the needs:area backlog	2026-09-09T19:32:23.1015761Z #6346  ci                                       T2 bd-to-issues.derive_areas (title scope/crate token)
clear the needs:area park	Classify the needs:area backlog	2026-09-09T19:32:23.1016122Z        ci: bench/pattern-scope/** is unmapped in ci/path-ownership.toml, so any edit there forces the FULL CI matrix
clear the needs:area park	Classify the needs:area backlog	2026-09-09T19:32:23.1016372Z #6347  gui,deps                                 T1 gui-tauri: the Tauri desktop shell's dependency stack
clear the needs:area park	Classify the needs:area backlog	2026-09-09T19:32:23.1016718Z        docs(sparq-solid): stale Cargo.toml comment claims the crate is "a dependency of NOTHING in the workspace"
clear the needs:area park	Classify the needs:area backlog	2026-09-09T19:32:23.1016984Z #6357  sparq-lws-core                           T2 bd-to-issues.derive_areas (title scope/crate token)
clear the needs:area park	Classify the needs:area backlog	2026-09-09T19:32:23.1017228Z        sparq-lws-core: accept N-Triples / N-Quads as RDF INPUT on the LDP write path
clear the needs:area park	Classify the needs:area backlog	2026-09-09T19:32:23.1017489Z #6358  sparq-lws-core                           T2 bd-to-issues.derive_areas (title scope/crate token)
clear the needs:area park	Classify the needs:area backlog	2026-09-09T19:32:23.1017781Z        sparq-lws-core: LDP conneg does not recognise alias media types for the line/N3 read formats
clear the needs:area park	Classify the needs:area backlog	2026-09-09T19:32:23.1018038Z #6361  sparq-lws-core                           T2 bd-to-issues.derive_areas (title scope/crate token)
clear the needs:area park	Classify the needs:area backlog	2026-09-09T19:32:23.1018386Z        sparq-lws-core: cache parsed acl:agentGroup group documents (currently re-read + re-parsed per request)
clear the needs:area park	Classify the needs:area backlog	2026-09-09T19:32:23.1018684Z #6362  sparq-wac-oracle,sparq-solid             T2 bd-to-issues.derive_areas (title scope/crate token)
clear the needs:area park	Classify the needs:area backlog	2026-09-09T19:32:23.1019114Z        sparq-wac-oracle / sparq-solid: confirm acl:agentGroup parity with the sparq-lws-core WAC engine
clear the needs:area park	Classify the needs:area backlog	2026-09-09T19:32:23.1019337Z #6364  ci                                       T2 bd-to-issues.derive_areas (title scope/crate token)
clear the needs:area park	Classify the needs:area backlog	2026-09-09T19:32:23.1019655Z        ci: confirm the account's real hosted-runner concurrency and re-derive the scheduled-lane ceiling
clear the needs:area park	Classify the needs:area backlog	2026-09-09T19:32:23.1019917Z #6365  sparq-vectors                            T2 bd-to-issues.derive_areas (title scope/crate token)
clear the needs:area park	Classify the needs:area backlog	2026-09-09T19:32:23.1020159Z        hygiene: PR-BODY.md is a tracked narrative scratch doc at the repo root on main
clear the needs:area park	Classify the needs:area backlog	2026-09-09T19:32:23.1020416Z #6367  sparq-solid                              T2 bd-to-issues.derive_areas (title scope/crate token)
clear the needs:area park	Classify the needs:area backlog	2026-09-09T19:32:23.1020697Z        B7 auth half: WebID/Solid-OIDC authentication on federated calls is still unimplemented
clear the needs:area park	Classify the needs:area backlog	2026-09-09T19:32:23.1021073Z #6369  sparq-solid                              T2 bd-to-issues.derive_areas (title scope/crate token)
clear the needs:area park	Classify the needs:area backlog	2026-09-09T19:32:23.1021443Z        sparq-solid: source-auth participation is graph-set membership only; no VoID/service-description discovery
clear the needs:area park	Classify the needs:area backlog	2026-09-09T19:32:23.1021625Z #6371  ci                                       T1 ci: CI / orchestration infrastructure
clear the needs:area park	Classify the needs:area backlog	2026-09-09T19:32:23.1021935Z        ci-select: the merge-group change-CLASS layer does not get the #5237 parsed-YAML inertness proof
clear the needs:area park	Classify the needs:area backlog	2026-09-09T19:32:23.1022117Z #6373  ci                                       T1 ci: CI / orchestration infrastructure
clear the needs:area park	Classify the needs:area backlog	2026-09-09T19:32:23.1022561Z        sparq-lws-core/sparq-solid: extract is_control_document_name into a dependency-free leaf so the mint guard can DELEGATE, not mirror
clear the needs:area park	Classify the needs:area backlog	2026-09-09T19:32:23.1022756Z #6378  ci                                       T1 ci: CI / orchestration infrastructure
clear the needs:area park	Classify the needs:area backlog	2026-09-09T19:32:23.1023077Z        A comment-only .github/workflows/ci.yml edit forces mode=full, maximising CI cost and flake exposure
clear the needs:area park	Classify the needs:area backlog	2026-09-09T19:32:23.1023334Z #6380  sparq-solid                              T2 bd-to-issues.derive_areas (title scope/crate token)
clear the needs:area park	Classify the needs:area backlog	2026-09-09T19:32:23.1023727Z        sparq-solid: #5579 P0 — profile the put_acl write path before any scoped-materializer bead lands
clear the needs:area park	Classify the needs:area backlog	2026-09-09T19:32:23.1023980Z #6381  sparq-solid                              T2 bd-to-issues.derive_areas (title scope/crate token)
clear the needs:area park	Classify the needs:area backlog	2026-09-09T19:32:23.1024396Z        sparq-solid: a static-target update_as write to a content-graph group document does not re-materialize (stale-grant window)
clear the needs:area park	Classify the needs:area backlog	2026-09-09T19:32:23.1024642Z #6382  sparq-solid                              T2 bd-to-issues.derive_areas (title scope/crate token)
clear the needs:area park	Classify the needs:area backlog	2026-09-09T19:32:23.1025129Z        sparq-solid: consider rejecting `urn:skolem:` named nodes in control/group documents (defence in depth)
clear the needs:area park	Classify the needs:area backlog	2026-09-09T19:32:23.1025310Z #6383  ci                                       T1 ci: CI / orchestration infrastructure
clear the needs:area park	Classify the needs:area backlog	2026-09-09T19:32:23.1025690Z        export-kb-dump.py --dry-run self-test fails on main: PROBE B (ns1: auto-prefix) EVADES the restricted-tier leak scanner
clear the needs:area park	Classify the needs:area backlog	2026-09-09T19:32:23.1025969Z #6387  sparq-conformance                        T2 bd-to-issues.derive_areas (title scope/crate token)
clear the needs:area park	Classify the needs:area backlog	2026-09-09T19:32:23.1026243Z        Generalise the sq-mwnko feature-gated lib-test executor pin beyond sparq-conformance
clear the needs:area park	Classify the needs:area backlog	2026-09-09T19:32:23.1026498Z #6389  sparq-lws-core                           T2 bd-to-issues.derive_areas (title scope/crate token)
clear the needs:area park	Classify the needs:area backlog	2026-09-09T19:32:23.1026854Z        sparq-lws-core: notification subscribe/receive WAC uses the SEQUENTIAL walk, not the planned read-plan path
clear the needs:area park	Classify the needs:area backlog	2026-09-09T19:32:23.1027107Z #6390  sparq-lws-core                           T2 bd-to-issues.derive_areas (title scope/crate token)
clear the needs:area park	Classify the needs:area backlog	2026-09-09T19:32:23.1027446Z        sparq-lws-core: a WAC grant revoked mid-stream does not tear down an already-open notification WebSocket
clear the needs:area park	Classify the needs:area backlog	2026-09-09T19:32:23.1027630Z #6399  ci                                       T1 ci: CI / orchestration infrastructure
clear the needs:area park	Classify the needs:area backlog	2026-09-09T19:32:23.1028022Z        A workflow's sparse-checkout cone should be proven able to run that workflow's own steps
clear the needs:area park	Classify the needs:area backlog	2026-09-09T19:32:23.1028205Z #6401  ci                                       T1 ci: CI / orchestration infrastructure
clear the needs:area park	Classify the needs:area backlog	2026-09-09T19:32:23.1028575Z        No standing lint stops a workflow step/job name from being silently truncated by YAML plain-scalar comment parsing
clear the needs:area park	Classify the needs:area backlog	2026-09-09T19:32:23.1028846Z #6403  sparq-conformance                        T2 bd-to-issues.derive_areas (title scope/crate token)
clear the needs:area park	Classify the needs:area backlog	2026-09-09T19:32:23.1029299Z        sparql_entail::run_one — the fail-closed named-graph guard misses a QUERY-carried FROM/FROM NAMED dataset clause
clear the needs:area park	Classify the needs:area backlog	2026-09-09T19:32:23.1029532Z #6406  ci                                       T2 bd-to-issues.derive_areas (title scope/crate token)
clear the needs:area park	Classify the needs:area backlog	2026-09-09T19:32:23.1029769Z        ci_selection_alarm: open_issue_exists fails OPEN when the dedupe read errors
clear the needs:area park	Classify the needs:area backlog	2026-09-09T19:32:23.1030035Z #6423  sparq-conformance                        T2 bd-to-issues.derive_areas (title scope/crate token)
clear the needs:area park	Classify the needs:area backlog	2026-09-09T19:32:23.1030294Z        el_suite: DOCUMENTED_DIVERGENCES header claims "28 entries" but the list holds 11
clear the needs:area park	Classify the needs:area backlog	2026-09-09T19:32:23.1030496Z #6425  zk-xpath                                 T1 zk-xpath: zk/xpath (noir_XPath) sources
clear the needs:area park	Classify the needs:area backlog	2026-09-09T19:32:23.1030799Z        noir_XPath: fn:round-half-to-even has no float/double implementation (Stream G task residual)
clear the needs:area park	Classify the needs:area backlog	2026-09-09T19:32:23.1031155Z #6426  zk-xpath                                 T1 zk-xpath: zk/xpath (noir_XPath) sources
clear the needs:area park	Classify the needs:area backlog	2026-09-09T19:32:23.1031517Z        sq-5vv7 cites a zk/xpath path removed by the noir_XPath externalization (#1602); typo not reproducible at v0.3.0
clear the needs:area park	Classify the needs:area backlog	2026-09-09T19:32:23.1031728Z #6427  zk-xpath                                 T1 zk-xpath: zk/xpath (noir_XPath) sources
clear the needs:area park	Classify the needs:area backlog	2026-09-09T19:32:23.1032053Z        noir_XPath CI runs the 113-package real suite in a single unsharded job (last unmet sq-t9d Phase-0 item)
clear the needs:area park	Classify the needs:area backlog	2026-09-09T19:32:23.1032289Z #6428  sparq-mpc                                T0 author-declared crate_or_surface/crates field
clear the needs:area park	Classify the needs:area backlog	2026-09-09T19:32:23.1032605Z        cargo-mutants: give sparq-mpc a `features: secprop-annotations` override before it is baselined
clear the needs:area park	Classify the needs:area backlog	2026-09-09T19:32:23.1032856Z #6429  sparq-engine                             T0 author-declared crate_or_surface/crates field
clear the needs:area park	Classify the needs:area backlog	2026-09-09T19:32:23.1033225Z        [selection-alarm] crate `sparq-engine` failed the nightly full-matrix but was selection-skipped in landed PR(s)
clear the needs:area park	Classify the needs:area backlog	2026-09-09T19:32:23.1033480Z #6430  sparq-fedplan                            T0 author-declared crate_or_surface/crates field
clear the needs:area park	Classify the needs:area backlog	2026-09-09T19:32:23.1033855Z        [selection-alarm] crate `sparq-fedplan` failed the nightly full-matrix but was selection-skipped in landed PR(s)
clear the needs:area park	Classify the needs:area backlog	2026-09-09T19:32:23.1034216Z #6431  sparq-reason                             T0 author-declared crate_or_surface/crates field
clear the needs:area park	Classify the needs:area backlog	2026-09-09T19:32:23.1034581Z        [selection-alarm] crate `sparq-reason` failed the nightly full-matrix but was selection-skipped in landed PR(s)
clear the needs:area park	Classify the needs:area backlog	2026-09-09T19:32:23.1034813Z #6432  sparq-server                             T0 author-declared crate_or_surface/crates field
clear the needs:area park	Classify the needs:area backlog	2026-09-09T19:32:23.1035180Z        [selection-alarm] crate `sparq-server` failed the nightly full-matrix but was selection-skipped in landed PR(s)
clear the needs:area park	Classify the needs:area backlog	2026-09-09T19:32:23.1035397Z #6433  bench                                    T1 bench-generic: a benchmarking deliverable
clear the needs:area park	Classify the needs:area backlog	2026-09-09T19:32:23.1035723Z        [bench-flake] suite=sparq-reason+sparq-engine: benchmarks in the soft zone (possible runner noise)
clear the needs:area park	Classify the needs:area backlog	2026-09-09T19:32:23.1035960Z #6434  sparq-solid                              T0 author-declared crate_or_surface/crates field
clear the needs:area park	Classify the needs:area backlog	2026-09-09T19:32:23.1036320Z        [selection-alarm] crate `sparq-solid` failed the nightly full-matrix but was selection-skipped in landed PR(s)
clear the needs:area park	Classify the needs:area backlog	2026-09-09T19:32:23.1036534Z #6455  bench                                    T1 bench-generic: a benchmarking deliverable
clear the needs:area park	Classify the needs:area backlog	2026-09-09T19:32:23.1036800Z        [bench-flake] suite=sparq-geo: benchmarks in the soft zone (possible runner noise)
clear the needs:area park	Classify the needs:area backlog	2026-09-09T19:32:23.1037009Z #6456  bench                                    T1 bench-generic: a benchmarking deliverable
clear the needs:area park	Classify the needs:area backlog	2026-09-09T19:32:23.1037320Z        drift: crate `sparq-engine-service` has no registered benchmark
clear the needs:area park	Classify the needs:area backlog	2026-09-09T19:32:23.1037522Z #6457  bench                                    T1 bench-generic: a benchmarking deliverable
clear the needs:area park	Classify the needs:area backlog	2026-09-09T19:32:23.1037700Z        drift: crate `sparq-http3` has no registered benchmark
clear the needs:area park	Classify the needs:area backlog	2026-09-09T19:32:23.1037903Z #6458  bench                                    T1 bench-generic: a benchmarking deliverable
clear the needs:area park	Classify the needs:area backlog	2026-09-09T19:32:23.1038097Z        drift: crate `sparq-secprop-vocab` has no registered benchmark
clear the needs:area park	Classify the needs:area backlog	2026-09-09T19:32:23.1038302Z #6459  bench                                    T1 bench-generic: a benchmarking deliverable
clear the needs:area park	Classify the needs:area backlog	2026-09-09T19:32:23.1038471Z        drift: crate `sparq-vc` has no registered benchmark
clear the needs:area park	Classify the needs:area backlog	2026-09-09T19:32:23.1038746Z #6460  sparq-metamorph                          T2 bd-to-issues.derive_areas (title scope/crate token)
clear the needs:area park	Classify the needs:area backlog	2026-09-09T19:32:23.1039031Z        drift: crate `sparq-metamorph` carries conformance ratchets outside the central scoreboard
clear the needs:area park	Classify the needs:area backlog	2026-09-09T19:32:23.1039288Z #6461  sparq-trust                              T2 bd-to-issues.derive_areas (title scope/crate token)
clear the needs:area park	Classify the needs:area backlog	2026-09-09T19:32:23.1039566Z        drift: crate `sparq-trust` carries conformance ratchets outside the central scoreboard
clear the needs:area park	Classify the needs:area backlog	2026-09-09T19:32:23.1039576Z 
clear the needs:area park	Classify the needs:area backlog	2026-09-09T19:32:23.1040068Z -- 1248 classified (150 writable this run, 1098 deferred to the next tick by the 150/run write budget), 415 left unattributed (no confident evidence), 1663 scanned
clear the needs:area park	Classify the needs:area backlog	2026-09-09T19:32:23.1040476Z    LEFT #53 Publish @jeswr/sparq build artifacts + settle the name + pin a git build retaining the vendored spargebra fixes; re-run 
clear the needs:area park	Classify the needs:area backlog	2026-09-09T19:32:23.1040802Z    LEFT #758 needs:user — repo/external unblocks the autonomous agent is waiting on
clear the needs:area park	Classify the needs:area backlog	2026-09-09T19:32:23.1041280Z    LEFT #769 Decision: ZK field-native encoding — 4 implementation-gating choices (design #765)
clear the needs:area park	Classify the needs:area backlog	2026-09-09T19:32:23.1041574Z    LEFT #907 First-party endpoint authn/authz: OIDC/JWT + API keys + RBAC + graph-level security
clear the needs:area park	Classify the needs:area backlog	2026-09-09T19:32:23.1041934Z    LEFT #915 acp:vc — credential-gated query (trust-the-issuer first, ZK backend gated on audit)
clear the needs:area park	Classify the needs:area backlog	2026-09-09T19:32:23.1042357Z    LEFT #918 [tracking] Serving & operations cluster (backup · change-stream · result-cache · authz · PITR)
clear the needs:area park	Classify the needs:area backlog	2026-09-09T19:32:23.1042684Z    LEFT #1001 Decision needed: default assurance level for ZK security-property labels (Claimed vs Proven)
clear the needs:area park	Classify the needs:area backlog	2026-09-09T19:32:23.1042997Z    LEFT #1002 Decision needed: how deeply should the security-properties ontology align with W3C DPV?
clear the needs:area park	Classify the needs:area backlog	2026-09-09T19:32:23.1043500Z    LEFT #1035 Steer: backup delta / PITR design decisions (sq-bu1a, #1034) — quad-set diff vs update-log, same-lineage boundary, reten
clear the needs:area park	Classify the needs:area backlog	2026-09-09T19:32:23.1044064Z    LEFT #1039 Steer P3 taxonomy follow-ups: trained hyperbolic block + kernel, distortion proxy, deferred gUFO (sq-0wo9e.4)
clear the needs:area park	Classify the needs:area backlog	2026-09-09T19:32:23.1044317Z    LEFT #1052 Steer: GUI #1050 widens the desktop Tauri CSP connect-src for URL-import
clear the needs:area park	Classify the needs:area backlog	2026-09-09T19:32:23.1044718Z    LEFT #1062 sq-3l43: privileged AWS unblock needed for the 1B rung-5 dict-bucket re-measure (spot SLR / vCPU bump / off-dev-box)
clear the needs:area park	Classify the needs:area backlog	2026-09-09T19:32:23.1045144Z    LEFT #1068 Design steer: sibling CircuitId members vs FilterValueDl{dt} discriminant for the dual-leaf value lane (sq-2ezsx / PR #1
clear the needs:area park	Classify the needs:area backlog	2026-09-09T19:32:23.1045640Z    LEFT #1111 [revisit-with-fable] Neurosymbolic self-built KB — re-attempt + re-iterate the whole direction on a stronger model
clear the needs:area park	Classify the needs:area backlog	2026-09-09T19:32:23.1046011Z    LEFT #1139 Literature-DB API access — free keys + direct signup links for the trawling KB (#1110)
clear the needs:area park	Classify the needs:area backlog	2026-09-09T19:32:23.1046377Z    LEFT #1248 [feature-request, PSS agent] Stable public embedding API for solid-server-rs to call SPARQ in-process
clear the needs:area park	Classify the needs:area backlog	2026-09-09T19:32:23.1046644Z    LEFT #1576 [feature]: Being a drop-in replacement throughout the javascript ecosystem
clear the needs:area park	Classify the needs:area backlog	2026-09-09T19:32:23.1046894Z    LEFT #1587 Proposed next-phase work plan — for maintainer steer
clear the needs:area park	Classify the needs:area backlog	2026-09-09T19:32:23.1047339Z    LEFT #1615 📣 LinkedIn advert post for sparq — ready-to-post text, spec inventory + tagging checklist (sq-hfx40)
clear the needs:area park	Classify the needs:area backlog	2026-09-09T19:32:23.1047966Z    LEFT #1682 Make the security & integrity type ontologies public (+ small additions) — for the @jeswr data-integrity abstraction
clear the needs:area park	Classify the needs:area backlog	2026-09-09T19:32:23.1048387Z    LEFT #1683 Heads-up: content-addressed ownerless concepts — potential native fit for SPARQ GenAI + graph
clear the needs:area park	Classify the needs:area backlog	2026-09-09T19:32:23.1048677Z    LEFT #1690 sparq logo/brand decision — consolidated concepts (rounds 1 + 2)
clear the needs:area park	Classify the needs:area backlog	2026-09-09T19:32:23.1049008Z    LEFT #1692 M4 wiring roadmap (sq-pntvh): three proceed-and-document judgment calls for maintainer steer
clear the needs:area park	Classify the needs:area backlog	2026-09-09T19:32:23.1049431Z    LEFT #1759 Design decision (steer post-hoc): 'first-class' compressed in-RAM profile = runtime SPARQ_STORE_PROFILE, not per-perm ad
clear the needs:area park	Classify the needs:area backlog	2026-09-09T19:32:23.1049869Z    LEFT #1765 JSON-LD epic sq-oy1f: remaining-work re-cut — decisions taken under proceed-and-document (PR #1764)
clear the needs:area park	Classify the needs:area backlog	2026-09-09T19:32:23.1050312Z    LEFT #1815 [steer] CodeQL heavy-lane placement — kept per-push (measured ~4min, not a pole); sq-6vshe.6 / PR #1814
clear the needs:area park	Classify the needs:area backlog	2026-09-09T19:32:23.1050775Z    LEFT #1817 Download path: alias contract + prerelease fallback decisions (sq-vw3ax.11 decomposition) — steer post-hoc
clear the needs:area park	Classify the needs:area backlog	2026-09-09T19:32:23.1051208Z    LEFT #1825 Decide whether to default the SPQCPRM2 (V2) on-disk format ON (follow-up to #1824)
clear the needs:area park	Classify the needs:area backlog	2026-09-09T19:32:23.1051474Z    LEFT #1840 [SPARQ agent] noir#5027 BoundedVec push capacity-assert slice: draft PR open
clear the needs:area park	Classify the needs:area backlog	2026-09-09T19:32:23.1051687Z    LEFT #1903 [demoted-lane] lane=fuzz-randomized: full-form CI run failed
clear the needs:area park	Classify the needs:area backlog	2026-09-09T19:32:23.1052017Z    LEFT #1915 🤖 nightly-sweep: accessibility full-sweep (axe / WCAG 2.1 AA) is failing
clear the needs:area park	Classify the needs:area backlog	2026-09-09T19:32:23.1052441Z    LEFT #1993 Design decision (proceed-and-document): Datalog dialect surface = small native RDFox-modelled syntax (open question 4, s
clear the needs:area park	Classify the needs:area backlog	2026-09-09T19:32:23.1052943Z    LEFT #2087 steer-me: §10 Q2 dateTime/date VALUE_HOOK decided — Z-only signed scaled-epoch scalar, FS=3, bare/non-Z fail-closed (sq-
clear the needs:area park	Classify the needs:area backlog	2026-09-09T19:32:23.1053363Z    LEFT #2181 Decision (steer post-hoc): streaming M1 driver keeps block-slicing; bind chains relaxed to deterministic seed-lex order 
clear the needs:area park	Classify the needs:area backlog	2026-09-09T19:32:23.1053569Z    LEFT #2447 VG-TIE-1 for the filtered and approximate vec: paths
clear the needs:area park	Classify the needs:area backlog	2026-09-09T19:32:23.1053772Z    LEFT #2461 Pilot D: wire codex worker-core loading + A/B telemetry
clear the needs:area park	Classify the needs:area backlog	2026-09-09T19:32:23.1054141Z    LEFT #2466 registry: select scripts/worker-claude-settings.json (disableAllHooks) when launching headless workers
clear the needs:area park	Classify the needs:area backlog	2026-09-09T19:32:23.1054401Z    LEFT #2477 [feature]: clearly and concisely explain the correctness of all packages
clear the needs:area park	Classify the needs:area backlog	2026-09-09T19:32:23.1054668Z    LEFT #2518 Opt-in automatic change-stream re-baseline after a successful /admin/restore
clear the needs:area park	Classify the needs:area backlog	2026-09-09T19:32:23.1055199Z    LEFT #2522 sq-6vshe.5 steer: read the cache-audit verdict after cache-prime lands; execute sccache+S3 only on a measured THRASH
clear the needs:area park	Classify the needs:area backlog	2026-09-09T19:32:23.1055539Z    LEFT #2524 triage-issue: quarantine notice comment is re-posted on every edit of a still-quarantined issue
clear the needs:area park	Classify the needs:area backlog	2026-09-09T19:32:23.1055904Z    LEFT #2525 promote-on-approval: approval window uses issue updatedAt, which any label/comment bump can invalidate
clear the needs:area park	Classify the needs:area backlog	2026-09-09T19:32:23.1056305Z    LEFT #2527 drift-scan issues share the #2474 invisibility class (GITHUB_TOKEN event suppression, no routing labels at creation)
clear the needs:area park	Classify the needs:area backlog	2026-09-09T19:32:23.1056591Z    LEFT #2531 Fix model-provenance markers in all .claude/agents/*.md briefs to be model-aware
clear the needs:area park	Classify the needs:area backlog	2026-09-09T19:32:23.1056780Z    LEFT #2532 Registry routing: brief model tier parameterization
clear the needs:area park	Classify the needs:area backlog	2026-09-09T19:32:23.1057050Z    LEFT #2550 make sure https://github.com/sparq-org/sparq/issues/1135 gets maintained
clear the needs:area park	Classify the needs:area backlog	2026-09-09T19:32:23.1057552Z    LEFT #2558 sq-6xasp: EPIC: WebAssembly build of the Rust Solid server (sparq-lws) published to npm — wasm32 target + JS host shim +
clear the needs:area park	Classify the needs:area backlog	2026-09-09T19:32:23.1057977Z    LEFT #2565 sq-lsp7k: EPIC: competitive feature parity + workbench extension (SHACL-UI forms, viz, connectors, reasoning-UX, engine 
clear the needs:area park	Classify the needs:area backlog	2026-09-09T19:32:23.1058396Z    LEFT #2566 sq-tonhr: EPIC: native SHACL Compact Syntax (+extended shaclcjs) via rdf-shuttle-generated parsers, generalized to all R
clear the needs:area park	Classify the needs:area backlog	2026-09-09T19:32:23.1059016Z    LEFT #2572 sq-gg0qq: EPIC: migrate jeswr/solid-server-rs into sparq — 3 sub-crates (lws-core + lws + solid-server) per handover jes
clear the needs:area park	Classify the needs:area backlog	2026-09-09T19:32:23.1059413Z    LEFT #2581 sq-lhcot: genai: GPT-5.6 strategy-review program — vector/NLQ/GraphRAG/interop next steps
clear the needs:area park	Classify the needs:area backlog	2026-09-09T19:32:23.1059821Z    LEFT #2590 sq-hfx40: LinkedIn advert post for sparq (maintainer 2026-07-06): enumerate ALL implemented specs + relevant people to t
clear the needs:area park	Classify the needs:area backlog	2026-09-09T19:32:23.1060357Z    LEFT #2593 sq-6syab: Trust-expression specification program (#1592): simplest verifier↔holder contract aligned w/ eIDAS/DIATF trust
clear the needs:area park	Classify the needs:area backlog	2026-09-09T19:32:23.1060798Z    LEFT #2594 sq-3kd2g: zkSPARQL fragment extension program (#1591): greatest reasonable OWA-conforming federation-free SPARQL subset 
clear the needs:area park	Classify the needs:area backlog	2026-09-09T19:32:23.1061476Z    LEFT #2600 sq-7d3dj: [epic] Cross-cutting optimization program — perf / memory / HTTP-throughput / ingest-time / WASM-bundle-size, 
clear the needs:area park	Classify the needs:area backlog	2026-09-09T19:32:23.1062018Z    LEFT #2604 sq-rvgr2: [epic] Proposed-specifications program — W3C ReSpec-style Unofficial Proposal Drafts for sparq's novel domains
clear the needs:area park	Classify the needs:area backlog	2026-09-09T19:32:23.1062502Z    LEFT #2605 sq-pntvh: Vector-at-a-time (M4) execution roadmap + wiring epic — built chunk.rs kernels are unreferenced in exec.rs
clear the needs:area park	Classify the needs:area backlog	2026-09-09T19:32:23.1062923Z    LEFT #2607 sq-sgu1.1: Stand up the multi-model agent tier: sparq-architect (fable) + sparq-reviewer (fable) + sparq-verify-mechanic
clear the needs:area park	Classify the needs:area backlog	2026-09-09T19:32:23.1063280Z    LEFT #2609 sq-6tykl: [EPIC] Unified eval substrate + full reasoners + SERVICE federation + RSP/GeoSPARQL program
clear the needs:area park	Classify the needs:area backlog	2026-09-09T19:32:23.1063706Z    LEFT #2610 sq-x6pzo: RECURRENT: each orchestration tick, sweep OPEN GitHub issues for NON-self-authored asks the bead/PR drain does
clear the needs:area park	Classify the needs:area backlog	2026-09-09T19:32:23.1064217Z    LEFT #2611 sq-moy7w: RECURRENT: keep the pinned maintainer-overview issue #1135 current — refresh whenever a decision resolves, an 
clear the needs:area park	Classify the needs:area backlog	2026-09-09T19:32:23.1064535Z    LEFT #2623 sq-ixc3: EPIC: cross-platform GUI to interact with the sparq engine (developed + maintained)
clear the needs:area park	Classify the needs:area backlog	2026-09-09T19:32:23.1064867Z    LEFT #2624 sq-v286: EPIC: automated semantic-release CI + multi-platform builds (mac/win/linux/android/iOS)
clear the needs:area park	Classify the needs:area backlog	2026-09-09T19:32:23.1065229Z    LEFT #2631 sq-bif: Test coverage: comprehensive correctness tests for all packages + all features + CI coverage gate
clear the needs:area park	Classify the needs:area backlog	2026-09-09T19:32:23.1065644Z    LEFT #2652 sq-uhqah: formalize codex-EC2 worker tooling: PR scripts/ec2-codex-worker.sh + move the EC2 codex brief (agent-worker/gp
clear the needs:area park	Classify the needs:area backlog	2026-09-09T19:32:23.1066039Z    LEFT #2719 sq-tonhr.11: Per-syntax default-flip verdicts: flip ONLY syntaxes proven >= incumbent on BOTH conformance and perf
clear the needs:area park	Classify the needs:area backlog	2026-09-09T19:32:23.1066468Z    LEFT #2788 sq-lhcot.3: genai: ship + evaluate one provenance-carrying RDF GraphRAG vertical slice
clear the needs:area park	Classify the needs:area backlog	2026-09-09T19:32:23.1066983Z    LEFT #2875 sq-71gcq: [EPIC] Codebase cleanup: repeated-logic elimination sweep — detect + behavior-neutrally consolidate duplicated
clear the needs:area park	Classify the needs:area backlog	2026-09-09T19:32:23.1067477Z    LEFT #2878 sq-tzars: [EPIC] Dogfooding: sparq as the knowledge base for sparq — capture ALL project knowledge, build provenance, an
clear the needs:area park	Classify the needs:area backlog	2026-09-09T19:32:23.1067993Z    LEFT #2881 sq-sqtk2: [EPIC] Mechanized-proof program codebase-wide — key properties beyond ZK: WAC/ACP decision correctness, SPARQL
clear the needs:area park	Classify the needs:area backlog	2026-09-09T19:32:23.1068423Z    LEFT #2948 sq-0xquh: RESEARCH (deferred, after the structure-aware-vectorisation research): decentralised vectorisation + minimal-c
clear the needs:area park	Classify the needs:area backlog	2026-09-09T19:32:23.1068917Z    LEFT #2964 sq-v286.8: needs:user — desktop code-signing + notarization (Apple Developer ID + notarytool; Windows Authenticode)
clear the needs:area park	Classify the needs:area backlog	2026-09-09T19:32:23.1069419Z    LEFT #2965 sq-v286.7: needs:user — complete out-of-repo publish prerequisites (PyPI Trusted Publisher, NPM_TOKEN, crates.io login)
clear the needs:area park	Classify the needs:area backlog	2026-09-09T19:32:23.1069860Z    LEFT #2967 sq-4h6v: Recurring: each orchestration tick, df-check + delete finished-agent-worktree target/ dirs (regenerable, ~8-12G
clear the needs:area park	Classify the needs:area backlog	2026-09-09T19:32:23.1070013Z    LEFT #3003 sq-2ne: EPIC: roborev review backlog
clear the needs:area park	Classify the needs:area backlog	2026-09-09T19:32:23.1070306Z    LEFT #3004 sq-moo: EPIC: CI / lint / dev-infra hardening
clear the needs:area park	Classify the needs:area backlog	2026-09-09T19:32:23.1070824Z    LEFT #3038 sq-lsp7k.12: BI/SQL wire-protocol facade — Postgres-wire read-only SQL over an auto-generated schema mapping (BIG ROCK, 
clear the needs:area park	Classify the needs:area backlog	2026-09-09T19:32:23.1071370Z    LEFT #3116 sq-6rdix: sq-gum8.3 follow-ups from PR #1698 body: (1) recover truncated adversarial-review items 6-8/10 and apply or di
clear the needs:area park	Classify the needs:area backlog	2026-09-09T19:32:23.1071813Z    LEFT #3259 sq-hdpkj: needs-user: bake the ast-grep/outline discipline into the role briefs (.claude/agents/sparq-rust-feature.md + 
clear the needs:area park	Classify the needs:area backlog	2026-09-09T19:32:23.1072332Z    LEFT #3262 sq-tr1n3: chore(security): dismiss STALE Dependabot alert #6 (postcss GHSA-qx2v-qp2m-jg93) — root package-lock.json alre
clear the needs:area park	Classify the needs:area backlog	2026-09-09T19:32:23.1072735Z    LEFT #3280 sq-turnz: Repo hygiene: GC ~2076 stale local branch refs in the work-box clone (squash-merged + deleted-on-remote)
clear the needs:area park	Classify the needs:area backlog	2026-09-09T19:32:23.1073242Z    LEFT #3299 sq-svtt: DECISION (needs:user): reconcile GitHub Pages ROOT — Next.js feature-showcase (current pages.yml, live at /spar
clear the needs:area park	Classify the needs:area backlog	2026-09-09T19:32:23.1073755Z    LEFT #3303 sq-i1tl: Merge-throughput OPTION (deliberate, not urgent): move jeswr/sparq → a free GitHub org to unlock native merge q
clear the needs:area park	Classify the needs:area backlog	2026-09-09T19:32:23.1074268Z    LEFT #3306 sq-j7to: Recurring chore: worktree disk-hygiene sweep — git worktree prune + remove finished-agent worktrees/target dirs
clear the needs:area park	Classify the needs:area backlog	2026-09-09T19:32:23.1074627Z    LEFT #3382 sq-py57: ACTION: RDFox competitor — supply a license to gather numbers (needs:user)
clear the needs:area park	Classify the needs:area backlog	2026-09-09T19:32:23.1075115Z    LEFT #3418 Investigate services/databases for smarter agent↔work routing (skill affinity, provenance-derived ownership)
clear the needs:area park	Classify the needs:area backlog	2026-09-09T19:32:23.1075530Z    LEFT #3424 repair loop: after a gate-code fix merges, refresh stale-red armed PRs via update-branch (rerun replays the old bug)
clear the needs:area park	Classify the needs:area backlog	2026-09-09T19:32:23.1075782Z    LEFT #3481 [demoted-lane] lane=bench-nightly-full-suite: full-form CI run failed
clear the needs:area park	Classify the needs:area backlog	2026-09-09T19:32:23.1076189Z    LEFT #3483 Shared ui primitives (badge/button) drift between site/ and gui/ — extract or add a sync check
clear the needs:area park	Classify the needs:area backlog	2026-09-09T19:32:23.1076616Z    LEFT #3500 reason-dl-same-box: decide whether riot OWL→NT conversion belongs inside sparq's timing boundary
clear the needs:area park	Classify the needs:area backlog	2026-09-09T19:32:23.1077059Z    LEFT #3502 trust-expression: define an authoritative trustx:question -> query binding (digest-IRI scheme or trusted question resolu
clear the needs:area park	Classify the needs:area backlog	2026-09-09T19:32:23.1077355Z    LEFT #3504 Sibling gather instance scripts emit the GATHER_DONE success sentinel on failure
clear the needs:area park	Classify the needs:area backlog	2026-09-09T19:32:23.1077660Z    LEFT #3507 odrl_bridge N3 path: vocabulary-check request fields symmetrically to policy triples
clear the needs:area park	Classify the needs:area backlog	2026-09-09T19:32:23.1077933Z    LEFT #3512 Remove the bincode 1.3.3 maintenance exemption from the HDT dependency graph
clear the needs:area park	Classify the needs:area backlog	2026-09-09T19:32:23.1078425Z    LEFT #3521 pipeline: review:needs-user parks are silent + adjudication label-flips aren't atomic (15 PRs wedged)
clear the needs:area park	Classify the needs:area backlog	2026-09-09T19:32:23.1078849Z    LEFT #3575 Forward-compat: workspace `-D warnings` clippy gate will break when CI's stable toolchain reaches Rust 1.97+ (uninlined_
clear the needs:area park	Classify the needs:area backlog	2026-09-09T19:32:23.1079246Z    LEFT #3578 Gather canonical same-box baselines for Blazegraph/GraphDB/RDF4J + LUBM/BSBM suites (EC2, greenlight-gated)
clear the needs:area park	Classify the needs:area backlog	2026-09-09T19:32:23.1079511Z    LEFT #3580 Site zk-SPARQL catalog copy is stale vs bench source (sq-3kd2g.11 / PR #3576)
clear the needs:area park	Classify the needs:area backlog	2026-09-09T19:32:23.1079871Z    LEFT #3586 sq-ujz8 follow-up: oblivious sort-merge INNER-join materialisation (many-to-many fan-out expansion)
clear the needs:area park	Classify the needs:area backlog	2026-09-09T19:32:23.1080199Z    LEFT #3587 sq-ujz8 follow-up: eager numeric aggregation (per-key COUNT/SUM) over the oblivious sort-merge
clear the needs:area park	Classify the needs:area backlog	2026-09-09T19:32:23.1080499Z    LEFT #3589 sq-1s2.3 follow-up: native CircuitProver browser-flavour (evm/keccak) proving path
clear the needs:area park	Classify the needs:area backlog	2026-09-09T19:32:23.1081138Z    LEFT #3593 Ship the non-age-gate car-hire circuit ACIR to the browser so bundled sub-proofs beyond filter_int_d2 can be verified in
clear the needs:area park	Classify the needs:area backlog	2026-09-09T19:32:23.1081660Z    LEFT #3611 Sweep remaining docs to the corrected canonical-issuance framing (issuer self-attestation, not adversarial-issuer INV-VL
clear the needs:area park	Classify the needs:area backlog	2026-09-09T19:32:23.1082326Z    LEFT #3619 research/mpc-malicious-security-design.md §2.4 route (b): Beaver multiplication formula is algebraically wrong
clear the needs:area park	Classify the needs:area backlog	2026-09-09T19:32:23.1082720Z    LEFT #3626 doc-sync: drop stale 'HolderPop not credential-bound' OPEN line from CR-G6 register + zk-verifier-reaudit NEW-2
clear the needs:area park	Classify the needs:area backlog	2026-09-09T19:32:23.1083082Z    LEFT #3627 gather-ec2.sh shares the user-data injection + non-fail-closed pattern fixed in mpc-ec2-ceiling.sh
clear the needs:area park	Classify the needs:area backlog	2026-09-09T19:32:23.1083379Z    LEFT #3631 sq-g91d follow-up: multi-hop RDFS fixpoint-saturation entailment circuit (UNBUILT)
clear the needs:area park	Classify the needs:area backlog	2026-09-09T19:32:23.1083723Z    LEFT #3632 Wire scripts/mpc-ec2-ceiling.sh --self-test + shellcheck into the docs-quality ci-scripts bucket
clear the needs:area park	Classify the needs:area backlog	2026-09-09T19:32:23.1084260Z    LEFT #3642 vectorized: select_decoded/select_numeric never auto-vectorize — measure a vectorizable selection-kernel shape + fix ove
clear the needs:area park	Classify the needs:area backlog	2026-09-09T19:32:23.1084530Z    LEFT #3645 Narrow the absolute 'UC without setup' phrasing in sibling MPC research docs
clear the needs:area park	Classify the needs:area backlog	2026-09-09T19:32:23.1084960Z    LEFT #3695 [dedup] Single home for JSON string escaping: sparq_core::json_escape_into for the 3 consolidatable library copies (engi
clear the needs:area park	Classify the needs:area backlog	2026-09-09T19:32:23.1085397Z    LEFT #3712 [dedup] Hand-rolled RFC-3986 percent-encoders duplicated at 8 sites across 6 crates; client/server pct_encode mirror pai
clear the needs:area park	Classify the needs:area backlog	2026-09-09T19:32:23.1085772Z    LEFT #3744 batch-merge v2.0: implement pins-only revision pinning per research/batch-merge-v2-revision-pinning.md
clear the needs:area park	Classify the needs:area backlog	2026-09-09T19:32:23.1086142Z    LEFT #3793 Two research records still describe the hidden-issuer member as two scalar muls (now four after sq-l15mi)
clear the needs:area park	Classify the needs:area backlog	2026-09-09T19:32:23.1086596Z    LEFT #3797 bd-id marker scanner matches PROSE that documents the marker — phantom bead mapping onto an unrelated issue
clear the needs:area park	Classify the needs:area backlog	2026-09-09T19:32:23.1087011Z    LEFT #3807 No detector for silent App-token degradation: every ORCHESTRATOR_APP consumer falls back to github.token unnoticed
clear the needs:area park	Classify the needs:area backlog	2026-09-09T19:32:23.1087434Z    LEFT #3809 review:needs-user has no machine exit — 27 of 33 parked PRs are infra artifacts, not review judgements
clear the needs:area park	Classify the needs:area backlog	2026-09-09T19:32:23.1087922Z    LEFT #3810 research/mpc-malicious-security-design.md §2.4 route (b): Beaver multiplication formula is algebraically wrong
clear the needs:area park	Classify the needs:area backlog	2026-09-09T19:32:23.1088302Z    LEFT #3831 retriage.py silently truncates at --limit 500: 216 of 716 untriaged issues (69 needs:area parks) are never swept
clear the needs:area park	Classify the needs:area backlog	2026-09-09T19:32:23.1088779Z    LEFT #3834 reduce.rs domain self-check claims an UNREACHABLE kani::cover! 'goes red' — covers do not gate the Kani verdict
clear the needs:area park	Classify the needs:area backlog	2026-09-09T19:32:23.1089290Z    LEFT #3835 dict.rs domain self-check describes kani::cover!s as 'proving' the assume-domain reaches its boundaries — covers are rep
clear the needs:area park	Classify the needs:area backlog	2026-09-09T19:32:23.1090022Z    LEFT #3837 research/mechanized-proof-program.md §5.1 prescribes kani::cover! as the 'witness survival' anti-vacuity gate — covers d
clear the needs:area park	Classify the needs:area backlog	2026-09-09T19:32:23.1090366Z    LEFT #3840 research/gap-conformance-cross-engine-2026-07.md still cites RIF_WG_CORE_FLOOR = 3 (now 5)
clear the needs:area park	Classify the needs:area backlog	2026-09-09T19:32:23.1090739Z    LEFT #3859 wasm-deps-guard.sh does not forbid `wgpu`, so the "wgpu never enters the wasm graph" invariant is unenforced
clear the needs:area park	Classify the needs:area backlog	2026-09-09T19:32:23.1091262Z    LEFT #3914 sparq-architect agent brief still prescribes the unsound `kani::cover!`-as-gate anti-vacuity rule
clear the needs:area park	Classify the needs:area backlog	2026-09-09T19:32:23.1091621Z    LEFT #3915 Two merged Kani suites have no GATING domain-coverage survival leg (reduce.rs, dict.rs id harnesses)
clear the needs:area park	Classify the needs:area backlog	2026-09-09T19:32:23.1091858Z    LEFT #3935 deploy(demo): bead A's check.sh must not scan deploy/demo/compat/
clear the needs:area park	Classify the needs:area backlog	2026-09-09T19:32:23.1092211Z    LEFT #3939 Two research records propagate a corrected claim: "local join reorder cannot reduce materialised work"
clear the needs:area park	Classify the needs:area backlog	2026-09-09T19:32:23.1092681Z    LEFT #3947 PR #3434's branch predates bench/zk-compose/bb_gates_matrix.json — the fix lands as an add/add on that path
clear the needs:area park	Classify the needs:area backlog	2026-09-09T19:32:23.1093024Z    LEFT #3950 Anti-vacuity: reduce.rs + dict.rs Kani suites have no GATING witness-survival leg (cover! only)
clear the needs:area park	Classify the needs:area backlog	2026-09-09T19:32:23.1093382Z    LEFT #3970 Evaluate pinning a working-serial-console AMI for x86_64 bench boxes (the sq-ffaa9 alternative remedy)
clear the needs:area park	Classify the needs:area backlog	2026-09-09T19:32:23.1093896Z    LEFT #3977 sq-q0o82 part 1 (unfinished): wire EL classification + a thread-count knob onto a consumer surface (CLI/server)
clear the needs:area park	Classify the needs:area backlog	2026-09-09T19:32:23.1094296Z    LEFT #3978 sq-q0o82 part 2 (still open): decide the parallel-apply refinement on a REAL ontology gather, not synthetic evidence
clear the needs:area park	Classify the needs:area backlog	2026-09-09T19:32:23.1094516Z    LEFT #4001 metamorph.yml: consider an extended-grammar nightly shard
clear the needs:area park	Classify the needs:area backlog	2026-09-09T19:32:23.1094887Z    LEFT #4004 Two workspace crates both define an example target named `bench` (cargo output filename collision warning)
clear the needs:area park	Classify the needs:area backlog	2026-09-09T19:32:23.1095304Z    LEFT #4007 Report upstream to streamreasoning/rsp4j: csparql2 leaks the Esper statement read lock (self-deadlock under an external 
clear the needs:area park	Classify the needs:area backlog	2026-09-09T19:32:23.1095644Z    LEFT #4008 csparql2 multi-window scenarios never materialise a synchronized snapshot (zero join rows)
clear the needs:area park	Classify the needs:area backlog	2026-09-09T19:32:23.1096017Z    LEFT #4009 Competitor registry: RSP4J's csparql2 module is version 2.0.0, not the 1.0.1 used by api/yasper/operatorapi
clear the needs:area park	Classify the needs:area backlog	2026-09-09T19:32:23.1096449Z    LEFT #4014 Flaky test: explain::tests::explain_names_join_order_and_strategy predicts hash join instead of merge join under concurr
clear the needs:area park	Classify the needs:area backlog	2026-09-09T19:32:23.1096733Z    LEFT #4026 bench-s3: launcher cannot verify the upload role's trust document at launch time
clear the needs:area park	Classify the needs:area backlog	2026-09-09T19:32:23.1097077Z    LEFT #4031 Doc reconciliation: the GraphQL-from-shapes defer condition ("once forms land") is now satisfied
clear the needs:area park	Classify the needs:area backlog	2026-09-09T19:32:23.1097448Z    LEFT #4033 sq-559dp follow-up: measure in-RAM SPQCPRM2 comp_heap_bpt/comp_store_bpt at 1M/10M/50M on the canonical box
clear the needs:area park	Classify the needs:area backlog	2026-09-09T19:32:23.1097665Z    LEFT #4050 Report two pyodre 1.0.6 findings upstream to the ODRE project
clear the needs:area park	Classify the needs:area backlog	2026-09-09T19:32:23.1097990Z    LEFT #4054 sq-lsp7k.9.4 (server leg): wire PageRank scores into GET /complete, cached per graph generation
clear the needs:area park	Classify the needs:area backlog	2026-09-09T19:32:23.1098244Z    LEFT #4061 bench/geo/gsb.sh is not covered by any shellcheck step in docs-quality.yml
clear the needs:area park	Classify the needs:area backlog	2026-09-09T19:32:23.1098500Z    LEFT #4083 sq-rsd3v.3 follow-up: xsd:decimal operands for the N3 math: builtin gadgets
clear the needs:area park	Classify the needs:area backlog	2026-09-09T19:32:23.1098865Z    LEFT #4122 noir-optimisation skill: the FIRST integer-typed input costs ~2785 gates of fixed range-table setup
clear the needs:area park	Classify the needs:area backlog	2026-09-09T19:32:23.1099207Z    LEFT #4124 Fully-hidden revocation: the per-presentation re-blinding round trip is not automated anywhere
clear the needs:area park	Classify the needs:area backlog	2026-09-09T19:32:23.1099409Z    LEFT #4137 [feature]: Have in-app bug/feature reporting mechanism
clear the needs:area park	Classify the needs:area backlog	2026-09-09T19:32:23.1099667Z    LEFT #4140 nightly visual sweep: re-mint and commit the stale full-surface baselines
clear the needs:area park	Classify the needs:area backlog	2026-09-09T19:32:23.1100009Z    LEFT #4149 sq-rsd3v.6 follow-up: manifest + verify_manifest dispatch for the owl:sameAs canonicalisation member
clear the needs:area park	Classify the needs:area backlog	2026-09-09T19:32:23.1100545Z    LEFT #4151 sq-rsd3v.6 follow-up: compose derivation_check with the sameAs canon table (rule shapes over canonical representatives)
clear the needs:area park	Classify the needs:area backlog	2026-09-09T19:32:23.1100850Z    LEFT #4161 UPDATE differential: extend the numeric-lexical adjudicated class beyond xsd:integer
clear the needs:area park	Classify the needs:area backlog	2026-09-09T19:32:23.1101364Z    LEFT #4164 Housekeeping: prune the seven seeded stale entries from orchestration/start-here.toml after the first render
clear the needs:area park	Classify the needs:area backlog	2026-09-09T19:32:23.1101592Z    LEFT #4166 [exploratory]: consider code-generation for query evaluation
clear the needs:area park	Classify the needs:area backlog	2026-09-09T19:32:23.1102027Z    LEFT #4169 check-no-perf-numbers.py: explicit-path mode silently bypasses the bench//research/ exemption and emits a self-contradic
clear the needs:area park	Classify the needs:area backlog	2026-09-09T19:32:23.1102446Z    LEFT #4171 [exploratory]: research compiler optimiser techniques and see whether any similar techniques can be applied here as a wa
clear the needs:area park	Classify the needs:area backlog	2026-09-09T19:32:23.1102874Z    LEFT #4175 Gate the toolchain-escape correspondence mechanically (job-level RUSTUP_TOOLCHAIN must match every explicit dtolnay tool
clear the needs:area park	Classify the needs:area backlog	2026-09-09T19:32:23.1103414Z    LEFT #4177 MacSession: multiplication-gate verification binding BOTH operands (Chida-style) — auth_mul currently adopts a second-op
clear the needs:area park	Classify the needs:area backlog	2026-09-09T19:32:23.1103899Z    LEFT #4179 AGENTS.md §"No hard-coded performance numbers" omits the research/ + bench/ exemption the gate actually implements
clear the needs:area park	Classify the needs:area backlog	2026-09-09T19:32:23.1104307Z    LEFT #4186 Update adaptive group-commit wording in pss_update_throughput reference output
clear the needs:area park	Classify the needs:area backlog	2026-09-09T19:32:23.1104833Z    LEFT #4189 MacSession: multiplication-gate verification binding BOTH operands (Chida-et-al.) — the real fix for the adopted second-
clear the needs:area park	Classify the needs:area backlog	2026-09-09T19:32:23.1105240Z    LEFT #4190 auth_compare's `malicious_greater_than` / `malicious_threshold` carry the same naming over-claim as the renamed disclose
clear the needs:area park	Classify the needs:area backlog	2026-09-09T19:32:23.1105607Z    LEFT #4195 doc drift: research/issue-native-orchestration.md still describes the account registry as private
clear the needs:area park	Classify the needs:area backlog	2026-09-09T19:32:23.1105839Z    LEFT #4202 Graduate zero-annotation feature-matrix tests after tier flip
clear the needs:area park	Classify the needs:area backlog	2026-09-09T19:32:23.1106243Z    LEFT #4214 sq-7d3dj.21 follow-up: measure the ingest wall delta for the nt one-pass UTF-8 validation on the canonical EC2 lane
clear the needs:area park	Classify the needs:area backlog	2026-09-09T19:32:23.1106509Z    LEFT #4230 JSON-LD test binaries each re-declare their own `json_ld_equal` comparator
clear the needs:area park	Classify the needs:area backlog	2026-09-09T19:32:23.1106810Z    LEFT #4240 Verify hyper actually writes the `X-Sparq-Truncated` trailer on a real HTTP/1.1 socket
clear the needs:area park	Classify the needs:area backlog	2026-09-09T19:32:23.1107211Z    LEFT #4253 zk catalog: split Q09_filter_datetime_compare so the landed dateTime/date half scores separately from time/duration
clear the needs:area park	Classify the needs:area backlog	2026-09-09T19:32:23.1107643Z    LEFT #4268 papers/filtered-ann: verify whether NaviX/VBASE filter sub-queries can express recursion, to settle the transitive-expre
clear the needs:area park	Classify the needs:area backlog	2026-09-09T19:32:23.1107987Z    LEFT #4290 Kani anti-vacuity: reduce.rs + dict.rs witness-survival legs rest on a non-gating `kani::cover!`
clear the needs:area park	Classify the needs:area backlog	2026-09-09T19:32:23.1108502Z    LEFT #4312 GenAI-KB §4.5: the remaining batch-quality metrics (extraction precision, dedup-collision, topic-coverage) have no produ
clear the needs:area park	Classify the needs:area backlog	2026-09-09T19:32:23.1108973Z    LEFT #4314 CONSTRUCT/DESCRIBE peak RSS is set by materialising the result graph, not by rendering it — stream the producer
clear the needs:area park	Classify the needs:area backlog	2026-09-09T19:32:23.1109340Z    LEFT #4316 JSON-LD CONSTRUCT/DESCRIBE responses cannot stream — the writer is String-returning
clear the needs:area park	Classify the needs:area backlog	2026-09-09T19:32:23.1109663Z    LEFT #4317 Gather a canonical quiet-box reading for bench/construct-stream on the perf host (sq-0g6g)
clear the needs:area park	Classify the needs:area backlog	2026-09-09T19:32:23.1110015Z    LEFT #4323 Graphalytics: generate an independent CONVERGED PageRank oracle so the igraph row can be validated
clear the needs:area park	Classify the needs:area backlog	2026-09-09T19:32:23.1110401Z    LEFT #4326 Research-agent dispatch passes REVIEW-BRIEF.md, whose 'do not open new PRs' contradicts the research mandate
clear the needs:area park	Classify the needs:area backlog	2026-09-09T19:32:23.1110753Z    LEFT #4340 fo-km: decide + pre-register how to grade th01/th06 now that their gold lists are 91 and 71 names
clear the needs:area park	Classify the needs:area backlog	2026-09-09T19:32:23.1111304Z    LEFT #4359 Canonical envelope writers should emit a MACHINE-READABLE disqualification field, not only free-text `disqualified_note`
clear the needs:area park	Classify the needs:area backlog	2026-09-09T19:32:23.1111851Z    LEFT #4371 sq-96hp1 follow-up: route the Elias-Fano codec as a PermData variant and call next_geq from merge-join galloping (BLOCKE
clear the needs:area park	Classify the needs:area backlog	2026-09-09T19:32:23.1112129Z    LEFT #4378 Approximate ANN backends are not analysed for authorization-mask invariance
clear the needs:area park	Classify the needs:area backlog	2026-09-09T19:32:23.1112613Z    LEFT #4387 Scheduled crons fire at ~11-16% of their declared rate — convert remaining event-shaped stages, keep the backstops
clear the needs:area park	Classify the needs:area backlog	2026-09-09T19:32:23.1112989Z    LEFT #4388 AGENTS.md "No hard-coded performance numbers" omits the bench//research/ exemption its own gate enforces
clear the needs:area park	Classify the needs:area backlog	2026-09-09T19:32:23.1113397Z    LEFT #4392 AGENTS.md states the no-perf-numbers rule as an unqualified absolute, contradicting the bench/ + research/ exemption the
clear the needs:area park	Classify the needs:area backlog	2026-09-09T19:32:23.1113820Z    LEFT #4405 feature-off declarations README: document that adding a purely cfg-gated module to a large lib.rs also needs a declarati
clear the needs:area park	Classify the needs:area backlog	2026-09-09T19:32:23.1114237Z    LEFT #4410 fetch-inference-suites.sh clones github.com/w3c/N3, which now only resolves via GitHub's rename redirect (org is w3c-cg/
clear the needs:area park	Classify the needs:area backlog	2026-09-09T19:32:23.1114671Z    LEFT #4412 docs/release.md §8c names the wrong repo owner for crates.io Trusted Publishing (jeswr, not sparq-org)
clear the needs:area park	Classify the needs:area backlog	2026-09-09T19:32:23.1114983Z    LEFT #4434 chore(hygiene): .beads/interactions.jsonl is tracked AND ignored (sq-owci footgun class)
clear the needs:area park	Classify the needs:area backlog	2026-09-09T19:32:23.1115443Z    LEFT #4435 Re-derive the N3 Final CG Report builtin inventory from definition headings (prefix scan over-counts)
clear the needs:area park	Classify the needs:area backlog	2026-09-09T19:32:23.1115880Z    LEFT #4442 Repo hygiene: the inference-conformance-report.md .gitignore NOTE misattributes the sq-owci abort to cargo's dirty check
clear the needs:area park	Classify the needs:area backlog	2026-09-09T19:32:23.1116179Z    LEFT #4445 block-bloom: HASHES=1 is a measured candidate retune, blocked on real-data confirmation
clear the needs:area park	Classify the needs:area backlog	2026-09-09T19:32:23.1116530Z    LEFT #4456 perf(ingest): derived permutation build REGRESSES `compact-index` + `parallel` (~0.74x at 4 threads)
clear the needs:area park	Classify the needs:area backlog	2026-09-09T19:32:23.1116954Z    LEFT #4457 perf(ingest): parallelize the SPO radix sort — it is now the serial prologue of the whole index build
clear the needs:area park	Classify the needs:area backlog	2026-09-09T19:32:23.1117330Z    LEFT #4458 perf(ingest): the LAZY half of sq-dzfzq — defer rarely-scanned permutations to first use
clear the needs:area park	Classify the needs:area backlog	2026-09-09T19:32:23.1117626Z    LEFT #4471 Consider a low-churn duplicate-dependency ratchet (name-level, not version-level)
clear the needs:area park	Classify the needs:area backlog	2026-09-09T19:32:23.1118136Z    LEFT #4480 Upstream the sparq-local spargebra patches (§8 recursion-depth cap, §9 custom-aggregate DISTINCT) to oxigraph — no PR is
clear the needs:area park	Classify the needs:area backlog	2026-09-09T19:32:23.1118427Z    LEFT #4485 compile_odrl lowers Audience::AllExcept as the rule's assignee list (inverted)
clear the needs:area park	Classify the needs:area backlog	2026-09-09T19:32:23.1118932Z    LEFT #4508 AGENTS.md § "No hard-coded performance numbers" omits the research/ + bench/ exemption, causing repeat false-positive re
clear the needs:area park	Classify the needs:area backlog	2026-09-09T19:32:23.1119178Z    LEFT #4510 Decide the Homebrew tap slug post org-migration (maintainer decision)
clear the needs:area park	Classify the needs:area backlog	2026-09-09T19:32:23.1119593Z    LEFT #4513 Add an upstream-PR status watch for the jeswr-namespace SHACL-CS submissions (shaclcjs#199, shaclc-1.2#3, shaclc-1.2#4)
clear the needs:area park	Classify the needs:area backlog	2026-09-09T19:32:23.1119937Z    LEFT #4515 sq-eesz3 residual: run the noir on-ramp measurement protocol on a toolchain box (#6624/#6313/#4972)
clear the needs:area park	Classify the needs:area backlog	2026-09-09T19:32:23.1120267Z    LEFT #4516 sq-eesz3 residual: @jeswr review gate on three drafted noir upstream comments (#6624/#6313/#4972)
clear the needs:area park	Classify the needs:area backlog	2026-09-09T19:32:23.1120618Z    LEFT #4524 Noir upstream program: two beads are blocked on a box with the noir toolchain (rustc 1.89.0 + nargo + bb)
clear the needs:area park	Classify the needs:area backlog	2026-09-09T19:32:23.1121112Z    LEFT #4540 Per-statement provenance for w(t): pooling weights are an entity-level proxy, not assertion provenance
clear the needs:area park	Classify the needs:area backlog	2026-09-09T19:32:23.1121507Z    LEFT #4541 Per-node incident-edge fusion weights need per-row storage; SchemaHeader can only carry a graph-global default
clear the needs:area park	Classify the needs:area backlog	2026-09-09T19:32:23.1121994Z    LEFT #4544 noir program: the "no Rust toolchain" blocker on sq-eesz3 / sq-felqr / sq-jfkwk is solvable — rustup into a writable RUS
clear the needs:area park	Classify the needs:area backlog	2026-09-09T19:32:23.1122329Z    LEFT #4548 Check whether upstream noir's shipped IfElse else-value collapse (row 2) is safe by construction
clear the needs:area park	Classify the needs:area backlog	2026-09-09T19:32:23.1122666Z    LEFT #4554 review-alarm: 7 PR(s) unreachable by every review producer
clear the needs:area park	Classify the needs:area backlog	2026-09-09T19:32:23.1123191Z    LEFT #4556 research/noir-optimization-program.md §3.3 is stale: the ACVM CSAT expression-width transformer no longer exists at noir
clear the needs:area park	Classify the needs:area backlog	2026-09-09T19:32:23.1123450Z    LEFT #4564 Work-box crate-scoped gate cannot run clippy on the pinned 1.97.1 toolchain
clear the needs:area park	Classify the needs:area backlog	2026-09-09T19:32:23.1123860Z    LEFT #4569 [cert][honesty] compliance/slsa/controls.md still says dist.yml is unattested — GX-9 closed it
clear the needs:area park	Classify the needs:area backlog	2026-09-09T19:32:23.1124263Z    LEFT #4573 review-fix container cannot reproduce the `--all-features` clippy/rustdoc gates (no cmake, read-only RUSTUP_HOME)
clear the needs:area park	Classify the needs:area backlog	2026-09-09T19:32:23.1124676Z    LEFT #4575 sq-6tykl.6 residual: N3 guard-predicate deltas still force a full rebuild (needs a non-monotone / DRed-scoped design)
clear the needs:area park	Classify the needs:area backlog	2026-09-09T19:32:23.1125089Z    LEFT #4581 AGENTS.md § 'No hard-coded performance numbers' contradicts the gate's research/ + bench/ exemption
clear the needs:area park	Classify the needs:area backlog	2026-09-09T19:32:23.1125414Z    LEFT #4583 AGENTS.md perf-numbers rule omits the bench/ + research/ carve-out its own gate implements
clear the needs:area park	Classify the needs:area backlog	2026-09-09T19:32:23.1125772Z    LEFT #4591 rdfjs-conformance: extend runDatasetTests with a feature-detected RDF-star (quoted-triple) block
clear the needs:area park	Classify the needs:area backlog	2026-09-09T19:32:23.1126081Z    LEFT #4592 rdfjs-conformance: runStreamTests covers only 3 of the RDF/JS Stream-spec obligations
clear the needs:area park	Classify the needs:area backlog	2026-09-09T19:32:23.1126671Z    LEFT #4605 skills/inference/SKILL.md: L4 dispatch paragraph still says QL consistency is "wholly deferred" (stale since sq-fj8lj)
clear the needs:area park	Classify the needs:area backlog	2026-09-09T19:32:23.1127120Z    LEFT #4608 research/owl2-el-ql-reasoning-spike.md §1.3 counterexample does NOT hold against sparq's own OWL 2 RL
clear the needs:area park	Classify the needs:area backlog	2026-09-09T19:32:23.1127487Z    LEFT #4625 terminology: packages/rdfjs-conformance/src/index.mjs prose still says "RDF-star" / "quoted triple"
clear the needs:area park	Classify the needs:area backlog	2026-09-09T19:32:23.1127885Z    LEFT #4657 change-stream: add a bounded poll (read-side batch cap) so a relay over a long backlog is O(batch), not O(retained log)
clear the needs:area park	Classify the needs:area backlog	2026-09-09T19:32:23.1128244Z    LEFT #4672 Upstream draft PR: generic print-mode clause inversion in rdf-shuttle (sq-e7hba implementation)
clear the needs:area park	Classify the needs:area backlog	2026-09-09T19:32:23.1128563Z    LEFT #4682 infra(ec2-bench): wire multi-axis-box.sh (and gather-ec2*.sh) to the durable S3 result egress
clear the needs:area park	Classify the needs:area backlog	2026-09-09T19:32:23.1128998Z    LEFT #4683 infra(ec2-bench): run bootstrap-bench-iam.sh in the AWS account, then re-run the x86_64 DiskANN canonical gather (sq-3oc
clear the needs:area park	Classify the needs:area backlog	2026-09-09T19:32:23.1129320Z    LEFT #4722 Do the W3C rdf12-turtle suites cover `~ []` and long-quoted literals in triple-term position?
clear the needs:area park	Classify the needs:area backlog	2026-09-09T19:32:23.1129744Z    LEFT #4728 Honesty sweep: "non-reversible" wording for unkeyed FNV-1a fingerprints across audit/redaction docs + compliance records
clear the needs:area park	Classify the needs:area backlog	2026-09-09T19:32:23.1130158Z    LEFT #4730 Review-fix worker container cannot materialise the pinned Rust toolchain, so the clippy gate is unrunnable locally
clear the needs:area park	Classify the needs:area backlog	2026-09-09T19:32:23.1130419Z    LEFT #4736 sq-6tykl.5 follow-up: server/GUI surface for the reasoning profile report
clear the needs:area park	Classify the needs:area backlog	2026-09-09T19:32:23.1130696Z    LEFT #4738 sq-6tykl.5 follow-up: instrument `MaterializedN3Graph` incremental maintenance
clear the needs:area park	Classify the needs:area backlog	2026-09-09T19:32:23.1131116Z    LEFT #4740 noir paper P1 (sq-i50o4): harness should wrap upstream's instruments, not rebuild them
clear the needs:area park	Classify the needs:area backlog	2026-09-09T19:32:23.1131500Z    LEFT #4751 Report three upstream noir ACIR unrolling defects (runaway-unroll hang + two location-discarding bail-outs)
clear the needs:area park	Classify the needs:area backlog	2026-09-09T19:32:23.1131918Z    LEFT #4796 auto-arm's lenient transient exit has no floor: a sweep that enumerates nothing reports success, and nothing counts cons
clear the needs:area park	Classify the needs:area backlog	2026-09-09T19:32:23.1132392Z    LEFT #4803 Critical lanes are cron-dependent; GitHub's scheduler degrades silently — add doorbells with cron as backstop
clear the needs:area park	Classify the needs:area backlog	2026-09-09T19:32:23.1132790Z    LEFT #4809 Wire the EXISTING triage-area.py deriver (not a new LLM pass): 49% of issues lack area:, and frontier width must not be 
clear the needs:area park	Classify the needs:area backlog	2026-09-09T19:32:23.1133143Z    LEFT #4812 oxttl pin: decide whether to take upstream's ~1.38x Turtle parse win (0.2.3 release vs oxigraph main)
clear the needs:area park	Classify the needs:area backlog	2026-09-09T19:32:23.1133567Z    LEFT #4813 Profile before patching: oxttl still does a SipHash HashMap lookup per prefixed name
clear the needs:area park	Classify the needs:area backlog	2026-09-09T19:32:23.1133986Z    LEFT #4846 Sub-hourly cron-only lanes inherit the measured 93% GitHub scheduler loss (promote-on-approval, rearm-sweeper, retriage)
clear the needs:area park	Classify the needs:area backlog	2026-09-09T19:32:23.1134338Z    LEFT #4851 test: the `*_default.rs` feature tripwires go silently vacuous if the feature is dropped from `default`
clear the needs:area park	Classify the needs:area backlog	2026-09-09T19:32:23.1134605Z    LEFT #4857 compiled-rules: quoted triples with variables inside a log:notIncludes body
clear the needs:area park	Classify the needs:area backlog	2026-09-09T19:32:23.1134824Z    LEFT #4858 compiled-rules: derive (mint) quoted triples in rule heads
clear the needs:area park	Classify the needs:area backlog	2026-09-09T19:32:23.1135232Z    LEFT #4874 update-fuzz: extend the lexical-form-preservation differential beyond xsd:integer (decimal/double/float/dateTime)
clear the needs:area park	Classify the needs:area backlog	2026-09-09T19:32:23.1135752Z    LEFT #4882 terminology gate: `quoted-triple`/`embedded-triple` are markdown-only, so 24 .rs files (published rustdoc) still say “qu
clear the needs:area park	Classify the needs:area backlog	2026-09-09T19:32:23.1136257Z    LEFT #4883 sparq's untriaged pile is blocked on area:, NOT priority: (925/969 measured) — and retriage's blanket priority:P3 is a l
clear the needs:area park	Classify the needs:area backlog	2026-09-09T19:32:23.1136672Z    LEFT #4884 gui/app has no React component-test harness, so panel state interactions are only testable via extracted pure helpers
clear the needs:area park	Classify the needs:area backlog	2026-09-09T19:32:23.1136952Z    LEFT #4890 sparq-vamana: every search allocates and zeroes two O(count) visited bitmaps
clear the needs:area park	Classify the needs:area backlog	2026-09-09T19:32:23.1137403Z    LEFT #4936 preflight.py bypasses check-no-perf-numbers' research/ exemption by passing explicit paths
clear the needs:area park	Classify the needs:area backlog	2026-09-09T19:32:23.1137785Z    LEFT #4949 sq-km34 follow-on: wire HiddenValueJoin / bounded-path hops onto the authenticated equality (opt-in)
clear the needs:area park	Classify the needs:area backlog	2026-09-09T19:32:23.1138133Z    LEFT #4956 lws-spec vectors do not cover the omitted-constraint-context path (local mutation-testing gap)
clear the needs:area park	Classify the needs:area backlog	2026-09-09T19:32:23.1138456Z    LEFT #4986 Local crate-scoped gate can silently miss lints the pinned toolchain denies (1.88 vs 1.97.1)
clear the needs:area park	Classify the needs:area backlog	2026-09-09T19:32:23.1138805Z    LEFT #4990 sq-qcnn.8 follow-up: N-way divergence triage + reviewed allowlist for oracle-vs-oracle disagreement
clear the needs:area park	Classify the needs:area backlog	2026-09-09T19:32:23.1139205Z    LEFT #4992 sq-qcnn.8 follow-up: cross-oracle comparison skips blank-node answers and CONSTRUCT over the subprocess protocol
clear the needs:area park	Classify the needs:area backlog	2026-09-09T19:32:23.1139437Z    LEFT #4996 fuzz: no end-to-end test that a broken second oracle fails the run
clear the needs:area park	Classify the needs:area backlog	2026-09-09T19:32:23.1139699Z    LEFT #4999 Datalog: no derivation-explanation surface (`reason --proof` is N3-only)
clear the needs:area park	Classify the needs:area backlog	2026-09-09T19:32:23.1140034Z    LEFT #5000 datalog::MaterializedProgram lacks `iter()` / `full_rebuilds()` parity with MaterializedGraph
clear the needs:area park	Classify the needs:area backlog	2026-09-09T19:32:23.1140315Z    LEFT #5009 docs-duplication (jscpd): crate README.md files are outside the scanned corpus
clear the needs:area park	Classify the needs:area backlog	2026-09-09T19:32:23.1140692Z    LEFT #5012 Noir program: bead sq-m3l62 targets a function upstream deleted (value_merger try_merge_only_changed_indices)
clear the needs:area park	Classify the needs:area backlog	2026-09-09T19:32:23.1141243Z    LEFT #5030 research/noir-optimization-paper.md:47 carries the same over-broad "Noir soundness is entirely orthogonal" disclaimer
clear the needs:area park	Classify the needs:area backlog	2026-09-09T19:32:23.1141594Z    LEFT #5032 check-feature-test-execution.py counts a `test: false` feature-matrix leg as a test EXECUTOR
clear the needs:area park	Classify the needs:area backlog	2026-09-09T19:32:23.1141963Z    LEFT #5042 Census: the 83-draft backlog is unfinished work behind a draft/gate bootstrap lock, not frozen finished work
clear the needs:area park	Classify the needs:area backlog	2026-09-09T19:32:23.1142303Z    LEFT #5055 bench/vector's EXACT gate is not a sensitive detector of distance-kernel reduction-order changes
clear the needs:area park	Classify the needs:area backlog	2026-09-09T19:32:23.1142716Z    LEFT #5067 sq-zgbso.4 shipped runtime OnceLock compilation, not the build.rs build-time compilation the design record specifies
clear the needs:area park	Classify the needs:area backlog	2026-09-09T19:32:23.1143109Z    LEFT #5082 sq-2489d.6 follow-up: execute the Phase-7 provenance-KB A/B run (needs the canonical host steer + a Fable re-run)
clear the needs:area park	Classify the needs:area backlog	2026-09-09T19:32:23.1143417Z    LEFT #5086 sparq-site agent definition doesn't carry the frontend optional-code policy (sq-mrrn4)
clear the needs:area park	Classify the needs:area backlog	2026-09-09T19:32:23.1143816Z    LEFT #5095 rdfs_n3_spike §A: drive the differential corpus from the real W3C rdf-mt entailment fixtures
clear the needs:area park	Classify the needs:area backlog	2026-09-09T19:32:23.1144371Z    LEFT #5097 compliance/sbom/gap-register.md: honesty-note control-row counts stale (says 31 rows / 23 implemented; controls/sbom.md 
clear the needs:area park	Classify the needs:area backlog	2026-09-09T19:32:23.1144740Z    LEFT #5104 cargo-vet: model publish=false harness crates with a safe-to-run policy instead of safe-to-deploy exemptions
clear the needs:area park	Classify the needs:area backlog	2026-09-09T19:32:23.1145019Z    LEFT #5113 gui/app global drop overlay rejects compressed files the import drawer accepts
clear the needs:area park	Classify the needs:area backlog	2026-09-09T19:32:23.1145236Z    LEFT #5116 Web import accepts .tgz/.tbz tar archives it cannot parse
clear the needs:area park	Classify the needs:area backlog	2026-09-09T19:32:23.1145570Z    LEFT #5118 67% of worker runs backing the open in-progress-review PRs concluded failure (26/39, 07-19..07-29)
clear the needs:area park	Classify the needs:area backlog	2026-09-09T19:32:23.1145968Z    LEFT #5120 sparq#4819's 75% park-cycling rate does not hold on the governed population: 31% open / 33% worker, plateauing at ~1/3
clear the needs:area park	Classify the needs:area backlog	2026-09-09T19:32:23.1146441Z    LEFT #5123 differential: unadjudicated divergence — cross-duration-subtype ordering (sparq errors, Oxigraph is lenient)
clear the needs:area park	Classify the needs:area backlog	2026-09-09T19:32:23.1146982Z    LEFT #5124 differential: unadjudicated divergences — GROUP_CONCAT of a non-string argument, and MIN/MAX over a double column contai
clear the needs:area park	Classify the needs:area backlog	2026-09-09T19:32:23.1147500Z    LEFT #5131 14 of 17 never-cycled machine parks have NO cause receipt (10 hand-applied by the orchestrator) — un-park cannot evaluat
clear the needs:area park	Classify the needs:area backlog	2026-09-09T19:32:23.1147892Z    LEFT #5145 review lane never drains its backlog: 8 of 13 live drafts have had review:needs for 1.5-3 days and ZERO review runs disp
clear the needs:area park	Classify the needs:area backlog	2026-09-09T19:32:23.1148308Z    LEFT #5151 docs-duplication: promote the fenced-code half of the jscpd lane to a GATING step
clear the needs:area park	Classify the needs:area backlog	2026-09-09T19:32:23.1148591Z    LEFT #5182 Pre-existing RED: scripts/tests/test_ring_credential_loud.py fails on origin/main
clear the needs:area park	Classify the needs:area backlog	2026-09-09T19:32:23.1149012Z    LEFT #5183 [differential-fuzz] shard=update-advancing: 12 differential mismatch(es) vs Oxigraph (first seed=4132943222, mode=baseli
clear the needs:area park	Classify the needs:area backlog	2026-09-09T19:32:23.1149409Z    LEFT #5196 GenAI-KB Phase 7 needs a trap-task generator: 30+ abstain traps and the deterministic stale-fact seeding step
clear the needs:area park	Classify the needs:area backlog	2026-09-09T19:32:23.1149796Z    LEFT #5202 test_ring_credential_loud.py silently depends on an ambient `jq`, and misattributes the failure to the workflow
clear the needs:area park	Classify the needs:area backlog	2026-09-09T19:32:23.1150200Z    LEFT #5206 prov_ab self-test: the hedging arm is PERFECT on the abstain-trap class (recall 1.0), which N_MISS was meant to prevent
clear the needs:area park	Classify the needs:area backlog	2026-09-09T19:32:23.1150657Z    LEFT #5227 sq-vvfte steer-me: record the Q1 (degenerate value_component) call — datatype-folded, proceed-and-document
clear the needs:area park	Classify the needs:area backlog	2026-09-09T19:32:23.1151103Z    LEFT #5229 dual-leaf: join the xsd:boolean and xsd:dateTime/xsd:date lanes to encode_literal_dual routing
clear the needs:area park	Classify the needs:area backlog	2026-09-09T19:32:23.1151436Z    LEFT #5233 Dependabot: no coverage for the hash-pinned CI pip requirements (.github/requirements/*.txt)
clear the needs:area park	Classify the needs:area backlog	2026-09-09T19:32:23.1151814Z    LEFT #5277 noir program §10.1: reconcile bead state with upstream PR state for #13263/#13264/#13265
clear the needs:area park	Classify the needs:area backlog	2026-09-09T19:32:23.1152094Z    LEFT #5278 Re-take the ACIR-opcode half of noir#13266's measurement table at current master
clear the needs:area park	Classify the needs:area backlog	2026-09-09T19:32:23.1152376Z    LEFT #5286 sq-8n6iv: per-request session binding for SolidMcpServer (multi-principal mode)
clear the needs:area park	Classify the needs:area backlog	2026-09-09T19:32:23.1152818Z    LEFT #5319 test_path_ownership.py's live workspace audit skips silently without cargo, so preflight can't catch out-of-crate-input 
clear the needs:area park	Classify the needs:area backlog	2026-09-09T19:32:23.1153193Z    LEFT #5329 vamana-disk: verify the crates.io name is available (and add a structural check, like check-pypi-name.py)
clear the needs:area park	Classify the needs:area backlog	2026-09-09T19:32:23.1153504Z    LEFT #5332 No `area:vamana-disk` label exists, so PRs touching only that crate serialize on __global__
clear the needs:area park	Classify the needs:area backlog	2026-09-09T19:32:23.1153917Z    LEFT #5345 check-inference-report-drift.py C1: match load-bearing greps against parsed `run:` script bodies, not raw job text
clear the needs:area park	Classify the needs:area backlog	2026-09-09T19:32:23.1154244Z    LEFT #5363 feature-matrix combined legs silently stop being `--all-features` when a new feature is added
clear the needs:area park	Classify the needs:area backlog	2026-09-09T19:32:23.1154585Z    LEFT #5377 ZK extended-fragment: `pattern_scans` is neither validated nor used by `verify_fragment_manifest`
clear the needs:area park	Classify the needs:area backlog	2026-09-09T19:32:23.1154896Z    LEFT #5381 acp:vc — no revocation or credential-expiry check on a verified holding
clear the needs:area park	Classify the needs:area backlog	2026-09-09T19:32:23.1155423Z    LEFT #5382 acp:vc — zero-knowledge / selective-disclosure backend blocked on the ZK audit (sq-qhy4)
clear the needs:area park	Classify the needs:area backlog	2026-09-09T19:32:23.1155762Z    LEFT #5396 preflight.py reports a false no-perf-numbers FAIL on any diff that touches a research/ record
clear the needs:area park	Classify the needs:area backlog	2026-09-09T19:32:23.1156035Z    LEFT #5400 rearm-sweeper: route_fix spends a review round on a SINGLE failed-gate reading
clear the needs:area park	Classify the needs:area backlog	2026-09-09T19:32:23.1156370Z    LEFT #5401 test_ring_credential_loud.py fails with a misleading assertion when `jq` is absent from PATH
clear the needs:area park	Classify the needs:area backlog	2026-09-09T19:32:23.1156784Z    LEFT #5404 preflight.py reports no-perf-numbers findings the gating CI lane never would (allowlist bypassed by explicit paths)
clear the needs:area park	Classify the needs:area backlog	2026-09-09T19:32:23.1157144Z    LEFT #5406 cron-only lanes have no liveness detector on main: scripts/cron_lane_liveness.py (#4368) is not in the tree
clear the needs:area park	Classify the needs:area backlog	2026-09-09T19:32:23.1157518Z    LEFT #5407 Correct the sub-hourly cron declarations that GitHub does not deliver here (the remedy M4/#4802 points at)
clear the needs:area park	Classify the needs:area backlog	2026-09-09T19:32:23.1157828Z    LEFT #5408 M4 known miss: no measurement of what GitHub delivers to lanes declaring 13-30 firings/day
clear the needs:area park	Classify the needs:area backlog	2026-09-09T19:32:23.1158018Z    LEFT #5412 Correct PLAN versus CLAIM rationale in AGENTS.md
clear the needs:area park	Classify the needs:area backlog	2026-09-09T19:32:23.1158345Z    LEFT #5415 stale-analysis-threads: paginate review threads so >50-thread PRs are sweepable
clear the needs:area park	Classify the needs:area backlog	2026-09-09T19:32:23.1158836Z    LEFT #5422 Gating conformance lanes still clone their pinned W3C suites from github.com on every run (no Actions cache)
clear the needs:area park	Classify the needs:area backlog	2026-09-09T19:32:23.1159277Z    LEFT #5460 preflight.py bypasses check-no-perf-numbers.py's bench/ exclusion, producing a false finding on any diff touching bench/
clear the needs:area park	Classify the needs:area backlog	2026-09-09T19:32:23.1159645Z    LEFT #5472 preflight.py no-perf-numbers flags UNCHANGED lines in touched files (false blocking signal)
clear the needs:area park	Classify the needs:area backlog	2026-09-09T19:32:23.1160015Z    LEFT #5474 noir#13265: add a live failure-path fixture before the draft → ready flip (sq-fwcuo)
clear the needs:area park	Classify the needs:area backlog	2026-09-09T19:32:23.1160350Z    LEFT #5475 Mark shipped-upstream noir beads in bd so they stop being re-dispatched as implementation tasks
clear the needs:area park	Classify the needs:area backlog	2026-09-09T19:32:23.1160618Z    LEFT #5489 CSV/TSV SELECT responses have no streaming-admission or pin-cap equivalent
clear the needs:area park	Classify the needs:area backlog	2026-09-09T19:32:23.1161096Z    LEFT #5500 mdbook-rewrite-links.py: a bare (no `./`) intra-book chapter link would be rewritten to a root blob URL
clear the needs:area park	Classify the needs:area backlog	2026-09-09T19:32:23.1161438Z    LEFT #5502 vc-bridge: byte-level JSON-LD-expansion interop needs the W3C credentials/v2 context vendored
clear the needs:area park	Classify the needs:area backlog	2026-09-09T19:32:23.1161739Z    LEFT #5503 Two independent in-repo implementations of the eddsa-rdfc-2022 hashData construction
clear the needs:area park	Classify the needs:area backlog	2026-09-09T19:32:23.1162050Z    LEFT #5504 vc_bridge_json: `proofValue` accepts only the `z` multibase, not the full DI multibase set
clear the needs:area park	Classify the needs:area backlog	2026-09-09T19:32:23.1162286Z    LEFT #5509 noir#13264: add signed-type coverage for the and-mask truncate bound
clear the needs:area park	Classify the needs:area backlog	2026-09-09T19:32:23.1162560Z    LEFT #5510 noir: evaluate teaching get_value_max_num_bits about `and` with a constant mask
clear the needs:area park	Classify the needs:area backlog	2026-09-09T19:32:23.1162931Z    LEFT #5512 preflight.py reports false no-perf-numbers findings in bench/ and research/ (bypasses ALLOW_PATH_PREFIXES)
clear the needs:area park	Classify the needs:area backlog	2026-09-09T19:32:23.1163231Z    LEFT #5526 slow-query-log: record the real result-row count instead of the always-0 placeholder
clear the needs:area park	Classify the needs:area backlog	2026-09-09T19:32:23.1163519Z    LEFT #5528 slow-query-log: consider exposing counters on /metrics alongside the admin route
clear the needs:area park	Classify the needs:area backlog	2026-09-09T19:32:23.1163896Z    LEFT #5553 global-stock alarm under-counts: unattributed non-inert DRAFT PRs are excluded from the __global__ stock
clear the needs:area park	Classify the needs:area backlog	2026-09-09T19:32:23.1164215Z    LEFT #5564 Evaluate an edition-2024 migration for the workspace (merged doctests among the benefits)
clear the needs:area park	Classify the needs:area backlog	2026-09-09T19:32:23.1164512Z    LEFT #5582 No gate enforces that a newly added crates/<x>/ is registered in root [workspace].members
clear the needs:area park	Classify the needs:area backlog	2026-09-09T19:32:23.1164760Z    LEFT #5584 ZK tool prove path is untested under the hosted web persona (basePath)
clear the needs:area park	Classify the needs:area backlog	2026-09-09T19:32:23.1165102Z    LEFT #5589 feature-matrix-tiers.py --report-unlegged keys on the BARE feature name, not (crate, feature)
clear the needs:area park	Classify the needs:area backlog	2026-09-09T19:32:23.1165495Z    LEFT #5600 site ZK e2e never exercises the production static-export bundle (next dev only)
clear the needs:area park	Classify the needs:area backlog	2026-09-09T19:32:23.1165801Z    LEFT #5602 GUI mocked-IPC lane hermetic-network block is duplicated across two support fixtures
clear the needs:area park	Classify the needs:area backlog	2026-09-09T19:32:23.1166209Z    LEFT #5616 Agent sandbox cannot materialize the pinned 1.97.1 toolchain, so the canonical clippy -D warnings gate is unrunnable in-
clear the needs:area park	Classify the needs:area backlog	2026-09-09T19:32:23.1166500Z    LEFT #5619 docs/branch-protection.md carries stale PR-relative narration about codeql.yml
clear the needs:area park	Classify the needs:area backlog	2026-09-09T19:32:23.1166868Z    LEFT #5630 cone_coverage.py: the report claims "cone is sound for this PR" on mode=full runs, where no cone was applied
clear the needs:area park	Classify the needs:area backlog	2026-09-09T19:32:23.1167176Z    LEFT #5634 no-perf-numbers gate false-positives on "concurrency 1/8/32. req/s" in bench/CATALOG.md
clear the needs:area park	Classify the needs:area backlog	2026-09-09T19:32:23.1167463Z    LEFT #5645 review_lane_alarm.registry_lane_reachable is named for a bound it does not prove
clear the needs:area park	Classify the needs:area backlog	2026-09-09T19:32:23.1167804Z    LEFT #5655 Work box /tmp is at 100% (1.0G tmpfs, 8K free) — cargo cannot run in agent checkouts
clear the needs:area park	Classify the needs:area backlog	2026-09-09T19:32:23.1168192Z    LEFT #5660 AGENTS.md misstates the no-perf-numbers exempt set ("bench/ is the only home") vs check-no-perf-numbers.py
clear the needs:area park	Classify the needs:area backlog	2026-09-09T19:32:23.1168554Z    LEFT #5664 Reviewer contract restates "no hard-coded performance numbers" without the research/ + bench/ exemption
clear the needs:area park	Classify the needs:area backlog	2026-09-09T19:32:23.1168837Z    LEFT #5688 skills/mpc/SKILL.md hard-codes a non-canonical hidden-join performance envelope
clear the needs:area park	Classify the needs:area backlog	2026-09-09T19:32:23.1169375Z    LEFT #5716 Supply-chain review: the acir dev-dependency for the noir#13314 witness forge adds ~12 crate-versions, incl. 3 duplicate
clear the needs:area park	Classify the needs:area backlog	2026-09-09T19:32:23.1169755Z    LEFT #5723 ci-select: extend the #5237 content-based inert-edit proof to classify_change / --classify-only (merge_group)
clear the needs:area park	Classify the needs:area backlog	2026-09-09T19:32:23.1169971Z    LEFT #5739 No Playwright specs for the new ZK / MPC workbench panels
clear the needs:area park	Classify the needs:area backlog	2026-09-09T19:32:23.1170209Z    LEFT #5740 GUI ZK tool has no captured-manifest verify fallback for weak devices
clear the needs:area park	Classify the needs:area backlog	2026-09-09T19:32:23.1170560Z    LEFT #5751 site/src/lib/zk-prover.ts mislabels the fixed 0x1 challenge as a "per-presentation verifier nonce"
clear the needs:area park	Classify the needs:area backlog	2026-09-09T19:32:23.1171041Z    LEFT #5760 sq-gg0qq.6: the origin/feat/lws* branch re-homing half of issue #2746 is not actionable from this repo
clear the needs:area park	Classify the needs:area backlog	2026-09-09T19:32:23.1171486Z    LEFT #5764 ci-file-metamorph-failure.py: fence-escape the inline repro block (third instance of the sq-c9q4r markdown-injection hol
clear the needs:area park	Classify the needs:area backlog	2026-09-09T19:32:23.1171780Z    LEFT #5767 stale-analysis-threads: repair receipts left in their unfinalized intent form
clear the needs:area park	Classify the needs:area backlog	2026-09-09T19:32:23.1172135Z    LEFT #5769 No structural gate catches an inline `#[cfg(feature = "X")]` unit-test module in src/ that no CI lane executes
clear the needs:area park	Classify the needs:area backlog	2026-09-09T19:32:23.1172513Z    LEFT #5792 Audit: does every schedule-only CI lane have a failure escalation path that is NOT 'it reds main by accident'?
clear the needs:area park	Classify the needs:area backlog	2026-09-09T19:32:23.1172837Z    LEFT #5795 Maintainer action (GX-OSSF-4): flip codeql.yml back on, or declare the SAST disable permanent
clear the needs:area park	Classify the needs:area backlog	2026-09-09T19:32:23.1173200Z    LEFT #5808 check-wasm-pack-pin.py: a backslash-continued `cargo install` spans lines and is invisible to the gate
clear the needs:area park	Classify the needs:area backlog	2026-09-09T19:32:23.1173490Z    LEFT #5815 sq-6vshe.7: the design record + measurement script #5563 cites do not exist in-tree
clear the needs:area park	Classify the needs:area backlog	2026-09-09T19:32:23.1173818Z    LEFT #5820 19 more scripts/tests/*.py files error instead of skipping without PyYAML (same defect as #5575)
clear the needs:area park	Classify the needs:area backlog	2026-09-09T19:32:23.1174348Z    LEFT #5825 research/ci-structural-speedup.md §8: record that the sq-6vshe.7 fold shipped on a STRUCTURAL criterion, not the measure
clear the needs:area park	Classify the needs:area backlog	2026-09-09T19:32:23.1174734Z    LEFT #5826 Close/delete the two stale sparq-agent/issue-2905-* branches now that the leg-inventory instrument has landed
clear the needs:area park	Classify the needs:area backlog	2026-09-09T19:32:23.1175070Z    LEFT #5836 test_preflight.py: TheYamlSeamIsGating hard-ERRORs when PyYAML is absent instead of skipping
clear the needs:area park	Classify the needs:area backlog	2026-09-09T19:32:23.1175311Z    LEFT #5844 [demoted-lane] lane=coverage-ratchet-main: full-form CI run failed
clear the needs:area park	Classify the needs:area backlog	2026-09-09T19:32:23.1175725Z    LEFT #5846 wasm-pack: gui.yml / site-e2e-hero.yml / site-visual.yml still `cargo install wasm-pack --locked` (unversioned, source-c
clear the needs:area park	Classify the needs:area backlog	2026-09-09T19:32:23.1176186Z    LEFT #5861 flow-on.py and drift-scan.py dedupe still passes `--search`; the index-lag half of #5804 remains
clear the needs:area park	Classify the needs:area backlog	2026-09-09T19:32:23.1176563Z    LEFT #5862 Issue-dedupe title matching is a substring test, so one key can collide with another that has it as a prefix
clear the needs:area park	Classify the needs:area backlog	2026-09-09T19:32:23.1176909Z    LEFT #5863 One-off: label the currently-open auto-filed lane issues so #5804's label-scoped dedupe sees them
clear the needs:area park	Classify the needs:area backlog	2026-09-09T19:32:23.1177376Z    LEFT #5866 actionlint waivers can rot silently — no guard proves .github/actionlint.yaml entries are still load-bearing
clear the needs:area park	Classify the needs:area backlog	2026-09-09T19:32:23.1177769Z    LEFT #5867 check-workflow-run-swallow.py: a `set +e` inside a heredoc body leaks into the errexit state (false-positive D2)
clear the needs:area park	Classify the needs:area backlog	2026-09-09T19:32:23.1178086Z    LEFT #5876 Rebase the unmerged wasm-pack branches onto the consolidated LANES posture test
clear the needs:area park	Classify the needs:area backlog	2026-09-09T19:32:23.1178451Z    LEFT #5878 Finish #5851 after #5776 lands: route the 16 wasm-pack lanes through the composite and fold the posture test
clear the needs:area park	Classify the needs:area backlog	2026-09-09T19:32:23.1178760Z    LEFT #5887 preflight guard-untested: the three CI filers' new ensure_label() is pinned by no test
clear the needs:area park	Classify the needs:area backlog	2026-09-09T19:32:23.1179060Z    LEFT #5889 Promote the head-of-queue stall signal from a watchdog log row to a filed alarm issue
clear the needs:area park	Classify the needs:area backlog	2026-09-09T19:32:23.1179386Z    LEFT #5897 preflight guard-untested: 5 pre-existing findings on scripts/check-workflow-step-guards.py
clear the needs:area park	Classify the needs:area backlog	2026-09-09T19:32:23.1179726Z    LEFT #5902 check-package-test-execution: report STALE allowlist keys
clear the needs:area park	Classify the needs:area backlog	2026-09-09T19:32:23.1180070Z    LEFT #5906 preflight `guard-untested` false-positives on a module whose tests live in its own `--self-test`
clear the needs:area park	Classify the needs:area backlog	2026-09-09T19:32:23.1180396Z    LEFT #5912 Pin the issue-title format shared by the demoted-lane filer and coverage-gate.py's alarm probe
clear the needs:area park	Classify the needs:area backlog	2026-09-09T19:32:23.1180712Z    LEFT #6029 test_ring_credential_loud.py: a missing `jq` reports as a false security-control regression
clear the needs:area park	Classify the needs:area backlog	2026-09-09T19:32:23.1181148Z    LEFT #6036 privacy-claims + no-perf-numbers gates do not scan research/ (design records are ungated)
clear the needs:area park	Classify the needs:area backlog	2026-09-09T19:32:23.1181599Z    LEFT #6044 SparqlTerm cannot model an RDF 1.2 triple term — site/src/lib/repl-dataset.ts has the same latent crash
clear the needs:area park	Classify the needs:area backlog	2026-09-09T19:32:23.1181984Z    LEFT #6045 packages/sparq-client/src/graph-lens.ts embeds raw NUL bytes, making it a binary file to text tooling
clear the needs:area park	Classify the needs:area backlog	2026-09-09T19:32:23.1182285Z    LEFT #6046 test_ring_credential_loud.py: collapse the two harness tool-preconditions into one
clear the needs:area park	Classify the needs:area backlog	2026-09-09T19:32:23.1182744Z    LEFT #6050 PR #5694 branch is 13 commits behind origin/main — CI runs the merge commit, so rebase before re-reading the red
clear the needs:area park	Classify the needs:area backlog	2026-09-09T19:32:23.1183032Z    LEFT #6089 gui/app has no DOM/component test harness, so rendering-level claims are untestable
clear the needs:area park	Classify the needs:area backlog	2026-09-09T19:32:23.1183395Z    LEFT #6092 gui/app has no React component-test lane, so hook/publication-window bugs can only be covered indirectly
clear the needs:area park	Classify the needs:area backlog	2026-09-09T19:32:23.1183646Z    LEFT #6093 wasm-deps-guard.sh exits 1 with NO diagnostic when `cargo tree` fails
clear the needs:area park	Classify the needs:area backlog	2026-09-09T19:32:23.1183908Z    LEFT #6103 scripts/feature-matrix-tiers.py parses Cargo.toml two different ways
clear the needs:area park	Classify the needs:area backlog	2026-09-09T19:32:23.1184171Z    LEFT #6115 grep-based repo gates silently skip any source file containing a NUL byte
clear the needs:area park	Classify the needs:area backlog	2026-09-09T19:32:23.1184570Z    LEFT #6119 merge-group-watchdog: the remaining `(x or {}).get(...)` field reads raise AttributeError, not GhError, on a truthy non-
clear the needs:area park	Classify the needs:area backlog	2026-09-09T19:32:23.1185007Z    LEFT #6122 research/coverage-bench-gap-audit.md claims 'no crate is silently untracked' — #5140 disproved it
clear the needs:area park	Classify the needs:area backlog	2026-09-09T19:32:23.1185272Z    LEFT #6124 check-fv-manifest.py reports a missing PyYAML as a manifest-drift finding
clear the needs:area park	Classify the needs:area backlog	2026-09-09T19:32:23.1185509Z    LEFT #6145 formal-alarm: kani.yml has produced no successful verdict for >48h
clear the needs:area park	Classify the needs:area backlog	2026-09-09T19:32:23.1185887Z    LEFT #6156 wasm-pack: extend the prebuilt-binary install path beyond x64 Linux in .github/actions/install-wasm-pack
clear the needs:area park	Classify the needs:area backlog	2026-09-09T19:32:23.1186254Z    LEFT #6164 Issue #5462's premise is stale: it names a verdict-bridge.py head-ref copy and a #4677 pin that are not on main
clear the needs:area park	Classify the needs:area backlog	2026-09-09T19:32:23.1186912Z    LEFT #6179 check-install-action-tool.py claims its job "installs no Python deps" — quick-gates pip-installs .github/requirements/do
clear the needs:area park	Classify the needs:area backlog	2026-09-09T19:32:23.1187132Z    LEFT #6184 Consider an advisory actionlint lane for .github/workflows
clear the needs:area park	Classify the needs:area backlog	2026-09-09T19:32:23.1187583Z    LEFT #6202 Honesty drift: research/lws-design-records.md §8 still states lws-spec and lws-ucs have no known location
clear the needs:area park	Classify the needs:area backlog	2026-09-09T19:32:23.1188073Z    LEFT #6213 G3/G6 parse_status_lines no longer mirror G1 after the #5841 D-skip — stale "mirrors gate-new-crate.py exactly" claim
clear the needs:area park	Classify the needs:area backlog	2026-09-09T19:32:23.1188494Z    LEFT #6218 Worker image cannot materialize the pinned Rust toolchain (rust-toolchain.toml = 1.97.1); local gates silently run on 1.
clear the needs:area park	Classify the needs:area backlog	2026-09-09T19:32:23.1188805Z    LEFT #6219 Worker image lacks cmake / npm / PyYAML, so three HARD gates cannot be reproduced locally
clear the needs:area park	Classify the needs:area backlog	2026-09-09T19:32:23.1189125Z    LEFT #6227 test_ring_credential_loud.py reports a false product defect when `jq` is missing from PATH
clear the needs:area park	Classify the needs:area backlog	2026-09-09T19:32:23.1189479Z    LEFT #6229 gate: G1 still does not require a new packages/<x> to ship a README or any test files (#5742 never landed)
clear the needs:area park	Classify the needs:area backlog	2026-09-09T19:32:23.1189871Z    LEFT #6241 ci_selection_alarm.py replay no longer reproduces the real selection for comment-only .github YAML edits (#5237)
clear the needs:area park	Classify the needs:area backlog	2026-09-09T19:32:23.1190280Z    LEFT #6243 solid/mcp: no cooperative limit bounds CLEAR/DROP or LOAD on the budgeted update path
clear the needs:area park	Classify the needs:area backlog	2026-09-09T19:32:23.1190774Z    LEFT #6245 ci-select: `_RELEASE_ONLY` (#2536) is now redundant with the #6078 workflow inversion — reconcile before/after it lands
clear the needs:area park	Classify the needs:area backlog	2026-09-09T19:32:23.1191279Z    LEFT #6246 sq-7d3dj.34.2.3: the seed-lex emission-order contract is undocumented on the BUFFERED query_json* entry points
clear the needs:area park	Classify the needs:area backlog	2026-09-09T19:32:23.1191702Z    LEFT #6250 Five workflows still `cargo install wasm-pack --locked` unversioned, so the "one wasm-pack version repo-wide" property o
clear the needs:area park	Classify the needs:area backlog	2026-09-09T19:32:23.1192182Z    LEFT #6294 batch-merge.py classifies a site-only worker PR as `engine` — it calls classify_change() without the ownership map
clear the needs:area park	Classify the needs:area backlog	2026-09-09T19:32:23.1192558Z    LEFT #6295 check-workflow-run-filters.py: a fully flow-style top-level `on: {workflow_run: {...}}` is not inspected
clear the needs:area park	Classify the needs:area backlog	2026-09-09T19:32:23.1192994Z    LEFT #6297 flow-on: the reactive new-package rules should load gate-new-crate.py::package_is_private instead of re-deriving `privat
clear the needs:area park	Classify the needs:area backlog	2026-09-09T19:32:23.1193334Z    LEFT #6300 Guard against import-time capture of a monkeypatchable subprocess seam (`def f(..., gh=_gh)`)
clear the needs:area park	Classify the needs:area backlog	2026-09-09T19:32:23.1193698Z    LEFT #6306 ci-file-metamorph-failure.py: fence-escape the inline repro block (third copy of the sq-c9q4r hole)
clear the needs:area park	Classify the needs:area backlog	2026-09-09T19:32:23.1194078Z    LEFT #6324 Worker containers cannot run the Rust half of the merge gate (pinned 1.97.1 unavailable, RUSTUP_HOME read-only)
clear the needs:area park	Classify the needs:area backlog	2026-09-09T19:32:23.1194477Z    LEFT #6326 Auto-filer dedupe matches the triage key as a SUBSTRING, so a key that prefixes a sibling's key dedupes onto the wrong i
clear the needs:area park	Classify the needs:area backlog	2026-09-09T19:32:23.1194889Z    LEFT #6331 CI-fix worker image cannot honour rust-toolchain.toml, so a local "crate-scoped gate passed" is not equivalent to CI
clear the needs:area park	Classify the needs:area backlog	2026-09-09T19:32:23.1195239Z    LEFT #6334 gh --limit sweep (#4985) remainder: push-frontier.sh caps the open-PR in-flight subtraction at 300
clear the needs:area park	Classify the needs:area backlog	2026-09-09T19:32:23.1195562Z    LEFT #6335 gh --limit sweep (#4985) remainder: triage-area.py live_area_labels() caps the label list at 500
clear the needs:area park	Classify the needs:area backlog	2026-09-09T19:32:23.1195877Z    LEFT #6336 Stale CodeQL guidance in two worker briefs contradicts .github/codeql/codeql-config.yml
clear the needs:area park	Classify the needs:area backlog	2026-09-09T19:32:23.1196313Z    LEFT #6359 Stale-origin guard (github.com/jeswr/sparq) only covers site/src — widen it to docs/ + crates/ + skills/
clear the needs:area park	Classify the needs:area backlog	2026-09-09T19:32:23.1196711Z    LEFT #6368 Nothing consumes PodStore::authorize_source yet — no planner is wired to the B7 decision
clear the needs:area park	Classify the needs:area backlog	2026-09-09T19:32:23.1197036Z    LEFT #6375 drift-scan: decide whether `<!-- flow-on-exempt: reason -->` should mute bench-missing drift
clear the needs:area park	Classify the needs:area backlog	2026-09-09T19:32:23.1197439Z    LEFT #6377 G1: reconcile evaluate_packages() with the unmerged #5742 branch (its package_has_ci_leg is a mention-check, not an exec
clear the needs:area park	Classify the needs:area backlog	2026-09-09T19:32:23.1197853Z    LEFT #6386 Seed line-% coverage floors for the 26 crates in coverage-gate.py AWAITING_SEED
clear the needs:area park	Classify the needs:area backlog	2026-09-09T19:32:23.1198273Z    LEFT #6404 test_ci_execution_latency_alarm.py leaks ci_summary_gate global state, red-ing 9 test_ci_summary_gate.py tests in a shar
clear the needs:area park	Classify the needs:area backlog	2026-09-09T19:32:23.1198490Z    LEFT #6466 [bug]: log information is written to stdout when n3 reasoning
clear the needs:area park	Classify the needs:area backlog	2026-09-09T19:32:23.1198652Z    LEFT #6467 [feature]: Notation 3 compliance tests
clear the needs:area park	Classify the needs:area backlog	2026-09-09T19:32:23.1199139Z    DEFERRED #3889 ci Create tracking records for the 12 items in research/solid-consumer-production-readiness-2026-07.md §5
clear the needs:area park	Classify the needs:area backlog	2026-09-09T19:32:23.1199460Z    DEFERRED #3891 sparq-cli tabular import: GUI import wizard on top of the CLI/module (sq-u1z86 item 5)
clear the needs:area park	Classify the needs:area backlog	2026-09-09T19:32:23.1199889Z    DEFERRED #3892 ci Fixtures carrying both a field and its alias make field-pinning assertions vacuous (3 occurrences, all silent-stall)
clear the needs:area park	Classify the needs:area backlog	2026-09-09T19:32:23.1200298Z    DEFERRED #3893 sparq-core sparq-core: streaming N-Quads dataset loader (the tabular named-graph --query path buffers)
clear the needs:area park	Classify the needs:area backlog	2026-09-09T19:32:23.1200759Z    DEFERRED #3895 sparq-solid sparq-solid: a raw `auth:` triple inside an .acr/.acl bypasses policy evaluation and grants cross-subtree access
clear the needs:area park	Classify the needs:area backlog	2026-09-09T19:32:23.1201238Z    DEFERRED #3896 knowledge-graph Sync .claude/skills/query-pkg/SKILL.md with the pkg-query --citations CLI mode
clear the needs:area park	Classify the needs:area backlog	2026-09-09T19:32:23.1201962Z    DEFERRED #3897 site-papers PR #3434 blocker: branch is 132 commits behind main — bb_gates_matrix.json needs the hidden_issuer_d4 re-baseline (16946
clear the needs:area park	Classify the needs:area backlog	2026-09-09T19:32:23.1202375Z    DEFERRED #3898 sparq-forms Declared MSRV 1.88 is violated by sparq-forms' in-src test module (E0716) and the msrv lane cannot see it
clear the needs:area park	Classify the needs:area backlog	2026-09-09T19:32:23.1202732Z    DEFERRED #3900 sparq-canon Kern coordination: post the scope-vs-whole-graph RDFC-1.0 counterexamples to #1746
clear the needs:area park	Classify the needs:area backlog	2026-09-09T19:32:23.1203219Z    DEFERRED #3902 sparq-core sparq-core: Temporal::of_lit accepts a timezone-free lexical for xsd:dateTimeStamp (required-timezone facet not enforced
clear the needs:area park	Classify the needs:area backlog	2026-09-09T19:32:23.1203634Z    DEFERRED #3903 sparq-reason-dl reason-dl: conclusion-side refutation encodings for data-property axioms (ALCH(D) entailment)
clear the needs:area park	Classify the needs:area backlog	2026-09-09T19:32:23.1204064Z    DEFERRED #3904 sparq-reason-dl reason-dl: graduate the concrete domain to FACETED data ranges (owl:withRestrictions / owl:onDatatype)
clear the needs:area park	Classify the needs:area backlog	2026-09-09T19:32:23.1204605Z    DEFERRED #3905 sparq-reason-dl,sparq-conformance conformance: enable sparq-reason-dl/dl_datatypes in the dl-direct arm and re-pin the DL floors with evidence
clear the needs:area park	Classify the needs:area backlog	2026-09-09T19:32:23.1205041Z    DEFERRED #3906 site-specs scripts/check-spec-normative-status.py is an orphan gate — wired into no workflow
clear the needs:area park	Classify the needs:area backlog	2026-09-09T19:32:23.1205538Z    DEFERRED #3907 knowledge-graph Document `pkg-query --citations` in .claude/skills/query-pkg/SKILL.md (PR #2493 round-4 finding, blocked by worker sandb
clear the needs:area park	Classify the needs:area backlog	2026-09-09T19:32:23.1205969Z    DEFERRED #3909 sparq-fedplan docs(sparq-fedplan): cross-link the LOCAL-evaluator port prior-negative from adaptive.rs module docs
clear the needs:area park	Classify the needs:area backlog	2026-09-09T19:32:23.1206466Z    DEFERRED #3910 sparq-reason-el sparq-reason-el crate README + Cargo description carry the same unqualified "complete lattice" claim the CLI just fixed
clear the needs:area park	Classify the needs:area backlog	2026-09-09T19:32:23.1206974Z    DEFERRED #3911 sparq-cli,sparq-reason-el sparq-cli has no way to enable sparq-reason-el/cdomain, so `classify` can never cover the whole OWL 2 EL profile
clear the needs:area park	Classify the needs:area backlog	2026-09-09T19:32:23.1207486Z    DEFERRED #3913 sparq-policy odrl-policy-bridge paper: every internal § cross-reference is off by +1 at the top level (~20 sites)
clear the needs:area park	Classify the needs:area backlog	2026-09-09T19:32:23.1207825Z    DEFERRED #3918 bench bench: stale hard-coded registry entry count in scripts/bench/run-all-benchmarks.sh
clear the needs:area park	Classify the needs:area backlog	2026-09-09T19:32:23.1208134Z    DEFERRED #3920 ci Add a per-PR cargo-semver-checks gate over the tier-1 API surface (W1)
clear the needs:area park	Classify the needs:area backlog	2026-09-09T19:32:23.1208458Z    DEFERRED #3921 ci Publish the served-surface SPARQL 1.1 Protocol conformance report as an artifact (W2)
clear the needs:area park	Classify the needs:area backlog	2026-09-09T19:32:23.1208900Z    DEFERRED #3922 ci Write and validate a backup -> restore -> PITR disaster-recovery runbook (W3)
clear the needs:area park	Classify the needs:area backlog	2026-09-09T19:32:23.1209107Z    DEFERRED #3923 ci Write the authoritative-store operations guide (W4)
clear the needs:area park	Classify the needs:area backlog	2026-09-09T19:32:23.1209444Z    DEFERRED #3924 ci Cover the out-of-class AC-SPARQL scenarios (1, 14, 15, 16) on the /authz/query surface (W5)
clear the needs:area park	Classify the needs:area backlog	2026-09-09T19:32:23.1209762Z    DEFERRED #3925 ci Correct the stale DEVIATIONS note in crates/sparq-lws-core/src/store/http.rs (W6)
clear the needs:area park	Classify the needs:area backlog	2026-09-09T19:32:23.1210197Z    DEFERRED #3926 site-specs SPARQL-CRDT spec gap: pin down add/remove cancellation within one request (CRDT-UPD-BATCH-1 vs CRDT-WIRE-4)
clear the needs:area park	Classify the needs:area backlog	2026-09-09T19:32:23.1210540Z    DEFERRED #3927 sparq-crdt SPARQL-CRDT spec gap: CRDT-BNODE-3's "already a known minted term" is not defined
clear the needs:area park	Classify the needs:area backlog	2026-09-09T19:32:23.1210889Z    DEFERRED #3928 site-specs SPARQL-CRDT spec gap: CLEAR/DROP/COPY/MOVE/ADD have no normative CRDT-UPD-* proposal
clear the needs:area park	Classify the needs:area backlog	2026-09-09T19:32:23.1211386Z    DEFERRED #3929 sparq-crdt sparq-crdt: SERVICE inside a WHERE is not gated by the offline/high-assurance profile switch
clear the needs:area park	Classify the needs:area backlog	2026-09-09T19:32:23.1211819Z    DEFERRED #3930 site-specs sparq-crdt: conformance fixtures + assertion index (CRDT-TEST-1/2) and envelope fuzzing are not implemented
clear the needs:area park	Classify the needs:area backlog	2026-09-09T19:32:23.1212291Z    DEFERRED #3931 ci feature-matrix bin-packing: leg weight ignores dependency-stack cost (sparq-fedplan-mpc lands in the sparq-server group 
clear the needs:area park	Classify the needs:area backlog	2026-09-09T19:32:23.1212810Z    DEFERRED #3932 sparq-lws-wasm sparq-lws-wasm: prove delete-restores-admission with a wasm32 end-to-end test
clear the needs:area park	Classify the needs:area backlog	2026-09-09T19:32:23.1213136Z    DEFERRED #3933 sparq-terse sparq-terse: the K:/V() transpile scanners treat every `<` as an IRIREF opener
clear the needs:area park	Classify the needs:area backlog	2026-09-09T19:32:23.1213632Z    DEFERRED #3936 docs docs(research): lws-demo-architecture §1.2 overstates the CSS image's default storage
clear the needs:area park	Classify the needs:area backlog	2026-09-09T19:32:23.1213942Z    DEFERRED #3937 ci ci: shellcheck + run the compat smoke's --self-test lane
clear the needs:area park	Classify the needs:area backlog	2026-09-09T19:32:23.1214566Z    DEFERRED #3938 ci release.yml: workflow_dispatch `inputs.tag` is interpolated into a `run:` shell line (script injection)
clear the needs:area park	Classify the needs:area backlog	2026-09-09T19:32:23.1215096Z    DEFERRED #3940 sparq-engine Preserve sq-p6p6 adaptive-replan evidence on main before the branch is pruned
clear the needs:area park	Classify the needs:area backlog	2026-09-09T19:32:23.1215614Z    DEFERRED #3941 ci feature-matrix gate steps are not locally reproducible without PyYAML (add a stdlib fallback for the flat fragment forma
clear the needs:area park	Classify the needs:area backlog	2026-09-09T19:32:23.1216269Z    DEFERRED #3943 sparq-forms forms F5: gui/app widgets for RDF 1.2 annotations, computed fields, label role and abstract shapes
clear the needs:area park	Classify the needs:area backlog	2026-09-09T19:32:23.1216904Z    DEFERRED #3944 sparq-shacl sparq-shacl: expose a public seam for SPARQL-valued sh:values (sh:select / sh:sparqlExpr) node expressions
clear the needs:area park	Classify the needs:area backlog	2026-09-09T19:32:23.1217363Z    DEFERRED #3945 sparq-forms sparq-forms: annotation write-back for blank-node reifiers via a WHERE-bound update
clear the needs:area park	Classify the needs:area backlog	2026-09-09T19:32:23.1217802Z    DEFERRED #3946 sparq-zk-compose Gate-count re-baseline runbook does not list every generated consumer of gate_count_snapshot.json
clear the needs:area park	Classify the needs:area backlog	2026-09-09T19:32:23.1218280Z    DEFERRED #3948 sparq-forms MSRV break on main: two `cfg(test)` blocks fail to compile on rustc 1.88 (the declared rust-version)
clear the needs:area park	Classify the needs:area backlog	2026-09-09T19:32:23.1218660Z    DEFERRED #3949 site-specs scripts/check-spec-normative-status.py is a shipped linter that no workflow ever runs
clear the needs:area park	Classify the needs:area backlog	2026-09-09T19:32:23.1219017Z    DEFERRED #3951 sparq-policy Extend the ODRL N3 differential fuzz corpus with multi-valued rule-attribute shapes
clear the needs:area park	Classify the needs:area backlog	2026-09-09T19:32:23.1219500Z    DEFERRED #3952 site-papers compliance/memsafety/evidence.md MS-1 forbid/total/overlap accounting is stale (50/60/two/four vs live 51/62/three/five)
clear the needs:area park	Classify the needs:area backlog	2026-09-09T19:32:23.1219893Z    DEFERRED #3953 site site: committed zk-sparql-catalog.generated.json can silently drift from its bench/ source of truth
clear the needs:area park	Classify the needs:area backlog	2026-09-09T19:32:23.1220273Z    DEFERRED #3954 site-papers CI fix-worker brief should name the failing SIBLING check-runs, not just the `gate` aggregator
clear the needs:area park	Classify the needs:area backlog	2026-09-09T19:32:23.1220729Z    DEFERRED #3955 sparq-wac-oracle Kani anti-vacuity: reduce.rs and dict.rs carry their witness-survival leg on a non-gating `kani::cover!`
clear the needs:area park	Classify the needs:area backlog	2026-09-09T19:32:23.1221352Z    DEFERRED #3956 e2ee sparq-e2ee-ng: nothing enforces PublicGrant::max_epoch at exercise time
clear the needs:area park	Classify the needs:area backlog	2026-09-09T19:32:23.1221778Z    DEFERRED #3957 bench bench/shacl-wasm: pin the gather-only peer stack with a committed lockfile so the bundle bytes are reproducible
clear the needs:area park	Classify the needs:area backlog	2026-09-09T19:32:23.1222188Z    DEFERRED #3958 sparq-kb sparq-kb: the DQV carve-out in compiled_findings_match_handauthored_triple_for_triple is now vacuous
clear the needs:area park	Classify the needs:area backlog	2026-09-09T19:32:23.1222618Z    DEFERRED #3959 sparq-wac-oracle sparq-wac-oracle: the new opt-in `odrl-bridge` feature has NO CI executor, so window_corpus never runs
clear the needs:area park	Classify the needs:area backlog	2026-09-09T19:32:23.1223094Z    DEFERRED #3960 sparq-mpc oblivious_join: audit the ObliviousOutputCost 'what a real deployment would pay' claim like SortMergeCost's (PR #3585 ro
clear the needs:area park	Classify the needs:area backlog	2026-09-09T19:32:23.1223488Z    DEFERRED #3961 sparq-mpc sparq-mpc: raw NUL byte in oblivious_join.rs doc comment makes grep/file treat the source as binary
clear the needs:area park	Classify the needs:area backlog	2026-09-09T19:32:23.1223958Z    DEFERRED #3963 sparq-terse sparq-terse: consider exposing ResolveCtx::resolve_lazy publicly for direct callers with an expensive embedder
clear the needs:area park	Classify the needs:area backlog	2026-09-09T19:32:23.1224356Z    DEFERRED #3964 sparq-terse sparq-terse: no test covers a SUCCESSFUL V() vector-fallback bind under the DEFAULT ResolveGate
clear the needs:area park	Classify the needs:area backlog	2026-09-09T19:32:23.1224751Z    DEFERRED #3966 sparq-wac-oracle sparq-wac-oracle: the opt-in `odrl-bridge` tests have no CI executor (C1 guard blind spot)
clear the needs:area park	Classify the needs:area backlog	2026-09-09T19:32:23.1225246Z    DEFERRED #3968 ci sparq-bench-ec2 agent doc still mandates console-output as the results channel (sq-ffaa9 follow-up)
clear the needs:area park	Classify the needs:area backlog	2026-09-09T19:32:23.1225597Z    DEFERRED #3969 ci Wire the durable S3 results channel into the remaining EC2 bench launchers (sq-ffaa9 follow-up)
clear the needs:area park	Classify the needs:area backlog	2026-09-09T19:32:23.1225992Z    DEFERRED #3972 sparq-core sparq-core: compress::with_emit_format is #[doc(hidden)] "TEST/BENCH hook" but is now a product path
clear the needs:area park	Classify the needs:area backlog	2026-09-09T19:32:23.1226490Z    DEFERRED #3974 sparq-zk-compose SKILL.md sparq-zk dual-leaf host-encoder list is stale: encode_boolean (sq-hh7a4) and the dateTime/date lanes (sq-we9vs)
clear the needs:area park	Classify the needs:area backlog	2026-09-09T19:32:23.1227030Z    DEFERRED #3975 sparq-zk-compose coverage.sh measures sparq-zk-compose with default features only, so the whole dual-leaf value-lane surface counts as un
clear the needs:area park	Classify the needs:area backlog	2026-09-09T19:32:23.1227440Z    DEFERRED #3979 sparq-reason-el Coverage blind spot: sparq-reason-el's `par` engine is compiled out of the coverage measurement
clear the needs:area park	Classify the needs:area backlog	2026-09-09T19:32:23.1227955Z    DEFERRED #3981 sparq-policy sparq-policy: a HEAD-position rest-only cell as odrl:rightOperand bypasses collection validation (isNoneOf-on-permission
clear the needs:area park	Classify the needs:area backlog	2026-09-09T19:32:23.1228436Z    DEFERRED #3982 sparq-policy sparq-policy: a NESTED-list member of an odrl:rightOperand collection is silently unmatchable, widening the negative set
clear the needs:area park	Classify the needs:area backlog	2026-09-09T19:32:23.1228857Z    DEFERRED #3984 sparq-introspect sparq-introspect: escape control characters in sampled values rendered into the schema summary
clear the needs:area park	Classify the needs:area backlog	2026-09-09T19:32:23.1229242Z    DEFERRED #3985 sparq-nlq sparq-nlq: cap the assembled prompt and the completion size (residual budget gap from sq-j1wv)
clear the needs:area park	Classify the needs:area backlog	2026-09-09T19:32:23.1229616Z    DEFERRED #3987 site-specs sparq-mcp docs cite site/specs/mcp-solid.typ, but that spec file does not exist in the repo
clear the needs:area park	Classify the needs:area backlog	2026-09-09T19:32:23.1229939Z    DEFERRED #3988 sparq-mcp sparq-mcp pod resources/subscribe cannot watch a not-yet-existing resource
clear the needs:area park	Classify the needs:area backlog	2026-09-09T19:32:23.1230172Z    DEFERRED #3989 sparq-mcp sparq-mcp resources/list has no pagination cursor
clear the needs:area park	Classify the needs:area backlog	2026-09-09T19:32:23.1230732Z    DEFERRED #3991 sparq-geo geo: geosparql_rewrite LOWERS GeoSPARQL compliance (−4 points) and never earns the R28–R30 it exists for
clear the needs:area park	Classify the needs:area backlog	2026-09-09T19:32:23.1231222Z    DEFERRED #3992 sparq-geo geo: an empty geo:wktLiteral / geo:gmlLiteral should parse as an empty geometry, not error
clear the needs:area park	Classify the needs:area backlog	2026-09-09T19:32:23.1231617Z    DEFERRED #3994 sparq-engine explain_paths omits the START/END endpoint restrictions from the typed PATHS operator render
clear the needs:area park	Classify the needs:area backlog	2026-09-09T19:32:23.1231910Z    DEFERRED #3996 gui GUI: Playwright mocked-IPC spec for the visual query builder (sq-ixc3.24)
clear the needs:area park	Classify the needs:area backlog	2026-09-09T19:32:23.1232418Z    DEFERRED #3997 gui GUI: query builder should also see SHACL shapes uploaded in the SHACL tool, not only shapes in the store
clear the needs:area park	Classify the needs:area backlog	2026-09-09T19:32:23.1232853Z    DEFERRED #3998 gui GUI: visual query builder v2 — parse SPARQL back into the canvas (true two-way editing)
clear the needs:area park	Classify the needs:area backlog	2026-09-09T19:32:23.1233432Z    DEFERRED #3999 site-papers sq-gum8.11 doc-sync: paper §6.1/§7.2 + academic-paper SKILL must describe the versioned grammar levels and the campaign 
clear the needs:area park	Classify the needs:area backlog	2026-09-09T19:32:23.1233902Z    DEFERRED #4000 sparq-metamorph sparq-metamorph: validated endpoint presets + compose services for Blazegraph, GraphDB, QLever, MillenniumDB
clear the needs:area park	Classify the needs:area backlog	2026-09-09T19:32:23.1234422Z    DEFERRED #4003 ci ci.yml shell ratchet gates hard-code floor values (RSP one is STALE at 149 vs the real 317) — read them from sparq-confo
clear the needs:area park	Classify the needs:area backlog	2026-09-09T19:32:23.1234891Z    DEFERRED #4010 sparq-rsp sparq-rsp: implement the CityBench oracle surface (static FROM graphs, FILTER, HAVING) so CityBench can be count-matched
clear the needs:area park	Classify the needs:area backlog	2026-09-09T19:32:23.1235252Z    DEFERRED #4011 sparq-terse sparq-terse: ResolveCtx re-runs the O(dict) store staleness check once per V() phrase
clear the needs:area park	Classify the needs:area backlog	2026-09-09T19:32:23.1235832Z    DEFERRED #4013 sparq-core sparq-core/temporal: Timeline::parse_datetime accepts non-XSD second spellings ("NaN", "1e1") — an ill-formed dateTime e
clear the needs:area park	Classify the needs:area backlog	2026-09-09T19:32:23.1236203Z    DEFERRED #4015 sparq-mpc sparq-mpc: fold the mirrored BN254 modulus into the federated-layout lockstep conformance gate
clear the needs:area park	Classify the needs:area backlog	2026-09-09T19:32:23.1236601Z    DEFERRED #4017 sparq-policy Review the SPARQL-query ODRL action profile decision
clear the needs:area park	Classify the needs:area backlog	2026-09-09T19:32:23.1236993Z    DEFERRED #4018 sparq-zk-compose zk-toolchain lane never runs the dual-leaf in-circuit vectors (no --features dual-leaf)
clear the needs:area park	Classify the needs:area backlog	2026-09-09T19:32:23.1237268Z    DEFERRED #4019 gui gui query builder: React state updaters read event.currentTarget lazily
clear the needs:area park	Classify the needs:area backlog	2026-09-09T19:32:23.1237639Z    DEFERRED #4020 bench Re-run the GeoSPARQL Compliance Benchmark and re-derive the §3.7 sparq row
clear the needs:area park	Classify the needs:area backlog	2026-09-09T19:32:23.1237983Z    DEFERRED #4021 sparq-geo gsb_compliance parse_srx: trim_text drops whitespace adjacent to an entity reference
clear the needs:area park	Classify the needs:area backlog	2026-09-09T19:32:23.1238427Z    DEFERRED #4023 sparq-metamorph sparq-metamorph: run the live preset conformance probe on the campaign box and promote PresetEvidence
clear the needs:area park	Classify the needs:area backlog	2026-09-09T19:32:23.1238981Z    DEFERRED #4024 sparq-reason-dl,sparq-conformance PR #4005 does not compile with `--features dl-direct --tests`: RenderRoundTripReport literal missing new `arm` field
clear the needs:area park	Classify the needs:area backlog	2026-09-09T19:32:23.1239343Z    DEFERRED #4029 bench GeoSPARQL benchmark: differential-check the answer comparator against the upstream harness
clear the needs:area park	Classify the needs:area backlog	2026-09-09T19:32:23.1239728Z    DEFERRED #4035 sparq-reason reason(datalog): extend the aggregate differential battery to xsd:float/xsd:double weights
clear the needs:area park	Classify the needs:area backlog	2026-09-09T19:32:23.1240210Z    DEFERRED #4037 sparq-reason-dl,sparq-conformance Crate-scoped local gate misses the lib test target, letting feature-gated src/ unit tests break CI
clear the needs:area park	Classify the needs:area backlog	2026-09-09T19:32:23.1240678Z    DEFERRED #4040 sparq-rsp bench(rsp): run the SCALED matched-workload gather to actually publish the RSP throughput side-by-side (sq-3f5ay follow-
clear the needs:area park	Classify the needs:area backlog	2026-09-09T19:32:23.1241175Z    DEFERRED #4042 sparq-jsonld conf(jsonld): run the flatten lane's NegativeEvaluationTest (the last sq-oy1f.31 slice)
clear the needs:area park	Classify the needs:area backlog	2026-09-09T19:32:23.1241452Z    DEFERRED #4043 docs docs: two dated JSON-LD research records carry stale conformance floors
clear the needs:area park	Classify the needs:area backlog	2026-09-09T19:32:23.1241815Z    DEFERRED #4044 sparq-jsonld jsonld: IRI Compaction's value-less Term Selection cannot recover a @type:@vocab term
clear the needs:area park	Classify the needs:area backlog	2026-09-09T19:32:23.1242142Z    DEFERRED #4046 sparq-acbench sparq-acbench: export BENCH_EVAL_INSTANT / BENCH_GRANTED_PURPOSE publicly
clear the needs:area park	Classify the needs:area backlog	2026-09-09T19:32:23.1242441Z    DEFERRED #4047 bench bench registry: catalogue the ODRE decision-agreement lane (bench/ac/odre)
clear the needs:area park	Classify the needs:area backlog	2026-09-09T19:32:23.1242825Z    DEFERRED #4048 sparq-acbench sparq-acbench: U3/U4 ODRL corpora emit no prohibitions and no count/systemDevice constraints
clear the needs:area park	Classify the needs:area backlog	2026-09-09T19:32:23.1243164Z    DEFERRED #4049 sparq-acbench sparq-acbench: compile_odrl node IRIs collide when two intents share a resource
clear the needs:area park	Classify the needs:area backlog	2026-09-09T19:32:23.1243658Z    DEFERRED #4051 sparq-policy odrl-policy-bridge paper: wire §5.3 to the ODRE lane's output
clear the needs:area park	Classify the needs:area backlog	2026-09-09T19:32:23.1244016Z    DEFERRED #4055 gui sq-lsp7k.9.4 (GUI leg): SPARQL-editor + palette completion sources with endpoint-absent fallback
clear the needs:area park	Classify the needs:area backlog	2026-09-09T19:32:23.1244348Z    DEFERRED #4056 bench sq-lsp7k.9.4 (bench leg): p99 interactive-latency bench for /complete at 100M triples
clear the needs:area park	Classify the needs:area backlog	2026-09-09T19:32:23.1244816Z    DEFERRED #4058 sparq-zk-compose site: /benchmarks/zk drops the new BOUNDED_DEPTH_EXISTENCE_ONLY flag and assumes partial => circuit_size null
clear the needs:area park	Classify the needs:area backlog	2026-09-09T19:32:23.1245402Z    DEFERRED #4059 sparq-zk-compose zk/compose: `p?` (zero-or-one property path) is admitted by the fragment gate but UNPROVABLE — no path_reach_d1 member i
clear the needs:area park	Classify the needs:area backlog	2026-09-09T19:32:23.1245901Z    DEFERRED #4060 sparq-zk-compose CI: wire `sparql_catalog.py --check` into a lane so catalog regeneration drift is caught outside the zk-toolchain job
clear the needs:area park	Classify the needs:area backlog	2026-09-09T19:32:23.1246348Z    DEFERRED #4063 sparq-vectors unsafe-register: sparq-vectors diskann.rs rows have stale line numbers and one row has no live counterpart
clear the needs:area park	Classify the needs:area backlog	2026-09-09T19:32:23.1246834Z    DEFERRED #4064 sparq-vectors sparq-vectors: extend the bit-exact SIMD kernel to the remaining scalar reductions (norm / normalize / DistanceTable sum
clear the needs:area park	Classify the needs:area backlog	2026-09-09T19:32:23.1247282Z    DEFERRED #4065 sparq-jsonld sparq-jsonld: decide whether the hand-rolled RFC 3987 validator should defer to oxiri behind an optional feature
clear the needs:area park	Classify the needs:area backlog	2026-09-09T19:32:23.1247866Z    DEFERRED #4069 sparq-bench differential: adjudicate the zero-length property path on a ground endpoint absent from the data (sparq vs Oxigraph)
clear the needs:area park	Classify the needs:area backlog	2026-09-09T19:32:23.1248260Z    DEFERRED #4070 sparq-bench differential fuzz: the `graph` category has no named-graph DATA (only empty-GRAPH composition)
clear the needs:area park	Classify the needs:area backlog	2026-09-09T19:32:23.1248727Z    DEFERRED #4071 sparq-algos coverage.sh: stale comment claims sparq-algos has no opt-in features (its coverage floor now excludes 3 gated modules)
clear the needs:area park	Classify the needs:area backlog	2026-09-09T19:32:23.1249109Z    DEFERRED #4072 sparq-serve Doc drift: ring.rs + http.rs rustdoc still claims each retained generation is a FULL Graph copy
clear the needs:area park	Classify the needs:area backlog	2026-09-09T19:32:23.1249536Z    DEFERRED #4078 sparq-nlq sparq-nlq: exec-accuracy harness does not measure the exact dictionary-linking tier (link_values, sq-na0q)
clear the needs:area park	Classify the needs:area backlog	2026-09-09T19:32:23.1250036Z    DEFERRED #4079 sparq-algos coverage.sh: the sparq-algos comment is stale — it does have opt-in features, so its number omits them
clear the needs:area park	Classify the needs:area backlog	2026-09-09T19:32:23.1250502Z    DEFERRED #4080 sparq-zk-compose sq-rsd3v.3 follow-up: bind the N3 rules_root to an issuer attestation in the verifier (the "whose rules" gate)
clear the needs:area park	Classify the needs:area backlog	2026-09-09T19:32:23.1251135Z    DEFERRED #4081 sparq-zk-compose sq-rsd3v.3 follow-up: off-circuit zk-trace mapper from sparq-reason's N3 ProofTree to n3_derivation_check witness slots
clear the needs:area park	Classify the needs:area backlog	2026-09-09T19:32:23.1251541Z    DEFERRED #4082 sparq-zk-compose sq-rsd3v.3 follow-up: compile an n3_* bin-package monomorphisation and measure it with `bb gates`
clear the needs:area park	Classify the needs:area backlog	2026-09-09T19:32:23.1252023Z    DEFERRED #4087 sparq-reason mutants: re-seed sparq-reason from ALL 3 shard artifacts (pre-sq-has2g --seed would have recorded only 1/3 of its surviv
clear the needs:area park	Classify the needs:area backlog	2026-09-09T19:32:23.1252474Z    DEFERRED #4088 ci mutants-nightly: sparq-reason's 3-shard sizing assumes "2 concurrent workers", but cargo-mutants runs mutants serially b
clear the needs:area park	Classify the needs:area backlog	2026-09-09T19:32:23.1252913Z    DEFERRED #4089 ci mutants-nightly: measure whether `cargo mutants -j 2` or nextest cuts the per-mutant cost enough to shrink the sparq-eng
clear the needs:area park	Classify the needs:area backlog	2026-09-09T19:32:23.1253307Z    DEFERRED #4091 sparq-zk-compose sq-6qe residual (1/3): compile the `revoke_hidden_ref_d{D}_a{A}` Noir member + gate baseline
clear the needs:area park	Classify the needs:area backlog	2026-09-09T19:32:23.1253775Z    DEFERRED #4092 sparq-zk-compose sq-6qe residual (2/3): fully-hidden `RevocationStatus` manifest mode + `bind_fully_hidden_revocation` verifier gate
clear the needs:area park	Classify the needs:area backlog	2026-09-09T19:32:23.1254264Z    DEFERRED #4093 sparq-zk-compose sq-6qe residual (3/3): enforce per-presentation RE-BLINDING of `index_commitment` / `ref_commitment` in the holder flow
clear the needs:area park	Classify the needs:area backlog	2026-09-09T19:32:23.1254618Z    DEFERRED #4094 ci mutants-gate.py --self-test is not run by any CI lane
clear the needs:area park	Classify the needs:area backlog	2026-09-09T19:32:23.1254926Z    DEFERRED #4095 ci Verify cargo-mutants --shard index convention used by the mutants-nightly matrix
clear the needs:area park	Classify the needs:area backlog	2026-09-09T19:32:23.1255249Z    DEFERRED #4096 ci Stale shard count in mutants-nightly comments: '8 include entries' vs the 24 present
clear the needs:area park	Classify the needs:area backlog	2026-09-09T19:32:23.1255676Z    DEFERRED #4099 sparq-bench differential fuzzer: AVG has no VALUE-level oracle (implementation-defined decimal division precision)
clear the needs:area park	Classify the needs:area backlog	2026-09-09T19:32:23.1256098Z    DEFERRED #4100 sparq-engine sq-gum8.12 follow-up: drive the DISTINCT/aggregate/ORDER BY oracles from the nightly metamorph window
clear the needs:area park	Classify the needs:area backlog	2026-09-09T19:32:23.1256403Z    DEFERRED #4101 sparq-metamorph sq-gum8.12 follow-up: grouped (GROUP BY) aggregate partitioning
clear the needs:area park	Classify the needs:area backlog	2026-09-09T19:32:23.1256783Z    DEFERRED #4102 sparq-metamorph sq-gum8.12 (d): revisit EXISTS in the metamorph oracles once SPARQL 1.2 settles its semantics
clear the needs:area park	Classify the needs:area backlog	2026-09-09T19:32:23.1257231Z    DEFERRED #4103 site-papers Doc-sync: ASSURANCE.md + academic-paper SKILL describe the metamorph oracle set as TLP/NoREC/differential only
clear the needs:area park	Classify the needs:area backlog	2026-09-09T19:32:23.1257474Z    DEFERRED #4104 ci check-no-perf-numbers.py does not scan workflow/CI comments
clear the needs:area park	Classify the needs:area backlog	2026-09-09T19:32:23.1257841Z    DEFERRED #4106 sparq-mpc sparq-mpc: migrate auth_disclose's MAC-checked opens to MacSession::mac_check_and_open
clear the needs:area park	Classify the needs:area backlog	2026-09-09T19:32:23.1258212Z    DEFERRED #4108 sparq-substrate Avoid allocation when promoting Dec directly to f32
clear the needs:area park	Classify the needs:area backlog	2026-09-09T19:32:23.1258496Z    DEFERRED #4110 sparq-engine Render the actual DPccp JoinTree in text and structured EXPLAIN
clear the needs:area park	Classify the needs:area backlog	2026-09-09T19:32:23.1258910Z    DEFERRED #4112 site-papers paper P2a §6.1: describe the versioned generator grammar levels (v1/v2/v3)
clear the needs:area park	Classify the needs:area backlog	2026-09-09T19:32:23.1259490Z    DEFERRED #4113 site-papers paper P2a: 'presets deferred' paragraph is stale — Blazegraph/GraphDB/QLever/MillenniumDB presets shipped in sq-gum8.10
clear the needs:area park	Classify the needs:area backlog	2026-09-09T19:32:23.1259868Z    DEFERRED #4114 sparq-server metamorph campaign: add an end-to-end HTTP-target integration test against sparq-server
clear the needs:area park	Classify the needs:area backlog	2026-09-09T19:32:23.1260293Z    DEFERRED #4116 sparq-reason-el sparq-reason-el: E5 deletion-side incremental repair (DRed / ELK affected-context) is deferred
clear the needs:area park	Classify the needs:area backlog	2026-09-09T19:32:23.1260788Z    DEFERRED #4117 sparq-reason-el sparq-reason-el: Report::named_classes is a misnomer — it counts ALL concepts, not named classes
clear the needs:area park	Classify the needs:area backlog	2026-09-09T19:32:23.1261410Z    DEFERRED #4118 sparq-reason-el sparq-reason-el: content-address normalization fresh names so the incremental index stops growing with edit history
clear the needs:area park	Classify the needs:area backlog	2026-09-09T19:32:23.1261786Z    DEFERRED #4119 sparq-reason-el sparq-reason-el: lift the incremental fast-path exclusions for cdomain and RBox edits
clear the needs:area park	Classify the needs:area backlog	2026-09-09T19:32:23.1262118Z    DEFERRED #4120 bench sparq-reason-el: no canonical benchmark substantiates the E5 incremental speedup
clear the needs:area park	Classify the needs:area backlog	2026-09-09T19:32:23.1262470Z    DEFERRED #4123 sparq-zk-compose Fully-hidden revocation (sq-kndw): only the (D=10, A=4) bucket is compiled
clear the needs:area park	Classify the needs:area backlog	2026-09-09T19:32:23.1262825Z    DEFERRED #4126 ci sparq-metamorph: wire the sq-gum8.12 extension oracles into the nightly metamorph-driver window
clear the needs:area park	Classify the needs:area backlog	2026-09-09T19:32:23.1263319Z    DEFERRED #4127 sparq-metamorph sparq-metamorph: generator support for projection lists, integer-valued aggregate expressions, and sort variables
clear the needs:area park	Classify the needs:area backlog	2026-09-09T19:32:23.1263774Z    DEFERRED #4128 site-papers site/papers/sparql-logic-bugs.typ: the oracle inventory and precondition list predate the sq-gum8.12 extensions
clear the needs:area park	Classify the needs:area backlog	2026-09-09T19:32:23.1264306Z    DEFERRED #4129 sparq-mpc MPC §2.5: implement a genuinely distributed public coin (commit-then-challenge) for the batched MAC-check
clear the needs:area park	Classify the needs:area backlog	2026-09-09T19:32:23.1264897Z    DEFERRED #4130 sparq-mpc MPC §2.5: Fiat–Shamir MAC-check challenge is grindable — bound is computational (~2^61), not information-theoretic
clear the needs:area park	Classify the needs:area backlog	2026-09-09T19:32:23.1265273Z    DEFERRED #4131 sparq-mpc Pre-existing rustdoc broken intra-doc links in sparq-mpc under --document-private-items
clear the needs:area park	Classify the needs:area backlog	2026-09-09T19:32:23.1265683Z    DEFERRED #4134 sparq-reason-el sparq-reason-el: the new `incremental` feature is outside the coverage-ratchet measurement set
clear the needs:area park	Classify the needs:area backlog	2026-09-09T19:32:23.1266287Z    DEFERRED #4136 sparq-zk-compose Honesty drift: zk-query-proofs SKILL still calls EntailmentRegime::Rdfs/Owl "stable schema placeholders"
clear the needs:area park	Classify the needs:area backlog	2026-09-09T19:32:23.1266538Z    DEFERRED #4138 sparq-policy [feature]: have syntax highlighting in ODRL tab of GUI
clear the needs:area park	Classify the needs:area backlog	2026-09-09T19:32:23.1266913Z    DEFERRED #4141 ci site-visual: full-surface visual drift is invisible per-PR, so the nightly re-reds every few weeks
clear the needs:area park	Classify the needs:area backlog	2026-09-09T19:32:23.1267262Z    DEFERRED #4142 ci test: workflow-wiring guards survive the if: seam, and one asserts the pre-#3773 advisory rule
clear the needs:area park	Classify the needs:area backlog	2026-09-09T19:32:23.1267658Z    DEFERRED #4144 sparq-reason sparq-reason: randomized differential arm for the incremental reify bridge (both ReifyModes)
clear the needs:area park	Classify the needs:area backlog	2026-09-09T19:32:23.1268097Z    DEFERRED #4148 sparq-zk-compose sq-rsd3v.6 follow-up: compile a sameas_k{K}_n{N}_u{U} bin package and measure the cost cliff with `bb gates`
clear the needs:area park	Classify the needs:area backlog	2026-09-09T19:32:23.1268533Z    DEFERRED #4150 sparq-zk-compose sq-rsd3v.2 v2 phase unlanded: the OWL-RL-minus-sameAs rule subset is still absent from `EntailmentRule`
clear the needs:area park	Classify the needs:area backlog	2026-09-09T19:32:23.1269088Z    DEFERRED #4153 sparq-mpc MPC: auth_mul ADOPTS a value tamper on its SECOND operand — the §2.5 "closes all four holes" claim is stronger than the 
clear the needs:area park	Classify the needs:area backlog	2026-09-09T19:32:23.1269534Z    DEFERRED #4155 sparq-reason-el sparq-reason-el: CR4/CR5 membership arm scans EVERY role per derived membership (O(#roles x #memberships))
clear the needs:area park	Classify the needs:area backlog	2026-09-09T19:32:23.1270181Z    DEFERRED #4156 docs docs: research/owl2-el-ql-reasoning-spike.md §5 EL-track E4 should cross-link the E4 measurement/design record
clear the needs:area park	Classify the needs:area backlog	2026-09-09T19:32:23.1270592Z    DEFERRED #4158 sparq-engine engine: theta anti-join SIP-seed strategy breaks only the inner member loop on budget exhaustion
clear the needs:area park	Classify the needs:area backlog	2026-09-09T19:32:23.1271195Z    DEFERRED #4160 sparq-engine LOAD does not freshen blank nodes from the loaded document (SPARQL 1.1 Update §3.1.5 / RDF merge)
clear the needs:area park	Classify the needs:area backlog	2026-09-09T19:32:23.1271524Z    DEFERRED #4162 sparq-bench UPDATE differential: LOAD documents cannot yet carry RDF 1.2 triple terms
clear the needs:area park	Classify the needs:area backlog	2026-09-09T19:32:23.1271894Z    DEFERRED #4165 bench [feature]: ensure memory usage, disk usage and other resource usage is captured in benchmarking
clear the needs:area park	Classify the needs:area backlog	2026-09-09T19:32:23.1272352Z    DEFERRED #4167 sparq-zk-compose zk-compose: two independent in-circuit RDFS entailment relations now coexist (entail.nr vs derivation.nr)
clear the needs:area park	Classify the needs:area backlog	2026-09-09T19:32:23.1272654Z    DEFERRED #4168 bench site: /benchmarks/zk drops the BOUNDED_DEPTH_EXISTENCE_ONLY catalog flag
clear the needs:area park	Classify the needs:area backlog	2026-09-09T19:32:23.1272838Z    DEFERRED #4172 sparq-reason-dl [feature]: tableux reasoning
clear the needs:area park	Classify the needs:area backlog	2026-09-09T19:32:23.1273169Z    DEFERRED #4173 docs docs(inference): stale "complete subsumption lattice" comment in the EL Rust example
clear the needs:area park	Classify the needs:area backlog	2026-09-09T19:32:23.1273521Z    DEFERRED #4174 bench benchmarks-index visual baseline: the /benchmarks sidebar metric counts are still unmasked
clear the needs:area park	Classify the needs:area backlog	2026-09-09T19:32:23.1273918Z    DEFERRED #4176 ci scripts/feature-matrix-tiers.py header claims "Stdlib only" but the fragment loader hard-requires PyYAML
clear the needs:area park	Classify the needs:area backlog	2026-09-09T19:32:23.1274335Z    DEFERRED #4178 sparq-engine theta anti-join: un-ignore `parallel_hash_path_crosses_threshold` (it costs ~1.5s, not a budget risk)
clear the needs:area park	Classify the needs:area backlog	2026-09-09T19:32:23.1274725Z    DEFERRED #4188 ci needs:user is still being minted on ordinary engineering — the front door will refill
clear the needs:area park	Classify the needs:area backlog	2026-09-09T19:32:23.1275204Z    DEFERRED #4196 sparq-wac-oracle feature-matrix: sparq-wac-oracle's opt-in `odrl-bridge` feature has no CI executor (sq-vya1 GUARD gap)
clear the needs:area park	Classify the needs:area backlog	2026-09-09T19:32:23.1275764Z    DEFERRED #4205 site-specs research/paper-selection.md §3.1 claims an OPTIONAL/MINUS/EXISTS delta that site/specs/zksparql.typ §7.1 contradicts
clear the needs:area park	Classify the needs:area backlog	2026-09-09T19:32:23.1276096Z    DEFERRED #4206 site-specs Wire bench/zk-compose/scripts/constraint_pack.py --check into the ZK CI lane
clear the needs:area park	Classify the needs:area backlog	2026-09-09T19:32:23.1276619Z    DEFERRED #4208 sparq-vectors sparq-vectors: `.spqv` external-key mode (concept-hash-keyed federated embedding table) — Ask 1 of #1746
clear the needs:area park	Classify the needs:area backlog	2026-09-09T19:32:23.1277097Z    DEFERRED #4209 sparq-canon scripts/coverage.sh: the sparq-canon comment claims it has "no `[features]` table" — it has four
clear the needs:area park	Classify the needs:area backlog	2026-09-09T19:32:23.1277628Z    DEFERRED #4210 sparq-canon Wire the `urn:concept:` guard into an actual ingestion path (phase 4 of the verifier design record)
clear the needs:area park	Classify the needs:area backlog	2026-09-09T19:32:23.1278053Z    DEFERRED #4213 sparq-core sparq-core: 3 broken rustdoc intra-doc links in compress.rs (surface only under --document-private-items)
clear the needs:area park	Classify the needs:area backlog	2026-09-09T19:32:23.1278442Z    DEFERRED #4215 e2ee sparq-e2ee-ng: commit signature does not bind operation-object CONTENT (E2EE-NG v0 gap for sq-qhy4)
clear the needs:area park	Classify the needs:area backlog	2026-09-09T19:32:23.1278877Z    DEFERRED #4216 e2ee sparq-e2ee-ng: OR-set tombstones and snapshot covered-closure grow without bound (needs a causal-stability rule)
clear the needs:area park	Classify the needs:area backlog	2026-09-09T19:32:23.1279179Z    DEFERRED #4217 sparq-shacl SHACL-validate the vendored ZKP-SPARQL ontology and sparq extensions
clear the needs:area park	Classify the needs:area backlog	2026-09-09T19:32:23.1279546Z    DEFERRED #4219 sparq-policy odrl-bridge: N3 materialisation path has no rule-level provenance (sq-luc02 residual)
clear the needs:area park	Classify the needs:area backlog	2026-09-09T19:32:23.1279994Z    DEFERRED #4221 sparq-solid sparq-solid: `auth:bridgedFromRule` / `auth:bridgedFromPolicy` are not in a published auth vocabulary document
clear the needs:area park	Classify the needs:area backlog	2026-09-09T19:32:23.1280299Z    DEFERRED #4223 e2ee sparq-e2ee-ng-broker: the per-topic announcement log grows without bound
clear the needs:area park	Classify the needs:area backlog	2026-09-09T19:32:23.1280634Z    DEFERRED #4224 e2ee sparq-e2ee-ng-brokerd: allow pre-provisioning topic admin trust anchors from config
clear the needs:area park	Classify the needs:area backlog	2026-09-09T19:32:23.1281347Z    DEFERRED #4225 ci check-feature-test-execution.py cannot see #[cfg(feature)]-gated unit tests in src/ — silent sq-vya1 gap
clear the needs:area park	Classify the needs:area backlog	2026-09-09T19:32:23.1281798Z    DEFERRED #4228 site-specs E2EE Profile BR: analyze CRDT ReplicaId as a persistent pseudonym visible to future joiners (no-PFS consequence)
clear the needs:area park	Classify the needs:area backlog	2026-09-09T19:32:23.1282317Z    DEFERRED #4229 sparq-conformance research survey §C3 is stale: JSON-LD expand/flatten are gated, but the doc still says they are not
clear the needs:area park	Classify the needs:area backlog	2026-09-09T19:32:23.1282734Z    DEFERRED #4232 sparq-reason-wasm eyereasoner-compat: inlined IIFE bundle with no <script src> fails with an opaque "Invalid URL"
clear the needs:area park	Classify the needs:area backlog	2026-09-09T19:32:23.1283125Z    DEFERRED #4233 sparq-reason-wasm eyereasoner-compat: no real-browser smoke test for the classic <script> IIFE bundle
clear the needs:area park	Classify the needs:area backlog	2026-09-09T19:32:23.1283603Z    DEFERRED #4236 sparq-reason-diff reason-diff capture.py: mirror the W3C-vocab-subject corpus lint (it already fail-loud-checks bnodes, but not this)
clear the needs:area park	Classify the needs:area backlog	2026-09-09T19:32:23.1283914Z    DEFERRED #4237 ci docs-quality: bench/geo/gsb.sh self-test runs without a companion shellcheck step
clear the needs:area park	Classify the needs:area backlog	2026-09-09T19:32:23.1284365Z    DEFERRED #4239 sparq-engine sparq-engine: streaming scan appends the closing `]}}` after a budget abort (defence-in-depth for sq-7d3dj.26)
clear the needs:area park	Classify the needs:area backlog	2026-09-09T19:32:23.1284728Z    DEFERRED #4243 sparq-kb Pre-existing rustdoc broken-intra-doc-links in sparq-kb when the `close` feature is OFF
clear the needs:area park	Classify the needs:area backlog	2026-09-09T19:32:23.1285119Z    DEFERRED #4248 sparq-core Per-permutation SPQCPRM1/SPQCPRM2 format selection (the only path that re-opens the V2 flip)
clear the needs:area park	Classify the needs:area backlog	2026-09-09T19:32:23.1285467Z    DEFERRED #4249 sparq-core `v2_measure_bytes_per_triple` measures only the shape SPQCPRM2 was designed to win on
clear the needs:area park	Classify the needs:area backlog	2026-09-09T19:32:23.1285928Z    DEFERRED #4251 site-specs build-specs.mjs honesty scan is fail-open for untracked spec sources (privacy-claims gate is git-ls-files scoped)
clear the needs:area park	Classify the needs:area backlog	2026-09-09T19:32:23.1286525Z    DEFERRED #4254 sparq-zk-compose zk gate-count baseline for filter_value_dl_datetime was derived from ACIR identity, not run through `bb gates` — confirm
clear the needs:area park	Classify the needs:area backlog	2026-09-09T19:32:23.1286944Z    DEFERRED #4256 sparq-fedplan-mpc sparq-fedplan-mpc: Phase-4 leakage envelope does not account for quotient-summary publication
clear the needs:area park	Classify the needs:area backlog	2026-09-09T19:32:23.1287363Z    DEFERRED #4257 sparq-fedplan-mpc sparq-fedplan-mpc: wire Phase-6 `live_combinations` into an actual join-planner / routing feed
clear the needs:area park	Classify the needs:area backlog	2026-09-09T19:32:23.1287864Z    DEFERRED #4258 sparq-fedplan-mpc sparq-fedplan-mpc: a second quotient function would need an explicit kind tag + disagreement guard on `SourceQuotientSum
clear the needs:area park	Classify the needs:area backlog	2026-09-09T19:32:23.1288278Z    DEFERRED #4260 e2ee sparq-e2ee-ng: `Commit::decode` accepts a non-canonical parent list, so one commit can have two CommitIds
clear the needs:area park	Classify the needs:area backlog	2026-09-09T19:32:23.1288833Z    DEFERRED #4261 e2ee sparq-e2ee-ng: a commit-carried snapshot is bound-checked but never verified against the commit's causal closure
clear the needs:area park	Classify the needs:area backlog	2026-09-09T19:32:23.1289280Z    DEFERRED #4264 sparq-conformance json_ld_equal treats @json literal payload arrays as unordered sets (sparq-conformance + tests/flatten.rs)
clear the needs:area park	Classify the needs:area backlog	2026-09-09T19:32:23.1289662Z    DEFERRED #4266 site-papers papers/filtered-ann: paper is full-paper length but the registry targets EDBT short/demo
clear the needs:area park	Classify the needs:area backlog	2026-09-09T19:32:23.1290122Z    DEFERRED #4267 site-papers papers/filtered-ann: tab-recall fixture setup facts are typed inline instead of injected from the evidence ledger
clear the needs:area park	Classify the needs:area backlog	2026-09-09T19:32:23.1290650Z    DEFERRED #4270 sparq-policy sparq-solid `odrl-bridge` tests appear to never run in CI — the ODRL-as-N3 fail-open differential is unguarded
clear the needs:area park	Classify the needs:area backlog	2026-09-09T19:32:23.1291317Z    DEFERRED #4272 sparq-parse sparq-parse README claims browsers decode the multi-member gzip stream — the D4 measurement found the opposite
clear the needs:area park	Classify the needs:area backlog	2026-09-09T19:32:23.1291746Z    DEFERRED #4275 zk-xpath sparq-engine: SUBSTR shifts the fn:substring window when start < 1 (spec says it consumes the length budget)
clear the needs:area park	Classify the needs:area backlog	2026-09-09T19:32:23.1292118Z    DEFERRED #4276 zk-xpath sparq-engine: ROUND() loses the sign of a negative-zero result (fn:round(-0.5) must be -0.0E0)
clear the needs:area park	Classify the needs:area backlog	2026-09-09T19:32:23.1292486Z    DEFERRED #4277 bench Benchmark SPQCPRM2 decode overhead (dispatch + per-block frame origin), not just encoded size
clear the needs:area park	Classify the needs:area backlog	2026-09-09T19:32:23.1293011Z    DEFERRED #4278 e2ee e2ee-ng design record still says "no implementation" (research/e2ee-nextgraph-variant-gpt56-2026-07.md)
clear the needs:area park	Classify the needs:area backlog	2026-09-09T19:32:23.1293470Z    DEFERRED #4279 e2ee Threat-model handoff: commit re-seal equivocation + quarantine capacity are new inputs for the pending e2ee-ng privacy r
clear the needs:area park	Classify the needs:area backlog	2026-09-09T19:32:23.1293830Z    DEFERRED #4280 sparq-fedplan-mpc sparq-fedplan-mpc README exceeds the 120-line readme-template cap (150 lines)
clear the needs:area park	Classify the needs:area backlog	2026-09-09T19:32:23.1294166Z    DEFERRED #4281 site-specs Spec factory: hyphen-at-end-of-line renders a spurious space in Typst output
clear the needs:area park	Classify the needs:area backlog	2026-09-09T19:32:23.1294584Z    DEFERRED #4285 sparq-geo sparq-geo: proj4rs Krovak projection is not enabled, so every registry Krovak CRS fails with a Parse error
clear the needs:area park	Classify the needs:area backlog	2026-09-09T19:32:23.1294953Z    DEFERRED #4286 sparq-vectors filtered-ANN: add end-to-end tests that force BOTH physical plans per constraint shape
clear the needs:area park	Classify the needs:area backlog	2026-09-09T19:32:23.1295369Z    DEFERRED #4287 site-papers paper-evidence.json: `filtered_ann.prefilter_equals_postfilter` note still says "byte-identical"
clear the needs:area park	Classify the needs:area backlog	2026-09-09T19:32:23.1295788Z    DEFERRED #4288 sparq-core sparq-core: `sharded_remap` is unused (and needlessly `mut`) in the `mmap`-without-`parallel` feature state
clear the needs:area park	Classify the needs:area backlog	2026-09-09T19:32:23.1296281Z    DEFERRED #4289 sparq-parse sparq-parse: add a genuinely implementation-independent gzip interop check for the zlib-rs/zlib-ng backends
clear the needs:area park	Classify the needs:area backlog	2026-09-09T19:32:23.1296622Z    DEFERRED #4291 sparq-shacl sparq-shacl: `check_pre_binding` does not descend into `GraphPattern::Lateral`
clear the needs:area park	Classify the needs:area backlog	2026-09-09T19:32:23.1297021Z    DEFERRED #4293 sparq-shacl sparq-shacl: consider genuinely supporting `$shapesGraph` via a dataset-backed evaluation seam
clear the needs:area park	Classify the needs:area backlog	2026-09-09T19:32:23.1297308Z    DEFERRED #4295 sparq-algos sparq-algos: expose a public BFS (Graphalytics BFS feature gap)
clear the needs:area park	Classify the needs:area backlog	2026-09-09T19:32:23.1297652Z    DEFERRED #4296 sparq-algos sparq-algos: implement local clustering coefficient (Graphalytics LCC feature gap)
clear the needs:area park	Classify the needs:area backlog	2026-09-09T19:32:23.1297993Z    DEFERRED #4297 sparq-algos sparq-algos: weighted-graph projection + SSSP (Graphalytics SSSP feature gap)
clear the needs:area park	Classify the needs:area backlog	2026-09-09T19:32:23.1298434Z    DEFERRED #4298 sparq-algos sparq-algos: decide whether label_propagation should offer a synchronous (Graphalytics CDLP-conformant) mode
clear the needs:area park	Classify the needs:area backlog	2026-09-09T19:32:23.1298770Z    DEFERRED #4299 zk-xpath xpath differential: --inject-fault only proves ONE section is wired to the circuit
clear the needs:area park	Classify the needs:area backlog	2026-09-09T19:32:23.1299168Z    DEFERRED #4301 sparq-engine sq-7d3dj.11 follow-up: run the W3C SPARQL conformance suite with `sparq-engine/expr-program` ON
clear the needs:area park	Classify the needs:area backlog	2026-09-09T19:32:23.1299688Z    DEFERRED #4304 ci CI: `test (load-aware shard heavy-hnsw)` red on a PR that cannot affect sparq-vectors — investigate runner-level cause (
clear the needs:area park	Classify the needs:area backlog	2026-09-09T19:32:23.1300259Z    DEFERRED #4305 sparq-crdt perf(sparq-crdt): index dot → quad instead of scanning the store on every apply
clear the needs:area park	Classify the needs:area backlog	2026-09-09T19:32:23.1300657Z    DEFERRED #4306 sparq-fedplan-mpc crates/sparq-fedplan-mpc/README.md is 33 lines over the 120-line readme-template cap
clear the needs:area park	Classify the needs:area backlog	2026-09-09T19:32:23.1301278Z    DEFERRED #4307 sparq-zk-compose bench/zk-compose: sparql_feature_catalog.json + bb_gates_matrix.json have no reproducibility gate (constraint_counts doe
clear the needs:area park	Classify the needs:area backlog	2026-09-09T19:32:23.1301766Z    DEFERRED #4309 sparq-shacl SHACL §6: decide + implement what "recursive/derived parameters" means (second half of sq-ou3)
clear the needs:area park	Classify the needs:area backlog	2026-09-09T19:32:23.1302138Z    DEFERRED #4311 knowledge-graph query-pkg SKILL.md: add the `batch-quality` canned query to the GROUND template table
clear the needs:area park	Classify the needs:area backlog	2026-09-09T19:32:23.1302451Z    DEFERRED #4315 sparq-server Graph Store Protocol read path still buffers the whole rendered document
clear the needs:area park	Classify the needs:area backlog	2026-09-09T19:32:23.1302758Z    DEFERRED #4319 e2ee Coverage: sparq-e2ee-ng has no per-crate floor in bench/coverage-floor.json
clear the needs:area park	Classify the needs:area backlog	2026-09-09T19:32:23.1303222Z    DEFERRED #4320 site-specs E2EE Profile SE: the remainder of the profile (predicate key distribution, encrypt-on-write authoring, client-side answe
clear the needs:area park	Classify the needs:area backlog	2026-09-09T19:32:23.1303704Z    DEFERRED #4321 site-specs E2EE-SPARQL draft: replace the placeholder urn:jeswr:w3id:e2ee-sparql IRIs with a dereferenceable namespace before publi
clear the needs:area park	Classify the needs:area backlog	2026-09-09T19:32:23.1304350Z    DEFERRED #4322 ci CI flake-triage: `test (load-aware shard heavy-hnsw)` red on PR #4235 is unattributable to the PR — read the shard log a
clear the needs:area park	Classify the needs:area backlog	2026-09-09T19:32:23.1304690Z    DEFERRED #4325 ci Worker fleet runs in a 20/40-concurrency personal account while sparq-org has Enterprise 500
clear the needs:area park	Classify the needs:area backlog	2026-09-09T19:32:23.1305089Z    DEFERRED #4327 ci dorny/paths-filter is an unretried single point of transient gate failure (GitHub diff API 'not_available')
clear the needs:area park	Classify the needs:area backlog	2026-09-09T19:32:23.1305605Z    DEFERRED #4328 ci research/ci-ec2-design.md OIDC trust policy still says jeswr/sparq — audit the live IAM role against sparq-org/sparq
clear the needs:area park	Classify the needs:area backlog	2026-09-09T19:32:23.1306147Z    DEFERRED #4329 ci audit: triage machinery — dependency edges unread, epic decomposition absent, dedup detects but never closes (maintainer
clear the needs:area park	Classify the needs:area backlog	2026-09-09T19:32:23.1306559Z    DEFERRED #4330 sparq-server Pre-CI crate-scoped gate did not catch a `-D warnings` clippy error in the PR's own crate (PR #4238)
clear the needs:area park	Classify the needs:area backlog	2026-09-09T19:32:23.1306884Z    DEFERRED #4333 workspace Land the one-time `cargo fmt --all` reformat and flip rustfmt to a hard gate
clear the needs:area park	Classify the needs:area backlog	2026-09-09T19:32:23.1307267Z    DEFERRED #4337 sparq-crdt sparq-crdt: snapshot reads still slurp the whole file (read_snapshot_file / Snapshot::decode)
clear the needs:area park	Classify the needs:area backlog	2026-09-09T19:32:23.1307649Z    DEFERRED #4339 bench fo-km: grow the FO-exercising corpus from 16 to >=30 tasks to clear the pre-registered KILL-A power floor
clear the needs:area park	Classify the needs:area backlog	2026-09-09T19:32:23.1307969Z    DEFERRED #4341 bench CI: no gate detects a stale bench/fo-km fixture, so gold-answer rot recurs silently
clear the needs:area park	Classify the needs:area backlog	2026-09-09T19:32:23.1308472Z    DEFERRED #4344 sparq-engine perf/soundness: sibling result-serialisation paths (CSV/TSV/XML, CONSTRUCT/DESCRIBE, QueryResult term materialisation) s
clear the needs:area park	Classify the needs:area backlog	2026-09-09T19:32:23.1309027Z    DEFERRED #4345 sparq-geo sparq-geo epsg_full: registry half of the axis-order policy is now satisfied for 1241 northing-first codes — worked exam
clear the needs:area park	Classify the needs:area backlog	2026-09-09T19:32:23.1309405Z    DEFERRED #4346 sparq-geo sparq-geo epsg_full: 185 registry entries the axis gate accepts have no record in EPSG v11.022
clear the needs:area park	Classify the needs:area backlog	2026-09-09T19:32:23.1309788Z    DEFERRED #4348 release release cadence: decide whether pre-release tags (v0.1.0-dev) should count toward the 24h interval
clear the needs:area park	Classify the needs:area backlog	2026-09-09T19:32:23.1310100Z    DEFERRED #4351 sparq-engine perf(engine): bind_join can now declare sorted_by on the join variable
clear the needs:area park	Classify the needs:area backlog	2026-09-09T19:32:23.1310463Z    DEFERRED #4352 sparq-bench bench: targeted high-NDV bind-join criterion microbench (sq-7d3dj.7 measurement plan)
clear the needs:area park	Classify the needs:area backlog	2026-09-09T19:32:23.1310770Z    DEFERRED #4353 sparq-engine perf(engine): batched bound scans across a run of bind_join join values
clear the needs:area park	Classify the needs:area backlog	2026-09-09T19:32:23.1311477Z    DEFERRED #4356 site-papers Paper factory F5 (sq-gum8.17): first consuming paper for the canonical-timing class + correct the /papers index copy
clear the needs:area park	Classify the needs:area backlog	2026-09-09T19:32:23.1311971Z    DEFERRED #4357 site-papers Paper factory: no table-friendly accessor for measured timings (headline_timing's inline provenance tag is noisy in a re
clear the needs:area park	Classify the needs:area backlog	2026-09-09T19:32:23.1312426Z    DEFERRED #4358 site-papers Paper factory: extend the canonical-timing derivation to the HTTP, materialization and HDT envelope families
clear the needs:area park	Classify the needs:area backlog	2026-09-09T19:32:23.1312817Z    DEFERRED #4362 sparq-reason-el sparq-reason-el: NPA data clash should also match the sq-vkq9u rescued point existentials
clear the needs:area park	Classify the needs:area backlog	2026-09-09T19:32:23.1313228Z    DEFERRED #4363 sparq-reason-el sparq-reason-el: owl:hasKey DATA keys could match on numeric VALUE via the sq-vkq9u point concepts
clear the needs:area park	Classify the needs:area backlog	2026-09-09T19:32:23.1313670Z    DEFERRED #4364 sparq-reason-el sparq-reason-el: Report::named_classes over-counts (it is the raw concept-index size, not named classes)
clear the needs:area park	Classify the needs:area backlog	2026-09-09T19:32:23.1314166Z    DEFERRED #4367 sparq-zk-compose sq-cuvmj follow-up: support genuine multi-credential presentations (per-credential revocation references)
clear the needs:area park	Classify the needs:area backlog	2026-09-09T19:32:23.1314605Z    DEFERRED #4370 sparq-core sq-96hp1 follow-up: run the Elias-Fano A/B on the canonical host, native AND wasm32, and record the adoption verdict
clear the needs:area park	Classify the needs:area backlog	2026-09-09T19:32:23.1315199Z    DEFERRED #4372 sparq-core sq-96hp1 follow-up: give PartitionedEliasFano a contiguous bit-stream layout instead of one EliasFano struct per partiti
clear the needs:area park	Classify the needs:area backlog	2026-09-09T19:32:23.1315532Z    DEFERRED #4374 ci audit-issue-deps.py cannot be wired to a cron yet: the script is not on main (#4329 item 7)
clear the needs:area park	Classify the needs:area backlog	2026-09-09T19:32:23.1315981Z    DEFERRED #4376 site-specs sparq-vectors: index entries have no source-resource attribution (blocks any Solid vector-search integration)
clear the needs:area park	Classify the needs:area backlog	2026-09-09T19:32:23.1316409Z    DEFERRED #4377 sparq-vectors sparq-vectors: boundary tie-break key is term-only, not injective once entries carry a source resource
clear the needs:area park	Classify the needs:area backlog	2026-09-09T19:32:23.1316834Z    DEFERRED #4379 site-specs site: no typst binary available in the worker checkout, so spec .typ sources cannot be build-verified locally
clear the needs:area park	Classify the needs:area backlog	2026-09-09T19:32:23.1317298Z    DEFERRED #4380 sparq-acbench sparq-acbench: compile_wac collapses co-located intents onto one acl:Authorization, unioning modes and audiences
clear the needs:area park	Classify the needs:area backlog	2026-09-09T19:32:23.1317759Z    DEFERRED #4381 sparq-acbench sparq-acbench: generators should EXPORT their group closure so the ODRL live lane can supply odrl:partOf evidence
clear the needs:area park	Classify the needs:area backlog	2026-09-09T19:32:23.1318161Z    DEFERRED #4382 bench bench/ac/live: W2/W4 probe always queries Mode::Read regardless of the expected decision's requested mode
clear the needs:area park	Classify the needs:area backlog	2026-09-09T19:32:23.1318564Z    DEFERRED #4383 sparq-acbench sparq-acbench: export BENCH_EVAL_INSTANT / BENCH_GRANTED_PURPOSE (now duplicated in three places)
clear the needs:area park	Classify the needs:area backlog	2026-09-09T19:32:23.1318999Z    DEFERRED #4384 bench bench/ac/live: ACP under-share and ACP group-oracle FP advisories are still open (the ACP half of sq-kvvcl.2)
clear the needs:area park	Classify the needs:area backlog	2026-09-09T19:32:23.1319388Z    DEFERRED #4389 knowledge-graph bench/fo-km: validate_tasks.py should read pkg-query --json, not parse the pretty table
clear the needs:area park	Classify the needs:area backlog	2026-09-09T19:32:23.1319795Z    DEFERRED #4390 bench bench/fo-km: `gold_count` means two different things across tasks, and nothing checks it against `gold_keys`
clear the needs:area park	Classify the needs:area backlog	2026-09-09T19:32:23.1320089Z    DEFERRED #4393 sparq-core elias-fano: wasm32 half of the EF vs varint-block A/B is unmeasured
clear the needs:area park	Classify the needs:area backlog	2026-09-09T19:32:23.1320348Z    DEFERRED #4394 ci docs-quality: add a first-class "every workflow YAML parses" gate
clear the needs:area park	Classify the needs:area backlog	2026-09-09T19:32:23.1320664Z    DEFERRED #4395 zk-xpath zk/xpath/scripts/run_differential_harness.sh is not shellchecked by any lane
clear the needs:area park	Classify the needs:area backlog	2026-09-09T19:32:23.1321147Z    DEFERRED #4396 site-papers paper factory: constrain a canonical envelope's `suite` to a safe single path segment
clear the needs:area park	Classify the needs:area backlog	2026-09-09T19:32:23.1321545Z    DEFERRED #4397 site-papers paper factory: extend the measured-timing source gate to non-paper Typst surfaces if any appear
clear the needs:area park	Classify the needs:area backlog	2026-09-09T19:32:23.1321818Z    DEFERRED #4402 bench FO-KM: th03's dict-of-lists gold_keys entity values are still unchecked
clear the needs:area park	Classify the needs:area backlog	2026-09-09T19:32:23.1322326Z    DEFERRED #4403 site-papers paper factory: make the measured-timing publication boundary structural, not lexical
clear the needs:area park	Classify the needs:area backlog	2026-09-09T19:32:23.1322819Z    DEFERRED #4404 sparq-core sparq-core `elias-fano` opt-in feature has no feature-matrix leg — its tests never execute in CI
clear the needs:area park	Classify the needs:area backlog	2026-09-09T19:32:23.1323245Z    DEFERRED #4407 workspace sparq-verify-mechanical: mutation spot-check must delete the .proptest-regressions seed it creates
clear the needs:area park	Classify the needs:area backlog	2026-09-09T19:32:23.1323549Z    DEFERRED #4408 workspace Optional mechanical gate: flag orphaned .proptest-regressions files
clear the needs:area park	Classify the needs:area backlog	2026-09-09T19:32:23.1323898Z    DEFERRED #4413 sparq-acbench acbench: GenParams::acl_coverage is a documented knob that no generator consumes
clear the needs:area park	Classify the needs:area backlog	2026-09-09T19:32:23.1324372Z    DEFERRED #4414 sparq-acbench acbench intent IR cannot express "this container AND its contents", so container-URI requests diverge from the engine
clear the needs:area park	Classify the needs:area backlog	2026-09-09T19:32:23.1324848Z    DEFERRED #4416 sparq-acbench acbench: ACP/ODRL oracles resolve Audience::Owner against the request, WAC now resolves it against the governing documen
clear the needs:area park	Classify the needs:area backlog	2026-09-09T19:32:23.1325379Z    DEFERRED #4418 site-specs vec: namespace IRI does not dereference — VG-GOV-2 is unsatisfiable as the estate stands
clear the needs:area park	Classify the needs:area backlog	2026-09-09T19:32:23.1326071Z    DEFERRED #4419 site-specs .spqv persists un-normalised vectors — the VG-MET-2 gap, and nothing declares it
clear the needs:area park	Classify the needs:area backlog	2026-09-09T19:32:23.1326867Z    DEFERRED #4420 sparq-vectors secx: assurance classes are recognised under two namespaces with neither canonical
clear the needs:area park	Classify the needs:area backlog	2026-09-09T19:32:23.1327562Z    DEFERRED #4421 sparq-vectors No authenticity control over a .spqv container — a well-formed hostile store forges its own fingerprint
clear the needs:area park	Classify the needs:area backlog	2026-09-09T19:32:23.1327935Z    DEFERRED #4424 zk-xpath CI hole: the zk/compose/compose_core Noir test suite (178 in-tree nargo tests) runs in NO lane
clear the needs:area park	Classify the needs:area backlog	2026-09-09T19:32:23.1328271Z    DEFERRED #4427 bench bench: no serving-model-id validity gate for sub-agent-dispatched benchmark cells
clear the needs:area park	Classify the needs:area backlog	2026-09-09T19:32:23.1328723Z    DEFERRED #4429 sparq-geo sparq-geo: R25/R26/R27 OGC requirement probes are vacuous constant checks (R25 and R26 are byte-identical)
clear the needs:area park	Classify the needs:area backlog	2026-09-09T19:32:23.1329011Z    DEFERRED #4430 sparq-geo sparq-geo: R17 OGC requirement probe is a vacuous constant check
clear the needs:area park	Classify the needs:area backlog	2026-09-09T19:32:23.1329429Z    DEFERRED #4431 sparq-server sparq-server: tests/geo.rs never exercises the GeoSPARQL vocabulary (uses a plain ex:loc predicate)
clear the needs:area park	Classify the needs:area backlog	2026-09-09T19:32:23.1329837Z    DEFERRED #4432 sparq-server sparq-server: the GeoSPARQL query-rewrite extension is not reachable over the SPARQL protocol
clear the needs:area park	Classify the needs:area backlog	2026-09-09T19:32:23.1330291Z    DEFERRED #4436 ci docs-quality: markdownlint (MD040) is not reproducible in-worktree — no npx/npm on the agent box
clear the needs:area park	Classify the needs:area backlog	2026-09-09T19:32:23.1330632Z    DEFERRED #4438 sparq-engine engine: SERVICE on the LEFT of a Join is evaluated TWICE (double remote fetch)
clear the needs:area park	Classify the needs:area backlog	2026-09-09T19:32:23.1331138Z    DEFERRED #4439 sparq-engine engine: push outer bindings INTO a local SERVICE handler (bind-join for service-local)
clear the needs:area park	Classify the needs:area backlog	2026-09-09T19:32:23.1331723Z    DEFERRED #4441 sparq-core research/compressed-memory-profile.md §4: record the block-size verdict (candidate fix now measured and ruled out)
clear the needs:area park	Classify the needs:area backlog	2026-09-09T19:32:23.1332200Z    DEFERRED #4444 sparq-core sq-v8ixk canonical half: run the block-bloom measurement harness on the perf host (sq-0g6g) against a REAL Wikidata perm
clear the needs:area park	Classify the needs:area backlog	2026-09-09T19:32:23.1332642Z    DEFERRED #4446 ci block-bloom's measured win may be unreachable: no crate enables the feature, and the win is on ABSENT-key point lookups
clear the needs:area park	Classify the needs:area backlog	2026-09-09T19:32:23.1333044Z    DEFERRED #4449 sparq-acbench acbench live driver: WAC under-share advisory text is stale and the lane can now be hard-gated
clear the needs:area park	Classify the needs:area backlog	2026-09-09T19:32:23.1333493Z    DEFERRED #4450 sparq-acbench sparq-acbench: compile_wac mints a colliding auth subject, blending distinct intents into one acl:Authorization
clear the needs:area park	Classify the needs:area backlog	2026-09-09T19:32:23.1333926Z    DEFERRED #4451 sparq-acbench sparq-acbench: the acl_coverage GenParams knob is declared and validated but never read by any generator
clear the needs:area park	Classify the needs:area backlog	2026-09-09T19:32:23.1334576Z    DEFERRED #4452 sparq-acbench sparq-acbench: ACP oracle over-approximates Scope::Subtree on the container itself, and Audience::Owner compares against
clear the needs:area park	Classify the needs:area backlog	2026-09-09T19:32:23.1334936Z    DEFERRED #4453 sparq-geo OGC requirements scoreboard: R17/R25-R27 rows still rest on namespace-constant probes
clear the needs:area park	Classify the needs:area backlog	2026-09-09T19:32:23.1335325Z    DEFERRED #4455 sparq-core perf(ingest): run the CANONICAL multi-core A/B for the derived permutation build (sq-dzfzq gate)
clear the needs:area park	Classify the needs:area backlog	2026-09-09T19:32:23.1335635Z    DEFERRED #4459 docs docs: `build_raw_perms` still cites the RETIRED `feature_off_exact` wasm byte pin
clear the needs:area park	Classify the needs:area backlog	2026-09-09T19:32:23.1336102Z    DEFERRED #4461 site-papers sparq-policy docs: "implements prohibit unconditionally" contradicts the sq-ihqbl conflict_admissibility guard
clear the needs:area park	Classify the needs:area backlog	2026-09-09T19:32:23.1336600Z    DEFERRED #4463 sparq-zk-compose unsafe-register.md: file:line columns are stale in 5 of 9 crate sections (sparq-core, sparq-cli, sparq-zk-compose, sparq
clear the needs:area park	Classify the needs:area backlog	2026-09-09T19:32:23.1337025Z    DEFERRED #4464 ci unsafe-gate.py: add a --verify-register mode so register/snapshot drift is caught mechanically, not by chore beads
clear the needs:area park	Classify the needs:area backlog	2026-09-09T19:32:23.1337430Z    DEFERRED #4465 sparq-kb ci-select: sparq-kb ingest test scripts under scripts/tests/ force mode=full, running the whole matrix
clear the needs:area park	Classify the needs:area backlog	2026-09-09T19:32:23.1337838Z    DEFERRED #4466 sparq-vectors hygiene: four scratch files tracked in the repository root violate the CLAUDE.md no-scratch-doc rule
clear the needs:area park	Classify the needs:area backlog	2026-09-09T19:32:23.1338386Z    DEFERRED #4467 sparq-engine exec.rs: three scoped-registry Guards clear instead of restoring, so nested installs lose the outer registry
clear the needs:area park	Classify the needs:area backlog	2026-09-09T19:32:23.1338851Z    DEFERRED #4468 sparq-acbench acbench: make WAC expressibility a single explicitly-exhaustive classification so compiler/oracle cannot drift
clear the needs:area park	Classify the needs:area backlog	2026-09-09T19:32:23.1339217Z    DEFERRED #4470 sparq-canon Upstream ask: rdf-canon on oxrdf 0.3 (would collapse the oxrdf x2 / oxttl x2 duplicate pair)
clear the needs:area park	Classify the needs:area backlog	2026-09-09T19:32:23.1339688Z    DEFERRED #4473 js upstream (jeswr/rdf-shuttle): compile `emit @graph` — quad-shaped artifacts driven by the `emits` header
clear the needs:area park	Classify the needs:area backlog	2026-09-09T19:32:23.1340094Z    DEFERRED #4474 sparq-shaclc bump the rdf-shuttle provenance pin in sparq-shaclc (verified zero-diff artifact regeneration)
clear the needs:area park	Classify the needs:area backlog	2026-09-09T19:32:23.1340433Z    DEFERRED #4476 sparq-vectors bench(vectors): commit the .fvecs -> raw-f32 converter both SIFT harnesses assume
clear the needs:area park	Classify the needs:area backlog	2026-09-09T19:32:23.1340835Z    DEFERRED #4477 ci sparq-core store.rs doc comment still points at the RETIRED bench/perf-baseline.json `feature_off_exact` pin
clear the needs:area park	Classify the needs:area backlog	2026-09-09T19:32:23.1341537Z    DEFERRED #4479 sparq-server Published crates.io builds ship the UNPATCHED spargebra 0.4.6 — parser recursion-depth DoS cap (§8) is absent, and the C
clear the needs:area park	Classify the needs:area backlog	2026-09-09T19:32:23.1341841Z    DEFERRED #4482 sparq-policy compile_odrl emits odrl:target on the Policy node, not on its Rules
clear the needs:area park	Classify the needs:area backlog	2026-09-09T19:32:23.1342219Z    DEFERRED #4483 sparq-policy compile_odrl emits several odrl:action triples on one rule; consumers keep only the first
clear the needs:area park	Classify the needs:area backlog	2026-09-09T19:32:23.1342648Z    DEFERRED #4484 sparq-policy compile_odrl uses sparq-vendor action IRIs (acl#Read/Write/Control) that no conformant ODRL processor maps
clear the needs:area park	Classify the needs:area backlog	2026-09-09T19:32:23.1343107Z    DEFERRED #4486 sparq-acbench ODRL live lane cannot check condition-carrying intents: the acbench Request IR carries no purpose/time/count
clear the needs:area park	Classify the needs:area backlog	2026-09-09T19:32:23.1343632Z    DEFERRED #4487 ci container-scan: `trivy` reds on any container-relevant PR — stale SHA-pinned distroless base needs a digest bump (CIS Do
clear the needs:area park	Classify the needs:area backlog	2026-09-09T19:32:23.1344061Z    DEFERRED #4502 sparq-zk zk: graph commitment is unblinded — guessed graph contents are confirmable from C(G)
clear the needs:area park	Classify the needs:area backlog	2026-09-09T19:32:23.1344423Z    DEFERRED #4503 sparq-zk-compose doc-sync: CR-G6 residual rows still describe sq-93h as an open salt-disclosure gap
clear the needs:area park	Classify the needs:area backlog	2026-09-09T19:32:23.1344999Z    DEFERRED #4505 sparq-vectors sparq-vectors: instant-distance HNSW build is not reproducible at a fixed seed — audit the docs/tests that assume it is
clear the needs:area park	Classify the needs:area backlog	2026-09-09T19:32:23.1345530Z    DEFERRED #4506 sparq-vectors sparq-vectors: HNSW secondary-map ef cache is unbounded — a wide ef sweep retains one full graph per level
clear the needs:area park	Classify the needs:area backlog	2026-09-09T19:32:23.1346048Z    DEFERRED #4507 sparq-zk-compose Cross-issuance per-graph salt uniqueness (audit #9) is an unenforced assumption
clear the needs:area park	Classify the needs:area backlog	2026-09-09T19:32:23.1346475Z    DEFERRED #4511 ci Post-migration URL drift: jeswr/sparq still hard-coded in issue templates, Homebrew formula, and docs/release.md
clear the needs:area park	Classify the needs:area backlog	2026-09-09T19:32:23.1346828Z    DEFERRED #4520 site-specs spec: amend the SPARQL Vector+GenAI draft with vec:hybrid, then de-provisionalise it
clear the needs:area park	Classify the needs:area backlog	2026-09-09T19:32:23.1347252Z    DEFERRED #4521 sparq-vectors bench: run the vec:hybrid dense/sparse/structural/fused/reranked ablation on a pinned retrieval corpus
clear the needs:area park	Classify the needs:area backlog	2026-09-09T19:32:23.1347637Z    DEFERRED #4522 sparq-vectors sparq-vectors: ship a concrete out-of-process Reranker transport behind an opt-in feature
clear the needs:area park	Classify the needs:area backlog	2026-09-09T19:32:23.1348031Z    DEFERRED #4525 sparq-zk-compose research/ design records carry ~976 stale-prone `file.rs:LINE` citations with no drift check
clear the needs:area park	Classify the needs:area backlog	2026-09-09T19:32:23.1348323Z    DEFERRED #4526 sparq-vectors vec:hybrid arm paging: no cursor, and a residual inline-id ceiling
clear the needs:area park	Classify the needs:area backlog	2026-09-09T19:32:23.1348768Z    DEFERRED #4529 ci ci(vectorized-feature-off): leg 2 resolves the base tree from the stale payload `base.sha`, not the merge ref's first pa
clear the needs:area park	Classify the needs:area backlog	2026-09-09T19:32:23.1349107Z    DEFERRED #4531 zk-xpath No CI lane runs `nargo test`, so every compose_core Noir accept/forge suite is unexecuted
clear the needs:area park	Classify the needs:area backlog	2026-09-09T19:32:23.1349544Z    DEFERRED #4532 sparq-zk-compose sq-rsd3v.3 follow-up: off-circuit ProofStep -> n3 slot witness mapper
clear the needs:area park	Classify the needs:area backlog	2026-09-09T19:32:23.1349952Z    DEFERRED #4533 sparq-zk-compose sq-rsd3v.3 follow-up: compiled n3_k{K}_n{N}_r{R}_m{M} member, bb gates baseline, verify_manifest dispatch
clear the needs:area park	Classify the needs:area backlog	2026-09-09T19:32:23.1350421Z    DEFERRED #4536 upstream noir upstream: bound_constraint_with_offset misses its power-of-two fast path at rhs = 2^128 (extra 128-bit range check 
clear the needs:area park	Classify the needs:area backlog	2026-09-09T19:32:23.1351043Z    DEFERRED #4538 sparq-vectors sparq-vectors: re-measure the sq-w2af4 confidence-weighted POOLING axis on a REAL provenance-bearing KG before adopt/aba
clear the needs:area park	Classify the needs:area backlog	2026-09-09T19:32:23.1351348Z    DEFERRED #4545 ci ci: coverage-engine-run swallows the W3C fixture fetch it exists to guarantee
clear the needs:area park	Classify the needs:area backlog	2026-09-09T19:32:23.1351634Z    DEFERRED #4546 ci ci: two scripts/tests suites are never executed by CI (orphaned assertions)
clear the needs:area park	Classify the needs:area backlog	2026-09-09T19:32:23.1352074Z    DEFERRED #4549 ci shellcheck: the canonical-*-bench.sh launchers are not covered by any docs-quality shellcheck step (12+ pre-existing SC2
clear the needs:area park	Classify the needs:area backlog	2026-09-09T19:32:23.1352534Z    DEFERRED #4550 deps supply-chain gate: the two npx cyclonedx-npm fetches in gen-js-sbom.sh are the only unretried network ops in a GATING la
clear the needs:area park	Classify the needs:area backlog	2026-09-09T19:32:23.1352948Z    DEFERRED #4551 ci ci(supply-chain): wrap the js-sbom npx registry fetch in the same bounded retry the cargo legs got (sq-hxn7 parity)
clear the needs:area park	Classify the needs:area backlog	2026-09-09T19:32:23.1353360Z    DEFERRED #4552 sparq-vectors sparq-vectors eval: provenance-vocabulary edges are prediction targets in the provenance slice
clear the needs:area park	Classify the needs:area backlog	2026-09-09T19:32:23.1353778Z    DEFERRED #4553 sparq-vectors sparq-vectors eval: reifier edges survive restrict_to_train even when the quoted triple is held out
clear the needs:area park	Classify the needs:area backlog	2026-09-09T19:32:23.1354219Z    DEFERRED #4557 upstream noir upstream: check whether checked_to_unchecked's required_bit_size under-reports an ACIR `unchecked_add u1`
clear the needs:area park	Classify the needs:area backlog	2026-09-09T19:32:23.1354734Z    DEFERRED #4560 ci 118 of 143 workflow runs on a main head SHA are not testing the commit — and every undeclared one GATES (generalizes #45
clear the needs:area park	Classify the needs:area backlog	2026-09-09T19:32:23.1355072Z    DEFERRED #4563 sparq-hdt upstream (KonradHoeffner/hdt): compute section CRC32-C with slice-by-16 tables
clear the needs:area park	Classify the needs:area backlog	2026-09-09T19:32:23.1355397Z    DEFERRED #4576 sparq-reason sq-6tykl.6 residual: RDFS/OWL TBox mutations still force a full rematerialize
clear the needs:area park	Classify the needs:area backlog	2026-09-09T19:32:23.1355838Z    DEFERRED #4577 sparq-reason-dl Extend the tableau differential oracle to cover the `dl_transitive` ∀₊-rule
clear the needs:area park	Classify the needs:area backlog	2026-09-09T19:32:23.1356266Z    DEFERRED #4579 sparq-wrapper-shacl sparq-wrapper-shacl: generated nested loaders recurse without a depth guard on cyclic data
clear the needs:area park	Classify the needs:area backlog	2026-09-09T19:32:23.1356728Z    DEFERRED #4580 sparq-wrapper-shacl sparq-wrapper-shacl: model sh:or / sh:xone as generated Rust enums
clear the needs:area park	Classify the needs:area backlog	2026-09-09T19:32:23.1357285Z    DEFERRED #4584 sparq-substrate Kani: the merge-join equivalence suite never returns a verdict — CBMC's SmallVec clone/push model is the wall
clear the needs:area park	Classify the needs:area backlog	2026-09-09T19:32:23.1357723Z    DEFERRED #4585 ci AGENTS.md "No hard-coded performance numbers" prose omits the research/ + bench/ carve-out the enforcing gate implements
clear the needs:area park	Classify the needs:area backlog	2026-09-09T19:32:23.1358145Z    DEFERRED #4587 sparq-wrapper-shacl sparq-wrapper-shacl: generated check_double rejects the valid xsd:double literal "+INF"
clear the needs:area park	Classify the needs:area backlog	2026-09-09T19:32:23.1358496Z    DEFERRED #4588 sparq-reason-dl sparq-reason-dl: narrow the PR1 punning guard to OWL 2's actual punning rules
clear the needs:area park	Classify the needs:area backlog	2026-09-09T19:32:23.1359061Z    DEFERRED #4589 sparq-reason-dl,sparq-conformance sparq-reason-dl: L1 drops the fixed interpretation of more OWL built-in vocabulary than the two object properties now re
clear the needs:area park	Classify the needs:area backlog	2026-09-09T19:32:23.1359505Z    DEFERRED #4594 ci CI never runs the feature-gated `wasm-pack test --node` modules (forms/serialize-rdf/scs/canon/explain-json/bytes-ingest
clear the needs:area park	Classify the needs:area backlog	2026-09-09T19:32:23.1359907Z    DEFERRED #4595 sparq-wrapper-shacl sparq-wrapper-shacl: generated Integer/Decimal have no value ordering or arithmetic
clear the needs:area park	Classify the needs:area backlog	2026-09-09T19:32:23.1360325Z    DEFERRED #4596 sparq-wrapper-shacl sparq-wrapper-shacl: no shared ValueSource::is_instance_of adapter over a sparq-core graph
clear the needs:area park	Classify the needs:area backlog	2026-09-09T19:32:23.1360834Z    DEFERRED #4598 sparq-solid doc drift: odrl_bridge N3 path comment says "four stratified reason_n3 calls" but it runs five (A0-D)
clear the needs:area park	Classify the needs:area backlog	2026-09-09T19:32:23.1361465Z    DEFERRED #4600 sparq-reason-diff reason-diff-rl: the W3C-vocab-subject drop still masks ORACLE-side entailments about user terms (owl:Nothing rdfs:subCla
clear the needs:area park	Classify the needs:area backlog	2026-09-09T19:32:23.1361876Z    DEFERRED #4602 sparq-gpu sparq-gpu: the "wgpu never enters the wasm build" invariant is asserted in 3 docs but enforced by no gate
clear the needs:area park	Classify the needs:area backlog	2026-09-09T19:32:23.1362347Z    DEFERRED #4603 sparq-gpu sparq-gpu: GPU silently undercounts on out-of-range GROUP BY keys where the CPU oracle panics, and an unbounded probe lo
clear the needs:area park	Classify the needs:area backlog	2026-09-09T19:32:23.1362906Z    DEFERRED #4606 sparq-reason-dl,sparq-conformance DL L5: the 7 budget-abstained entailment rows need a narrower RL divergence guard (or a re-pinned budget), not more refu
clear the needs:area park	Classify the needs:area backlog	2026-09-09T19:32:23.1363512Z    DEFERRED #4609 sparq-reason-el sparq-reason-el: silent incompleteness — an EL entailment through a NAMED/anonymous intersection filler is neither deriv
clear the needs:area park	Classify the needs:area backlog	2026-09-09T19:32:23.1363860Z    DEFERRED #4611 sparq-jsonld jsonld: raise `IRI confused with prefix` from IRI Compaction (W3C compact/#te002)
clear the needs:area park	Classify the needs:area backlog	2026-09-09T19:32:23.1364224Z    DEFERRED #4612 sparq-jsonld jsonld: decide whether to model the RETIRED JSON-LD 1.0 error codes (5 suite negatives)
clear the needs:area park	Classify the needs:area backlog	2026-09-09T19:32:23.1364523Z    DEFERRED #4613 sparq-jsonld jsonld: the `flatten` lane still SKIPs its 1 NegativeEvaluationTest
clear the needs:area park	Classify the needs:area backlog	2026-09-09T19:32:23.1364935Z    DEFERRED #4618 sparq-jsonld sparq-jsonld: is_absolute_iri validates the RFC 3987 code-point grammar but not the structural grammar
clear the needs:area park	Classify the needs:area backlog	2026-09-09T19:32:23.1365208Z    DEFERRED #4622 gui GUI web e2e: restore an end-to-end 'absent wasm forms bridge' journey
clear the needs:area park	Classify the needs:area backlog	2026-09-09T19:32:23.1365508Z    DEFERRED #4623 gui GUI web e2e: cover the hosted-web declared-group + shape-switcher forms journey
clear the needs:area park	Classify the needs:area backlog	2026-09-09T19:32:23.1365966Z    DEFERRED #4626 sparq-jsonld sparq-jsonld: is_absolute_iri tolerates the bracket gen-delims outside the authority to satisfy W3C compact/p004
clear the needs:area park	Classify the needs:area backlog	2026-09-09T19:32:23.1366289Z    DEFERRED #4628 sparq-wrapper sparq-wrapper proposal status is duplicated in four unsynced places
clear the needs:area park	Classify the needs:area backlog	2026-09-09T19:32:23.1366701Z    DEFERRED #4630 gui gui: form-description.ts validator THROWS on the new ShapeVia values (target-subjects-of / target-objects-of)
clear the needs:area park	Classify the needs:area backlog	2026-09-09T19:32:23.1367262Z    DEFERRED #4631 sparq-forms forms: sh:targetWhere + SPARQL-valued targets still do not drive applicable_shapes — needs a sparq-shacl public API
clear the needs:area park	Classify the needs:area backlog	2026-09-09T19:32:23.1367699Z    DEFERRED #4633 ci research/solid-consumer-production-readiness-2026-07.md cites path:LINE anchors that are already stale on main
clear the needs:area park	Classify the needs:area backlog	2026-09-09T19:32:23.1368257Z    DEFERRED #4637 sparq-trust solid-authz-trust: server `predicate_shape` diverges from the normative `trust:forPredicate` desugaring
clear the needs:area park	Classify the needs:area backlog	2026-09-09T19:32:23.1368731Z    DEFERRED #4638 sparq-trust http-server SKILL.md references a section that does not exist ("Stateless trust-graph decision extension (sq-pfae.17)")
clear the needs:area park	Classify the needs:area backlog	2026-09-09T19:32:23.1369151Z    DEFERRED #4640 sparq-wasm @jeswr/sparq: SparqStore has no store-backed validate twin for the new raw Store.validateStore (gh-2520)
clear the needs:area park	Classify the needs:area backlog	2026-09-09T19:32:23.1369732Z    DEFERRED #4641 sparq-shacl sparq-shacl: validation report sourceShape blank-node labels are parse-unstable — no documented stable shape identity
clear the needs:area park	Classify the needs:area backlog	2026-09-09T19:32:23.1370154Z    DEFERRED #4645 ci [cert][GX-11] No automated verification for dist.yml's sparq-dist.intoto.jsonl (run artifact, not a Release asset)
clear the needs:area park	Classify the needs:area backlog	2026-09-09T19:32:23.1370511Z    DEFERRED #4647 sparq-wrapper sparq-wrapper codecs: no i128 decode path for the xsd:long/int/short integer family
clear the needs:area park	Classify the needs:area backlog	2026-09-09T19:32:23.1371072Z    DEFERRED #4648 ci publish.yml's `release: published` trigger never fires for a release.yml-cut Release (same GITHUB_TOKEN limitation as #4
clear the needs:area park	Classify the needs:area backlog	2026-09-09T19:32:23.1371477Z    DEFERRED #4650 sparq-terse sparq-terse: surface the Phase-4 did-you-mean hints in the /terse/transpile + CLI JSON error bodies
clear the needs:area park	Classify the needs:area backlog	2026-09-09T19:32:23.1372064Z    DEFERRED #4651 sparq-conformance,sparq-core XSD whiteSpace facet: sparq-conformance and sparq-core carry contradictory normative claims
clear the needs:area park	Classify the needs:area backlog	2026-09-09T19:32:23.1372505Z    DEFERRED #4652 ci Merge throughput ceiling is merge-group CI wall-clock: ~3-6 PRs/hr in bursts vs 60/hr goal (NOT a stall)
clear the needs:area park	Classify the needs:area backlog	2026-09-09T19:32:23.1372858Z    DEFERRED #4654 sparq-cli tabular import: GUI import wizard over the CLI/module (sq-u1z86 remainder, epic sq-ixc3)
clear the needs:area park	Classify the needs:area backlog	2026-09-09T19:32:23.1373193Z    DEFERRED #4655 sparq-cli tabular import: streaming dataset ingest so rr:graphMap output need not buffer
clear the needs:area park	Classify the needs:area backlog	2026-09-09T19:32:23.1373654Z    DEFERRED #4658 sparq-server sparq-server: opt-in wiring for the sparq-serve change-sink relay (config flag + pump thread + retention watermark)
clear the needs:area park	Classify the needs:area backlog	2026-09-09T19:32:23.1373951Z    DEFERRED #4661 gui gui/app: web RDF import does not reject off-list file types with a clear reason
clear the needs:area park	Classify the needs:area backlog	2026-09-09T19:32:23.1374354Z    DEFERRED #4662 sparq-terse sparq-terse: the `K:` sigil scanner has the same ASCII-only name-boundary bug as `keyword_hints` did
clear the needs:area park	Classify the needs:area backlog	2026-09-09T19:32:23.1374681Z    DEFERRED #4665 sparq-lws-wasm @jeswr/solid-server: persist the wasm pod snapshot to a --data-dir file
clear the needs:area park	Classify the needs:area backlog	2026-09-09T19:32:23.1374987Z    DEFERRED #4666 sparq-lws-wasm Browser host example: keep the wasm Solid pod snapshot in IndexedDB
clear the needs:area park	Classify the needs:area backlog	2026-09-09T19:32:23.1375368Z    DEFERRED #4668 ci [supply-chain] dispatch slsa-builder-pin-review once and record the first outcome in the review log
clear the needs:area park	Classify the needs:area backlog	2026-09-09T19:32:23.1375694Z    DEFERRED #4669 sparq-serve change_stream segment creation has the same missing parent-directory fsync
clear the needs:area park	Classify the needs:area backlog	2026-09-09T19:32:23.1376235Z    DEFERRED #4670 js gui.yml path filter omits crates/sparq-wasm/** — the check:wasm-types byte-identity gate cannot run on a binding change
clear the needs:area park	Classify the needs:area backlog	2026-09-09T19:32:23.1376615Z    DEFERRED #4673 sparq-shaclc Stale module doc: crates/sparq-shaclc/src/raw.rs still says the artifacts are PARSE-ONLY
clear the needs:area park	Classify the needs:area backlog	2026-09-09T19:32:23.1377009Z    DEFERRED #4675 sparq-fedplan sparq-fedplan: let a SourceDescriptor declare characteristic-set completeness explicitly
clear the needs:area park	Classify the needs:area backlog	2026-09-09T19:32:23.1377562Z    DEFERRED #4676 sparq-fedplan-mpc research/mpc-untrusted-planner-routing-design.md §8 roadmap is stale — Phases 1–4 and 6 have landed
clear the needs:area park	Classify the needs:area backlog	2026-09-09T19:32:23.1378003Z    DEFERRED #4679 sparq-wrapper wrapper: extend proposed_composition to cover the newer proposal features (json, graph-scope, async-store)
clear the needs:area park	Classify the needs:area backlog	2026-09-09T19:32:23.1378391Z    DEFERRED #4680 sparq-wasm wasm: implement Store::validate_store (stateful SHACL) end-to-end, or drop the gh-2520 intent
clear the needs:area park	Classify the needs:area backlog	2026-09-09T19:32:23.1378745Z    DEFERRED #4685 sparq-fedplan-mpc crates/sparq-fedplan-mpc/README.md exceeds the 120-line readme-template cap
clear the needs:area park	Classify the needs:area backlog	2026-09-09T19:32:23.1379272Z    DEFERRED #4688 sparq-server [cert][GX-11 residual] automate slsa-verifier verify-image for the ghcr sparq-server attestation
clear the needs:area park	Classify the needs:area backlog	2026-09-09T19:32:23.1379617Z    DEFERRED #4689 ci compliance/slsa/controls.md scope note contradicts SL-B2-d and SL-B2-e (pre-existing drift)
clear the needs:area park	Classify the needs:area backlog	2026-09-09T19:32:23.1379981Z    DEFERRED #4690 ci preflight.py reports no-perf-numbers failures in research/, which CI's own invocation excludes
clear the needs:area park	Classify the needs:area backlog	2026-09-09T19:32:23.1380306Z    DEFERRED #4692 js Site: wire the VC import surface to Store.loadJsonLdWithContexts (sq-yz27r follow-on)
clear the needs:area park	Classify the needs:area backlog	2026-09-09T19:32:23.1380703Z    DEFERRED #4693 sparq-core sparq-core: expose a JSON-LD LoadDocumentCallback seam for the native/server/conformance paths
clear the needs:area park	Classify the needs:area backlog	2026-09-09T19:32:23.1381148Z    DEFERRED #4694 sparq-wasm sparq-wasm: no dataset-preserving variant of loadJsonLdWithContexts
clear the needs:area park	Classify the needs:area backlog	2026-09-09T19:32:23.1381573Z    DEFERRED #4695 ci gui.yml paths filter misses crates/sparq-wasm/** — wasm d.ts drift lands on main undetected
clear the needs:area park	Classify the needs:area backlog	2026-09-09T19:32:23.1381904Z    DEFERRED #4696 sparq-gpu gpu-threat-model P1: add the wgpu family to the wasm-deps-guard FORBIDDEN set
clear the needs:area park	Classify the needs:area backlog	2026-09-09T19:32:23.1382297Z    DEFERRED #4697 sparq-gpu gpu-threat-model P2: sparq-gpu boundary guard (dependents + native wgpu closure + publish=false)
clear the needs:area park	Classify the needs:area backlog	2026-09-09T19:32:23.1382703Z    DEFERRED #4698 sparq-gpu gpu-threat-model P3: reject the malformed inputs sparq-gpu currently accepts, with differential tests
clear the needs:area park	Classify the needs:area backlog	2026-09-09T19:32:23.1383146Z    DEFERRED #4699 sparq-gpu gpu-threat-model P4: bound the WGSL probe walk and the host poll in sparq-gpu
clear the needs:area park	Classify the needs:area backlog	2026-09-09T19:32:23.1383473Z    DEFERRED #4700 sparq-gpu gpu-threat-model P5 (ON EXIT ONLY): write the full sparq-gpu runtime threat model
clear the needs:area park	Classify the needs:area backlog	2026-09-09T19:32:23.1383800Z    DEFERRED #4701 sparq-gpu gpu-threat-model P6: record sparq-gpu's exclusion in SECURITY.md / ASSURANCE.md
clear the needs:area park	Classify the needs:area backlog	2026-09-09T19:32:23.1384198Z    DEFERRED #4702 ci preflight.py misses the feature-test-execution (C1) gate, so a missing feature-matrix leg only reds on CI
clear the needs:area park	Classify the needs:area backlog	2026-09-09T19:32:23.1384521Z    DEFERRED #4703 sparq-reason sparq-reason: make the base<->layer ownership hand-off EAGER instead of lazy
clear the needs:area park	Classify the needs:area backlog	2026-09-09T19:32:23.1384891Z    DEFERRED #4704 ci vectorized-feature-off leg 2: recurring declaration churn from pure panic-Location line shifts
clear the needs:area park	Classify the needs:area backlog	2026-09-09T19:32:23.1385105Z    DEFERRED #4706 ci File sq-vrye child beads for gpu-threat-model P1-P6
clear the needs:area park	Classify the needs:area backlog	2026-09-09T19:32:23.1385491Z    DEFERRED #4708 ci sparq-cli: give the `el` feature a `cdomain` surface (CR7-CR9) so `classify` covers OWL 2 EL concrete domains
clear the needs:area park	Classify the needs:area backlog	2026-09-09T19:32:23.1385889Z    DEFERRED #4710 sparq-zk-compose vectorized-feature-off leg 2 compares against pull_request.base.sha, not the merge base
clear the needs:area park	Classify the needs:area backlog	2026-09-09T19:32:23.1386264Z    DEFERRED #4712 sparq-solid sparq-solid: expose a public auth: predicate -> Mode parser (Mode::from_pred is private)
clear the needs:area park	Classify the needs:area backlog	2026-09-09T19:32:23.1386697Z    DEFERRED #4713 sparq-lws-core sparq-lws-core: a standalone `cargo test -p sparq-lws-core` now compiles the arkworks/sparq-zk stack
clear the needs:area park	Classify the needs:area backlog	2026-09-09T19:32:23.1387070Z    DEFERRED #4715 sparq-server sparq-server: a cancelled query/update reports HTTP 500 "query execution error"
clear the needs:area park	Classify the needs:area backlog	2026-09-09T19:32:23.1387461Z    DEFERRED #4716 sparq-server sparq-server: Graph-Store reads, /tpf and /facets are not in the running-query registry
clear the needs:area park	Classify the needs:area backlog	2026-09-09T19:32:23.1387829Z    DEFERRED #4717 sparq-server sparq-server: ServerApplier registry wiring is opt-in and can be silently forgotten
clear the needs:area park	Classify the needs:area backlog	2026-09-09T19:32:23.1388335Z    DEFERRED #4719 sparq-conformance sq-tonhr.12 follow-on: run the generated Shuttle corpus through the sq-tonhr.2 Rust differential lane (oxttl vs sparq na
clear the needs:area park	Classify the needs:area backlog	2026-09-09T19:32:23.1388690Z    DEFERRED #4720 sparq-core sparq native Turtle parser: `~ [ ]` (ANON reifier with internal whitespace) looks rejected
clear the needs:area park	Classify the needs:area backlog	2026-09-09T19:32:23.1389191Z    DEFERRED #4721 upstream Upstream rdf-shuttle: implement generate mode (`--emit tests`) — the interim harness is not a substitute
clear the needs:area park	Classify the needs:area backlog	2026-09-09T19:32:23.1389560Z    DEFERRED #4723 sparq-fedplan-mpc sparq-fedplan-mpc README is 139 lines, over the gating readme-template 120-line cap
clear the needs:area park	Classify the needs:area backlog	2026-09-09T19:32:23.1390317Z    DEFERRED #4725 sparq-reason-dl sparq-reason-dl: ALCH tableau thrashes — chronological backtracking exhausts the default budget on a 3-axiom ontology
clear the needs:area park	Classify the needs:area backlog	2026-09-09T19:32:23.1390718Z    DEFERRED #4726 sparq-reason-dl sparq-reason-dl: audit the test suite for more assertions that compare a function against itself
clear the needs:area park	Classify the needs:area backlog	2026-09-09T19:32:23.1391308Z    DEFERRED #4727 sparq-server Keyed (HMAC) query/update fingerprints so /queries and the audit trails resist offline guessing
clear the needs:area park	Classify the needs:area backlog	2026-09-09T19:32:23.1391709Z    DEFERRED #4732 sparq-difftest diff-test iso: RDF-1.2 triple terms are refused, not canonicalised (rdf-canon speaks oxrdf 0.2)
clear the needs:area park	Classify the needs:area backlog	2026-09-09T19:32:23.1392076Z    DEFERRED #4733 sparq-bench fuzz check_ordered compares blank-node LABELS, so a bnode answer would be a false MISMATCH
clear the needs:area park	Classify the needs:area backlog	2026-09-09T19:32:23.1392476Z    DEFERRED #4735 sparq-reason sq-6tykl.5 follow-up: expose the reasoning profiler on the CLI (`sparq-cli reason --profile`)
clear the needs:area park	Classify the needs:area backlog	2026-09-09T19:32:23.1392770Z    DEFERRED #4737 ci sq-6tykl.5 follow-up: add a `sparq-reason (profile)` leg to the CI feature matrix
clear the needs:area park	Classify the needs:area backlog	2026-09-09T19:32:23.1393131Z    DEFERRED #4741 upstream noir upstream: four non-optimisation defects found during the sq-mtolx gap analysis
clear the needs:area park	Classify the needs:area backlog	2026-09-09T19:32:23.1393407Z    DEFERRED #4742 ci preflight.py misses the gate-critical feature-matrix leg-name golden
clear the needs:area park	Classify the needs:area backlog	2026-09-09T19:32:23.1393718Z    DEFERRED #4744 upstream noir upstream: ACIR runaway-unroll hang for provably-terminating huge loops
clear the needs:area park	Classify the needs:area backlog	2026-09-09T19:32:23.1394159Z    DEFERRED #4745 upstream noir upstream: two ACIR bail-outs in unrolling.rs discard the source location
clear the needs:area park	Classify the needs:area backlog	2026-09-09T19:32:23.1394471Z    DEFERRED #4746 upstream noir upstream: stale mem2reg pass-ordering comment at ssa/opt/mod.rs:375-380
clear the needs:area park	Classify the needs:area backlog	2026-09-09T19:32:23.1394750Z    DEFERRED #4747 upstream noir upstream: CHANGELOG.md:67 over-claims what PR #11512 shipped
clear the needs:area park	Classify the needs:area backlog	2026-09-09T19:32:23.1395084Z    DEFERRED #4748 sparq-engine engine: CONSTRUCT/DESCRIBE bypass the algebra-rewrite seam on every surface
clear the needs:area park	Classify the needs:area backlog	2026-09-09T19:32:23.1395418Z    DEFERRED #4749 ci ci: no lane covers sparq-mcp's --no-default-features build now that `default` is non-empty
clear the needs:area park	Classify the needs:area backlog	2026-09-09T19:32:23.1395714Z    DEFERRED #4750 sparq-mcp decide whether sparq-mcp should also ship `antijoin-static-decline`
clear the needs:area park	Classify the needs:area backlog	2026-09-09T19:32:23.1396088Z    DEFERRED #4753 sparq-policy sq-snopa.8 follow-up: extend the ODRL lane to the stateful /authz source (currently refused)
clear the needs:area park	Classify the needs:area backlog	2026-09-09T19:32:23.1396489Z    DEFERRED #4754 sparq-trust sq-snopa.8 follow-up: compose the solid-authz-trust extension with the stateful /authz source
clear the needs:area park	Classify the needs:area backlog	2026-09-09T19:32:23.1396884Z    DEFERRED #4755 sparq-server sq-snopa.8 follow-up: resolve a request PATH to a named-graph IRI for the stateful /authz lane
clear the needs:area park	Classify the needs:area backlog	2026-09-09T19:32:23.1397248Z    DEFERRED #4756 sparq-server sq-snopa.8 follow-up: the stateful /authz view cache holds a single entry (WAC/ACP thrash)
clear the needs:area park	Classify the needs:area backlog	2026-09-09T19:32:23.1397723Z    DEFERRED #4758 sparq-nlq sparq-nlq: expose a translate-only entry point (Nlq::translate) so sparq-mcp's nl_query need not re-implement the loop
clear the needs:area park	Classify the needs:area backlog	2026-09-09T19:32:23.1398272Z    DEFERRED #4759 upstream Noir upstream: ACIR runaway-unroll hang + two location-discarding bail-outs (unrolling.rs) [noir-acir-unroll-2026-07-28]
clear the needs:area park	Classify the needs:area backlog	2026-09-09T19:32:23.1398872Z    DEFERRED #4761 sparq-reason-dl sparq-reason-dl: the PR1 punning boundary is non-uniform across the L4 dispatch
clear the needs:area park	Classify the needs:area backlog	2026-09-09T19:32:23.1399419Z    DEFERRED #4762 sparq-reason-dl,sparq-conformance sparq-reason-dl: support owl:topObjectProperty / owl:bottomObjectProperty instead of refusing them
clear the needs:area park	Classify the needs:area backlog	2026-09-09T19:32:23.1399975Z    DEFERRED #4764 sparq-engine sparq-difftest: no order-PRESERVING blank-node isomorphism comparator (ORDER BY + bnode is the residual sq-qcnn.5 gap)
clear the needs:area park	Classify the needs:area backlog	2026-09-09T19:32:23.1400366Z    DEFERRED #4765 sparq-server solid_authz: `"view"` uses the same as_str() collapse that hid the non-string `"source"` bug
clear the needs:area park	Classify the needs:area backlog	2026-09-09T19:32:23.1407025Z    DEFERRED #4766 sparq-mcp sparq-mcp nlq: run_nl_query hardcodes NlqConfig::default() and ignores check_dictionary, so ask/nl_query validation pari
clear the needs:area park	Classify the needs:area backlog	2026-09-09T19:32:23.1407730Z    DEFERRED #4767 ci 38 draft PRs on review:parked: 22 were parked by a human-classified actor and NOTHING automatic can lift them (census + 
clear the needs:area park	Classify the needs:area backlog	2026-09-09T19:32:23.1408211Z    DEFERRED #4769 ci Compliance docs cite a `supply-chain.yml#vex-deny-sync` JOB that no longer exists (it is a step in `supply-chain-gates`)
clear the needs:area park	Classify the needs:area backlog	2026-09-09T19:32:23.1408828Z    DEFERRED #4770 ci `rust-supply-chain-attestation` SKILL.md still says `cargo deny check advisories` is `continue-on-error` (non-gating) — 
clear the needs:area park	Classify the needs:area backlog	2026-09-09T19:32:23.1409209Z    DEFERRED #4771 sparq-reason-dl crates/sparq-reason-dl/README.md sits exactly at the 120-line readme-template cap
clear the needs:area park	Classify the needs:area backlog	2026-09-09T19:32:23.1409505Z    DEFERRED #4772 site-papers paper factory: make the timing boundary structural, not lexical
clear the needs:area park	Classify the needs:area backlog	2026-09-09T19:32:23.1409815Z    DEFERRED #4774 ci Supply-chain skill still says the advisory check is non-gating (GX-1 section stale)
clear the needs:area park	Classify the needs:area backlog	2026-09-09T19:32:23.1410413Z    DEFERRED #4775 sparq-engine sparq-difftest: ORDER BY tie detection covers only NUMERIC promotion — xsd:duration's partial order can still split a ti
clear the needs:area park	Classify the needs:area backlog	2026-09-09T19:32:23.1411127Z    DEFERRED #4776 sparq-engine sparq-difftest: implementation-defined ORDER BY extension order is a residual false-failure source in the cross-engine c
clear the needs:area park	Classify the needs:area backlog	2026-09-09T19:32:23.1411448Z    DEFERRED #4777 sparq-policy ODRL bridge: two IRI-less policies still share one provenance anchor
clear the needs:area park	Classify the needs:area backlog	2026-09-09T19:32:23.1412005Z    DEFERRED #4778 js gui lane is red on EVERY PR: tracked sparq_wasm.d.ts on main lacks `validateStore` (#4639 landed the binding without re-
clear the needs:area park	Classify the needs:area backlog	2026-09-09T19:32:23.1412540Z    DEFERRED #4779 ci gui.yml path filter omits crates/sparq-wasm/** — wasm-binding drift lands on main undetected and surfaces on unrelated s
clear the needs:area park	Classify the needs:area backlog	2026-09-09T19:32:23.1412963Z    DEFERRED #4781 sparq-trust,sparq-server sparq-trust/sparq-server: expose the cert-graph closure depth_bound as configuration
clear the needs:area park	Classify the needs:area backlog	2026-09-09T19:32:23.1413324Z    DEFERRED #4782 sparq-trust sq-pfae.9 cost bound for the depth-N certification closure is not separately closed
clear the needs:area park	Classify the needs:area backlog	2026-09-09T19:32:23.1413692Z    DEFERRED #4783 sparq-trust sparq-trust graph.rs: the cert-closure visited set is redundant with the cycle gate
clear the needs:area park	Classify the needs:area backlog	2026-09-09T19:32:23.1414075Z    DEFERRED #4784 sparq-trust admission_cost evidence harness derives max_closure_depth_reached instead of measuring it
clear the needs:area park	Classify the needs:area backlog	2026-09-09T19:32:23.1414559Z    DEFERRED #4786 upstream noir upstream: checked_to_unchecked::required_bit_size understates ACIR unchecked arithmetic (prerequisite for #7161 / s
clear the needs:area park	Classify the needs:area backlog	2026-09-09T19:32:23.1414979Z    DEFERRED #4787 upstream noir upstream: does a widening cast wash out the conservative unchecked-arithmetic bound? (needs repro)
clear the needs:area park	Classify the needs:area backlog	2026-09-09T19:32:23.1415319Z    DEFERRED #4789 sparq-gpu sparq-gpu: Cargo.toml wgpu comment says 29 (and MSRV 1.83) but the dependency is 30
clear the needs:area park	Classify the needs:area backlog	2026-09-09T19:32:23.1415791Z    DEFERRED #4790 sparq-gpu sparq-gpu kernels are unverified by the per-commit gates (tests skip-pass without a GPU, coverage floor 0, excluded from
clear the needs:area park	Classify the needs:area backlog	2026-09-09T19:32:23.1416251Z    DEFERRED #4791 sparq-trust sparq-trust closure: the `seen` set is keyed on (certifier, certified_issuer) and is NOT purely redundant with GATE 1
clear the needs:area park	Classify the needs:area backlog	2026-09-09T19:32:23.1416555Z    DEFERRED #4792 ci rust-supply-chain-attestation SKILL cites CI job names that no longer exist
clear the needs:area park	Classify the needs:area backlog	2026-09-09T19:32:23.1417079Z    DEFERRED #4793 js CI: tracked @sparq/client wasm d.ts is stale on main — missing `validateStore` reds `site build + typecheck` on every PR
clear the needs:area park	Classify the needs:area backlog	2026-09-09T19:32:23.1417465Z    DEFERRED #4794 bench bench/trust-admission README: `visited_set_size` no longer tracks the closure's visited-set key
clear the needs:area park	Classify the needs:area backlog	2026-09-09T19:32:23.1417902Z    DEFERRED #4797 ci feature-matrix upload-artifact has no retry, so one ECONNRESET reds the required gate on a fully-green tree (all 8 g19 l
clear the needs:area park	Classify the needs:area backlog	2026-09-09T19:32:23.1418322Z    DEFERRED #4800 sparq-wrapper-shacl sparq-wrapper-shacl: adapter from a sparq-core Graph to the generated loader's Triple slice
clear the needs:area park	Classify the needs:area backlog	2026-09-09T19:32:23.1418682Z    DEFERRED #4801 sparq-wrapper-shacl sparq-wrapper-shacl: generated sh:class check has no rdfs:subClassOf closure
clear the needs:area park	Classify the needs:area backlog	2026-09-09T19:32:23.1419281Z    DEFERRED #4805 sparq-trust sq-pfae.14 follow-up: wire StatusDelta into a caller-facing incremental re-check driver (sparq-solid epoch cache)
clear the needs:area park	Classify the needs:area backlog	2026-09-09T19:32:23.1419716Z    DEFERRED #4806 sparq-trust sq-pfae.14 follow-up: signed-delta helper so VerifyingLiveStatusCheck callers cannot diff unverified bits
clear the needs:area park	Classify the needs:area backlog	2026-09-09T19:32:23.1420080Z    DEFERRED #4807 ci rearm-sweeper: 47 manual dispatches in 23h, measured yield zero arms (25/25 runs re-arm-attempts=0)
clear the needs:area park	Classify the needs:area backlog	2026-09-09T19:32:23.1420523Z    DEFERRED #4815 js ci: five more published sparq-wasm features have no wasm32 build/clippy leg (serialize-rdf, scs, canon, bytes-ingest, fo
clear the needs:area park	Classify the needs:area backlog	2026-09-09T19:32:23.1421099Z    DEFERRED #4816 sparq-core sparq-core: export the inline-integer id domain size (INLINE_MAX / a count) instead of making callers restate it
clear the needs:area park	Classify the needs:area backlog	2026-09-09T19:32:23.1421513Z    DEFERRED #4818 sparq-fedplan Preserve the sq-p6p6 local adaptive-replan evidence on main before the branch can be pruned
clear the needs:area park	Classify the needs:area backlog	2026-09-09T19:32:23.1422043Z    DEFERRED #4824 ci PLAN frees a human-parked PR's area on the LABEL ALONE; CLAIM frees it only on the inertness proof — the #4819 disagreem
clear the needs:area park	Classify the needs:area backlog	2026-09-09T19:32:23.1422461Z    DEFERRED #4826 sparq-server sparq-server has NO concurrent-connection cap (global or per-IP) on any of its four serve paths
clear the needs:area park	Classify the needs:area backlog	2026-09-09T19:32:23.1422844Z    DEFERRED #4827 sparq-vectors vec:hybrid arm paging: consider a cursor/admissibility protocol instead of top-n re-asks
clear the needs:area park	Classify the needs:area backlog	2026-09-09T19:32:23.1423371Z    DEFERRED #4828 sparq-wrapper-shacl sparq-wrapper-shacl: no lexical check for the XSD date/time and binary datatype families
clear the needs:area park	Classify the needs:area backlog	2026-09-09T19:32:23.1423837Z    DEFERRED #4830 zk-xpath xpath differential M1: mixed int/double compare corpus misses the sq-3x7dl.5 invariant's own named edges (NaN unordered,
clear the needs:area park	Classify the needs:area backlog	2026-09-09T19:32:23.1424280Z    DEFERRED #4831 zk-xpath xpath differential M1: sq-3x7dl.8 (min/max over empty) and sq-3x7dl.9 (duration/duration truncation) have no rows in the
clear the needs:area park	Classify the needs:area backlog	2026-09-09T19:32:23.1424738Z    DEFERRED #4833 sparq-mcp sparq-mcp: nl_query hardcodes NlqConfig::default(), so it would silently diverge from ask if check_dictionary is ever en
clear the needs:area park	Classify the needs:area backlog	2026-09-09T19:32:23.1425109Z    DEFERRED #4834 zk-xpath xpath-differential: the per-test-function self-test now costs one nargo run per section
clear the needs:area park	Classify the needs:area backlog	2026-09-09T19:32:23.1425600Z    DEFERRED #4837 js js: QuadStream and ArrayQuadStream disagree on read() vs 'data' — one splits quads, the other duplicates them
clear the needs:area park	Classify the needs:area backlog	2026-09-09T19:32:23.1425906Z    DEFERRED #4838 js js: @jeswr/sparq ships .d.ts importing @rdfjs/types, which is only a devDependency
clear the needs:area park	Classify the needs:area backlog	2026-09-09T19:32:23.1426328Z    DEFERRED #4842 gui GUI: SHACL tool's shape sources are session-only, so they cannot drive the query builder's shape-aware suggestions
clear the needs:area park	Classify the needs:area backlog	2026-09-09T19:32:23.1426640Z    DEFERRED #4843 gui GUI query builder: canvas node/edge selection is pointer-only (keyboard a11y gap)
clear the needs:area park	Classify the needs:area backlog	2026-09-09T19:32:23.1426960Z    DEFERRED #4844 gui GUI query builder: SHACL shape discovery covers only sh:targetClass with IRI sh:path
clear the needs:area park	Classify the needs:area backlog	2026-09-09T19:32:23.1427346Z    DEFERRED #4848 sparq-terse Expose sparq-terse did-you-mean hints as structured JSON in the CLI + server terse surfaces
clear the needs:area park	Classify the needs:area backlog	2026-09-09T19:32:23.1427768Z    DEFERRED #4850 sparq-server perf(server): sparq-server is still missing `antijoin-static-decline` (sparq-cli + sparq-py ship it)
clear the needs:area park	Classify the needs:area backlog	2026-09-09T19:32:23.1428193Z    DEFERRED #4853 sparq-fedplan-mpc Decision: the 2 REMAINING open questions on the MPC-seam design record (Phase-5 binding, B7 scope)
clear the needs:area park	Classify the needs:area backlog	2026-09-09T19:32:23.1428600Z    DEFERRED #4854 sparq-mpc MPC: MacSession::auth_mul should bind BOTH multiplication operands (Chida-et-al. gate verification)
clear the needs:area park	Classify the needs:area backlog	2026-09-09T19:32:23.1428997Z    DEFERRED #4855 sparq-terse sparq-terse: a PN_PREFIX containing an internal dot can still be misclassified as a keyword typo
clear the needs:area park	Classify the needs:area backlog	2026-09-09T19:32:23.1429365Z    DEFERRED #4859 sparq-reason N3 incremental counting profile: quoted-triple support (n3_simple_term disqualifies)
clear the needs:area park	Classify the needs:area backlog	2026-09-09T19:32:23.1429851Z    DEFERRED #4861 sparq-cli,sparq-mcp Ship the MCP server in the released artifacts (sparq-cli `mcp` subcommand or dist packaging for the sparq-mcp bin)
clear the needs:area park	Classify the needs:area backlog	2026-09-09T19:32:23.1430333Z    DEFERRED #4863 gui gui query-builder: sanitizeVariable never returns its fallback for punctuation-only input
clear the needs:area park	Classify the needs:area backlog	2026-09-09T19:32:23.1430656Z    DEFERRED #4864 gui gui query-builder: 'no value' filter test asserts one warning but the lowering emits two
clear the needs:area park	Classify the needs:area backlog	2026-09-09T19:32:23.1431293Z    DEFERRED #4865 ci preflight.py does not run markdownlint — doc-only diffs pass pre-submit and still red the docs-quality HARD gate
clear the needs:area park	Classify the needs:area backlog	2026-09-09T19:32:23.1431679Z    DEFERRED #4867 sparq-vectors coverage: measure sparq-vamana in the per-commit coverage tier (seed its line-% floor)
clear the needs:area park	Classify the needs:area backlog	2026-09-09T19:32:23.1432006Z    DEFERRED #4868 ci asan: extend the ASan corpus lane to the extracted sparq-vamana `.spqg` validator directly
clear the needs:area park	Classify the needs:area backlog	2026-09-09T19:32:23.1432346Z    DEFERRED #4870 js js: `rdflib` is imported directly by test/solid-differential.test.mjs but declared nowhere
clear the needs:area park	Classify the needs:area backlog	2026-09-09T19:32:23.1432636Z    DEFERRED #4871 js js: bare `node --test` executes test/helpers/zstd-fixtures.mjs as a test file
clear the needs:area park	Classify the needs:area backlog	2026-09-09T19:32:23.1432977Z    DEFERRED #4875 sparq-bench Query differential (fuzz.rs) has no non-canonical numeric lexical coverage
clear the needs:area park	Classify the needs:area backlog	2026-09-09T19:32:23.1433437Z    DEFERRED #4885 js ci(gui): gui.yml path filter omits crates/sparq-*-wasm/** — wasm binding drift reaches main undetected
clear the needs:area park	Classify the needs:area backlog	2026-09-09T19:32:23.1433840Z    DEFERRED #4886 sparq-wasm client: @sparq/client typed facade does not surface the new store-backed SHACL validateStore binding
clear the needs:area park	Classify the needs:area backlog	2026-09-09T19:32:23.1434357Z    DEFERRED #4887 sparq-mpc sparq-mpc bench: record the declared BackendInfo.requires_preprocessing in the matrix JSON rows
clear the needs:area park	Classify the needs:area backlog	2026-09-09T19:32:23.1434755Z    DEFERRED #4888 sparq-mpc sparq-mpc: let SecurityRequirement/BackendRegistry fail closed on a preprocessing BUDGET ceiling
clear the needs:area park	Classify the needs:area backlog	2026-09-09T19:32:23.1435155Z    DEFERRED #4889 docs docs(lws): handler.rs module docs carry the same over-broad "each handler runs WAC" claim as ldp/mod.rs did
clear the needs:area park	Classify the needs:area backlog	2026-09-09T19:32:23.1435562Z    DEFERRED #4891 gui gui.yml: "site build + typecheck (consuming @sparq/client)" went red on a PR that changes no input of that job
clear the needs:area park	Classify the needs:area backlog	2026-09-09T19:32:23.1435989Z    DEFERRED #4893 sparq-lws-core dependabot has no `docker` ecosystem — base-image digest pins never get bumped
clear the needs:area park	Classify the needs:area backlog	2026-09-09T19:32:23.1436488Z    DEFERRED #4895 sparq-fedplan sparq-fedplan: SourceDescriptor has no explicit char-set completeness flag, so the Phase-6 Rule C2 prune must infer it a
clear the needs:area park	Classify the needs:area backlog	2026-09-09T19:32:23.1436854Z    DEFERRED #4896 sparq-fedplan-mpc MPC seam: Phase 6 prune_source_combinations is exported but no caller acts on it
clear the needs:area park	Classify the needs:area backlog	2026-09-09T19:32:23.1437358Z    DEFERRED #4898 sparq-engine-serialize [bug]: Turtle serialization (graph_to_turtle) ~32% slower than Oxigraph 0.5 baseline on a real-document-shaped graph
clear the needs:area park	Classify the needs:area backlog	2026-09-09T19:32:23.1437787Z    DEFERRED #4902 sparq-lws-core sq-gg0qq.7 follow-up: rename the CTH harness target when the sparq-solid-server bin lands (sq-gg0qq.4)
clear the needs:area park	Classify the needs:area backlog	2026-09-09T19:32:23.1438115Z    DEFERRED #4903 sparq-lws-core sq-gg0qq.7 follow-up: make the ath-patched CTH image reproducible in-repo
clear the needs:area park	Classify the needs:area backlog	2026-09-09T19:32:23.1438543Z    DEFERRED #4904 docs Doc honesty: scope the CTH-not-worth-doing conclusion to sparq-server now that sparq-lws-core has a CTH lane
clear the needs:area park	Classify the needs:area backlog	2026-09-09T19:32:23.1438887Z    DEFERRED #4905 sparq-lws-core sq-gg0qq.7 follow-up: promote the hermetic CTH config check into a per-PR lane
clear the needs:area park	Classify the needs:area backlog	2026-09-09T19:32:23.1439471Z    DEFERRED #4908 sparq-bench test(sparq-bench): differential fuzzer has no var-to-var correlated OPTIONAL condition — `try_theta_antijoin`'s FIRING p
clear the needs:area park	Classify the needs:area backlog	2026-09-09T19:32:23.1439933Z    DEFERRED #4910 zk-xpath noir_XPath face repo: correct F&O section citations in duration.nr + duration test_packages (8.4.3/8.4.4/8.3.17/8.3.18)
clear the needs:area park	Classify the needs:area backlog	2026-09-09T19:32:23.1440344Z    DEFERRED #4912 sparq-reason sq-6tykl.5 follow-up: server/introspect surface for the reasoning profile so the GUI can render it
clear the needs:area park	Classify the needs:area backlog	2026-09-09T19:32:23.1440693Z    DEFERRED #4913 sparq-reason sq-6tykl.5 follow-up: profile the N3 chainer and the stratified-datalog evaluator
clear the needs:area park	Classify the needs:area backlog	2026-09-09T19:32:23.1441131Z    DEFERRED #4914 ci CI: `sparq-reason --features profile` has no feature-matrix leg
clear the needs:area park	Classify the needs:area backlog	2026-09-09T19:32:23.1441738Z    DEFERRED #4916 sparq-reason coverage: re-seed the sparq-reason floor from the first with-datalog CI measurement (sq-iwf3c remainder)
clear the needs:area park	Classify the needs:area backlog	2026-09-09T19:32:23.1442227Z    DEFERRED #4918 sparq-lws-core sparq-lws-core: rate_limit.rs docs describe the CTH socat sidecar as unconditional (and contradict themselves on loopbac
clear the needs:area park	Classify the needs:area backlog	2026-09-09T19:32:23.1442625Z    DEFERRED #4920 gui gui/app file-decompress: no bzip2/zstd/zip test — only the gzip path is covered
clear the needs:area park	Classify the needs:area backlog	2026-09-09T19:32:23.1442955Z    DEFERRED #4923 sparq-mcp sparq-mcp: paginate resources/list and prompts/list (MCP cursor/nextCursor)
clear the needs:area park	Classify the needs:area backlog	2026-09-09T19:32:23.1443350Z    DEFERRED #4924 sparq-mcp sparq-mcp: emit notifications/resources/list_changed when an update changes the named-graph set
clear the needs:area park	Classify the needs:area backlog	2026-09-09T19:32:23.1443706Z    DEFERRED #4927 sparq-reason Re-seed sparq-reason coverage floor from the first green with-datalog CI measurement
clear the needs:area park	Classify the needs:area backlog	2026-09-09T19:32:23.1444134Z    DEFERRED #4931 sparq-server sparq-server: 7 broken intra-doc links in private items (only visible under --document-private-items)
clear the needs:area park	Classify the needs:area backlog	2026-09-09T19:32:23.1444580Z    DEFERRED #4932 sparq-server sparq-server point-in-time: reconstruct forward from a backup artifact instead of rewinding the whole graph
clear the needs:area park	Classify the needs:area backlog	2026-09-09T19:32:23.1445062Z    DEFERRED #4933 sparq-server sparq-server point-in-time: replace the O(graph) rewind with a structural-fork/COW delta chain when persistent indexes l
clear the needs:area park	Classify the needs:area backlog	2026-09-09T19:32:23.1445557Z    DEFERRED #4937 site-papers gui.yml `site build + typecheck` lane never compiles site/papers/*.typ (no Typst CLI installed)
clear the needs:area park	Classify the needs:area backlog	2026-09-09T19:32:23.1445983Z    DEFERRED #4938 sparq-mpc sparq-mpc: build the constant-round comparison the WAN selector now names (Rabbit/edaBits offline generator)
clear the needs:area park	Classify the needs:area backlog	2026-09-09T19:32:23.1446343Z    DEFERRED #4939 sparq-mpc sparq-mpc: no Boolean backend, so string/regex FILTER cannot be evaluated securely at all
clear the needs:area park	Classify the needs:area backlog	2026-09-09T19:32:23.1446694Z    DEFERRED #4940 bench sparq-mpc: wire the WAN protocol selector into the pipeline routing and the benchmark matrix
clear the needs:area park	Classify the needs:area backlog	2026-09-09T19:32:23.1447093Z    DEFERRED #4941 sparq-reason coverage ratchet: clear sparq-reason's seed_pending flag once the with-datalog measurement is in
clear the needs:area park	Classify the needs:area backlog	2026-09-09T19:32:23.1447414Z    DEFERRED #4943 sparq-server point-in-time: the log-LEADS-ring race maps to a 500, not a retryable 503
clear the needs:area park	Classify the needs:area backlog	2026-09-09T19:32:23.1447725Z    DEFERRED #4945 js js: Dataset.import still buffers the whole quad Stream before applying one delta
clear the needs:area park	Classify the needs:area backlog	2026-09-09T19:32:23.1448095Z    DEFERRED #4946 js js: SparqSource.removeMatches/deleteGraph materialise the whole matched graph before removing
clear the needs:area park	Classify the needs:area backlog	2026-09-09T19:32:23.1448452Z    DEFERRED #4947 js js: deleteGraph(string) reads a leading '_:' as an IRI, where N3.js reads it as a blank-node graph name
clear the needs:area park	Classify the needs:area backlog	2026-09-09T19:32:23.1448928Z    DEFERRED #4950 sparq-mpc Honesty drift: lib.rs says auth_compare is reported as OperatorClass::Comparison @ Malicious+Abort, but shamir.rs report
clear the needs:area park	Classify the needs:area backlog	2026-09-09T19:32:23.1449305Z    DEFERRED #4952 sparq-lws-core sq-gg0qq.6 follow-on: re-home origin/feat/lws into a crates/sparq-lws profile crate
clear the needs:area park	Classify the needs:area backlog	2026-09-09T19:32:23.1449673Z    DEFERRED #4953 sparq-lws-core Extend the lws-spec vector coverage ledger beyond evaluate-access (138 pending cases)
clear the needs:area park	Classify the needs:area backlog	2026-09-09T19:32:23.1450034Z    DEFERRED #4954 sparq-lws-core Opt-in CI lane to re-derive the lws-spec access vectors from the N3 rule set under EYE
clear the needs:area park	Classify the needs:area backlog	2026-09-09T19:32:23.1450371Z    DEFERRED #4955 sparq-lws-core Wire authz::access_profile into the LDP request path (soundness-sensitive)
clear the needs:area park	Classify the needs:area backlog	2026-09-09T19:32:23.1450730Z    DEFERRED #4958 sparq-mcp sparq-mcp: wire the Streamable HTTP transport into the `sparq-mcp` binary (`--http ADDR`)
clear the needs:area park	Classify the needs:area backlog	2026-09-09T19:32:23.1451219Z    DEFERRED #4959 sparq-mcp sparq-mcp: deliver SolidMcpServer notifications over the Streamable HTTP SSE stream
clear the needs:area park	Classify the needs:area backlog	2026-09-09T19:32:23.1451502Z    DEFERRED #4960 sparq-mcp sparq-mcp: no graceful shutdown for the Streamable HTTP accept loop
clear the needs:area park	Classify the needs:area backlog	2026-09-09T19:32:23.1451746Z    DEFERRED #4961 sparq-mcp sparq-mcp: Streamable HTTP sessions have no idle expiry
clear the needs:area park	Classify the needs:area backlog	2026-09-09T19:32:23.1452392Z    DEFERRED #4968 ci needs:user — apply model-tiered-scheduler-v2 to .claude/workflows/autonomous-scheduler.js (sq-sgu1.2 remainder)
clear the needs:area park	Classify the needs:area backlog	2026-09-09T19:32:23.1452795Z    DEFERRED #4972 js gui.yml path filter omits crates/sparq-wasm/** — wasm d.ts drift lands on main undetected
clear the needs:area park	Classify the needs:area backlog	2026-09-09T19:32:23.1453110Z    DEFERRED #4973 sparq-bench differential fuzzer: wire the second oracle (Jena/rdflib) into a CI lane
clear the needs:area park	Classify the needs:area backlog	2026-09-09T19:32:23.1453525Z    DEFERRED #4974 sparq-bench SubprocessOracle has no per-query timeout — a hung backend hangs the fuzz run
clear the needs:area park	Classify the needs:area backlog	2026-09-09T19:32:23.1453848Z    DEFERRED #4975 sparq-server pit: a cross-lineage ?at= span is refused as Uncovered (500), not Gap (410)
clear the needs:area park	Classify the needs:area backlog	2026-09-09T19:32:23.1454221Z    DEFERRED #4977 ci feature-matrix.yml comments still explain gating via the superseded pre-#3773 advisory NAME rule
clear the needs:area park	Classify the needs:area backlog	2026-09-09T19:32:23.1454741Z    DEFERRED #4979 ci fuzz.yml: nightly soak is truncated by timeout-minutes — 13 targets x NIGHTLY_SECS=600 is ~130min against a 60min ceilin
clear the needs:area park	Classify the needs:area backlog	2026-09-09T19:32:23.1455158Z    DEFERRED #4980 ci ci-select: five per-workflow `select` pre-jobs each pay a fetch-depth-0 checkout + cargo metadata on every push
clear the needs:area park	Classify the needs:area backlog	2026-09-09T19:32:23.1455584Z    DEFERRED #4981 sparq-mcp sparq-mcp http: over-cap refusals are written on the accept thread, so a non-reading peer can stall accepting
clear the needs:area park	Classify the needs:area backlog	2026-09-09T19:32:23.1455982Z    DEFERRED #4989 sparq-bench sq-qcnn.8 follow-up: provision a nightly lane that actually RUNS the Jena/rdflib oracle harnesses
clear the needs:area park	Classify the needs:area backlog	2026-09-09T19:32:23.1456529Z    DEFERRED #4991 sparq-bench sq-qcnn.8 follow-up: OracleResult drops the SELECT header variable list, hiding projection-list differences
clear the needs:area park	Classify the needs:area backlog	2026-09-09T19:32:23.1456910Z    DEFERRED #4993 ci test_no_deprecated_models.py pins a workflow FILENAME as a path trigger, forcing a redundant filter entry
clear the needs:area park	Classify the needs:area backlog	2026-09-09T19:32:23.1457450Z    DEFERRED #4995 ci bd-to-issues.py: edge-marker presence check is prefix-ambiguous — `Blocked-by: #26` reads as present in a body carrying 
clear the needs:area park	Classify the needs:area backlog	2026-09-09T19:32:23.1457927Z    DEFERRED #5006 sparq-reason sq-zgbso.4 remainder: give sparq-reason's CompiledRuleSet a build-time emission surface (serialize/const-table) so the N
clear the needs:area park	Classify the needs:area backlog	2026-09-09T19:32:23.1458338Z    DEFERRED #5008 ci docs-duplication (jscpd): consider path-filtering the lane so non-doc PRs skip the ~minutes-long corpus scan
clear the needs:area park	Classify the needs:area backlog	2026-09-09T19:32:23.1458853Z    DEFERRED #5013 sparq-zk-compose Noir program: no `bb` binary in any measurement environment — one missing capability blocks five beads
clear the needs:area park	Classify the needs:area backlog	2026-09-09T19:32:23.1459290Z    DEFERRED #5015 sparq-wrapper-shacl sparq-wrapper-shacl: provide a Store -> generated `Source` adapter so consumers don't hand-write it
clear the needs:area park	Classify the needs:area backlog	2026-09-09T19:32:23.1459698Z    DEFERRED #5016 sparq-wrapper-gen sparq-wrapper-gen: give the SHACL object-model generator an entry point (build script / CLI)
clear the needs:area park	Classify the needs:area backlog	2026-09-09T19:32:23.1460115Z    DEFERRED #5017 sparq-bench sparq-bench fuzz scratch directories use predictable, process-id-derived names in the shared temp dir
clear the needs:area park	Classify the needs:area backlog	2026-09-09T19:32:23.1460501Z    DEFERRED #5023 ci preflight.py should run the C1 feature-gated-test-execution guard (it is mechanical and diff-local)
clear the needs:area park	Classify the needs:area backlog	2026-09-09T19:32:23.1461089Z    DEFERRED #5034 sparq-serve sparq-serve: expose a cheap re-derived-from-disk change-log trim horizon so /streams tracks an out-of-band trim live
clear the needs:area park	Classify the needs:area backlog	2026-09-09T19:32:23.1461608Z    DEFERRED #5036 sparq-bench research/differential-testing-value-level.md: the "what exists" audit + §3.4 are stale after sq-qcnn.5
clear the needs:area park	Classify the needs:area backlog	2026-09-09T19:32:23.1462031Z    DEFERRED #5037 ci sq-qcnn.6: generator has no ASK / CONSTRUCT / DESCRIBE category, so the new value comparators have no live coverage
clear the needs:area park	Classify the needs:area backlog	2026-09-09T19:32:23.1462504Z    DEFERRED #5038 sparq-engine fuzz.rs: a bnode-bearing ORDER BY answer has its ORDER un-checked (RDFC-1.0 canonicalises the table, discarding row orde
clear the needs:area park	Classify the needs:area backlog	2026-09-09T19:32:23.1462964Z    DEFERRED #5039 sparq-wrapper-shacl sparq-wrapper-shacl: generated loader params `source`/`focus` can be shadowed by a field of the same name
clear the needs:area park	Classify the needs:area backlog	2026-09-09T19:32:23.1463327Z    DEFERRED #5040 sparq-wrapper-shacl sparq-wrapper-shacl: deep ACYCLIC sh:node nesting can still exhaust the stack
clear the needs:area park	Classify the needs:area backlog	2026-09-09T19:32:23.1463814Z    DEFERRED #5045 zk zk-toolchain.yml comment claims sparq_ieee754 @ v0.10.0; the compose tree pins v0.11.0
clear the needs:area park	Classify the needs:area backlog	2026-09-09T19:32:23.1464166Z    DEFERRED #5046 zk-xpath XPath differential lane still pins XPATH_TAG v0.2.0 while noir_XPath v0.3.0 is released
clear the needs:area park	Classify the needs:area backlog	2026-09-09T19:32:23.1464638Z    DEFERRED #5050 docs Doc honesty: research/shacl-compact-and-shuttle-parsers-2026-07.md calls parse_ns_per_byte a "deterministic ... CI floor
clear the needs:area park	Classify the needs:area backlog	2026-09-09T19:32:23.1465089Z    DEFERRED #5051 docs Doc honesty: research/optimization-audit-2026-07.md states parse_ns_per_byte "must hold or improve" as a gate condition
clear the needs:area park	Classify the needs:area backlog	2026-09-09T19:32:23.1465467Z    DEFERRED #5053 site-specs sparq-mcp/sparq-solid docs cite `site/specs/mcp-solid.typ`, which does not exist in the repo
clear the needs:area park	Classify the needs:area backlog	2026-09-09T19:32:23.1465881Z    DEFERRED #5054 sparq-mcp sparq-mcp: extend `accept` content negotiation beyond pod mode (base `construct` tool + `resources/read`)
clear the needs:area park	Classify the needs:area backlog	2026-09-09T19:32:23.1466268Z    DEFERRED #5056 sparq-vectors perf(vectors): ordered NEON kernel for the deterministic exact/Vamana/PQ paths on aarch64
clear the needs:area park	Classify the needs:area backlog	2026-09-09T19:32:23.1466834Z    DEFERRED #5057 bench bench(hardzone): the confirmation-pass wiring test does not pin re-measure ARGUMENT drift — a one-token workload-scale e
clear the needs:area park	Classify the needs:area backlog	2026-09-09T19:32:23.1467234Z    DEFERRED #5059 sparq-bench sparq-bench README.md is 38 lines but declares itself an internal stub (readme-template gate is RED)
clear the needs:area park	Classify the needs:area backlog	2026-09-09T19:32:23.1467911Z    DEFERRED #5069 sparq-policy sparq-policy: eval.rs rustdoc still attributes deny-overrides to a non-existent 'ODRL Formal Semantics §conflict'
clear the needs:area park	Classify the needs:area backlog	2026-09-09T19:32:23.1468269Z    DEFERRED #5070 ci preflight.py misses the feature-matrix leg-name golden, so adding an opt-in leg only reds on CI
clear the needs:area park	Classify the needs:area backlog	2026-09-09T19:32:23.1468612Z    DEFERRED #5072 sparq-kb literature_pilot still assumes OpenAlex is keyless (polite pool retired Feb 2026)
clear the needs:area park	Classify the needs:area backlog	2026-09-09T19:32:23.1469068Z    DEFERRED #5074 sparq-core docs(sparq-core): --no-default-features rustdoc is broken (8 unresolved intra-doc links to mmap-gated items)
clear the needs:area park	Classify the needs:area backlog	2026-09-09T19:32:23.1469596Z    DEFERRED #5075 sparq-text docs(sparq-text): --no-default-features rustdoc is broken (unresolved intra-doc links to engine-gated `rewrite` module)
clear the needs:area park	Classify the needs:area backlog	2026-09-09T19:32:23.1470019Z    DEFERRED #5077 sparq-lws-core sparq-lws-core README: drop the "doc-comments still cite source-repo paths" caveat once #4970 lands
clear the needs:area park	Classify the needs:area backlog	2026-09-09T19:32:23.1470407Z    DEFERRED #5078 sparq-lws-core sparq-lws-core: two design citations used a bare filename and escaped the namespace sweep
clear the needs:area park	Classify the needs:area backlog	2026-09-09T19:32:23.1471051Z    DEFERRED #5080 ci ci: wiring pins miss the job-level if: — 'if: false' disables a pinned command with the suite green (~33 commands affect
clear the needs:area park	Classify the needs:area backlog	2026-09-09T19:32:23.1471400Z    DEFERRED #5083 knowledge-graph bench/pkg-dogfood: no in-repo driver fans out the tagged A/B arms
clear the needs:area park	Classify the needs:area backlog	2026-09-09T19:32:23.1471789Z    DEFERRED #5084 knowledge-graph bench/pkg-dogfood: analyze3.py and stats.py leak file handles (`json.load(open(...))`)
clear the needs:area park	Classify the needs:area backlog	2026-09-09T19:32:23.1472068Z    DEFERRED #5087 js check-bundle.mjs guards `fzstd` but not the `seek-bzip` bzip2 decoder
clear the needs:area park	Classify the needs:area backlog	2026-09-09T19:32:23.1472463Z    DEFERRED #5088 knowledge-graph bench/pkg-dogfood/analyze3.py grades a missing answer as 0.0 rather than reporting it
clear the needs:area park	Classify the needs:area backlog	2026-09-09T19:32:23.1472944Z    DEFERRED #5090 sparq-reason RDFS materializer under-entails when a rule DERIVES a schema triple (single-pass schema saturation is not a fixpoint)
clear the needs:area park	Classify the needs:area backlog	2026-09-09T19:32:23.1473434Z    DEFERRED #5091 sparq-reason substrate-join forfeits the rayon ABox fan-out in the RDFS sweep (the substrate sweep is serial in both parallel feature
clear the needs:area park	Classify the needs:area backlog	2026-09-09T19:32:23.1473872Z    DEFERRED #5094 sparq-lws-core Issue #4971 (and likely its sq-gg0qq.10 siblings) cites a research/lws-design-records.md that does not exist
clear the needs:area park	Classify the needs:area backlog	2026-09-09T19:32:23.1474242Z    DEFERRED #5100 gui GUI: SHACL shapes loaded in the SHACL tool are invisible to the query builder's shape-aware pickers
clear the needs:area park	Classify the needs:area backlog	2026-09-09T19:32:23.1474572Z    DEFERRED #5101 gui GUI: visual query builder cannot round-trip hand-edited SPARQL back into the canvas
clear the needs:area park	Classify the needs:area backlog	2026-09-09T19:32:23.1474976Z    DEFERRED #5102 gui GUI: query-builder NOT-EXISTS branches are limited to a leaf node in v1
clear the needs:area park	Classify the needs:area backlog	2026-09-09T19:32:23.1475298Z    DEFERRED #5106 ci test_ring_credential_loud.py silently mis-diagnoses when `jq` is absent from PATH
clear the needs:area park	Classify the needs:area backlog	2026-09-09T19:32:23.1475753Z    DEFERRED #5107 ci selftest write guard: neutralisation is order-insensitive (accepts a seam rebound AFTER the write), and the self-test po
clear the needs:area park	Classify the needs:area backlog	2026-09-09T19:32:23.1476118Z    DEFERRED #5108 ci test_ring_credential_loud.py misreports a missing `jq` as "the control is a no-op in BOTH states"
clear the needs:area park	Classify the needs:area backlog	2026-09-09T19:32:23.1476539Z    DEFERRED #5110 ci Dispatch datalog-souffle.yml once to validate the runner-side Soufflé install step
clear the needs:area park	Classify the needs:area backlog	2026-09-09T19:32:23.1476992Z    DEFERRED #5111 sparq-reason Re-seed the sparq-reason coverage floor: it is still seed_pending and could not be measured for sq-xzb9p either
clear the needs:area park	Classify the needs:area backlog	2026-09-09T19:32:23.1477321Z    DEFERRED #5114 js site/src/lib/dataset-archive.ts duplicates packages/sparq-client/src/decompress.ts
clear the needs:area park	Classify the needs:area backlog	2026-09-09T19:32:23.1477814Z    DEFERRED #5121 ci ci(alarm): review-alarm.yml has failed 8 consecutive scheduled runs — the watchdog has been blind since 07-27
clear the needs:area park	Classify the needs:area backlog	2026-09-09T19:32:23.1478233Z    DEFERRED #5129 sparq-server preflight.py misses the C1 feature-gated-test-execution guard and the feature-matrix tier ratchet
clear the needs:area park	Classify the needs:area backlog	2026-09-09T19:32:23.1478633Z    DEFERRED #5134 sparq-bench sparq-bench: two independent oxrdf -> sparq-difftest neutral-term bridges after the #4988 merge
clear the needs:area park	Classify the needs:area backlog	2026-09-09T19:32:23.1479107Z    DEFERRED #5136 ci pr-area-label: move the write-capable label mutation to a trusted-definition workflow_run path
clear the needs:area park	Classify the needs:area backlog	2026-09-09T19:32:23.1479463Z    DEFERRED #5142 sparq-mcp sparq-mcp: `resources/subscribe` notifications have no shipped delivery channel
clear the needs:area park	Classify the needs:area backlog	2026-09-09T19:32:23.1479899Z    DEFERRED #5143 sparq-mcp sparq-mcp: lazy BM25 `text_index` forces `&mut self` on a read-only tool, blocking any read/write concurrency split
clear the needs:area park	Classify the needs:area backlog	2026-09-09T19:32:23.1480455Z    DEFERRED #5144 sparq-lws-core sparq-lws-core README sits exactly AT the 120-line readme-template cap — next doc addition reds docs-quality
clear the needs:area park	Classify the needs:area backlog	2026-09-09T19:32:23.1480771Z    DEFERRED #5152 ci Report jscpd markdown-class clone false positives upstream (kucherenko/jscpd)
clear the needs:area park	Classify the needs:area backlog	2026-09-09T19:32:23.1481238Z    DEFERRED #5153 ci ci-latency-alarm: 1 CI execution-latency breach(es) in sparq-org/sparq
clear the needs:area park	Classify the needs:area backlog	2026-09-09T19:32:23.1481647Z    DEFERRED #5168 ci ci(miri): a shard queueing 2 heavy tests can still be CANCELLED at the 130m backstop before its classifier runs
clear the needs:area park	Classify the needs:area backlog	2026-09-09T19:32:23.1482144Z    DEFERRED #5169 sparq-substrate ci(formal-verification): split the 26-harness sparq-substrate compare ORDER-law suite into multiple matrix entries
clear the needs:area park	Classify the needs:area backlog	2026-09-09T19:32:23.1482498Z    DEFERRED #5171 ci coverage: extend changed-cone enforcement to the dedicated sparq-engine coverage pipeline
clear the needs:area park	Classify the needs:area backlog	2026-09-09T19:32:23.1482827Z    DEFERRED #5172 sparq-shacl coverage.sh: skip the W3C fixture fetch when the resolved crate list is empty
clear the needs:area park	Classify the needs:area backlog	2026-09-09T19:32:23.1483128Z    DEFERRED #5173 ci cone_coverage.py: rename shadow_report() / the shadow-report CLI mode to report()
clear the needs:area park	Classify the needs:area backlog	2026-09-09T19:32:23.1483512Z    DEFERRED #5174 site-papers paper-evidence: memsafety.unsafe_sites_core `note` still cites a stale "76-site total"
clear the needs:area park	Classify the needs:area backlog	2026-09-09T19:32:23.1483883Z    DEFERRED #5175 sparq-zk sparq-zk: `VcCryptosuite` doc still calls the SD suites "a deferred seam" after sq-u5y1f landed
clear the needs:area park	Classify the needs:area backlog	2026-09-09T19:32:23.1484311Z    DEFERRED #5176 sparq-zk sparq-zk: SD ingest seam (sq-u5y1f) public API is absent from `skills/zk-query-proofs/SKILL.md` + crate README
clear the needs:area park	Classify the needs:area backlog	2026-09-09T19:32:23.1484656Z    DEFERRED #5178 ci ci-summary-status: close the quiet-head liveness gap before the required-check migration
clear the needs:area park	Classify the needs:area backlog	2026-09-09T19:32:23.1485010Z    DEFERRED #5179 ci ci-summary-status: move the bounded cancelled-run re-dispatch into the event-driven evaluator
clear the needs:area park	Classify the needs:area backlog	2026-09-09T19:32:23.1485390Z    DEFERRED #5180 ci Maintainer sign-off: add `ci-summary-status` alongside `gate` in the main branch-protection ruleset
clear the needs:area park	Classify the needs:area backlog	2026-09-09T19:32:23.1485656Z    DEFERRED #5181 ci Measure the ci-summary-status workflow_run self-chain no-op run volume
clear the needs:area park	Classify the needs:area backlog	2026-09-09T19:32:23.1486123Z    DEFERRED #5184 ci CI: `test (load-aware shard heavy-hnsw)` red on PR #5146 with no reproducible cause in the tree
clear the needs:area park	Classify the needs:area backlog	2026-09-09T19:32:23.1486563Z    DEFERRED #5186 sparq-conformance inference-conformance-report.md carries a hand-added scope paragraph the emitter never writes
clear the needs:area park	Classify the needs:area backlog	2026-09-09T19:32:23.1487044Z    DEFERRED #5187 site-papers Conformance ratchet floors are copied into ASSURANCE.md and site/src/data/paper-evidence.json with no machine binding to
clear the needs:area park	Classify the needs:area backlog	2026-09-09T19:32:23.1487436Z    DEFERRED #5188 ci feature-matrix: close the sparq-canon/rdf12-triple-terms C1 allowlist gap now that a fragment exists
clear the needs:area park	Classify the needs:area backlog	2026-09-09T19:32:23.1487996Z    DEFERRED #5190 gui,deps sq-mc06h: remaining engine-embedding surfaces — gui/src-tauri decision + sparq-wasm byte-identical feature-off gate
clear the needs:area park	Classify the needs:area backlog	2026-09-09T19:32:23.1488348Z    DEFERRED #5191 sparq-py sparq-py planner tripwire vanishes silently if the features are dropped from `default`
clear the needs:area park	Classify the needs:area backlog	2026-09-09T19:32:23.1488592Z    DEFERRED #5192 ci sparq-mcp has no `--no-default-features` CI lane
clear the needs:area park	Classify the needs:area backlog	2026-09-09T19:32:23.1488912Z    DEFERRED #5193 site Stale "Privacy (ZK / MPC)" theme label in redirect-stub copy and surfaces.ts comment
clear the needs:area park	Classify the needs:area backlog	2026-09-09T19:32:23.1489473Z    DEFERRED #5195 knowledge-graph pkg-query NlToolResult does not surface citations or qualification — GenAI-KB Phase 7 arms P1/P2 are placebos
clear the needs:area park	Classify the needs:area backlog	2026-09-09T19:32:23.1489930Z    DEFERRED #5197 knowledge-graph bench/pkg-dogfood/stats.py asserts "honest": True instead of computing it
clear the needs:area park	Classify the needs:area backlog	2026-09-09T19:32:23.1490371Z    DEFERRED #5204 ci ci: extend the sq-6vshe.1 build-profile trio to the remaining compile-bearing native lanes (miri/fuzz/kani/build-matrix)
clear the needs:area park	Classify the needs:area backlog	2026-09-09T19:32:23.1490808Z    DEFERRED #5205 ci ci(coverage): confirm from a real CI run that cargo-llvm-cov actually extends the new job-level RUSTFLAGS, and record th
clear the needs:area park	Classify the needs:area backlog	2026-09-09T19:32:23.1491566Z    DEFERRED #5208 docs Doc honesty (research/shared-eval-substrate.md): stale wasm_bundle_bytes floor — says 1686907, bench/perf-baseline.json 
clear the needs:area park	Classify the needs:area backlog	2026-09-09T19:32:23.1491971Z    DEFERRED #5210 sparq-reason bench(reason): measure the un-pre-folded Nemo cls-svf1/cls-int1 form against a real Nemo build
clear the needs:area park	Classify the needs:area backlog	2026-09-09T19:32:23.1492240Z    DEFERRED #5211 ci ci: scripts/bench-adapters/test_adapters.py is not run by any workflow
clear the needs:area park	Classify the needs:area backlog	2026-09-09T19:32:23.1492548Z    DEFERRED #5224 e2ee sparq-e2ee-ng: streaming/lazy block fetch for open_object (BlockStore trait)
clear the needs:area park	Classify the needs:area backlog	2026-09-09T19:32:23.1492878Z    DEFERRED #5225 e2ee sparq-e2ee-ng: no golden wire vector for the ObjectNodeV0 Merkle-node plaintext
clear the needs:area park	Classify the needs:area backlog	2026-09-09T19:32:23.1493352Z    DEFERRED #5228 sparq-zk sq-vvfte: append the DualLeafV1 host-commit shapes to research/zk-field-native-encoding.md §14
clear the needs:area park	Classify the needs:area backlog	2026-09-09T19:32:23.1493649Z    DEFERRED #5245 e2ee sparq-e2ee-ng: per-branch read secrets for a multi-branch read capability
clear the needs:area park	Classify the needs:area backlog	2026-09-09T19:32:23.1494021Z    DEFERRED #5246 e2ee sparq-e2ee-ng: design §8.2 does not document profile capability fields 15-18
clear the needs:area park	Classify the needs:area backlog	2026-09-09T19:32:23.1494466Z    DEFERRED #5252 ci preflight's diff-scoped no-perf-numbers invocation bypasses the script's default exclusions (false positives vs CI)
clear the needs:area park	Classify the needs:area backlog	2026-09-09T19:32:23.1494885Z    DEFERRED #5254 ci C1 guard has no local/pre-push runner — the drain path that actually broke it is uncovered
clear the needs:area park	Classify the needs:area backlog	2026-09-09T19:32:23.1495253Z    DEFERRED #5255 ci A conflict resolution can silently DELETE a feature-matrix leg + its golden line and pass every gate
clear the needs:area park	Classify the needs:area backlog	2026-09-09T19:32:23.1495712Z    DEFERRED #5257 ci check-feature-test-execution.py is blind to feature-gated src/ modules, so a whole module's unit tests can silently neve
clear the needs:area park	Classify the needs:area backlog	2026-09-09T19:32:23.1496050Z    DEFERRED #5258 ci test_mergequeue_cache_posture.py cannot see a DUPLICATED `save-if` key in a rust-cache step
clear the needs:area park	Classify the needs:area backlog	2026-09-09T19:32:23.1496513Z    DEFERRED #5262 ci ci: pin merge_queue grouping_strategy=ALLGREEN — the unpinned premise under merge-group test selection
clear the needs:area park	Classify the needs:area backlog	2026-09-09T19:32:23.1496885Z    DEFERRED #5263 sparq-zk-compose LANG_NONE doc comments claim a small field tag "can never collide" a blake3 output
clear the needs:area park	Classify the needs:area backlog	2026-09-09T19:32:23.1497353Z    DEFERRED #5264 sparq-mpc auth_disclose: re-scope the "adopted second operand" tier downgrade to the corrupt-DEALER model (or supply a <=t-party w
clear the needs:area park	Classify the needs:area backlog	2026-09-09T19:32:23.1497947Z    DEFERRED #5265 sparq-server sparq-server query-registry update tests catch the in-flight window by wall-clock, not by a deterministic seam
clear the needs:area park	Classify the needs:area backlog	2026-09-09T19:32:23.1498281Z    DEFERRED #5267 e2ee sparq-e2ee-ng: Capability::encode_secret leaves un-zeroized secret CBOR fragments
clear the needs:area park	Classify the needs:area backlog	2026-09-09T19:32:23.1498681Z    DEFERRED #5268 ci vectors-aarch64: heavy 50k recall tests run without the RAYON_NUM_THREADS=1 pin ci.yml deliberately applies
clear the needs:area park	Classify the needs:area backlog	2026-09-09T19:32:23.1499016Z    DEFERRED #5269 ci CARGO_TERM_COLOR=always + machine-parsed cargo/nextest output is an unguarded CI footgun
clear the needs:area park	Classify the needs:area backlog	2026-09-09T19:32:23.1499411Z    DEFERRED #5270 sparq-mpc MacSession::mac_check_and_open rustdoc states the batched soundness as an alpha-forgery bound only
clear the needs:area park	Classify the needs:area backlog	2026-09-09T19:32:23.1499778Z    DEFERRED #5274 js js: `@jeswr/sparq/wasm/sparq_wasm.js` is documented but unreachable (ERR_PACKAGE_PATH_NOT_EXPORTED)
clear the needs:area park	Classify the needs:area backlog	2026-09-09T19:32:23.1500077Z    DEFERRED #5279 ci Inertness audits pin a hard-coded Rust-CI workflow list that silently shrinks
clear the needs:area park	Classify the needs:area backlog	2026-09-09T19:32:23.1500508Z    DEFERRED #5283 sparq-canon fuzz/tests/canonicalize_nquads.rs is dead code — nothing ever compiles or runs it
clear the needs:area park	Classify the needs:area backlog	2026-09-09T19:32:23.1501050Z    DEFERRED #5285 sparq-solid sq-8n6iv (a): Solid-OIDC / DPoP token validation + principal derivation for an authenticated MCP path
clear the needs:area park	Classify the needs:area backlog	2026-09-09T19:32:23.1501501Z    DEFERRED #5287 sparq-mcp sparq-mcp pod mode: container_list returns members the session may not read
clear the needs:area park	Classify the needs:area backlog	2026-09-09T19:32:23.1501919Z    DEFERRED #5288 site-specs Doc drift: crates/sparq-mcp and skills/agent-tools cite site/specs/mcp-solid.typ, which does not exist
clear the needs:area park	Classify the needs:area backlog	2026-09-09T19:32:23.1502232Z    DEFERRED #5290 sparq-serve change-stream: per-commit CDC recording is O(full graph), not O(delta)
clear the needs:area park	Classify the needs:area backlog	2026-09-09T19:32:23.1502715Z    DEFERRED #5292 sparq-trust sparq-trust README honesty sweep: a merged feature was documented as PLANNED — not implemented
clear the needs:area park	Classify the needs:area backlog	2026-09-09T19:32:23.1503220Z    DEFERRED #5294 sparq-conformance inference report: committed Overall heading + provenance paragraph are hand-edits the generator cannot reproduce
clear the needs:area park	Classify the needs:area backlog	2026-09-09T19:32:23.1503617Z    DEFERRED #5295 ci Generalize the ratchet-copy drift gate to the SPARQL conformance job (RATCHET=1229) and scoreboard.rs prose
clear the needs:area park	Classify the needs:area backlog	2026-09-09T19:32:23.1504095Z    DEFERRED #5298 sparq-zk sparq-zk: ZkDataset::query_traced should reject FROM / FROM NAMED prover-side, symmetric to the verifier gate (sq-p2hci 
clear the needs:area park	Classify the needs:area backlog	2026-09-09T19:32:23.1504542Z    DEFERRED #5301 ci CI cache: the same first-writer-wins contention as sq-an4by exists on the cross-workflow `site-wasm` / `differential-nig
clear the needs:area park	Classify the needs:area backlog	2026-09-09T19:32:23.1504929Z    DEFERRED #5302 sparq-trust trust-expression fixture guard: substring scan for KNOWN_FAILING is self-triggering by design
clear the needs:area park	Classify the needs:area backlog	2026-09-09T19:32:23.1505256Z    DEFERRED #5307 ci CI: scripts/agent-telemetry/**/*.md is gated by lychee + typos but not by markdownlint
clear the needs:area park	Classify the needs:area backlog	2026-09-09T19:32:23.1505599Z    DEFERRED #5309 sparq-solid sparq-solid: deterministic per-document skolemization (replace positional gix)
clear the needs:area park	Classify the needs:area backlog	2026-09-09T19:32:23.1505965Z    DEFERRED #5310 sparq-solid sparq-solid: memoize the resource set + ancestry closure (invariant under ACL writes)
clear the needs:area park	Classify the needs:area backlog	2026-09-09T19:32:23.1506297Z    DEFERRED #5311 sparq-solid sparq-solid: global principal-lattice summary + full-materialize fallback
clear the needs:area park	Classify the needs:area backlog	2026-09-09T19:32:23.1506748Z    DEFERRED #5312 sparq-solid sparq-solid: control-document dependency + reverse-dependency index (with rule-linkage exhaustiveness test)
clear the needs:area park	Classify the needs:area backlog	2026-09-09T19:32:23.1507117Z    DEFERRED #5313 sparq-solid sparq-solid: scoped-vs-full materializer property-test harness (7 named regressions)
clear the needs:area park	Classify the needs:area backlog	2026-09-09T19:32:23.1507352Z    DEFERRED #5314 sparq-solid sparq-solid: WAC pod-scoped materialize + splice
clear the needs:area park	Classify the needs:area backlog	2026-09-09T19:32:23.1507592Z    DEFERRED #5315 sparq-solid sparq-solid: ACP pod-scoped materialize + splice
clear the needs:area park	Classify the needs:area backlog	2026-09-09T19:32:23.1508005Z    DEFERRED #5316 sparq-solid sparq-solid: AuthIndex per-origin bucket patch (replace whole-view from_graph on the scoped path)
clear the needs:area park	Classify the needs:area backlog	2026-09-09T19:32:23.1508391Z    DEFERRED #5317 sparq-solid sparq-solid: scoped invalidation for group-document edits
clear the needs:area park	Classify the needs:area backlog	2026-09-09T19:32:23.1508848Z    DEFERRED #5321 zk-xpath noir_XPath: mirror the fn:avg(()) divergence decision upstream (verify actual behaviour + doc-comment it at the source)
clear the needs:area park	Classify the needs:area backlog	2026-09-09T19:32:23.1509250Z    DEFERRED #5323 sparq-trust sq-pfae.11 residue: real Control-gating wiring + in-.acr ABAC-rule discovery (both P4 / sq-pfae.5)
clear the needs:area park	Classify the needs:area backlog	2026-09-09T19:32:23.1509711Z    DEFERRED #5325 ci Wire scripts/bead-export-sync.sh --apply into the autonomous-scheduler tick (not just the AGENTS.md maintenance loop)
clear the needs:area park	Classify the needs:area backlog	2026-09-09T19:32:23.1510018Z    DEFERRED #5326 ci Add a staleness ALARM for the committed bead board (.beads/issues.jsonl on main)
clear the needs:area park	Classify the needs:area backlog	2026-09-09T19:32:23.1510483Z    DEFERRED #5330 ci,sparq-vectors vamana-disk: give the extracted crate a heavy-recall CI shard and move the 50k harness + pareto_bench down to it
clear the needs:area park	Classify the needs:area backlog	2026-09-09T19:32:23.1510810Z    DEFERRED #5331 ci vamana-disk: not covered by the cargo-mutants matrix or the per-crate coverage ratchet
clear the needs:area park	Classify the needs:area backlog	2026-09-09T19:32:23.1511266Z    DEFERRED #5335 sparq-vectors test(vectors): no in-tree NEON equivalent of the x86_64 AVX2 non-vacuity guard
clear the needs:area park	Classify the needs:area backlog	2026-09-09T19:32:23.1511655Z    DEFERRED #5337 sparq-reason sparq-reason: fold the two derived-integer XSD facet tables into one crate-internal table
clear the needs:area park	Classify the needs:area backlog	2026-09-09T19:32:23.1512132Z    DEFERRED #5339 ci sparq-server: add feature-matrix legs for `shacl` and `backup` (allowlisted no-executor gaps)
clear the needs:area park	Classify the needs:area backlog	2026-09-09T19:32:23.1512503Z    DEFERRED #5340 ci sparq-server: `n3-patch`-gated tests in tests/gsp_patch.rs have no CI executor and no allowlist entry
clear the needs:area park	Classify the needs:area backlog	2026-09-09T19:32:23.1512922Z    DEFERRED #5341 ci mutation ratchet: the per-crate `features:` list in ci.yml drifts silently when a new default-OFF feature lands
clear the needs:area park	Classify the needs:area backlog	2026-09-09T19:32:23.1513332Z    DEFERRED #5344 sparq-solid sparq-solid: decide the trust model for cross-document control triples in the merged reasoner input
clear the needs:area park	Classify the needs:area backlog	2026-09-09T19:32:23.1513792Z    DEFERRED #5347 zk-xpath zk/xpath differential: no guard expires the host-side codepoint->byte substring conversion when noir_XPath gains a codep
clear the needs:area park	Classify the needs:area backlog	2026-09-09T19:32:23.1514177Z    DEFERRED #5348 docs Doc honesty drift: several docs still say the DualLeafV1 leaf encoding is "NOT implemented (sq-j506)"
clear the needs:area park	Classify the needs:area backlog	2026-09-09T19:32:23.1514573Z    DEFERRED #5349 sparq-zk-compose sq-j506 remainder: verify_manifest does not read the recorded zk:scheme to gate sub-proofs
clear the needs:area park	Classify the needs:area backlog	2026-09-09T19:32:23.1514916Z    DEFERRED #5350 sparq-zk GraphCommitment::method is not yet consumed by the ingest/registry write path
clear the needs:area park	Classify the needs:area backlog	2026-09-09T19:32:23.1515245Z    DEFERRED #5356 ci CI: harden the 19 conformance ratchet parsers from first-match (`head -1`) to last-match
clear the needs:area park	Classify the needs:area backlog	2026-09-09T19:32:23.1515701Z    DEFERRED #5358 sparq-canon sparq-canon rdf12 profile: eager permutations() defeats the HNDQ poison-graph guard (OOM instead of fail-closed)
clear the needs:area park	Classify the needs:area backlog	2026-09-09T19:32:23.1516135Z    DEFERRED #5359 sparq-canon sparq-canon: standard path silently rejects RDF-1.2 directional-language literals via the oxrdf-0.2 bridge
clear the needs:area park	Classify the needs:area backlog	2026-09-09T19:32:23.1516567Z    DEFERRED #5360 sparq-difftest deny.toml duplicate-version blocker registry omits sparq-difftest as a holder of oxrdf 0.2 / rdf-canon
clear the needs:area park	Classify the needs:area backlog	2026-09-09T19:32:23.1517115Z    DEFERRED #5362 ci feature-matrix: no lane anywhere runs `cargo test --all-features` for any crate — sparq-solid is the only one now covere
clear the needs:area park	Classify the needs:area backlog	2026-09-09T19:32:23.1517561Z    DEFERRED #5368 ci ci: flaky-leg rerun probe only covers omnibus branches, so a red feature-matrix leg on a normal PR has no flake evidence
clear the needs:area park	Classify the needs:area backlog	2026-09-09T19:32:23.1517833Z    DEFERRED #5369 ci CI: no gate catches a duplicate YAML mapping key in .github/workflows/*.yml
clear the needs:area park	Classify the needs:area backlog	2026-09-09T19:32:23.1518274Z    DEFERRED #5373 sparq-reason eyereasoner-compat: wire the _plus_rules output modes to the new reason_n3_pass_all (sq-xqchl.2 second half)
clear the needs:area park	Classify the needs:area backlog	2026-09-09T19:32:23.1518690Z    DEFERRED #5375 sparq-zk-compose ZK: no prover-side helper derives the honest `ProofManifest::pattern_scans` declaration
clear the needs:area park	Classify the needs:area backlog	2026-09-09T19:32:23.1519305Z    DEFERRED #5376 sparq-zk-compose ZK: `global_attributions` and `bind_joins` still resolve pattern→scan by constant MEMBERSHIP, not the declared `pattern_
clear the needs:area park	Classify the needs:area backlog	2026-09-09T19:32:23.1519761Z    DEFERRED #5379 ci ci(gate): close or re-scope #3758 — its residual is now fully addressed
clear the needs:area park	Classify the needs:area backlog	2026-09-09T19:32:23.1520087Z    DEFERRED #5383 sparq-solid Audit ACP for other unrecognized-attribute fail-OPEN matchers beyond acp:vc
clear the needs:area park	Classify the needs:area backlog	2026-09-09T19:32:23.1520495Z    DEFERRED #5386 sparq-zk-compose zk-compose: query-semantic witness that scans excluded by `pattern_scans` cannot contribute
clear the needs:area park	Classify the needs:area backlog	2026-09-09T19:32:23.1521121Z    DEFERRED #5387 ci docs(honesty): OpenSSF slice still claims Scorecard uploads SARIF to code-scanning — the upload step was removed
clear the needs:area park	Classify the needs:area backlog	2026-09-09T19:32:23.1521654Z    DEFERRED #5388 ci docs(honesty): CIS slice contradicts itself on GX-12 — gap-register says container scanning ADDRESSED, controls.md/READM
clear the needs:area park	Classify the needs:area backlog	2026-09-09T19:32:23.1522047Z    DEFERRED #5389 docs docs(honesty): unsafe-crate count drift across compliance slices (26/31 vs 31/36 vs threat-model 42/44)
clear the needs:area park	Classify the needs:area backlog	2026-09-09T19:32:23.1522387Z    DEFERRED #5390 ci chore(compliance): grep-a-workflow-file evidence steps prove existence, not execution
clear the needs:area park	Classify the needs:area backlog	2026-09-09T19:32:23.1522727Z    DEFERRED #5391 sparq-reason reason_n3_pass_all leaks the engine-internal `__ua_` name for @forAll universals
clear the needs:area park	Classify the needs:area backlog	2026-09-09T19:32:23.1523028Z    DEFERRED #5394 ci bd-to-issues.py plan() silently drops bd's `blocked-by`-typed dependency rows
clear the needs:area park	Classify the needs:area backlog	2026-09-09T19:32:23.1523546Z    DEFERRED #5395 ci Decide (and then implement or decline) mirroring bd blocker edges into NATIVE GitHub issue dependencies
clear the needs:area park	Classify the needs:area backlog	2026-09-09T19:32:23.1523881Z    DEFERRED #5398 ci The required-check name `gate` is now hard-coded in three scripts with no cross-file pin
clear the needs:area park	Classify the needs:area backlog	2026-09-09T19:32:23.1524269Z    DEFERRED #5410 sparq-vectors Cross-reference the external-key .spqv profile from the urn:concept verifier design record
clear the needs:area park	Classify the needs:area backlog	2026-09-09T19:32:23.1524601Z    DEFERRED #5414 js js: `_copy:wasm` still uses `rm -rf`/`cp`, so the git-pin `prepare` build cannot work on Windows
clear the needs:area park	Classify the needs:area backlog	2026-09-09T19:32:23.1525010Z    DEFERRED #5420 sparq-mpc MPC: MacSession::auth_mul needs Chida-style multiplication-gate verification binding BOTH operands
clear the needs:area park	Classify the needs:area backlog	2026-09-09T19:32:23.1525304Z    DEFERRED #5423 ci docs-quality.yml: no lint catches the same gate script wired into one job twice
clear the needs:area park	Classify the needs:area backlog	2026-09-09T19:32:23.1525783Z    DEFERRED #5449 sparq-mpc MPC: pre-existing "MAC-check before open" wording overstates the transcript ordering across auth_compare / auth_disclose
clear the needs:area park	Classify the needs:area backlog	2026-09-09T19:32:23.1526171Z    DEFERRED #5458 ci Decide whether the unattributed residue should be PARKED needs:area, not only counted (#5004 write half)
clear the needs:area park	Classify the needs:area backlog	2026-09-09T19:32:23.1526697Z    DEFERRED #5468 sparq-zk sparq-zk: VALUE_NONE rustdoc omits the §14.1 reserved-tag obligation (and the constant does not satisfy it)
clear the needs:area park	Classify the needs:area backlog	2026-09-09T19:32:23.1527084Z    DEFERRED #5469 sparq-canon sparq-canon rdf12: eager permutation materialization defeats the HNDQ poison-graph guard
clear the needs:area park	Classify the needs:area backlog	2026-09-09T19:32:23.1527470Z    DEFERRED #5470 sparq-difftest deny.toml duplicate-version blocker registry omits sparq-difftest as an oxrdf 0.2 holder
clear the needs:area park	Classify the needs:area backlog	2026-09-09T19:32:23.1528071Z    DEFERRED #5471 sparq-canon Program: delete sparq-canon's oxrdf-0.3 ↔ 0.2 N-Quads bridge (beads for research/sparq-canon-oxrdf03-bridge-removal.md §
clear the needs:area park	Classify the needs:area backlog	2026-09-09T19:32:23.1528401Z    DEFERRED #5477 ci docs gates: book/** is still outside the advisory external-links (lychee online) file list
clear the needs:area park	Classify the needs:area backlog	2026-09-09T19:32:23.1528886Z    DEFERRED #5478 ci advisory.markdownlint-cli2.jsonc ignores only research/ + zk/, but is documented as "whole repo MINUS the HARD-gated dir
clear the needs:area park	Classify the needs:area backlog	2026-09-09T19:32:23.1529409Z    DEFERRED #5479 ci docs gates: the metrics/ "add to lychee once #1064/#1063 merge" note in .markdownlint-cli2.jsonc is now stale — metrics/
clear the needs:area park	Classify the needs:area backlog	2026-09-09T19:32:23.1529796Z    DEFERRED #5482 sparq-canon sparq-canon: the standard path's TripleTerm guard also assumes triple terms are object-only
clear the needs:area park	Classify the needs:area backlog	2026-09-09T19:32:23.1530185Z    DEFERRED #5485 sparq-trust sparq-trust: wire require_one_side_bound into wire::derive_grants as a fail-closed pre-check
clear the needs:area park	Classify the needs:area backlog	2026-09-09T19:32:23.1530785Z    DEFERRED #5486 sparq-trust sparq-trust: admissibility transitive-closure rule is only safe while LEVEL_ORDERS stays a bundled constant
clear the needs:area park	Classify the needs:area backlog	2026-09-09T19:32:23.1531348Z    DEFERRED #5488 sparq-server perf: lock-free ring-pressure gauge so streaming admission does not take the writer-side mutex per request
clear the needs:area park	Classify the needs:area backlog	2026-09-09T19:32:23.1531754Z    DEFERRED #5490 sparq-mpc Reconcile the research records now that sq-shk5 (DP output cardinality + eps budget) has landed
clear the needs:area park	Classify the needs:area backlog	2026-09-09T19:32:23.1532389Z    DEFERRED #5491 sparq-mpc sparq-mpc DP mode: distributed noise generation (the dealer currently learns the true count)
clear the needs:area park	Classify the needs:area backlog	2026-09-09T19:32:23.1532978Z    DEFERRED #5492 sparq-mpc sparq-mpc DP mode: tighter privacy accounting (advanced composition / zCDP) for EpsilonLedger
clear the needs:area park	Classify the needs:area backlog	2026-09-09T19:32:23.1533709Z    DEFERRED #5494 zk zk-toolchain.yml header still cites the externalization-time face-repo versions (noir_IEEE754 v0.10.0, noir_XPath v0.2.0
clear the needs:area park	Classify the needs:area backlog	2026-09-09T19:32:23.1534487Z    DEFERRED #5495 zk-xpath run_differential_harness.sh --update-committed hard-requires nargo even though the golden regeneration is cargo-only
clear the needs:area park	Classify the needs:area backlog	2026-09-09T19:32:23.1535346Z    DEFERRED #5497 sparq-zk-compose M4-v1: cross-check the federated public-input word convention against sparq-zk-compose's single-source reconstruct_publi
clear the needs:area park	Classify the needs:area backlog	2026-09-09T19:32:23.1536076Z    DEFERRED #5498 ci preflight.py misses the C1 feature-gated-test-execution guard, so a new opt-in feature reds the whole feature-matrix on 
clear the needs:area park	Classify the needs:area backlog	2026-09-09T19:32:23.1536922Z    DEFERRED #5506 sparq-zk-compose zk: extend the operand_enc drift guard to the GUI's copy of the committed fixtures
clear the needs:area park	Classify the needs:area backlog	2026-09-09T19:32:23.1537342Z    DEFERRED #5507 gui gui: add Playwright coverage for the new ZK + MPC workbench tools
clear the needs:area park	Classify the needs:area backlog	2026-09-09T19:32:23.1537970Z    DEFERRED #5511 ci test_ring_credential_loud.py depends on ambient `jq` and fails with a misleading assertion when it is absent
clear the needs:area park	Classify the needs:area backlog	2026-09-09T19:32:23.1538516Z    DEFERRED #5516 sparq-server sparq-server: make the degraded-response byte budget operator-configurable
clear the needs:area park	Classify the needs:area backlog	2026-09-09T19:32:23.1539190Z    DEFERRED #5517 sparq-server sparq-server: CSV/TSV/XML SELECT and CONSTRUCT/DESCRIBE still materialise the whole response unbounded
clear the needs:area park	Classify the needs:area backlog	2026-09-09T19:32:23.1539632Z    DEFERRED #5519 gui perf(gui): gui/app is missing the radix-ui barrel tree-shake that site/ has
clear the needs:area park	Classify the needs:area backlog	2026-09-09T19:32:23.1540191Z    DEFERRED #5521 ci sq-lfmvd stage-1 observation: confirm ci-summary-status fires and agrees with `ci-summary / gate`
clear the needs:area park	Classify the needs:area backlog	2026-09-09T19:32:23.1541211Z    DEFERRED #5522 ci sq-lfmvd blocker for stage 3: the cancelled-newest-run re-dispatch has no home in the slotless design
clear the needs:area park	Classify the needs:area backlog	2026-09-09T19:32:23.1541818Z    DEFERRED #5523 ci sq-lfmvd: the slotless evaluator holds every draft PR at `pending` instead of evaluating at draft tier
clear the needs:area park	Classify the needs:area backlog	2026-09-09T19:32:23.1542510Z    DEFERRED #5527 sparq-server slow-query-log: a streamed SELECT's recorded wall time is a lower bound (measurement stops at the response head)
clear the needs:area park	Classify the needs:area backlog	2026-09-09T19:32:23.1543105Z    DEFERRED #5533 ci OrchestrationSafeInertnessTests still audits a hand-maintained Rust-CI workflow list (fail-open)
clear the needs:area park	Classify the needs:area backlog	2026-09-09T19:32:23.1543673Z    DEFERRED #5535 ci selection-alarm: a failed DECLARED-ADVISORY lane both mints a finding and blocks the window bound
clear the needs:area park	Classify the needs:area backlog	2026-09-09T19:32:23.1544212Z    DEFERRED #5536 ci Measure and repair the nightly full-matrix backstop's own health (#5025 acceptance items 1 and 3)
clear the needs:area park	Classify the needs:area backlog	2026-09-09T19:32:23.1545150Z    DEFERRED #5538 sparq-policy sparq-policy: retire VENDORED_SEC_PROP_DIMS exemption now that the vendored dimensions are declared subjects
clear the needs:area park	Classify the needs:area backlog	2026-09-09T19:32:23.1545710Z    DEFERRED #5539 sparq-vectors unsafe-register: the four sparq-vectors simd.rs rows are 2 lines stale
clear the needs:area park	Classify the needs:area backlog	2026-09-09T19:32:23.1546367Z    DEFERRED #5540 site-papers memsafety evidence MS-1: '60 total crates' is stale (live: 68) and the accounting does not add up
clear the needs:area park	Classify the needs:area backlog	2026-09-09T19:32:23.1546901Z    DEFERRED #5541 bench Follow-up to #3699: move the DiskANN recall/Pareto harnesses into sparq-vamana
clear the needs:area park	Classify the needs:area backlog	2026-09-09T19:32:23.1548046Z    DEFERRED #5543 sparq-fedplan-mpc sq-1fo4 follow-up: maintainer decision on §9 Q3 — where the Phase-5 plan digest attaches to the collaborative proof
clear the needs:area park	Classify the needs:area backlog	2026-09-09T19:32:23.1549173Z    DEFERRED #5544 sparq-zk-compose sq-1fo4 follow-up: extend the M4-v1 federated public-input layout to carry the Phase-5 plan digest (audit-gated)
clear the needs:area park	Classify the needs:area backlog	2026-09-09T19:32:23.1550094Z    DEFERRED #5549 sparq-solid sparq-solid: positional skolemization makes put_acl churn unrelated documents' skolem IRIs (defeats the sq-b7k7u diff on
clear the needs:area park	Classify the needs:area backlog	2026-09-09T19:32:23.1551246Z    DEFERRED #5550 sparq-solid sparq-solid: a static-target update_as write to a content-graph group document does not re-materialize the auth view (st
clear the needs:area park	Classify the needs:area backlog	2026-09-09T19:32:23.1552359Z    DEFERRED #5551 sparq-solid sparq-solid: security review — does a named graph <https://> break the container-chain origin-termination assumption?
clear the needs:area park	Classify the needs:area backlog	2026-09-09T19:32:23.1552862Z    DEFERRED #5554 ci pages.yml header asserts an undated live Pages API result as current fact
clear the needs:area park	Classify the needs:area backlog	2026-09-09T19:32:23.1553686Z    DEFERRED #5555 sparq-policy sparq-policy: retire the VENDORED_SEC_PROP_DIMS exemption now that secprop-ext.ttl declares the three subjects
clear the needs:area park	Classify the needs:area backlog	2026-09-09T19:32:23.1554358Z    DEFERRED #5557 ci ci_execution_latency_alarm test: `assertIn("M4-declared-cadence-unachievable", out)` is vacuous
clear the needs:area park	Classify the needs:area backlog	2026-09-09T19:32:23.1555160Z    DEFERRED #5566 ci Container image coordinate is self-contradictory: `ghcr.io/jeswr/sparq-server` vs `ghcr.io/sparq-org/sparq-server` acros
clear the needs:area park	Classify the needs:area backlog	2026-09-09T19:32:23.1556084Z    DEFERRED #5567 ci 23 stale `jeswr/sparq` coordinates remain in `.github/workflows/*.yml` after the #5546 markdown sweep
clear the needs:area park	Classify the needs:area backlog	2026-09-09T19:32:23.1556871Z    DEFERRED #5569 sparq-zk vc_bridge_json: SD suites need `u`/base64url multibase, so a real bbs-2023 / ecdsa-sd-2023 document cannot reach the vc_
clear the needs:area park	Classify the needs:area backlog	2026-09-09T19:32:23.1557485Z    DEFERRED #5571 gui GUI ZK tool: add a real-path browser prove/verify gate in the gui-mock-ipc Playwright lane
clear the needs:area park	Classify the needs:area backlog	2026-09-09T19:32:23.1558370Z    DEFERRED #5572 sparq-zk-compose site: zk-car-hire refusal classification is as broad as the GUI's was (misreports prover failures as cryptographic refus
clear the needs:area park	Classify the needs:area backlog	2026-09-09T19:32:23.1558839Z    DEFERRED #5583 gui GUI MPC panel: no browser test drives the panel's own compute path
clear the needs:area park	Classify the needs:area backlog	2026-09-09T19:32:23.1559547Z    DEFERRED #5585 sparq-engine sparq-engine: mark the pure `update`/`update_prepared` returning-a-new-Graph API `#[must_use]`
clear the needs:area park	Classify the needs:area backlog	2026-09-09T19:32:23.1560437Z    DEFERRED #5587 sparq-canon Triage the 15 kind-(B) recorded gaps in scripts/feature-matrix-unlegged.allowlist.json (per-crate: add a leg or a covera
clear the needs:area park	Classify the needs:area backlog	2026-09-09T19:32:23.1561623Z    DEFERRED #5588 sparq-solid scripts/check-feature-test-execution.allowlist.json carries 7 more entries that look stale (no staleness check exists)
clear the needs:area park	Classify the needs:area backlog	2026-09-09T19:32:23.1562259Z    DEFERRED #5590 ci test_ring_credential_loud.py has an undeclared `jq` dependency and misdiagnoses when it is absent
clear the needs:area park	Classify the needs:area backlog	2026-09-09T19:32:23.1562794Z    DEFERRED #5592 ci Seed sparq-lws-core's line-% coverage floor from the coverage-lws lane's first run
clear the needs:area park	Classify the needs:area backlog	2026-09-09T19:32:23.1563650Z    DEFERRED #5593 sparq-lws-core coverage-nightly now also measures sparq-lws-core — watch its 60-minute budget
clear the needs:area park	Classify the needs:area backlog	2026-09-09T19:32:23.1564491Z    DEFERRED #5596 sparq-zk sq-j3b9 residual: arkworks ark-ff field ops on the signing path are still not asserted constant-time (the actual curve/d
clear the needs:area park	Classify the needs:area backlog	2026-09-09T19:32:23.1565149Z    DEFERRED #5597 sparq-zk sparq-zk sig.rs: derive_nonce leaves unzeroized copies of the secret nonce in Vec<u8> buffers
clear the needs:area park	Classify the needs:area backlog	2026-09-09T19:32:23.1565917Z    DEFERRED #5601 sparq-zk-compose GUI ZK prover duplicates the site's operand_enc fixtures with no drift guard on the copy
clear the needs:area park	Classify the needs:area backlog	2026-09-09T19:32:23.1566759Z    DEFERRED #5604 sparq-trust sparq-trust: reorder admissibility DISCHARGE_RULE premise to avoid a constraint x method cross product
clear the needs:area park	Classify the needs:area backlog	2026-09-09T19:32:23.1567359Z    DEFERRED #5605 sparq-reason sparq-reason: order non-delta join atoms by boundness in match_premise_seeded
clear the needs:area park	Classify the needs:area backlog	2026-09-09T19:32:23.1567973Z    DEFERRED #5606 sparq-reason sparq-reason: add a one-side-bound-seeding (OSB) rule lint over parser::Parsed
clear the needs:area park	Classify the needs:area backlog	2026-09-09T19:32:23.1568809Z    DEFERRED #5607 sparq-trust sparq-trust: gate wire::derive_grants on a decidable rule fragment (it currently accepts arbitrary N3 with no budget)
clear the needs:area park	Classify the needs:area backlog	2026-09-09T19:32:23.1569813Z    DEFERRED #5608 sparq-solid sparq-solid: three wac.n3 rules violate one-side-bound seeding (low-selectivity type atom written first)
clear the needs:area park	Classify the needs:area backlog	2026-09-09T19:32:23.1570683Z    DEFERRED #5609 sparq-trust sparq-trust: derive_conditional_grants runs one full N3 closure per admitted fact
clear the needs:area park	Classify the needs:area backlog	2026-09-09T19:32:23.1571574Z    DEFERRED #5610 bench bench/trust-admission: add the structural cost inputs the P8 analysis names to the deterministic schema
clear the needs:area park	Classify the needs:area backlog	2026-09-09T19:32:23.1572238Z    DEFERRED #5611 sparq-policy sparq-solid: audit acp-a/b/c.n3 and odrl-*.n3 against the one-side-bound seeding property
clear the needs:area park	Classify the needs:area backlog	2026-09-09T19:32:23.1572924Z    DEFERRED #5612 sparq-server slow-query-log: the threshold comparison in the HTTP recording seam is not pinned by any test
clear the needs:area park	Classify the needs:area backlog	2026-09-09T19:32:23.1573548Z    DEFERRED #5613 sparq-server sparq-server README omits the slow-query-log opt-in feature from its feature list
clear the needs:area park	Classify the needs:area backlog	2026-09-09T19:32:23.1574218Z    DEFERRED #5614 ci feature-matrix invariant (3): a crate with no fragment and no registry entry is enumerated by nothing
clear the needs:area park	Classify the needs:area backlog	2026-09-09T19:32:23.1574989Z    DEFERRED #5615 sparq-server Solid conformance: an LDP resource-serving path needs the 401 + WWW-Authenticate lane, not the uniform 403
clear the needs:area park	Classify the needs:area backlog	2026-09-09T19:32:23.1575455Z    DEFERRED #5617 ci CI: no mechanism re-evaluates open PRs when their base branch advances
clear the needs:area park	Classify the needs:area backlog	2026-09-09T19:32:23.1576337Z    DEFERRED #5620 ci preflight.py does not cover the feature-matrix gates (the opt-in-feature PR's most likely red)
clear the needs:area park	Classify the needs:area backlog	2026-09-09T19:32:23.1577162Z    DEFERRED #5622 ci ci(perf): merge_group entry wall regressed ~+6 m between 2026-07-10 and 2026-07-26 — find the cause
clear the needs:area park	Classify the needs:area backlog	2026-09-09T19:32:23.1577778Z    DEFERRED #5623 ci ci(coverage): take a job-level pre/post merge_group sample to attribute the build->test chain growth
clear the needs:area park	Classify the needs:area backlog	2026-09-09T19:32:23.1578531Z    DEFERRED #5632 sparq-mpc sparq-mpc: no entry point gives BOTH malicious integrity and decision-time obliviousness for the hidden join
clear the needs:area park	Classify the needs:area backlog	2026-09-09T19:32:23.1579468Z    DEFERRED #5633 sparq-mpc sparq-mpc: auth_join::malicious_hidden_join holds the whole |L|x|R| authenticated batch in memory for its single sigma o
clear the needs:area park	Classify the needs:area backlog	2026-09-09T19:32:23.1579982Z    DEFERRED #5635 bench bench_registry: whitespace-only benchmark `id = " "` is accepted by _ID_RE
clear the needs:area park	Classify the needs:area backlog	2026-09-09T19:32:23.1580425Z    DEFERRED #5636 ci preflight.py does not enforce the feature-matrix two-file scope rule
clear the needs:area park	Classify the needs:area backlog	2026-09-09T19:32:23.1581259Z    DEFERRED #5637 ci supply-chain gate: two network-bound steps in the GATING lane still have no flake retry
clear the needs:area park	Classify the needs:area backlog	2026-09-09T19:32:23.1581835Z    DEFERRED #5639 ci ci: test_ci_select_wiring guards evaluated against under-populated contexts can pass null-truthy
clear the needs:area park	Classify the needs:area backlog	2026-09-09T19:32:23.1582147Z    DEFERRED #5640 sparq-server sparq-server README: opt-in feature list omits `slow-query-log`
clear the needs:area park	Classify the needs:area backlog	2026-09-09T19:32:23.1582680Z    DEFERRED #5646 sparq-vectors research/genai-urn-concept-verifier-design.md §1 gate verdict is now partially stale
clear the needs:area park	Classify the needs:area backlog	2026-09-09T19:32:23.1583179Z    DEFERRED #5648 ci docs-quality.yml: unquoted step names ending in ` — #NNNN)` are silently truncated by YAML comment parsing
clear the needs:area park	Classify the needs:area backlog	2026-09-09T19:32:23.1583591Z    DEFERRED #5650 sparq-policy ODRL bridge: a collection-valued prohibition denies only the REQUESTING member (one-shot scope)
clear the needs:area park	Classify the needs:area backlog	2026-09-09T19:32:23.1584036Z    DEFERRED #5651 sparq-forms sparq-forms: blank-node labels and triple-term fallback text are still spliced verbatim into SPARQL updates
clear the needs:area park	Classify the needs:area backlog	2026-09-09T19:32:23.1584349Z    DEFERRED #5657 ci sq-6vshe.15 item 3: EXECUTE the sccache A/B dispatch runs and record the verdict
clear the needs:area park	Classify the needs:area backlog	2026-09-09T19:32:23.1584570Z    DEFERRED #5658 ci No actionlint / YAML-validity lane for .github/workflows
clear the needs:area park	Classify the needs:area backlog	2026-09-09T19:32:23.1585067Z    DEFERRED #5659 sparq-policy ODRL bridge: carry PartyCollection IDENTITY separately from membership evidence (close the un-evidenced collection deny/
clear the needs:area park	Classify the needs:area backlog	2026-09-09T19:32:23.1585514Z    DEFERRED #5662 ci ci: per-lane merge_group re-sample for the lanes never measured (vectorized-feature-off, routing-self-tests, pr-area-lab
clear the needs:area park	Classify the needs:area backlog	2026-09-09T19:32:23.1586085Z    DEFERRED #5666 ci ci(cache): give mutants-diff.yml a main-seeded shared-key so it can join the sq-3sbrr save discipline
clear the needs:area park	Classify the needs:area backlog	2026-09-09T19:32:23.1586478Z    DEFERRED #5670 ci ci: lint for the rust-cache `key:`-does-not-share footgun repo-wide, not just the coverage-engine pair
clear the needs:area park	Classify the needs:area backlog	2026-09-09T19:32:23.1586883Z    DEFERRED #5674 ci ci: measure the actual Actions-cache BYTE total on main before/after the conformance-suites shared-key collapse
clear the needs:area park	Classify the needs:area backlog	2026-09-09T19:32:23.1587435Z    DEFERRED #5675 ci ci: coverage-nightly and mutants-nightly-advisory rust-cache steps are also unkeyed — #5214 enumerated 14, there are 16
clear the needs:area park	Classify the needs:area backlog	2026-09-09T19:32:23.1587743Z    DEFERRED #5676 ci flow-on-gates.yml writes pr-labels.txt into the repo ROOT (stageable CI scratch)
clear the needs:area park	Classify the needs:area backlog	2026-09-09T19:32:23.1588233Z    DEFERRED #5680 sparq-zk-compose [selection-alarm] nightly full-matrix shard failure needs crate-triage (change-based selection active in window)
clear the needs:area park	Classify the needs:area backlog	2026-09-09T19:32:23.1588733Z    DEFERRED #5681 sparq-solid sparq-solid: condition_agents rustdoc still describes the pre-Policy::party_collections design (stale after PR #5649 rou
clear the needs:area park	Classify the needs:area backlog	2026-09-09T19:32:23.1589148Z    DEFERRED #5683 ci ci: the remaining `labeled` half of every flip still starts ~5 full workflow runs of skipped no-ops (#5215 follow-up)
clear the needs:area park	Classify the needs:area backlog	2026-09-09T19:32:23.1589561Z    DEFERRED #5684 ci ci: vectorized-feature-off.yml has no #2546 label-trigger guard, so every label event starts both jobs for real
clear the needs:area park	Classify the needs:area backlog	2026-09-09T19:32:23.1590181Z    DEFERRED #5695 sparq-solid sparq-solid: offer a request-ATOMIC budgeted update (update_in_place_atomic_with_budget) so a mid-apply budget trip roll
clear the needs:area park	Classify the needs:area backlog	2026-09-09T19:32:23.1590736Z    DEFERRED #5696 sparq-mcp sparq-mcp: SolidServerConfig/ServerConfig query_timeout_secs is whole-seconds only — no sub-second tool budget
clear the needs:area park	Classify the needs:area backlog	2026-09-09T19:32:23.1591579Z    DEFERRED #5698 sparq-conformance el_suite: DOCUMENTED_DIVERGENCES doc-comment still says "The 28 entries below" — there are 11
clear the needs:area park	Classify the needs:area backlog	2026-09-09T19:32:23.1592100Z    DEFERRED #5699 sparq-reason-el el_suite: re-verify the New-Feature-SelfRestriction-002 divergence against a fetched W3C export (may allow an EL_SUITE_F
clear the needs:area park	Classify the needs:area backlog	2026-09-09T19:32:23.1592507Z    DEFERRED #5703 sparq-lws-core lws notifications: enforce per-resource WAC on subscribe (the sparq#992 blocker has lifted)
clear the needs:area park	Classify the needs:area backlog	2026-09-09T19:32:23.1592887Z    DEFERRED #5704 sparq-lws-core lws: correct five stale M2-next markers (they claim unimplemented work that has shipped)
clear the needs:area park	Classify the needs:area backlog	2026-09-09T19:32:23.1593305Z    DEFERRED #5705 sparq-lws-core lws: pin existence-non-disclosure V5 structurally (container ETag is guarded only by placement)
clear the needs:area park	Classify the needs:area backlog	2026-09-09T19:32:23.1593626Z    DEFERRED #5706 deps supply-chain: promote the hickory 0.26.1 rows from cargo-vet exemption to audit
clear the needs:area park	Classify the needs:area backlog	2026-09-09T19:32:23.1593986Z    DEFERRED #5707 sparq-lws-core lws: optionally confirm the sq-gg0qq.8 branch triage at commit level (needs network)
clear the needs:area park	Classify the needs:area backlog	2026-09-09T19:32:23.1594443Z    DEFERRED #5708 sparq-lws-core lws: object_store-backed BlobStore adapter (S3/Local) — the remaining large M2 item
clear the needs:area park	Classify the needs:area backlog	2026-09-09T19:32:23.1594709Z    DEFERRED #5709 sparq-lws-core lws: support N-Triples/N-Quads/N3 as LDP read formats
clear the needs:area park	Classify the needs:area backlog	2026-09-09T19:32:23.1595012Z    DEFERRED #5710 sparq-server sparq-server README: opt-in feature inventory omits `slow-query-log`
clear the needs:area park	Classify the needs:area backlog	2026-09-09T19:32:23.1595381Z    DEFERRED #5712 sparq-solid preflight.py does not catch wasm32-only compile breakage in wasm-lane crates
clear the needs:area park	Classify the needs:area backlog	2026-09-09T19:32:23.1595892Z    DEFERRED #5715 ci Decide the acir witness-forge dependency route before implementing the noir#13314 L1 guard (§5.8 item 2)
clear the needs:area park	Classify the needs:area backlog	2026-09-09T19:32:23.1596355Z    DEFERRED #5717 ci vectorized-feature-off: run the heavy wasm double-build only when sparq-wasm is in the affected closure (non-draft PRs t
clear the needs:area park	Classify the needs:area backlog	2026-09-09T19:32:23.1596751Z    DEFERRED #5719 bench Register the crates/ + bench/ + site/ generated-golden companions in .github/generated-companions.json
clear the needs:area park	Classify the needs:area backlog	2026-09-09T19:32:23.1597066Z    DEFERRED #5720 bench gen-metric-labels.py --check reports drift but does not name which query moved
clear the needs:area park	Classify the needs:area backlog	2026-09-09T19:32:23.1597682Z    DEFERRED #5721 sparq-wasm,sparq-core,sparq-engine,sparq-substrate artifact-exact-equality (wasm feature-OFF) reds on a PR provably outside the sparq-wasm default-feature closure
clear the needs:area park	Classify the needs:area backlog	2026-09-09T19:32:23.1598208Z    DEFERRED #5724 ci ci-select: audit .github/**-reading gate scripts for the same raw-text hazard #5237 found in sparq-bench
clear the needs:area park	Classify the needs:area backlog	2026-09-09T19:32:23.1598681Z    DEFERRED #5726 sparq-mpc secprop vocab: mint secx:Malicious / secx:Covert / secx:DishonestMajority assumption IRIs (Phase 1 gap blocking full spa
clear the needs:area park	Classify the needs:area backlog	2026-09-09T19:32:23.1599044Z    DEFERRED #5727 ci el_suite: stale divergence count ("28 entries") in DOCUMENTED_DIVERGENCES rustdoc + ci.yml comment
clear the needs:area park	Classify the needs:area backlog	2026-09-09T19:32:23.1599525Z    DEFERRED #5729 ci ci: `text-oracle` + `rsp-oracle` measure 0.98 pairwise — candidates for a second rust-cache shared-key group
clear the needs:area park	Classify the needs:area backlog	2026-09-09T19:32:23.1600080Z    DEFERRED #5731 ci Structural guard C1 (check-feature-test-execution.py) cannot see feature-gated test modules inside src/ — the exact hole
clear the needs:area park	Classify the needs:area backlog	2026-09-09T19:32:23.1600486Z    DEFERRED #5732 ci Sweep every crate for feature-gated lib unit tests that no CI lane runs (sq-mwnko audited sparq-conformance only)
clear the needs:area park	Classify the needs:area backlog	2026-09-09T19:32:23.1601141Z    DEFERRED #5734 ci ci: probe + alarm on merge-queue precondition drift (grouping_strategy != ALLGREEN, or a per-leg name in required_status
clear the needs:area park	Classify the needs:area backlog	2026-09-09T19:32:23.1601515Z    DEFERRED #5735 ci ci: settle merge_group.base_sha semantics for a stacked group and fix the ci-select.yml comment
clear the needs:area park	Classify the needs:area backlog	2026-09-09T19:32:23.1601992Z    DEFERRED #5736 ci ci: measure the cost of `event == merge_group => mode=full` from existing data (natural experiment)
clear the needs:area park	Classify the needs:area backlog	2026-09-09T19:32:23.1602328Z    DEFERRED #5738 sparq-zk-compose ZK drift guard does not cover the GUI's copy of the committed term anchors
clear the needs:area park	Classify the needs:area backlog	2026-09-09T19:32:23.1602651Z    DEFERRED #5744 ci flow-on-gates.yml comment claims "31 tests" for scripts/tests/test_flow_on.py (now 54)
clear the needs:area park	Classify the needs:area backlog	2026-09-09T19:32:23.1602912Z    DEFERRED #5745 ci gui: run the ZK prover integration test (npm run test:zk-proof) in CI
clear the needs:area park	Classify the needs:area backlog	2026-09-09T19:32:23.1603299Z    DEFERRED #5747 ci ci: batch-merge.py constituent_class ignores the ownership map, so a site-only PR still batches as ENGINE
clear the needs:area park	Classify the needs:area backlog	2026-09-09T19:32:23.1603980Z    DEFERRED #5749 sparq-solid security(solid): update WHERE clause reads graphs the actor cannot read — cross-graph copy-out via PodStore::update_as
clear the needs:area park	Classify the needs:area backlog	2026-09-09T19:32:23.1604453Z    DEFERRED #5750 sparq-solid security(solid): update deny verdict is an equality oracle over unreadable data (and the error message discloses the gra
clear the needs:area park	Classify the needs:area backlog	2026-09-09T19:32:23.1604849Z    DEFERRED #5753 ci ci: run scripts/ci_merge_group_poles.py and record the measured top-3 merge_group poles in the fast-lane epic
clear the needs:area park	Classify the needs:area backlog	2026-09-09T19:32:23.1605217Z    DEFERRED #5754 ci ci: several docs-quality.yml step names are silently truncated by an unquoted ' #NNNN' issue reference
clear the needs:area park	Classify the needs:area backlog	2026-09-09T19:32:23.1605681Z    DEFERRED #5756 sparq-reason sparq-reason: a single-pass N3 closure fails OPEN on a stratified rule set that negates via log:collectAllIn
clear the needs:area park	Classify the needs:area backlog	2026-09-09T19:32:23.1606020Z    DEFERRED #5757 sparq-lws-core lws-spec conformance: wire the remaining 9 vector suites (138 of 157 vectors)
clear the needs:area park	Classify the needs:area backlog	2026-09-09T19:32:23.1606427Z    DEFERRED #5758 sparq-shacl lws-spec conformance: vendor the SHACL shapes and wire the document-validation vector operations
clear the needs:area park	Classify the needs:area backlog	2026-09-09T19:32:23.1606816Z    DEFERRED #5759 sparq-lws-core lws-spec conformance: the 19 wired vectors do not cover the rule set's segment-safety guard
clear the needs:area park	Classify the needs:area backlog	2026-09-09T19:32:23.1607355Z    DEFERRED #5761 sparq-reason-dl,sparq-conformance ci.yml DL-direct lane comment cites stale floors (68 profile / 184 direct) and mislabels the re-grep as an `==` pin
clear the needs:area park	Classify the needs:area backlog	2026-09-09T19:32:23.1607698Z    DEFERRED #5762 ci scripts/tests/test_ring_credential_loud.py fails misleadingly when `jq` is absent from PATH
clear the needs:area park	Classify the needs:area backlog	2026-09-09T19:32:23.1608302Z    DEFERRED #5766 sparq-zk-compose noir-optimization-program.md §5.2: re-inventory + re-baseline the sparq measurement corpus (8 documented vs 37 zk/compos
clear the needs:area park	Classify the needs:area backlog	2026-09-09T19:32:23.1608856Z    DEFERRED #5768 sparq-reason-dl,sparq-conformance ci.yml: DL arm comment cites stale pins (68 profile / 184 direct) — source consts are 93 / 227
clear the needs:area park	Classify the needs:area backlog	2026-09-09T19:32:23.1609330Z    DEFERRED #5774 ci solid-conformance CI job should also run the solid-sparql-query query-semantics runner
clear the needs:area park	Classify the needs:area backlog	2026-09-09T19:32:23.1609758Z    DEFERRED #5779 gui GUI graph lens: expose a real ranking signal for the default lens's ?rank (no autocomplete-rank surface on the wasm bund
clear the needs:area park	Classify the needs:area backlog	2026-09-09T19:32:23.1610169Z    DEFERRED #5780 gui GUI graph view: an INFERRED rdf:reifies triple loses its why() explain affordance once annotations are folded
clear the needs:area park	Classify the needs:area backlog	2026-09-09T19:32:23.1610500Z    DEFERRED #5782 gui GUI: surface the lens slot/form contract at authoring + import time, not only at run time
clear the needs:area park	Classify the needs:area backlog	2026-09-09T19:32:23.1610879Z    DEFERRED #5783 gui GUI: the Graph view editor executes a typed SPARQL UPDATE while reporting "use a CONSTRUCT or DESCRIBE"
clear the needs:area park	Classify the needs:area backlog	2026-09-09T19:32:23.1611489Z    DEFERRED #5785 ci Generalise the `jq` tool-dependency precondition to the other bash-driving suites in scripts/tests/
clear the needs:area park	Classify the needs:area backlog	2026-09-09T19:32:23.1612060Z    DEFERRED #5787 sparq-solid solid: pattern-scope replica cache invalidates wholesale — plumb the written-graph set for per-graph invalidation
clear the needs:area park	Classify the needs:area backlog	2026-09-09T19:32:23.1612396Z    DEFERRED #5788 sparq-solid solid: session_cache and scope_cache duplicate the bounded-sharded-map shape
clear the needs:area park	Classify the needs:area backlog	2026-09-09T19:32:23.1612759Z    DEFERRED #5789 sparq-solid solid: PodStore::graph is pub, so direct mutation silently bypasses every derived cache
clear the needs:area park	Classify the needs:area backlog	2026-09-09T19:32:23.1613328Z    DEFERRED #5791 ci ci-summary: exclude `schedule`-triggered runs from the gate's sibling set (implements research/ci-gate-cron-sibling-scop
clear the needs:area park	Classify the needs:area backlog	2026-09-09T19:32:23.1613853Z    DEFERRED #5793 ci Five nightly lane headers claim the ci-summary gate 'never sees' them — true for the PR gate, false for the main push ga
clear the needs:area park	Classify the needs:area backlog	2026-09-09T19:32:23.1614321Z    DEFERRED #5806 ci ci_select: make the workflow raw-text consumers parse-based so `.github/workflows/**` can rejoin the inert-edit carve-ou
clear the needs:area park	Classify the needs:area backlog	2026-09-09T19:32:23.1614640Z    DEFERRED #5816 ci ci.yml: a heavy shard's matrix filter can drift out of HEAVY and silently run ZERO tests
clear the needs:area park	Classify the needs:area backlog	2026-09-09T19:32:23.1615003Z    DEFERRED #5818 ci 4 CI lint scripts document a non-existent `ci-scripts` job (and claim it installs no Python deps)
clear the needs:area park	Classify the needs:area backlog	2026-09-09T19:32:23.1615357Z    DEFERRED #5821 ci Stale rationale comment in test_preflight.py: ci-summary no longer excludes checks by name regex
clear the needs:area park	Classify the needs:area backlog	2026-09-09T19:32:23.1615603Z    DEFERRED #5847 ci CI does not run scripts/push-frontier.sh --dry-run-self-test
clear the needs:area park	Classify the needs:area backlog	2026-09-09T19:32:23.1615940Z    DEFERRED #5855 ci Re-source the wasm-pack doc-hint extractor from .github/wasm-pack-version once #5305 lands
clear the needs:area park	Classify the needs:area backlog	2026-09-09T19:32:23.1616291Z    DEFERRED #5865 ci Add an actionlint workflow-lint lane (waivers are now pre-armed in .github/actionlint.yaml)
clear the needs:area park	Classify the needs:area backlog	2026-09-09T19:32:23.1616626Z    DEFERRED #5870 sparq-zk drift: crate `sparq-zk` carries conformance ratchets outside the central scoreboard
clear the needs:area park	Classify the needs:area backlog	2026-09-09T19:32:23.1616993Z    DEFERRED #5874 docs docs: point the AGENTS.md 'new npm package' row at the package-test-execution guard once #5742 merges
clear the needs:area park	Classify the needs:area backlog	2026-09-09T19:32:23.1617358Z    DEFERRED #5879 ci Workflow-parsing repo gates are unrunnable locally: no PyYAML and no pip in the worker sandbox
clear the needs:area park	Classify the needs:area backlog	2026-09-09T19:32:23.1617672Z    DEFERRED #5880 ci heavy-set-alarm: ci.yml `HEAVY` no longer matches the measured heavy set (UNDECLARED)
clear the needs:area park	Classify the needs:area backlog	2026-09-09T19:32:23.1618116Z    DEFERRED #5882 ci A gating self-test silently skipTests when a host tool is missing (test_workflow_dispatch_contract.py, routing-self-test
clear the needs:area park	Classify the needs:area backlog	2026-09-09T19:32:23.1618687Z    DEFERRED #5884 site-specs pr-backlog: resolve stale PR #4334 — research(orchestration): sub-crate dispatch parallelism — measured; region partitio
clear the needs:area park	Classify the needs:area backlog	2026-09-09T19:32:23.1619063Z    DEFERRED #5890 ci ci-summary: the feature-matrix reporter hold has no unsatisfiable-hold fast-fail (the #3781 treatment)
clear the needs:area park	Classify the needs:area backlog	2026-09-09T19:32:23.1619351Z    DEFERRED #5895 ci bd-to-issues.py::plan() silently drops `blocked-by`-typed dependency rows
clear the needs:area park	Classify the needs:area backlog	2026-09-09T19:32:23.1619667Z    DEFERRED #5896 ci Triage the rest of the unmerged branch fix/readiness-visibility-opus5 before it rots
clear the needs:area park	Classify the needs:area backlog	2026-09-09T19:32:23.1620116Z    DEFERRED #5899 ci merge queue: nothing detects an entry that VANISHES without firing pull_request.dequeued
clear the needs:area park	Classify the needs:area backlog	2026-09-09T19:32:23.1620553Z    DEFERRED #5900 ci merge queue ruleset settings (check_response_timeout_minutes, max_entries_*, grouping strategy) are unrecorded and undet
clear the needs:area park	Classify the needs:area backlog	2026-09-09T19:32:23.1621335Z    DEFERRED #5903 site-specs pr-backlog: resolve stale PR #3435 — ci: batch-merge v2 — batch all eligible + recursive halve-and-land bisection
clear the needs:area park	Classify the needs:area backlog	2026-09-09T19:32:23.1621758Z    DEFERRED #5905 ci beads-infra: automate the .beads/issues.jsonl export itself (post-mutation bd hook or scheduler-tick step)
clear the needs:area park	Classify the needs:area backlog	2026-09-09T19:32:23.1622144Z    DEFERRED #5908 workspace CI: the rustfmt gate does not reach bench/parse, bench/serve or fuzz (separate cargo workspaces)
clear the needs:area park	Classify the needs:area backlog	2026-09-09T19:32:23.1622503Z    DEFERRED #5916 deps supply-chain: bump root `overrides.postcss` to the patched release (needs an npm-capable box)
clear the needs:area park	Classify the needs:area backlog	2026-09-09T19:32:23.1622857Z    DEFERRED #5918 deps supply-chain: `sharp` (alert #32) disposition in supply-chain/npm-advisories.md is unverified
clear the needs:area park	Classify the needs:area backlog	2026-09-09T19:32:23.1623425Z    DEFERRED #5920 site-specs pr-backlog: resolve stale PR #4324 — docs(research): free-cloud overflow capacity — contingency design + security verdic
clear the needs:area park	Classify the needs:area backlog	2026-09-09T19:32:23.1623985Z    DEFERRED #5921 site-specs pr-backlog: resolve stale PR #4194 — docs(research): capability-based model routing — sparq declares requirements, the r
clear the needs:area park	Classify the needs:area backlog	2026-09-09T19:32:23.1624661Z    DEFERRED #5922 site-specs pr-backlog: resolve stale PR #2278 — chore(tooling): vendor the codex-on-EC2 worker in-repo (sq-uhqah) [OPUS-4.8]
clear the needs:area park	Classify the needs:area backlog	2026-09-09T19:32:23.1625213Z    DEFERRED #5923 site-specs pr-backlog: resolve stale PR #1607 — docs(specs): Trust Expression Unofficial Proposal Draft — verifier-holder contract 
clear the needs:area park	Classify the needs:area backlog	2026-09-09T19:32:23.1625754Z    DEFERRED #5928 site-specs pr-backlog: resolve stale PR #4368 — fix(ci): liveness alarm for cron-only lanes + correct the stale org in the EC2 OIDC
clear the needs:area park	Classify the needs:area backlog	2026-09-09T19:32:23.1626301Z    DEFERRED #5929 site-specs pr-backlog: resolve stale PR #4184 — chore(triage): shrink the needs-user front door and stop the reconcile re-parking i
clear the needs:area park	Classify the needs:area backlog	2026-09-09T19:32:23.1626870Z    DEFERRED #5930 site-specs pr-backlog: resolve stale PR #5125 — fix(orchestration): report realisable frontier HEADROOM, not partition contention [
clear the needs:area park	Classify the needs:area backlog	2026-09-09T19:32:23.1627318Z    DEFERRED #6027 ci vectorized-feature-off quick-gates: `cargo metadata` step is network-dependent (git dep) with no retry on a REQUIRED gat
clear the needs:area park	Classify the needs:area backlog	2026-09-09T19:32:23.1627856Z    DEFERRED #6030 ci check-feature-test-execution.py cannot see inline `#[cfg(feature)]` tests in src/ — the exact class sq-mwnko had to clos
clear the needs:area park	Classify the needs:area backlog	2026-09-09T19:32:23.1628311Z    DEFERRED #6032 sparq-mpc sparq-mpc: bind the coin-toss SHARING to its commitment (committed VSS) so an off-commitment contribution is detected
clear the needs:area park	Classify the needs:area backlog	2026-09-09T19:32:23.1628655Z    DEFERRED #6035 sparq-zk-compose ZK anchor drift guard does not cover the gui/app copy of COMMITTED_TERM_ANCHORS
clear the needs:area park	Classify the needs:area backlog	2026-09-09T19:32:23.1629000Z    DEFERRED #6037 ci export-kb-dump.py --dry-run self-test fails: leak-scanner PROBE B (ns1: auto-prefix) EVADED
clear the needs:area park	Classify the needs:area backlog	2026-09-09T19:32:23.1629343Z    DEFERRED #6038 ci lychee internal-links gate does not cover research/, so design-record links are unchecked
clear the needs:area park	Classify the needs:area backlog	2026-09-09T19:32:23.1629719Z    DEFERRED #6040 ci test_ring_credential_loud.py silently depends on host `jq`, so a missing jq masquerades as the #4966 defect
clear the needs:area park	Classify the needs:area backlog	2026-09-09T19:32:23.1630104Z    DEFERRED #6041 sparq-zk-compose ZK term-anchor drift guard does not cover the GUI copy (gui/app/src/lib/zk-filter.ts)
clear the needs:area park	Classify the needs:area backlog	2026-09-09T19:32:23.1630572Z    DEFERRED #6043 site-papers paper-evidence drift: conformance.suite_count still says 7 while scoreboard::SUITES registers 26 conformance rows
clear the needs:area park	Classify the needs:area backlog	2026-09-09T19:32:23.1630849Z    DEFERRED #6051 sparq-mcp sparq-mcp has no request-size cap on the JSON-RPC stdio transport
clear the needs:area park	Classify the needs:area backlog	2026-09-09T19:32:23.1631474Z    DEFERRED #6052 ci el_suite: stale "28 audited divergences" count in the rustdoc + ci.yml job comment (actual: 11)
clear the needs:area park	Classify the needs:area backlog	2026-09-09T19:32:23.1631847Z    DEFERRED #6053 workspace preflight.py silently passes when the pinned toolchain (and clippy/rustfmt) is unavailable
clear the needs:area park	Classify the needs:area backlog	2026-09-09T19:32:23.1632388Z    DEFERRED #6057 site site: competitive matrix still lists "Dataset summary views" as a GAP now that the GUI Overview tool ships
clear the needs:area park	Classify the needs:area backlog	2026-09-09T19:32:23.1632708Z    DEFERRED #6058 gui gui: `abbreviateIri` is now a third private copy of the same IRI-shortening helper
clear the needs:area park	Classify the needs:area backlog	2026-09-09T19:32:23.1633158Z    DEFERRED #6059 deps supply-chain: npx cyclonedx-npm downloads in gen-js-sbom.sh lack the bounded retry its sibling cargo network steps have
clear the needs:area park	Classify the needs:area backlog	2026-09-09T19:32:23.1633473Z    DEFERRED #6062 zk-xpath sparq-engine ROUND(xsd:double("-0.5")) returns +0.0; XPath F&O requires -0.0
clear the needs:area park	Classify the needs:area backlog	2026-09-09T19:32:23.1633868Z    DEFERRED #6063 ci docs-quality: research/**/*.md is in markdownlint HARD scope but NOT in the lychee internal-links scope
clear the needs:area park	Classify the needs:area backlog	2026-09-09T19:32:23.1634282Z    DEFERRED #6065 ci coverage-engine: verify rust-cache does not carry stale .profraw between the run partitions and the merge job
clear the needs:area park	Classify the needs:area backlog	2026-09-09T19:32:23.1634584Z    DEFERRED #6066 sparq-mpc sparq-mpc: raw NUL byte (0x00) embedded in oblivious_join.rs doc comment
clear the needs:area park	Classify the needs:area backlog	2026-09-09T19:32:23.1634940Z    DEFERRED #6067 sparq-vectors Repo hygiene: stale PR-BODY.md narrative scratch doc tracked at the repo root
clear the needs:area park	Classify the needs:area backlog	2026-09-09T19:32:23.1635185Z    DEFERRED #6081 ci ci: prevent ordinary label churn from launching heavy workflows
clear the needs:area park	Classify the needs:area backlog	2026-09-09T19:32:23.1635676Z    DEFERRED #6083 ci ruleset 17688455: flip merge_queue.grouping_strategy ALLGREEN -> HEADGREEN (step 2 of #6048)
clear the needs:area park	Classify the needs:area backlog	2026-09-09T19:32:23.1636048Z    DEFERRED #6094 site-specs Dangling spec reference: site/specs/mcp-solid.typ is cited by 6 files but has never existed
clear the needs:area park	Classify the needs:area backlog	2026-09-09T19:32:23.1636517Z    DEFERRED #6097 sparq-reason-dl,sparq-conformance ci.yml: stale pin counts in the OWL 2 Direct-Semantics lane comment (68/184 vs the real 93/227)
clear the needs:area park	Classify the needs:area backlog	2026-09-09T19:32:23.1636868Z    DEFERRED #6099 site-specs doc drift: `site/specs/mcp-solid.typ` is cited as normative but does not exist in the repo
clear the needs:area park	Classify the needs:area backlog	2026-09-09T19:32:23.1637266Z    DEFERRED #6101 sparq-zk-compose Triage the 17 sensitive cargo features recorded as KNOWN GAP by feature-matrix invariant (3)
clear the needs:area park	Classify the needs:area backlog	2026-09-09T19:32:23.1637768Z    DEFERRED #6102 sparq-trust Stale entry: check-feature-test-execution.allowlist.json says sparq-solid trust-graph has no leg, but the combined leg n
clear the needs:area park	Classify the needs:area backlog	2026-09-09T19:32:23.1638337Z    DEFERRED #6104 sparq-solid sparq-solid: PodStore update path is not request-atomic — evaluate switching to update_in_place_atomic_with_budget
clear the needs:area park	Classify the needs:area backlog	2026-09-09T19:32:23.1638707Z    DEFERRED #6107 docs docs: mpc-security-models-and-benchmarks.md still says the PRSS/coin-toss impl is unbuilt
clear the needs:area park	Classify the needs:area backlog	2026-09-09T19:32:23.1639127Z    DEFERRED #6111 sparq-solid Evaluate switching the Solid update path to the atomic engine primitive once its durability gap is closed
clear the needs:area park	Classify the needs:area backlog	2026-09-09T19:32:23.1639661Z    DEFERRED #6113 sparq-lws-core sparq-lws-core's line coverage (58.61%) is far below every other gated crate — raise it, then ratchet the floor
clear the needs:area park	Classify the needs:area backlog	2026-09-09T19:32:23.1640232Z    DEFERRED #6114 sparq-lws-core coverage-gate.py --seed silently DROPS every crate absent from the summary — a crate-scoped re-seed wipes the floor file
clear the needs:area park	Classify the needs:area backlog	2026-09-09T19:32:23.1640753Z    DEFERRED #6116 sparq-mpc sparq-mpc: VSS dispute round — broadcast + complaint resolution so an abort names the cheater, not the pair
clear the needs:area park	Classify the needs:area backlog	2026-09-09T19:32:23.1641572Z    DEFERRED #6117 sparq-mpc sparq-mpc: route the production input path through DistributedRandomness::vss_own_input (design §5 item 5)
clear the needs:area park	Classify the needs:area backlog	2026-09-09T19:32:23.1641987Z    DEFERRED #6118 ci coverage: sparq-solid is measured with DEFAULT features, so all seven opt-in feature surfaces are un-ratcheted
clear the needs:area park	Classify the needs:area backlog	2026-09-09T19:32:23.1642265Z    DEFERRED #6125 docs Docs: reconcile the PR number cited for bead sq-5reoy (#1599 vs #1602)
clear the needs:area park	Classify the needs:area backlog	2026-09-09T19:32:23.1642624Z    DEFERRED #6128 sparq-lws-core sparq-lws-core: stale "WAC is an unimplemented M2-next seam" prose on the LDP surface
clear the needs:area park	Classify the needs:area backlog	2026-09-09T19:32:23.1642997Z    DEFERRED #6133 ci npm version is unpinned, so `npm install` on npm 10 silently rewrites the npm-11-authored package-lock.json
clear the needs:area park	Classify the needs:area backlog	2026-09-09T19:32:23.1643567Z    DEFERRED #6134 ci `npm ci --ignore-scripts` still runs the js workspace `prepare` hook, so the JS workspace cannot be installed without a 
clear the needs:area park	Classify the needs:area backlog	2026-09-09T19:32:23.1644095Z    DEFERRED #6136 ci ci(cache): release.yml's rust-cache save is dead on arrival (tag-scoped) — needs `save-if: false`, not the main-only gua
clear the needs:area park	Classify the needs:area backlog	2026-09-09T19:32:23.1644708Z    DEFERRED #6137 sparq-mpc,sparq-fedplan-mpc sparq-mpc Cargo.toml header claims "NOTHING in the workspace depends on this crate" — sparq-fedplan-mpc does
clear the needs:area park	Classify the needs:area backlog	2026-09-09T19:32:23.1644988Z    DEFERRED #6139 ci ci: pin the REST of the sq-6vshe.14 KEEP-list the way coverage is now pinned
clear the needs:area park	Classify the needs:area backlog	2026-09-09T19:32:23.1645400Z    DEFERRED #6140 ci research/change-based-test-selection.md still documents the `unlabeled` pull_request trigger removed by #5682
clear the needs:area park	Classify the needs:area backlog	2026-09-09T19:32:23.1645737Z    DEFERRED #6141 sparq-vectors hygiene: PR-BODY.md is a stale narrative scratch doc tracked at the repo root
clear the needs:area park	Classify the needs:area backlog	2026-09-09T19:32:23.1646193Z    DEFERRED #6146 sparq-lws-core sparq-lws-core: lib.rs still lists per-resource subscription authorization as an unimplemented `M2-next:` seam
clear the needs:area park	Classify the needs:area backlog	2026-09-09T19:32:23.1646538Z    DEFERRED #6150 ci ci-select: the rust_changed layer does not benefit from the #5237 comment-only content proof
clear the needs:area park	Classify the needs:area backlog	2026-09-09T19:32:23.1646967Z    DEFERRED #6151 ci ci.yml: the new SIMD non-vacuity guard sits between the nextest archive build and the archive upload, weakening the docu
clear the needs:area park	Classify the needs:area backlog	2026-09-09T19:32:23.1647458Z    DEFERRED #6153 ci ci: run scripts/ci_mergegroup_poles.py and record the current top-3 merge_group poles in the sq-6vshe epic
clear the needs:area park	Classify the needs:area backlog	2026-09-09T19:32:23.1647835Z    DEFERRED #6154 ci zk-toolchain.yml: "this lane's triggers are a strict subset of that one's" is not literally true
clear the needs:area park	Classify the needs:area backlog	2026-09-09T19:32:23.1648434Z    DEFERRED #6161 zk research doc drift: noir-ieee754-directed-rounding-design.md §2 still presumes sq-3x7dl.2's round-half-toward-+∞ mode wi
clear the needs:area park	Classify the needs:area backlog	2026-09-09T19:32:23.1648818Z    DEFERRED #6165 ci ci(supply-chain): the JS SBOM leg lacks the network-flake hardening its Rust siblings have
clear the needs:area park	Classify the needs:area backlog	2026-09-09T19:32:23.1649281Z    DEFERRED #6167 ci sq-6vshe.15 item 1 remainder: decompose the nextest-archive upload into compress-vs-transfer before retuning --zstd-leve
clear the needs:area park	Classify the needs:area backlog	2026-09-09T19:32:23.1649731Z    DEFERRED #6168 ci Run the sccache A/B on main and record the verdict in research/ci-mergequeue-speedup-2026-07.md §3.2
clear the needs:area park	Classify the needs:area backlog	2026-09-09T19:32:23.1650115Z    DEFERRED #6170 sparq-vectors hygiene: repo-root PR-BODY.md is a committed narrative scratch doc (CLAUDE.md forbids these)
clear the needs:area park	Classify the needs:area backlog	2026-09-09T19:32:23.1650551Z    DEFERRED #6176 sparq-solid sparq-solid: `update_as_acp_with_budget` ships with no direct test (and the MCP ACP update branch is untested)
clear the needs:area park	Classify the needs:area backlog	2026-09-09T19:32:23.1651215Z    DEFERRED #6178 ci AGENTS.md and check-install-action-tool.py both name the wrong docs-quality job (ci-scripts, actually quick-gates)
clear the needs:area park	Classify the needs:area backlog	2026-09-09T19:32:23.1651692Z    DEFERRED #6180 gui,deps sparq-wasm: Store.deriveForm should use derive_form_validated so the hosted web app gets F3 validation + DASH suggestion
clear the needs:area park	Classify the needs:area backlog	2026-09-09T19:32:23.1651960Z    DEFERRED #6181 site site: the SHACL-forms capability page predates F3 DASH suggestions
clear the needs:area park	Classify the needs:area backlog	2026-09-09T19:32:23.1652556Z    DEFERRED #6186 sparq-policy secx:assumption is inert in the admissibility reasoner — Phase 6 annotations cannot yet be discharged by an ODRL prefere
clear the needs:area park	Classify the needs:area backlog	2026-09-09T19:32:23.1652948Z    DEFERRED #6187 sparq-zk,sparq-mpc The secprop annotation-graph Turtle parser is duplicated between sparq-zk and sparq-mpc
clear the needs:area park	Classify the needs:area backlog	2026-09-09T19:32:23.1653457Z    DEFERRED #6188 sparq-solid sparq-solid: PodStore::update_as_acp_with_budget has no direct test (ACP branch of the budgeted write path is unpinned)
clear the needs:area park	Classify the needs:area backlog	2026-09-09T19:32:23.1653896Z    DEFERRED #6189 sparq-mpc sparq-mpc: auth_compare still documents itself as AXIS-1 `Malicious` despite the adopted second-operand tamper
clear the needs:area park	Classify the needs:area backlog	2026-09-09T19:32:23.1654367Z    DEFERRED #6191 sparq-solid security(solid): an UPDATE's WHERE clause reads graphs the session has no acl:Read grant on (exfiltration via INSERT ...
clear the needs:area park	Classify the needs:area backlog	2026-09-09T19:32:23.1654813Z    DEFERRED #6192 sparq-solid test(solid): pin the store-transition semantics of a DELETE ... WHERE issued over a pattern-scoped (masked) dataset
clear the needs:area park	Classify the needs:area backlog	2026-09-09T19:32:23.1655395Z    DEFERRED #6194 sparq-lws-core sparq-lws-core: stale `M2-next` / `sparq#992` WAC-not-implemented claims outside the notifications module
clear the needs:area park	Classify the needs:area backlog	2026-09-09T19:32:23.1655694Z    DEFERRED #6196 ci export-kb-dump.py --dry-run blames the leak scanner when rdflib is merely absent
clear the needs:area park	Classify the needs:area backlog	2026-09-09T19:32:23.1656139Z    DEFERRED #6197 ci ci-select: scripts/ready-issues.py is not orchestration-safe, so a Python-only orchestration edit runs the FULL Rust mat
clear the needs:area park	Classify the needs:area backlog	2026-09-09T19:32:23.1656624Z    DEFERRED #6201 sparq-reason sparq-reason: N3 negation-as-failure over same-document derived predicates fails OPEN, and the hazard is documented only
clear the needs:area park	Classify the needs:area backlog	2026-09-09T19:32:23.1657155Z    DEFERRED #6203 ci sparq-vectors tests/ef_sweep.rs shares one temp file across tests — only accidentally isolated by nextest's process-per-
clear the needs:area park	Classify the needs:area backlog	2026-09-09T19:32:23.1657549Z    DEFERRED #6206 sparq-lws-core sparq-lws-core: wire ObjectStoreBlobStore into the server binary's blob-backend selection
clear the needs:area park	Classify the needs:area backlog	2026-09-09T19:32:23.1657922Z    DEFERRED #6208 sparq-lws-core sparq-lws-core: BlobStore::delete_if_unchanged has no backend-native CAS on object_store
clear the needs:area park	Classify the needs:area backlog	2026-09-09T19:32:23.1658221Z    DEFERRED #6211 ci MSRV lane misses test-code breakage: `cargo check` runs without `--all-targets`
clear the needs:area park	Classify the needs:area backlog	2026-09-09T19:32:23.1658697Z    DEFERRED #6214 ci CI gap: test-only compile errors sit latent until an unrelated crate's change widens the affected set
clear the needs:area park	Classify the needs:area backlog	2026-09-09T19:32:23.1659136Z    DEFERRED #6216 ci release.yml `gui-bundle` is the last lane still source-compiling wasm-pack (multi-arch matrix unverified for the prebuil
clear the needs:area park	Classify the needs:area backlog	2026-09-09T19:32:23.1659477Z    DEFERRED #6217 sparq-vectors repo hygiene: PR-BODY.md is a tracked narrative scratch doc left at the repo root
clear the needs:area park	Classify the needs:area backlog	2026-09-09T19:32:23.1659899Z    DEFERRED #6224 sparq-engine engine: pull/Volcano iterator execution model (the remaining half of demand-driven page-wise evaluation)
clear the needs:area park	Classify the needs:area backlog	2026-09-09T19:32:23.1660235Z    DEFERRED #6230 ci export-kb-dump.py --dry-run self-test reports a false FAIL when rdflib is absent (PROBE B)
clear the needs:area park	Classify the needs:area backlog	2026-09-09T19:32:23.1660619Z    DEFERRED #6235 site-specs sparq-mcp/sparq-solid docs cite `site/specs/mcp-solid.typ`, which does not exist in the repo
clear the needs:area park	Classify the needs:area backlog	2026-09-09T19:32:23.1661378Z    DEFERRED #6237 sparq-lws-core sparq-lws-core: the `#[allow(clippy::result_large_err)]` on `NotifyState::authorize_topic_read` is not load-bearing on t
clear the needs:area park	Classify the needs:area backlog	2026-09-09T19:32:23.1661870Z    DEFERRED #6242 ci research/change-based-test-selection.md §7 P1 still states the selector is stdlib-only after #5237
clear the needs:area park	Classify the needs:area backlog	2026-09-09T19:32:23.1662302Z    DEFERRED #6247 ci docs-quality: the typos step claims scope parity with markdownlint but is 324 files short (research/ + zk/ markdown is s
clear the needs:area park	Classify the needs:area backlog	2026-09-09T19:32:23.1662645Z    DEFERRED #6248 ci rust-cache key posture outside ci.yml: `key`-only and unnamed steps are still job-id-scoped
clear the needs:area park	Classify the needs:area backlog	2026-09-09T19:32:23.1663005Z    DEFERRED #6251 ci ~12 GitHub Actions step names are silently truncated at a `#` because they are unquoted YAML scalars
clear the needs:area park	Classify the needs:area backlog	2026-09-09T19:32:23.1663605Z    DEFERRED #6253 sparq-solid perf(solid): scoped_dataset cache-HIT path is O(accessible graph names) — build a borrowed key, materialize only on a mi
clear the needs:area park	Classify the needs:area backlog	2026-09-09T19:32:23.1664078Z    DEFERRED #6254 sparq-solid solid: `PodStore::graph` is `pub`, so direct mutation silently desynchronizes the session index AND (now) the masked-rep
clear the needs:area park	Classify the needs:area backlog	2026-09-09T19:32:23.1664548Z    DEFERRED #6256 gui,deps GUI: desktop URL import is CORS-limited — fetch runs in the webview, not through the native loader
clear the needs:area park	Classify the needs:area backlog	2026-09-09T19:32:23.1664960Z    DEFERRED #6257 gui GUI: web multi-file import records bytes:0 / format:"mixed", which the rail's Imports subgroup now renders as "0 B"
clear the needs:area park	Classify the needs:area backlog	2026-09-09T19:32:23.1665237Z    DEFERRED #6258 gui GUI e2e: no Playwright coverage for the Imports subgroup re-fetch action
clear the needs:area park	Classify the needs:area backlog	2026-09-09T19:32:23.1665767Z    DEFERRED #6259 ci check-workflow-run-swallow.py: a `|| true` inside a double-quoted command substitution "$( … )" is masked away and never
clear the needs:area park	Classify the needs:area backlog	2026-09-09T19:32:23.1666146Z    DEFERRED #6260 ci research/ci-mergequeue-speedup-2026-07.md contradicts the combined-head invariant landed by #6048
clear the needs:area park	Classify the needs:area backlog	2026-09-09T19:32:23.1666931Z    DEFERRED #6261 sparq-lws-core sparq-lws-core: doc drift — the object_store BlobStore adapter is described as unlanded future work
clear the needs:area park	Classify the needs:area backlog	2026-09-09T19:32:23.1667398Z    DEFERRED #6262 sparq-solid coverage ratchet: sparq-solid is measured with DEFAULT features, so the whole `pattern-scope` opt-in surface is outside 
clear the needs:area park	Classify the needs:area backlog	2026-09-09T19:32:23.1667880Z    DEFERRED #6267 ci No gate validates `file:line` citations in research/ records — stale-by-own-diff citations ship undetected
clear the needs:area park	Classify the needs:area backlog	2026-09-09T19:32:23.1668385Z    DEFERRED #6274 sparq-vectors vectors: the NEON kernel has no in-test dispatch assertion — the aarch64 half of #5065 is workflow-only
clear the needs:area park	Classify the needs:area backlog	2026-09-09T19:32:23.1668837Z    DEFERRED #6276 ci docs-quality: promote research/ into the lychee internal-links scope — the stated blocker has landed
clear the needs:area park	Classify the needs:area backlog	2026-09-09T19:32:23.1669375Z    DEFERRED #6277 sparq-lws-core research/lws-spec-conformance-vectors.md §1 describes lib.rs pre-change state that the same PR changes
clear the needs:area park	Classify the needs:area backlog	2026-09-09T19:32:23.1669819Z    DEFERRED #6279 ci Audit every component that WRITES orchestration state against the visibility predicate of the component that consumes it
clear the needs:area park	Classify the needs:area backlog	2026-09-09T19:32:23.1670387Z    DEFERRED #6280 release review-alarm now reports release-plz and dependabot PRs as permanent findings — decide whether a maintainer-reviewed cla
clear the needs:area park	Classify the needs:area backlog	2026-09-09T19:32:23.1670836Z    DEFERRED #6282 sparq-lws-core sparq-lws-core: WAC is not re-evaluated on an already-open notification socket
clear the needs:area park	Classify the needs:area backlog	2026-09-09T19:32:23.1671618Z    DEFERRED #6284 sparq-forms sparq-forms golden fixtures carry the #2384 one-file-scope trap: 8 source fixtures never name their golden companion
clear the needs:area park	Classify the needs:area backlog	2026-09-09T19:32:23.1672101Z    DEFERRED #6285 sparq-kb Two committed goldens have no in-repo regeneration path: bench/rsp-window-differential/fixtures/rsp4j.golden.tsv and cra
clear the needs:area park	Classify the needs:area backlog	2026-09-09T19:32:23.1672560Z    DEFERRED #6286 sparq-acbench sparq-acbench: build_expected_decisions rustdoc claims the regulator row is conditional, but it is unconditional
clear the needs:area park	Classify the needs:area backlog	2026-09-09T19:32:23.1673126Z    DEFERRED #6287 sparq-acbench clippy::too_many_lines is formatting-sensitive, and fmt is now a hard gate — the two thresholds can collide
clear the needs:area park	Classify the needs:area backlog	2026-09-09T19:34:28.3679277Z    DEFERRED #6288 sparq-acbench sparq-acbench U3 ground truth is not test-pinned: deleting a whole AC model from build_expected_decisions leaves all 141
clear the needs:area park	Classify the needs:area backlog	2026-09-09T19:34:28.3681567Z    DEFERRED #6290 ci ci: flip merge-queue grouping_strategy ALLGREEN -> HEADGREEN on ruleset 17688455 (maintainer step for #6048)
clear the needs:area park	Classify the needs:area backlog	2026-09-09T19:34:28.3682922Z    DEFERRED #6304 sparq-lws-core sparq-lws-core is absent from the coverage ratchet (not in coverage.sh PER_COMMIT_CRATES, no bench/coverage-floor.json e
clear the needs:area park	Classify the needs:area backlog	2026-09-09T19:34:28.3684160Z    DEFERRED #6309 sparq-solid sparq-solid: wildcard update deny message discloses a store graph name the session cannot read
clear the needs:area park	Classify the needs:area backlog	2026-09-09T19:34:28.3685334Z    DEFERRED #6310 ci ci_select: scripts/promote.py is missing from _ORCHESTRATION_SAFE (forces the full Rust matrix on orchestration-only PRs
clear the needs:area park	Classify the needs:area backlog	2026-09-09T19:34:28.3686900Z    DEFERRED #6313 sparq-solid sparq-solid docs claim it is "a dependency of nothing in the workspace" — three in-workspace dependents exist
clear the needs:area park	Classify the needs:area backlog	2026-09-09T19:34:28.3688167Z    DEFERRED #6315 ci Remaining lanes still `cargo install wasm-pack --locked` (gui.yml, publish.yml, nightly-full-sweep.yml, pages.yml, site-
clear the needs:area park	Classify the needs:area backlog	2026-09-09T19:34:28.3689262Z    DEFERRED #6319 ci Deduplicate the bd/Go JSONL serializer once scripts/beads-export-sync.py lands
clear the needs:area park	Classify the needs:area backlog	2026-09-09T19:34:28.3690378Z    DEFERRED #6320 sparq-lws-core sparq-lws-core: crate-doc `M2-next:` seam list is stale (subscription WAC now implemented; multipart Range already imple
clear the needs:area park	Classify the needs:area backlog	2026-09-09T19:34:28.3691704Z    DEFERRED #6327 docs docs: PR #6312 adds github.com/jeswr/sparq links after the sparq-org migration
clear the needs:area park	Classify the needs:area backlog	2026-09-09T19:34:28.3692690Z    DEFERRED #6329 sparq-lws-core sparq-lws-core: let the binary select the object_store blob backend (SOLID_SERVER_BLOB_BACKEND)
clear the needs:area park	Classify the needs:area backlog	2026-09-09T19:34:28.3694101Z    DEFERRED #6330 sparq-lws-core sparq-lws-core: no atomic BlobStore::delete_if_unchanged is possible on object_store 0.14
clear the needs:area park	Classify the needs:area backlog	2026-09-09T19:34:28.3695211Z    DEFERRED #6341 ci Mutation ratchet: the persistent red legs (sparq-mpc, sparq-fedplan, sparq-reason, sparq-server) are budget exhaustion, 
clear the needs:area park	Classify the needs:area backlog	2026-09-09T19:34:28.3696274Z    DEFERRED #6342 ci Mutation ratchet: right-size sparq-engine's 24x360min sharding, or lower its cadence — decide from the first report-job 
clear the needs:area park	Classify the needs:area backlog	2026-09-09T19:34:28.3697156Z    DEFERRED #6346 ci ci: bench/pattern-scope/** is unmapped in ci/path-ownership.toml, so any edit there forces the FULL CI matrix
clear the needs:area park	Classify the needs:area backlog	2026-09-09T19:34:28.3697991Z    DEFERRED #6347 gui,deps docs(sparq-solid): stale Cargo.toml comment claims the crate is "a dependency of NOTHING in the workspace"
clear the needs:area park	Classify the needs:area backlog	2026-09-09T19:34:28.3698771Z    DEFERRED #6357 sparq-lws-core sparq-lws-core: accept N-Triples / N-Quads as RDF INPUT on the LDP write path
clear the needs:area park	Classify the needs:area backlog	2026-09-09T19:34:28.3699523Z    DEFERRED #6358 sparq-lws-core sparq-lws-core: LDP conneg does not recognise alias media types for the line/N3 read formats
clear the needs:area park	Classify the needs:area backlog	2026-09-09T19:34:28.3700382Z    DEFERRED #6361 sparq-lws-core sparq-lws-core: cache parsed acl:agentGroup group documents (currently re-read + re-parsed per request)
clear the needs:area park	Classify the needs:area backlog	2026-09-09T19:34:28.3701702Z    DEFERRED #6362 sparq-wac-oracle,sparq-solid sparq-wac-oracle / sparq-solid: confirm acl:agentGroup parity with the sparq-lws-core WAC engine
clear the needs:area park	Classify the needs:area backlog	2026-09-09T19:34:28.3702805Z    DEFERRED #6364 ci ci: confirm the account's real hosted-runner concurrency and re-derive the scheduled-lane ceiling
clear the needs:area park	Classify the needs:area backlog	2026-09-09T19:34:28.3703543Z    DEFERRED #6365 sparq-vectors hygiene: PR-BODY.md is a tracked narrative scratch doc at the repo root on main
clear the needs:area park	Classify the needs:area backlog	2026-09-09T19:34:28.3704271Z    DEFERRED #6367 sparq-solid B7 auth half: WebID/Solid-OIDC authentication on federated calls is still unimplemented
clear the needs:area park	Classify the needs:area backlog	2026-09-09T19:34:28.3705097Z    DEFERRED #6369 sparq-solid sparq-solid: source-auth participation is graph-set membership only; no VoID/service-description discovery
clear the needs:area park	Classify the needs:area backlog	2026-09-09T19:34:28.3705920Z    DEFERRED #6371 ci ci-select: the merge-group change-CLASS layer does not get the #5237 parsed-YAML inertness proof
clear the needs:area park	Classify the needs:area backlog	2026-09-09T19:34:28.3706742Z    DEFERRED #6373 ci sparq-lws-core/sparq-solid: extract is_control_document_name into a dependency-free leaf so the mint guard can DELEGATE,
clear the needs:area park	Classify the needs:area backlog	2026-09-09T19:34:28.3707591Z    DEFERRED #6378 ci A comment-only .github/workflows/ci.yml edit forces mode=full, maximising CI cost and flake exposure
clear the needs:area park	Classify the needs:area backlog	2026-09-09T19:34:28.3708499Z    DEFERRED #6380 sparq-solid sparq-solid: #5579 P0 — profile the put_acl write path before any scoped-materializer bead lands
clear the needs:area park	Classify the needs:area backlog	2026-09-09T19:34:28.3709434Z    DEFERRED #6381 sparq-solid sparq-solid: a static-target update_as write to a content-graph group document does not re-materialize (stale-grant wind
clear the needs:area park	Classify the needs:area backlog	2026-09-09T19:34:28.3710346Z    DEFERRED #6382 sparq-solid sparq-solid: consider rejecting `urn:skolem:` named nodes in control/group documents (defence in depth)
clear the needs:area park	Classify the needs:area backlog	2026-09-09T19:34:28.3711475Z    DEFERRED #6383 ci export-kb-dump.py --dry-run self-test fails on main: PROBE B (ns1: auto-prefix) EVADES the restricted-tier leak scanner
clear the needs:area park	Classify the needs:area backlog	2026-09-09T19:34:28.3712335Z    DEFERRED #6387 sparq-conformance Generalise the sq-mwnko feature-gated lib-test executor pin beyond sparq-conformance
clear the needs:area park	Classify the needs:area backlog	2026-09-09T19:34:28.3713202Z    DEFERRED #6389 sparq-lws-core sparq-lws-core: notification subscribe/receive WAC uses the SEQUENTIAL walk, not the planned read-plan path
clear the needs:area park	Classify the needs:area backlog	2026-09-09T19:34:28.3714104Z    DEFERRED #6390 sparq-lws-core sparq-lws-core: a WAC grant revoked mid-stream does not tear down an already-open notification WebSocket
clear the needs:area park	Classify the needs:area backlog	2026-09-09T19:34:28.3714899Z    DEFERRED #6399 ci A workflow's sparse-checkout cone should be proven able to run that workflow's own steps
clear the needs:area park	Classify the needs:area backlog	2026-09-09T19:34:28.3715670Z    DEFERRED #6401 ci No standing lint stops a workflow step/job name from being silently truncated by YAML plain-scalar comment parsing
clear the needs:area park	Classify the needs:area backlog	2026-09-09T19:34:28.3716696Z    DEFERRED #6403 sparq-conformance sparql_entail::run_one — the fail-closed named-graph guard misses a QUERY-carried FROM/FROM NAMED dataset clause
clear the needs:area park	Classify the needs:area backlog	2026-09-09T19:34:28.3717655Z    DEFERRED #6406 ci ci_selection_alarm: open_issue_exists fails OPEN when the dedupe read errors
clear the needs:area park	Classify the needs:area backlog	2026-09-09T19:34:28.3718373Z    DEFERRED #6423 sparq-conformance el_suite: DOCUMENTED_DIVERGENCES header claims "28 entries" but the list holds 11
clear the needs:area park	Classify the needs:area backlog	2026-09-09T19:34:28.3719135Z    DEFERRED #6425 zk-xpath noir_XPath: fn:round-half-to-even has no float/double implementation (Stream G task residual)
clear the needs:area park	Classify the needs:area backlog	2026-09-09T19:34:28.3719966Z    DEFERRED #6426 zk-xpath sq-5vv7 cites a zk/xpath path removed by the noir_XPath externalization (#1602); typo not reproducible at v0.3.0
clear the needs:area park	Classify the needs:area backlog	2026-09-09T19:34:28.3720821Z    DEFERRED #6427 zk-xpath noir_XPath CI runs the 113-package real suite in a single unsharded job (last unmet sq-t9d Phase-0 item)
clear the needs:area park	Classify the needs:area backlog	2026-09-09T19:34:28.3721904Z    DEFERRED #6428 sparq-mpc cargo-mutants: give sparq-mpc a `features: secprop-annotations` override before it is baselined
clear the needs:area park	Classify the needs:area backlog	2026-09-09T19:34:28.3722788Z    DEFERRED #6429 sparq-engine [selection-alarm] crate `sparq-engine` failed the nightly full-matrix but was selection-skipped in landed PR(s)
clear the needs:area park	Classify the needs:area backlog	2026-09-09T19:34:28.3723808Z    DEFERRED #6430 sparq-fedplan [selection-alarm] crate `sparq-fedplan` failed the nightly full-matrix but was selection-skipped in landed PR(s)
clear the needs:area park	Classify the needs:area backlog	2026-09-09T19:34:28.3724758Z    DEFERRED #6431 sparq-reason [selection-alarm] crate `sparq-reason` failed the nightly full-matrix but was selection-skipped in landed PR(s)
clear the needs:area park	Classify the needs:area backlog	2026-09-09T19:34:28.3725830Z    DEFERRED #6432 sparq-server [selection-alarm] crate `sparq-server` failed the nightly full-matrix but was selection-skipped in landed PR(s)
clear the needs:area park	Classify the needs:area backlog	2026-09-09T19:34:28.3726698Z    DEFERRED #6433 bench [bench-flake] suite=sparq-reason+sparq-engine: benchmarks in the soft zone (possible runner noise)
clear the needs:area park	Classify the needs:area backlog	2026-09-09T19:34:28.3727558Z    DEFERRED #6434 sparq-solid [selection-alarm] crate `sparq-solid` failed the nightly full-matrix but was selection-skipped in landed PR(s)
clear the needs:area park	Classify the needs:area backlog	2026-09-09T19:34:28.3728349Z    DEFERRED #6455 bench [bench-flake] suite=sparq-geo: benchmarks in the soft zone (possible runner noise)
clear the needs:area park	Classify the needs:area backlog	2026-09-09T19:34:28.3728973Z    DEFERRED #6456 bench drift: crate `sparq-engine-service` has no registered benchmark
clear the needs:area park	Classify the needs:area backlog	2026-09-09T19:34:28.3729499Z    DEFERRED #6457 bench drift: crate `sparq-http3` has no registered benchmark
clear the needs:area park	Classify the needs:area backlog	2026-09-09T19:34:28.3730016Z    DEFERRED #6458 bench drift: crate `sparq-secprop-vocab` has no registered benchmark
clear the needs:area park	Classify the needs:area backlog	2026-09-09T19:34:28.3730530Z    DEFERRED #6459 bench drift: crate `sparq-vc` has no registered benchmark
clear the needs:area park	Classify the needs:area backlog	2026-09-09T19:34:28.3731418Z    DEFERRED #6460 sparq-metamorph drift: crate `sparq-metamorph` carries conformance ratchets outside the central scoreboard
clear the needs:area park	Classify the needs:area backlog	2026-09-09T19:34:28.3732221Z    DEFERRED #6461 sparq-trust drift: crate `sparq-trust` carries conformance ratchets outside the central scoreboard
clear the needs:area park	Classify the needs:area backlog	2026-09-09T19:34:28.3732743Z applied #811 area:sparq-zk-compose
clear the needs:area park	Classify the needs:area backlog	2026-09-09T19:34:28.3733009Z applied #834 area:bench
clear the needs:area park	Classify the needs:area backlog	2026-09-09T19:34:28.3733241Z applied #890 area:sparq-policy
clear the needs:area park	Classify the needs:area backlog	2026-09-09T19:34:28.3733489Z applied #940 area:sparq-trust
clear the needs:area park	Classify the needs:area backlog	2026-09-09T19:34:28.3733735Z applied #1027 area:sparq-trust
clear the needs:area park	Classify the needs:area backlog	2026-09-09T19:34:28.3733982Z applied #1032 area:sparq-zk-compose
clear the needs:area park	Classify the needs:area backlog	2026-09-09T19:34:28.3734234Z applied #1042 area:ci
clear the needs:area park	Classify the needs:area backlog	2026-09-09T19:34:28.3734463Z applied #1049 area:gui,area:deps
clear the needs:area park	Classify the needs:area backlog	2026-09-09T19:34:28.3734707Z applied #1051 area:gui
clear the needs:area park	Classify the needs:area backlog	2026-09-09T19:34:28.3734914Z applied #1053 area:gui
clear the needs:area park	Classify the needs:area backlog	2026-09-09T19:34:28.3735126Z applied #1059 area:site
clear the needs:area park	Classify the needs:area backlog	2026-09-09T19:34:28.3735354Z applied #1073 area:knowledge-graph
clear the needs:area park	Classify the needs:area backlog	2026-09-09T19:34:28.3735617Z applied #1087 area:knowledge-graph
clear the needs:area park	Classify the needs:area backlog	2026-09-09T19:34:28.3735872Z applied #1110 area:knowledge-graph
clear the needs:area park	Classify the needs:area backlog	2026-09-09T19:34:28.3736114Z applied #1135 area:bench
clear the needs:area park	Classify the needs:area backlog	2026-09-09T19:34:28.3736340Z applied #1156 area:sparq-zk
clear the needs:area park	Classify the needs:area backlog	2026-09-09T19:34:28.3736576Z applied #1214 area:sparq-trust
clear the needs:area park	Classify the needs:area backlog	2026-09-09T19:34:28.3736818Z applied #1582 area:sparq-policy
clear the needs:area park	Classify the needs:area backlog	2026-09-09T19:34:28.3737063Z applied #1591 area:site-specs
clear the needs:area park	Classify the needs:area backlog	2026-09-09T19:34:28.3737301Z applied #1613 area:sparq-policy
clear the needs:area park	Classify the needs:area backlog	2026-09-09T19:34:28.3737544Z applied #1696 area:sparq-zk-compose
clear the needs:area park	Classify the needs:area backlog	2026-09-09T19:34:28.3737941Z applied #1744 area:sparq-server
clear the needs:area park	Classify the needs:area backlog	2026-09-09T19:34:28.3738180Z applied #1877 area:site-papers
clear the needs:area park	Classify the needs:area backlog	2026-09-09T19:34:28.3738414Z applied #1897 area:ci
clear the needs:area park	Classify the needs:area backlog	2026-09-09T19:34:28.3738628Z applied #1974 area:sparq-policy
clear the needs:area park	Classify the needs:area backlog	2026-09-09T19:34:28.3738864Z applied #2156 area:bench
clear the needs:area park	Classify the needs:area backlog	2026-09-09T19:34:28.3739083Z applied #2217 area:bench
clear the needs:area park	Classify the needs:area backlog	2026-09-09T19:34:28.3739298Z applied #2253 area:site
clear the needs:area park	Classify the needs:area backlog	2026-09-09T19:34:28.3739523Z applied #2255 area:sparq-shaclc
clear the needs:area park	Classify the needs:area backlog	2026-09-09T19:34:28.3739763Z applied #2321 area:sparq-lws-core
clear the needs:area park	Classify the needs:area backlog	2026-09-09T19:34:28.3740011Z applied #2407 area:sparq-server
clear the needs:area park	Classify the needs:area backlog	2026-09-09T19:34:28.3740250Z applied #2408 area:sparq-wrapper
clear the needs:area park	Classify the needs:area backlog	2026-09-09T19:34:28.3740494Z applied #2446 area:site-specs
clear the needs:area park	Classify the needs:area backlog	2026-09-09T19:34:28.3740729Z applied #2448 area:site-specs
clear the needs:area park	Classify the needs:area backlog	2026-09-09T19:34:28.3741224Z applied #2454 area:ci
clear the needs:area park	Classify the needs:area backlog	2026-09-09T19:34:28.3741452Z applied #2459 area:bench
clear the needs:area park	Classify the needs:area backlog	2026-09-09T19:34:28.3741683Z applied #2495 area:sparq-introspect
clear the needs:area park	Classify the needs:area backlog	2026-09-09T19:34:28.3741949Z applied #2506 area:sparq-conformance
clear the needs:area park	Classify the needs:area backlog	2026-09-09T19:34:28.3742214Z applied #2509 area:sparq-lws-core
clear the needs:area park	Classify the needs:area backlog	2026-09-09T19:34:28.3742464Z applied #2510 area:site-specs
clear the needs:area park	Classify the needs:area backlog	2026-09-09T19:40:00.7243062Z applied #2529 area:ci
clear the needs:area park	Classify the needs:area backlog	2026-09-09T19:40:00.7243585Z applied #2543 area:sparq-lws-core
clear the needs:area park	Classify the needs:area backlog	2026-09-09T19:40:00.7244021Z applied #2559 area:sparq-server
clear the needs:area park	Classify the needs:area backlog	2026-09-09T19:40:00.7244477Z applied #2564 area:sparq-forms
clear the needs:area park	Classify the needs:area backlog	2026-09-09T19:40:00.7244877Z applied #2570 area:site-specs
clear the needs:area park	Classify the needs:area backlog	2026-09-09T19:40:00.7245692Z applied #2576 area:sparq-policy
clear the needs:area park	Classify the needs:area backlog	2026-09-09T19:40:00.7246131Z applied #2589 area:sparq-policy
clear the needs:area park	Classify the needs:area backlog	2026-09-09T19:40:00.7246412Z applied #2599 area:ci
clear the needs:area park	Classify the needs:area backlog	2026-09-09T19:40:00.7246668Z applied #2608 area:sparq-reason-el
clear the needs:area park	Classify the needs:area backlog	2026-09-09T19:40:00.7246959Z applied #2612 area:sparq-solid
clear the needs:area park	Classify the needs:area backlog	2026-09-09T19:40:00.7247226Z applied #2618 area:sparq-trust
clear the needs:area park	Classify the needs:area backlog	2026-09-09T19:40:00.7247491Z applied #2619 area:sparq-trust
clear the needs:area park	Classify the needs:area backlog	2026-09-09T19:40:00.7247745Z applied #2625 area:ci
clear the needs:area park	Classify the needs:area backlog	2026-09-09T19:40:00.7247978Z applied #2626 area:ci
clear the needs:area park	Classify the needs:area backlog	2026-09-09T19:40:00.7248212Z applied #2717 area:site
clear the needs:area park	Classify the needs:area backlog	2026-09-09T19:40:00.7248451Z applied #2855 area:js
clear the needs:area park	Classify the needs:area backlog	2026-09-09T19:40:00.7248688Z applied #2874 area:sparq-zk
clear the needs:area park	Classify the needs:area backlog	2026-09-09T19:40:00.7248967Z applied #2877 area:bench
clear the needs:area park	Classify the needs:area backlog	2026-09-09T19:40:00.7249265Z applied #2880 area:knowledge-graph
clear the needs:area park	Classify the needs:area backlog	2026-09-09T19:40:00.7249582Z applied #2897 area:sparq-reason
clear the needs:area park	Classify the needs:area backlog	2026-09-09T19:40:00.7249879Z applied #2899 area:sparq-reason
clear the needs:area park	Classify the needs:area backlog	2026-09-09T19:40:00.7250174Z applied #2900 area:sparq-reason-dl
clear the needs:area park	Classify the needs:area backlog	2026-09-09T19:40:00.7250471Z applied #2942 area:bench
clear the needs:area park	Classify the needs:area backlog	2026-09-09T19:40:00.7250738Z applied #2995 area:bench
clear the needs:area park	Classify the needs:area backlog	2026-09-09T19:40:00.7251313Z applied #3443 area:sparq-reason-ql
clear the needs:area park	Classify the needs:area backlog	2026-09-09T19:40:00.7251625Z applied #3444 area:sparq-reason-ql
clear the needs:area park	Classify the needs:area backlog	2026-09-09T19:40:00.7251935Z applied #3463 area:sparq-crdt
clear the needs:area park	Classify the needs:area backlog	2026-09-09T19:40:00.7252227Z applied #3471 area:sparq-geo
clear the needs:area park	Classify the needs:area backlog	2026-09-09T19:40:00.7252520Z applied #3477 area:sparq-lws-core
clear the needs:area park	Classify the needs:area backlog	2026-09-09T19:40:00.7252815Z applied #3485 area:gui
clear the needs:area park	Classify the needs:area backlog	2026-09-09T19:40:00.7253071Z applied #3489 area:bench
clear the needs:area park	Classify the needs:area backlog	2026-09-09T19:40:00.7253345Z applied #3495 area:sparq-trust
clear the needs:area park	Classify the needs:area backlog	2026-09-09T19:40:00.7253643Z applied #3514 area:sparq-reason-ql
clear the needs:area park	Classify the needs:area backlog	2026-09-09T19:40:00.7253938Z applied #3536 area:bench
clear the needs:area park	Classify the needs:area backlog	2026-09-09T19:40:00.7254216Z applied #3541 area:sparq-policy
clear the needs:area park	Classify the needs:area backlog	2026-09-09T19:40:00.7254527Z applied #3543 area:sparq-zk-compose
clear the needs:area park	Classify the needs:area backlog	2026-09-09T19:40:00.7254833Z applied #3544 area:docs
clear the needs:area park	Classify the needs:area backlog	2026-09-09T19:40:00.7255104Z applied #3548 area:sparq-wasm
clear the needs:area park	Classify the needs:area backlog	2026-09-09T19:40:00.7255399Z applied #3564 area:sparq-zk-compose
clear the needs:area park	Classify the needs:area backlog	2026-09-09T19:40:00.7255711Z applied #3565 area:sparq-zk-compose
clear the needs:area park	Classify the needs:area backlog	2026-09-09T19:40:00.7256079Z applied #3566 area:sparq-zk-compose
clear the needs:area park	Classify the needs:area backlog	2026-09-09T19:40:00.7256374Z applied #3568 area:ci
clear the needs:area park	Classify the needs:area backlog	2026-09-09T19:40:00.7256639Z applied #3570 area:sparq-zk-compose
clear the needs:area park	Classify the needs:area backlog	2026-09-09T19:40:00.7256936Z applied #3579 area:site
clear the needs:area park	Classify the needs:area backlog	2026-09-09T19:40:00.7257210Z applied #3590 area:sparq-zk-compose
clear the needs:area park	Classify the needs:area backlog	2026-09-09T19:40:00.7257518Z applied #3591 area:sparq-zk-compose
clear the needs:area park	Classify the needs:area backlog	2026-09-09T19:40:00.7257823Z applied #3610 area:sparq-mpc
clear the needs:area park	Classify the needs:area backlog	2026-09-09T19:40:00.7258110Z applied #3630 area:sparq-zk-compose
clear the needs:area park	Classify the needs:area backlog	2026-09-09T19:40:00.7258417Z applied #3634 area:sparq-zk-compose
clear the needs:area park	Classify the needs:area backlog	2026-09-09T19:40:00.7258718Z applied #3636 area:sparq-mpc
clear the needs:area park	Classify the needs:area backlog	2026-09-09T19:40:00.7258997Z applied #3637 area:sparq-mpc
clear the needs:area park	Classify the needs:area backlog	2026-09-09T19:40:00.7259718Z applied #3700 area:sparq-engine-service,area:sparq-fedclient,area:sparq-conformance
clear the needs:area park	Classify the needs:area backlog	2026-09-09T19:40:00.7260258Z applied #3701 area:sparq-server,area:sparq-lws-core
clear the needs:area park	Classify the needs:area backlog	2026-09-09T19:40:00.7260623Z applied #3703 area:sparq-server,area:sparq-lws-core
clear the needs:area park	Classify the needs:area backlog	2026-09-09T19:40:00.7261187Z applied #3709 area:sparq-shaclc
clear the needs:area park	Classify the needs:area backlog	2026-09-09T19:40:00.7261508Z applied #3710 area:sparq-cli,area:sparq-hdt
clear the needs:area park	Classify the needs:area backlog	2026-09-09T19:40:00.7261796Z applied #3711 area:js
clear the needs:area park	Classify the needs:area backlog	2026-09-09T19:40:00.7262006Z applied #3716 area:ci
clear the needs:area park	Classify the needs:area backlog	2026-09-09T19:40:00.7262208Z applied #3717 area:ci
clear the needs:area park	Classify the needs:area backlog	2026-09-09T19:40:00.7262423Z applied #3718 area:sparq-difftest
clear the needs:area park	Classify the needs:area backlog	2026-09-09T19:40:00.7262664Z applied #3720 area:ci
clear the needs:area park	Classify the needs:area backlog	2026-09-09T19:40:00.7262870Z applied #3721 area:bench
clear the needs:area park	Classify the needs:area backlog	2026-09-09T19:40:00.7263084Z applied #3722 area:js
clear the needs:area park	Classify the needs:area backlog	2026-09-09T19:40:00.7263294Z applied #3732 area:site-specs
clear the needs:area park	Classify the needs:area backlog	2026-09-09T19:40:00.7263533Z applied #3734 area:site-specs
clear the needs:area park	Classify the needs:area backlog	2026-09-09T19:40:00.7263766Z applied #3735 area:site-specs
clear the needs:area park	Classify the needs:area backlog	2026-09-09T19:40:00.7263994Z applied #3758 area:ci
clear the needs:area park	Classify the needs:area backlog	2026-09-09T19:40:00.7264203Z applied #3769 area:deps
clear the needs:area park	Classify the needs:area backlog	2026-09-09T19:40:00.7264412Z applied #3771 area:ci
clear the needs:area park	Classify the needs:area backlog	2026-09-09T19:40:00.7264612Z applied #3772 area:ci
clear the needs:area park	Classify the needs:area backlog	2026-09-09T19:40:00.7264814Z applied #3777 area:ci
clear the needs:area park	Classify the needs:area backlog	2026-09-09T19:40:00.7265015Z applied #3778 area:ci
clear the needs:area park	Classify the needs:area backlog	2026-09-09T19:40:00.7265213Z applied #3788 area:ci
clear the needs:area park	Classify the needs:area backlog	2026-09-09T19:40:00.7265412Z applied #3795 area:ci
clear the needs:area park	Classify the needs:area backlog	2026-09-09T19:40:00.7265804Z applied #3804 area:sparq-reason,area:sparq-policy
clear the needs:area park	Classify the needs:area backlog	2026-09-09T19:40:00.7266098Z applied #3805 area:ci
clear the needs:area park	Classify the needs:area backlog	2026-09-09T19:40:00.7266309Z applied #3819 area:sparq-crdt
clear the needs:area park	Classify the needs:area backlog	2026-09-09T19:40:00.7266548Z applied #3825 area:sparq-core
clear the needs:area park	Classify the needs:area backlog	2026-09-09T19:40:00.7266788Z applied #3826 area:sparq-zk-compose
clear the needs:area park	Classify the needs:area backlog	2026-09-09T19:40:00.7267046Z applied #3829 area:sparq-mpc
clear the needs:area park	Classify the needs:area backlog	2026-09-09T19:40:00.7267285Z applied #3832 area:sparq-policy
clear the needs:area park	Classify the needs:area backlog	2026-09-09T19:40:00.7267516Z applied #3838 area:ci
clear the needs:area park	Classify the needs:area backlog	2026-09-09T19:40:00.7267735Z applied #3841 area:sparq-conformance
clear the needs:area park	Classify the needs:area backlog	2026-09-09T19:40:00.7267999Z applied #3842 area:sparq-zk-compose
clear the needs:area park	Classify the needs:area backlog	2026-09-09T19:40:00.7268238Z applied #3844 area:ci
clear the needs:area park	Classify the needs:area backlog	2026-09-09T19:40:00.7268452Z applied #3845 area:ci
clear the needs:area park	Classify the needs:area backlog	2026-09-09T19:40:00.7268654Z applied #3846 area:ci
clear the needs:area park	Classify the needs:area backlog	2026-09-09T19:40:00.7268853Z applied #3847 area:ci
clear the needs:area park	Classify the needs:area backlog	2026-09-09T19:40:00.7269060Z applied #3852 area:deps
clear the needs:area park	Classify the needs:area backlog	2026-09-09T19:40:00.7269292Z applied #3853 area:sparq-zk-compose
clear the needs:area park	Classify the needs:area backlog	2026-09-09T19:40:00.7269550Z applied #3854 area:sparq-zk-compose
clear the needs:area park	Classify the needs:area backlog	2026-09-09T19:40:00.7269807Z applied #3856 area:sparq-zk-compose
clear the needs:area park	Classify the needs:area backlog	2026-09-09T19:40:00.7270061Z applied #3857 area:sparq-core
clear the needs:area park	Classify the needs:area backlog	2026-09-09T19:40:00.7270307Z applied #3861 area:sparq-reason-ql
clear the needs:area park	Classify the needs:area backlog	2026-09-09T19:40:00.7270557Z applied #3863 area:release
clear the needs:area park	Classify the needs:area backlog	2026-09-09T19:40:00.7270781Z applied #3864 area:ci
clear the needs:area park	Classify the needs:area backlog	2026-09-09T19:40:00.7271252Z applied #3866 area:knowledge-graph
clear the needs:area park	Classify the needs:area backlog	2026-09-09T19:40:00.7271510Z applied #3867 area:ci
clear the needs:area park	Classify the needs:area backlog	2026-09-09T19:40:00.7271730Z applied #3871 area:sparq-cli
clear the needs:area park	Classify the needs:area backlog	2026-09-09T19:40:00.7271978Z applied #3872 area:sparq-reason-el
clear the needs:area park	Classify the needs:area backlog	2026-09-09T19:40:00.7272292Z applied #3873 area:ci
clear the needs:area park	Classify the needs:area backlog	2026-09-09T19:40:00.7279399Z applied #3876 area:sparq-shacl
clear the needs:area park	Classify the needs:area backlog	2026-09-09T19:40:00.7279690Z applied #3877 area:js
clear the needs:area park	Classify the needs:area backlog	2026-09-09T19:40:00.7279934Z applied #3879 area:ci
clear the needs:area park	Classify the needs:area backlog	2026-09-09T19:40:00.7280257Z applied #3880 area:sparq-lws-wasm
clear the needs:area park	Classify the needs:area backlog	2026-09-09T19:40:00.7280728Z applied #3882 area:sparq-policy
clear the needs:area park	Classify the needs:area backlog	2026-09-09T19:40:00.7281382Z applied #3883 area:sparq-policy
clear the needs:area park	Classify the needs:area backlog	2026-09-09T19:40:00.7281807Z applied #3885 area:sparq-core
clear the needs:area park	Classify the needs:area backlog	2026-09-09T19:40:00.7282088Z applied #3887 area:sparq-server
clear the needs:area park	Classify the needs:area backlog	2026-09-09T19:40:00.7282348Z applied #3888 area:sparq-serve
clear the needs:area park	Classify the needs:area backlog	2026-09-09T19:40:00.7282514Z 
clear the needs:area park	Classify the needs:area backlog	2026-09-09T19:40:00.7283388Z deferred 1098 classified issue(s) to the next tick — the 150/run budget keeps this lane under GitHub's secondary write limit; they are listed above and nothing about them is lost.
clear the needs:area park	Report the residue that no rule could attribute	﻿2026-09-09T19:40:00.7362690Z ##[group]Run set -euo pipefail
clear the needs:area park	Report the residue that no rule could attribute	2026-09-09T19:40:00.7363036Z [36;1mset -euo pipefail[0m
clear the needs:area park	Report the residue that no rule could attribute	2026-09-09T19:40:00.7363316Z [36;1mlog="$RUNNER_TEMP/triage-area.log"[0m
clear the needs:area park	Report the residue that no rule could attribute	2026-09-09T19:40:00.7363754Z [36;1m# The script's own tally line: "-- N classified (W writable this run, D deferred[0m
clear the needs:area park	Report the residue that no rule could attribute	2026-09-09T19:40:00.7364217Z [36;1m# ...), M left unattributed (...), K scanned".[0m
clear the needs:area park	Report the residue that no rule could attribute	2026-09-09T19:40:00.7364578Z [36;1msummary=$(sed -n 's/^-- //p' "$log" | tail -1)[0m
clear the needs:area park	Report the residue that no rule could attribute	2026-09-09T19:40:00.7365027Z [36;1msummary=${summary:-'no tally line — the classifier produced no report'}[0m
clear the needs:area park	Report the residue that no rule could attribute	2026-09-09T19:40:00.7365422Z [36;1m{[0m
clear the needs:area park	Report the residue that no rule could attribute	2026-09-09T19:40:00.7365695Z [36;1m  printf '### needs:area classifier\n\n%s\n\n' "$summary"[0m
clear the needs:area park	Report the residue that no rule could attribute	2026-09-09T19:40:00.7367058Z [36;1m  printf 'The issues below carry no confident evidence in the checked-in rule table, so they gain no `area:` label and remain undispatchable until a human attributes them or a rule is added. Since #5003 this list spans every area-less open issue, not only the ones parked `needs:area`. It is the route back to a maintainer that #3816 found missing.\n\n'[0m
clear the needs:area park	Report the residue that no rule could attribute	2026-09-09T19:40:00.7368377Z [36;1m  sed -n 's/^   LEFT /- /p' "$log"[0m
clear the needs:area park	Report the residue that no rule could attribute	2026-09-09T19:40:00.7368801Z [36;1m  # #5448: the per-run write budget's deferrals, deliberately a SEPARATE section.[0m
clear the needs:area park	Report the residue that no rule could attribute	2026-09-09T19:40:00.7369354Z [36;1m  # These are classified and need no human — they simply did not fit this tick's[0m
clear the needs:area park	Report the residue that no rule could attribute	2026-09-09T19:40:00.7369903Z [36;1m  # budget and the next `25,55` tick writes them. Printed only when non-empty so a[0m
clear the needs:area park	Report the residue that no rule could attribute	2026-09-09T19:40:00.7370416Z [36;1m  # steady-state tick (which never reaches the budget) stays quiet.[0m
clear the needs:area park	Report the residue that no rule could attribute	2026-09-09T19:40:00.7370845Z [36;1m  deferred=$(sed -n 's/^   DEFERRED /- /p' "$log")[0m
clear the needs:area park	Report the residue that no rule could attribute	2026-09-09T19:40:00.7371646Z [36;1m  if [ -n "$deferred" ]; then[0m
clear the needs:area park	Report the residue that no rule could attribute	2026-09-09T19:40:00.7372815Z [36;1m    printf '\n#### Deferred by the per-run write budget\n\nClassified, not yet written: the sweep bounds its `gh issue edit` volume to stay under GitHub'"'"'s secondary rate limit on content-mutating requests. Nothing is lost — the next tick resumes with these, and the list shrinks every run.\n\n%s\n' "$deferred"[0m
clear the needs:area park	Report the residue that no rule could attribute	2026-09-09T19:40:00.7373961Z [36;1m  fi[0m
clear the needs:area park	Report the residue that no rule could attribute	2026-09-09T19:40:00.7374168Z [36;1m} >> "$GITHUB_STEP_SUMMARY"[0m
clear the needs:area park	Report the residue that no rule could attribute	2026-09-09T19:40:00.7374483Z [36;1mecho "::notice title=area-less residue::${summary}"[0m
clear the needs:area park	Report the residue that no rule could attribute	2026-09-09T19:40:00.7412333Z shell: /usr/bin/bash -e {0}
clear the needs:area park	Report the residue that no rule could attribute	2026-09-09T19:40:00.7412588Z env:
clear the needs:area park	Report the residue that no rule could attribute	2026-09-09T19:40:00.7415556Z   GH_TOKEN: ***
clear the needs:area park	Report the residue that no rule could attribute	2026-09-09T19:40:00.7415783Z   SPARQ_REPO: sparq-org/sparq
clear the needs:area park	Report the residue that no rule could attribute	2026-09-09T19:40:00.7416028Z ##[endgroup]
clear the needs:area park	Report the residue that no rule could attribute	2026-09-09T19:40:00.7738980Z ##[notice]1248 classified (150 writable this run, 1098 deferred to the next tick by the 150/run write budget), 415 left unattributed (no confident evidence), 1663 scanned
clear the needs:area park	Post Run actions/checkout@9c091bb21b7c1c1d1991bb908d89e4e9dddfe3e0	﻿2026-09-09T19:40:00.8402974Z Post job cleanup.
clear the needs:area park	Post Run actions/checkout@9c091bb21b7c1c1d1991bb908d89e4e9dddfe3e0	2026-09-09T19:40:00.9296907Z [command]/usr/bin/git version
clear the needs:area park	Post Run actions/checkout@9c091bb21b7c1c1d1991bb908d89e4e9dddfe3e0	2026-09-09T19:40:00.9358047Z git version 2.55.0
clear the needs:area park	Post Run actions/checkout@9c091bb21b7c1c1d1991bb908d89e4e9dddfe3e0	2026-09-09T19:40:00.9441476Z Temporarily overriding HOME='/home/runner/work/_temp/3713b896-aaa2-46aa-9dd0-f195065eebcc' before making global git config changes
clear the needs:area park	Post Run actions/checkout@9c091bb21b7c1c1d1991bb908d89e4e9dddfe3e0	2026-09-09T19:40:00.9452133Z Adding repository directory to the temporary git global config as a safe directory
clear the needs:area park	Post Run actions/checkout@9c091bb21b7c1c1d1991bb908d89e4e9dddfe3e0	2026-09-09T19:40:00.9462405Z [command]/usr/bin/git config --global --add safe.directory /home/runner/work/sparq/sparq
clear the needs:area park	Post Run actions/checkout@9c091bb21b7c1c1d1991bb908d89e4e9dddfe3e0	2026-09-09T19:40:00.9474888Z Removing SSH command configuration
clear the needs:area park	Post Run actions/checkout@9c091bb21b7c1c1d1991bb908d89e4e9dddfe3e0	2026-09-09T19:40:00.9484891Z [command]/usr/bin/git config --local --name-only --get-regexp core\.sshCommand
clear the needs:area park	Post Run actions/checkout@9c091bb21b7c1c1d1991bb908d89e4e9dddfe3e0	2026-09-09T19:40:00.9532683Z [command]/usr/bin/git submodule foreach --recursive sh -c "git config --local --name-only --get-regexp 'core\.sshCommand' && git config --local --unset-all 'core.sshCommand' || :"
clear the needs:area park	Post Run actions/checkout@9c091bb21b7c1c1d1991bb908d89e4e9dddfe3e0	2026-09-09T19:40:00.9859207Z Removing HTTP extra header
clear the needs:area park	Post Run actions/checkout@9c091bb21b7c1c1d1991bb908d89e4e9dddfe3e0	2026-09-09T19:40:00.9875402Z [command]/usr/bin/git config --local --name-only --get-regexp http\.https\:\/\/github\.com\/\.extraheader
clear the needs:area park	Post Run actions/checkout@9c091bb21b7c1c1d1991bb908d89e4e9dddfe3e0	2026-09-09T19:40:00.9952867Z [command]/usr/bin/git submodule foreach --recursive sh -c "git config --local --name-only --get-regexp 'http\.https\:\/\/github\.com\/\.extraheader' && git config --local --unset-all 'http.https://github.com/.extraheader' || :"
clear the needs:area park	Post Run actions/checkout@9c091bb21b7c1c1d1991bb908d89e4e9dddfe3e0	2026-09-09T19:40:01.0365976Z Removing includeIf entries pointing to credentials config files
clear the needs:area park	Post Run actions/checkout@9c091bb21b7c1c1d1991bb908d89e4e9dddfe3e0	2026-09-09T19:40:01.0411952Z [command]/usr/bin/git config --local --name-only --get-regexp ^includeIf\.gitdir:
clear the needs:area park	Post Run actions/checkout@9c091bb21b7c1c1d1991bb908d89e4e9dddfe3e0	2026-09-09T19:40:01.0445443Z [command]/usr/bin/git submodule foreach --recursive git config --local --show-origin --name-only --get-regexp remote.origin.url
clear the needs:area park	Complete job	﻿2026-09-09T19:40:01.0895021Z Cleaning up orphan processes
