2026-09-10T18:12:19.2447471Z Current runner version: '2.337.0'
2026-09-10T18:12:19.2473359Z ##[group]Runner Image Provisioner
2026-09-10T18:12:19.2474365Z Hosted Compute Agent
2026-09-10T18:12:19.2475085Z Version: 20260828.587
2026-09-10T18:12:19.2475748Z Commit: abac92662cab4cc7352de4f9f9d2e2419aad9c29
2026-09-10T18:12:19.2476489Z Build Date: 2026-08-28T16:44:25Z
2026-09-10T18:12:19.2477303Z Worker ID: {25892577-a3b5-465c-9186-cbeec49c503c}
2026-09-10T18:12:19.2478314Z Azure Region: westus
2026-09-10T18:12:19.2479022Z ##[endgroup]
2026-09-10T18:12:19.2480670Z ##[group]Operating System
2026-09-10T18:12:19.2481354Z Ubuntu
2026-09-10T18:12:19.2481993Z 24.04.5
2026-09-10T18:12:19.2482601Z LTS
2026-09-10T18:12:19.2483168Z ##[endgroup]
2026-09-10T18:12:19.2483758Z ##[group]Runner Image
2026-09-10T18:12:19.2484377Z Image: ubuntu-24.04
2026-09-10T18:12:19.2485020Z Version: 20260907.300.1
2026-09-10T18:12:19.2486377Z Included Software: https://github.com/actions/runner-images/blob/ubuntu24/20260907.300/images/ubuntu/Ubuntu2404-Readme.md
2026-09-10T18:12:19.2488261Z Image Release: https://github.com/actions/runner-images/releases/tag/ubuntu24%2F20260907.300
2026-09-10T18:12:19.2489296Z ##[endgroup]
2026-09-10T18:12:19.2490542Z ##[group]GITHUB_TOKEN Permissions
2026-09-10T18:12:19.2492661Z Contents: read
2026-09-10T18:12:19.2493420Z Metadata: read
2026-09-10T18:12:19.2494004Z ##[endgroup]
2026-09-10T18:12:19.2496383Z Secret source: Actions
2026-09-10T18:12:19.2497569Z Cache mode: write
2026-09-10T18:12:19.2498526Z Prepare workflow directory
2026-09-10T18:12:19.2950593Z Prepare all required actions
2026-09-10T18:12:19.3012989Z Getting action download info
2026-09-10T18:12:19.6705243Z Download action repository 'actions/checkout@9c091bb21b7c1c1d1991bb908d89e4e9dddfe3e0' (SHA:9c091bb21b7c1c1d1991bb908d89e4e9dddfe3e0)
2026-09-10T18:12:19.7792032Z Download action repository 'taiki-e/install-action@18b1216eba7f8039b0f8d131d5473787f0edce68' (SHA:18b1216eba7f8039b0f8d131d5473787f0edce68)
2026-09-10T18:12:20.2353025Z Download action repository 'actions/download-artifact@3e5f45b2cfb9172054b4087a40e8e0b5a5461e7c' (SHA:3e5f45b2cfb9172054b4087a40e8e0b5a5461e7c)
2026-09-10T18:12:20.8408609Z Complete job name: test (load-aware shard bulk 2/3)
2026-09-10T18:12:20.9276228Z ##[group]Run actions/checkout@9c091bb21b7c1c1d1991bb908d89e4e9dddfe3e0
2026-09-10T18:12:20.9278310Z with:
2026-09-10T18:12:20.9279228Z   repository: sparq-org/sparq
2026-09-10T18:12:20.9288676Z   token: ***
2026-09-10T18:12:20.9289626Z   ssh-strict: true
2026-09-10T18:12:20.9290538Z   ssh-user: git
2026-09-10T18:12:20.9291461Z   persist-credentials: true
2026-09-10T18:12:20.9292474Z   clean: true
2026-09-10T18:12:20.9293394Z   sparse-checkout-cone-mode: true
2026-09-10T18:12:20.9294484Z   fetch-depth: 1
2026-09-10T18:12:20.9295372Z   fetch-tags: false
2026-09-10T18:12:20.9296292Z   show-progress: true
2026-09-10T18:12:20.9297235Z   lfs: false
2026-09-10T18:12:20.9298235Z   submodules: false
2026-09-10T18:12:20.9299173Z   set-safe-directory: true
2026-09-10T18:12:20.9300234Z   allow-unsafe-pr-checkout: false
2026-09-10T18:12:20.9301635Z env:
2026-09-10T18:12:20.9302488Z   CARGO_TERM_COLOR: always
2026-09-10T18:12:20.9303487Z   RUST_BACKTRACE: 1
2026-09-10T18:12:20.9304443Z   CARGO_NET_RETRY: 10
2026-09-10T18:12:20.9305366Z   CARGO_INCREMENTAL: 0
2026-09-10T18:12:20.9306374Z   CARGO_PROFILE_DEV_DEBUG: line-tables-only
2026-09-10T18:12:20.9308216Z   CARGO_TARGET_X86_64_UNKNOWN_LINUX_GNU_RUSTFLAGS: -C link-arg=-fuse-ld=lld
2026-09-10T18:12:20.9310536Z   HEAVY: test(=diskann_recall_at_10_vs_brute_force_on_50k) | test(=hnsw_recall_at_10_vs_brute_force_on_50k)
2026-09-10T18:12:20.9312367Z ##[endgroup]
2026-09-10T18:12:21.0352711Z Syncing repository: sparq-org/sparq
2026-09-10T18:12:21.0356766Z ##[group]Getting Git version info
2026-09-10T18:12:21.0359212Z Working directory is '/home/runner/work/sparq/sparq'
2026-09-10T18:12:21.0362595Z [command]/usr/bin/git version
2026-09-10T18:12:21.0412032Z git version 2.55.0
2026-09-10T18:12:21.0436395Z ##[endgroup]
2026-09-10T18:12:21.0447295Z Temporarily overriding HOME='/home/runner/work/_temp/5cdb0bb3-084f-4594-ae17-46ba65717226' before making global git config changes
2026-09-10T18:12:21.0452937Z Adding repository directory to the temporary git global config as a safe directory
2026-09-10T18:12:21.0456771Z [command]/usr/bin/git config --global --add safe.directory /home/runner/work/sparq/sparq
2026-09-10T18:12:21.0510346Z Deleting the contents of '/home/runner/work/sparq/sparq'
2026-09-10T18:12:21.0514506Z ##[group]Determining repository object format
2026-09-10T18:12:21.0517577Z ##[endgroup]
2026-09-10T18:12:21.0520490Z ##[group]Initializing the repository
2026-09-10T18:12:21.0522783Z [command]/usr/bin/git init /home/runner/work/sparq/sparq
2026-09-10T18:12:21.0656608Z hint: Using 'master' as the name for the initial branch. This default branch name
2026-09-10T18:12:21.0660611Z hint: will change to "main" in Git 3.0. To configure the initial branch name
2026-09-10T18:12:21.0664229Z hint: to use in all of your new repositories, which will suppress this warning,
2026-09-10T18:12:21.0667167Z hint: call:
2026-09-10T18:12:21.0668942Z hint:
2026-09-10T18:12:21.0671895Z hint: 	git config --global init.defaultBranch <name>
2026-09-10T18:12:21.0674364Z hint:
2026-09-10T18:12:21.0676835Z hint: Names commonly chosen instead of 'master' are 'main', 'trunk' and
2026-09-10T18:12:21.0680848Z hint: 'development'. The just-created branch can be renamed via this command:
2026-09-10T18:12:21.0683744Z hint:
2026-09-10T18:12:21.0685439Z hint: 	git branch -m <name>
2026-09-10T18:12:21.0687751Z hint:
2026-09-10T18:12:21.0690578Z hint: Disable this message with "git config set advice.defaultBranchName false"
2026-09-10T18:12:21.0694545Z Initialized empty Git repository in /home/runner/work/sparq/sparq/.git/
2026-09-10T18:12:21.0700935Z [command]/usr/bin/git remote add origin https://github.com/sparq-org/sparq
2026-09-10T18:12:21.0727798Z ##[endgroup]
2026-09-10T18:12:21.0730168Z ##[group]Disabling automatic garbage collection
2026-09-10T18:12:21.0734197Z [command]/usr/bin/git config --local gc.auto 0
2026-09-10T18:12:21.0771103Z ##[endgroup]
2026-09-10T18:12:21.0773581Z ##[group]Setting up auth
2026-09-10T18:12:21.0775262Z Removing SSH command configuration
2026-09-10T18:12:21.0788131Z [command]/usr/bin/git config --local --name-only --get-regexp core\.sshCommand
2026-09-10T18:12:21.0829481Z [command]/usr/bin/git submodule foreach --recursive sh -c "git config --local --name-only --get-regexp 'core\.sshCommand' && git config --local --unset-all 'core.sshCommand' || :"
2026-09-10T18:12:21.1222823Z Removing HTTP extra header
2026-09-10T18:12:21.1229897Z [command]/usr/bin/git config --local --name-only --get-regexp http\.https\:\/\/github\.com\/\.extraheader
2026-09-10T18:12:21.1271424Z [command]/usr/bin/git submodule foreach --recursive sh -c "git config --local --name-only --get-regexp 'http\.https\:\/\/github\.com\/\.extraheader' && git config --local --unset-all 'http.https://github.com/.extraheader' || :"
2026-09-10T18:12:21.1492867Z Removing includeIf entries pointing to credentials config files
2026-09-10T18:12:21.1498867Z [command]/usr/bin/git config --local --name-only --get-regexp ^includeIf\.gitdir:
2026-09-10T18:12:21.1535309Z [command]/usr/bin/git submodule foreach --recursive git config --local --show-origin --name-only --get-regexp remote.origin.url
2026-09-10T18:12:21.1761538Z [command]/usr/bin/git config --file /home/runner/work/_temp/git-credentials-1fc742d7-4d7d-4382-af4f-7fc0225f5cf4.config http.https://github.com/.extraheader AUTHORIZATION: basic ***
2026-09-10T18:12:21.1803224Z [command]/usr/bin/git config --local includeIf.gitdir:/home/runner/work/sparq/sparq/.git.path /home/runner/work/_temp/git-credentials-1fc742d7-4d7d-4382-af4f-7fc0225f5cf4.config
2026-09-10T18:12:21.1837848Z [command]/usr/bin/git config --local includeIf.gitdir:/home/runner/work/sparq/sparq/.git/worktrees/*.path /home/runner/work/_temp/git-credentials-1fc742d7-4d7d-4382-af4f-7fc0225f5cf4.config
2026-09-10T18:12:21.1876468Z [command]/usr/bin/git config --local includeIf.gitdir:/github/workspace/.git.path /github/runner_temp/git-credentials-1fc742d7-4d7d-4382-af4f-7fc0225f5cf4.config
2026-09-10T18:12:21.1915688Z [command]/usr/bin/git config --local includeIf.gitdir:/github/workspace/.git/worktrees/*.path /github/runner_temp/git-credentials-1fc742d7-4d7d-4382-af4f-7fc0225f5cf4.config
2026-09-10T18:12:21.1949176Z ##[endgroup]
2026-09-10T18:12:21.1952040Z ##[group]Fetching the repository
2026-09-10T18:12:21.2033508Z [command]/usr/bin/git -c protocol.version=2 fetch --no-tags --prune --no-recurse-submodules --depth=1 origin +613cad4d82742955394658dbac03483ef3a4cf97:refs/remotes/pull/6486/merge
2026-09-10T18:12:25.0583908Z From https://github.com/sparq-org/sparq
2026-09-10T18:12:25.0585330Z  * [new ref]         613cad4d82742955394658dbac03483ef3a4cf97 -> pull/6486/merge
2026-09-10T18:12:25.0598469Z ##[endgroup]
2026-09-10T18:12:25.0599458Z ##[group]Determining the checkout info
2026-09-10T18:12:25.0600391Z ##[endgroup]
2026-09-10T18:12:25.0600763Z [command]/usr/bin/git sparse-checkout disable
2026-09-10T18:12:25.0658521Z [command]/usr/bin/git config --local --unset-all extensions.worktreeConfig
2026-09-10T18:12:25.0691686Z ##[group]Checking out the ref
2026-09-10T18:12:25.0696323Z [command]/usr/bin/git checkout --progress --force refs/remotes/pull/6486/merge
2026-09-10T18:12:25.6262624Z Note: switching to 'refs/remotes/pull/6486/merge'.
2026-09-10T18:12:25.6263173Z 
2026-09-10T18:12:25.6263644Z You are in 'detached HEAD' state. You can look around, make experimental
2026-09-10T18:12:25.6265093Z changes and commit them, and you can discard any commits you make in this
2026-09-10T18:12:25.6267673Z state without impacting any branches by switching back to a branch.
2026-09-10T18:12:25.6268699Z 
2026-09-10T18:12:25.6269246Z If you want to create a new branch to retain commits you create, you may
2026-09-10T18:12:25.6270405Z do so (now or later) by using -c with the switch command. Example:
2026-09-10T18:12:25.6271055Z 
2026-09-10T18:12:25.6271250Z   git switch -c <new-branch-name>
2026-09-10T18:12:25.6271551Z 
2026-09-10T18:12:25.6271794Z Or undo this operation with:
2026-09-10T18:12:25.6272006Z 
2026-09-10T18:12:25.6272141Z   git switch -
2026-09-10T18:12:25.6272329Z 
2026-09-10T18:12:25.6272909Z Turn off this advice by setting config variable advice.detachedHead to false
2026-09-10T18:12:25.6273314Z 
2026-09-10T18:12:25.6273718Z HEAD is now at 613cad4 Merge 9ac4a59e96b1c69c8d617fbde9e98fe8c0436fed into f50b5049627415a0f8fd1eca6dd3cb9ac5fcd464
2026-09-10T18:12:25.6293267Z ##[endgroup]
2026-09-10T18:12:25.6345400Z [command]/usr/bin/git log -1 --format=%H
2026-09-10T18:12:25.6376223Z 613cad4d82742955394658dbac03483ef3a4cf97
2026-09-10T18:12:25.6600402Z ##[group]Run ./scripts/ci-free-disk.sh
2026-09-10T18:12:25.6600900Z [36;1m./scripts/ci-free-disk.sh[0m
2026-09-10T18:12:25.6644960Z shell: /usr/bin/bash -e {0}
2026-09-10T18:12:25.6645362Z env:
2026-09-10T18:12:25.6645641Z   CARGO_TERM_COLOR: always
2026-09-10T18:12:25.6645955Z   RUST_BACKTRACE: 1
2026-09-10T18:12:25.6646241Z   CARGO_NET_RETRY: 10
2026-09-10T18:12:25.6646584Z   CARGO_INCREMENTAL: 0
2026-09-10T18:12:25.6646936Z   CARGO_PROFILE_DEV_DEBUG: line-tables-only
2026-09-10T18:12:25.6647415Z   CARGO_TARGET_X86_64_UNKNOWN_LINUX_GNU_RUSTFLAGS: -C link-arg=-fuse-ld=lld
2026-09-10T18:12:25.6648414Z   HEAVY: test(=diskann_recall_at_10_vs_brute_force_on_50k) | test(=hnsw_recall_at_10_vs_brute_force_on_50k)
2026-09-10T18:12:25.6648964Z ##[endgroup]
2026-09-10T18:12:25.6761650Z ##[group]Free runner disk — before
2026-09-10T18:12:25.6777847Z Filesystem      Size  Used Avail Use% Mounted on
2026-09-10T18:12:25.6778680Z /dev/root       145G   59G   86G  41% /
2026-09-10T18:12:25.6780415Z ##[endgroup]
2026-09-10T18:12:25.6781462Z removing /usr/share/dotnet
2026-09-10T18:12:36.3486863Z removing /usr/local/lib/android
2026-09-10T18:13:38.1061490Z removing /usr/local/.ghcup
2026-09-10T18:13:39.7544245Z removing /opt/hostedtoolcache/CodeQL
2026-09-10T18:13:42.1697721Z removing /usr/local/share/powershell
2026-09-10T18:13:42.4700652Z removing /usr/share/swift
2026-09-10T18:13:42.7173092Z removing /opt/hostedtoolcache (hosted toolcache)
2026-09-10T18:13:57.0268470Z pruning docker images
2026-09-10T18:14:11.4564505Z Deleted Images:
2026-09-10T18:14:11.4565760Z untagged: ghcr.io/github/gh-aw-firewall/squid:latest
2026-09-10T18:14:11.4567177Z untagged: ghcr.io/github/gh-aw-firewall/squid@sha256:2ce8df3abf3e9b76e9c0cf5863da41f1ab3f89b20ad14b988806ab89e7bf2cd5
2026-09-10T18:14:11.4569073Z deleted: sha256:ebc9c9e5ccbd12daa23000ec1af4118fe64bc6ac61a25a39552e86f2941ec108
2026-09-10T18:14:11.4570461Z deleted: sha256:985778c0df7e26510751d7fca1e46b01ec5cd13716dfb4ebaa293b6e617da6ce
2026-09-10T18:14:11.4571832Z deleted: sha256:801a15b59b64ce9d2896f9e9f9dab7e99be9e94e56ad8e75df7113dbae5d461b
2026-09-10T18:14:11.4573091Z deleted: sha256:8b7ce8ae5ead69d566b03fa43c47d34fcd3081bb208ef7c4619b82f54d882c1a
2026-09-10T18:14:11.4574333Z deleted: sha256:a8913d3fe0eda67eda6a098eedb907e803a207157ddf88c54da79d8ac15ce580
2026-09-10T18:14:11.4575373Z untagged: ghcr.io/github/github-mcp-server:latest
2026-09-10T18:14:11.4576711Z untagged: ghcr.io/github/github-mcp-server@sha256:46cdbbd810faf6f7aed1745ea04057443f5cb9fcadc15c7308add18cf9a83e33
2026-09-10T18:14:11.4578502Z deleted: sha256:3e165e25be8d461c06268b9fb30e93cf91f791acf7e3889f41b20f4896357dc0
2026-09-10T18:14:11.4579938Z deleted: sha256:e6795b1026263703aab7615e3710f9506ec5f018544150b68778c93b75375b85
2026-09-10T18:14:11.4581189Z deleted: sha256:1e1cabb4a65e50fb84bc4612619b0025e4a1d06d5e38699d1e67e5a8e4f333db
2026-09-10T18:14:11.4582192Z deleted: sha256:86766d6a6e947f4a599c6e23307470f8f75732fc3d143ec1f3260e4406202bee
2026-09-10T18:14:11.4583198Z deleted: sha256:2944471a0bbdfb4985f84f8d287edb5cd982d1060589e707a6cb0cbe82cdfe89
2026-09-10T18:14:11.4584187Z deleted: sha256:5e555e7975e2202f21fb93d460d701a340ade876f3afccb70d702f1dc5ab80db
2026-09-10T18:14:11.4585190Z deleted: sha256:2a080d78a1c5e3615170178f1c6f4c726340da9d5ff2926cb66e2fd97851da9d
2026-09-10T18:14:11.4586210Z deleted: sha256:af4a114029fbf94a3cf75c5cfaa5e947019cd6faae4b800c9306ac9079363def
2026-09-10T18:14:11.4587233Z deleted: sha256:c7b875d3de914680ec64ba55be5865955ec595e7370812894ee68a502e2e8391
2026-09-10T18:14:11.4588568Z deleted: sha256:85d9b4c1ef131ee259952a35027e942f79626303ab143eff7ef00d55201bd06f
2026-09-10T18:14:11.4589581Z deleted: sha256:492c6420fd79f4cd4e761bec1e74db6044d45adb5b073a82289af68aa3162e3f
2026-09-10T18:14:11.4590607Z deleted: sha256:14b282df61c0316a80216cec27e753777da93de1d7e062072ef3b517f984fcf1
2026-09-10T18:14:11.4591613Z deleted: sha256:fdaace00fc3f072b9060f703047b30a2c14d8bde7dbbf31a396802c032923732
2026-09-10T18:14:11.4592980Z deleted: sha256:7f73eafc455b691b504d4d3c3f3c7be90e135c1d0ba4988b2cac29579cd6b567
2026-09-10T18:14:11.4594009Z deleted: sha256:32a12b65383df6b6553c8d59f691675ca1980f8cec9c51cce163c3c8f7665a41
2026-09-10T18:14:11.4595015Z deleted: sha256:5217b01660b515ac25ea055a8bd04a20790c7d6bd6085374b59b9081283911af
2026-09-10T18:14:11.4596001Z deleted: sha256:7223ea1323e8c1159ec17f07d35acc27bdd1cc2bc3ed425b44ef21dac9915db0
2026-09-10T18:14:11.4596928Z untagged: ghcr.io/dependabot/dependabot-updater-core:latest
2026-09-10T18:14:11.4598344Z untagged: ghcr.io/dependabot/dependabot-updater-core@sha256:2fba19978e4b0b2a9829597be4a15fb1fe19878b241e97a9b4d1317692940c45
2026-09-10T18:14:11.4599669Z deleted: sha256:5c1f9f1da87f5427dd6e2ec5a1ab97d0748fdbafcf57eb9055a943a414b545d8
2026-09-10T18:14:11.4601160Z deleted: sha256:a658acc81f7c03694e92f11ffe3716ab1e1828fefcd8c38e16b0baf9e7dd855e
2026-09-10T18:14:11.4602175Z deleted: sha256:3deacaf32289cd96e22b8c126f3b6798c10b13e95573345a6541e0f2e06dbf1a
2026-09-10T18:14:11.4603225Z deleted: sha256:6de7bde6a77f7425104bebf13d2245e8c979466b5950850850bb2b59e2a446ef
2026-09-10T18:14:11.4604251Z deleted: sha256:801974b9383c04d0b062eabda4fa89aea90d7f81014a5132bea9ad5af432e63a
2026-09-10T18:14:11.4605267Z deleted: sha256:f4f67dbe94c5027b91e62a87b484094ec5edf89c6500d22a5db8fa4eec67175c
2026-09-10T18:14:11.4606320Z deleted: sha256:ca382568e43dbf58df9081d87644fe890c310ca466d7dc521182e9ffbdc7b114
2026-09-10T18:14:11.4607204Z deleted: sha256:86729f28930c476a1c6e36572c8868f9e040f26ded9dbf3a95280883a792c9ac
2026-09-10T18:14:11.4608445Z deleted: sha256:0a693f8c5976fbc1ff090ea7c2a54a5956d68ae24bea0bd7398f66ad8037b0a1
2026-09-10T18:14:11.4609202Z deleted: sha256:52fd024951e481afa63bd5ef23d13c98812d030e58f07f476d5ee729d5be5a99
2026-09-10T18:14:11.4609964Z deleted: sha256:d4169ad79fb7d65bbcd18dc7612d3535f417ef5d6b352bdece28ca9bd4f5645e
2026-09-10T18:14:11.4610726Z deleted: sha256:e1f9b984a3f8762d623f4fbbf0b14bdeb4b68aafb0bdaaa89bc6c374e0ce9265
2026-09-10T18:14:11.4611509Z deleted: sha256:b9a65b3c65ab22d490085bd0bf5490e2409da8748b406870f2463bdc41cd6795
2026-09-10T18:14:11.4612201Z untagged: ghcr.io/github/gh-aw-mcpg:latest
2026-09-10T18:14:11.4612949Z untagged: ghcr.io/github/gh-aw-mcpg@sha256:85b940556a8faa4e1fdbef124bfd75f2c4ebd855a10b88a1c3b6f3e97f6f1a53
2026-09-10T18:14:11.4613830Z deleted: sha256:5f22df3c4a888854cfd7514774684e882b961e11d319d1f4039684ad541d054c
2026-09-10T18:14:11.4614591Z deleted: sha256:6c37d32d6b128c746188851ba4212d149ce39981c0b766b2d3c447b8490d7a04
2026-09-10T18:14:11.4615362Z deleted: sha256:3ca287a3624a33e972668a5d6b7700a8c8dc3041aeadb0fcfe3848f38b2f668a
2026-09-10T18:14:11.4616142Z deleted: sha256:5c67f508406e6a9bf44788025c431b8006e32ed767e703b025caca793dbfedb1
2026-09-10T18:14:11.4616868Z deleted: sha256:8dd0a643b90751a901f6982738612594e618ba48ea971098e8d4e7468d9cc450
2026-09-10T18:14:11.4617600Z deleted: sha256:c48e7d23f5f6b9133896e262a510ef3f4288e11d98705c1f52b8cc19fb7af6f8
2026-09-10T18:14:11.4618627Z deleted: sha256:09df3d36d3df02c2be99898ac9e632f91e02fb8262d715c6c0e25927ed2e5dd6
2026-09-10T18:14:11.4619389Z deleted: sha256:6ccd0f9257b0a94f3e50f50a9cdc766408da9d5ded13721abdac5fc34f663f49
2026-09-10T18:14:11.4620123Z deleted: sha256:4b35d13cdd93533c08ba296080135dfc555c64a3a0a4284ac739b93e53ee63f6
2026-09-10T18:14:11.4620888Z deleted: sha256:70834cf3bba44803e61e4c9d424992d91e06c34dcbfa92d388fc493c51c26e3a
2026-09-10T18:14:11.4621664Z deleted: sha256:1a597abbdca4511eb22f2e0b00a5d8b6d6129e7669ed56d751b9d1d611d80bfa
2026-09-10T18:14:11.4622426Z deleted: sha256:d5c28ed9f7e287d23038493d8b2dbea75a712162b907ec2fab74295d6bbf77fc
2026-09-10T18:14:11.4623136Z untagged: ghcr.io/github/gh-aw-firewall/api-proxy:latest
2026-09-10T18:14:11.4623965Z untagged: ghcr.io/github/gh-aw-firewall/api-proxy@sha256:6f95e2234dd9bd6333a8ff28ccea7ecf0204acd4a09108723844dbd2bf6268c5
2026-09-10T18:14:11.4624892Z deleted: sha256:9d8f8fbebb4891599e5e95a55878c77d12c4c321a715acb61dfbb6560b9a55f7
2026-09-10T18:14:11.4625669Z deleted: sha256:3f6dbad59a0bd4729965d9c16c261d980e14162bf000dbcafe8ed7db2fedff6a
2026-09-10T18:14:11.4626596Z deleted: sha256:80b79f0f8bc3d5c3cdf69acd5dce576d05f85a637a80a7c3100757747995da79
2026-09-10T18:14:11.4627378Z deleted: sha256:a53eb6ed7d6102b7a56089598e8984dccdce769642ab8b7483de9b9ad2f9759b
2026-09-10T18:14:11.4628314Z deleted: sha256:0f25ce44464c0e2c078afd7b11f2b8858d4723083e360476d0492fed5a43c55e
2026-09-10T18:14:11.4629049Z deleted: sha256:dc9c32836ca3a5bd64bbd358dddf58538bd478e0b1056d9788811fdefe4760dc
2026-09-10T18:14:11.4629791Z deleted: sha256:78b6d979c4416462cbea914957db2a0d0ffbbf13ebef0396e96f87f6a04c1c83
2026-09-10T18:14:11.4630577Z deleted: sha256:dafd7f59462c952a062aee22b121678c09db1270c06099a530ffc0e4f15757d5
2026-09-10T18:14:11.4631379Z deleted: sha256:34447b7d6e1dbe8676ba1a182208e48cb136db5173a7b4e9db844e8cacfabd01
2026-09-10T18:14:11.4632117Z deleted: sha256:5da802879903f2d623b671bd10f7b817b6f35c8bec8adaebfd89a117e42f5781
2026-09-10T18:14:11.4632885Z deleted: sha256:a696aa1bb46d54f27a28325e84b65909a50b909fc457649fbc8301a7aca37895
2026-09-10T18:14:11.4633645Z deleted: sha256:3d64c014648b8444862bc8607a2495744e9a5ed3b0f900a312000966a0c1b848
2026-09-10T18:14:11.4634406Z deleted: sha256:3cb5ff4e2dd3664e916daf13ba79b8104cae6c95e940f30b22eba2e1c9700055
2026-09-10T18:14:11.4635174Z deleted: sha256:67ff5491d21a37e76f730c473545e7d4143c28cf7ee18a80d44fd9e21780b860
2026-09-10T18:14:11.4635949Z deleted: sha256:34884abbe92863fce933ed7c39c0e045631af0ed86d5cc0dfbdf9fdca426ce3c
2026-09-10T18:14:11.4636635Z untagged: ghcr.io/github/gh-aw-firewall/agent:latest
2026-09-10T18:14:11.4637595Z untagged: ghcr.io/github/gh-aw-firewall/agent@sha256:f7df036c86575527b61f3f7df91c4412349a12b2a74988d929eafa2999230c98
2026-09-10T18:14:11.4638644Z deleted: sha256:bd7acdea59363f831eae4896982d7476af675c9d5c281ebc9b739af5fc72f561
2026-09-10T18:14:11.4639406Z deleted: sha256:835524e93c1a21bb17de1be07498df8d9871fc242bf9e75d990bdc56575672ef
2026-09-10T18:14:11.4640215Z deleted: sha256:30707983df40fb4ab43c2cc153cdcfea8188eb564e21860b2df0b8126e02d191
2026-09-10T18:14:11.4641052Z deleted: sha256:89f02a183f5fcabb96e9ffc11f0af77c566e6a25a0c69835a869897ca6fe5e37
2026-09-10T18:14:11.4641857Z deleted: sha256:a7fb1fe985b36be7d31d4323c87dca4e179fc6ca3c74b5f687ea91a09487c34c
2026-09-10T18:14:11.4642675Z deleted: sha256:14310bdf1e1c5dbd600be902d4d3aadbf17b69f5f098cf6a78e63b36ea0fe968
2026-09-10T18:14:11.4643505Z deleted: sha256:a688db3e7bd99824d7a8d208d1bfbbadfe138f7da289ffaa0be99b340d5f7791
2026-09-10T18:14:11.4644380Z deleted: sha256:bbd6fa1ee3c6cb08bdedaf327da02cffa2de419399df715530156c65c828dd9d
2026-09-10T18:14:11.4645217Z deleted: sha256:ae5095c15a582692fe26c98943591c570c8e01ecade1fbc1afbeb91fc5b30083
2026-09-10T18:14:11.4646013Z deleted: sha256:48607de80178970f04b8070234715afcb462d1ebae0e35d7706e90e363fad8f1
2026-09-10T18:14:11.4646801Z deleted: sha256:e36cc363bb33bde2cb93c5453d4102143425469dbe4235bceb7838c3f3884087
2026-09-10T18:14:11.4647625Z deleted: sha256:fe127748fc7c38aca97b5d62ea80f1a94d595b1d507034d16c50fa0edf34a3f9
2026-09-10T18:14:11.4648605Z deleted: sha256:76b449524758f19bbee8ab573533946790535760522180774a52ff4a9ab3ced6
2026-09-10T18:14:11.4649395Z deleted: sha256:8704049c6b08fb4b480f629085bdcc79048f5cda6f1fadb0f93699371b34bb0d
2026-09-10T18:14:11.4650202Z deleted: sha256:b612b26fad33bce77de9e47ebdf2b07b5cbe468fa5860b74c1ff635c9194c74a
2026-09-10T18:14:11.4650992Z deleted: sha256:328120eca40f8b857f0e1a3cd8f3d8fd9bcd5c2c0f4776647796eb37f24a40d7
2026-09-10T18:14:11.4651812Z deleted: sha256:9d26eb37d23413f641be146794b1b8ecdd9b1fcd9a8f110842c0038f5f440206
2026-09-10T18:14:11.4652600Z deleted: sha256:c0359c5b6ede84d4a083d06d35ee77f0b338dfb17423771854d007d89953fb3e
2026-09-10T18:14:11.4653045Z 
2026-09-10T18:14:11.4653275Z Total reclaimed space: 1.88GB
2026-09-10T18:14:11.4827285Z ##[group]Free runner disk — after
2026-09-10T18:14:11.4837750Z Filesystem      Size  Used Avail Use% Mounted on
2026-09-10T18:14:11.4838531Z /dev/root       145G   27G  118G  19% /
2026-09-10T18:14:11.4839771Z ##[endgroup]
2026-09-10T18:14:11.4879139Z ##[group]Run rustup default stable
2026-09-10T18:14:11.4879514Z [36;1mrustup default stable[0m
2026-09-10T18:14:11.4879816Z [36;1mrustup show active-toolchain[0m
2026-09-10T18:14:11.4914585Z shell: /usr/bin/bash -e {0}
2026-09-10T18:14:11.4914858Z env:
2026-09-10T18:14:11.4915078Z   CARGO_TERM_COLOR: always
2026-09-10T18:14:11.4915336Z   RUST_BACKTRACE: 1
2026-09-10T18:14:11.4915567Z   CARGO_NET_RETRY: 10
2026-09-10T18:14:11.4915804Z   CARGO_INCREMENTAL: 0
2026-09-10T18:14:11.4916077Z   CARGO_PROFILE_DEV_DEBUG: line-tables-only
2026-09-10T18:14:11.4916507Z   CARGO_TARGET_X86_64_UNKNOWN_LINUX_GNU_RUSTFLAGS: -C link-arg=-fuse-ld=lld
2026-09-10T18:14:11.4917147Z   HEAVY: test(=diskann_recall_at_10_vs_brute_force_on_50k) | test(=hnsw_recall_at_10_vs_brute_force_on_50k)
2026-09-10T18:14:11.4917638Z ##[endgroup]
2026-09-10T18:14:11.5632292Z info: using existing install for stable-x86_64-unknown-linux-gnu
2026-09-10T18:14:11.5713474Z info: default toolchain set to stable-x86_64-unknown-linux-gnu
2026-09-10T18:14:11.5714244Z 
2026-09-10T18:14:11.6792421Z   stable-x86_64-unknown-linux-gnu unchanged - rustc 1.98.1 (48a229cea 2026-09-01)
2026-09-10T18:14:11.6793191Z 
2026-09-10T18:14:11.6842025Z info: note that the toolchain '1.97.1-x86_64-unknown-linux-gnu' is currently in use (overridden by '/home/runner/work/sparq/sparq/rust-toolchain.toml')
2026-09-10T18:14:11.6935516Z info: syncing channel updates for 1.97.1-x86_64-unknown-linux-gnu
2026-09-10T18:14:11.8103092Z info: latest update on 2026-07-16 for version 1.97.1 (8bab26f4f 2026-07-14)
2026-09-10T18:14:11.8107079Z info: downloading 6 components
2026-09-10T18:14:21.1666410Z warn: the missing active toolchain `1.97.1-x86_64-unknown-linux-gnu` has been auto-installed
2026-09-10T18:14:21.1667586Z 1.97.1-x86_64-unknown-linux-gnu (overridden by '/home/runner/work/sparq/sparq/rust-toolchain.toml')
2026-09-10T18:14:21.1668465Z warn: auto-installation is deprecated for most `rustup` commands
2026-09-10T18:14:21.1669057Z warn: scripts relying on this behavior in `rustup` may stop working in the future
2026-09-10T18:14:21.1669855Z warn: to install the active toolchain, use `rustup install` instead
2026-09-10T18:14:21.1670377Z warn: see <https://github.com/rust-lang/rustup/issues/4836> for more info
2026-09-10T18:14:21.1840182Z ##[group]Run taiki-e/install-action@18b1216eba7f8039b0f8d131d5473787f0edce68
2026-09-10T18:14:21.1840613Z with:
2026-09-10T18:14:21.1840830Z   tool: nextest
2026-09-10T18:14:21.1841048Z   checksum: true
2026-09-10T18:14:21.1841275Z   fallback: cargo-binstall
2026-09-10T18:14:21.1841517Z env:
2026-09-10T18:14:21.1841721Z   CARGO_TERM_COLOR: always
2026-09-10T18:14:21.1841975Z   RUST_BACKTRACE: 1
2026-09-10T18:14:21.1842202Z   CARGO_NET_RETRY: 10
2026-09-10T18:14:21.1842433Z   CARGO_INCREMENTAL: 0
2026-09-10T18:14:21.1842694Z   CARGO_PROFILE_DEV_DEBUG: line-tables-only
2026-09-10T18:14:21.1843103Z   CARGO_TARGET_X86_64_UNKNOWN_LINUX_GNU_RUSTFLAGS: -C link-arg=-fuse-ld=lld
2026-09-10T18:14:21.1843688Z   HEAVY: test(=diskann_recall_at_10_vs_brute_force_on_50k) | test(=hnsw_recall_at_10_vs_brute_force_on_50k)
2026-09-10T18:14:21.1844168Z ##[endgroup]
2026-09-10T18:14:21.1932463Z ##[start-action display=Run bail() {;id=__taiki-e_install-action.__run]
2026-09-10T18:14:21.1961575Z ##[group]Run bail() {
2026-09-10T18:14:21.1961924Z [36;1mbail() {[0m
2026-09-10T18:14:21.1962276Z [36;1m  printf '::error::install-action: %s\n' "$*"[0m
2026-09-10T18:14:21.1962684Z [36;1m  exit 1[0m
2026-09-10T18:14:21.1962976Z [36;1m}[0m
2026-09-10T18:14:21.1963420Z [36;1m# If /bin/sh is dash, environment variable containing % is not imported, but is fine[0m
2026-09-10T18:14:21.1964043Z [36;1m# because it also means that it will not be exposed to subprocess.[0m
2026-09-10T18:14:21.1964566Z [36;1mif /usr/bin/env | grep -Eq '^BASH_FUNC_'; then[0m
2026-09-10T18:14:21.1965188Z [36;1m  bail 'bash function injection via BASH_FUNC_ environment variable is not allowed for security reasons'[0m
2026-09-10T18:14:21.1965767Z [36;1mfi[0m
2026-09-10T18:14:21.1966080Z [36;1mif ! command -v bash >/dev/null; then[0m
2026-09-10T18:14:21.1966512Z [36;1m  if grep -Eq '^ID=alpine' /etc/os-release; then[0m
2026-09-10T18:14:21.1967042Z [36;1m    printf '::group::Install packages required for install-action (bash)\n'[0m
2026-09-10T18:14:21.1967562Z [36;1m    # NB: sync with apk_install in main.sh[0m
2026-09-10T18:14:21.1968202Z [36;1m    if command -v sudo >/dev/null; then[0m
2026-09-10T18:14:21.1968732Z [36;1m      sudo apk --no-cache add bash[0m
2026-09-10T18:14:21.1969131Z [36;1m    elif command -v doas >/dev/null; then[0m
2026-09-10T18:14:21.1969524Z [36;1m      doas apk --no-cache add bash[0m
2026-09-10T18:14:21.1969891Z [36;1m    else[0m
2026-09-10T18:14:21.1970198Z [36;1m      apk --no-cache add bash[0m
2026-09-10T18:14:21.1970550Z [36;1m    fi[0m
2026-09-10T18:14:21.1970852Z [36;1m    printf '::endgroup::\n'[0m
2026-09-10T18:14:21.1971202Z [36;1m  else[0m
2026-09-10T18:14:21.1971510Z [36;1m    bail 'this action requires bash'[0m
2026-09-10T18:14:21.1971873Z [36;1m  fi[0m
2026-09-10T18:14:21.1972152Z [36;1mfi[0m
2026-09-10T18:14:21.1972521Z [36;1mbash --noprofile --norc "${GITHUB_ACTION_PATH:?}/main.sh"[0m
2026-09-10T18:14:21.1974977Z shell: /usr/bin/env -u ENV -u BASH_ENV -u CDPATH -u SHELLOPTS -u BASHOPTS /bin/sh -eu {0}
2026-09-10T18:14:21.1975508Z env:
2026-09-10T18:14:21.1975797Z   CARGO_TERM_COLOR: always
2026-09-10T18:14:21.1976124Z   RUST_BACKTRACE: 1
2026-09-10T18:14:21.1976427Z   CARGO_NET_RETRY: 10
2026-09-10T18:14:21.1976738Z   CARGO_INCREMENTAL: 0
2026-09-10T18:14:21.1977072Z   CARGO_PROFILE_DEV_DEBUG: line-tables-only
2026-09-10T18:14:21.1977718Z   CARGO_TARGET_X86_64_UNKNOWN_LINUX_GNU_RUSTFLAGS: -C link-arg=-fuse-ld=lld
2026-09-10T18:14:21.1978593Z   HEAVY: test(=diskann_recall_at_10_vs_brute_force_on_50k) | test(=hnsw_recall_at_10_vs_brute_force_on_50k)
2026-09-10T18:14:21.1979150Z   INPUT_TOOL: nextest
2026-09-10T18:14:21.1979462Z   INPUT_CHECKSUM: true
2026-09-10T18:14:21.1979790Z   INPUT_FALLBACK: cargo-binstall
2026-09-10T18:14:21.1982638Z   DEFAULT_GITHUB_TOKEN: ***
2026-09-10T18:14:21.1983133Z   ACTION_USER_AGENT: taiki-e/install-action (18b1216eba7f8039b0f8d131d5473787f0edce68)
2026-09-10T18:14:21.1983641Z   RUNNER_OS: Linux
2026-09-10T18:14:21.1984107Z   RUNNER_ARCH: X64
2026-09-10T18:14:21.1984410Z ##[endgroup]
2026-09-10T18:14:21.2111499Z info: host platform: x86_64_linux
2026-09-10T18:14:21.2374681Z info: installing cargo-nextest@latest
2026-09-10T18:14:21.2577279Z info: downloading https://github.com/nextest-rs/nextest/releases/download/cargo-nextest-0.9.140/cargo-nextest-0.9.140-x86_64-unknown-linux-gnu.tar.gz
2026-09-10T18:14:21.5427106Z info: verifying sha256 checksum for cargo-nextest-0.9.140-x86_64-unknown-linux-gnu.tar.gz
2026-09-10T18:14:21.8026704Z info: cargo-nextest installed at /home/runner/.cargo/bin/cargo-nextest
2026-09-10T18:14:21.8029933Z + cargo-nextest nextest --version
2026-09-10T18:14:21.8057758Z cargo-nextest 0.9.140 (a9fef2964 2026-07-05)
2026-09-10T18:14:21.8058439Z release: 0.9.140
2026-09-10T18:14:21.8058856Z commit-hash: a9fef2964e34f64ed4fceeee7c0c3559ce560920
2026-09-10T18:14:21.8059228Z commit-date: 2026-07-05
2026-09-10T18:14:21.8059501Z host: x86_64-unknown-linux-gnu
2026-09-10T18:14:21.8062015Z 
2026-09-10T18:14:21.8103602Z ##[end-action id=__taiki-e_install-action.__run;outcome=success;conclusion=success;duration_ms=616]
2026-09-10T18:14:21.8111233Z ##[start-action display=Run Set-StrictMode -Version Latest;id=__taiki-e_install-action.__run_2]
2026-09-10T18:14:21.8116896Z ##[end-action id=__taiki-e_install-action.__run_2;outcome=skipped;conclusion=skipped;duration_ms=0]
2026-09-10T18:14:21.8188624Z ##[group]Run actions/download-artifact@3e5f45b2cfb9172054b4087a40e8e0b5a5461e7c
2026-09-10T18:14:21.8189082Z with:
2026-09-10T18:14:21.8189309Z   name: nextest-archive
2026-09-10T18:14:21.8189567Z   merge-multiple: false
2026-09-10T18:14:21.8189826Z   repository: sparq-org/sparq
2026-09-10T18:14:21.8190090Z   run-id: 34511329235
2026-09-10T18:14:21.8190331Z   skip-decompress: false
2026-09-10T18:14:21.8190584Z   digest-mismatch: error
2026-09-10T18:14:21.8190815Z env:
2026-09-10T18:14:21.8191023Z   CARGO_TERM_COLOR: always
2026-09-10T18:14:21.8191272Z   RUST_BACKTRACE: 1
2026-09-10T18:14:21.8191496Z   CARGO_NET_RETRY: 10
2026-09-10T18:14:21.8191726Z   CARGO_INCREMENTAL: 0
2026-09-10T18:14:21.8191995Z   CARGO_PROFILE_DEV_DEBUG: line-tables-only
2026-09-10T18:14:21.8192405Z   CARGO_TARGET_X86_64_UNKNOWN_LINUX_GNU_RUSTFLAGS: -C link-arg=-fuse-ld=lld
2026-09-10T18:14:21.8193039Z   HEAVY: test(=diskann_recall_at_10_vs_brute_force_on_50k) | test(=hnsw_recall_at_10_vs_brute_force_on_50k)
2026-09-10T18:14:21.8193521Z ##[endgroup]
2026-09-10T18:14:21.9525320Z Downloading single artifact
2026-09-10T18:14:22.2356354Z Preparing to download the following artifacts:
2026-09-10T18:14:22.2357831Z - nextest-archive (ID: 10166420066, Size: 5262833945, Expected Digest: sha256:5c4c498bdbddfb4f873558d70023c00f758067eea4754c173944c84414260cec)
2026-09-10T18:14:22.7654657Z Redirecting to blob download url: https://productionresultssa16.blob.core.windows.net/actions-results/cc641e89-0cde-426c-be9c-9d561b60f0dd/workflow-job-run-23c4ec92-4e2d-559d-a97a-4b1d0be70aeb/artifacts/4b5b8a5fdfcb62a8641f27bd1c4e1c85aa57ec2d341f4b8224da19079a84924d.zip
2026-09-10T18:14:22.7657546Z Starting download of artifact to: /home/runner/work/sparq/sparq
2026-09-10T18:14:23.1012783Z (node:2426) [DEP0005] DeprecationWarning: Buffer() is deprecated due to security and usability issues. Please use the Buffer.alloc(), Buffer.allocUnsafe(), or Buffer.from() methods instead.
2026-09-10T18:14:23.1014525Z (Use `node --trace-deprecation ...` to show where the warning was created)
2026-09-10T18:20:11.8298587Z SHA256 digest of downloaded artifact is 5c4c498bdbddfb4f873558d70023c00f758067eea4754c173944c84414260cec
2026-09-10T18:20:11.8300226Z Artifact download completed successfully.
2026-09-10T18:20:11.8300689Z Total of 1 artifact(s) downloaded
2026-09-10T18:20:11.8308128Z Download artifact has finished successfully
2026-09-10T18:20:11.8434949Z ##[group]Run set -euo pipefail
2026-09-10T18:20:11.8435382Z [36;1mset -euo pipefail[0m
2026-09-10T18:20:11.8435798Z [36;1m# [OPUS-4.8] sq-6vshe.6 (research/ci-structural-speedup.md §7, round 2):[0m
2026-09-10T18:20:11.8436367Z [36;1m# DEMOTE the two heavy sparq-vectors recall shards (heavy-diskann/heavy-hnsw)[0m
2026-09-10T18:20:11.8436931Z [36;1m# off the merge_group ref. WHY it is SAFE (per-leg cross-PR-interaction[0m
2026-09-10T18:20:11.8437482Z [36;1m# analysis): each heavy shard runs exactly ONE deterministic, self-contained,[0m
2026-09-10T18:20:11.8438418Z [36;1m# single-crate accuracy gate ({diskann,hnsw}_recall_at_10_vs_brute_force_on_50k[0m
2026-09-10T18:20:11.8439095Z [36;1m# in crates/sparq-vectors/tests/, fixed seeds, `approx-ann` feature). Its[0m
2026-09-10T18:20:11.8439671Z [36;1m# outcome is a pure function of sparq-vectors' ANN impl + its pinned[0m
2026-09-10T18:20:11.8440269Z [36;1m# instant-distance dep — NOTHING else in the workspace. A squash-merge group[0m
2026-09-10T18:20:11.8440867Z [36;1m# re-running it on the combined tree reproduces the identical result each PR[0m
2026-09-10T18:20:11.8441435Z [36;1m# already gated, so it carries no cross-PR-interaction signal (unlike the bulk[0m
2026-09-10T18:20:11.8442016Z [36;1m# workspace-unification build+test, which stays). FULL FORM is UNCHANGED: the[0m
2026-09-10T18:20:11.8442577Z [36;1m# heavy shards still run at PR level AND on push-to-main (both force[0m
2026-09-10T18:20:11.8443103Z [36;1m# rust_changed=true and neither hits this guard), so the recall floors gate[0m
2026-09-10T18:20:11.8443632Z [36;1m# every PR + the canonical main build exactly as before. A post-merge[0m
2026-09-10T18:20:11.8444171Z [36;1m# regression is caught by the push-to-main heavy run (this same job on the[0m
2026-09-10T18:20:11.8444717Z [36;1m# `push` event) + the dedicated `heavy-recall-demoted-filer` job below, which[0m
2026-09-10T18:20:11.8445274Z [36;1m# auto-files a P1 bead + GitHub issue if a heavy shard fails on main. This ONLY[0m
2026-09-10T18:20:11.8445871Z [36;1m# affects the merge_group ref, and reports `success` (exit 0) so the ci-summary gate is[0m
2026-09-10T18:20:11.8446529Z [36;1m# satisfied (the poller discovers whatever check-runs exist; an absent-by-design[0m
2026-09-10T18:20:11.8447111Z [36;1m# sub-result never hangs it). Mirrors the selection skip idiom directly below.[0m
2026-09-10T18:20:11.8447656Z [36;1mif [ "pull_request" = "merge_group" ] && [ -n "$SHARD_FILTER" ]; then[0m
2026-09-10T18:20:11.8448416Z [36;1m  echo "heavy shard 'bulk 2/3' DEMOTED off merge_group (sq-6vshe.6):"[0m
2026-09-10T18:20:11.8448958Z [36;1m  echo "  deterministic single-crate recall gate — no cross-PR interaction;"[0m
2026-09-10T18:20:11.8449509Z [36;1m  echo "  full form runs at PR level + push-to-main. Reporting success."[0m
2026-09-10T18:20:11.8449918Z [36;1m  exit 0[0m
2026-09-10T18:20:11.8450145Z [36;1mfi[0m
2026-09-10T18:20:11.8450489Z [36;1m# [FABLE-5] Draft-tier CI: ALSO demote the heavy recall shards on DRAFT[0m
2026-09-10T18:20:11.8451022Z [36;1m# pull_request heads (docs/branch-protection.md §Draft-tier CI). Safe for[0m
2026-09-10T18:20:11.8451551Z [36;1m# the same reason as the merge_group demotion above — deterministic[0m
2026-09-10T18:20:11.8452082Z [36;1m# single-crate gates — plus the draft-tier invariant: un-drafting fires[0m
2026-09-10T18:20:11.8452609Z [36;1m# ready_for_review, which re-runs this job at FULL tier on the same head[0m
2026-09-10T18:20:11.8453119Z [36;1m# SHA, and a draft-tier gate result can never admit a PR to the merge[0m
2026-09-10T18:20:11.8453630Z [36;1m# queue (scripts/ci_summary_gate.py refuses it). Bulk shards are NEVER[0m
2026-09-10T18:20:11.8454356Z [36;1m# demoted (SHARD_FILTER is empty there); non-draft PRs and push-to-main[0m
2026-09-10T18:20:11.8454773Z [36;1m# keep the full form.[0m
2026-09-10T18:20:11.8455134Z [36;1mif [ "$IS_DRAFT_PR" = "true" ] && [ -n "$SHARD_FILTER" ]; then[0m
2026-09-10T18:20:11.8455778Z [36;1m  echo "heavy shard 'bulk 2/3' DEMOTED on this DRAFT head (draft-tier CI):"[0m
2026-09-10T18:20:11.8456335Z [36;1m  echo "  the full form re-runs at ready_for_review + push-to-main; a draft-tier"[0m
2026-09-10T18:20:11.8456914Z [36;1m  echo "  gate result can never admit a PR to the merge queue. Reporting success."[0m
2026-09-10T18:20:11.8457351Z [36;1m  exit 0[0m
2026-09-10T18:20:11.8457573Z [36;1mfi[0m
2026-09-10T18:20:11.8457923Z [36;1m# [FABLE-5] sq-fmx4u.3 (design §5.2): single-crate shard skip guard.[0m
2026-09-10T18:20:11.8458744Z [36;1m# FAIL-CLOSED: only the exact mode 'selected' AND a non-empty SHARD_CRATE[0m
2026-09-10T18:20:11.8459282Z [36;1m# AND a definite non-membership ('"<crate>"' absent from the affected[0m
2026-09-10T18:20:11.8459801Z [36;1m# JSON — the quote delimiters prevent substring-crate collisions) can[0m
2026-09-10T18:20:11.8460309Z [36;1m# skip; empty/missing selection outputs always fall through to a run.[0m
2026-09-10T18:20:11.8460829Z [36;1mif [ "$SELECT_MODE" = "selected" ] && [ -n "$SHARD_CRATE" ]; then[0m
2026-09-10T18:20:11.8461229Z [36;1m  case "$SELECT_AFFECTED" in[0m
2026-09-10T18:20:11.8461623Z [36;1m    *"\"$SHARD_CRATE\""*) : ;;  # in the affected closure -> run the shard[0m
2026-09-10T18:20:11.8462006Z [36;1m    *)[0m
2026-09-10T18:20:11.8462352Z [36;1m      echo "shard 'bulk 2/3' SKIPPED by change-based selection:"[0m
2026-09-10T18:20:11.8462855Z [36;1m      echo "  $SHARD_CRATE is not in the affected closure $SELECT_AFFECTED"[0m
2026-09-10T18:20:11.8463261Z [36;1m      exit 0[0m
2026-09-10T18:20:11.8463498Z [36;1m      ;;[0m
2026-09-10T18:20:11.8463725Z [36;1m  esac[0m
2026-09-10T18:20:11.8463947Z [36;1mfi[0m
2026-09-10T18:20:11.8464272Z [36;1mcommon=(--archive-file nextest.tar.zst --workspace-remap . \[0m
2026-09-10T18:20:11.8464738Z [36;1m        --extract-to . --extract-overwrite --profile ci)[0m
2026-09-10T18:20:11.8465114Z [36;1mif [ -n "" ]; then[0m
2026-09-10T18:20:11.8465512Z [36;1m  # Dedicated heavy shard: intersect HEAVY with this shard's single test so[0m
2026-09-10T18:20:11.8466053Z [36;1m  # the shard's set is provably a SUBSET of HEAVY (belt-and-braces: if the[0m
2026-09-10T18:20:11.8466592Z [36;1m  # test is ever renamed in only one place, the shard runs empty rather than[0m
2026-09-10T18:20:11.8467041Z [36;1m  # silently re-including it in bulk).[0m
2026-09-10T18:20:11.8467661Z [36;1m  args=("${common[@]}" -E '( test(=diskann_recall_at_10_vs_brute_force_on_50k) | test(=hnsw_recall_at_10_vs_brute_force_on_50k) ) & (  )')[0m
2026-09-10T18:20:11.8468598Z [36;1melif [ "$SELECT_MODE" = "selected" ] && [ -n "$SELECT_FILTERSET" ]; then[0m
2026-09-10T18:20:11.8469129Z [36;1m  # [FABLE-5] sq-fmx4u.3: bulk shard under ENFORCED selection — NARROW[0m
2026-09-10T18:20:11.8469837Z [36;1m  # (never skip) the cross-crate partition to the affected closure[0m
2026-09-10T18:20:11.8470334Z [36;1m  # (design §5.2): intersect the not-heavy set with the package()[0m
2026-09-10T18:20:11.8471021Z [36;1m  # filterset. The count partition applies AFTER filtering, so the three[0m
2026-09-10T18:20:11.8471552Z [36;1m  # bulk shards still partition the narrowed set exactly. A package()[0m
2026-09-10T18:20:11.8472223Z [36;1m  # naming no archived package fails loud (nextest errors), so a stale[0m
2026-09-10T18:20:11.8472782Z [36;1m  # filterset cannot silently select nothing; --no-tests=pass is needed[0m
2026-09-10T18:20:11.8473438Z [36;1m  # because a legitimately-narrowed shard CAN match zero tests (e.g. an[0m
2026-09-10T18:20:11.8474023Z [36;1m  # affected crate whose only tests are heavy/feature-gated) — full and[0m
2026-09-10T18:20:11.8474608Z [36;1m  # shadow runs keep the strict no-tests-is-an-error behaviour.[0m
2026-09-10T18:20:11.8475405Z [36;1m  args=("${common[@]}" --no-tests=pass --partition count:2/3 \[0m
2026-09-10T18:20:11.8475846Z [36;1m        -E "( not ( $HEAVY ) ) & ( $SELECT_FILTERSET )")[0m
2026-09-10T18:20:11.8476185Z [36;1melse[0m
2026-09-10T18:20:11.8476874Z [36;1m  # Bulk shard: everything that is NOT a known-heavy test, count-partitioned.[0m
2026-09-10T18:20:11.8477814Z [36;1m  args=("${common[@]}" --partition count:2/3 -E 'not ( test(=diskann_recall_at_10_vs_brute_force_on_50k) | test(=hnsw_recall_at_10_vs_brute_force_on_50k) )')[0m
2026-09-10T18:20:11.8478594Z [36;1mfi[0m
2026-09-10T18:20:11.8478979Z [36;1mMAX_ATTEMPTS=2[0m
2026-09-10T18:20:11.8479248Z [36;1mattempt=1[0m
2026-09-10T18:20:11.8479490Z [36;1mwhile true; do[0m
2026-09-10T18:20:11.8479865Z [36;1m  echo "::group::nextest shard 'bulk 2/3' — attempt $attempt/$MAX_ATTEMPTS"[0m
2026-09-10T18:20:11.8480420Z [36;1m  # Capture the exit code EXPLICITLY. `cargo … || rc=$?` is `set -e`-safe (the[0m
2026-09-10T18:20:11.8480981Z [36;1m  # `||` makes the failure non-fatal) AND captures nextest's REAL exit code —[0m
2026-09-10T18:20:11.8481527Z [36;1m  # unlike `if cargo …; then`, where `$?` after the `if` is the `if` statement's[0m
2026-09-10T18:20:11.8482081Z [36;1m  # own status (always 0) and a genuine failure would silently exit 0, wrongly[0m
2026-09-10T18:20:11.8482613Z [36;1m  # passing the gate. `rc` is reset to 0 each attempt before the run.[0m
2026-09-10T18:20:11.8483009Z [36;1m  rc=0[0m
2026-09-10T18:20:11.8483267Z [36;1m  cargo nextest run "${args[@]}" || rc=$?[0m
2026-09-10T18:20:11.8483591Z [36;1m  echo "::endgroup::"[0m
2026-09-10T18:20:11.8483883Z [36;1m  if [ "$rc" -eq 0 ]; then[0m
2026-09-10T18:20:11.8484226Z [36;1m    echo "shard 'bulk 2/3' passed on attempt $attempt"[0m
2026-09-10T18:20:11.8484574Z [36;1m    break[0m
2026-09-10T18:20:11.8484797Z [36;1m  fi[0m
2026-09-10T18:20:11.8485064Z [36;1m  if [ "$attempt" -ge "$MAX_ATTEMPTS" ]; then[0m
2026-09-10T18:20:11.8485672Z [36;1m    echo "::error::shard 'bulk 2/3' failed after $attempt attempt(s) (exit $rc) — genuine failure, not a single transient."[0m
2026-09-10T18:20:11.8486229Z [36;1m    exit "$rc"[0m
2026-09-10T18:20:11.8486466Z [36;1m  fi[0m
2026-09-10T18:20:11.8487017Z [36;1m  echo "::warning::shard 'bulk 2/3' attempt $attempt failed (exit $rc) — reclaiming disk and retrying once (sq-c76x transient self-heal)."[0m
2026-09-10T18:20:11.8487765Z [36;1m  # Reclaim disk again in case the first attempt was a `No space left` race[0m
2026-09-10T18:20:11.8488650Z [36;1m  # that left partial extraction/diagnostics behind; the script is best-effort.[0m
2026-09-10T18:20:11.8489124Z [36;1m  ./scripts/ci-free-disk.sh || true[0m
2026-09-10T18:20:11.8489449Z [36;1m  attempt=$((attempt + 1))[0m
2026-09-10T18:20:11.8489731Z [36;1mdone[0m
2026-09-10T18:20:11.8523241Z shell: /usr/bin/bash -e {0}
2026-09-10T18:20:11.8523515Z env:
2026-09-10T18:20:11.8523740Z   CARGO_TERM_COLOR: always
2026-09-10T18:20:11.8524016Z   RUST_BACKTRACE: 1
2026-09-10T18:20:11.8524259Z   CARGO_NET_RETRY: 10
2026-09-10T18:20:11.8524500Z   CARGO_INCREMENTAL: 0
2026-09-10T18:20:11.8524772Z   CARGO_PROFILE_DEV_DEBUG: line-tables-only
2026-09-10T18:20:11.8525196Z   CARGO_TARGET_X86_64_UNKNOWN_LINUX_GNU_RUSTFLAGS: -C link-arg=-fuse-ld=lld
2026-09-10T18:20:11.8525825Z   HEAVY: test(=diskann_recall_at_10_vs_brute_force_on_50k) | test(=hnsw_recall_at_10_vs_brute_force_on_50k)
2026-09-10T18:20:11.8526320Z   RAYON_NUM_THREADS: 
2026-09-10T18:20:11.8526561Z   SELECT_MODE: full
2026-09-10T18:20:11.8530744Z   SELECT_AFFECTED: ["sparq-acbench", "sparq-algos", "sparq-arrow", "sparq-bench", "sparq-canon", "sparq-cli", "sparq-conformance", "sparq-conformance-floors", "sparq-core", "sparq-crdt", "sparq-difftest", "sparq-e2ee-ng", "sparq-engine", "sparq-engine-serialize", "sparq-engine-service", "sparq-fedclient", "sparq-fedplan", "sparq-fedplan-mpc", "sparq-forms", "sparq-geo", "sparq-gpu", "sparq-hdt", "sparq-http3", "sparq-introspect", "sparq-jsonld", "sparq-jsonld-registry", "sparq-kb", "sparq-lws-core", "sparq-lws-wasm", "sparq-mcp", "sparq-metamorph", "sparq-mpc", "sparq-nlq", "sparq-parse", "sparq-policy", "sparq-prov", "sparq-py", "sparq-reason", "sparq-reason-diff", "sparq-reason-dl", "sparq-reason-el", "sparq-reason-ql", "sparq-reason-wasm", "sparq-rsp", "sparq-rsp-wasm", "sparq-secprop-vocab", "sparq-serve", "sparq-server", "sparq-shacl", "sparq-shacl-wasm", "sparq-shaclc", "sparq-sim", "sparq-solid", "sparq-substrate", "sparq-terse", "sparq-text", "sparq-text-wasm", "sparq-trust", "sparq-vc", "sparq-vectors", "sparq-wac-oracle", "sparq-wasm", "sparq-wrapper", "sparq-wrapper-gen", "sparq-wrapper-integration", "sparq-wrapper-shacl", "sparq-zk", "sparq-zk-compose"]
2026-09-10T18:20:11.8540623Z   SELECT_FILTERSET: package(sparq-acbench) + package(sparq-algos) + package(sparq-arrow) + package(sparq-bench) + package(sparq-canon) + package(sparq-cli) + package(sparq-conformance) + package(sparq-conformance-floors) + package(sparq-core) + package(sparq-crdt) + package(sparq-difftest) + package(sparq-e2ee-ng) + package(sparq-engine) + package(sparq-engine-serialize) + package(sparq-engine-service) + package(sparq-fedclient) + package(sparq-fedplan) + package(sparq-fedplan-mpc) + package(sparq-forms) + package(sparq-geo) + package(sparq-gpu) + package(sparq-hdt) + package(sparq-http3) + package(sparq-introspect) + package(sparq-jsonld) + package(sparq-jsonld-registry) + package(sparq-kb) + package(sparq-lws-core) + package(sparq-lws-wasm) + package(sparq-mcp) + package(sparq-metamorph) + package(sparq-mpc) + package(sparq-nlq) + package(sparq-parse) + package(sparq-policy) + package(sparq-prov) + package(sparq-py) + package(sparq-reason) + package(sparq-reason-diff) + package(sparq-reason-dl) + package(sparq-reason-el) + package(sparq-reason-ql) + package(sparq-reason-wasm) + package(sparq-rsp) + package(sparq-rsp-wasm) + package(sparq-secprop-vocab) + package(sparq-serve) + package(sparq-server) + package(sparq-shacl) + package(sparq-shacl-wasm) + package(sparq-shaclc) + package(sparq-sim) + package(sparq-solid) + package(sparq-substrate) + package(sparq-terse) + package(sparq-text) + package(sparq-text-wasm) + package(sparq-trust) + package(sparq-vc) + package(sparq-vectors) + package(sparq-wac-oracle) + package(sparq-wasm) + package(sparq-wrapper) + package(sparq-wrapper-gen) + package(sparq-wrapper-integration) + package(sparq-wrapper-shacl) + package(sparq-zk) + package(sparq-zk-compose)
2026-09-10T18:20:11.8546632Z   SHARD_CRATE: 
2026-09-10T18:20:11.8546860Z   SHARD_FILTER: 
2026-09-10T18:20:11.8547088Z   IS_DRAFT_PR: false
2026-09-10T18:20:11.8547406Z ##[endgroup]
2026-09-10T18:20:11.8603515Z ##[group]nextest shard 'bulk 2/3' — attempt 1/2
2026-09-10T18:20:12.0716342Z [32;1m  Extracting[0m [1m742[0m binaries (including [1m11[0m non-test binaries), [1m1[0m build script output directory, and [1m6[0m linked paths to [1m/home/runner/work/sparq/sparq[0m
2026-09-10T18:21:29.9549357Z [32;1m   Extracted[0m [1m1207[0m files to [1m/home/runner/work/sparq/sparq[0m in 1m 18.06s
2026-09-10T18:21:39.1430090Z ────────────
2026-09-10T18:21:39.1431323Z [32;1m Nextest run[0m ID [1m849a20a8-fb98-4ad3-bd7d-4cb34e3c1bdc[0m with nextest profile: [1mci[0m
2026-09-10T18:21:39.1432508Z [32;1m    Starting[0m [1m2877[0m tests across [1m731[0m binaries ([1m5899[0m tests [33;1mskipped[0m)
2026-09-10T18:21:39.1567810Z [32;1m        PASS[0m [   0.007s] (   1/2877) [35;1msparq-acbench[0m [36moracle::tests[0m[36m::[0m[34;1mcount_condition_zero_denies_positive_admits[0m
2026-09-10T18:21:39.1570521Z [32;1m        PASS[0m [   0.007s] (   2/2877) [35;1msparq-acbench[0m [36moracle::tests[0m[36m::[0m[34;1mpurpose_condition_matches_only_granted_purpose[0m
2026-09-10T18:21:39.1573056Z [32;1m        PASS[0m [   0.007s] (   3/2877) [35;1msparq-acbench[0m [36moracle::tests[0m[36m::[0m[34;1mnearest_acl_shadows_the_ancestor_grant[0m
2026-09-10T18:21:39.1575447Z [32;1m        PASS[0m [   0.007s] (   4/2877) [35;1msparq-acbench[0m [36moracle::tests[0m[36m::[0m[34;1ma_subtree_row_grants_the_container_resource_itself[0m
2026-09-10T18:21:39.1609694Z [32;1m        PASS[0m [   0.006s] (   5/2877) [35;1msparq-acbench[0m [36moracle::tests[0m[36m::[0m[34;1mtemporal_window_half_open_boundaries[0m
2026-09-10T18:21:39.1641470Z [32;1m        PASS[0m [   0.010s] (   6/2877) [35;1msparq-acbench::consortium[0m [34;1mgenerate_u4_embargo_flip_descriptions_non_empty[0m
2026-09-10T18:21:39.1645018Z [32;1m        PASS[0m [   0.009s] (   7/2877) [35;1msparq-acbench::consortium[0m [34;1mgenerate_u4_data_graph_non_empty[0m
2026-09-10T18:21:39.1647165Z [32;1m        PASS[0m [   0.011s] (   8/2877) [35;1msparq-acbench::consortium[0m [34;1mgenerate_u4_expected_decisions_non_empty[0m
2026-09-10T18:21:39.1742853Z [32;1m        PASS[0m [   0.006s] (   9/2877) [35;1msparq-acbench::determinism[0m [34;1mcompile_acp_deny_produces_triples[0m
2026-09-10T18:21:39.1769291Z [32;1m        PASS[0m [   0.007s] (  10/2877) [35;1msparq-acbench::determinism[0m [34;1maudience_mix_valid[0m
2026-09-10T18:21:39.1799620Z [32;1m        PASS[0m [   0.011s] (  11/2877) [35;1msparq-acbench::consortium[0m [34;1mgenerate_u4_policy_graphs_non_empty[0m
2026-09-10T18:21:39.1819510Z [32;1m        PASS[0m [   0.009s] (  12/2877) [35;1msparq-acbench::consortium[0m [34;1mgenerate_u4_temporal_intents_are_odrl_only[0m
2026-09-10T18:21:39.1831207Z [32;1m        PASS[0m [   0.006s] (  13/2877) [35;1msparq-acbench::determinism[0m [34;1mcompile_odrl_temporal_condition_produces_triples[0m
2026-09-10T18:21:39.1845313Z [32;1m        PASS[0m [   0.006s] (  14/2877) [35;1msparq-acbench::determinism[0m [34;1mgen_params_acl_coverage_bounds[0m
2026-09-10T18:21:39.1847030Z [32;1m        PASS[0m [   0.006s] (  15/2877) [35;1msparq-acbench::determinism[0m [34;1mgen_params_group_nesting_depth_max[0m
2026-09-10T18:21:39.1849174Z [32;1m        PASS[0m [   0.008s] (  16/2877) [35;1msparq-acbench::determinism[0m [34;1mcompile_wac_deny_is_unsupported[0m
2026-09-10T18:21:39.1850776Z [32;1m        PASS[0m [   0.007s] (  17/2877) [35;1msparq-acbench::determinism[0m [34;1mintent_row_round_trip[0m
2026-09-10T18:21:39.1859989Z [32;1m        PASS[0m [   0.006s] (  18/2877) [35;1msparq-acbench::determinism[0m [34;1moracle_anti_vacuity_deny_intent_returns_deny_wac[0m
2026-09-10T18:21:39.1862109Z [32;1m        PASS[0m [   0.006s] (  19/2877) [35;1msparq-acbench::determinism[0m [34;1moracle_odrl_allows_matching_agent_intent[0m
2026-09-10T18:21:39.1864113Z [32;1m        PASS[0m [   0.007s] (  20/2877) [35;1msparq-acbench::determinism[0m [34;1moracle_fail_closed_empty_intents_acp[0m
2026-09-10T18:21:39.1902957Z [32;1m        PASS[0m [   0.006s] (  21/2877) [35;1msparq-acbench::determinism[0m [34;1moracle_wac_subtree_matches_child_resources[0m
2026-09-10T18:21:39.1922515Z [32;1m        PASS[0m [   0.007s] (  22/2877) [35;1msparq-acbench::financial[0m [34;1mgenerate_u3_constraint_intents_odrl_only[0m
2026-09-10T18:21:39.1933101Z [32;1m        PASS[0m [   0.007s] (  23/2877) [35;1msparq-acbench::financial[0m [34;1mgenerate_u3_expected_decisions_non_vacuous[0m
2026-09-10T18:21:39.1935095Z [32;1m        PASS[0m [   0.009s] (  24/2877) [35;1msparq-acbench::financial[0m [34;1mgenerate_u3_acp_policy_empty_for_constraint_intents[0m
2026-09-10T18:21:39.1961631Z [32;1m        PASS[0m [   0.006s] (  25/2877) [35;1msparq-acbench::financial[0m [34;1mgenerate_u3_oracle_consistency_temporal[0m
2026-09-10T18:21:39.1991291Z [32;1m        PASS[0m [   0.006s] (  26/2877) [35;1msparq-acbench::financial[0m [34;1mgenerate_u3_queries_non_empty[0m
2026-09-10T18:21:39.2006522Z [32;1m        PASS[0m [   0.007s] (  27/2877) [35;1msparq-acbench::oracle_behavioral[0m [34;1mall_oracles_fail_closed_on_no_match[0m
2026-09-10T18:21:39.2009162Z [32;1m        PASS[0m [   0.006s] (  28/2877) [35;1msparq-acbench::financial[0m [34;1mgenerate_u3_wac_policy_empty_for_constraint_intents[0m
2026-09-10T18:21:39.2021514Z [32;1m        PASS[0m [   0.006s] (  29/2877) [35;1msparq-acbench::oracle_behavioral[0m [34;1mdeny_effect_never_allows_acp_odrl[0m
2026-09-10T18:21:39.2076621Z [32;1m        PASS[0m [   0.005s] (  30/2877) [35;1msparq-acbench::personal[0m [34;1mpersonal_dataset_type_accessible[0m
2026-09-10T18:21:39.2078971Z [32;1m        PASS[0m [   0.009s] (  31/2877) [35;1msparq-acbench::personal[0m [34;1mdata_nquads_sorted[0m
2026-09-10T18:21:39.2086923Z [32;1m        PASS[0m [   0.008s] (  32/2877) [35;1msparq-acbench::personal[0m [34;1mgenerate_u1_oracle_odrl_round_trip[0m
2026-09-10T18:21:39.2123537Z [32;1m        PASS[0m [   0.012s] (  33/2877) [35;1msparq-acbench::personal[0m [34;1mgenerate_u1_determinism[0m
2026-09-10T18:21:39.2163697Z [32;1m        PASS[0m [   0.007s] (  34/2877) [35;1msparq-acbench::personal[0m [34;1mw2_fixtures_present[0m
2026-09-10T18:21:39.2170982Z [32;1m        PASS[0m [   0.009s] (  35/2877) [35;1msparq-acbench::project_mgmt[0m [34;1mall_except_intents_have_per_model_expressibility_entries[0m
2026-09-10T18:21:39.2183719Z [32;1m        PASS[0m [   0.010s] (  36/2877) [35;1msparq-acbench::project_mgmt[0m [34;1mdata_graph_contains_hierarchy_triples[0m
2026-09-10T18:21:39.2232966Z [32;1m        PASS[0m [   0.007s] (  37/2877) [35;1msparq-acbench::project_mgmt[0m [34;1modrl_policy_non_empty[0m
2026-09-10T18:21:39.2238945Z [32;1m        PASS[0m [   0.011s] (  38/2877) [35;1msparq-acbench::project_mgmt[0m [34;1mgenerate_u2_determinism[0m
2026-09-10T18:21:39.2267085Z [32;1m        PASS[0m [   0.010s] (  39/2877) [35;1msparq-acbench::project_mgmt[0m [34;1mquery_fixtures_all_classes_present[0m
2026-09-10T18:21:39.2279073Z [32;1m        PASS[0m [   0.009s] (  40/2877) [35;1msparq-acbench::project_mgmt[0m [34;1mwac_policy_non_empty[0m
2026-09-10T18:21:39.2309912Z [32;1m        PASS[0m [   0.006s] (  41/2877) [35;1msparq-acbench::workloads[0m [34;1manti_vacuity_wrong_deny_fails_harness[0m
2026-09-10T18:21:39.2319317Z [32;1m        PASS[0m [   0.006s] (  42/2877) [35;1msparq-acbench::workloads[0m [34;1mharness_any_fail_exits_nonzero[0m
2026-09-10T18:21:39.2334794Z [32;1m        PASS[0m [   0.006s] (  43/2877) [35;1msparq-acbench::workloads[0m [34;1mrun_outcome_skipped_is_neither[0m
2026-09-10T18:21:39.2341447Z [32;1m        PASS[0m [   0.006s] (  44/2877) [35;1msparq-acbench::workloads[0m [34;1mw1_wiring_bug_length_mismatch_fails[0m
2026-09-10T18:21:39.2344098Z [32;1m        PASS[0m [   0.006s] (  45/2877) [35;1msparq-acbench::workloads[0m [34;1mw1_temporal_allow_differs_by_model_valid_window[0m
2026-09-10T18:21:39.2374290Z [32;1m        PASS[0m [   0.008s] (  46/2877) [35;1msparq-acbench::workloads[0m [34;1mw2_under_share_fails[0m
2026-09-10T18:21:39.2389519Z [32;1m        PASS[0m [   0.005s] (  47/2877) [35;1msparq-acbench::workloads[0m [34;1mw3_revoke_produces_deny_after_step[0m
2026-09-10T18:21:39.2415832Z [32;1m        PASS[0m [   0.007s] (  48/2877) [35;1msparq-acbench::workloads[0m [34;1mw4_run_params_query_sublane_skipped[0m
2026-09-10T18:21:39.2432864Z [32;1m        PASS[0m [   0.009s] (  49/2877) [35;1msparq-acbench::workloads[0m [34;1mw4_decision_lane_concurrent_passes[0m
2026-09-10T18:21:39.2608971Z [32;1m        PASS[0m [   0.022s] (  50/2877) [35;1msparq-algos[0m [36mtests[0m[36m::[0m[34;1mempty_node_graph_is_empty[0m
2026-09-10T18:21:39.2613870Z [32;1m        PASS[0m [   0.019s] (  51/2877) [35;1msparq-algos[0m [36mtests[0m[36m::[0m[34;1mlabel_propagation_empty[0m
2026-09-10T18:21:39.2620609Z [32;1m        PASS[0m [   0.024s] (  52/2877) [35;1msparq-algos[0m [36mtests[0m[36m::[0m[34;1mdegree_centrality_directions[0m
2026-09-10T18:21:39.2649814Z [32;1m        PASS[0m [   0.019s] (  53/2877) [35;1msparq-algos[0m [36mtests[0m[36m::[0m[34;1mliterals_excluded_by_default_but_included_with_all[0m
2026-09-10T18:21:39.2694286Z [32;1m        PASS[0m [   0.009s] (  54/2877) [35;1msparq-algos[0m [36mtests[0m[36m::[0m[34;1mpagerank_exact_values_with_multi_out_degree_node[0m
2026-09-10T18:21:39.2696988Z [32;1m        PASS[0m [   0.009s] (  55/2877) [35;1msparq-algos[0m [36mtests[0m[36m::[0m[34;1mnode_indices_are_canonical_term_order[0m
2026-09-10T18:21:39.2701618Z [32;1m        PASS[0m [   0.008s] (  56/2877) [35;1msparq-algos[0m [36mtests[0m[36m::[0m[34;1mparallel_edges_collapse[0m
2026-09-10T18:21:39.2720369Z [32;1m        PASS[0m [   0.008s] (  57/2877) [35;1msparq-algos[0m [36mtests[0m[36m::[0m[34;1mweakly_connected_components_partition[0m
2026-09-10T18:21:39.2877396Z [32;1m        PASS[0m [   0.017s] (  58/2877) [35;1msparq-algos::config_edge_contracts[0m [34;1mpagerank_with_full_damping_is_uniform_on_directed_cycle[0m
2026-09-10T18:21:39.2883242Z [32;1m        PASS[0m [   0.017s] (  59/2877) [35;1msparq-algos::edge_graph_shapes[0m [34;1mempty_graph_algorithms_return_empty_results[0m
2026-09-10T18:21:39.2921501Z [32;1m        PASS[0m [   0.021s] (  60/2877) [35;1msparq-algos::topology_oracles[0m [34;1mchain_is_one_weakly_connected_component[0m
2026-09-10T18:21:39.2933863Z [32;1m        PASS[0m [   0.006s] (  61/2877) [35;1msparq-algos::example/graphalytics[0m [36mtests[0m[36m::[0m[34;1mcreate_dir_refuses_a_pre_existing_symlink[0m
2026-09-10T18:21:39.3002449Z [32;1m        PASS[0m [   0.013s] (  62/2877) [35;1msparq-algos::topology_oracles[0m [34;1mpagerank_dangling_sink_redistributes_mass_and_sums_to_one[0m
2026-09-10T18:21:39.3139051Z [32;1m        PASS[0m [   0.022s] (  63/2877) [35;1msparq-bench::bin/sparq-bench[0m [36mfuzz::tests[0m[36m::[0m[34;1ma_header_only_projection_difference_is_a_mismatch[0m
2026-09-10T18:21:39.3229905Z [32;1m        PASS[0m [   0.009s] (  64/2877) [35;1msparq-bench::bin/sparq-bench[0m [36mfuzz::tests[0m[36m::[0m[34;1mcross_family_equality_is_a_type_error[0m
2026-09-10T18:21:39.4701352Z [32;1m        PASS[0m [   0.200s] (  65/2877) [35;1msparq-algos::proptest_metamorph[0m [34;1mdegree_is_exact_and_reversal_swaps_in_and_out[0m
2026-09-10T18:21:39.5108358Z [32;1m        PASS[0m [   0.210s] (  66/2877) [35;1msparq-bench::bin/sparq-bench[0m [36mfuzz::tests[0m[36m::[0m[34;1mboth_order_shapes_are_value_compared_and_the_subset_shape_has_ties[0m
2026-09-10T18:21:39.7880888Z [32;1m        PASS[0m [   0.274s] (  67/2877) [35;1msparq-bench::bin/sparq-bench[0m [36mfuzz::tests[0m[36m::[0m[34;1mgroup_concat_is_generated_only_in_order_independent_shapes[0m
2026-09-10T18:21:39.7929796Z [32;1m        PASS[0m [   0.499s] (  68/2877) [35;1msparq-bench::bin/sparq-bench[0m [36mfuzz::tests[0m[36m::[0m[34;1mantijoin_category_is_the_rewrite_b_trigger[0m
2026-09-10T18:21:39.7984904Z [32;1m        PASS[0m [   0.013s] (  69/2877) [35;1msparq-bench::bin/sparq-bench[0m [36mfuzz::tests[0m[36m::[0m[34;1mnon_equality_shapes_keep_strict_differential[0m
2026-09-10T18:21:39.8060484Z [32;1m        PASS[0m [   0.012s] (  70/2877) [35;1msparq-bench::bin/sparq-bench[0m [36mfuzz::tests[0m[36m::[0m[34;1mquery_form_classifies_every_result_form[0m
2026-09-10T18:21:39.8079831Z [32;1m        PASS[0m [   0.008s] (  71/2877) [35;1msparq-bench::bin/sparq-bench[0m [36mfuzz::tests[0m[36m::[0m[34;1msame_family_and_identity_decide[0m
2026-09-10T18:21:39.8234254Z [32;1m        PASS[0m [   0.016s] (  72/2877) [35;1msparq-bench::bin/sparq-bench[0m [36mfuzz::tests[0m[36m::[0m[34;1mwindow_totality_comes_from_the_header_not_the_sliced_rows[0m
2026-09-10T18:21:39.8319081Z [32;1m        PASS[0m [   0.008s] (  73/2877) [35;1msparq-bench::bin/sparq-bench[0m [36mneutral::tests[0m[36m::[0m[34;1mneutral_term_carries_every_kind[0m
2026-09-10T18:21:39.8559994Z [32;1m        PASS[0m [   0.021s] (  74/2877) [35;1msparq-bench::bin/sparq-bench[0m [36mupdate_fuzz::tests[0m[36m::[0m[34;1mblank_node_compare_is_isomorphism_not_relabelling_blindness[0m
2026-09-10T18:21:41.0201588Z [32;1m        PASS[0m [   1.167s] (  75/2877) [35;1msparq-bench::bin/sparq-bench[0m [36mupdate_fuzz::tests[0m[36m::[0m[34;1mfixed_window_smoke[0m
2026-09-10T18:21:41.0319848Z [32;1m        PASS[0m [   0.009s] (  76/2877) [35;1msparq-bench::bin/sparq-bench[0m [36mupdate_fuzz::tests[0m[36m::[0m[34;1mgenerator_is_deterministic[0m
2026-09-10T18:21:41.0529844Z [32;1m        PASS[0m [   0.024s] (  77/2877) [35;1msparq-bench::bin/sparq-bench[0m [36mupdate_fuzz::tests[0m[36m::[0m[34;1minjected_marker_fails_during_actual_lexical_adjudication[0m
2026-09-10T18:21:41.0630556Z [32;1m        PASS[0m [   0.010s] (  78/2877) [35;1msparq-bench::bin/sparq-bench[0m [36mupdate_fuzz::tests[0m[36m::[0m[34;1mlexical_adjudication_preserves_rows_and_blank_node_structure[0m
2026-09-10T18:21:41.0819226Z [32;1m        PASS[0m [   0.019s] (  79/2877) [35;1msparq-bench::bin/sparq-bench[0m [36mupdate_fuzz::tests[0m[36m::[0m[34;1mnested_noncanonical_terms_remain_exact_in_sparq[0m
2026-09-10T18:21:41.1075868Z [32;1m        PASS[0m [   0.026s] (  80/2877) [35;1msparq-bench::bin/sparq-bench[0m [36mupdate_fuzz::tests[0m[36m::[0m[34;1moxigraph_cannot_load_a_local_file[0m
2026-09-10T18:21:41.1192536Z [32;1m        PASS[0m [   0.012s] (  81/2877) [35;1msparq-canon[0m [36mrdf12::private_tests[0m[36m::[0m[34;1mcanonical_line_no_newline_default_graph[0m
2026-09-10T18:21:41.1299927Z [32;1m        PASS[0m [   0.008s] (  82/2877) [35;1msparq-canon[0m [36mrdf12::private_tests[0m[36m::[0m[34;1mcollect_bnodes_subject_collects_blank_node[0m
2026-09-10T18:21:41.1365555Z [32;1m        PASS[0m [   0.009s] (  83/2877) [35;1msparq-canon[0m [36mrdf12::private_tests[0m[36m::[0m[34;1mcollect_bnodes_term_ignores_iri[0m
2026-09-10T18:21:41.1459770Z [32;1m        PASS[0m [   0.010s] (  84/2877) [35;1msparq-canon[0m [36mrdf12::private_tests[0m[36m::[0m[34;1mensure_triple_term_depth_boundary[0m
2026-09-10T18:21:41.1592252Z [32;1m        PASS[0m [   0.013s] (  85/2877) [35;1msparq-canon[0m [36mrdf12::private_tests[0m[36m::[0m[34;1mhndq_call_counter_increments_and_fails_at_limit[0m
2026-09-10T18:21:41.1688985Z [32;1m        PASS[0m [   0.010s] (  86/2877) [35;1msparq-canon[0m [36mrdf12::private_tests[0m[36m::[0m[34;1midentifier_issuer_issues_sequential_labels[0m
2026-09-10T18:21:41.1829803Z [32;1m        PASS[0m [   0.012s] (  87/2877) [35;1msparq-canon[0m [36mrdf12::private_tests[0m[36m::[0m[34;1mpermutations_three_items_count[0m
2026-09-10T18:21:41.1899690Z [32;1m        PASS[0m [   0.008s] (  88/2877) [35;1msparq-canon[0m [36mrdf12::private_tests[0m[36m::[0m[34;1mpush_unique_does_not_add_duplicates[0m
2026-09-10T18:21:41.1973393Z [32;1m        PASS[0m [   0.009s] (  89/2877) [35;1msparq-canon[0m [36mrdf12::private_tests[0m[36m::[0m[34;1mrelabel_quad_first_degree_reference_becomes_a_others_z[0m
2026-09-10T18:21:41.2187533Z [32;1m        PASS[0m [   0.021s] (  90/2877) [35;1msparq-canon[0m [36mrdf12::private_tests[0m[36m::[0m[34;1mserialize_canonical_concatenates_lines[0m
2026-09-10T18:21:41.2329206Z [32;1m        PASS[0m [   0.014s] (  91/2877) [35;1msparq-canon[0m [36mrdf12::private_tests[0m[36m::[0m[34;1mspecial_label_other_becomes_z[0m
2026-09-10T18:21:41.2412998Z [32;1m        PASS[0m [   0.009s] (  92/2877) [35;1msparq-canon[0m [36mrdf12::private_tests[0m[36m::[0m[34;1msubject_bnode_yields_the_blank_node[0m
2026-09-10T18:21:41.2550022Z [32;1m        PASS[0m [   0.012s] (  93/2877) [35;1msparq-canon[0m [36mrdf12::private_tests[0m[36m::[0m[34;1mterm_has_nested_bnode_detects_inner_subject[0m
2026-09-10T18:21:41.2638958Z [32;1m        PASS[0m [   0.011s] (  94/2877) [35;1msparq-canon[0m [36mrdf12::private_tests[0m[36m::[0m[34;1mtriple_contains_bnode_recurses_to_depth_two[0m
2026-09-10T18:21:41.2807008Z [32;1m        PASS[0m [   0.017s] (  95/2877) [35;1msparq-canon[0m [36mtests[0m[36m::[0m[34;1mcanonicalize_graph_content_relabels_bnode[0m
2026-09-10T18:21:41.2929656Z [32;1m        PASS[0m [   0.011s] (  96/2877) [35;1msparq-canon[0m [36mtests[0m[36m::[0m[34;1mcanonicalize_nquads_isomorphism[0m
2026-09-10T18:21:41.3076692Z [32;1m        PASS[0m [   0.016s] (  97/2877) [35;1msparq-canon[0m [36mtests[0m[36m::[0m[34;1mdataset_named_graph[0m
2026-09-10T18:21:41.3159740Z [32;1m        PASS[0m [   0.007s] (  98/2877) [35;1msparq-canon[0m [36mtests[0m[36m::[0m[34;1missue_triples_exact_label[0m
2026-09-10T18:21:41.3279907Z [32;1m        PASS[0m [   0.012s] (  99/2877) [35;1msparq-canon[0m [36mtests[0m[36m::[0m[34;1mparse_nquads_exact_content[0m
2026-09-10T18:21:41.3369528Z [32;1m        PASS[0m [   0.008s] ( 100/2877) [35;1msparq-canon[0m [36mtests[0m[36m::[0m[34;1mrelabelling_and_order_invariance[0m
2026-09-10T18:21:41.3419613Z [32;1m        PASS[0m [   0.006s] ( 101/2877) [35;1msparq-canon[0m [36mtests[0m[36m::[0m[34;1mtriple_term_depth_error_display_default_features[0m
2026-09-10T18:21:41.3489622Z [32;1m        PASS[0m [   0.008s] ( 102/2877) [35;1msparq-canon::bnode_isomorphism_and_bridge[0m [34;1mcanon_error_display_is_distinct_and_nonempty_per_variant[0m
2026-09-10T18:21:41.3625549Z [32;1m        PASS[0m [   0.013s] ( 103/2877) [35;1msparq-canon::bnode_isomorphism_and_bridge[0m [34;1mnon_isomorphic_graphs_canonicalize_differently[0m
2026-09-10T18:21:41.3879730Z [32;1m        PASS[0m [   0.024s] ( 104/2877) [35;1msparq-canon::digest_quads[0m [34;1mdigest_is_invariant_under_blank_node_relabelling[0m
2026-09-10T18:21:41.6740209Z [32;1m        PASS[0m [   2.202s] ( 105/2877) [35;1msparq-bench::bin/sparq-bench[0m [36mfuzz::tests[0m[36m::[0m[34;1mevery_category_is_value_compared[0m
2026-09-10T18:21:41.6859647Z [32;1m        PASS[0m [   0.013s] ( 106/2877) [35;1msparq-canon::proptest_canon_determinism[0m [34;1midempotence_unit[0m
2026-09-10T18:21:41.6940190Z [32;1m        PASS[0m [   0.010s] ( 107/2877) [35;1msparq-canon::proptest_canon_determinism[0m [34;1mnon_isomorphic_datasets_differ_unit[0m
2026-09-10T18:21:41.7039751Z [32;1m        PASS[0m [   0.009s] ( 108/2877) [35;1msparq-canon::rdf12_nquads_token_tracking[0m [34;1mdirectional_language_token_byte_exact[0m
2026-09-10T18:21:41.7091121Z [32;1m        PASS[0m [   0.006s] ( 109/2877) [35;1msparq-canon::rdf12_nquads_token_tracking[0m [34;1mliteral_escaping_vt_and_upper_c0_controls_byte_exact[0m
2026-09-10T18:21:41.7179526Z [32;1m        PASS[0m [   0.006s] ( 110/2877) [35;1msparq-canon::rdf12_nquads_token_tracking[0m [34;1mtriple_term_token_byte_exact[0m
2026-09-10T18:21:41.7340985Z [32;1m        PASS[0m [   1.927s] ( 111/2877) [35;1msparq-bench::bin/sparq-bench[0m [36mfuzz::tests[0m[36m::[0m[34;1mtyped_columns_agree_by_value_despite_lexical_recanonicalisation[0m
2026-09-10T18:21:41.7412876Z [32;1m        PASS[0m [   0.026s] ( 112/2877) [35;1msparq-canon::rdf12_triple_term_canon[0m [34;1mcanonicalize_graph_content_rdf12_relabels_bnode[0m
2026-09-10T18:21:41.7439958Z [32;1m        PASS[0m [   0.010s] ( 113/2877) [35;1msparq-canon::rdf12_triple_term_canon[0m [34;1mdefault_is_sha256_byte_identical[0m
2026-09-10T18:21:41.7529933Z [32;1m        PASS[0m [   0.009s] ( 114/2877) [35;1msparq-canon::rdf12_triple_term_canon[0m [34;1mgraph_content_ground_terms_rejects_nested_bnode[0m
2026-09-10T18:21:41.7580466Z [32;1m        PASS[0m [   0.017s] ( 115/2877) [35;1msparq-canon::rdf12_triple_term_canon[0m [34;1mdepth_bound_triples_entry_points[0m
2026-09-10T18:21:41.7650728Z [32;1m        PASS[0m [   0.013s] ( 116/2877) [35;1msparq-canon::rdf12_triple_term_canon[0m [34;1mground_terms_accepts_and_matches_full_profile[0m
2026-09-10T18:21:41.7740154Z [32;1m        PASS[0m [   0.015s] ( 117/2877) [35;1msparq-canon::rdf12_triple_term_canon[0m [34;1mground_terms_triples_matches_full_profile[0m
2026-09-10T18:21:41.7777057Z [32;1m        PASS[0m [   0.013s] ( 118/2877) [35;1msparq-canon::rdf12_triple_term_canon[0m [34;1mnested_blank_node_error_display[0m
2026-09-10T18:21:41.7865261Z [32;1m        PASS[0m [   0.014s] ( 119/2877) [35;1msparq-canon::rdf12_triple_term_canon[0m [34;1mnested_bnode_in_object_position_fails_closed[0m
2026-09-10T18:21:41.7890701Z [32;1m        PASS[0m [   0.011s] ( 120/2877) [35;1msparq-canon::rdf12_triple_term_canon[0m [34;1mnested_bnode_now_canonicalizes[0m
2026-09-10T18:21:41.7995162Z [32;1m        PASS[0m [   0.013s] ( 121/2877) [35;1msparq-canon::rdf12_triple_term_canon[0m [34;1msha384_ground_output_equals_sha256[0m
2026-09-10T18:21:41.8035287Z [32;1m        PASS[0m [   0.014s] ( 122/2877) [35;1msparq-canon::rdf12_triple_term_canon[0m [34;1msha384_relabels_differently_from_sha256_on_symmetric_cycle[0m
2026-09-10T18:21:41.8128348Z [32;1m        PASS[0m [   0.009s] ( 123/2877) [35;1msparq-canon::rdf12_triple_term_canon[0m [34;1mvec3_depth1_vs_depth2_nesting_differs[0m
2026-09-10T18:21:41.8193438Z [32;1m        PASS[0m [   0.006s] ( 124/2877) [35;1msparq-canon::rdf12_triple_term_canon[0m [34;1mvec6_sha384_standard_path_rejects_triple_terms[0m
2026-09-10T18:21:42.2457472Z [32;1m        PASS[0m [   0.860s] ( 125/2877) [35;1msparq-canon::proptest_canon_determinism[0m [34;1mcanonical_output_invariant_under_quad_permutation[0m
2026-09-10T18:21:42.2524799Z [32;1m        PASS[0m [   0.007s] ( 126/2877) [35;1msparq-cli::cli_contract[0m [34;1mantijoin_static_decline_is_lit[0m
2026-09-10T18:21:42.2713319Z [32;1m        PASS[0m [   0.018s] ( 127/2877) [35;1msparq-cli::cli_contract[0m [34;1mbench_json_flag_writes_parseable_results_with_expected_keys[0m
2026-09-10T18:21:42.3216277Z [32;1m        PASS[0m [   0.050s] ( 128/2877) [35;1msparq-cli::cli_contract[0m [34;1mbuild_external_then_query_mmap_round_trip[0m
2026-09-10T18:21:42.4300411Z [32;1m        PASS[0m [   0.106s] ( 129/2877) [35;1msparq-cli::cli_contract[0m [34;1mcompressed_input_autodetect_gzip_zstd_bzip2_load_identically[0m
2026-09-10T18:21:42.4610000Z [32;1m        PASS[0m [   0.031s] ( 130/2877) [35;1msparq-cli::cli_contract[0m [34;1mingest_full_reports_triple_and_term_counts[0m
2026-09-10T18:21:42.4819897Z [32;1m        PASS[0m [   0.019s] ( 131/2877) [35;1msparq-cli::cli_contract[0m [34;1mno_subcommand_prints_usage_and_exits_2[0m
2026-09-10T18:21:42.5280092Z [32;1m        PASS[0m [   0.048s] ( 132/2877) [35;1msparq-cli::cli_contract[0m [34;1mquery_count_flag_preserves_legacy_count_output[0m
2026-09-10T18:21:42.5959819Z [32;1m        PASS[0m [   0.065s] ( 133/2877) [35;1msparq-cli::cli_contract[0m [34;1mquery_mmap_ask_prints_boolean[0m
2026-09-10T18:21:42.6367433Z [32;1m        PASS[0m [   0.045s] ( 134/2877) [35;1msparq-cli::cli_contract[0m [34;1mquery_mmap_malformed_query_exits_1[0m
2026-09-10T18:21:42.7190175Z [32;1m        PASS[0m [   0.081s] ( 135/2877) [35;1msparq-cli::cli_contract[0m [34;1mquery_mmap_select_format_shapes[0m
2026-09-10T18:21:42.8274205Z [32;1m        PASS[0m [   0.108s] ( 136/2877) [35;1msparq-cli::cli_contract[0m [34;1mquery_select_format_shapes[0m
2026-09-10T18:21:42.8454161Z [32;1m        PASS[0m [   0.020s] ( 137/2877) [35;1msparq-cli::cli_contract[0m [34;1mquery_unknown_format_exits_2[0m
2026-09-10T18:21:42.8599999Z [32;1m        PASS[0m [   0.013s] ( 138/2877) [35;1msparq-cli::cli_contract[0m [34;1mreason_unknown_profile_exits_2[0m
2026-09-10T18:21:42.8980137Z [32;1m        PASS[0m [   0.038s] ( 139/2877) [35;1msparq-cli::cli_contract[0m [34;1msave_compressed_then_query_mmap_round_trip[0m
2026-09-10T18:21:42.9113362Z [32;1m        PASS[0m [   0.014s] ( 140/2877) [35;1msparq-cli::cli_contract[0m [34;1munsupported_format_exits_nonzero[0m
2026-09-10T18:21:42.9250402Z [32;1m        PASS[0m [   0.014s] ( 141/2877) [35;1msparq-cli::dump_cli[0m [34;1mdump_jsonld_compact_missing_context_errors[0m
2026-09-10T18:21:42.9433181Z [32;1m        PASS[0m [   0.018s] ( 142/2877) [35;1msparq-cli::dump_cli[0m [34;1mdump_jsonld_compact_with_context[0m
2026-09-10T18:21:42.9636368Z [32;1m        PASS[0m [   0.020s] ( 143/2877) [35;1msparq-cli::dump_cli[0m [34;1mdump_jsonld_input_roundtrips_default_build[0m
2026-09-10T18:21:43.0590167Z [32;1m        PASS[0m [   0.093s] ( 144/2877) [35;1msparq-cli::dump_cli[0m [34;1mdump_turtle_roundtrips_default_graph_count[0m
2026-09-10T18:21:43.0994457Z [32;1m        PASS[0m [   0.042s] ( 145/2877) [35;1msparq-cli::emit_format_v2[0m [34;1mflag_without_the_feature_exits_2[0m
2026-09-10T18:21:43.1347147Z [32;1m        PASS[0m [   0.036s] ( 146/2877) [35;1msparq-cli::emit_format_v2[0m [34;1munknown_flag_exits_2[0m
2026-09-10T18:21:43.1456544Z [32;1m        PASS[0m [   0.010s] ( 147/2877) [35;1msparq-cli::error_paths_cli[0m [34;1mclassify_subcommand_absent_without_the_feature[0m
2026-09-10T18:21:43.1753471Z [32;1m        PASS[0m [   0.030s] ( 148/2877) [35;1msparq-cli::error_paths_cli[0m [34;1mquery_format_without_value_exits_2[0m
2026-09-10T18:21:43.1919441Z [32;1m        PASS[0m [   0.017s] ( 149/2877) [35;1msparq-cli::error_paths_cli[0m [34;1mreason_datalog_without_the_feature_exits_2[0m
2026-09-10T18:21:43.2029106Z [32;1m        PASS[0m [   0.011s] ( 150/2877) [35;1msparq-cli::error_paths_cli[0m [34;1mrecompress_nonexistent_source_exits_1[0m
2026-09-10T18:21:43.5669480Z [32;1m        PASS[0m [   0.363s] ( 151/2877) [35;1msparq-cli::store_profile[0m [34;1mcompressed_profile_yields_identical_solutions[0m
2026-09-10T18:21:43.6930038Z [32;1m        PASS[0m [   0.122s] ( 152/2877) [35;1msparq-cli::store_profile[0m [34;1mmemstat_raw_emits_the_composition_breakdown[0m
2026-09-10T18:21:43.7132001Z [32;1m        PASS[0m [   0.022s] ( 153/2877) [35;1msparq-conformance[0m [36mcompare::tests[0m[36m::[0m[34;1mbnode_bijection_consistent[0m
2026-09-10T18:21:43.7271608Z [32;1m        PASS[0m [   0.012s] ( 154/2877) [35;1msparq-conformance[0m [36mdifferential::tests[0m[36m::[0m[34;1midentical_parsers_agree[0m
2026-09-10T18:21:43.7355128Z [32;1m        PASS[0m [   0.010s] ( 155/2877) [35;1msparq-conformance[0m [36minference::entail::tests[0m[36m::[0m[34;1mill_typed_literal_is_inconsistent[0m
2026-09-10T18:21:43.7455057Z [32;1m        PASS[0m [   0.009s] ( 156/2877) [35;1msparq-conformance[0m [36minference::entail::tests[0m[36m::[0m[34;1mvalue_equality_across_lexical_forms[0m
2026-09-10T18:21:43.7570426Z [32;1m        PASS[0m [   0.012s] ( 157/2877) [35;1msparq-conformance[0m [36minference::owl_suite::tests[0m[36m::[0m[34;1mdivergence_dispositions_are_permanent_and_rule_grounded[0m
2026-09-10T18:21:43.7705606Z [32;1m        PASS[0m [   0.010s] ( 158/2877) [35;1msparq-conformance[0m [36mquadset::tests[0m[36m::[0m[34;1mdifferent_quad_detected_with_witness[0m
2026-09-10T18:21:44.1020396Z [32;1m        PASS[0m [   0.333s] ( 159/2877) [35;1msparq-conformance::parser_differential[0m [34;1mdifferential_fuzz_seeds_nquads_corpus[0m
2026-09-10T18:21:44.1170035Z [32;1m        PASS[0m [   0.015s] ( 160/2877) [35;1msparq-conformance::parser_differential[0m [34;1mdifferential_trig_sparq_vs_oxttl_over_w3c_actions[0m
2026-09-10T18:21:44.1259639Z [32;1m        PASS[0m [   0.012s] ( 161/2877) [35;1msparq-conformance::parser_differential[0m [34;1mmutation_quad_drop_detected_with_minimal_repro[0m
2026-09-10T18:21:44.3272246Z [32;1m        PASS[0m [   0.201s] ( 162/2877) [35;1msparq-conformance::quoted_triple_opacity[0m [34;1mquoted_triple_opacity_ratchet[0m
2026-09-10T18:21:44.3398769Z [32;1m        PASS[0m [   0.012s] ( 163/2877) [35;1msparq-conformance::rdf_line_syntax_ratchet[0m [34;1mw3c_ntriples_syntax_ratchet[0m
2026-09-10T18:21:44.4404853Z [32;1m        PASS[0m [   0.101s] ( 164/2877) [35;1msparq-conformance::scoreboard_floors[0m [34;1mcentral_floors_match_crate_local_sources[0m
2026-09-10T18:21:44.4473115Z [32;1m        PASS[0m [   2.628s] ( 165/2877) [35;1msparq-canon::rdf_canon_suite[0m [34;1mw3c_rdf_canon_suite[0m
2026-09-10T18:21:44.4476497Z [32;1m        PASS[0m [   0.006s] ( 166/2877) [35;1msparq-conformance::scoreboard_floors[0m [34;1mshared_crate_floors_are_pinned[0m
2026-09-10T18:21:44.4846929Z [32;1m        PASS[0m [   0.037s] ( 167/2877) [35;1msparq-conformance-floors[0m [36mtests[0m[36m::[0m[34;1mevery_counting_floor_is_non_vacuous[0m
2026-09-10T18:21:44.5328938Z [32;1m        PASS[0m [   0.086s] ( 168/2877) [35;1msparq-core[0m [36mbuild_timing::tests[0m[36m::[0m[34;1mpipelined_path_without_inline_consolidate_omits_the_term[0m
2026-09-10T18:21:44.5803222Z [32;1m        PASS[0m [   2.780s] ( 169/2877) [35;1msparq-canon::rdf12_triple_term_canon[0m [34;1mv2_single_graph_agrees_with_standard[0m
2026-09-10T18:21:44.6420110Z [32;1m        PASS[0m [   0.059s] ( 170/2877) [35;1msparq-core[0m [36mcompress::tests[0m[36m::[0m[34;1mstream_writer_byte_identical_to_encode_write_to[0m
2026-09-10T18:21:44.6745142Z [32;1m        PASS[0m [   0.141s] ( 171/2877) [35;1msparq-core[0m [36mcompress::tests[0m[36m::[0m[34;1mcount_range_equals_materialised_range_len[0m
2026-09-10T18:21:44.6817940Z [32;1m        PASS[0m [   0.007s] ( 172/2877) [35;1msparq-core[0m [36mdict::tests[0m[36m::[0m[34;1minline_integer_roundtrip_and_boundaries[0m
2026-09-10T18:21:44.6902325Z [32;1m        PASS[0m [   0.050s] ( 173/2877) [35;1msparq-core[0m [36mdict::tests[0m[36m::[0m[34;1mfiltered_rebuild_moves_arena_records_and_filters_metadata[0m
2026-09-10T18:21:44.6910398Z [32;1m        PASS[0m [   0.009s] ( 174/2877) [35;1msparq-core[0m [36mdict::tests[0m[36m::[0m[34;1miri_prefix_factoring_roundtrips[0m
2026-09-10T18:21:44.7324432Z [32;1m        PASS[0m [   0.041s] ( 175/2877) [35;1msparq-core[0m [36mdict::tests[0m[36m::[0m[34;1mmmap_dict_on_disk_arrays_are_little_endian[0m
2026-09-10T18:21:44.7344265Z [32;1m        PASS[0m [   0.044s] ( 176/2877) [35;1msparq-core[0m [36mdict::tests[0m[36m::[0m[34;1mmapped_find_compares_full_hash_before_eq[0m
2026-09-10T18:21:44.7469790Z [32;1m        PASS[0m [   0.015s] ( 177/2877) [35;1msparq-core[0m [36mdict::tests[0m[36m::[0m[34;1mnon_canonical_and_out_of_range_do_not_inline[0m
2026-09-10T18:21:44.7885553Z [32;1m        PASS[0m [   0.038s] ( 178/2877) [35;1msparq-core[0m [36mdict::tests[0m[36m::[0m[34;1mtriple_terms_survive_blob_compaction[0m
2026-09-10T18:21:44.7904364Z [32;1m        PASS[0m [   0.057s] ( 179/2877) [35;1msparq-core[0m [36mdict::tests[0m[36m::[0m[34;1mreconstruct_triple_wrong_kind_component_is_safe_not_panic[0m
2026-09-10T18:21:44.7951826Z [32;1m        PASS[0m [   0.010s] ( 180/2877) [35;1msparq-core[0m [36mdict::tests[0m[36m::[0m[34;1mvalidate_dict_bytes_seam_accepts_valid_and_rejects_corruption[0m
2026-09-10T18:21:44.7999731Z [32;1m        PASS[0m [   0.006s] ( 181/2877) [35;1msparq-core[0m [36mdictspill::tests[0m[36m::[0m[34;1mparse_term_roundtrips_all_shapes_via_resolve_record[0m
2026-09-10T18:21:44.8050281Z [32;1m        PASS[0m [   0.007s] ( 182/2877) [35;1msparq-core[0m [36mdictspill::tests[0m[36m::[0m[34;1mread_full_signals_clean_eof_and_truncation[0m
2026-09-10T18:21:44.8068374Z [32;1m        PASS[0m [   0.007s] ( 183/2877) [35;1msparq-core[0m [36mdictspill::tests[0m[36m::[0m[34;1mshard_window_maps_across_epochs_and_rejects_out_of_window[0m
2026-09-10T18:21:44.8106534Z [32;1m        PASS[0m [   0.007s] ( 184/2877) [35;1msparq-core[0m [36mdictspill::tests[0m[36m::[0m[34;1mtable_builder_dedups_and_assigns_dense_ids[0m
2026-09-10T18:21:44.8871001Z [32;1m        PASS[0m [   0.083s] ( 185/2877) [35;1msparq-core[0m [36mdir_roundtrip_test[0m[36m::[0m[34;1mapply_delta_nquads_routes_per_graph[0m
2026-09-10T18:21:44.8890772Z [32;1m        PASS[0m [   0.079s] ( 186/2877) [35;1msparq-core[0m [36mdir_roundtrip_test[0m[36m::[0m[34;1mlanguage_tag_casing_consistent_across_formats[0m
2026-09-10T18:21:44.8973615Z [32;1m        PASS[0m [   0.010s] ( 187/2877) [35;1msparq-core[0m [36mextsort::tests[0m[36m::[0m[34;1mexternal_sort_reorders_into_requested_column_order_and_dedups[0m
2026-09-10T18:21:44.9018806Z [32;1m        PASS[0m [   0.013s] ( 188/2877) [35;1msparq-core[0m [36mextsort::tests[0m[36m::[0m[34;1mspill_run_on_empty_buffer_is_a_noop[0m
2026-09-10T18:21:44.9067634Z [32;1m        PASS[0m [   0.009s] ( 189/2877) [35;1msparq-core[0m [36mnt::tests[0m[36m::[0m[34;1mblank_node_subject_cache_no_false_hit_on_prefix_match[0m
2026-09-10T18:21:44.9174673Z [32;1m        PASS[0m [   0.013s] ( 190/2877) [35;1msparq-core[0m [36mnt::tests[0m[36m::[0m[34;1mdeeply_nested_triple_term_returns_clean_error_not_stack_overflow[0m
2026-09-10T18:21:44.9190176Z [32;1m        PASS[0m [   0.011s] ( 191/2877) [35;1msparq-core[0m [36mnt::tests[0m[36m::[0m[34;1mlanguage_tag_lowercased_to_match_oxttl[0m
2026-09-10T18:21:44.9290468Z [32;1m        PASS[0m [   0.012s] ( 192/2877) [35;1msparq-core[0m [36mnt::tests[0m[36m::[0m[34;1mnested_and_blank_node_triple_terms_parse[0m
2026-09-10T18:21:44.9339892Z [32;1m        PASS[0m [   0.014s] ( 193/2877) [35;1msparq-core[0m [36mnt::tests[0m[36m::[0m[34;1mnquads_graph_label_rejects_literal[0m
2026-09-10T18:21:44.9400854Z [32;1m        PASS[0m [   0.009s] ( 194/2877) [35;1msparq-core[0m [36mnt::tests[0m[36m::[0m[34;1mparse_quads_chunk_multibyte_graph_and_terms_round_trip[0m
2026-09-10T18:21:44.9407649Z [32;1m        PASS[0m [   0.014s] ( 195/2877) [35;1msparq-core[0m [36mnt::tests[0m[36m::[0m[34;1moversized_subject_bypasses_cache_parses_correctly[0m
2026-09-10T18:21:44.9470704Z [32;1m        PASS[0m [   0.006s] ( 196/2877) [35;1msparq-core[0m [36mnt::tests[0m[36m::[0m[34;1mtriple_term_only_in_object_position[0m
2026-09-10T18:21:44.9504955Z [32;1m        PASS[0m [   0.010s] ( 197/2877) [35;1msparq-core[0m [36mnt::tests[0m[36m::[0m[34;1mshuffled_input_store_matches_grouped[0m
2026-09-10T18:21:44.9559755Z [32;1m        PASS[0m [   0.007s] ( 198/2877) [35;1msparq-core[0m [36mstore::overlay_deleted_tests[0m[36m::[0m[34;1mdeleted_cache_graph_snapshot_retains_warm_generation[0m
2026-09-10T18:21:44.9592338Z [32;1m        PASS[0m [   0.008s] ( 199/2877) [35;1msparq-core[0m [36mstore::tests[0m[36m::[0m[34;1mbuild_raw_perms_no_capacity_slack[0m
2026-09-10T18:21:44.9610487Z [32;1m        PASS[0m [   0.007s] ( 200/2877) [35;1msparq-core[0m [36mstore::tests[0m[36m::[0m[34;1mderive_plan_pairs_are_derivable[0m
2026-09-10T18:21:44.9981539Z [32;1m        PASS[0m [   0.037s] ( 201/2877) [35;1msparq-core[0m [36mstore::tests[0m[36m::[0m[34;1mpred_stats_load_is_some_and_exact[0m
2026-09-10T18:21:45.0063966Z [32;1m        PASS[0m [   0.008s] ( 202/2877) [35;1msparq-core[0m [36mstore::tests[0m[36m::[0m[34;1mscan_perm_selects_named_permutation[0m
2026-09-10T18:21:45.0348311Z [32;1m        PASS[0m [   0.028s] ( 203/2877) [35;1msparq-core[0m [36mstrdist::tests[0m[36m::[0m[34;1medit_distance_satisfies_triangle_inequality[0m
2026-09-10T18:21:45.0411621Z [32;1m        PASS[0m [   0.007s] ( 204/2877) [35;1msparq-core[0m [36mtemporal::tests[0m[36m::[0m[34;1mcmp_tl_matches_xpath_and_temporal_cmp[0m
2026-09-10T18:21:45.0443769Z [32;1m        PASS[0m [   5.721s] ( 205/2877) [35;1msparq-bench::bin/sparq-bench[0m [36mfuzz::tests[0m[36m::[0m[34;1mevery_category_binds_rows_on_a_healthy_share_of_seeds[0m
2026-09-10T18:21:45.0494433Z [32;1m        PASS[0m [   0.008s] ( 206/2877) [35;1msparq-core[0m [36mtemporal::tests[0m[36m::[0m[34;1mdatetime_and_datetimestamp_share_a_family_date_is_disjoint[0m
2026-09-10T18:21:45.0529794Z [32;1m        PASS[0m [   0.007s] ( 207/2877) [35;1msparq-core[0m [36mtemporal::tests[0m[36m::[0m[34;1minstant_normalises_timezone_to_utc[0m
2026-09-10T18:21:45.0589760Z [32;1m        PASS[0m [   0.008s] ( 208/2877) [35;1msparq-core[0m [36mtemporal::tests[0m[36m::[0m[34;1mparse_date_handles_timezone_offset_and_bare_date[0m
2026-09-10T18:21:45.0619929Z [32;1m        PASS[0m [   0.011s] ( 209/2877) [35;1msparq-core[0m [36mtemporal::tests[0m[36m::[0m[34;1mwitness_indeterminate_window_lexical_fallback_was_intransitive[0m
2026-09-10T18:21:45.1040916Z [32;1m        PASS[0m [   0.144s] ( 210/2877) [35;1msparq-core[0m [36mstore::tests[0m[36m::[0m[34;1mfrom_triples_perms_match_reference_sort[0m
2026-09-10T18:21:45.1110242Z [32;1m        PASS[0m [   0.049s] ( 211/2877) [35;1msparq-core[0m [36mtests[0m[36m::[0m[34;1mbuild_external_quads_empty_default_graph[0m
2026-09-10T18:21:45.1259886Z [32;1m        PASS[0m [   0.014s] ( 212/2877) [35;1msparq-core[0m [36mtests[0m[36m::[0m[34;1mclear_named_durable_survives_reopen[0m
2026-09-10T18:21:45.1329399Z [32;1m        PASS[0m [   0.007s] ( 213/2877) [35;1msparq-core[0m [36mtests[0m[36m::[0m[34;1mdecimal_significant_digits_counts[0m
2026-09-10T18:21:45.1384821Z [32;1m        PASS[0m [   0.034s] ( 214/2877) [35;1msparq-core[0m [36mtests[0m[36m::[0m[34;1mbuild_external_quads_trig_lossless_open[0m
2026-09-10T18:21:45.1680747Z [32;1m        PASS[0m [   0.028s] ( 215/2877) [35;1msparq-core[0m [36mtests[0m[36m::[0m[34;1mdrop_all_named_durable_batch_survives_restart[0m
2026-09-10T18:21:45.1741519Z [32;1m        PASS[0m [   0.008s] ( 216/2877) [35;1msparq-core[0m [36mtests[0m[36m::[0m[34;1mestimate_turtle_triples_never_zero_and_monotonic[0m
2026-09-10T18:21:45.1846899Z [32;1m        PASS[0m [   0.010s] ( 217/2877) [35;1msparq-core[0m [36mtests[0m[36m::[0m[34;1mgraph_iter_ids_orders_and_overlay[0m
2026-09-10T18:21:45.1978503Z [32;1m        PASS[0m [   0.013s] ( 218/2877) [35;1msparq-core[0m [36mtests[0m[36m::[0m[34;1mhas_high_precision_decimal_memo_fork_compact_isolation[0m
2026-09-10T18:21:45.2069739Z [32;1m        PASS[0m [   0.008s] ( 219/2877) [35;1msparq-core[0m [36mtests[0m[36m::[0m[34;1mhas_high_precision_decimal_memo_preserves_unchanged_dictionary[0m
2026-09-10T18:21:45.2280177Z [32;1m        PASS[0m [   0.020s] ( 220/2877) [35;1msparq-core[0m [36mtests[0m[36m::[0m[34;1minsert_triple_interns_and_is_set_valued[0m
2026-09-10T18:21:45.2380909Z [32;1m        PASS[0m [   0.012s] ( 221/2877) [35;1msparq-core[0m [36mtests[0m[36m::[0m[34;1mjsonld_load_dataset_preserves_named_graph[0m
2026-09-10T18:21:45.2512571Z [32;1m        PASS[0m [   0.013s] ( 222/2877) [35;1msparq-core[0m [36mtests[0m[36m::[0m[34;1mjsonld_load_str_with_base_resolves_relative[0m
2026-09-10T18:21:45.3572432Z [32;1m        PASS[0m [   0.106s] ( 223/2877) [35;1msparq-core[0m [36mtests[0m[36m::[0m[34;1mload_dataset_nquads_public_entry_matches_serial[0m
2026-09-10T18:21:45.3677552Z [32;1m        PASS[0m [   0.010s] ( 224/2877) [35;1msparq-core[0m [36mtests[0m[36m::[0m[34;1mload_dataset_trig_still_serial_and_correct[0m
2026-09-10T18:21:45.3696719Z [32;1m        PASS[0m [   0.236s] ( 225/2877) [35;1msparq-core[0m [36mtests[0m[36m::[0m[34;1mdict_spill_build_byte_identical_to_sharded[0m
2026-09-10T18:21:45.3808303Z [32;1m        PASS[0m [   0.012s] ( 226/2877) [35;1msparq-core[0m [36mtests[0m[36m::[0m[34;1mnamed_graph_by_name_scopes_to_one_graph[0m
2026-09-10T18:21:45.3950074Z [32;1m        PASS[0m [   0.014s] ( 227/2877) [35;1msparq-core[0m [36mtests[0m[36m::[0m[34;1mnamed_manifest_unknown_version_is_rejected[0m
2026-09-10T18:21:45.4033645Z [32;1m        PASS[0m [   0.008s] ( 228/2877) [35;1msparq-core[0m [36mtests[0m[36m::[0m[34;1mnext_terminator_memchr_matches_scalar[0m
2026-09-10T18:21:45.4136153Z [32;1m        PASS[0m [   0.010s] ( 229/2877) [35;1msparq-core[0m [36mtests[0m[36m::[0m[34;1mnumeric_cache_hit_matches_shared_parse_xsd_f64_plumbing[0m
2026-09-10T18:21:45.4195412Z [32;1m        PASS[0m [   0.935s] ( 230/2877) [35;1msparq-core[0m [36mcompress::byte_attribution[0m[36m::[0m[34;1mattribution_total_exact_at_every_swept_block_size[0m
2026-09-10T18:21:45.4234087Z [32;1m        PASS[0m [   0.008s] ( 231/2877) [35;1msparq-core[0m [36mtests[0m[36m::[0m[34;1mnumerics_of_borrowed_path_byte_identical_to_owned[0m
2026-09-10T18:21:45.6567777Z [32;1m        PASS[0m [   0.235s] ( 232/2877) [35;1msparq-core[0m [36mtests[0m[36m::[0m[34;1mparallel_turtle_bnodes_match_serial[0m
2026-09-10T18:21:45.7591675Z [32;1m        PASS[0m [   0.339s] ( 233/2877) [35;1msparq-core[0m [36mtests[0m[36m::[0m[34;1mparallel_nquads_matches_serial[0m
2026-09-10T18:21:45.7926523Z [32;1m        PASS[0m [   0.135s] ( 234/2877) [35;1msparq-core[0m [36mtests[0m[36m::[0m[34;1mparallel_turtle_matches_serial[0m
2026-09-10T18:21:45.8143851Z [32;1m        PASS[0m [   0.021s] ( 235/2877) [35;1msparq-core[0m [36mtests[0m[36m::[0m[34;1mparse_xsd_f64_shared_acceptance_set[0m
2026-09-10T18:21:45.8479985Z [32;1m        PASS[0m [   0.478s] ( 236/2877) [35;1msparq-core[0m [36mtests[0m[36m::[0m[34;1mload_reader_parallel_short_reads_match_sequential[0m
2026-09-10T18:21:45.8574783Z [32;1m        PASS[0m [   0.012s] ( 237/2877) [35;1msparq-core[0m [36mtests[0m[36m::[0m[34;1mrdfxml_load_str_round_trip[0m
2026-09-10T18:21:45.8644883Z [32;1m        PASS[0m [   0.007s] ( 238/2877) [35;1msparq-core[0m [36mtests[0m[36m::[0m[34;1mremove_triple_retracts_and_absent_is_noop[0m
2026-09-10T18:21:45.8817499Z [32;1m        PASS[0m [   0.017s] ( 239/2877) [35;1msparq-core[0m [36mtests[0m[36m::[0m[34;1msave_compressed_named_graphs_roundtrip_lossless[0m
2026-09-10T18:21:45.8960529Z [32;1m        PASS[0m [   0.014s] ( 240/2877) [35;1msparq-core[0m [36mtests[0m[36m::[0m[34;1msingle_triple_mutations_are_wal_durable[0m
2026-09-10T18:21:45.9101345Z [32;1m        PASS[0m [   0.014s] ( 241/2877) [35;1msparq-core[0m [36mtests[0m[36m::[0m[34;1mturtle_rdf12_reification_surface_loads_desugared[0m
2026-09-10T18:21:45.9250168Z [32;1m        PASS[0m [   0.015s] ( 242/2877) [35;1msparq-core[0m [36mtests[0m[36m::[0m[34;1mtxn_journal_torn_tail_is_all_or_nothing[0m
2026-09-10T18:21:45.9569869Z [32;1m        PASS[0m [   0.030s] ( 243/2877) [35;1msparq-core[0m [36mtests[0m[36m::[0m[34;1mvacuum_erases_deleted_data_bytes_on_disk[0m
2026-09-10T18:21:46.0190336Z [32;1m        PASS[0m [   0.064s] ( 244/2877) [35;1msparq-core[0m [36mtests[0m[36m::[0m[34;1mwal_replay_and_compact_roundtrip[0m
2026-09-10T18:21:46.0327343Z [32;1m        PASS[0m [   0.218s] ( 245/2877) [35;1msparq-core[0m [36mtests[0m[36m::[0m[34;1mpresized_turtle_parse_is_hint_only_matches_oxttl_direct[0m
2026-09-10T18:21:46.0450900Z [32;1m        PASS[0m [   0.026s] ( 246/2877) [35;1msparq-core::dict_spill_activation[0m [34;1mspill_build_empty_input_opens_empty[0m
2026-09-10T18:21:46.0679613Z [32;1m        PASS[0m [   0.034s] ( 247/2877) [35;1msparq-core::fork_differential[0m [34;1mfork_pending_delta_accounting[0m
2026-09-10T18:21:46.1442707Z [32;1m        PASS[0m [   0.384s] ( 248/2877) [35;1msparq-core[0m [36mtests[0m[36m::[0m[34;1mparallel_turtle_sharded_merge_matches_serial[0m
2026-09-10T18:21:46.1630687Z [32;1m        PASS[0m [   0.019s] ( 249/2877) [35;1msparq-core::proptest_roundtrip[0m [34;1mdict_blank_roundtrip_unit[0m
2026-09-10T18:21:46.2829690Z [32;1m        PASS[0m [   0.120s] ( 250/2877) [35;1msparq-core::proptest_roundtrip[0m [34;1mdict_intern_deterministic[0m
2026-09-10T18:21:46.2900060Z [32;1m        PASS[0m [   0.007s] ( 251/2877) [35;1msparq-core::proptest_roundtrip[0m [34;1mdict_iri_roundtrip_unit[0m
2026-09-10T18:21:46.2966679Z [32;1m        PASS[0m [   0.007s] ( 252/2877) [35;1msparq-core::proptest_roundtrip[0m [34;1mdict_plain_lit_roundtrip_unit[0m
2026-09-10T18:21:46.3103471Z [32;1m        PASS[0m [   0.012s] ( 253/2877) [35;1msparq-core::proptest_roundtrip[0m [34;1mnt_roundtrip_blank_nodes_unit[0m
2026-09-10T18:21:46.3198508Z [32;1m        PASS[0m [   0.011s] ( 254/2877) [35;1msparq-core::proptest_roundtrip[0m [34;1mnt_serialize_fixpoint_unit[0m
2026-09-10T18:21:46.3416189Z [32;1m        PASS[0m [   0.022s] ( 255/2877) [35;1msparq-core::snapshot[0m [34;1msnapshot_covers_named_graphs[0m
2026-09-10T18:21:46.3534765Z [32;1m        PASS[0m [   0.012s] ( 256/2877) [35;1msparq-core::snapshot[0m [34;1msnapshot_mutation_invisible_to_base[0m
2026-09-10T18:21:46.3634714Z [32;1m        PASS[0m [   0.010s] ( 257/2877) [35;1msparq-crdt[0m [36mcodec::tests[0m[36m::[0m[34;1mb64url_encode_matches_rfc4648_vectors[0m
2026-09-10T18:21:46.3708798Z [32;1m        PASS[0m [   0.007s] ( 258/2877) [35;1msparq-crdt[0m [36mcodec::tests[0m[36m::[0m[34;1mparse_dot_requires_two_string_elements[0m
2026-09-10T18:21:46.3811073Z [32;1m        PASS[0m [   0.009s] ( 259/2877) [35;1msparq-crdt[0m [36mcodec::tests[0m[36m::[0m[34;1mwrite_dot_emits_canonical_pair[0m
2026-09-10T18:21:46.3917183Z [32;1m        PASS[0m [   0.010s] ( 260/2877) [35;1msparq-crdt[0m [36menvelope::tests[0m[36m::[0m[34;1maccessors_expose_the_constructed_fields[0m
2026-09-10T18:21:46.3938536Z [32;1m        PASS[0m [   0.327s] ( 261/2877) [35;1msparq-core::parallel_serial_load_differential[0m [34;1mntriples_load_matches_reference[0m
2026-09-10T18:21:46.3995238Z [32;1m        PASS[0m [   0.010s] ( 262/2877) [35;1msparq-crdt[0m [36menvelope::tests[0m[36m::[0m[34;1mdecode_fails_closed_on_unknown_format_versions[0m
2026-09-10T18:21:46.4038710Z [32;1m        PASS[0m [   0.007s] ( 263/2877) [35;1msparq-crdt[0m [36menvelope::tests[0m[36m::[0m[34;1mdecode_rejects_oversized_input_before_parsing[0m
2026-09-10T18:21:46.4069443Z [32;1m        PASS[0m [   0.006s] ( 264/2877) [35;1msparq-crdt[0m [36menvelope::tests[0m[36m::[0m[34;1mencode_produces_the_golden_canonical_bytes[0m
2026-09-10T18:21:46.4072047Z [32;1m        PASS[0m [   0.006s] ( 265/2877) [35;1msparq-crdt[0m [36menvelope::tests[0m[36m::[0m[34;1mlimits_default_is_the_recommended_baseline[0m
2026-09-10T18:21:46.4129628Z [32;1m        PASS[0m [   0.006s] ( 266/2877) [35;1msparq-crdt[0m [36mid::tests[0m[36m::[0m[34;1mdataset_id_as_str_returns_the_iri[0m
2026-09-10T18:21:46.4141558Z [32;1m        PASS[0m [   0.007s] ( 267/2877) [35;1msparq-crdt[0m [36mid::tests[0m[36m::[0m[34;1mdot_new_rejects_zero_counter[0m
2026-09-10T18:21:46.4182839Z [32;1m        PASS[0m [   0.006s] ( 268/2877) [35;1msparq-crdt[0m [36mid::tests[0m[36m::[0m[34;1mreplica_id_base64url_round_trips_unpadded[0m
2026-09-10T18:21:46.4220474Z [32;1m        PASS[0m [   0.008s] ( 269/2877) [35;1msparq-crdt[0m [36mid::tests[0m[36m::[0m[34;1mreplica_id_orders_by_raw_bytes[0m
2026-09-10T18:21:46.4261680Z [32;1m        PASS[0m [   0.008s] ( 270/2877) [35;1msparq-crdt[0m [36mjournal::tests[0m[36m::[0m[34;1mappend_rejects_same_identity_with_different_bytes[0m
2026-09-10T18:21:46.4308864Z [32;1m        PASS[0m [   0.008s] ( 271/2877) [35;1msparq-crdt[0m [36mjournal::tests[0m[36m::[0m[34;1mfrontier_summarises_contiguous_sequences_into_the_clock[0m
2026-09-10T18:21:46.4364069Z [32;1m        PASS[0m [   0.010s] ( 272/2877) [35;1msparq-crdt[0m [36mjournal::tests[0m[36m::[0m[34;1mserve_missing_returns_exactly_the_gap_in_order[0m
2026-09-10T18:21:46.4381743Z [32;1m        PASS[0m [   0.007s] ( 273/2877) [35;1msparq-crdt[0m [36mjournal::tests[0m[36m::[0m[34;1msnapshot_decode_rejects_wrong_admission_bounds_and_corruption[0m
2026-09-10T18:21:46.4487648Z [32;1m        PASS[0m [   0.012s] ( 274/2877) [35;1msparq-crdt[0m [36mjournal::tests[0m[36m::[0m[34;1mstreaming_scan_agrees_with_the_whole_buffer_scan[0m
2026-09-10T18:21:46.4547569Z [32;1m        PASS[0m [   0.006s] ( 275/2877) [35;1msparq-crdt[0m [36mquad::tests[0m[36m::[0m[34;1mparse_accepts_canonical_default_and_named_graph_lines[0m
2026-09-10T18:21:46.4554087Z [32;1m        PASS[0m [   0.017s] ( 276/2877) [35;1msparq-crdt[0m [36mjournal::tests[0m[36m::[0m[34;1mtorn_tail_is_truncated_on_recovery[0m
2026-09-10T18:21:46.4610497Z [32;1m        PASS[0m [   0.006s] ( 277/2877) [35;1msparq-crdt[0m [36msummary::tests[0m[36m::[0m[34;1mequality_is_denotation_equality_via_normal_form[0m
2026-09-10T18:21:46.4617935Z [32;1m        PASS[0m [   0.006s] ( 278/2877) [35;1msparq-crdt[0m [36mquad::tests[0m[36m::[0m[34;1mparse_rejects_non_canonical_byte_forms[0m
2026-09-10T18:21:46.4688985Z [32;1m        PASS[0m [   0.007s] ( 279/2877) [35;1msparq-crdt[0m [36msummary::tests[0m[36m::[0m[34;1minsert_gapped_dot_stays_in_cloud_until_the_gap_fills[0m
2026-09-10T18:21:46.4691096Z [32;1m        PASS[0m [   0.006s] ( 280/2877) [35;1msparq-crdt[0m [36msummary::tests[0m[36m::[0m[34;1munion_is_commutative_associative_idempotent_on_samples[0m
2026-09-10T18:21:46.4735803Z [32;1m        PASS[0m [   0.006s] ( 281/2877) [35;1msparq-crdt[0m [36msync::tests[0m[36m::[0m[34;1mhello_decode_rejects_wrong_dataset_epoch_version_and_noncanonical[0m
2026-09-10T18:21:46.4762469Z [32;1m        PASS[0m [   0.007s] ( 282/2877) [35;1msparq-crdt[0m [36msync::tests[0m[36m::[0m[34;1mmembership_new_rejects_an_empty_member_set[0m
2026-09-10T18:21:46.4796644Z [32;1m        PASS[0m [   0.006s] ( 283/2877) [35;1msparq-crdt[0m [36msync::tests[0m[36m::[0m[34;1mmissing_intervals_handles_u64_max_boundaries_without_overflow[0m
2026-09-10T18:21:46.4810171Z [32;1m        PASS[0m [   0.006s] ( 284/2877) [35;1msparq-crdt[0m [36msync::tests[0m[36m::[0m[34;1mrecord_ack_unions_so_replayed_acks_never_move_backwards[0m
2026-09-10T18:21:46.4860066Z [32;1m        PASS[0m [   0.006s] ( 285/2877) [35;1msparq-crdt[0m [36mtests[0m[36m::[0m[34;1merror_display_is_specific_per_variant[0m
2026-09-10T18:21:46.4910302Z [32;1m        PASS[0m [   0.010s] ( 286/2877) [35;1msparq-difftest[0m [36mdecision::tests[0m[36m::[0m[34;1mdiff_classifies_all_four_directions[0m
2026-09-10T18:21:46.4954180Z [32;1m        PASS[0m [   0.009s] ( 287/2877) [35;1msparq-difftest[0m [36miso::tests[0m[36m::[0m[34;1mcanonical_graph_relabels_blank_nodes_and_is_n_triples[0m
2026-09-10T18:21:46.4979353Z [32;1m        PASS[0m [   0.007s] ( 288/2877) [35;1msparq-difftest[0m [36miso::tests[0m[36m::[0m[34;1mhex_variable_names_cannot_collide_or_produce_an_invalid_iri[0m
2026-09-10T18:21:46.5038508Z [32;1m        PASS[0m [   0.008s] ( 289/2877) [35;1msparq-difftest[0m [36miso::tests[0m[36m::[0m[34;1msolutions_isomorphic_agrees_with_multiset_equality_on_ground_tables[0m
2026-09-10T18:21:46.5045689Z [32;1m        PASS[0m [   0.007s] ( 290/2877) [35;1msparq-difftest[0m [36mjson::tests[0m[36m::[0m[34;1mparse_ask_boolean[0m
2026-09-10T18:21:46.5097445Z [32;1m        PASS[0m [   0.006s] ( 291/2877) [35;1msparq-difftest[0m [36mjson::tests[0m[36m::[0m[34;1mrejects_lang_with_conflicting_datatype[0m
2026-09-10T18:21:46.5103495Z [32;1m        PASS[0m [   0.005s] ( 292/2877) [35;1msparq-difftest[0m [36mjson::tests[0m[36m::[0m[34;1mrejects_structurally_invalid_triple_term[0m
2026-09-10T18:21:46.5164786Z [32;1m        PASS[0m [   0.007s] ( 293/2877) [35;1msparq-difftest[0m [36mmultiset::tests[0m[36m::[0m[34;1morder_by_equal_permutes_within_ties[0m
2026-09-10T18:21:46.5174855Z [32;1m        PASS[0m [   0.006s] ( 294/2877) [35;1msparq-difftest[0m [36mnumeric::tests[0m[36m::[0m[34;1mnumeric_equal_covers_types_and_promotion[0m
2026-09-10T18:21:46.5226317Z [32;1m        PASS[0m [   0.006s] ( 295/2877) [35;1msparq-difftest[0m [36mtemporal::tests[0m[36m::[0m[34;1mduration_compare_partial_order[0m
2026-09-10T18:21:46.5232490Z [32;1m        PASS[0m [   0.007s] ( 296/2877) [35;1msparq-difftest[0m [36mtemporal::tests[0m[36m::[0m[34;1mcanonical_keys_are_value_stable[0m
2026-09-10T18:21:46.5293683Z [32;1m        PASS[0m [   0.006s] ( 297/2877) [35;1msparq-difftest[0m [36mtemporal::tests[0m[36m::[0m[34;1mparse_duration_only_seconds_may_be_fractional[0m
2026-09-10T18:21:46.5309958Z [32;1m        PASS[0m [   0.007s] ( 298/2877) [35;1msparq-difftest[0m [36mtemporal::tests[0m[36m::[0m[34;1mparse_datetime_rejects_out_of_range_timezone[0m
2026-09-10T18:21:46.5361686Z [32;1m        PASS[0m [   0.007s] ( 299/2877) [35;1msparq-difftest[0m [36mterm::tests[0m[36m::[0m[34;1mcanonical_key_collapses_value_variants[0m
2026-09-10T18:21:46.5364957Z [32;1m        PASS[0m [   0.006s] ( 300/2877) [35;1msparq-difftest[0m [36mterm::tests[0m[36m::[0m[34;1mtriple_key_is_injective_across_component_boundaries[0m
2026-09-10T18:21:46.5423588Z [32;1m        PASS[0m [   0.006s] ( 301/2877) [35;1msparq-difftest::decision_equiv[0m [34;1mdeny_changes_classified_correctly[0m
2026-09-10T18:21:46.5449959Z [32;1m        PASS[0m [   0.009s] ( 302/2877) [35;1msparq-difftest::edge_contracts[0m [34;1mmultiset_empty_and_length_mismatch_contract[0m
2026-09-10T18:21:46.5515562Z [32;1m        PASS[0m [   0.008s] ( 303/2877) [35;1msparq-e2ee-ng[0m [36mcapability::tests[0m[36m::[0m[34;1mdecode_accepts_canonical_authority_array[0m
2026-09-10T18:21:46.5518588Z [32;1m        PASS[0m [   0.007s] ( 304/2877) [35;1msparq-e2ee-ng[0m [36mcapability::tests[0m[36m::[0m[34;1mdecode_rejects_non_canonical_branch_set[0m
2026-09-10T18:21:46.5562904Z [32;1m        PASS[0m [   0.006s] ( 305/2877) [35;1msparq-e2ee-ng[0m [36mcapability::tests[0m[36m::[0m[34;1mpublic_decode_rejects_publisher_pub_without_publish[0m
2026-09-10T18:21:46.5639355Z [32;1m        PASS[0m [   0.006s] ( 306/2877) [35;1msparq-e2ee-ng::object[0m [34;1mobject_layout_is_validated[0m
2026-09-10T18:21:46.5724085Z [32;1m        PASS[0m [   0.010s] ( 307/2877) [35;1msparq-e2ee-ng::object[0m [34;1mobject_merkle_root_is_the_root_block_digest[0m
2026-09-10T18:21:46.5984444Z [32;1m        PASS[0m [   0.047s] ( 308/2877) [35;1msparq-e2ee-ng::object[0m [34;1mobject_extra_block_fails_closed[0m
2026-09-10T18:21:46.6107951Z [32;1m        PASS[0m [   0.038s] ( 309/2877) [35;1msparq-e2ee-ng::object[0m [34;1mobject_root_outside_the_block_set_fails_closed[0m
2026-09-10T18:21:46.6409733Z [32;1m        PASS[0m [   0.030s] ( 310/2877) [35;1msparq-e2ee-ng::object[0m [34;1mobject_tampered_root_ciphertext_fails_closed[0m
2026-09-10T18:21:46.6511256Z [32;1m        PASS[0m [   0.010s] ( 311/2877) [35;1msparq-e2ee-ng::roundtrip[0m [34;1mblock_open_wrong_branch_fails_closed[0m
2026-09-10T18:21:46.6680245Z [32;1m        PASS[0m [   0.015s] ( 312/2877) [35;1msparq-e2ee-ng::roundtrip[0m [34;1mblock_seal_open_roundtrip[0m
2026-09-10T18:21:46.6799737Z [32;1m        PASS[0m [   0.012s] ( 313/2877) [35;1msparq-e2ee-ng::roundtrip[0m [34;1mcap_id_is_stable_and_nonce_sensitive[0m
2026-09-10T18:21:46.6889506Z [32;1m        PASS[0m [   0.010s] ( 314/2877) [35;1msparq-e2ee-ng::roundtrip[0m [34;1mcbor_enforces_limits[0m
2026-09-10T18:21:46.6943206Z [32;1m        PASS[0m [   0.005s] ( 315/2877) [35;1msparq-e2ee-ng::roundtrip[0m [34;1mcbor_rejects_indefinite_length[0m
2026-09-10T18:21:46.6990533Z [32;1m        PASS[0m [   0.005s] ( 316/2877) [35;1msparq-e2ee-ng::roundtrip[0m [34;1mcbor_rejects_trailing_bytes[0m
2026-09-10T18:21:46.8029712Z [32;1m        PASS[0m [   0.103s] ( 317/2877) [35;1msparq-e2ee-ng::roundtrip[0m [34;1mdelegation_narrows_branch_set[0m
2026-09-10T18:21:46.8174109Z [32;1m        PASS[0m [   1.759s] ( 318/2877) [35;1msparq-core[0m [36mtests[0m[36m::[0m[34;1mbuild_external_quads_bounded_open_writers[0m
2026-09-10T18:21:46.8290505Z [32;1m        PASS[0m [   0.026s] ( 319/2877) [35;1msparq-e2ee-ng::roundtrip[0m [34;1mepoch_transition_must_increase[0m
2026-09-10T18:21:46.8496502Z [32;1m        PASS[0m [   0.032s] ( 320/2877) [35;1msparq-e2ee-ng::roundtrip[0m [34;1mpublic_grant_decode_rejects_secret_field[0m
2026-09-10T18:21:46.8972157Z [32;1m        PASS[0m [   0.068s] ( 321/2877) [35;1msparq-e2ee-ng::roundtrip[0m [34;1mpublisher_secret_must_match_signed_publisher_pub[0m
2026-09-10T18:21:46.9079473Z [32;1m        PASS[0m [   0.057s] ( 322/2877) [35;1msparq-e2ee-ng::roundtrip[0m [34;1msign_verify_roundtrip_and_tamper[0m
2026-09-10T18:21:46.9154929Z [32;1m        PASS[0m [   0.018s] ( 323/2877) [35;1msparq-e2ee-ng::roundtrip[0m [34;1mwrap_capability_rejects_a_capability_that_violates_separation[0m
2026-09-10T18:21:46.9340917Z [32;1m        PASS[0m [   0.336s] ( 324/2877) [35;1msparq-e2ee-ng::object[0m [34;1mobject_roundtrip_spans_many_blocks[0m
2026-09-10T18:21:46.9621750Z [32;1m        PASS[0m [   0.047s] ( 325/2877) [35;1msparq-e2ee-ng::roundtrip[0m [34;1mwrap_unwrap_roundtrip[0m
2026-09-10T18:21:46.9796357Z [32;1m        PASS[0m [   0.045s] ( 326/2877) [35;1msparq-e2ee-ng::roundtrip[0m [34;1mwrapped_secret_encode_decode_roundtrip[0m
2026-09-10T18:21:46.9989228Z [32;1m        PASS[0m [   0.019s] ( 327/2877) [35;1msparq-e2ee-ng::vectors[0m [34;1mvector_key_schedule[0m
2026-09-10T18:21:47.0116611Z [32;1m        PASS[0m [   0.049s] ( 328/2877) [35;1msparq-e2ee-ng::vectors[0m [34;1mvector_capability_public_grant[0m
2026-09-10T18:21:47.0378523Z [32;1m        PASS[0m [   0.130s] ( 329/2877) [35;1msparq-e2ee-ng::roundtrip[0m [34;1mwrap_capability_roundtrip_recovers_every_secret_field[0m
2026-09-10T18:21:47.0398214Z [32;1m        PASS[0m [   0.042s] ( 330/2877) [35;1msparq-engine[0m [36mconstruct::tests[0m[36m::[0m[34;1mconstruct_budget_applies_to_where[0m
2026-09-10T18:21:47.0475443Z [32;1m        PASS[0m [   0.034s] ( 331/2877) [35;1msparq-engine[0m [36mconstruct::tests[0m[36m::[0m[34;1mconstruct_ntriples_serialisation[0m
2026-09-10T18:21:47.0489369Z [32;1m        PASS[0m [   0.011s] ( 332/2877) [35;1msparq-engine[0m [36mconstruct::tests[0m[36m::[0m[34;1mconstruct_skips_unbound_slots[0m
2026-09-10T18:21:47.0517166Z [32;1m        PASS[0m [   0.012s] ( 333/2877) [35;1msparq-engine[0m [36mconstruct::tests[0m[36m::[0m[34;1mdescribe_bnode_cycle_terminates[0m
2026-09-10T18:21:47.0547157Z [32;1m        PASS[0m [   0.009s] ( 334/2877) [35;1msparq-engine[0m [36mconstruct::tests[0m[36m::[0m[34;1mdescribe_recurses_through_bnodes[0m
2026-09-10T18:21:47.0616362Z [32;1m        PASS[0m [   0.007s] ( 335/2877) [35;1msparq-engine[0m [36mdp::tests[0m[36m::[0m[34;1mdisabled_state_makes_active_return_none[0m
2026-09-10T18:21:47.0641588Z [32;1m        PASS[0m [   0.015s] ( 336/2877) [35;1msparq-engine[0m [36mdataset::tests[0m[36m::[0m[34;1mfrom_named_selects_exactly_those_graphs[0m
2026-09-10T18:21:47.0707884Z [32;1m        PASS[0m [   0.006s] ( 337/2877) [35;1msparq-engine[0m [36mdp::tests[0m[36m::[0m[34;1mtwo_pattern_bgp_falls_back_to_greedy[0m
2026-09-10T18:21:47.0719437Z [32;1m        PASS[0m [   0.012s] ( 338/2877) [35;1msparq-engine[0m [36mdp::tests[0m[36m::[0m[34;1msingle_pattern_falls_back[0m
2026-09-10T18:21:47.0830909Z [32;1m        PASS[0m [   0.011s] ( 339/2877) [35;1msparq-engine[0m [36mexec::aggregate_empty_semantics[0m[36m::[0m[34;1mgroup_by_constant_over_empty_is_zero_rows[0m
2026-09-10T18:21:47.0873363Z [32;1m        PASS[0m [   0.013s] ( 340/2877) [35;1msparq-engine[0m [36mexec::aggregate_empty_semantics[0m[36m::[0m[34;1mcount_star_vs_count_var_agree_over_empty[0m
2026-09-10T18:21:47.0918244Z [32;1m        PASS[0m [   0.008s] ( 341/2877) [35;1msparq-engine[0m [36mexec::aggregate_empty_semantics[0m[36m::[0m[34;1mmax_over_empty_is_unbound_one_row[0m
2026-09-10T18:21:47.0956553Z [32;1m        PASS[0m [   0.012s] ( 342/2877) [35;1msparq-engine[0m [36mexec::aggregate_empty_semantics[0m[36m::[0m[34;1mmixed_aggregates_no_group_by_yield_one_row[0m
2026-09-10T18:21:47.1019615Z [32;1m        PASS[0m [   0.009s] ( 343/2877) [35;1msparq-engine[0m [36mexec::aggregate_empty_semantics[0m[36m::[0m[34;1msum_with_group_by_over_empty_is_zero_rows[0m
2026-09-10T18:21:47.1803806Z [32;1m        PASS[0m [   0.084s] ( 344/2877) [35;1msparq-engine[0m [36mexec::ask_exists_tests[0m[36m::[0m[34;1mexists_early_exit_does_not_over_evaluate[0m
2026-09-10T18:21:47.2000749Z [32;1m        PASS[0m [   0.095s] ( 345/2877) [35;1msparq-engine[0m [36mexec::bind_join_run_grouping[0m[36m::[0m[34;1mrandomized_differential_vs_naive_reference[0m
2026-09-10T18:21:47.2211018Z [32;1m        PASS[0m [   0.041s] ( 346/2877) [35;1msparq-engine[0m [36mexec::bind_join_run_grouping[0m[36m::[0m[34;1msparql_seed_scan_reaches_verified_runs_and_filter_scan_reaches_hash_fallback[0m
2026-09-10T18:21:47.2397112Z [32;1m        PASS[0m [   0.018s] ( 347/2877) [35;1msparq-engine[0m [36mexec::budget::nested_budget_tests[0m[36m::[0m[34;1mexpired_parent_deadline_returns_after_unlimited_child_without_sleep[0m
2026-09-10T18:21:47.2569656Z [32;1m        PASS[0m [   0.016s] ( 348/2877) [35;1msparq-engine[0m [36mexec::budget::nested_budget_tests[0m[36m::[0m[34;1mservice_savepoint_brackets_a_fully_returned_nested_budget[0m
2026-09-10T18:21:47.2694302Z [32;1m        PASS[0m [   0.013s] ( 349/2877) [35;1msparq-engine[0m [36mexec::budget::snapshot_reason_tests[0m[36m::[0m[34;1ma_limit_not_yet_crossed_reports_nothing[0m
2026-09-10T18:21:47.2840175Z [32;1m        PASS[0m [   0.012s] ( 350/2877) [35;1msparq-engine[0m [36mexec::budget::snapshot_reason_tests[0m[36m::[0m[34;1msnapshot_is_the_only_signal_a_worker_thread_can_see[0m
2026-09-10T18:21:47.3089512Z [32;1m        PASS[0m [   0.024s] ( 351/2877) [35;1msparq-engine[0m [36mexec::builtin_error_paths[0m[36m::[0m[34;1mhash_builtins[0m
2026-09-10T18:21:47.3261239Z [32;1m        PASS[0m [   0.021s] ( 352/2877) [35;1msparq-engine[0m [36mexec::builtin_error_paths[0m[36m::[0m[34;1mstring_builtins[0m
2026-09-10T18:21:47.3363040Z [32;1m        PASS[0m [   0.139s] ( 353/2877) [35;1msparq-engine[0m [36mexec::budget::cancel_tests[0m[36m::[0m[34;1mcancel_from_another_thread_stops_large_query_promptly[0m
2026-09-10T18:21:47.3434566Z [32;1m        PASS[0m [   0.288s] ( 354/2877) [35;1msparq-engine[0m [36mdp::tests[0m[36m::[0m[34;1mmatches_bruteforce_on_many_random_graphs[0m
2026-09-10T18:21:47.3436507Z [32;1m        PASS[0m [   0.007s] ( 355/2877) [35;1msparq-engine[0m [36mexec::builtin_memo_tests[0m[36m::[0m[34;1mquery_now_scope_mechanics[0m
2026-09-10T18:21:47.3584056Z [32;1m        PASS[0m [   0.015s] ( 356/2877) [35;1msparq-engine[0m [36mexec::builtin_memo_tests[0m[36m::[0m[34;1mregex_cache_exists_reentry[0m
2026-09-10T18:21:47.3635632Z [32;1m        PASS[0m [   0.005s] ( 357/2877) [35;1msparq-engine[0m [36mexec::capped_rhs_tests[0m[36m::[0m[34;1mcapped_rhs_keeps_rows_and_actual_order_until_request_changes[0m
2026-09-10T18:21:47.3720470Z [32;1m        PASS[0m [   0.008s] ( 358/2877) [35;1msparq-engine[0m [36mexec::capped_rhs_tests[0m[36m::[0m[34;1mcapped_rhs_public_bags_repeated_variables_and_first_block_hit[0m
2026-09-10T18:21:48.5490344Z [32;1m        PASS[0m [   1.220s] ( 359/2877) [35;1msparq-engine[0m [36mexec::builtin_memo_tests[0m[36m::[0m[34;1mnow_constant_within_execution_fresh_across_executions[0m
2026-09-10T18:21:48.5992786Z [32;1m        PASS[0m [   0.048s] ( 360/2877) [35;1msparq-engine[0m [36mexec::compiled_expr_tests[0m[36m::[0m[34;1mcompiled_filter_is_byte_identical_to_eval_expr[0m
2026-09-10T18:21:48.6143323Z [32;1m        PASS[0m [   0.019s] ( 361/2877) [35;1msparq-engine[0m [36mexec::effective_boolean_unit[0m[36m::[0m[34;1mebv_bool_false_is_some_false[0m
2026-09-10T18:21:48.6389769Z [32;1m        PASS[0m [   0.022s] ( 362/2877) [35;1msparq-engine[0m [36mexec::effective_boolean_unit[0m[36m::[0m[34;1mebv_error_is_none[0m
2026-09-10T18:21:48.6559923Z [32;1m        PASS[0m [   0.018s] ( 363/2877) [35;1msparq-engine[0m [36mexec::effective_boolean_unit[0m[36m::[0m[34;1mebv_lang_tagged_literal_is_none_type_error[0m
2026-09-10T18:21:48.6741788Z [32;1m        PASS[0m [   0.019s] ( 364/2877) [35;1msparq-engine[0m [36mexec::effective_boolean_unit[0m[36m::[0m[34;1mebv_typed_boolean_true_false[0m
2026-09-10T18:21:48.6969592Z [32;1m        PASS[0m [   0.024s] ( 365/2877) [35;1msparq-engine[0m [36mexec::effective_boolean_unit[0m[36m::[0m[34;1mebv_xsd_string_nonempty_is_true[0m
2026-09-10T18:21:48.7189845Z [32;1m        PASS[0m [   0.020s] ( 366/2877) [35;1msparq-engine[0m [36mexec::exact_decimal_tests[0m[36m::[0m[34;1mdec_arithmetic_is_exact[0m
2026-09-10T18:21:48.7519706Z [32;1m        PASS[0m [   0.034s] ( 367/2877) [35;1msparq-engine[0m [36mexec::f64_collapse_order_agreement[0m[36m::[0m[34;1mcompare_orders_double_infinities_and_isolates_nan[0m
2026-09-10T18:21:48.7839605Z [32;1m        PASS[0m [   0.032s] ( 368/2877) [35;1msparq-engine[0m [36mexec::f64_collapse_order_agreement[0m[36m::[0m[34;1morder_by_cross_kind_ranks_and_collapse_is_exact[0m
2026-09-10T18:21:48.8049346Z [32;1m        PASS[0m [   0.020s] ( 369/2877) [35;1msparq-engine[0m [36mexec::function_tests[0m[36m::[0m[34;1mdatetime_accessors[0m
2026-09-10T18:21:48.8449645Z [32;1m        PASS[0m [   0.042s] ( 370/2877) [35;1msparq-engine[0m [36mexec::function_tests[0m[36m::[0m[34;1mregex_functions[0m
2026-09-10T18:21:48.8670414Z [32;1m        PASS[0m [   0.023s] ( 371/2877) [35;1msparq-engine[0m [36mexec::group_by_unbound_var[0m[36m::[0m[34;1mgroup_by_never_bound_var_is_one_unbound_group[0m
2026-09-10T18:21:48.8899491Z [32;1m        PASS[0m [   0.022s] ( 372/2877) [35;1msparq-engine[0m [36mexec::minmax_values_unit[0m[36m::[0m[34;1mmax_over_integers_is_largest[0m
2026-09-10T18:21:48.9149423Z [32;1m        PASS[0m [   0.025s] ( 373/2877) [35;1msparq-engine[0m [36mexec::minmax_values_unit[0m[36m::[0m[34;1mminmax_empty_is_unbound[0m
2026-09-10T18:21:48.9470772Z [32;1m        PASS[0m [   0.031s] ( 374/2877) [35;1msparq-engine[0m [36mexec::minus_bindings_unit[0m[36m::[0m[34;1mminus_general_path_bound_overlap_removes_despite_unbound_var[0m
2026-09-10T18:21:48.9549513Z [32;1m        PASS[0m [   0.009s] ( 375/2877) [35;1msparq-engine[0m [36mexec::multiplicity_builtin[0m[36m::[0m[34;1mall_unique_solutions_have_multiplicity_one[0m
2026-09-10T18:21:48.9710602Z [32;1m        PASS[0m [   0.015s] ( 376/2877) [35;1msparq-engine[0m [36mexec::multiplicity_builtin[0m[36m::[0m[34;1mmultiplicity_context_guard_nests_and_restores[0m
2026-09-10T18:21:49.0040440Z [32;1m        PASS[0m [   0.032s] ( 377/2877) [35;1msparq-engine[0m [36mexec::multiplicity_builtin[0m[36m::[0m[34;1msum_of_multiplicities_is_bag_size[0m
2026-09-10T18:21:50.8894945Z [32;1m        PASS[0m [   3.518s] ( 378/2877) [35;1msparq-engine[0m [36mexec::capped_rhs_tests[0m[36m::[0m[34;1mcapped_rhs_three_block_miss[0m
2026-09-10T18:21:50.9469880Z [32;1m        PASS[0m [   0.055s] ( 379/2877) [35;1msparq-engine[0m [36mexec::path_pushdown_tests[0m[36m::[0m[34;1mnegated_property_set_matches_filter_oracle[0m
2026-09-10T18:21:50.9929933Z [32;1m        PASS[0m [   0.047s] ( 380/2877) [35;1msparq-engine[0m [36mexec::path_tests::graph_prefix_index[0m[36m::[0m[34;1mindex_stays_correct_after_mutation_changes_graph_set[0m
2026-09-10T18:21:51.0259503Z [32;1m        PASS[0m [   0.034s] ( 381/2877) [35;1msparq-engine[0m [36mexec::path_tests[0m[36m::[0m[34;1mnamed_graphs[0m
2026-09-10T18:21:51.0609492Z [32;1m        PASS[0m [   0.035s] ( 382/2877) [35;1msparq-engine[0m [36mexec::path_tests[0m[36m::[0m[34;1mrdf_star_nested_triple_terms[0m
2026-09-10T18:21:51.1029573Z [32;1m        PASS[0m [   0.039s] ( 383/2877) [35;1msparq-engine[0m [36mexec::path_tests[0m[36m::[0m[34;1mrdf_star_quoted_pattern_nested_one_level[0m
2026-09-10T18:21:51.1359460Z [32;1m        PASS[0m [   0.035s] ( 384/2877) [35;1msparq-engine[0m [36mexec::path_tests[0m[36m::[0m[34;1mrdf_star_triple_builtins[0m
2026-09-10T18:21:51.1829597Z [32;1m        PASS[0m [   0.048s] ( 385/2877) [35;1msparq-engine[0m [36mexec::service_exec_tests[0m[36m::[0m[34;1mbound_join_block_boundary_unions_all_blocks[0m
2026-09-10T18:21:51.2320051Z [32;1m        PASS[0m [   0.043s] ( 386/2877) [35;1msparq-engine[0m [36mexec::service_exec_tests[0m[36m::[0m[34;1mbound_join_silent_block_failure_keeps_left[0m
2026-09-10T18:21:51.2739737Z [32;1m        PASS[0m [   0.044s] ( 387/2877) [35;1msparq-engine[0m [36mexec::service_exec_tests[0m[36m::[0m[34;1mremote_request_cap_at_or_under_limit_passes[0m
2026-09-10T18:21:51.3179399Z [32;1m        PASS[0m [   0.043s] ( 388/2877) [35;1msparq-engine[0m [36mexec::service_exec_tests[0m[36m::[0m[34;1mremote_request_cap_fires_before_dispatch[0m
2026-09-10T18:21:51.3359582Z [32;1m        PASS[0m [   0.019s] ( 389/2877) [35;1msparq-engine[0m [36mexec::service_exec_tests[0m[36m::[0m[34;1mservice_nonsilent_propagates_mock_error[0m
2026-09-10T18:21:51.3679723Z [32;1m        PASS[0m [   0.034s] ( 390/2877) [35;1msparq-engine[0m [36mexec::service_exec_tests[0m[36m::[0m[34;1mservice_silent_swallows_mock_error[0m
2026-09-10T18:21:51.4099578Z [32;1m        PASS[0m [   0.041s] ( 391/2877) [35;1msparq-engine[0m [36mexec::service_exec_tests[0m[36m::[0m[34;1mvariable_endpoint_optional_keeps_unmatched[0m
2026-09-10T18:21:51.4299795Z [32;1m        PASS[0m [   0.022s] ( 392/2877) [35;1msparq-engine[0m [36mexec::sip_unit[0m[36m::[0m[34;1mcertain_vars_leftjoin_excludes_optional_side[0m
2026-09-10T18:21:51.4599564Z [32;1m        PASS[0m [   0.024s] ( 393/2877) [35;1msparq-engine[0m [36mexec::sip_unit[0m[36m::[0m[34;1msubst_pattern_replaces_variable_in_bgp_and_filter[0m
2026-09-10T18:21:51.5168792Z [32;1m        PASS[0m [   0.063s] ( 394/2877) [35;1msparq-engine[0m [36mexec::sort_collation_key_differential[0m[36m::[0m[34;1mprecomputed_key_reproduces_antisymmetry_and_reflexivity[0m
2026-09-10T18:21:51.5399679Z [32;1m        PASS[0m [   0.022s] ( 395/2877) [35;1msparq-engine[0m [36mexec::sum_values_unit[0m[36m::[0m[34;1msum_int_plus_decimal_promotes_to_decimal[0m
2026-09-10T18:21:51.5631778Z [32;1m        PASS[0m [   0.025s] ( 396/2877) [35;1msparq-engine[0m [36mexec::theta_antijoin_unit[0m[36m::[0m[34;1mas_correlation_pair_classifies_eq_sameterm_and_single_var_in[0m
2026-09-10T18:21:51.5829712Z [32;1m        PASS[0m [   0.016s] ( 397/2877) [35;1msparq-engine[0m [36mexec::theta_antijoin_unit[0m[36m::[0m[34;1mcorr_recheck_expr_uses_the_correlations_own_relation[0m
2026-09-10T18:21:51.5999487Z [32;1m        PASS[0m [   0.018s] ( 398/2877) [35;1msparq-engine[0m [36mexec::wcoj_tests[0m[36m::[0m[34;1mcyclicity_classification[0m
2026-09-10T18:21:51.6300227Z [32;1m        PASS[0m [   0.030s] ( 399/2877) [35;1msparq-engine[0m [36mexplain::tests[0m[36m::[0m[34;1mexplain_analyze_reports_rows_and_times[0m
2026-09-10T18:21:51.6669453Z [32;1m        PASS[0m [   0.039s] ( 400/2877) [35;1msparq-engine[0m [36mexplain::tests[0m[36m::[0m[34;1mexplain_construct_and_malformed[0m
2026-09-10T18:21:51.8669867Z [32;1m        PASS[0m [   0.197s] ( 401/2877) [35;1msparq-engine[0m [36mexplain::tests[0m[36m::[0m[34;1mexplain_does_not_execute[0m
2026-09-10T18:21:51.8949588Z [32;1m        PASS[0m [   0.025s] ( 402/2877) [35;1msparq-engine[0m [36mexplain::tests[0m[36m::[0m[34;1mexplain_predicts_bind_join_on_selective_seed[0m
2026-09-10T18:21:51.9119818Z [32;1m        PASS[0m [   0.022s] ( 403/2877) [35;1msparq-engine[0m [36mexplain::tests[0m[36m::[0m[34;1mexplain_shows_filter_pushdown_and_modifiers[0m
2026-09-10T18:21:51.9339461Z [32;1m        PASS[0m [   0.022s] ( 404/2877) [35;1msparq-engine[0m [36mexplain::tests[0m[36m::[0m[34;1mpredicted_perm_matches_store_choice[0m
2026-09-10T18:21:51.9529452Z [32;1m        PASS[0m [   0.018s] ( 405/2877) [35;1msparq-engine[0m [36mexplain_json::tests[0m[36m::[0m[34;1mplan_tree_shape_and_estimate[0m
2026-09-10T18:21:51.9789670Z [32;1m        PASS[0m [   0.025s] ( 406/2877) [35;1msparq-engine[0m [36mexplain_json::tests[0m[36m::[0m[34;1mslow_query_ring_records_real_query[0m
2026-09-10T18:21:51.9910083Z [32;1m        PASS[0m [   0.014s] ( 407/2877) [35;1msparq-engine[0m [36mjson::term_shape_tests[0m[36m::[0m[34;1miri_and_bnode_shapes[0m
2026-09-10T18:21:52.0040445Z [32;1m        PASS[0m [   0.012s] ( 408/2877) [35;1msparq-engine[0m [36mjson::term_shape_tests[0m[36m::[0m[34;1mrdf_star_triple_term_shape_recurses[0m
2026-09-10T18:21:52.0199770Z [32;1m        PASS[0m [   0.013s] ( 409/2877) [35;1msparq-engine[0m [36mrewrite::tests[0m[36m::[0m[34;1mantijoin_fires[0m
2026-09-10T18:21:52.0309502Z [32;1m        PASS[0m [   0.015s] ( 410/2877) [35;1msparq-engine[0m [36mrewrite::tests[0m[36m::[0m[34;1mcertain_vars_group_excludes_aggregate_output[0m
2026-09-10T18:21:52.0429608Z [32;1m        PASS[0m [   0.012s] ( 411/2877) [35;1msparq-engine[0m [36mrewrite::tests[0m[36m::[0m[34;1minteger_literal_equality_not_rewritten[0m
2026-09-10T18:21:52.0589448Z [32;1m        PASS[0m [   0.012s] ( 412/2877) [35;1msparq-engine[0m [36mrewrite::tests[0m[36m::[0m[34;1mplain_literal_equality_not_rewritten[0m
2026-09-10T18:21:52.0978479Z [32;1m        PASS[0m [   0.044s] ( 413/2877) [35;1msparq-engine[0m [36mtemporal_cache_tests[0m[36m::[0m[34;1mcompressed_mode_temporal_filter[0m
2026-09-10T18:21:52.1219180Z [32;1m        PASS[0m [   0.024s] ( 414/2877) [35;1msparq-engine[0m [36mtemporal_cache_tests[0m[36m::[0m[34;1mequality_across_timezones[0m
2026-09-10T18:21:52.1459580Z [32;1m        PASS[0m [   0.024s] ( 415/2877) [35;1msparq-engine[0m [36mtemporal_cache_tests[0m[36m::[0m[34;1mminmax_temporal_semantics[0m
2026-09-10T18:21:52.1828870Z [32;1m        PASS[0m [   0.037s] ( 416/2877) [35;1msparq-engine[0m [36mtemporal_cache_tests[0m[36m::[0m[34;1morder_by_mixed_timezones_matches_lenient_order[0m
2026-09-10T18:21:52.2169534Z [32;1m        PASS[0m [   0.031s] ( 417/2877) [35;1msparq-engine[0m [36mtests[0m[36m::[0m[34;1maggregate_count_and_group[0m
2026-09-10T18:21:52.2340064Z [32;1m        PASS[0m [   0.018s] ( 418/2877) [35;1msparq-engine[0m [36mtests[0m[36m::[0m[34;1mbind_and_arithmetic[0m
2026-09-10T18:21:52.2539400Z [32;1m        PASS[0m [   0.020s] ( 419/2877) [35;1msparq-engine[0m [36mtests[0m[36m::[0m[34;1mbnode_prefix_does_not_collide[0m
2026-09-10T18:21:52.2730399Z [32;1m        PASS[0m [   0.019s] ( 420/2877) [35;1msparq-engine[0m [36mtests[0m[36m::[0m[34;1mbudget_max_bytes_prices_computed_literals[0m
2026-09-10T18:21:52.2999432Z [32;1m        PASS[0m [   0.024s] ( 421/2877) [35;1msparq-engine[0m [36mtests[0m[36m::[0m[34;1mbudget_max_rows_refuses_not_truncates[0m
2026-09-10T18:21:52.3179319Z [32;1m        PASS[0m [   0.019s] ( 422/2877) [35;1msparq-engine[0m [36mtests[0m[36m::[0m[34;1mcomputed_values_dedup[0m
2026-09-10T18:21:52.3379578Z [32;1m        PASS[0m [   0.022s] ( 423/2877) [35;1msparq-engine[0m [36mtests[0m[36m::[0m[34;1mcount_of_ask_is_zero_or_one[0m
2026-09-10T18:21:52.3619421Z [32;1m        PASS[0m [   0.021s] ( 424/2877) [35;1msparq-engine[0m [36mtests[0m[36m::[0m[34;1mexact_decimal_arithmetic_filter[0m
2026-09-10T18:21:52.3810133Z [32;1m        PASS[0m [   0.021s] ( 425/2877) [35;1msparq-engine[0m [36mtests[0m[36m::[0m[34;1mfilter_numeric[0m
2026-09-10T18:21:52.4040113Z [32;1m        PASS[0m [   0.024s] ( 426/2877) [35;1msparq-engine[0m [36mtests[0m[36m::[0m[34;1mfilter_pushdown_with_join[0m
2026-09-10T18:21:52.4479502Z [32;1m        PASS[0m [   0.042s] ( 427/2877) [35;1msparq-engine[0m [36mtests[0m[36m::[0m[34;1mfunction_registry_dispatch_bind_and_filter[0m
2026-09-10T18:21:52.4790223Z [32;1m        PASS[0m [   0.033s] ( 428/2877) [35;1msparq-engine[0m [36mtests[0m[36m::[0m[34;1mfunction_registry_unknown_iri_is_hard_error[0m
2026-09-10T18:21:53.1826834Z [32;1m        PASS[0m [   4.180s] ( 429/2877) [35;1msparq-engine[0m [36mexec::order_bindings_worker_reinstall[0m[36m::[0m[34;1morder_by_exists_restricted_view_parallel_matches_lex_sort[0m
2026-09-10T18:21:53.2109935Z [32;1m        PASS[0m [   0.027s] ( 430/2877) [35;1msparq-engine[0m [36mtests[0m[36m::[0m[34;1mjoin_two_shared_vars[0m
2026-09-10T18:21:53.2720176Z [32;1m        PASS[0m [   0.060s] ( 431/2877) [35;1msparq-engine[0m [36mtests[0m[36m::[0m[34;1mlazy_count_matches_materialized[0m
2026-09-10T18:21:53.2910019Z [32;1m        PASS[0m [   0.021s] ( 432/2877) [35;1msparq-engine[0m [36mtests[0m[36m::[0m[34;1mlogical_error_propagation_and_short_circuit[0m
2026-09-10T18:21:53.3140495Z [32;1m        PASS[0m [   0.020s] ( 433/2877) [35;1msparq-engine[0m [36mtests[0m[36m::[0m[34;1mnamed_graph_query_over_default_only_is_empty[0m
2026-09-10T18:21:53.3319391Z [32;1m        PASS[0m [   0.021s] ( 434/2877) [35;1msparq-engine[0m [36mtests[0m[36m::[0m[34;1morder_by[0m
2026-09-10T18:21:53.3962419Z [32;1m        PASS[0m [   0.060s] ( 435/2877) [35;1msparq-engine[0m [36mtests[0m[36m::[0m[34;1mplanner_path_vs_naive[0m
2026-09-10T18:21:53.4089578Z [32;1m        PASS[0m [   0.930s] ( 436/2877) [35;1msparq-engine[0m [36mtests[0m[36m::[0m[34;1mgroup_aggregate_above_par_threshold_complete[0m
2026-09-10T18:21:53.5429816Z [32;1m        PASS[0m [   0.132s] ( 437/2877) [35;1msparq-engine[0m [36mtests[0m[36m::[0m[34;1mquery_json_stream_break_stops_early[0m
2026-09-10T18:21:53.5500044Z [32;1m        PASS[0m [   0.155s] ( 438/2877) [35;1msparq-engine[0m [36mtests[0m[36m::[0m[34;1mquery_json_chunks_concat_is_byte_identical[0m
2026-09-10T18:21:53.5665531Z [32;1m        PASS[0m [   0.018s] ( 439/2877) [35;1msparq-engine[0m [36mtests[0m[36m::[0m[34;1mrelational_type_error_semantics[0m
2026-09-10T18:21:53.5668741Z [32;1m        PASS[0m [   0.026s] ( 440/2877) [35;1msparq-engine[0m [36mtests[0m[36m::[0m[34;1mquery_json_stream_prepared_matches_string_and_buffered[0m
2026-09-10T18:21:53.5821094Z [32;1m        PASS[0m [   0.016s] ( 441/2877) [35;1msparq-engine[0m [36mtests[0m[36m::[0m[34;1msameterm_numeric_identity[0m
2026-09-10T18:21:53.5919625Z [32;1m        PASS[0m [   0.023s] ( 442/2877) [35;1msparq-engine[0m [36mtests[0m[36m::[0m[34;1mstring_functions_preserve_language_tags[0m
2026-09-10T18:21:53.6076746Z [32;1m        PASS[0m [   0.018s] ( 443/2877) [35;1msparq-engine[0m [36mtests[0m[36m::[0m[34;1munsatisfiable_absent_term[0m
2026-09-10T18:21:53.6108427Z [32;1m        PASS[0m [   0.026s] ( 444/2877) [35;1msparq-engine[0m [36mtests[0m[36m::[0m[34;1mtimezone_tz_bnode_uuid_builtins[0m
2026-09-10T18:21:53.6269782Z [32;1m        PASS[0m [   0.017s] ( 445/2877) [35;1msparq-engine[0m [36mupdate::capture_replay[0m[36m::[0m[34;1mapply_effects_on_fresh_graph_full_request[0m
2026-09-10T18:21:53.6299456Z [32;1m        PASS[0m [   0.019s] ( 446/2877) [35;1msparq-engine[0m [36mupdate::capture_replay[0m[36m::[0m[34;1mdelta_delete_data[0m
2026-09-10T18:21:53.6529686Z [32;1m        PASS[0m [   0.021s] ( 447/2877) [35;1msparq-engine[0m [36mupdate::capture_replay[0m[36m::[0m[34;1mnondeterministic_functions_replay_identically[0m
2026-09-10T18:21:53.6559808Z [32;1m        PASS[0m [   0.029s] ( 448/2877) [35;1msparq-engine[0m [36mupdate::capture_replay[0m[36m::[0m[34;1mdrop_effect_all_targets[0m
2026-09-10T18:21:53.6721168Z [32;1m        PASS[0m [   0.018s] ( 449/2877) [35;1msparq-engine[0m [36mupdate::tests[0m[36m::[0m[34;1minsert_data_blank_nodes_are_fresh[0m
2026-09-10T18:21:53.6791071Z [32;1m        PASS[0m [   0.030s] ( 450/2877) [35;1msparq-engine[0m [36mupdate::tests[0m[36m::[0m[34;1mapply_effects_reload_parity_insert_then_clear[0m
2026-09-10T18:21:53.6940855Z [32;1m        PASS[0m [   0.014s] ( 451/2877) [35;1msparq-engine[0m [36mupdate::tests[0m[36m::[0m[34;1mjournal_intra_body_insert_then_drop_named_is_net_empty[0m
2026-09-10T18:21:53.6949841Z [32;1m        PASS[0m [   0.020s] ( 452/2877) [35;1msparq-engine[0m [36mupdate::tests[0m[36m::[0m[34;1mjournal_clear_one_of_two_named_graphs[0m
2026-09-10T18:21:53.7238452Z [32;1m        PASS[0m [   0.031s] ( 453/2877) [35;1msparq-engine[0m [36mupdate::update_contract[0m[36m::[0m[34;1mcontract_clear[0m
2026-09-10T18:21:53.7286198Z [32;1m        PASS[0m [   0.031s] ( 454/2877) [35;1msparq-engine[0m [36mupdate::tests[0m[36m::[0m[34;1mupdate_in_place_matches_rebuild[0m
2026-09-10T18:21:53.7376752Z [32;1m        PASS[0m [   6.394s] ( 455/2877) [35;1msparq-engine[0m [36mexec::capped_rhs_tests[0m[36m::[0m[34;1mcapped_rhs_changing_sort_mixed_kernels_preserves_full_bag[0m
2026-09-10T18:21:53.7430966Z [32;1m        PASS[0m [   0.020s] ( 456/2877) [35;1msparq-engine[0m [36mupdate::update_contract[0m[36m::[0m[34;1mcontract_load_silent_is_the_real_lever[0m
2026-09-10T18:21:53.7489755Z [32;1m        PASS[0m [   0.019s] ( 457/2877) [35;1msparq-engine[0m [36mupdate::update_contract[0m[36m::[0m[34;1min_place_atomic_rolls_back_whole_request_on_error[0m
2026-09-10T18:21:53.7514379Z [32;1m        PASS[0m [   0.011s] ( 458/2877) [35;1msparq-engine[0m [36mzk::tests[0m[36m::[0m[34;1mguard_clears_state[0m
2026-09-10T18:21:53.7862862Z [32;1m        PASS[0m [   0.040s] ( 459/2877) [35;1msparq-engine::ask_early_exit[0m [34;1mask_bind_over_capped_inner[0m
2026-09-10T18:21:53.7870537Z [32;1m        PASS[0m [   0.039s] ( 460/2877) [35;1msparq-engine::ask_early_exit[0m [34;1mask_filter_eliminates_everything[0m
2026-09-10T18:21:53.8015853Z [32;1m        PASS[0m [   0.013s] ( 461/2877) [35;1msparq-engine::ask_early_exit[0m [34;1mask_join_with_union_child[0m
2026-09-10T18:21:53.8060994Z [32;1m        PASS[0m [   0.015s] ( 462/2877) [35;1msparq-engine::ask_early_exit[0m [34;1mask_optional_true_and_false[0m
2026-09-10T18:21:53.8065566Z [32;1m        PASS[0m [   0.063s] ( 463/2877) [35;1msparq-engine::antijoin_static_decline_differential[0m [34;1mmutation_equivalence_is_non_vacuous[0m
2026-09-10T18:21:53.8389538Z [32;1m        PASS[0m [   0.026s] ( 464/2877) [35;1msparq-engine::ask_early_exit[0m [34;1mlimit_zero_through_capped_shapes[0m
2026-09-10T18:21:54.1757694Z [32;1m        PASS[0m [   0.342s] ( 465/2877) [35;1msparq-engine::cluster_materialize_differential[0m [34;1mcluster_path_matches_unclustered_across_random_shapes[0m
2026-09-10T18:21:54.2339755Z [32;1m        PASS[0m [   0.429s] ( 466/2877) [35;1msparq-engine::ask_early_exit[0m [34;1mask_union_skips_expensive_right_branch[0m
2026-09-10T18:21:54.2583546Z [32;1m        PASS[0m [   0.025s] ( 467/2877) [35;1msparq-engine::coverage_gaps[0m [34;1mas_bool_val_other_datatype[0m
2026-09-10T18:21:54.2689578Z [32;1m        PASS[0m [   0.093s] ( 468/2877) [35;1msparq-engine::coverage_gaps[0m [34;1maggregate_max_bound_covers_value_to_id_bool_arm[0m
2026-09-10T18:21:54.2908991Z [32;1m        PASS[0m [   0.033s] ( 469/2877) [35;1msparq-engine::coverage_gaps[0m [34;1mbind_computed_bool[0m
2026-09-10T18:21:54.3045631Z [32;1m        PASS[0m [   0.037s] ( 470/2877) [35;1msparq-engine::coverage_gaps[0m [34;1mcoalesce_all_error[0m
2026-09-10T18:21:54.3186419Z [32;1m        PASS[0m [   0.028s] ( 471/2877) [35;1msparq-engine::coverage_gaps[0m [34;1mconcat_same_lang_tag_preserved[0m
2026-09-10T18:21:54.3317219Z [32;1m        PASS[0m [   0.027s] ( 472/2877) [35;1msparq-engine::coverage_gaps[0m [34;1mcontains_match[0m
2026-09-10T18:21:54.3406749Z [32;1m        PASS[0m [   0.022s] ( 473/2877) [35;1msparq-engine::coverage_gaps[0m [34;1mcount_star_shape_with_fixed_predicate_covers_sorted_vals_fallback[0m
2026-09-10T18:21:54.3519441Z [32;1m        PASS[0m [   0.018s] ( 474/2877) [35;1msparq-engine::coverage_gaps[0m [34;1mdatatype_computed_bool[0m
2026-09-10T18:21:54.3549862Z [32;1m        PASS[0m [   0.013s] ( 475/2877) [35;1msparq-engine::coverage_gaps[0m [34;1mdescribe_with_literal_result_covers_cbd_literal_skip_arm[0m
2026-09-10T18:21:54.3651425Z [32;1m        PASS[0m [   0.011s] ( 476/2877) [35;1msparq-engine::coverage_gaps[0m [34;1mexplain_aggregate_no_group_by_covers_all_string_branch[0m
2026-09-10T18:21:54.3751924Z [32;1m        PASS[0m [   0.025s] ( 477/2877) [35;1msparq-engine::coverage_gaps[0m [34;1meval_dec_arithmetic_in_filter[0m
2026-09-10T18:21:54.3801280Z [32;1m        PASS[0m [   0.014s] ( 478/2877) [35;1msparq-engine::coverage_gaps[0m [34;1mexplain_analyze_sub_select_in_join_covers_trace_label_project[0m
2026-09-10T18:21:54.3866572Z [32;1m        PASS[0m [   0.011s] ( 479/2877) [35;1msparq-engine::coverage_gaps[0m [34;1mfilter_unary_minus_positive_input_covers_none_branch[0m
2026-09-10T18:21:54.3999161Z [32;1m        PASS[0m [   0.020s] ( 480/2877) [35;1msparq-engine::coverage_gaps[0m [34;1mhaslang_branches[0m
2026-09-10T18:21:54.4041622Z [32;1m        PASS[0m [   0.015s] ( 481/2877) [35;1msparq-engine::coverage_gaps[0m [34;1mhaslangdir_iri_branch[0m
2026-09-10T18:21:54.4169842Z [32;1m        PASS[0m [   0.014s] ( 482/2877) [35;1msparq-engine::coverage_gaps[0m [34;1min_expr_false[0m
2026-09-10T18:21:54.4199290Z [32;1m        PASS[0m [   0.011s] ( 483/2877) [35;1msparq-engine::coverage_gaps[0m [34;1mis_blank_branches[0m
2026-09-10T18:21:54.4278831Z [32;1m        PASS[0m [   0.015s] ( 484/2877) [35;1msparq-engine::coverage_gaps[0m [34;1misnumeric_computed_num[0m
2026-09-10T18:21:54.4357912Z [32;1m        PASS[0m [   0.021s] ( 485/2877) [35;1msparq-engine::coverage_gaps[0m [34;1mlangdir_branches[0m
2026-09-10T18:21:54.4407438Z [32;1m        PASS[0m [   0.011s] ( 486/2877) [35;1msparq-engine::coverage_gaps[0m [34;1mlangdir_iri_branch[0m
2026-09-10T18:21:54.4529253Z [32;1m        PASS[0m [   0.015s] ( 487/2877) [35;1msparq-engine::coverage_gaps[0m [34;1mlangmatches_star[0m
2026-09-10T18:21:54.4599334Z [32;1m        PASS[0m [   0.019s] ( 488/2877) [35;1msparq-engine::coverage_gaps[0m [34;1mmd5_non_string_error[0m
2026-09-10T18:21:54.4799466Z [32;1m        PASS[0m [   0.025s] ( 489/2877) [35;1msparq-engine::coverage_gaps[0m [34;1mquery_ask_true_returns_unit_row[0m
2026-09-10T18:21:54.4939824Z [32;1m        PASS[0m [   0.032s] ( 490/2877) [35;1msparq-engine::coverage_gaps[0m [34;1mquery_json_blank_node_subject_in_result[0m
2026-09-10T18:21:54.4989940Z [32;1m        PASS[0m [   0.022s] ( 491/2877) [35;1msparq-engine::coverage_gaps[0m [34;1mquery_json_lang_tagged_literal_in_result[0m
2026-09-10T18:21:54.5149440Z [32;1m        PASS[0m [   0.024s] ( 492/2877) [35;1msparq-engine::coverage_gaps[0m [34;1mrand_returns_double[0m
2026-09-10T18:21:54.5316342Z [32;1m        PASS[0m [   0.018s] ( 493/2877) [35;1msparq-engine::coverage_gaps[0m [34;1mregex_no_match[0m
2026-09-10T18:21:54.5323832Z [32;1m        PASS[0m [   0.034s] ( 494/2877) [35;1msparq-engine::coverage_gaps[0m [34;1mregex_basic_match[0m
2026-09-10T18:21:54.5479355Z [32;1m        PASS[0m [   0.015s] ( 495/2877) [35;1msparq-engine::coverage_gaps[0m [34;1mreplace_invalid_pattern[0m
2026-09-10T18:21:54.5640536Z [32;1m        PASS[0m [   0.030s] ( 496/2877) [35;1msparq-engine::coverage_gaps[0m [34;1mseq_path_bound_start[0m
2026-09-10T18:21:54.5748743Z [32;1m        PASS[0m [   0.027s] ( 497/2877) [35;1msparq-engine::coverage_gaps[0m [34;1msha384_basic[0m
2026-09-10T18:21:54.5859525Z [32;1m        PASS[0m [   0.022s] ( 498/2877) [35;1msparq-engine::coverage_gaps[0m [34;1mstrafter_match[0m
2026-09-10T18:21:54.5996018Z [32;1m        PASS[0m [   0.025s] ( 499/2877) [35;1msparq-engine::coverage_gaps[0m [34;1mstrbefore_no_match[0m
2026-09-10T18:21:54.6219320Z [32;1m        PASS[0m [   0.034s] ( 500/2877) [35;1msparq-engine::coverage_gaps[0m [34;1mstrlangdir_construct[0m
2026-09-10T18:21:54.6221130Z [32;1m        PASS[0m [   0.021s] ( 501/2877) [35;1msparq-engine::coverage_gaps[0m [34;1mstrstarts_match[0m
2026-09-10T18:21:54.6447374Z [32;1m        PASS[0m [   0.024s] ( 502/2877) [35;1msparq-engine::coverage_gaps[0m [34;1mtimezone_zero_offset[0m
2026-09-10T18:21:54.6489309Z [32;1m        PASS[0m [   0.029s] ( 503/2877) [35;1msparq-engine::coverage_gaps[0m [34;1mtimezone_no_timezone_error[0m
2026-09-10T18:21:54.6566085Z [32;1m        PASS[0m [   0.012s] ( 504/2877) [35;1msparq-engine::coverage_gaps[0m [34;1mtz_no_timezone[0m
2026-09-10T18:21:54.6667168Z [32;1m        PASS[0m [   0.020s] ( 505/2877) [35;1msparq-engine::coverage_gaps[0m [34;1mupdate_clear_all_empties_all_graphs[0m
2026-09-10T18:21:54.6789469Z [32;1m        PASS[0m [   0.010s] ( 506/2877) [35;1msparq-engine::coverage_gaps[0m [34;1mupdate_immutable_drop_default_covers_apply_op_default_arm[0m
2026-09-10T18:21:54.6810345Z [32;1m        PASS[0m [   0.022s] ( 507/2877) [35;1msparq-engine::coverage_gaps[0m [34;1mupdate_drop_default_clears_default_graph[0m
2026-09-10T18:21:54.7029105Z [32;1m        PASS[0m [   0.024s] ( 508/2877) [35;1msparq-engine::coverage_gaps[0m [34;1mxsd_boolean_from_bool[0m
2026-09-10T18:21:54.7079283Z [32;1m        PASS[0m [   0.022s] ( 509/2877) [35;1msparq-engine::coverage_gaps[0m [34;1mxsd_boolean_from_invalid_string[0m
2026-09-10T18:21:54.7219422Z [32;1m        PASS[0m [   0.017s] ( 510/2877) [35;1msparq-engine::coverage_gaps[0m [34;1mxsd_boolean_from_string[0m
2026-09-10T18:21:54.7409229Z [32;1m        PASS[0m [   0.036s] ( 511/2877) [35;1msparq-engine::coverage_gaps[0m [34;1mxsd_datetime_from_string[0m
2026-09-10T18:21:54.7459221Z [32;1m        PASS[0m [   0.022s] ( 512/2877) [35;1msparq-engine::coverage_gaps[0m [34;1mxsd_decimal_from_float[0m
2026-09-10T18:21:54.7630496Z [32;1m        PASS[0m [   0.024s] ( 513/2877) [35;1msparq-engine::coverage_gaps[0m [34;1mxsd_decimal_from_integer_string[0m
2026-09-10T18:21:54.7676852Z [32;1m        PASS[0m [   0.028s] ( 514/2877) [35;1msparq-engine::coverage_gaps[0m [34;1mxsd_double_from_bool[0m
2026-09-10T18:21:54.7782873Z [32;1m        PASS[0m [   0.017s] ( 515/2877) [35;1msparq-engine::coverage_gaps[0m [34;1mxsd_double_from_integer_nonzero[0m
2026-09-10T18:21:54.7816557Z [32;1m        PASS[0m [   0.014s] ( 516/2877) [35;1msparq-engine::coverage_gaps[0m [34;1mxsd_double_from_string_sci[0m
2026-09-10T18:21:54.8014873Z [32;1m        PASS[0m [   0.015s] ( 517/2877) [35;1msparq-engine::coverage_gaps[0m [34;1mxsd_float_from_integer_nonzero[0m
2026-09-10T18:21:54.8099342Z [32;1m        PASS[0m [   0.013s] ( 518/2877) [35;1msparq-engine::coverage_gaps[0m [34;1mxsd_integer_from_bool[0m
2026-09-10T18:21:54.8111535Z [32;1m        PASS[0m [   0.011s] ( 519/2877) [35;1msparq-engine::coverage_gaps[0m [34;1mxsd_string_from_bool[0m
2026-09-10T18:21:54.8169510Z [32;1m        PASS[0m [   0.016s] ( 520/2877) [35;1msparq-engine::coverage_gaps[0m [34;1mxsd_integer_from_infinite_float[0m
2026-09-10T18:21:54.8239330Z [32;1m        PASS[0m [   0.013s] ( 521/2877) [35;1msparq-engine::coverage_gaps[0m [34;1mxsd_string_from_integer[0m
2026-09-10T18:21:54.8279292Z [32;1m        PASS[0m [   0.019s] ( 522/2877) [35;1msparq-engine::coverage_gaps[0m [34;1mxsd_string_from_double[0m
2026-09-10T18:21:54.8740069Z [32;1m        PASS[0m [   0.051s] ( 523/2877) [35;1msparq-engine::differentials[0m [36msemijoin_differential[0m[36m::[0m[34;1mrepeated_var_pattern_matches_brute_force[0m
2026-09-10T18:21:54.8852720Z [32;1m        PASS[0m [   0.012s] ( 524/2877) [35;1msparq-engine::differentials[0m [36myannakakis_differential[0m[36m::[0m[34;1mdisjoint_join_is_empty_both_ways[0m
2026-09-10T18:21:54.8950970Z [32;1m        PASS[0m [   0.067s] ( 525/2877) [35;1msparq-engine::differentials[0m [36msemijoin_differential[0m[36m::[0m[34;1mstar_join_matches_brute_force[0m
2026-09-10T18:21:55.7267818Z [32;1m        PASS[0m [   1.927s] ( 526/2877) [35;1msparq-engine::ask_early_exit[0m [34;1mask_q12a_shape_matches_select_oracle[0m
2026-09-10T18:21:55.7364706Z [32;1m        PASS[0m [   0.010s] ( 527/2877) [35;1msparq-engine::differentials[0m [36mzk_trace_operators[0m[36m::[0m[34;1mbgp_single_pattern_exact_set[0m
2026-09-10T18:21:55.7480111Z [32;1m        PASS[0m [   0.009s] ( 528/2877) [35;1msparq-engine::differentials[0m [36mzk_trace_operators[0m[36m::[0m[34;1mfilter_records_obligation_with_verdicts[0m
2026-09-10T18:21:55.7569807Z [32;1m        PASS[0m [   0.009s] ( 529/2877) [35;1msparq-engine::differentials[0m [36mzk_trace_operators[0m[36m::[0m[34;1mgroup_aggregation_records_pre_aggregation_input[0m
2026-09-10T18:21:55.7631862Z [32;1m        PASS[0m [   0.009s] ( 530/2877) [35;1msparq-engine::differentials[0m [36mzk_trace_operators[0m[36m::[0m[34;1moptional_records_boundary_and_both_sides[0m
2026-09-10T18:21:55.7728575Z [32;1m        PASS[0m [   0.009s] ( 531/2877) [35;1msparq-engine::differentials[0m [36mzk_trace_operators[0m[36m::[0m[34;1munion_records_boundary_and_both_branches[0m
2026-09-10T18:21:55.8141070Z [32;1m        PASS[0m [   0.041s] ( 532/2877) [35;1msparq-engine::distinct_pushdown[0m [34;1mempty_result_equivalence[0m
2026-09-10T18:21:55.8379506Z [32;1m        PASS[0m [   0.021s] ( 533/2877) [35;1msparq-engine::distinct_pushdown[0m [34;1mmulti_var_projection_fallback[0m
2026-09-10T18:21:55.9502830Z [32;1m        PASS[0m [   0.115s] ( 534/2877) [35;1msparq-engine::distinct_pushdown[0m [34;1mq09_shape_anti_vacuity[0m
2026-09-10T18:21:57.1001293Z [32;1m        PASS[0m [   1.149s] ( 535/2877) [35;1msparq-engine::distinct_pushdown[0m [34;1mrandomized_differential_both_strategies[0m
2026-09-10T18:21:57.1376356Z [32;1m        PASS[0m [   0.037s] ( 536/2877) [35;1msparq-engine::distinct_pushdown[0m [34;1mslice_over_distinct_preserved[0m
2026-09-10T18:21:57.1935723Z [32;1m        PASS[0m [   0.056s] ( 537/2877) [35;1msparq-engine::dp_default[0m [34;1mdefault_on_fires_for_multi_pattern_bgp[0m
2026-09-10T18:21:57.2056174Z [32;1m        PASS[0m [   0.012s] ( 538/2877) [35;1msparq-engine::dp_default[0m [34;1mwithout_dp_planner_gives_same_results[0m
2026-09-10T18:21:57.2487301Z [32;1m        PASS[0m [   0.043s] ( 539/2877) [35;1msparq-engine::eval_semantics[0m [36maggregate_error_in_group[0m[36m::[0m[34;1mcount_with_non_numeric_member_counts_bound_members[0m
2026-09-10T18:21:57.2596482Z [32;1m        PASS[0m [   0.011s] ( 540/2877) [35;1msparq-engine::eval_semantics[0m [36maggregate_mixed_numeric[0m[36m::[0m[34;1mavg_all_integers_is_decimal_quotient[0m
2026-09-10T18:21:57.2687292Z [32;1m        PASS[0m [   0.009s] ( 541/2877) [35;1msparq-engine::eval_semantics[0m [36maggregate_mixed_numeric[0m[36m::[0m[34;1msum_int_plus_double_is_double[0m
2026-09-10T18:21:57.2800162Z [32;1m        PASS[0m [   0.011s] ( 542/2877) [35;1msparq-engine::eval_semantics[0m [36mcount_distinct[0m[36m::[0m[34;1mcount_star_distinct_counts_distinct_solution_rows[0m
2026-09-10T18:21:57.2939281Z [32;1m        PASS[0m [   0.013s] ( 543/2877) [35;1msparq-engine::eval_semantics[0m [36mdp_planner_result_equivalence[0m[36m::[0m[34;1mgreedy_planner_star_correctness[0m
2026-09-10T18:21:57.3050545Z [32;1m        PASS[0m [   0.011s] ( 544/2877) [35;1msparq-engine::eval_semantics[0m [36mfilter_three_valued_logic[0m[36m::[0m[34;1mfilter_not_of_type_error_is_still_error_drops_rows[0m
2026-09-10T18:21:57.3209448Z [32;1m        PASS[0m [   0.016s] ( 545/2877) [35;1msparq-engine::eval_semantics[0m [36mfilter_three_valued_logic[0m[36m::[0m[34;1mfilter_strlen_of_integer_drops_rows[0m
2026-09-10T18:21:57.3420680Z [32;1m        PASS[0m [   0.022s] ( 546/2877) [35;1msparq-engine::eval_semantics[0m [36mhaving_clause[0m[36m::[0m[34;1mhaving_filters_groups_by_aggregate_value[0m
2026-09-10T18:21:57.3585352Z [32;1m        PASS[0m [   0.014s] ( 547/2877) [35;1msparq-engine::eval_semantics[0m [36mminus_scoping[0m[36m::[0m[34;1mminus_disjoint_domains_is_noop[0m
2026-09-10T18:21:57.3711378Z [32;1m        PASS[0m [   0.014s] ( 548/2877) [35;1msparq-engine::eval_semantics[0m [36mminus_scoping[0m[36m::[0m[34;1mminus_unbound_left_variable_is_not_removed_by_bound_right[0m
2026-09-10T18:21:57.3840361Z [32;1m        PASS[0m [   0.011s] ( 549/2877) [35;1msparq-engine::eval_semantics[0m [36mnumeric_fast_slow_path_agreement[0m[36m::[0m[34;1mmutation_witness_datatype_aware_cache_excludes_integer_fraction[0m
2026-09-10T18:21:57.4434669Z [32;1m        PASS[0m [   0.061s] ( 550/2877) [35;1msparq-engine::eval_semantics[0m [36mnumeric_fast_slow_path_agreement[0m[36m::[0m[34;1mwellformed_lexicals_pass_relational_and_equality_on_both_paths[0m
2026-09-10T18:21:57.4627642Z [32;1m        PASS[0m [   0.019s] ( 551/2877) [35;1msparq-engine::eval_semantics[0m [36moptional_scoping[0m[36m::[0m[34;1moptional_compat_scan_with_unbound_left_key[0m
2026-09-10T18:21:57.4779959Z [32;1m        PASS[0m [   0.013s] ( 552/2877) [35;1msparq-engine::eval_semantics[0m [36moptional_scoping[0m[36m::[0m[34;1moptional_multiple_right_rows_produce_combinations[0m
2026-09-10T18:21:57.4853971Z [32;1m        PASS[0m [   0.009s] ( 553/2877) [35;1msparq-engine::eval_semantics[0m [36morder_by_type_boundary[0m[36m::[0m[34;1morder_by_unbound_sorts_first_in_asc[0m
2026-09-10T18:21:57.4976239Z [32;1m        PASS[0m [   0.010s] ( 554/2877) [35;1msparq-engine::eval_semantics[0m [36msample_and_group_concat[0m[36m::[0m[34;1mmin_max_over_string_literals[0m
2026-09-10T18:21:57.5028588Z [32;1m        PASS[0m [   0.008s] ( 555/2877) [35;1msparq-engine::eval_semantics[0m [36msubselect_and_union[0m[36m::[0m[34;1msubselect_with_limit_caps_rows[0m
2026-09-10T18:21:57.5160205Z [32;1m        PASS[0m [   0.012s] ( 556/2877) [35;1msparq-engine::eval_semantics[0m [36mtype_error_builtins[0m[36m::[0m[34;1mnot_isiri_of_unbound_is_error_drops_row[0m
2026-09-10T18:21:57.5282956Z [32;1m        PASS[0m [   0.010s] ( 557/2877) [35;1msparq-engine::eval_semantics[0m [36mtype_error_builtins[0m[36m::[0m[34;1mstr_on_defined_domains_unchanged[0m
2026-09-10T18:21:57.5339588Z [32;1m        PASS[0m [   0.009s] ( 558/2877) [35;1msparq-engine::eval_semantics[0m [36mvalues_inline[0m[36m::[0m[34;1mvalues_join_with_bgp[0m
2026-09-10T18:21:57.6004088Z [32;1m        PASS[0m [   0.066s] ( 559/2877) [35;1msparq-engine::federation_features[0m [36mservice_bound_join[0m[36m::[0m[34;1mbound_join_empty_left_side_yields_empty[0m
2026-09-10T18:21:57.6232964Z [32;1m        PASS[0m [   0.024s] ( 560/2877) [35;1msparq-engine::federation_features[0m [36mservice_bound_join[0m[36m::[0m[34;1mbound_join_results_match_and_restrict_remote[0m
2026-09-10T18:21:57.6360184Z [32;1m        PASS[0m [   0.012s] ( 561/2877) [35;1msparq-engine::federation_features[0m [36mservice_federation[0m[36m::[0m[34;1mservice_join_restricts_to_overlapping_subject[0m
2026-09-10T18:21:57.6490341Z [32;1m        PASS[0m [   0.013s] ( 562/2877) [35;1msparq-engine::federation_features[0m [36mservice_federation[0m[36m::[0m[34;1mservice_returns_and_joins_remote_solutions[0m
2026-09-10T18:21:59.4196115Z [32;1m        PASS[0m [   1.770s] ( 563/2877) [35;1msparq-engine::federation_features[0m [36mservice_stream_bounded[0m[36m::[0m[34;1mlarge_service_result_consumption_is_bounded_by_the_body_not_the_relation[0m
2026-09-10T18:21:59.4673442Z [32;1m        PASS[0m [   0.047s] ( 564/2877) [35;1msparq-engine::orderby_limit_zero[0m [34;1morder_by_limit_zero_is_empty_not_panic[0m
2026-09-10T18:21:59.7559841Z [32;1m        PASS[0m [   0.289s] ( 565/2877) [35;1msparq-engine::proptest_eval[0m [34;1mfamily1_engine_matches_naive_reference[0m
2026-09-10T18:21:59.7680569Z [32;1m        PASS[0m [   0.011s] ( 566/2877) [35;1msparq-engine::proptest_eval[0m [34;1mfmt_double_oracle_matches_engine_rules[0m
2026-09-10T18:21:59.7776877Z [32;1m        PASS[0m [   0.011s] ( 567/2877) [35;1msparq-engine::proptest_eval[0m [34;1moracle_known_answer_computed_double[0m
2026-09-10T18:21:59.7877098Z [32;1m        PASS[0m [   0.010s] ( 568/2877) [35;1msparq-engine::proptest_eval[0m [34;1moracle_known_answer_optional[0m
2026-09-10T18:21:59.7962679Z [32;1m        PASS[0m [   0.008s] ( 569/2877) [35;1msparq-engine::proptest_eval[0m [34;1mparse_rendered_roundtrips_every_generated_shape[0m
2026-09-10T18:21:59.8434434Z [32;1m        PASS[0m [   0.047s] ( 570/2877) [35;1msparq-engine::query_features[0m [36mdataset_view[0m[36m::[0m[34;1mdataset_clause_intersects_with_view[0m
2026-09-10T18:21:59.8556428Z [32;1m        PASS[0m [   0.012s] ( 571/2877) [35;1msparq-engine::query_features[0m [36mdataset_view[0m[36m::[0m[34;1mgraph_var_enumerates_only_visible_graphs[0m
2026-09-10T18:22:00.4419944Z [32;1m        PASS[0m [   0.584s] ( 572/2877) [35;1msparq-engine::query_features[0m [36mdp_planner_differential[0m[36m::[0m[34;1mchain_join_matches_brute_force[0m
2026-09-10T18:22:00.4518566Z [32;1m        PASS[0m [   0.011s] ( 573/2877) [35;1msparq-engine::query_features[0m [36mdp_planner_differential[0m[36m::[0m[34;1mempty_result_matches_brute_force[0m
2026-09-10T18:22:00.4632688Z [32;1m        PASS[0m [   0.011s] ( 574/2877) [35;1msparq-engine::query_features[0m [36mdp_planner_differential[0m[36m::[0m[34;1mrepeated_variable_pattern_matches_brute_force[0m
2026-09-10T18:22:00.5107635Z [32;1m        PASS[0m [   0.048s] ( 575/2877) [35;1msparq-engine::query_features[0m [36mparse_recursion_depth[0m[36m::[0m[34;1mbody_cap_nested_expressions_is_clean_err_not_overflow[0m
2026-09-10T18:22:00.5251262Z [32;1m        PASS[0m [   0.013s] ( 576/2877) [35;1msparq-engine::query_features[0m [36mparse_recursion_depth[0m[36m::[0m[34;1mpast_cap_depth_reports_too_deeply_nested[0m
2026-09-10T18:22:00.5383889Z [32;1m        PASS[0m [   0.015s] ( 577/2877) [35;1msparq-engine::query_features[0m [36mprepared[0m[36m::[0m[34;1mprepared_respects_dataset_clause_and_budget[0m
2026-09-10T18:22:00.5477587Z [32;1m        PASS[0m [   0.010s] ( 578/2877) [35;1msparq-engine::query_features[0m [36mrdfstar_write[0m[36m::[0m[34;1mconstruct_builds_triple_term_object[0m
2026-09-10T18:22:00.5575734Z [32;1m        PASS[0m [   0.010s] ( 579/2877) [35;1msparq-engine::query_features[0m [36mrdfstar_write[0m[36m::[0m[34;1mdelete_insert_where_rewrites_a_reified_statement[0m
2026-09-10T18:22:00.5667849Z [32;1m        PASS[0m [   0.009s] ( 580/2877) [35;1msparq-engine::query_features[0m [36mrdfstar_write[0m[36m::[0m[34;1mdir_langstring_survives_insert_data_and_construct[0m
2026-09-10T18:22:00.5789797Z [32;1m        PASS[0m [   0.009s] ( 581/2877) [35;1msparq-engine::query_features[0m [36mrdfstar_write[0m[36m::[0m[34;1minsert_data_triple_term_object_roundtrips[0m
2026-09-10T18:22:00.5862869Z [32;1m        PASS[0m [   0.010s] ( 582/2877) [35;1msparq-engine::query_features[0m [36mrdfstar_write[0m[36m::[0m[34;1mreifier_syntax_parses_to_rdf_reifies_and_roundtrips[0m
2026-09-10T18:22:00.6323323Z [32;1m        PASS[0m [   0.044s] ( 583/2877) [35;1msparq-engine::rewrite_pass[0m [34;1mliteral_equality_is_not_rewritten[0m
2026-09-10T18:22:00.6415584Z [32;1m        PASS[0m [   0.010s] ( 584/2877) [35;1msparq-engine::rewrite_pass[0m [34;1mq07_antijoin_result_equivalent[0m
2026-09-10T18:22:00.6857689Z [32;1m        PASS[0m [   0.045s] ( 585/2877) [35;1msparq-engine::sargable_decimal_precision[0m [34;1mhigh_precision_decimal_equality_does_not_match_integer[0m
2026-09-10T18:22:00.7006704Z [32;1m        PASS[0m [   0.015s] ( 586/2877) [35;1msparq-engine::sargable_decimal_precision[0m [34;1mordinary_decimals_still_use_fast_path_correctly[0m
2026-09-10T18:22:00.7630266Z [32;1m        PASS[0m [   0.060s] ( 587/2877) [35;1msparq-engine::sip_join[0m [34;1mminus_fallback[0m
2026-09-10T18:22:00.7716920Z [32;1m        PASS[0m [   0.010s] ( 588/2877) [35;1msparq-engine::sip_join[0m [34;1moptional_inside_union_fallback[0m
2026-09-10T18:22:00.8382262Z [32;1m        PASS[0m [   0.066s] ( 589/2877) [35;1msparq-engine::sip_join[0m [34;1mq08_shape_equivalence[0m
2026-09-10T18:22:01.0209229Z [32;1m        PASS[0m [   0.182s] ( 590/2877) [35;1msparq-engine::storage[0m [36mcompressed_build_differential[0m[36m::[0m[34;1mone_pass_compressed_build_is_byte_identical_to_build_then_recompress[0m
2026-09-10T18:22:01.1367135Z [32;1m        PASS[0m [   0.115s] ( 591/2877) [35;1msparq-engine::storage[0m [36mdict_consolidation_differential[0m[36m::[0m[34;1msharded_in_memory_dict_supports_lookup_after_load[0m
2026-09-10T18:22:01.5753263Z [32;1m        PASS[0m [   0.438s] ( 592/2877) [35;1msparq-engine::storage[0m [36mdict_spill_differential[0m[36m::[0m[34;1mspilled_dict_build_is_byte_identical_to_sharded[0m
2026-09-10T18:22:01.5980110Z [32;1m        PASS[0m [   0.021s] ( 593/2877) [35;1msparq-engine::storage[0m [36mnamed_graph_durable_clear_drop[0m[36m::[0m[34;1mclear_all_then_drop_all_named_are_durable[0m
2026-09-10T18:22:01.6190067Z [32;1m        PASS[0m [   0.023s] ( 594/2877) [35;1msparq-engine::storage[0m [36mnamed_graph_durable_clear_drop[0m[36m::[0m[34;1mdrop_middle_named_graph_renumbers_and_survives_restart[0m
2026-09-10T18:22:01.6458459Z [32;1m        PASS[0m [   0.027s] ( 595/2877) [35;1msparq-engine::storage[0m [36mnamed_graph_persistence[0m[36m::[0m[34;1mgraph_query_survives_save_open_roundtrip[0m
2026-09-10T18:22:01.9000173Z [32;1m        PASS[0m [   0.253s] ( 596/2877) [35;1msparq-engine::stream_pipeline_equivalence[0m [34;1mq04_class_result_is_genuinely_multi_chunk_under_64kib[0m
2026-09-10T18:22:02.0481908Z [32;1m        PASS[0m [   0.147s] ( 597/2877) [35;1msparq-engine::theta_antijoin[0m [34;1marmed_but_unexhausted_budget_does_not_perturb_the_hash_strategy[0m
2026-09-10T18:22:02.0582986Z [32;1m        PASS[0m [   0.012s] ( 598/2877) [35;1msparq-engine::theta_antijoin[0m [34;1mdecline_nb_in_left[0m
2026-09-10T18:22:02.0789670Z [32;1m        PASS[0m [   0.019s] ( 599/2877) [35;1msparq-engine::theta_antijoin[0m [34;1min_single_var_correlation_equivalence_and_fires[0m
2026-09-10T18:22:02.0987286Z [32;1m        PASS[0m [   0.022s] ( 600/2877) [35;1msparq-engine::theta_antijoin[0m [34;1mnested_optional_equivalence[0m
2026-09-10T18:22:02.1140205Z [32;1m        PASS[0m [   0.013s] ( 601/2877) [35;1msparq-engine::theta_antijoin[0m [34;1mpartially_bound_shared_var_fill_through[0m
2026-09-10T18:22:02.1289593Z [32;1m        PASS[0m [   0.016s] ( 602/2877) [35;1msparq-engine::theta_antijoin[0m [34;1mq06_shape_equivalence[0m
2026-09-10T18:22:02.2594631Z [32;1m        PASS[0m [   0.132s] ( 603/2877) [35;1msparq-engine::theta_antijoin[0m [34;1msameterm_literal_hash_path_equivalence[0m
2026-09-10T18:22:02.2720369Z [32;1m        PASS[0m [   0.011s] ( 604/2877) [35;1msparq-engine::theta_antijoin[0m [34;1mtheta_type_error_survives[0m
2026-09-10T18:22:02.3126851Z [32;1m        PASS[0m [   0.043s] ( 605/2877) [35;1msparq-engine::topk_orderby[0m [34;1mdistinct_keys[0m
2026-09-10T18:22:02.3299486Z [32;1m        PASS[0m [   0.015s] ( 606/2877) [35;1msparq-engine::topk_orderby[0m [34;1miri_column[0m
2026-09-10T18:22:02.4349401Z [32;1m        PASS[0m [   0.107s] ( 607/2877) [35;1msparq-engine::topk_orderby[0m [34;1mk_over_threshold[0m
2026-09-10T18:22:02.4479323Z [32;1m        PASS[0m [   0.013s] ( 608/2877) [35;1msparq-engine::topk_orderby[0m [34;1mmulti_key_order_by[0m
2026-09-10T18:22:02.4639300Z [32;1m        PASS[0m [   0.014s] ( 609/2877) [35;1msparq-engine::topk_orderby[0m [34;1moffset_lands_on_boundary[0m
2026-09-10T18:22:02.4847403Z [32;1m        PASS[0m [   0.023s] ( 610/2877) [35;1msparq-engine-serialize[0m [36mserialize::frame::tests[0m[36m::[0m[34;1mcircular_reference_terminates[0m
2026-09-10T18:22:02.4938311Z [32;1m        PASS[0m [   0.008s] ( 611/2877) [35;1msparq-engine-serialize[0m [36mserialize::frame::tests[0m[36m::[0m[34;1mdefault_null_emits_preserve_null[0m
2026-09-10T18:22:02.5013985Z [32;1m        PASS[0m [   0.008s] ( 612/2877) [35;1msparq-engine-serialize[0m [36mserialize::frame::tests[0m[36m::[0m[34;1membed_never_emits_node_reference[0m
2026-09-10T18:22:02.5196711Z [32;1m        PASS[0m [   0.018s] ( 613/2877) [35;1msparq-engine-serialize[0m [36mserialize::frame::tests[0m[36m::[0m[34;1mlist_framing_preserves_list_wrapper[0m
2026-09-10T18:22:02.5280299Z [32;1m        PASS[0m [   0.007s] ( 614/2877) [35;1msparq-engine-serialize[0m [36mserialize::frame::tests[0m[36m::[0m[34;1mno_match_yields_empty_graph[0m
2026-09-10T18:22:02.5354683Z [32;1m        PASS[0m [   0.009s] ( 615/2877) [35;1msparq-engine-serialize[0m [36mserialize::frame::tests[0m[36m::[0m[34;1mrequire_all_false_disjoins_to_two_roots_with_preserve_null[0m
2026-09-10T18:22:02.5464890Z [32;1m        PASS[0m [   0.011s] ( 616/2877) [35;1msparq-engine-serialize[0m [36mserialize::frame::tests[0m[36m::[0m[34;1mtype_frame_embeds_referenced_node[0m
2026-09-10T18:22:02.5539735Z [32;1m        PASS[0m [   0.007s] ( 617/2877) [35;1msparq-engine-serialize[0m [36mserialize::frame::tests[0m[36m::[0m[34;1mtyped_literal_native_coercion[0m
2026-09-10T18:22:02.5648513Z [32;1m        PASS[0m [   0.010s] ( 618/2877) [35;1msparq-engine-serialize[0m [36mserialize::tests[0m[36m::[0m[34;1mblank_node_graph_name_in_trig[0m
2026-09-10T18:22:02.5844474Z [32;1m        PASS[0m [   0.020s] ( 619/2877) [35;1msparq-engine-serialize[0m [36mserialize::tests[0m[36m::[0m[34;1mcompact_container_list[0m
2026-09-10T18:22:02.5965926Z [32;1m        PASS[0m [   0.012s] ( 620/2877) [35;1msparq-engine-serialize[0m [36mserialize::tests[0m[36m::[0m[34;1mcompact_empty_context_is_expanded_graph[0m
2026-09-10T18:22:02.6079650Z [32;1m        PASS[0m [   0.009s] ( 621/2877) [35;1msparq-engine-serialize[0m [36mserialize::tests[0m[36m::[0m[34;1mcompact_iri_against_prefix[0m
2026-09-10T18:22:02.6201620Z [32;1m        PASS[0m [   0.015s] ( 622/2877) [35;1msparq-engine-serialize[0m [36mserialize::tests[0m[36m::[0m[34;1mcompact_language_container_keeps_nonlang_under_none[0m
2026-09-10T18:22:02.6302128Z [32;1m        PASS[0m [   0.010s] ( 623/2877) [35;1msparq-engine-serialize[0m [36mserialize::tests[0m[36m::[0m[34;1mcompact_language_nonstring_routes_to_separate_key[0m
2026-09-10T18:22:02.6384160Z [32;1m        PASS[0m [   0.008s] ( 624/2877) [35;1msparq-engine-serialize[0m [36mserialize::tests[0m[36m::[0m[34;1mcompact_node_compaction_nested[0m
2026-09-10T18:22:02.6471139Z [32;1m        PASS[0m [   0.009s] ( 625/2877) [35;1msparq-engine-serialize[0m [36mserialize::tests[0m[36m::[0m[34;1mcompact_reverse_term_as_forward_member_not_block[0m
2026-09-10T18:22:02.6609842Z [32;1m        PASS[0m [   0.011s] ( 626/2877) [35;1msparq-engine-serialize[0m [36mserialize::tests[0m[36m::[0m[34;1mcompact_typeid_literal_kept_off_coerced_term[0m
2026-09-10T18:22:02.6669827Z [32;1m        PASS[0m [   0.008s] ( 627/2877) [35;1msparq-engine-serialize[0m [36mserialize::tests[0m[36m::[0m[34;1mcustom_prefix_map_abbreviates_example_org_and_uses_https_schema[0m
2026-09-10T18:22:02.6759535Z [32;1m        PASS[0m [   0.009s] ( 628/2877) [35;1msparq-engine-serialize[0m [36mserialize::tests[0m[36m::[0m[34;1mgraph_to_trig_pretty_round_trips[0m
2026-09-10T18:22:02.6849454Z [32;1m        PASS[0m [   0.007s] ( 629/2877) [35;1msparq-engine-serialize[0m [36mserialize::tests[0m[36m::[0m[34;1mjsonld_empty_graph[0m
2026-09-10T18:22:02.6939500Z [32;1m        PASS[0m [   0.010s] ( 630/2877) [35;1msparq-engine-serialize[0m [36mserialize::tests[0m[36m::[0m[34;1mjsonld_list_collapses_and_roundtrips[0m
2026-09-10T18:22:02.7029727Z [32;1m        PASS[0m [   0.010s] ( 631/2877) [35;1msparq-engine-serialize[0m [36mserialize::tests[0m[36m::[0m[34;1mjsonld_native_coercion_only_when_canonical[0m
2026-09-10T18:22:02.7119603Z [32;1m        PASS[0m [   0.007s] ( 632/2877) [35;1msparq-engine-serialize[0m [36mserialize::tests[0m[36m::[0m[34;1mjsonld_pretty_custom_indent[0m
2026-09-10T18:22:02.7179520Z [32;1m        PASS[0m [   0.008s] ( 633/2877) [35;1msparq-engine-serialize[0m [36mserialize::tests[0m[36m::[0m[34;1mjsonld_pretty_equiv_literals_and_lists[0m
2026-09-10T18:22:02.7269591Z [32;1m        PASS[0m [   0.007s] ( 634/2877) [35;1msparq-engine-serialize[0m [36mserialize::tests[0m[36m::[0m[34;1mjsonld_pretty_golden_expanded[0m
2026-09-10T18:22:02.7369605Z [32;1m        PASS[0m [   0.012s] ( 635/2877) [35;1msparq-engine-serialize[0m [36mserialize::tests[0m[36m::[0m[34;1mjsonld_roundtrip_blank_nodes[0m
2026-09-10T18:22:02.7630290Z [32;1m        PASS[0m [   0.026s] ( 636/2877) [35;1msparq-engine-serialize[0m [36mserialize::tests[0m[36m::[0m[34;1mjsonld_roundtrip_named_graphs[0m
2026-09-10T18:22:02.7711160Z [32;1m        PASS[0m [   0.008s] ( 637/2877) [35;1msparq-engine-serialize[0m [36mserialize::tests[0m[36m::[0m[34;1mnquads_default_graph_has_no_fourth_column[0m
2026-09-10T18:22:02.7776358Z [32;1m        PASS[0m [   0.006s] ( 638/2877) [35;1msparq-engine-serialize[0m [36mserialize::tests[0m[36m::[0m[34;1mparse_context_json_rejects_non_object[0m
2026-09-10T18:22:02.7837568Z [32;1m        PASS[0m [   0.006s] ( 639/2877) [35;1msparq-engine-serialize[0m [36mserialize::tests[0m[36m::[0m[34;1mpn_local_fallback_is_correct[0m
2026-09-10T18:22:02.7915169Z [32;1m        PASS[0m [   0.008s] ( 640/2877) [35;1msparq-engine-serialize[0m [36mserialize::tests[0m[36m::[0m[34;1mpretty_empty_graph_is_empty_string[0m
2026-09-10T18:22:02.8099804Z [32;1m        PASS[0m [   0.018s] ( 641/2877) [35;1msparq-engine-serialize[0m [36mserialize::tests[0m[36m::[0m[34;1mpretty_ordering_is_emission_independent[0m
2026-09-10T18:22:02.8206575Z [32;1m        PASS[0m [   0.011s] ( 642/2877) [35;1msparq-engine-serialize[0m [36mserialize::tests[0m[36m::[0m[34;1mroundtrip_basic_prefixed[0m
2026-09-10T18:22:02.8379984Z [32;1m        PASS[0m [   0.015s] ( 643/2877) [35;1msparq-engine-serialize[0m [36mserialize::tests[0m[36m::[0m[34;1mroundtrip_language_and_datatypes[0m
2026-09-10T18:22:02.8469857Z [32;1m        PASS[0m [   0.010s] ( 644/2877) [35;1msparq-engine-serialize[0m [36mserialize::tests[0m[36m::[0m[34;1mroundtrip_rdf12_triple_term[0m
2026-09-10T18:22:02.8611312Z [32;1m        PASS[0m [   0.015s] ( 645/2877) [35;1msparq-engine-serialize[0m [36mserialize::tests[0m[36m::[0m[34;1mturtle_uses_a_and_prefixes_and_drops_unused[0m
2026-09-10T18:22:02.8685672Z [32;1m        PASS[0m [   0.007s] ( 646/2877) [35;1msparq-engine-serialize[0m [36mserialize::tests[0m[36m::[0m[34;1mwrite_term_full_triple_term[0m
2026-09-10T18:22:02.8890604Z [32;1m        PASS[0m [   0.020s] ( 647/2877) [35;1msparq-engine-serialize::empty_graphs[0m [34;1mempty_nquads_round_trips[0m
2026-09-10T18:22:02.9711177Z [32;1m        PASS[0m [   0.080s] ( 648/2877) [35;1msparq-engine-serialize::empty_graphs[0m [34;1misomorphism_assertion_rejects_a_stray_expected_triple[0m
2026-09-10T18:22:02.9811116Z [32;1m        PASS[0m [   0.011s] ( 649/2877) [35;1msparq-engine-service[0m [36mservice::tests[0m[36m::[0m[34;1mallowlist_entry_permits_is_the_shared_per_entry_rule[0m
2026-09-10T18:22:02.9890390Z [32;1m        PASS[0m [   0.007s] ( 650/2877) [35;1msparq-engine-service[0m [36mservice::tests[0m[36m::[0m[34;1mbare_ipv6_entry_is_host_level_not_port_amputated[0m
2026-09-10T18:22:02.9954632Z [32;1m        PASS[0m [   0.006s] ( 651/2877) [35;1msparq-engine-service[0m [36mservice::tests[0m[36m::[0m[34;1mcgnat_and_broadcast_are_forbidden[0m
2026-09-10T18:22:03.0052694Z [32;1m        PASS[0m [   0.009s] ( 652/2877) [35;1msparq-engine-service[0m [36mservice::tests[0m[36m::[0m[34;1meval_remote_handles_xml_endpoint[0m
2026-09-10T18:22:03.0127938Z [32;1m        PASS[0m [   0.008s] ( 653/2877) [35;1msparq-engine-service[0m [36mservice::tests[0m[36m::[0m[34;1mhost_level_entry_permits_all_ports_backward_compat[0m
2026-09-10T18:22:03.0209627Z [32;1m        PASS[0m [   0.006s] ( 654/2877) [35;1msparq-engine-service[0m [36mservice::tests[0m[36m::[0m[34;1mhttp_transport_timeout_tracks_budget[0m
2026-09-10T18:22:03.0256604Z [32;1m        PASS[0m [   0.006s] ( 655/2877) [35;1msparq-engine-service[0m [36mservice::tests[0m[36m::[0m[34;1mlink_local_and_cloud_metadata_are_forbidden[0m
2026-09-10T18:22:03.0353273Z [32;1m        PASS[0m [   0.009s] ( 656/2877) [35;1msparq-engine-service[0m [36mservice::tests[0m[36m::[0m[34;1mmalformed_port_in_entry_fails_closed[0m
2026-09-10T18:22:03.0434017Z [32;1m        PASS[0m [   0.007s] ( 657/2877) [35;1msparq-engine-service[0m [36mservice::tests[0m[36m::[0m[34;1mparse_results_collecting_wrapper_delivers_rows[0m
2026-09-10T18:22:03.0502378Z [32;1m        PASS[0m [   0.006s] ( 658/2877) [35;1msparq-engine-service[0m [36mservice::tests[0m[36m::[0m[34;1mparse_srx_bad_variable_name_is_error[0m
2026-09-10T18:22:03.0564679Z [32;1m        PASS[0m [   0.008s] ( 659/2877) [35;1msparq-engine-service[0m [36mservice::tests[0m[36m::[0m[34;1mparse_srx_into_read_cdata_section[0m
2026-09-10T18:22:03.0649719Z [32;1m        PASS[0m [   0.008s] ( 660/2877) [35;1msparq-engine-service[0m [36mservice::tests[0m[36m::[0m[34;1mparse_srx_into_read_triple_term_roundtrip[0m
2026-09-10T18:22:03.0729857Z [32;1m        PASS[0m [   0.006s] ( 661/2877) [35;1msparq-engine-service[0m [36mservice::tests[0m[36m::[0m[34;1mparse_srx_triple_term_complete_roundtrip[0m
2026-09-10T18:22:03.0789543Z [32;1m        PASS[0m [   0.006s] ( 662/2877) [35;1msparq-engine-service[0m [36mservice::tests[0m[36m::[0m[34;1mport_scoped_entry_permits_exact_port_only[0m
2026-09-10T18:22:03.0840098Z [32;1m        PASS[0m [   0.006s] ( 663/2877) [35;1msparq-engine-service[0m [36mservice::tests[0m[36m::[0m[34;1mpushable_term_bnode_returns_false[0m
2026-09-10T18:22:03.0909863Z [32;1m        PASS[0m [   0.006s] ( 664/2877) [35;1msparq-engine-service[0m [36mservice::tests[0m[36m::[0m[34;1mrender_values_block_empty_tuples[0m
2026-09-10T18:22:03.0969550Z [32;1m        PASS[0m [   0.006s] ( 665/2877) [35;1msparq-engine-service[0m [36mservice::tests[0m[36m::[0m[34;1mrender_values_block_single_var_multi_tuple[0m
2026-09-10T18:22:03.1029889Z [32;1m        PASS[0m [   0.006s] ( 666/2877) [35;1msparq-engine-service[0m [36mservice::tests[0m[36m::[0m[34;1mresolve_xml_entity_hex_numeric_ref[0m
2026-09-10T18:22:03.1079690Z [32;1m        PASS[0m [   0.006s] ( 667/2877) [35;1msparq-engine-service[0m [36mservice::tests[0m[36m::[0m[34;1mresolve_xml_entity_predefined_named_entities[0m
2026-09-10T18:22:03.1149578Z [32;1m        PASS[0m [   0.007s] ( 668/2877) [35;1msparq-engine-service[0m [36mservice::tests::resolver[0m[36m::[0m[34;1mresolver_allows_public_endpoint[0m
2026-09-10T18:22:03.1219677Z [32;1m        PASS[0m [   0.006s] ( 669/2877) [35;1msparq-engine-service[0m [36mservice::tests::resolver[0m[36m::[0m[34;1mresolver_permits_allowlisted_private_endpoint[0m
2026-09-10T18:22:03.1280124Z [32;1m        PASS[0m [   0.006s] ( 670/2877) [35;1msparq-engine-service[0m [36mservice::tests::resolver[0m[36m::[0m[34;1mresolver_refuses_cloud_metadata_endpoint[0m
2026-09-10T18:22:03.1338995Z [32;1m        PASS[0m [   0.006s] ( 671/2877) [35;1msparq-engine-service[0m [36mservice::tests::resolver[0m[36m::[0m[34;1mstrict_empty_allowlist_denies_all[0m
2026-09-10T18:22:03.1399494Z [32;1m        PASS[0m [   0.006s] ( 672/2877) [35;1msparq-engine-service[0m [36mservice::tests[0m[36m::[0m[34;1mrfc1918_private_is_forbidden[0m
2026-09-10T18:22:03.1489677Z [32;1m        PASS[0m [   0.007s] ( 673/2877) [35;1msparq-engine-service[0m [36mservice::tests[0m[36m::[0m[34;1msrj_term_literal_missing_value_is_error[0m
2026-09-10T18:22:03.1531109Z [32;1m        PASS[0m [   0.006s] ( 674/2877) [35;1msparq-engine-service[0m [36mservice::tests[0m[36m::[0m[34;1msrx_ask_boolean_is_rejected[0m
2026-09-10T18:22:03.1659978Z [32;1m        PASS[0m [   0.010s] ( 675/2877) [35;1msparq-engine-service[0m [36mservice::tests[0m[36m::[0m[34;1msrx_parses_uri_and_literals[0m
2026-09-10T18:22:03.1749682Z [32;1m        PASS[0m [   0.008s] ( 676/2877) [35;1msparq-engine-service[0m [36mservice::tests[0m[36m::[0m[34;1msrx_unbound_variable_becomes_none[0m
2026-09-10T18:22:03.1803679Z [32;1m        PASS[0m [   0.007s] ( 677/2877) [35;1msparq-engine-service[0m [36mservice::tests::streaming_equivalence[0m[36m::[0m[34;1mequivalence_on_representative_and_boundary_documents[0m
2026-09-10T18:22:03.1872311Z [32;1m        PASS[0m [   0.007s] ( 678/2877) [35;1msparq-engine-service[0m [36mservice::tests::streaming_equivalence[0m[36m::[0m[34;1mparse_results_into_read_empty_body_is_error[0m
2026-09-10T18:22:03.1944647Z [32;1m        PASS[0m [   0.007s] ( 679/2877) [35;1msparq-engine-service[0m [36mservice::tests::streaming_equivalence[0m[36m::[0m[34;1mparse_results_into_read_sniffs_srx[0m
2026-09-10T18:22:03.2016869Z [32;1m        PASS[0m [   0.007s] ( 680/2877) [35;1msparq-engine-service[0m [36mservice::tests::streaming_equivalence[0m[36m::[0m[34;1mparse_srj_into_read_agrees_with_into_on_representative_doc[0m
2026-09-10T18:22:03.2139651Z [32;1m        PASS[0m [   0.010s] ( 681/2877) [35;1msparq-engine-service[0m [36mservice::tests::streaming_equivalence[0m[36m::[0m[34;1msrj_streams_rows_before_later_input_is_parsed[0m
2026-09-10T18:22:03.2199495Z [32;1m        PASS[0m [   0.007s] ( 682/2877) [35;1msparq-engine-service[0m [36mservice::tests[0m[36m::[0m[34;1mstrict_allowlist_only_mode_scopes_and_restores[0m
2026-09-10T18:22:03.2252048Z [32;1m        PASS[0m [   0.007s] ( 683/2877) [35;1msparq-engine-service[0m [36mservice::tests[0m[36m::[0m[34;1munbound_variable_becomes_none[0m
2026-09-10T18:22:03.2319733Z [32;1m        PASS[0m [   0.007s] ( 684/2877) [35;1msparq-engine-service[0m [36mservice::tests::uri_host_port_tests[0m[36m::[0m[34;1mempty_host_yields_none[0m
2026-09-10T18:22:03.2387692Z [32;1m        PASS[0m [   0.007s] ( 685/2877) [35;1msparq-engine-service[0m [36mservice::tests::uri_host_port_tests[0m[36m::[0m[34;1mhttps_no_port_defaults_to_443[0m
2026-09-10T18:22:03.2479635Z [32;1m        PASS[0m [   0.007s] ( 686/2877) [35;1msparq-engine-service[0m [36mservice::tests[0m[36m::[0m[34;1mwith_service_egress_allow_scopes_the_allowlist[0m
2026-09-10T18:22:03.2566790Z [32;1m        PASS[0m [   0.011s] ( 687/2877) [35;1msparq-engine-service::proptest_srj_srx[0m [36mservice::tests[0m[36m::[0m[34;1mallowlist_entry_permits_is_the_shared_per_entry_rule[0m
2026-09-10T18:22:03.2709450Z [32;1m        PASS[0m [   0.014s] ( 688/2877) [35;1msparq-engine-service::proptest_srj_srx[0m [36mservice::tests[0m[36m::[0m[34;1mbare_ipv6_entry_is_host_level_not_port_amputated[0m
2026-09-10T18:22:03.2820959Z [32;1m        PASS[0m [   0.011s] ( 689/2877) [35;1msparq-engine-service::proptest_srj_srx[0m [36mservice::tests[0m[36m::[0m[34;1mcgnat_and_broadcast_are_forbidden[0m
2026-09-10T18:22:03.2954759Z [32;1m        PASS[0m [   0.013s] ( 690/2877) [35;1msparq-engine-service::proptest_srj_srx[0m [36mservice::tests[0m[36m::[0m[34;1meval_remote_handles_xml_endpoint[0m
2026-09-10T18:22:03.3044983Z [32;1m        PASS[0m [   0.008s] ( 691/2877) [35;1msparq-engine-service::proptest_srj_srx[0m [36mservice::tests[0m[36m::[0m[34;1mhost_level_entry_permits_all_ports_backward_compat[0m
2026-09-10T18:22:03.3118655Z [32;1m        PASS[0m [   0.006s] ( 692/2877) [35;1msparq-engine-service::proptest_srj_srx[0m [36mservice::tests[0m[36m::[0m[34;1mhttp_transport_timeout_tracks_budget[0m
2026-09-10T18:22:03.3166266Z [32;1m        PASS[0m [   0.006s] ( 693/2877) [35;1msparq-engine-service::proptest_srj_srx[0m [36mservice::tests[0m[36m::[0m[34;1mlink_local_and_cloud_metadata_are_forbidden[0m
2026-09-10T18:22:03.3239525Z [32;1m        PASS[0m [   0.006s] ( 694/2877) [35;1msparq-engine-service::proptest_srj_srx[0m [36mservice::tests[0m[36m::[0m[34;1mmalformed_port_in_entry_fails_closed[0m
2026-09-10T18:22:03.3307683Z [32;1m        PASS[0m [   0.007s] ( 695/2877) [35;1msparq-engine-service::proptest_srj_srx[0m [36mservice::tests[0m[36m::[0m[34;1mparse_results_collecting_wrapper_delivers_rows[0m
2026-09-10T18:22:03.3412125Z [32;1m        PASS[0m [   0.009s] ( 696/2877) [35;1msparq-engine-service::proptest_srj_srx[0m [36mservice::tests[0m[36m::[0m[34;1mparse_srx_bad_variable_name_is_error[0m
2026-09-10T18:22:03.3510049Z [32;1m        PASS[0m [   0.012s] ( 697/2877) [35;1msparq-engine-service::proptest_srj_srx[0m [36mservice::tests[0m[36m::[0m[34;1mparse_srx_into_read_cdata_section[0m
2026-09-10T18:22:03.3600762Z [32;1m        PASS[0m [   0.008s] ( 698/2877) [35;1msparq-engine-service::proptest_srj_srx[0m [36mservice::tests[0m[36m::[0m[34;1mparse_srx_into_read_triple_term_roundtrip[0m
2026-09-10T18:22:03.3654864Z [32;1m        PASS[0m [   0.006s] ( 699/2877) [35;1msparq-engine-service::proptest_srj_srx[0m [36mservice::tests[0m[36m::[0m[34;1mparse_srx_triple_term_complete_roundtrip[0m
2026-09-10T18:22:03.3724501Z [32;1m        PASS[0m [   0.007s] ( 700/2877) [35;1msparq-engine-service::proptest_srj_srx[0m [36mservice::tests[0m[36m::[0m[34;1mport_scoped_entry_permits_exact_port_only[0m
2026-09-10T18:22:03.3801934Z [32;1m        PASS[0m [   0.006s] ( 701/2877) [35;1msparq-engine-service::proptest_srj_srx[0m [36mservice::tests[0m[36m::[0m[34;1mpushable_term_bnode_returns_false[0m
2026-09-10T18:22:03.3864595Z [32;1m        PASS[0m [   0.008s] ( 702/2877) [35;1msparq-engine-service::proptest_srj_srx[0m [36mservice::tests[0m[36m::[0m[34;1mrender_values_block_empty_tuples[0m
2026-09-10T18:22:03.3934802Z [32;1m        PASS[0m [   0.007s] ( 703/2877) [35;1msparq-engine-service::proptest_srj_srx[0m [36mservice::tests[0m[36m::[0m[34;1mrender_values_block_single_var_multi_tuple[0m
2026-09-10T18:22:03.4028630Z [32;1m        PASS[0m [   0.009s] ( 704/2877) [35;1msparq-engine-service::proptest_srj_srx[0m [36mservice::tests[0m[36m::[0m[34;1mresolve_xml_entity_hex_numeric_ref[0m
2026-09-10T18:22:03.4092207Z [32;1m        PASS[0m [   0.006s] ( 705/2877) [35;1msparq-engine-service::proptest_srj_srx[0m [36mservice::tests[0m[36m::[0m[34;1mresolve_xml_entity_predefined_named_entities[0m
2026-09-10T18:22:03.4191969Z [32;1m        PASS[0m [   0.008s] ( 706/2877) [35;1msparq-engine-service::proptest_srj_srx[0m [36mservice::tests::resolver[0m[36m::[0m[34;1mresolver_allows_public_endpoint[0m
2026-09-10T18:22:03.4242711Z [32;1m        PASS[0m [   0.007s] ( 707/2877) [35;1msparq-engine-service::proptest_srj_srx[0m [36mservice::tests::resolver[0m[36m::[0m[34;1mresolver_permits_allowlisted_private_endpoint[0m
2026-09-10T18:22:03.4337024Z [32;1m        PASS[0m [   0.008s] ( 708/2877) [35;1msparq-engine-service::proptest_srj_srx[0m [36mservice::tests::resolver[0m[36m::[0m[34;1mresolver_refuses_cloud_metadata_endpoint[0m
2026-09-10T18:22:03.4414875Z [32;1m        PASS[0m [   0.009s] ( 709/2877) [35;1msparq-engine-service::proptest_srj_srx[0m [36mservice::tests::resolver[0m[36m::[0m[34;1mstrict_empty_allowlist_denies_all[0m
2026-09-10T18:22:03.4494001Z [32;1m        PASS[0m [   0.006s] ( 710/2877) [35;1msparq-engine-service::proptest_srj_srx[0m [36mservice::tests[0m[36m::[0m[34;1mrfc1918_private_is_forbidden[0m
2026-09-10T18:22:03.4555780Z [32;1m        PASS[0m [   0.006s] ( 711/2877) [35;1msparq-engine-service::proptest_srj_srx[0m [36mservice::tests[0m[36m::[0m[34;1msrj_term_literal_missing_value_is_error[0m
2026-09-10T18:22:03.4612852Z [32;1m        PASS[0m [   0.007s] ( 712/2877) [35;1msparq-engine-service::proptest_srj_srx[0m [36mservice::tests[0m[36m::[0m[34;1msrx_ask_boolean_is_rejected[0m
2026-09-10T18:22:03.4700861Z [32;1m        PASS[0m [   0.006s] ( 713/2877) [35;1msparq-engine-service::proptest_srj_srx[0m [36mservice::tests[0m[36m::[0m[34;1msrx_parses_uri_and_literals[0m
2026-09-10T18:22:03.4732495Z [32;1m        PASS[0m [   0.005s] ( 714/2877) [35;1msparq-engine-service::proptest_srj_srx[0m [36mservice::tests[0m[36m::[0m[34;1msrx_unbound_variable_becomes_none[0m
2026-09-10T18:22:03.4866044Z [32;1m        PASS[0m [   0.013s] ( 715/2877) [35;1msparq-engine-service::proptest_srj_srx[0m [36mservice::tests::streaming_equivalence[0m[36m::[0m[34;1mequivalence_on_representative_and_boundary_documents[0m
2026-09-10T18:22:03.4950031Z [32;1m        PASS[0m [   0.009s] ( 716/2877) [35;1msparq-engine-service::proptest_srj_srx[0m [36mservice::tests::streaming_equivalence[0m[36m::[0m[34;1mparse_results_into_read_empty_body_is_error[0m
2026-09-10T18:22:03.5080474Z [32;1m        PASS[0m [   0.012s] ( 717/2877) [35;1msparq-engine-service::proptest_srj_srx[0m [36mservice::tests::streaming_equivalence[0m[36m::[0m[34;1mparse_results_into_read_sniffs_srx[0m
2026-09-10T18:22:03.5164179Z [32;1m        PASS[0m [   0.009s] ( 718/2877) [35;1msparq-engine-service::proptest_srj_srx[0m [36mservice::tests::streaming_equivalence[0m[36m::[0m[34;1mparse_srj_into_read_agrees_with_into_on_representative_doc[0m
2026-09-10T18:22:03.5230713Z [32;1m        PASS[0m [   0.007s] ( 719/2877) [35;1msparq-engine-service::proptest_srj_srx[0m [36mservice::tests::streaming_equivalence[0m[36m::[0m[34;1msrj_streams_rows_before_later_input_is_parsed[0m
2026-09-10T18:22:03.5295920Z [32;1m        PASS[0m [   0.006s] ( 720/2877) [35;1msparq-engine-service::proptest_srj_srx[0m [36mservice::tests[0m[36m::[0m[34;1mstrict_allowlist_only_mode_scopes_and_restores[0m
2026-09-10T18:22:03.5369791Z [32;1m        PASS[0m [   0.006s] ( 721/2877) [35;1msparq-engine-service::proptest_srj_srx[0m [36mservice::tests[0m[36m::[0m[34;1munbound_variable_becomes_none[0m
2026-09-10T18:22:03.5422844Z [32;1m        PASS[0m [   0.006s] ( 722/2877) [35;1msparq-engine-service::proptest_srj_srx[0m [36mservice::tests::uri_host_port_tests[0m[36m::[0m[34;1mempty_host_yields_none[0m
2026-09-10T18:22:03.5509868Z [32;1m        PASS[0m [   0.007s] ( 723/2877) [35;1msparq-engine-service::proptest_srj_srx[0m [36mservice::tests::uri_host_port_tests[0m[36m::[0m[34;1mhttps_no_port_defaults_to_443[0m
2026-09-10T18:22:03.5554055Z [32;1m        PASS[0m [   0.006s] ( 724/2877) [35;1msparq-engine-service::proptest_srj_srx[0m [36mservice::tests[0m[36m::[0m[34;1mwith_service_egress_allow_scopes_the_allowlist[0m
2026-09-10T18:22:04.4899864Z [32;1m        PASS[0m [   0.934s] ( 725/2877) [35;1msparq-fedclient::boundary[0m [34;1mlean_core_has_no_edge_to_fedclient[0m
2026-09-10T18:22:04.4979718Z [32;1m        PASS[0m [   0.008s] ( 726/2877) [35;1msparq-forms[0m [36mdescription::tests[0m[36m::[0m[34;1mterm_ref_from_term_structures_all_kinds[0m
2026-09-10T18:22:04.5053429Z [32;1m        PASS[0m [   0.007s] ( 727/2877) [35;1msparq-forms[0m [36mwidgets::tests[0m[36m::[0m[34;1mboolean_select_scores[0m
2026-09-10T18:22:04.5121969Z [32;1m        PASS[0m [   0.006s] ( 728/2877) [35;1msparq-forms[0m [36mwidgets::tests[0m[36m::[0m[34;1mdefault_registry_is_dash[0m
2026-09-10T18:22:04.5179546Z [32;1m        PASS[0m [   0.006s] ( 729/2877) [35;1msparq-forms[0m [36mwidgets::tests[0m[36m::[0m[34;1minstances_select_scores[0m
2026-09-10T18:22:04.5239541Z [32;1m        PASS[0m [   0.006s] ( 730/2877) [35;1msparq-forms[0m [36mwidgets::tests[0m[36m::[0m[34;1mresolve_editor_picks_best_and_lists_alternatives[0m
2026-09-10T18:22:04.5286047Z [32;1m        PASS[0m [   0.006s] ( 731/2877) [35;1msparq-forms[0m [36mwidgets::tests[0m[36m::[0m[34;1mscore_unknown_widget_is_none[0m
2026-09-10T18:22:04.5349381Z [32;1m        PASS[0m [   0.006s] ( 732/2877) [35;1msparq-forms[0m [36mwidgets::tests[0m[36m::[0m[34;1mtext_area_with_lang_scores[0m
2026-09-10T18:22:04.5439348Z [32;1m        PASS[0m [   0.006s] ( 733/2877) [35;1msparq-forms[0m [36mwidgets::tests[0m[36m::[0m[34;1muri_editor_scores[0m
2026-09-10T18:22:04.5685599Z [32;1m        PASS[0m [   0.028s] ( 734/2877) [35;1msparq-forms::derive[0m [34;1mdash_hidden_readonly_and_default_value_surface_on_fields[0m
2026-09-10T18:22:04.5864049Z [32;1m        PASS[0m [   0.019s] ( 735/2877) [35;1msparq-forms::derive[0m [34;1mderive_form_view_mode_has_no_editors[0m
2026-09-10T18:22:04.6112815Z [32;1m        PASS[0m [   0.025s] ( 736/2877) [35;1msparq-forms::derive[0m [34;1mexplicit_shape_option_wins_and_is_marked[0m
2026-09-10T18:22:04.6208990Z [32;1m        PASS[0m [   0.009s] ( 737/2877) [35;1msparq-forms::derive[0m [34;1minverse_path_yields_incoming_reference_field[0m
2026-09-10T18:22:04.6287455Z [32;1m        PASS[0m [   0.008s] ( 738/2877) [35;1msparq-forms::derive[0m [34;1mrole_is_echoed_and_focus_without_shapes_is_all_other[0m
2026-09-10T18:22:04.6900562Z [32;1m        PASS[0m [   0.061s] ( 739/2877) [35;1msparq-forms::diff[0m [34;1mdiff_excludes_readonly_and_inverse_fields[0m
2026-09-10T18:22:04.7195333Z [32;1m        PASS[0m [   0.030s] ( 740/2877) [35;1msparq-forms::edge_applicability[0m [34;1mone_shape_reports_its_strongest_rationale[0m
2026-09-10T18:22:04.7373187Z [32;1m        PASS[0m [   0.018s] ( 741/2877) [35;1msparq-forms::edge_applicability[0m [34;1mtarget_objects_of_applies_to_objects_only[0m
2026-09-10T18:22:04.7779298Z [32;1m        PASS[0m [   0.039s] ( 742/2877) [35;1msparq-forms::golden[0m [34;1mgolden_inverse_multi[0m
2026-09-10T18:22:05.9839978Z [32;1m        PASS[0m [   1.206s] ( 743/2877) [35;1msparq-forms::proptest_diff_update[0m [34;1mrandom_edits_roundtrip_without_collateral_mutation[0m
2026-09-10T18:22:06.0654420Z [32;1m        PASS[0m [   0.081s] ( 744/2877) [35;1msparq-forms::validation[0m [34;1mvalidation_does_not_attach_to_read_only_fields[0m
2026-09-10T18:22:06.0859260Z [32;1m        PASS[0m [   0.022s] ( 745/2877) [35;1msparq-geo[0m [36mgeof::tests[0m[36m::[0m[34;1mbounding_coordinates_distinguish_polygon_extrema[0m
2026-09-10T18:22:06.1039661Z [32;1m        PASS[0m [   0.016s] ( 746/2877) [35;1msparq-geo[0m [36mgeof::tests[0m[36m::[0m[34;1mpoint_has_identical_minimum_and_maximum_coordinates[0m
2026-09-10T18:22:06.1449472Z [32;1m        PASS[0m [   0.043s] ( 747/2877) [35;1msparq-geo[0m [36mindex::indexed_ids_tests[0m[36m::[0m[34;1mshared_geometry_id_is_refcounted_across_owning_features[0m
2026-09-10T18:22:06.1588636Z [32;1m        PASS[0m [   0.014s] ( 748/2877) [35;1msparq-geo[0m [36mmetadata::tests[0m[36m::[0m[34;1mdegenerate_linestring_is_simple[0m
2026-09-10T18:22:06.1729706Z [32;1m        PASS[0m [   0.013s] ( 749/2877) [35;1msparq-geo[0m [36mmetadata::tests[0m[36m::[0m[34;1mhas_serialization_round_trips_to_wkt[0m
2026-09-10T18:22:06.1853944Z [32;1m        PASS[0m [   0.014s] ( 750/2877) [35;1msparq-geo[0m [36mmetadata::tests[0m[36m::[0m[34;1mnon_empty_is_not_empty[0m
2026-09-10T18:22:06.2009000Z [32;1m        PASS[0m [   0.015s] ( 751/2877) [35;1msparq-geo[0m [36mmetadata::tests[0m[36m::[0m[34;1msurfaces_are_simple[0m
2026-09-10T18:22:06.2269699Z [32;1m        PASS[0m [   0.024s] ( 752/2877) [35;1msparq-geo[0m [36mprovider::tests[0m[36m::[0m[34;1mdistance_from_non_geographic_constant_is_declined[0m
2026-09-10T18:22:06.2469500Z [32;1m        PASS[0m [   0.020s] ( 753/2877) [35;1msparq-geo[0m [36mprovider::tests[0m[36m::[0m[34;1mindex_accessor_borrows_the_inner_index[0m
2026-09-10T18:22:06.2629505Z [32;1m        PASS[0m [   0.016s] ( 754/2877) [35;1msparq-geo[0m [36mregistry::tests[0m[36m::[0m[34;1mbad_arguments_are_errs[0m
2026-09-10T18:22:06.2789630Z [32;1m        PASS[0m [   0.016s] ( 755/2877) [35;1msparq-geo[0m [36mregistry::tests[0m[36m::[0m[34;1mcache_entry_count_is_bounded_and_mru_survives[0m
2026-09-10T18:22:06.3136961Z [32;1m        PASS[0m [   0.037s] ( 756/2877) [35;1msparq-geo[0m [36mregistry::tests[0m[36m::[0m[34;1mconstant_relate_operand_is_prepared_once_across_rows[0m
2026-09-10T18:22:06.3293427Z [32;1m        PASS[0m [   0.013s] ( 757/2877) [35;1msparq-geo[0m [36mregistry::tests[0m[36m::[0m[34;1mget_srid_term_level[0m
2026-09-10T18:22:06.3459651Z [32;1m        PASS[0m [   0.016s] ( 758/2877) [35;1msparq-geo[0m [36mregistry::tests[0m[36m::[0m[34;1mmeasurement_functions_term_level[0m
2026-09-10T18:22:06.9891678Z [32;1m        PASS[0m [   0.646s] ( 759/2877) [35;1msparq-geo[0m [36mregistry::tests[0m[36m::[0m[34;1mprepared_relation_results_equal_unprepared_for_all_24_relations[0m
2026-09-10T18:22:07.0089640Z [32;1m        PASS[0m [   0.017s] ( 760/2877) [35;1msparq-geo[0m [36mregistry::tests[0m[36m::[0m[34;1mrelation_and_unary_term_level[0m
2026-09-10T18:22:07.0219654Z [32;1m        PASS[0m [   0.015s] ( 761/2877) [35;1msparq-geo[0m [36mregistry::tests[0m[36m::[0m[34;1msingle_use_relate_operands_are_never_prepared[0m
2026-09-10T18:22:07.0872915Z [32;1m        PASS[0m [   0.066s] ( 762/2877) [35;1msparq-geo::coverage_direct[0m [34;1mbbox_candidate_literals_superset_of_intersects[0m
2026-09-10T18:22:07.1069197Z [32;1m        PASS[0m [   0.017s] ( 763/2877) [35;1msparq-geo::coverage_direct[0m [34;1mboundary_of_multipolygon[0m
2026-09-10T18:22:07.1189269Z [32;1m        PASS[0m [   0.013s] ( 764/2877) [35;1msparq-geo::coverage_direct[0m [34;1mbuffer_at_pole_returns_unsupported[0m
2026-09-10T18:22:07.1349328Z [32;1m        PASS[0m [   0.017s] ( 765/2877) [35;1msparq-geo::coverage_direct[0m [34;1mdistance_meters_empty_geometry_error[0m
2026-09-10T18:22:07.1609585Z [32;1m        PASS[0m [   0.025s] ( 766/2877) [35;1msparq-geo::coverage_direct[0m [34;1mintersection_rect_with_triangle_covers_polygonal[0m
2026-09-10T18:22:07.1710629Z [32;1m        PASS[0m [   0.013s] ( 767/2877) [35;1msparq-geo::coverage_direct[0m [34;1mis_simple_multilinestring[0m
2026-09-10T18:22:07.1829209Z [32;1m        PASS[0m [   0.010s] ( 768/2877) [35;1msparq-geo::coverage_direct[0m [34;1mparse_geometry_literal_unsupported_datatype_errors[0m
2026-09-10T18:22:07.1947636Z [32;1m        PASS[0m [   0.013s] ( 769/2877) [35;1msparq-geo::coverage_direct[0m [34;1mtopological_dimension_empty_multilinestring_is_none[0m
2026-09-10T18:22:07.2075031Z [32;1m        PASS[0m [   0.012s] ( 770/2877) [35;1msparq-geo::coverage_direct[0m [34;1munion_with_empty_left_returns_right[0m
2026-09-10T18:22:07.2154824Z [32;1m        PASS[0m [   0.009s] ( 771/2877) [35;1msparq-geo::coverage_direct[0m [34;1mwithin_distance_literals_zero_radius[0m
2026-09-10T18:22:07.5179389Z [32;1m        PASS[0m [   0.300s] ( 772/2877) [35;1msparq-geo::de9im_differential[0m [34;1mde9im_relation_laws_hold_over_corpus[0m
2026-09-10T18:22:07.5329360Z [32;1m        PASS[0m [   0.015s] ( 773/2877) [35;1msparq-geo::distance_differential[0m [34;1mextended_distance_resolves_equirectangular_distortion[0m
2026-09-10T18:22:07.5779081Z [32;1m        PASS[0m [   0.045s] ( 774/2877) [35;1msparq-geo::e2e[0m [34;1mturtle_to_index_to_queries[0m
2026-09-10T18:22:07.5959164Z [32;1m        PASS[0m [   0.018s] ( 775/2877) [35;1msparq-geo::entailment[0m [34;1mowl_rl_entailment_superset_of_rdfs[0m
2026-09-10T18:22:07.7349254Z [32;1m        PASS[0m [   0.140s] ( 776/2877) [35;1msparq-geo::geof_metamorph[0m [34;1menvelope_is_idempotent[0m
2026-09-10T18:22:07.8845641Z [32;1m        PASS[0m [   0.151s] ( 777/2877) [35;1msparq-geo::geof_metamorph[0m [34;1mwithin_and_contains_are_dual[0m
2026-09-10T18:22:07.9140775Z [32;1m        PASS[0m [   0.029s] ( 778/2877) [35;1msparq-geo::gml[0m [34;1marc_string_densifies_to_linestring_within_tolerance[0m
2026-09-10T18:22:07.9329239Z [32;1m        PASS[0m [   0.018s] ( 779/2877) [35;1msparq-geo::gml[0m [34;1mcurve_with_linestring_segment_is_linear[0m
2026-09-10T18:22:07.9538484Z [32;1m        PASS[0m [   0.020s] ( 780/2877) [35;1msparq-geo::gml[0m [34;1menvelope_epsg4326_axis_swapped[0m
2026-09-10T18:22:07.9770115Z [32;1m        PASS[0m [   0.023s] ( 781/2877) [35;1msparq-geo::gml[0m [34;1mgml_multigeometry_with_members_parses[0m
2026-09-10T18:22:07.9879265Z [32;1m        PASS[0m [   0.011s] ( 782/2877) [35;1msparq-geo::gml[0m [34;1mnamespace_prefix_is_irrelevant[0m
2026-09-10T18:22:08.0015038Z [32;1m        PASS[0m [   0.015s] ( 783/2877) [35;1msparq-geo::gml[0m [34;1mparses_linestring_poslist[0m
2026-09-10T18:22:08.0179264Z [32;1m        PASS[0m [   0.015s] ( 784/2877) [35;1msparq-geo::gml[0m [34;1mparses_multipoint[0m
2026-09-10T18:22:08.0336693Z [32;1m        PASS[0m [   0.016s] ( 785/2877) [35;1msparq-geo::gml[0m [34;1mparses_point_pos_default_crs[0m
2026-09-10T18:22:08.0529121Z [32;1m        PASS[0m [   0.018s] ( 786/2877) [35;1msparq-geo::gml[0m [34;1mparses_polygon_with_interior_ring[0m
2026-09-10T18:22:08.1317686Z [32;1m        PASS[0m [   0.080s] ( 787/2877) [35;1msparq-geo::gml[0m [36msparql[0m[36m::[0m[34;1mgeof_buffer_of_gml_feeds_sf_within[0m
2026-09-10T18:22:08.1409968Z [32;1m        PASS[0m [   0.008s] ( 788/2877) [35;1msparq-geo::gml[0m [34;1msrs_name_crs84_default_equivalent[0m
2026-09-10T18:22:08.1529194Z [32;1m        PASS[0m [   0.013s] ( 789/2877) [35;1msparq-geo::gml[0m [34;1mthree_d_linestring_drops_z[0m
2026-09-10T18:22:08.1613102Z [32;1m        PASS[0m [   0.009s] ( 790/2877) [35;1msparq-geo::gml[0m [34;1mtwo_d_unchanged_when_no_srs_dimension[0m
2026-09-10T18:22:08.2165391Z [32;1m        PASS[0m [   0.056s] ( 791/2877) [35;1msparq-geo::index[0m [34;1mapply_delta_inserts_deletes_and_ownership_changes[0m
2026-09-10T18:22:08.3748330Z [32;1m        PASS[0m [   0.154s] ( 792/2877) [35;1msparq-geo::index[0m [34;1mintersects_matches_brute_force[0m
2026-09-10T18:22:08.3781554Z [32;1m        PASS[0m [   0.008s] ( 793/2877) [35;1msparq-geo::index[0m [34;1mnearest_with_k_larger_than_index[0m
2026-09-10T18:22:08.6319999Z [32;1m        PASS[0m [   0.254s] ( 794/2877) [35;1msparq-geo::index[0m [34;1mwithin_distance_matches_brute_force[0m
2026-09-10T18:22:08.6847293Z [32;1m        PASS[0m [   0.052s] ( 795/2877) [35;1msparq-geo::index_edge_paths[0m [34;1mintersects_wkt_rejects_malformed_wkt[0m
2026-09-10T18:22:08.7010680Z [32;1m        PASS[0m [   0.015s] ( 796/2877) [35;1msparq-geo::index_edge_paths[0m [34;1mwithin_distance_wkt_returns_known_point_in_radius[0m
2026-09-10T18:22:08.7180516Z [32;1m        PASS[0m [   0.019s] ( 797/2877) [35;1msparq-geo::measurements[0m [34;1mline_length_matches_haversine_oracle[0m
2026-09-10T18:22:08.7469538Z [32;1m        PASS[0m [   0.026s] ( 798/2877) [35;1msparq-geo::ogc_compliance_ratchet[0m [34;1mgml_equivalence_for_topology[0m
2026-09-10T18:22:08.8011040Z [32;1m        PASS[0m [   0.056s] ( 799/2877) [35;1msparq-geo::ogc_geosparql_requirements[0m [34;1mdistance_accuracy_boundary_is_as_documented[0m
2026-09-10T18:22:08.9329589Z [32;1m        PASS[0m [   0.130s] ( 800/2877) [35;1msparq-geo::ogc_geosparql_requirements[0m [34;1mrequirements_floor_is_consistent[0m
2026-09-10T18:22:09.1170026Z [32;1m        PASS[0m [   0.183s] ( 801/2877) [35;1msparq-geo::pushdown[0m [34;1mdistance_within_same_results_fewer_checks[0m
2026-09-10T18:22:09.1479560Z [32;1m        PASS[0m [   0.032s] ( 802/2877) [35;1msparq-geo::pushdown[0m [34;1mid_level_and_per_row_paths_agree_non_geographic_aswkt_literal_kept[0m
2026-09-10T18:22:09.1699720Z [32;1m        PASS[0m [   0.023s] ( 803/2877) [35;1msparq-geo::pushdown[0m [34;1mid_level_path_stays_consistent_after_apply_delta[0m
2026-09-10T18:22:09.1879333Z [32;1m        PASS[0m [   0.016s] ( 804/2877) [35;1msparq-geo::pushdown[0m [34;1mnon_metric_unit_declined_still_correct[0m
2026-09-10T18:22:09.2059804Z [32;1m        PASS[0m [   0.019s] ( 805/2877) [35;1msparq-geo::pushdown[0m [34;1mreversed_operand_exterior_stays_posthoc[0m
2026-09-10T18:22:09.2849467Z [32;1m        PASS[0m [   0.078s] ( 806/2877) [35;1msparq-geo::registry_sparql[0m [34;1mbuffer_through_sparql[0m
2026-09-10T18:22:09.3030044Z [32;1m        PASS[0m [   0.018s] ( 807/2877) [35;1msparq-geo::registry_sparql[0m [34;1mfilter_distance[0m
2026-09-10T18:22:09.3218750Z [32;1m        PASS[0m [   0.020s] ( 808/2877) [35;1msparq-geo::registry_sparql[0m [34;1mmetric_measurements_and_centroid_through_sparql[0m
2026-09-10T18:22:09.3429516Z [32;1m        PASS[0m [   0.019s] ( 809/2877) [35;1msparq-geo::registry_sparql[0m [34;1mselect_expression_boolean[0m
2026-09-10T18:22:09.3669461Z [32;1m        PASS[0m [   0.024s] ( 810/2877) [35;1msparq-geo::registry_sparql[0m [34;1mspatial_join_sf_within[0m
2026-09-10T18:22:09.4040135Z [32;1m        PASS[0m [   0.038s] ( 811/2877) [35;1msparq-geo::relations[0m [34;1mbuffer_metric_approximates_a_great_circle_disc[0m
2026-09-10T18:22:09.4232330Z [32;1m        PASS[0m [   0.018s] ( 812/2877) [35;1msparq-geo::relations[0m [34;1mdifference_line_minus_line[0m
2026-09-10T18:22:09.4350253Z [32;1m        PASS[0m [   0.012s] ( 813/2877) [35;1msparq-geo::relations[0m [34;1mdistance_between_extended_geometries_approximates_locally[0m
2026-09-10T18:22:09.4490192Z [32;1m        PASS[0m [   0.013s] ( 814/2877) [35;1msparq-geo::relations[0m [34;1mdistance_in_degrees_and_radians[0m
2026-09-10T18:22:09.4621519Z [32;1m        PASS[0m [   0.015s] ( 815/2877) [35;1msparq-geo::relations[0m [34;1megenhofer_and_rcc8_inverse_pairs_are_consistent[0m
2026-09-10T18:22:09.4772560Z [32;1m        PASS[0m [   0.015s] ( 816/2877) [35;1msparq-geo::relations[0m [34;1mget_srid_returns_the_crs_iri[0m
2026-09-10T18:22:09.4839168Z [32;1m        PASS[0m [   0.007s] ( 817/2877) [35;1msparq-geo::relations[0m [34;1mintersection_of_unequal_points_is_empty_not_error[0m
2026-09-10T18:22:09.4970386Z [32;1m        PASS[0m [   0.011s] ( 818/2877) [35;1msparq-geo::relations[0m [34;1mintersects_is_negation_of_disjoint_and_relations_are_consistent[0m
2026-09-10T18:22:09.5030059Z [32;1m        PASS[0m [   0.006s] ( 819/2877) [35;1msparq-geo::relations[0m [34;1mrelations_require_compatible_crs[0m
2026-09-10T18:22:09.5199979Z [32;1m        PASS[0m [   0.016s] ( 820/2877) [35;1msparq-geo::relations[0m [34;1msimple_features_truth_table[0m
2026-09-10T18:22:09.5260339Z [32;1m        PASS[0m [   0.006s] ( 821/2877) [35;1msparq-geo::relations[0m [34;1munion_same_dimension_operands[0m
2026-09-10T18:22:09.5339638Z [32;1m        PASS[0m [   0.009s] ( 822/2877) [35;1msparq-geo::simplify[0m [34;1mgeometry_collection_is_honestly_unsupported[0m
2026-09-10T18:22:09.5431555Z [32;1m        PASS[0m [   0.009s] ( 823/2877) [35;1msparq-geo::simplify[0m [34;1mpoint_is_returned_unchanged[0m
2026-09-10T18:22:09.5559319Z [32;1m        PASS[0m [   0.012s] ( 824/2877) [35;1msparq-geo::wkt[0m [34;1mepsg_4326_swaps_axis_order[0m
2026-09-10T18:22:09.5611572Z [32;1m        PASS[0m [   0.006s] ( 825/2877) [35;1msparq-geo::wkt[0m [34;1mparses_crs84_prefix[0m
2026-09-10T18:22:09.5684220Z [32;1m        PASS[0m [   0.006s] ( 826/2877) [35;1msparq-geo::wkt[0m [34;1mrejects_garbage_and_unterminated_crs[0m
2026-09-10T18:22:09.6455064Z [32;1m        PASS[0m [   0.078s] ( 827/2877) [35;1msparq-geo::wkt_gml_roundtrip_prop[0m [34;1mmultilinestring_roundtrip[0m
2026-09-10T18:22:09.6925319Z [32;1m        PASS[0m [   0.045s] ( 828/2877) [35;1msparq-geo::wkt_gml_roundtrip_prop[0m [34;1mpoint_roundtrip[0m
2026-09-10T18:22:09.8183715Z [32;1m        PASS[0m [   0.127s] ( 829/2877) [35;1msparq-gpu[0m [36mcpu::tests[0m[36m::[0m[34;1mbuild_hash_table_rejects_sentinel_key[0m
2026-09-10T18:22:09.8258956Z [32;1m        PASS[0m [   0.007s] ( 830/2877) [35;1msparq-gpu[0m [36mcpu::tests[0m[36m::[0m[34;1mfilter_u32_boundary_is_half_open[0m
2026-09-10T18:22:09.8330967Z [32;1m        PASS[0m [   0.007s] ( 831/2877) [35;1msparq-gpu[0m [36mcpu::tests[0m[36m::[0m[34;1mgroup_aggregate_sum_exceeds_u32[0m
2026-09-10T18:22:09.8410384Z [32;1m        PASS[0m [   0.006s] ( 832/2877) [35;1msparq-gpu[0m [36mtests[0m[36m::[0m[34;1mhash32_is_deterministic_and_total_for_sampled_inputs[0m
2026-09-10T18:22:09.9210452Z [32;1m        PASS[0m [   0.080s] ( 833/2877) [35;1msparq-gpu::correctness[0m [34;1mfilter_f64_matches_cpu_including_ieee_edges[0m
2026-09-10T18:22:09.9280467Z [32;1m        PASS[0m [   0.009s] ( 834/2877) [35;1msparq-gpu::correctness[0m [34;1mhash_probe_matches_cpu[0m
2026-09-10T18:22:09.9339109Z [32;1m        PASS[0m [   0.006s] ( 835/2877) [35;1msparq-gpu::deferral_premise[0m [34;1mdependency_trip_wire_follows_renames_and_inherited_workspace_dependencies[0m
2026-09-10T18:22:09.9409281Z [32;1m        PASS[0m [   0.006s] ( 836/2877) [35;1msparq-gpu::deferral_premise[0m [34;1mthe_deferral_record_still_exists[0m
2026-09-10T18:22:09.9492079Z [32;1m        PASS[0m [   0.009s] ( 837/2877) [35;1msparq-hdt[0m [36mdecode::tests[0m[36m::[0m[34;1mdecode_vbyte_delta_multibyte[0m
2026-09-10T18:22:09.9799543Z [32;1m        PASS[0m [   0.030s] ( 838/2877) [35;1msparq-hdt[0m [36mdecode::tests[0m[36m::[0m[34;1mparallel_matches_sequential_reference[0m
2026-09-10T18:22:09.9843210Z [32;1m        PASS[0m [   0.006s] ( 839/2877) [35;1msparq-hdt[0m [36mtests[0m[36m::[0m[34;1merror_display_and_source_chain[0m
2026-09-10T18:22:09.9906658Z [32;1m        PASS[0m [   0.006s] ( 840/2877) [35;1msparq-hdt[0m [36mtests[0m[36m::[0m[34;1mprefix_is_chained_back_for_passthrough[0m
2026-09-10T18:22:10.0139397Z [32;1m        PASS[0m [   0.022s] ( 841/2877) [35;1msparq-hdt::decode_paths[0m [34;1mmissing_order_property_is_rejected[0m
2026-09-10T18:22:10.0329464Z [32;1m        PASS[0m [   0.018s] ( 842/2877) [35;1msparq-hdt::decode_paths[0m [34;1msingle_threaded_pool_decode_matches_default[0m
2026-09-10T18:22:10.0519162Z [32;1m        PASS[0m [   0.020s] ( 843/2877) [35;1msparq-hdt::decode_paths[0m [34;1mwrong_control_type_at_triples_position_is_rejected[0m
2026-09-10T18:22:13.2569726Z [32;1m        PASS[0m [   3.205s] ( 844/2877) [35;1msparq-hdt::error_paths[0m [34;1mevery_truncated_prefix_is_rejected_without_panicking[0m
2026-09-10T18:22:13.3042432Z [32;1m        PASS[0m [   0.046s] ( 845/2877) [35;1msparq-hdt::roundtrip[0m [34;1mbzip2_hdt_loads_transparently[0m
2026-09-10T18:22:13.3350896Z [32;1m        PASS[0m [   0.032s] ( 846/2877) [35;1msparq-hdt::roundtrip[0m [34;1mdirect_decoder_matches_upstream_snikmeta[0m
2026-09-10T18:22:13.3731742Z [32;1m        PASS[0m [   0.037s] ( 847/2877) [35;1msparq-hdt::roundtrip[0m [34;1mgenerated_hdt_round_trips[0m
2026-09-10T18:22:13.3978774Z [32;1m        PASS[0m [   0.025s] ( 848/2877) [35;1msparq-hdt::roundtrip[0m [34;1mheader_exposes_dataset_metadata[0m
2026-09-10T18:22:13.4140614Z [32;1m        PASS[0m [   0.016s] ( 849/2877) [35;1msparq-hdt::roundtrip[0m [34;1mrejection_oracle_named_corruptions[0m
2026-09-10T18:22:13.4198980Z [32;1m        PASS[0m [   0.006s] ( 850/2877) [35;1msparq-hdt::roundtrip[0m [34;1mrejects_non_hdt_input[0m
2026-09-10T18:22:13.4263974Z [32;1m        PASS[0m [   0.006s] ( 851/2877) [35;1msparq-hdt::example/bench_load[0m [36mtests[0m[36m::[0m[34;1mresults_json_shape_and_keys[0m
2026-09-10T18:22:13.4326485Z [32;1m        PASS[0m [   0.006s] ( 852/2877) [35;1msparq-introspect[0m [36mtests[0m[36m::[0m[34;1mbudget_writer_finish_elision_marker_exact[0m
2026-09-10T18:22:13.4399833Z [32;1m        PASS[0m [   0.007s] ( 853/2877) [35;1msparq-introspect[0m [36mtests[0m[36m::[0m[34;1mcharacteristic_set_cap_aggregates_tail[0m
2026-09-10T18:22:13.4470471Z [32;1m        PASS[0m [   0.007s] ( 854/2877) [35;1msparq-introspect[0m [36mtests[0m[36m::[0m[34;1mcharacteristic_sets_exact[0m
2026-09-10T18:22:13.4552575Z [32;1m        PASS[0m [   0.008s] ( 855/2877) [35;1msparq-introspect[0m [36mtests[0m[36m::[0m[34;1mdomain_range_inference_and_declared[0m
2026-09-10T18:22:13.4645991Z [32;1m        PASS[0m [   0.009s] ( 856/2877) [35;1msparq-introspect[0m [36mtests[0m[36m::[0m[34;1mjoin_hints_cross_class_edges[0m
2026-09-10T18:22:13.4710510Z [32;1m        PASS[0m [   0.007s] ( 857/2877) [35;1msparq-introspect[0m [36mtests[0m[36m::[0m[34;1mminimalize_type_set_short_circuit_and_dedup[0m
2026-09-10T18:22:13.4835405Z [32;1m        PASS[0m [   0.013s] ( 858/2877) [35;1msparq-introspect[0m [36mtests[0m[36m::[0m[34;1mminimalize_types_tolerates_cycles[0m
2026-09-10T18:22:13.4947480Z [32;1m        PASS[0m [   0.011s] ( 859/2877) [35;1msparq-introspect[0m [36mtests[0m[36m::[0m[34;1mpredicate_profiles_kinds_datatypes_and_samples[0m
2026-09-10T18:22:13.5047417Z [32;1m        PASS[0m [   0.009s] ( 860/2877) [35;1msparq-introspect[0m [36mtests[0m[36m::[0m[34;1mschema_summary_for_seeds[0m
2026-09-10T18:22:13.5139244Z [32;1m        PASS[0m [   0.010s] ( 861/2877) [35;1msparq-introspect[0m [36mtests[0m[36m::[0m[34;1mshacl_maxcount_exact_triples_eq_subjects_guard[0m
2026-09-10T18:22:13.5246299Z [32;1m        PASS[0m [   0.011s] ( 862/2877) [35;1msparq-introspect[0m [36mtests[0m[36m::[0m[34;1msidecar_save_load_roundtrip[0m
2026-09-10T18:22:13.5334627Z [32;1m        PASS[0m [   0.009s] ( 863/2877) [35;1msparq-introspect[0m [36mtests[0m[36m::[0m[34;1mto_text_summary_coverage_pct_and_avg_mult_exact[0m
2026-09-10T18:22:13.5444107Z [32;1m        PASS[0m [   0.011s] ( 864/2877) [35;1msparq-introspect[0m [36mtests[0m[36m::[0m[34;1mvoid_exact_class_and_property_counts[0m
2026-09-10T18:22:13.5550486Z [32;1m        PASS[0m [   0.011s] ( 865/2877) [35;1msparq-introspect[0m [36mtests[0m[36m::[0m[34;1mvoid_with_cs_superset_and_carries_char_sets[0m
2026-09-10T18:22:13.5744474Z [32;1m        PASS[0m [   0.019s] ( 866/2877) [35;1msparq-introspect::error_paths_direct[0m [34;1mfrom_json_rejects_syntax_and_numeric_type_errors[0m
2026-09-10T18:22:13.5889556Z [32;1m        PASS[0m [   0.012s] ( 867/2877) [35;1msparq-introspect::facets[0m [34;1mexact_whole_class_and_constrained_facets_with_elision[0m
2026-09-10T18:22:13.7085433Z [32;1m        PASS[0m [  18.814s] ( 868/2877) [35;1msparq-engine::differentials[0m [36mzk_trace_differential[0m[36m::[0m[34;1mdifferential_zk_on_equals_off_10k[0m
2026-09-10T18:22:13.7236164Z [32;1m        PASS[0m [   0.015s] ( 869/2877) [35;1msparq-introspect::sidecar_persistence[0m [34;1mjson_round_trip_is_byte_exact_and_malformed_json_is_rejected[0m
2026-09-10T18:22:13.7370544Z [32;1m        PASS[0m [   0.014s] ( 870/2877) [35;1msparq-introspect::example/olympics_introspect[0m [36mtests[0m[36m::[0m[34;1mjson_flag_extraction[0m
2026-09-10T18:22:13.7489741Z [32;1m        PASS[0m [   0.012s] ( 871/2877) [35;1msparq-jsonld[0m [36mcontext::inverse::tests[0m[36m::[0m[34;1mcompact_iri_base_relative_parent_traversal[0m
2026-09-10T18:22:13.7551346Z [32;1m        PASS[0m [   0.006s] ( 872/2877) [35;1msparq-jsonld[0m [36mcontext::inverse::tests[0m[36m::[0m[34;1mcompact_iri_basic_term_lookup_w3c_0002[0m
2026-09-10T18:22:13.7614479Z [32;1m        PASS[0m [   0.006s] ( 873/2877) [35;1msparq-jsonld[0m [36mcontext::inverse::tests[0m[36m::[0m[34;1mcompact_iri_index_guard_iri_keyed_term_regression[0m
2026-09-10T18:22:13.7673502Z [32;1m        PASS[0m [   0.006s] ( 874/2877) [35;1msparq-jsonld[0m [36mcontext::inverse::tests[0m[36m::[0m[34;1mcompact_iri_unknown_iri_returned_unchanged[0m
2026-09-10T18:22:13.7732454Z [32;1m        PASS[0m [   0.006s] ( 875/2877) [35;1msparq-jsonld[0m [36mcontext::inverse::tests[0m[36m::[0m[34;1minverse_ctx_language_mapped_term_in_language_submap[0m
2026-09-10T18:22:13.7791922Z [32;1m        PASS[0m [   0.006s] ( 876/2877) [35;1msparq-jsonld[0m [36mcontext::inverse::tests[0m[36m::[0m[34;1minverse_ctx_shorter_term_wins_over_longer[0m
2026-09-10T18:22:13.7852618Z [32;1m        PASS[0m [   0.006s] ( 877/2877) [35;1msparq-jsonld[0m [36mcontext::inverse::tests[0m[36m::[0m[34;1mselect_term_preference_order[0m
2026-09-10T18:22:13.7912814Z [32;1m        PASS[0m [   0.006s] ( 878/2877) [35;1msparq-jsonld[0m [36mcontext::iri::tests[0m[36m::[0m[34;1mbracket_gen_delims_are_tolerated_outside_the_authority[0m
2026-09-10T18:22:13.7978584Z [32;1m        PASS[0m [   0.006s] ( 879/2877) [35;1msparq-jsonld[0m [36mcontext::iri::tests[0m[36m::[0m[34;1mmalformed_percent_escapes_are_not_absolute_iris[0m
2026-09-10T18:22:13.8049580Z [32;1m        PASS[0m [   0.006s] ( 880/2877) [35;1msparq-jsonld[0m [36mcontext::iri::tests[0m[36m::[0m[34;1mrelativize_fragment_preservation[0m
2026-09-10T18:22:13.8139546Z [32;1m        PASS[0m [   0.006s] ( 881/2877) [35;1msparq-jsonld[0m [36mcontext::iri::tests[0m[36m::[0m[34;1mrelativize_query_preservation[0m
2026-09-10T18:22:13.8158719Z [32;1m        PASS[0m [   0.006s] ( 882/2877) [35;1msparq-jsonld[0m [36mcontext::iri::tests[0m[36m::[0m[34;1mrelativize_same_file[0m
2026-09-10T18:22:13.8239664Z [32;1m        PASS[0m [   0.006s] ( 883/2877) [35;1msparq-jsonld[0m [36mcontext::iri::tests[0m[36m::[0m[34;1mresolve_iri_matches_oxiri_on_shared_corpus[0m
2026-09-10T18:22:13.8275069Z [32;1m        PASS[0m [   0.006s] ( 884/2877) [35;1msparq-jsonld[0m [36mcontext::iri::tests[0m[36m::[0m[34;1mscheme_and_absolute_iri_predicates[0m
2026-09-10T18:22:13.8277081Z [32;1m        PASS[0m [   0.241s] ( 885/2877) [35;1msparq-introspect::facets_metamorph[0m [34;1madding_a_constraint_never_increases_facet_counts[0m
2026-09-10T18:22:13.8360002Z [32;1m        PASS[0m [   0.005s] ( 886/2877) [35;1msparq-jsonld[0m [36mcontext::tests[0m[36m::[0m[34;1mclone_shares_term_definitions_and_mutation_does_not_alias[0m
2026-09-10T18:22:13.8380022Z [32;1m        PASS[0m [   0.008s] ( 887/2877) [35;1msparq-jsonld[0m [36mcontext::iri::tests[0m[36m::[0m[34;1municode_iri_code_points_follow_ucschar[0m
2026-09-10T18:22:13.8409413Z [32;1m        PASS[0m [   0.006s] ( 888/2877) [35;1msparq-jsonld[0m [36mcontext::tests[0m[36m::[0m[34;1mkeyword_predicates[0m
2026-09-10T18:22:13.8433436Z [32;1m        PASS[0m [   0.007s] ( 889/2877) [35;1msparq-jsonld[0m [36mcontext::tests[0m[36m::[0m[34;1msame_except_protected_ignores_only_the_protected_flag[0m
2026-09-10T18:22:13.8476374Z [32;1m        PASS[0m [   0.008s] ( 890/2877) [35;1msparq-jsonld[0m [36merror::tests[0m[36m::[0m[34;1mcode_display_matches_as_str[0m
2026-09-10T18:22:13.8495121Z [32;1m        PASS[0m [   0.005s] ( 891/2877) [35;1msparq-jsonld[0m [36merror::tests[0m[36m::[0m[34;1mnew_carries_code_and_no_detail[0m
2026-09-10T18:22:13.8540716Z [32;1m        PASS[0m [   0.006s] ( 892/2877) [35;1msparq-jsonld[0m [36mexpand::tests[0m[36m::[0m[34;1mnull_and_scalar_predicates[0m
2026-09-10T18:22:13.8547288Z [32;1m        PASS[0m [   0.006s] ( 893/2877) [35;1msparq-jsonld[0m [36mexpand::tests[0m[36m::[0m[34;1mas_array_and_array_of_round_trip[0m
2026-09-10T18:22:13.8609157Z [32;1m        PASS[0m [   0.006s] ( 894/2877) [35;1msparq-jsonld[0m [36mexpand::tests[0m[36m::[0m[34;1mreverse_map_is_created_once[0m
2026-09-10T18:22:13.8616365Z [32;1m        PASS[0m [   0.006s] ( 895/2877) [35;1msparq-jsonld[0m [36mexpand::tests[0m[36m::[0m[34;1mtype_values_validates[0m
2026-09-10T18:22:13.8671374Z [32;1m        PASS[0m [   0.006s] ( 896/2877) [35;1msparq-jsonld[0m [36mflatten::tests[0m[36m::[0m[34;1mflatten_expanded_nests_out[0m
2026-09-10T18:22:13.8686194Z [32;1m        PASS[0m [   0.007s] ( 897/2877) [35;1msparq-jsonld[0m [36mframe::tests[0m[36m::[0m[34;1mframe_end_to_end_embeds_and_compacts[0m
2026-09-10T18:22:13.8744877Z [32;1m        PASS[0m [   0.007s] ( 898/2877) [35;1msparq-jsonld[0m [36mframe::tests[0m[36m::[0m[34;1mframe_expanded_prunes_single_use_bnode_ids[0m
2026-09-10T18:22:13.8752803Z [32;1m        PASS[0m [   0.006s] ( 899/2877) [35;1msparq-jsonld[0m [36mframe::tests[0m[36m::[0m[34;1mvalue_pattern_matching[0m
2026-09-10T18:22:13.8810196Z [32;1m        PASS[0m [   0.006s] ( 900/2877) [35;1msparq-jsonld[0m [36mjson::tests[0m[36m::[0m[34;1mget_borrows_member_or_none[0m
2026-09-10T18:22:13.8829746Z [32;1m        PASS[0m [   0.007s] ( 901/2877) [35;1msparq-jsonld[0m [36mjson::tests[0m[36m::[0m[34;1mparse_decodes_string_escapes_including_unicode_and_surrogates[0m
2026-09-10T18:22:13.8878633Z [32;1m        PASS[0m [   0.006s] ( 902/2877) [35;1msparq-jsonld[0m [36mjson::tests[0m[36m::[0m[34;1mparse_scalars_are_preserved_as_raw_tokens[0m
2026-09-10T18:22:13.8886243Z [32;1m        PASS[0m [   0.008s] ( 903/2877) [35;1msparq-jsonld[0m [36mjson::tests[0m[36m::[0m[34;1mparse_rejects_malformed_input[0m
2026-09-10T18:22:13.8939408Z [32;1m        PASS[0m [   0.006s] ( 904/2877) [35;1msparq-jsonld[0m [36mjson::tests[0m[36m::[0m[34;1mwrite_emits_canonical_minified_json_with_escaping[0m
2026-09-10T18:22:13.8955529Z [32;1m        PASS[0m [   0.007s] ( 905/2877) [35;1msparq-jsonld[0m [36mloader::tests[0m[36m::[0m[34;1mfs_loader_map_prefix_reads_a_local_fixture[0m
2026-09-10T18:22:13.9005427Z [32;1m        PASS[0m [   0.006s] ( 906/2877) [35;1msparq-jsonld[0m [36mloader::tests[0m[36m::[0m[34;1mnoop_loader_denies_every_load_fail_closed[0m
2026-09-10T18:22:13.9019142Z [32;1m        PASS[0m [   0.006s] ( 907/2877) [35;1msparq-jsonld[0m [36mnode_map::tests[0m[36m::[0m[34;1mblank_node_issuer_new_mints_and_reuses[0m
2026-09-10T18:22:13.9069121Z [32;1m        PASS[0m [   0.006s] ( 908/2877) [35;1msparq-jsonld[0m [36mnode_map::tests[0m[36m::[0m[34;1mgenerate_node_map_indexes_default_graph_node[0m
2026-09-10T18:22:13.9081334Z [32;1m        PASS[0m [   0.006s] ( 909/2877) [35;1msparq-jsonld[0m [36moptions::tests[0m[36m::[0m[34;1membed_flag_as_str[0m
2026-09-10T18:22:13.9129047Z [32;1m        PASS[0m [   0.006s] ( 910/2877) [35;1msparq-jsonld[0m [36moptions::tests[0m[36m::[0m[34;1mrdf_direction_as_str[0m
2026-09-10T18:22:13.9146492Z [32;1m        PASS[0m [   0.006s] ( 911/2877) [35;1msparq-jsonld::compact[0m [34;1mcompact_to_relative_false_keeps_absolute_ids[0m
2026-09-10T18:22:13.9203924Z [32;1m        PASS[0m [   0.008s] ( 912/2877) [35;1msparq-jsonld::compact[0m [34;1mempty_array_property_is_retained_as_an_empty_array[0m
2026-09-10T18:22:13.9208879Z [32;1m        PASS[0m [   0.006s] ( 913/2877) [35;1msparq-jsonld::compact[0m [34;1mgraph_index_container_indexless_graph_files_under_aliased_none[0m
2026-09-10T18:22:13.9279986Z [32;1m        PASS[0m [   0.006s] ( 914/2877) [35;1msparq-jsonld::compact[0m [34;1mid_typed_term_compacts_a_node_reference_to_a_string[0m
2026-09-10T18:22:13.9309326Z [32;1m        PASS[0m [   0.007s] ( 915/2877) [35;1msparq-jsonld::compact[0m [34;1minvalid_nest_value_is_raised[0m
2026-09-10T18:22:13.9333206Z [32;1m        PASS[0m [   0.007s] ( 916/2877) [35;1msparq-jsonld::compact[0m [34;1mkeyword_shaped_relative_reference_is_prefixed_with_dot_slash[0m
2026-09-10T18:22:13.9344033Z [32;1m        PASS[0m [   0.006s] ( 917/2877) [35;1msparq-jsonld::compact[0m [34;1mlanguage_mismatch_keeps_the_value_object[0m
2026-09-10T18:22:13.9398523Z [32;1m        PASS[0m [   0.007s] ( 918/2877) [35;1msparq-jsonld::compact[0m [34;1mlist_without_list_container_is_rewrapped_with_aliased_keywords[0m
2026-09-10T18:22:13.9414013Z [32;1m        PASS[0m [   0.007s] ( 919/2877) [35;1msparq-jsonld::compact[0m [34;1mmatching_type_with_unexpressed_index_keeps_the_value_object[0m
2026-09-10T18:22:13.9459392Z [32;1m        PASS[0m [   0.006s] ( 920/2877) [35;1msparq-jsonld::compact[0m [34;1mmulti_node_document_is_wrapped_under_aliased_graph[0m
2026-09-10T18:22:13.9478412Z [32;1m        PASS[0m [   0.006s] ( 921/2877) [35;1msparq-jsonld::compact[0m [34;1mnon_string_literals_compact_to_native_scalars[0m
2026-09-10T18:22:13.9539218Z [32;1m        PASS[0m [   0.007s] ( 922/2877) [35;1msparq-jsonld::compact[0m [34;1mpreserve_payload_is_compacted_in_place[0m
2026-09-10T18:22:13.9569331Z [32;1m        PASS[0m [   0.006s] ( 923/2877) [35;1msparq-jsonld::compact[0m [34;1mreverse_entries_redistribute_onto_reverse_terms[0m
2026-09-10T18:22:13.9594322Z [32;1m        PASS[0m [   0.006s] ( 924/2877) [35;1msparq-jsonld::compact[0m [34;1msimple_graph_with_multiple_nodes_wraps_in_included[0m
2026-09-10T18:22:13.9599250Z [32;1m        PASS[0m [   0.006s] ( 925/2877) [35;1msparq-jsonld::compact[0m [34;1mterm_compaction_embeds_the_caller_context[0m
2026-09-10T18:22:13.9649195Z [32;1m        PASS[0m [   0.006s] ( 926/2877) [35;1msparq-jsonld::compact[0m [34;1mtype_scoped_context_reverts_for_child_nodes[0m
2026-09-10T18:22:13.9709136Z [32;1m        PASS[0m [   0.006s] ( 927/2877) [35;1msparq-jsonld::compact[0m [34;1mvocab_relative_suffix_is_used_when_unambiguous[0m
2026-09-10T18:22:13.9710861Z [32;1m        PASS[0m [   0.006s] ( 928/2877) [35;1msparq-jsonld::context[0m [34;1mbase_is_set_reset_and_resolved_relatively[0m
2026-09-10T18:22:13.9739297Z [32;1m        PASS[0m [   0.006s] ( 929/2877) [35;1msparq-jsonld::context[0m [34;1mexpand_keywords_and_document_relative[0m
2026-09-10T18:22:13.9775370Z [32;1m        PASS[0m [   0.006s] ( 930/2877) [35;1msparq-jsonld::context[0m [34;1mexpand_simple_term_prefix_produces_compact_iri[0m
2026-09-10T18:22:13.9809279Z [32;1m        PASS[0m [   0.006s] ( 931/2877) [35;1msparq-jsonld::context[0m [34;1mimport_merges_a_remote_context_under_the_local_one[0m
2026-09-10T18:22:13.9829273Z [32;1m        PASS[0m [   0.006s] ( 932/2877) [35;1msparq-jsonld::context[0m [34;1minvalid_keyword_alias_to_context[0m
2026-09-10T18:22:13.9869121Z [32;1m        PASS[0m [   0.006s] ( 933/2877) [35;1msparq-jsonld::context[0m [34;1minvalid_reverse_property_with_id[0m
2026-09-10T18:22:13.9899317Z [32;1m        PASS[0m [   0.006s] ( 934/2877) [35;1msparq-jsonld::context[0m [34;1mnull_context_resets_terms[0m
2026-09-10T18:22:13.9901040Z [32;1m        PASS[0m [   0.006s] ( 935/2877) [35;1msparq-jsonld::context[0m [34;1mkeyword_alias_definitions[0m
2026-09-10T18:22:13.9949498Z [32;1m        PASS[0m [   0.006s] ( 936/2877) [35;1msparq-jsonld::context[0m [34;1mredefining_type_with_set_container_is_allowed[0m
2026-09-10T18:22:13.9959167Z [32;1m        PASS[0m [   0.005s] ( 937/2877) [35;1msparq-jsonld::context[0m [34;1mprocessing_mode_conflict_error[0m
2026-09-10T18:22:14.0004118Z [32;1m        PASS[0m [   0.006s] ( 938/2877) [35;1msparq-jsonld::context[0m [34;1mterm_scoped_language_and_direction_are_tri_state[0m
2026-09-10T18:22:14.0012703Z [32;1m        PASS[0m [   0.007s] ( 939/2877) [35;1msparq-jsonld::context[0m [34;1mreverse_property_definition[0m
2026-09-10T18:22:14.0071082Z [32;1m        PASS[0m [   0.006s] ( 940/2877) [35;1msparq-jsonld::edge_min_inputs[0m [34;1mempty_object_context_is_not_embedded_by_compact_expanded[0m
2026-09-10T18:22:14.0087037Z [32;1m        PASS[0m [   0.007s] ( 941/2877) [35;1msparq-jsonld::edge_min_inputs[0m [34;1mnull_and_empty_array_expand_to_empty_arrays[0m
2026-09-10T18:22:14.0136390Z [32;1m        PASS[0m [   0.007s] ( 942/2877) [35;1msparq-jsonld::expand[0m [34;1mcolliding_keywords[0m
2026-09-10T18:22:14.0177795Z [32;1m        PASS[0m [   0.009s] ( 943/2877) [35;1msparq-jsonld::expand[0m [34;1mcontainer_string_is_still_valid_in_1_0_mode[0m
2026-09-10T18:22:14.0216864Z [32;1m        PASS[0m [   0.008s] ( 944/2877) [35;1msparq-jsonld::expand[0m [34;1mdatatype_iri_with_a_structurally_invalid_authority_is_rejected[0m
2026-09-10T18:22:14.0255940Z [32;1m        PASS[0m [   0.008s] ( 945/2877) [35;1msparq-jsonld::expand[0m [34;1mfree_floating_id_only_node_is_dropped[0m
2026-09-10T18:22:14.0299538Z [32;1m        PASS[0m [   0.008s] ( 946/2877) [35;1msparq-jsonld::expand[0m [34;1mid_coercion_keyword_shaped_scalar_and_arrays_retain_null_id[0m
2026-09-10T18:22:14.0330576Z [32;1m        PASS[0m [   0.007s] ( 947/2877) [35;1msparq-jsonld::expand[0m [34;1mincluded_value_must_be_a_node_object[0m
2026-09-10T18:22:14.0360859Z [32;1m        PASS[0m [   0.006s] ( 948/2877) [35;1msparq-jsonld::expand[0m [34;1minvalid_language_tagged_string[0m
2026-09-10T18:22:14.0404590Z [32;1m        PASS[0m [   0.007s] ( 949/2877) [35;1msparq-jsonld::expand[0m [34;1minvalid_type_value[0m
2026-09-10T18:22:14.0427746Z [32;1m        PASS[0m [   0.007s] ( 950/2877) [35;1msparq-jsonld::expand[0m [34;1miri_shaped_term_may_not_be_remapped_onto_a_keyword_in_1_1[0m
2026-09-10T18:22:14.0478585Z [32;1m        PASS[0m [   0.007s] ( 951/2877) [35;1msparq-jsonld::expand[0m [34;1mkeyword_aliases_for_id_and_type[0m
2026-09-10T18:22:14.0509080Z [32;1m        PASS[0m [   0.008s] ( 952/2877) [35;1msparq-jsonld::expand[0m [34;1mnest_flattens_into_parent[0m
2026-09-10T18:22:14.0539893Z [32;1m        PASS[0m [   0.006s] ( 953/2877) [35;1msparq-jsonld::expand[0m [34;1mnumber_and_boolean_values_have_no_language[0m
2026-09-10T18:22:14.0583259Z [32;1m        PASS[0m [   0.007s] ( 954/2877) [35;1msparq-jsonld::expand[0m [34;1mproperty_scoped_context[0m
2026-09-10T18:22:14.0616526Z [32;1m        PASS[0m [   0.008s] ( 955/2877) [35;1msparq-jsonld::expand[0m [34;1mproperty_valued_index_on_value_object_errors[0m
2026-09-10T18:22:14.0660351Z [32;1m        PASS[0m [   0.008s] ( 956/2877) [35;1msparq-jsonld::expand[0m [34;1mrelative_vocab_is_accepted_in_1_1_mode[0m
2026-09-10T18:22:14.0689529Z [32;1m        PASS[0m [   0.006s] ( 957/2877) [35;1msparq-jsonld::expand[0m [34;1mreverse_property_term[0m
2026-09-10T18:22:14.0740280Z [32;1m        PASS[0m [   0.006s] ( 958/2877) [35;1msparq-jsonld::expand[0m [34;1mtop_level_scalar_expands_to_empty_array[0m
2026-09-10T18:22:14.0744785Z [32;1m        PASS[0m [   0.008s] ( 959/2877) [35;1msparq-jsonld::expand[0m [34;1msimple_terms_and_id_coercion[0m
2026-09-10T18:22:14.0803163Z [32;1m        PASS[0m [   0.006s] ( 960/2877) [35;1msparq-jsonld::expand[0m [34;1mtype_map_none_alias_adds_no_type[0m
2026-09-10T18:22:14.0837294Z [32;1m        PASS[0m [   0.009s] ( 961/2877) [35;1msparq-jsonld::expand[0m [34;1mvalue_object_type_and_direction_are_exclusive[0m
2026-09-10T18:22:14.0871721Z [32;1m        PASS[0m [   0.007s] ( 962/2877) [35;1msparq-jsonld::expand[0m [34;1mwell_formed_percent_encoded_and_unicode_datatype_iris_are_accepted[0m
2026-09-10T18:22:14.0920917Z [32;1m        PASS[0m [   0.008s] ( 963/2877) [35;1msparq-jsonld::flatten[0m [34;1mnative_flatten_matches_w3c_suite[0m
2026-09-10T18:22:14.0970127Z [32;1m        PASS[0m [   0.009s] ( 964/2877) [35;1msparq-jsonld::frame[0m [34;1membed_last_keeps_only_last[0m
2026-09-10T18:22:14.0990028Z [32;1m        PASS[0m [   0.006s] ( 965/2877) [35;1msparq-jsonld::frame[0m [34;1mframing_error_codes[0m
2026-09-10T18:22:14.1040184Z [32;1m        PASS[0m [   0.006s] ( 966/2877) [35;1msparq-jsonld::frame[0m [34;1momit_graph_shaping[0m
2026-09-10T18:22:14.1044840Z [32;1m        PASS[0m [   0.006s] ( 967/2877) [35;1msparq-jsonld::frame[0m [34;1mtype_match_embeds_referenced_node[0m
2026-09-10T18:22:14.1101856Z [32;1m        PASS[0m [   0.006s] ( 968/2877) [35;1msparq-jsonld::from_rdf[0m [34;1mcross_graph_shared_cell_stays_plain[0m
2026-09-10T18:22:14.1136835Z [32;1m        PASS[0m [   0.010s] ( 969/2877) [35;1msparq-jsonld::from_rdf[0m [34;1mcompound_literal_collapses_into_a_value_object[0m
2026-09-10T18:22:14.1165465Z [32;1m        PASS[0m [   0.006s] ( 970/2877) [35;1msparq-jsonld::from_rdf[0m [34;1mfrom_rdf_empty_dataset_yields_the_empty_expanded_document[0m
2026-09-10T18:22:14.1221150Z [32;1m        PASS[0m [   0.008s] ( 971/2877) [35;1msparq-jsonld::from_rdf[0m [34;1mgroups_by_subject_with_types_and_deduplicates_quads[0m
2026-09-10T18:22:14.1259604Z [32;1m        PASS[0m [   0.007s] ( 972/2877) [35;1msparq-jsonld::from_rdf[0m [34;1mjson_literal_stays_typed_in_json_ld_10_mode[0m
2026-09-10T18:22:14.1289391Z [32;1m        PASS[0m [   0.006s] ( 973/2877) [35;1msparq-jsonld::from_rdf[0m [34;1mmalformed_json_literal_raises_invalid_json_literal[0m
2026-09-10T18:22:14.1330294Z [32;1m        PASS[0m [   0.007s] ( 974/2877) [35;1msparq-jsonld::from_rdf[0m [34;1mnested_lists_reconstruct_recursively[0m
2026-09-10T18:22:14.1357549Z [32;1m        PASS[0m [   0.006s] ( 975/2877) [35;1msparq-jsonld::from_rdf[0m [34;1moutput_is_the_json_arr_variant[0m
2026-09-10T18:22:14.1379508Z [32;1m        PASS[0m [   0.006s] ( 976/2877) [35;1msparq-jsonld::from_rdf[0m [34;1mrdf_term_blank_constructor[0m
2026-09-10T18:22:14.1409415Z [32;1m        PASS[0m [   0.006s] ( 977/2877) [35;1msparq-jsonld::from_rdf[0m [34;1mrdf_term_literal_constructor[0m
2026-09-10T18:22:14.1439544Z [32;1m        PASS[0m [   0.006s] ( 978/2877) [35;1msparq-jsonld::from_rdf[0m [34;1mshared_compound_literal_is_not_converted[0m
2026-09-10T18:22:14.1490474Z [32;1m        PASS[0m [   0.009s] ( 979/2877) [35;1msparq-jsonld::from_rdf[0m [34;1mwell_formed_chain_collapses_into_a_list[0m
2026-09-10T18:22:14.1530495Z [32;1m        PASS[0m [   0.010s] ( 980/2877) [35;1msparq-jsonld::round_trip[0m [34;1mblank_node_cross_references_round_trip[0m
2026-09-10T18:22:14.1589317Z [32;1m        PASS[0m [   0.009s] ( 981/2877) [35;1msparq-jsonld::round_trip[0m [34;1mempty_context_round_trips[0m
2026-09-10T18:22:14.1609656Z [32;1m        PASS[0m [   0.007s] ( 982/2877) [35;1msparq-jsonld::round_trip[0m [34;1mid_and_vocab_coercions_round_trip[0m
2026-09-10T18:22:14.1647020Z [32;1m        PASS[0m [   0.006s] ( 983/2877) [35;1msparq-jsonld::round_trip[0m [34;1mjson_literal_round_trips[0m
2026-09-10T18:22:14.1671717Z [32;1m        PASS[0m [   0.007s] ( 984/2877) [35;1msparq-jsonld::round_trip[0m [34;1mlanguage_and_direction_round_trip[0m
2026-09-10T18:22:14.1738669Z [32;1m        PASS[0m [   0.009s] ( 985/2877) [35;1msparq-jsonld::round_trip[0m [34;1mmulti_node_document_round_trips_through_the_graph_wrap[0m
2026-09-10T18:22:14.1741000Z [32;1m        PASS[0m [   0.007s] ( 986/2877) [35;1msparq-jsonld::round_trip[0m [34;1mnest_grouping_round_trips[0m
2026-09-10T18:22:14.1804856Z [32;1m        PASS[0m [   0.006s] ( 987/2877) [35;1msparq-jsonld::round_trip[0m [34;1munmatched_iri_falls_back_and_still_round_trips[0m
2026-09-10T18:22:14.1813961Z [32;1m        PASS[0m [   0.008s] ( 988/2877) [35;1msparq-jsonld::round_trip[0m [34;1mset_container_and_empty_array_round_trip[0m
2026-09-10T18:22:14.1890377Z [32;1m        PASS[0m [   0.007s] ( 989/2877) [35;1msparq-jsonld::example/jsonld_conformance[0m [36mtests[0m[36m::[0m[34;1mcomparator_multiset_duplicates[0m
2026-09-10T18:22:14.1919827Z [32;1m        PASS[0m [   0.008s] ( 990/2877) [35;1msparq-jsonld::example/jsonld_conformance[0m [36mtests[0m[36m::[0m[34;1mmanifest_reader_fields[0m
2026-09-10T18:22:14.1949535Z [32;1m        PASS[0m [   0.006s] ( 991/2877) [35;1msparq-jsonld::example/jsonld_conformance[0m [36mtests[0m[36m::[0m[34;1mpass_rate_truncates_never_rounds_up[0m
2026-09-10T18:22:14.1980069Z [32;1m        PASS[0m [   0.006s] ( 992/2877) [35;1msparq-jsonld-registry::context_semantics[0m [34;1munknown_context_fails_closed[0m
2026-09-10T18:22:14.2014122Z [32;1m        PASS[0m [   0.007s] ( 993/2877) [35;1msparq-jsonld-registry::get_contract[0m [34;1mget_returns_parseable_json_for_every_registered_iri[0m
2026-09-10T18:22:14.2059748Z [32;1m        PASS[0m [   0.009s] ( 994/2877) [35;1msparq-jsonld-registry::registry_loader[0m [34;1mregistered_context_round_trips_vendored_bytes[0m
2026-09-10T18:22:14.2125999Z [32;1m        PASS[0m [   0.011s] ( 995/2877) [35;1msparq-kb[0m [36mvocab::tests[0m[36m::[0m[34;1mttl_pins_match_rust_constants[0m
2026-09-10T18:22:14.2149675Z [32;1m        PASS[0m [   0.008s] ( 996/2877) [35;1msparq-lws-core[0m [36macl_cache::tests[0m[36m::[0m[34;1mdisabled_cache_never_stores_and_always_misses[0m
2026-09-10T18:22:14.2209854Z [32;1m        PASS[0m [   0.008s] ( 997/2877) [35;1msparq-lws-core[0m [36macl_cache::tests[0m[36m::[0m[34;1mrefresh_after_rotation_serves_new_parse[0m
2026-09-10T18:22:14.2219784Z [32;1m        PASS[0m [   0.009s] ( 998/2877) [35;1msparq-lws-core[0m [36macl_cache::tests[0m[36m::[0m[34;1minvalidate_removes_the_entry[0m
2026-09-10T18:22:14.2309833Z [32;1m        PASS[0m [   0.008s] ( 999/2877) [35;1msparq-lws-core[0m [36mapp_wasm_native_tests::tests[0m[36m::[0m[34;1mapp_state_new_preserves_ldp_state[0m
2026-09-10T18:22:14.2399619Z [32;1m        PASS[0m [   0.018s] (1000/2877) [35;1msparq-lws-core[0m [36mauth_cache::tests[0m[36m::[0m[34;1math_compat_absent_ok_present_wrong_rejected[0m
2026-09-10T18:22:14.2486927Z [32;1m        PASS[0m [   0.019s] (1001/2877) [35;1msparq-lws-core[0m [36mauth_cache::tests[0m[36m::[0m[34;1mentry_older_than_validation_ttl_is_miss[0m
2026-09-10T18:22:14.2549268Z [32;1m        PASS[0m [   0.014s] (1002/2877) [35;1msparq-lws-core[0m [36mauth_cache::tests[0m[36m::[0m[34;1mfuture_proof_iat_rejected_on_hit[0m
2026-09-10T18:22:14.2630305Z [32;1m        PASS[0m [   0.014s] (1003/2877) [35;1msparq-lws-core[0m [36mauth_cache::tests[0m[36m::[0m[34;1mjti_shared_across_miss_and_hit_paths[0m
2026-09-10T18:22:14.2689248Z [32;1m        PASS[0m [   0.015s] (1004/2877) [35;1msparq-lws-core[0m [36mauth_cache::tests[0m[36m::[0m[34;1mreplayed_jti_rejected_on_hit[0m
2026-09-10T18:22:14.2719331Z [32;1m        PASS[0m [   0.008s] (1005/2877) [35;1msparq-lws-core[0m [36mauth_cache::tests[0m[36m::[0m[34;1mtoken_without_cnf_or_exp_not_cached[0m
2026-09-10T18:22:14.2776485Z [32;1m        PASS[0m [   0.007s] (1006/2877) [35;1msparq-lws-core[0m [36mauth_wasm_native_tests::tests[0m[36m::[0m[34;1mis_public_tracks_webid_presence[0m
2026-09-10T18:22:14.2869858Z [32;1m        PASS[0m [   0.008s] (1007/2877) [35;1msparq-lws-core[0m [36mauthz::acl::tests[0m[36m::[0m[34;1magent_group_does_not_grant_membership_of_a_different_group[0m
2026-09-10T18:22:14.2899572Z [32;1m        PASS[0m [   0.017s] (1008/2877) [35;1msparq-lws-core[0m [36mauth_cache::tests[0m[36m::[0m[34;1mwrong_dpop_key_rejected_on_hit[0m
2026-09-10T18:22:14.2949781Z [32;1m        PASS[0m [   0.008s] (1009/2877) [35;1msparq-lws-core[0m [36mauthz::acl::tests[0m[36m::[0m[34;1magent_group_unresolved_never_matches_fail_closed[0m
2026-09-10T18:22:14.2979633Z [32;1m        PASS[0m [   0.009s] (1010/2877) [35;1msparq-lws-core[0m [36mauthz::acl::tests[0m[36m::[0m[34;1magent_group_iris_skips_rules_that_already_match_and_dedupes[0m
2026-09-10T18:22:14.3020363Z [32;1m        PASS[0m [   0.008s] (1011/2877) [35;1msparq-lws-core[0m [36mauthz::acl::tests[0m[36m::[0m[34;1mdefault_scope_only_matches_acl_default[0m
2026-09-10T18:22:14.3022641Z [32;1m        PASS[0m [   0.008s] (1012/2877) [35;1msparq-lws-core[0m [36mauthz::acl::tests[0m[36m::[0m[34;1mgroup_has_member_matches_the_full_group_iri[0m
2026-09-10T18:22:14.3129549Z [32;1m        PASS[0m [   0.008s] (1013/2877) [35;1msparq-lws-core[0m [36mauthz::acl::tests[0m[36m::[0m[34;1mmultiple_acl_origin_values_any_one_matches[0m
2026-09-10T18:22:14.3131951Z [32;1m        PASS[0m [   0.008s] (1014/2877) [35;1msparq-lws-core[0m [36mauthz::acl::tests[0m[36m::[0m[34;1morigin_restricted_rule_grants_only_from_matching_origin[0m
2026-09-10T18:22:14.3175099Z [32;1m        PASS[0m [   0.007s] (1015/2877) [35;1msparq-lws-core[0m [36mauthz::mode::tests[0m[36m::[0m[34;1macl_iris_round_trip[0m
2026-09-10T18:22:14.3216855Z [32;1m        PASS[0m [   0.009s] (1016/2877) [35;1msparq-lws-core[0m [36mauthz::acl::tests[0m[36m::[0m[34;1mrule_for_a_different_resource_does_not_apply[0m
2026-09-10T18:22:14.3279473Z [32;1m        PASS[0m [   0.008s] (1017/2877) [35;1msparq-lws-core[0m [36mauthz::mode::tests[0m[36m::[0m[34;1mis_acl_auxiliary_suffix_does_not_guard_meta[0m
2026-09-10T18:22:14.3309317Z [32;1m        PASS[0m [   0.007s] (1018/2877) [35;1msparq-lws-core[0m [36mauthz::mode::tests[0m[36m::[0m[34;1mpost_to_container_is_append_else_write[0m
2026-09-10T18:22:14.3365389Z [32;1m        PASS[0m [   0.009s] (1019/2877) [35;1msparq-lws-core[0m [36mauthz::wac::tests[0m[36m::[0m[34;1macl_write_is_seen_by_next_cached_read_no_stale_grant[0m
2026-09-10T18:22:14.3389525Z [32;1m        PASS[0m [   0.012s] (1020/2877) [35;1msparq-lws-core[0m [36mauthz::wac::tests[0m[36m::[0m[34;1magent_group_planned_paths_match_the_sequential_walk[0m
2026-09-10T18:22:14.3425949Z [32;1m        PASS[0m [   0.008s] (1021/2877) [35;1msparq-lws-core[0m [36mauthz::wac::tests[0m[36m::[0m[34;1mancestors_for_a_container_start_at_parent[0m
2026-09-10T18:22:14.3511109Z [32;1m        PASS[0m [   0.008s] (1022/2877) [35;1msparq-lws-core[0m [36mauthz::wac::tests[0m[36m::[0m[34;1mdeleted_acl_is_not_resurrected_by_cache[0m
2026-09-10T18:22:14.3542505Z [32;1m        PASS[0m [   0.016s] (1023/2877) [35;1msparq-lws-core[0m [36mauthz::wac::tests[0m[36m::[0m[34;1mauthorize_read_equivalence_across_cases[0m
2026-09-10T18:22:14.3620595Z [32;1m        PASS[0m [   0.011s] (1024/2877) [35;1msparq-lws-core[0m [36mauthz::wac::tests[0m[36m::[0m[34;1mmalformed_own_acl_denies_does_not_inherit[0m
2026-09-10T18:22:14.3653621Z [32;1m        PASS[0m [   0.011s] (1025/2877) [35;1msparq-lws-core[0m [36mauthz::wac::tests[0m[36m::[0m[34;1mno_bypass_wrong_webid_or_anonymous_cannot_read_or_write[0m
2026-09-10T18:22:14.3799847Z [32;1m        PASS[0m [   0.013s] (1026/2877) [35;1msparq-lws-core[0m [36mauthz::wac::tests[0m[36m::[0m[34;1mplanned_read_cached_acl_rotated_after_plan_uses_current_rules[0m
2026-09-10T18:22:14.3889766Z [32;1m        PASS[0m [   0.008s] (1027/2877) [35;1msparq-lws-core[0m [36mauthz::wac::tests[0m[36m::[0m[34;1mplanned_read_vanished_acl_falls_through_to_the_next_candidate[0m
2026-09-10T18:22:14.3944117Z [32;1m        PASS[0m [   0.008s] (1028/2877) [35;1msparq-lws-core[0m [36mauthz::wac::tests[0m[36m::[0m[34;1mread_plan_candidates_derive_from_the_protected_resource[0m
2026-09-10T18:22:14.4059599Z [32;1m        PASS[0m [   0.009s] (1029/2877) [35;1msparq-lws-core[0m [36mauthz::wac::tests[0m[36m::[0m[34;1mwac_allow_reflects_owner_full_and_public_subset[0m
2026-09-10T18:22:14.4108651Z [32;1m        PASS[0m [   0.007s] (1030/2877) [35;1msparq-lws-core[0m [36mauthz::wac_allow::tests[0m[36m::[0m[34;1mappend_only_is_not_expanded_to_write[0m
2026-09-10T18:22:14.4209401Z [32;1m        PASS[0m [   0.007s] (1031/2877) [35;1msparq-lws-core[0m [36mauthz::wac_allow::tests[0m[36m::[0m[34;1mfull_user_some_public[0m
2026-09-10T18:22:14.4257601Z [32;1m        PASS[0m [   0.007s] (1032/2877) [35;1msparq-lws-core[0m [36mbody_limit::tests[0m[36m::[0m[34;1mexplicit_positive_is_honoured[0m
2026-09-10T18:22:14.4359521Z [32;1m        PASS[0m [   0.007s] (1033/2877) [35;1msparq-lws-core[0m [36midentity::tests[0m[36m::[0m[34;1mconfig_rejects_bad_hosts_fail_closed[0m
2026-09-10T18:22:14.4404994Z [32;1m        PASS[0m [   0.007s] (1034/2877) [35;1msparq-lws-core[0m [36midentity::tests[0m[36m::[0m[34;1mreserved_path_predicate_leaves_normal_paths_alone[0m
2026-09-10T18:22:14.4509641Z [32;1m        PASS[0m [   0.007s] (1035/2877) [35;1msparq-lws-core[0m [36mldp::conditional::tests[0m[36m::[0m[34;1mempty_opaque_tag_matches_only_an_empty_current_tag[0m
2026-09-10T18:22:14.4552914Z [32;1m        PASS[0m [   0.092s] (1036/2877) [35;1msparq-lws-core[0m [36mauthz::wac::tests[0m[36m::[0m[34;1mplanned_authorize_is_decision_equivalent_across_modes_and_the_wac_matrix[0m
2026-09-10T18:22:14.4566769Z [32;1m        PASS[0m [   0.009s] (1037/2877) [35;1msparq-lws-core[0m [36mldp::conditional::tests[0m[36m::[0m[34;1mif_match_rejects_a_weak_validator[0m
2026-09-10T18:22:14.4622094Z [32;1m        PASS[0m [   0.008s] (1038/2877) [35;1msparq-lws-core[0m [36mldp::conditional::tests[0m[36m::[0m[34;1mif_none_match_concrete_tag_blocks_on_match[0m
2026-09-10T18:22:14.4653949Z [32;1m        PASS[0m [   0.008s] (1039/2877) [35;1msparq-lws-core[0m [36mldp::conditional::tests[0m[36m::[0m[34;1mmalformed_if_none_match_never_matches_so_the_guard_proceeds[0m
2026-09-10T18:22:14.4718863Z [32;1m        PASS[0m [   0.009s] (1040/2877) [35;1msparq-lws-core[0m [36mldp::conditional::tests[0m[36m::[0m[34;1mno_preconditions_always_proceeds[0m
2026-09-10T18:22:14.4764603Z [32;1m        PASS[0m [   0.010s] (1041/2877) [35;1msparq-lws-core[0m [36mldp::conditional::tests[0m[36m::[0m[34;1mparse_http_date_rejects_malformed[0m
2026-09-10T18:22:14.4817238Z [32;1m        PASS[0m [   0.010s] (1042/2877) [35;1msparq-lws-core[0m [36mldp::conditional::tests[0m[36m::[0m[34;1mread_comparison_is_exact_per_representation[0m
2026-09-10T18:22:14.4848880Z [32;1m        PASS[0m [   0.009s] (1043/2877) [35;1msparq-lws-core[0m [36mldp::conditional::tests[0m[36m::[0m[34;1mread_if_modified_since_not_modified_is_304[0m
2026-09-10T18:22:14.4903245Z [32;1m        PASS[0m [   0.009s] (1044/2877) [35;1msparq-lws-core[0m [36mldp::conditional::tests[0m[36m::[0m[34;1mread_if_none_match_list_matches_any_member[0m
2026-09-10T18:22:14.4941906Z [32;1m        PASS[0m [   0.009s] (1045/2877) [35;1msparq-lws-core[0m [36mldp::conditional::tests[0m[36m::[0m[34;1mread_if_none_match_present_suppresses_if_modified_since[0m
2026-09-10T18:22:14.5008949Z [32;1m        PASS[0m [   0.010s] (1046/2877) [35;1msparq-lws-core[0m [36mldp::conditional::tests[0m[36m::[0m[34;1mread_no_preconditions_proceeds[0m
2026-09-10T18:22:14.5019337Z [32;1m        PASS[0m [   0.008s] (1047/2877) [35;1msparq-lws-core[0m [36mldp::conditional::tests[0m[36m::[0m[34;1mwildcard_is_only_the_whole_header_never_a_list_member[0m
2026-09-10T18:22:14.5098918Z [32;1m        PASS[0m [   0.008s] (1048/2877) [35;1msparq-lws-core[0m [36mldp::content::tests[0m[36m::[0m[34;1many_wildcard_covers_both_and_keeps_stored[0m
2026-09-10T18:22:14.5105830Z [32;1m        PASS[0m [   0.009s] (1049/2877) [35;1msparq-lws-core[0m [36mldp::conditional::tests[0m[36m::[0m[34;1mwrite_if_match_still_rejects_a_weak_variant_tag[0m
2026-09-10T18:22:14.5185435Z [32;1m        PASS[0m [   0.009s] (1050/2877) [35;1msparq-lws-core[0m [36mldp::content::tests[0m[36m::[0m[34;1mcompacting_an_empty_document_yields_the_empty_object[0m
2026-09-10T18:22:14.5204274Z [32;1m        PASS[0m [   0.008s] (1051/2877) [35;1msparq-lws-core[0m [36mldp::content::tests[0m[36m::[0m[34;1mexplicit_jsonld_wins_over_stored_turtle[0m
2026-09-10T18:22:14.5271219Z [32;1m        PASS[0m [   0.008s] (1052/2877) [35;1msparq-lws-core[0m [36mldp::content::tests[0m[36m::[0m[34;1mprofile_iris_come_from_the_vendored_implementation[0m
2026-09-10T18:22:14.5290539Z [32;1m        PASS[0m [   0.010s] (1053/2877) [35;1msparq-lws-core[0m [36mldp::content::tests[0m[36m::[0m[34;1mserialise_to_turtle_is_reparseable[0m
2026-09-10T18:22:14.5393806Z [32;1m        PASS[0m [   0.013s] (1054/2877) [35;1msparq-lws-core[0m [36mldp::content::tests[0m[36m::[0m[34;1mturtle_round_trips_through_jsonld_and_back[0m
2026-09-10T18:22:14.5407941Z [32;1m        PASS[0m [   0.012s] (1055/2877) [35;1msparq-lws-core[0m [36mldp::cors::tests[0m[36m::[0m[34;1mno_origin_request_gets_no_acao_but_vary_origin[0m
2026-09-10T18:22:14.5491545Z [32;1m        PASS[0m [   0.008s] (1056/2877) [35;1msparq-lws-core[0m [36mldp::handler::tests[0m[36m::[0m[34;1macl_url_is_the_dot_acl_sibling[0m
2026-09-10T18:22:14.5493854Z [32;1m        PASS[0m [   0.010s] (1057/2877) [35;1msparq-lws-core[0m [36mldp::cors::tests[0m[36m::[0m[34;1msimple_request_with_origin_gets_acao_expose_and_vary[0m
2026-09-10T18:22:14.5582965Z [32;1m        PASS[0m [   0.009s] (1058/2877) [35;1msparq-lws-core[0m [36mldp::handler::tests[0m[36m::[0m[34;1mcreate_authz_default_write_only_agent_denied_deep_ancestor_mint[0m
2026-09-10T18:22:14.5601376Z [32;1m        PASS[0m [   0.009s] (1059/2877) [35;1msparq-lws-core[0m [36mldp::handler::tests[0m[36m::[0m[34;1mcreate_authz_default_write_only_agent_denied_put_create[0m
2026-09-10T18:22:14.5675569Z [32;1m        PASS[0m [   0.009s] (1060/2877) [35;1msparq-lws-core[0m [36mldp::handler::tests[0m[36m::[0m[34;1mget_container_emits_no_last_modified[0m
2026-09-10T18:22:14.5699769Z [32;1m        PASS[0m [   0.010s] (1061/2877) [35;1msparq-lws-core[0m [36mldp::handler::tests[0m[36m::[0m[34;1mget_if_modified_since_far_future_is_304[0m
2026-09-10T18:22:14.5787916Z [32;1m        PASS[0m [   0.011s] (1062/2877) [35;1msparq-lws-core[0m [36mldp::handler::tests[0m[36m::[0m[34;1mget_if_modified_since_on_container_is_200_never_304[0m
2026-09-10T18:22:14.5836544Z [32;1m        PASS[0m [   0.015s] (1063/2877) [35;1msparq-lws-core[0m [36mldp::handler::tests[0m[36m::[0m[34;1mget_if_none_match_non_matching_is_200_with_body[0m
2026-09-10T18:22:14.5887144Z [32;1m        PASS[0m [   0.010s] (1064/2877) [35;1msparq-lws-core[0m [36mldp::handler::tests[0m[36m::[0m[34;1mget_jsonld_expanded_profile_echoes_profile_with_byte_identical_body[0m
2026-09-10T18:22:14.5959456Z [32;1m        PASS[0m [   0.010s] (1065/2877) [35;1msparq-lws-core[0m [36mldp::handler::tests[0m[36m::[0m[34;1mget_stored_tag_with_accept_jsonld_is_200_not_304[0m
2026-09-10T18:22:14.5975853Z [32;1m        PASS[0m [   0.009s] (1066/2877) [35;1msparq-lws-core[0m [36mldp::handler::tests[0m[36m::[0m[34;1minterned_type_link_values_match_reference_formatting[0m
2026-09-10T18:22:14.6041134Z [32;1m        PASS[0m [   0.010s] (1067/2877) [35;1msparq-lws-core[0m [36mldp::handler::tests[0m[36m::[0m[34;1mnegotiated_validator_is_profile_variant_specific_when_the_bytes_differ[0m
2026-09-10T18:22:14.6066777Z [32;1m        PASS[0m [   0.009s] (1068/2877) [35;1msparq-lws-core[0m [36mldp::handler::tests[0m[36m::[0m[34;1mpatch_authorized_caller_with_faulting_target_read_gets_500_surfaced_post_auth[0m
2026-09-10T18:22:14.6131504Z [32;1m        PASS[0m [   0.009s] (1069/2877) [35;1msparq-lws-core[0m [36mldp::handler::tests[0m[36m::[0m[34;1mpatch_propagates_non_notfound_read_error_does_not_treat_as_missing[0m
2026-09-10T18:22:14.6165727Z [32;1m        PASS[0m [   0.010s] (1070/2877) [35;1msparq-lws-core[0m [36mldp::handler::tests[0m[36m::[0m[34;1mplain_resource_advertises_only_ldp_resource_type[0m
2026-09-10T18:22:14.6248953Z [32;1m        PASS[0m [   0.010s] (1071/2877) [35;1msparq-lws-core[0m [36mldp::handler::tests[0m[36m::[0m[34;1mpost_slug_dot_acl_case_variant_is_also_denied[0m
2026-09-10T18:22:14.6262535Z [32;1m        PASS[0m [   0.010s] (1072/2877) [35;1msparq-lws-core[0m [36mldp::handler::tests[0m[36m::[0m[34;1mpost_slug_dot_meta_is_allowed_meta_is_not_load_bearing[0m
2026-09-10T18:22:14.6328345Z [32;1m        PASS[0m [   0.010s] (1073/2877) [35;1msparq-lws-core[0m [36mldp::handler::tests[0m[36m::[0m[34;1mput_create_of_normal_resource_does_emit_parent_containment_add[0m
2026-09-10T18:22:14.6367471Z [32;1m        PASS[0m [   0.010s] (1074/2877) [35;1msparq-lws-core[0m [36mldp::handler::tests[0m[36m::[0m[34;1mrender_container_dedups_large_stored_body_via_hashset_branch[0m
2026-09-10T18:22:14.6429719Z [32;1m        PASS[0m [   0.008s] (1075/2877) [35;1msparq-lws-core[0m [36mldp::handler::tests[0m[36m::[0m[34;1mrequire_content_type_distinguishes_absent_from_present[0m
2026-09-10T18:22:14.6492232Z [32;1m        PASS[0m [   0.009s] (1076/2877) [35;1msparq-lws-core[0m [36mldp::handler::tests[0m[36m::[0m[34;1munauthorized_caller_gets_denial_not_304_no_existence_leak[0m
2026-09-10T18:22:14.6581701Z [32;1m        PASS[0m [   0.009s] (1077/2877) [35;1msparq-lws-core[0m [36mldp::handler::tests[0m[36m::[0m[34;1mv2_post_location_shape_is_collision_independent[0m
2026-09-10T18:22:14.6665897Z [32;1m        PASS[0m [   0.029s] (1078/2877) [35;1msparq-lws-core[0m [36mldp::handler::tests[0m[36m::[0m[34;1msparql_snapshot_read_guard_blocks_an_ldp_write_guard[0m
2026-09-10T18:22:14.6689741Z [32;1m        PASS[0m [   0.010s] (1079/2877) [35;1msparq-lws-core[0m [36mldp::handler::tests[0m[36m::[0m[34;1mv4_control_only_holder_conditional_acl_write_is_not_wrongly_denied[0m
2026-09-10T18:22:14.6768721Z [32;1m        PASS[0m [   0.009s] (1080/2877) [35;1msparq-lws-core[0m [36mldp::handler::tests[0m[36m::[0m[34;1mv4_write_without_read_conditional_delete_is_denied[0m
2026-09-10T18:22:14.6780814Z [32;1m        PASS[0m [   0.010s] (1081/2877) [35;1msparq-lws-core[0m [36mldp::handler::tests[0m[36m::[0m[34;1mv4_write_without_read_unconditional_put_still_succeeds[0m
2026-09-10T18:22:14.6870290Z [32;1m        PASS[0m [   0.009s] (1082/2877) [35;1msparq-lws-core[0m [36mldp::handler::tests[0m[36m::[0m[34;1mv6_post_append_only_dropbox_create_into_existing_container_still_201[0m
2026-09-10T18:22:14.6890689Z [32;1m        PASS[0m [   0.011s] (1083/2877) [35;1msparq-lws-core[0m [36mldp::handler::tests[0m[36m::[0m[34;1mv6_post_default_append_dropbox_existence_oracle_closed[0m
2026-09-10T18:22:14.6969455Z [32;1m        PASS[0m [   0.009s] (1084/2877) [35;1msparq-lws-core[0m [36mldp::handler::tests[0m[36m::[0m[34;1mv6_post_write_without_read_non_container_branch_closed[0m
2026-09-10T18:22:14.6997696Z [32;1m        PASS[0m [   0.010s] (1085/2877) [35;1msparq-lws-core[0m [36mldp::handler::tests[0m[36m::[0m[34;1mwhere_patch_is_not_an_existence_oracle_present_vs_absent_byte_identical[0m
2026-09-10T18:22:14.7077504Z [32;1m        PASS[0m [   0.011s] (1086/2877) [35;1msparq-lws-core[0m [36mldp::patch::tests[0m[36m::[0m[34;1mblank_node_in_delete_template_is_422[0m
2026-09-10T18:22:14.7109539Z [32;1m        PASS[0m [   0.010s] (1087/2877) [35;1msparq-lws-core[0m [36mldp::patch::tests[0m[36m::[0m[34;1mempty_patch_is_rejected[0m
2026-09-10T18:22:14.7165024Z [32;1m        PASS[0m [   0.008s] (1088/2877) [35;1msparq-lws-core[0m [36mldp::patch::tests[0m[36m::[0m[34;1minstantiate_rejects_quoted_triple_subject_binding[0m
2026-09-10T18:22:14.7179954Z [32;1m        PASS[0m [   0.009s] (1089/2877) [35;1msparq-lws-core[0m [36mldp::patch::tests[0m[36m::[0m[34;1mparses_insert_and_delete[0m
2026-09-10T18:22:14.7250650Z [32;1m        PASS[0m [   0.009s] (1090/2877) [35;1msparq-lws-core[0m [36mldp::patch::tests[0m[36m::[0m[34;1msparql_update_accepts_trailing_semicolon[0m
2026-09-10T18:22:14.7287344Z [32;1m        PASS[0m [   0.010s] (1091/2877) [35;1msparq-lws-core[0m [36mldp::patch::tests[0m[36m::[0m[34;1munbound_template_variable_is_422[0m
2026-09-10T18:22:14.7348569Z [32;1m        PASS[0m [   0.009s] (1092/2877) [35;1msparq-lws-core[0m [36mldp::patch::tests[0m[36m::[0m[34;1mwhere_blank_node_is_existential_variable[0m
2026-09-10T18:22:14.7400119Z [32;1m        PASS[0m [   0.010s] (1093/2877) [35;1msparq-lws-core[0m [36mldp::patch::tests[0m[36m::[0m[34;1mwhere_conjunctive_join_on_shared_var[0m
2026-09-10T18:22:14.7456087Z [32;1m        PASS[0m [   0.011s] (1094/2877) [35;1msparq-lws-core[0m [36mldp::patch::tests[0m[36m::[0m[34;1mwhere_repeated_blank_label_unifies_as_join[0m
2026-09-10T18:22:14.7476853Z [32;1m        PASS[0m [   0.009s] (1095/2877) [35;1msparq-lws-core[0m [36mldp::range::tests[0m[36m::[0m[34;1mclosed_range[0m
2026-09-10T18:22:14.7544639Z [32;1m        PASS[0m [   0.009s] (1096/2877) [35;1msparq-lws-core[0m [36mldp::range::tests[0m[36m::[0m[34;1minverted_range_is_ignored[0m
2026-09-10T18:22:14.7575829Z [32;1m        PASS[0m [   0.010s] (1097/2877) [35;1msparq-lws-core[0m [36mldp::range::tests[0m[36m::[0m[34;1mno_range_is_full[0m
2026-09-10T18:22:14.7629512Z [32;1m        PASS[0m [   0.008s] (1098/2877) [35;1msparq-lws-core[0m [36mldp::range::tests[0m[36m::[0m[34;1mstart_past_end_is_unsatisfiable[0m
2026-09-10T18:22:14.7673022Z [32;1m        PASS[0m [   0.009s] (1099/2877) [35;1msparq-lws-core[0m [36mldp::range::tests[0m[36m::[0m[34;1mzero_length_resource_is_unsatisfiable[0m
2026-09-10T18:22:14.7717000Z [32;1m        PASS[0m [   0.009s] (1100/2877) [35;1msparq-lws-core[0m [36mnotifications::activity::tests[0m[36m::[0m[34;1meach_activity_serialises_to_its_verb[0m
2026-09-10T18:22:14.7766459Z [32;1m        PASS[0m [   0.009s] (1101/2877) [35;1msparq-lws-core[0m [36mnotifications::tests[0m[36m::[0m[34;1mcreate_fans_to_resource_and_parent_membership[0m
2026-09-10T18:22:14.8449713Z [32;1m        PASS[0m [   0.071s] (1102/2877) [35;1msparq-lws-core[0m [36mnotifications::tests[0m[36m::[0m[34;1mminted_receive_token_validates_for_its_bound_topic[0m
2026-09-10T18:22:14.8486522Z [32;1m        PASS[0m [   0.070s] (1103/2877) [35;1msparq-lws-core[0m [36mnotifications::tests[0m[36m::[0m[34;1mreceive_token_rejects_expired[0m
2026-09-10T18:22:14.8549434Z [32;1m        PASS[0m [   0.008s] (1104/2877) [35;1msparq-lws-core[0m [36mnotifications::ws::tests[0m[36m::[0m[34;1mencode_query_value_escapes_reserved[0m
2026-09-10T18:22:14.8639298Z [32;1m        PASS[0m [   0.008s] (1105/2877) [35;1msparq-lws-core[0m [36mnotifications::ws::tests[0m[36m::[0m[34;1mreceive_from_maps_https_to_wss[0m
2026-09-10T18:22:14.8729453Z [32;1m        PASS[0m [   0.008s] (1106/2877) [35;1msparq-lws-core[0m [36mnotifications::ws::tests[0m[36m::[0m[34;1msubscribe_handler_rejects_anonymous[0m
2026-09-10T18:22:14.8789277Z [32;1m        PASS[0m [   0.008s] (1107/2877) [35;1msparq-lws-core[0m [36mnotifications::ws::tests[0m[36m::[0m[34;1msubscription_service_url_is_absolute[0m
2026-09-10T18:22:14.8879178Z [32;1m        PASS[0m [   0.008s] (1108/2877) [35;1msparq-lws-core[0m [36moverload::tests[0m[36m::[0m[34;1mjittered_retry_after_within_bounds[0m
2026-09-10T18:22:14.8971525Z [32;1m        PASS[0m [   0.007s] (1109/2877) [35;1msparq-lws-core[0m [36moverload::tests[0m[36m::[0m[34;1mmetrics_track_in_flight_via_guard[0m
2026-09-10T18:22:14.9029370Z [32;1m        PASS[0m [   0.008s] (1110/2877) [35;1msparq-lws-core[0m [36mpop::cert_bound::tests[0m[36m::[0m[34;1mconfirmed_when_presented_matches_expected[0m
2026-09-10T18:22:14.9089248Z [32;1m        PASS[0m [   0.007s] (1111/2877) [35;1msparq-lws-core[0m [36mpop::cert_bound::tests[0m[36m::[0m[34;1mfrom_base64url_rejects_invalid_base64[0m
2026-09-10T18:22:14.9131734Z [32;1m        PASS[0m [   0.070s] (1112/2877) [35;1msparq-lws-core[0m [36mnotifications::tests[0m[36m::[0m[34;1mreceive_tokens_are_unguessable_and_distinct[0m
2026-09-10T18:22:14.9186346Z [32;1m        PASS[0m [   0.009s] (1113/2877) [35;1msparq-lws-core[0m [36mpop::cert_bound::tests[0m[36m::[0m[34;1mverify_accepts_thumbprint_decoded_from_the_wire[0m
2026-09-10T18:22:14.9234880Z [32;1m        PASS[0m [   0.010s] (1114/2877) [35;1msparq-lws-core[0m [36mpop::conn::tests[0m[36m::[0m[34;1macceptor_with_sk_flag_exports_ekm_under_the_dpop_sk_label[0m
2026-09-10T18:22:14.9274140Z [32;1m        PASS[0m [   0.009s] (1115/2877) [35;1msparq-lws-core[0m [36mpop::conn::tests[0m[36m::[0m[34;1mpeer_cert_der_trait_yields_the_presented_der[0m
2026-09-10T18:22:14.9325166Z [32;1m        PASS[0m [   0.009s] (1116/2877) [35;1msparq-lws-core[0m [36mpop::conn::tests[0m[36m::[0m[34;1msk_context_injects_conn_id_everywhere_but_ekm_only_on_establishment_path[0m
2026-09-10T18:22:14.9376491Z [32;1m        PASS[0m [   0.010s] (1117/2877) [35;1msparq-lws-core[0m [36mpop::sk::derive::tests[0m[36m::[0m[34;1mappendix_a_confirm_value_matches[0m
2026-09-10T18:22:14.9419227Z [32;1m        PASS[0m [   0.009s] (1118/2877) [35;1msparq-lws-core[0m [36mpop::sk::derive::tests[0m[36m::[0m[34;1mappendix_a_session_id_and_key_encodings_match[0m
2026-09-10T18:22:14.9462563Z [32;1m        PASS[0m [   0.008s] (1119/2877) [35;1msparq-lws-core[0m [36mpop::sk::derive::tests[0m[36m::[0m[34;1msecrets_debug_is_redacted[0m
2026-09-10T18:22:14.9509974Z [32;1m        PASS[0m [   0.008s] (1120/2877) [35;1msparq-lws-core[0m [36mpop::sk::handlers::tests[0m[36m::[0m[34;1msession_ids_are_distinct_and_urlsafe[0m
2026-09-10T18:22:14.9557770Z [32;1m        PASS[0m [   0.010s] (1121/2877) [35;1msparq-lws-core[0m [36mpop::sk::sig::tests[0m[36m::[0m[34;1mcovered_set_must_start_with_required_triple_in_order[0m
2026-09-10T18:22:14.9619677Z [32;1m        PASS[0m [   0.009s] (1122/2877) [35;1msparq-lws-core[0m [36mpop::sk::sig::tests[0m[36m::[0m[34;1mmissing_required_params_rejected[0m
2026-09-10T18:22:14.9659354Z [32;1m        PASS[0m [   0.009s] (1123/2877) [35;1msparq-lws-core[0m [36mpop::sk::sig::tests[0m[36m::[0m[34;1mnonce_strictness[0m
2026-09-10T18:22:14.9675221Z [32;1m        PASS[0m [   0.008s] (1124/2877) [35;1msparq-lws-core[0m [36mpop::sk::sig::tests[0m[36m::[0m[34;1mtwo_dpop_sk_tagged_members_are_rejected[0m
2026-09-10T18:22:14.9779846Z [32;1m        PASS[0m [   0.010s] (1125/2877) [35;1msparq-lws-core[0m [36mpop::sk::store::tests[0m[36m::[0m[34;1mcapacity_is_bounded_with_soonest_expiry_eviction[0m
2026-09-10T18:22:14.9789601Z [32;1m        PASS[0m [   0.008s] (1126/2877) [35;1msparq-lws-core[0m [36mpop::sk::store::tests[0m[36m::[0m[34;1mid_collision_refused[0m
2026-09-10T18:22:14.9840686Z [32;1m        PASS[0m [   0.009s] (1127/2877) [35;1msparq-lws-core[0m [36mpop::sk::tests[0m[36m::[0m[34;1menv_flag_default_off[0m
2026-09-10T18:22:14.9842909Z [32;1m        PASS[0m [   0.008s] (1128/2877) [35;1msparq-lws-core[0m [36mpop::sk::verify::tests[0m[36m::[0m[34;1mconnection_pinned_session_requires_the_same_connection[0m
2026-09-10T18:22:14.9933196Z [32;1m        PASS[0m [   0.008s] (1129/2877) [35;1msparq-lws-core[0m [36mpop::sk::verify::tests[0m[36m::[0m[34;1mmutated_components_fail_the_hmac[0m
2026-09-10T18:22:14.9946015Z [32;1m        PASS[0m [   0.010s] (1130/2877) [35;1msparq-lws-core[0m [36mpop::sk::verify::tests[0m[36m::[0m[34;1mexpired_bound_token_denies_even_with_live_session[0m
2026-09-10T18:22:15.0014576Z [32;1m        PASS[0m [   0.008s] (1131/2877) [35;1msparq-lws-core[0m [36mpop::sk::window::tests[0m[36m::[0m[34;1mbelow_window_is_rejected_even_if_never_seen[0m
2026-09-10T18:22:15.0033259Z [32;1m        PASS[0m [   0.008s] (1132/2877) [35;1msparq-lws-core[0m [36mpop::sk::window::tests[0m[36m::[0m[34;1mforged_traffic_cannot_advance_the_window[0m
2026-09-10T18:22:15.0100434Z [32;1m        PASS[0m [   0.009s] (1133/2877) [35;1msparq-lws-core[0m [36mpop::sk::window::tests[0m[36m::[0m[34;1mshift_by_multiples_of_64_and_large_jumps[0m
2026-09-10T18:22:15.0109800Z [32;1m        PASS[0m [   0.008s] (1134/2877) [35;1msparq-lws-core[0m [36mpop::tests[0m[36m::[0m[34;1mcert_bound_token_denied_on_wrong_cert[0m
2026-09-10T18:22:15.0187882Z [32;1m        PASS[0m [   0.007s] (1135/2877) [35;1msparq-lws-core[0m [36mpop::tests[0m[36m::[0m[34;1munbound_token_routes_to_unbound[0m
2026-09-10T18:22:15.0195376Z [32;1m        PASS[0m [   0.009s] (1136/2877) [35;1msparq-lws-core[0m [36mpop::tests[0m[36m::[0m[34;1mdpop_token_always_routes_to_full_dpop_verify[0m
2026-09-10T18:22:15.0282674Z [32;1m        PASS[0m [   0.010s] (1137/2877) [35;1msparq-lws-core[0m [36mrate_limit::tests[0m[36m::[0m[34;1mdoes_not_trip_at_modest_sequential_rate_under_default[0m
2026-09-10T18:22:15.0361271Z [32;1m        PASS[0m [   0.008s] (1138/2877) [35;1msparq-lws-core[0m [36mrate_limit::tests[0m[36m::[0m[34;1mlimited_response_is_429_with_retry_after_and_no_store[0m
2026-09-10T18:22:15.0449694Z [32;1m        PASS[0m [   0.007s] (1139/2877) [35;1msparq-lws-core[0m [36mrate_limit::tests[0m[36m::[0m[34;1mper_ip_isolation_a_floods_b_unaffected[0m
2026-09-10T18:22:15.0465790Z [32;1m        PASS[0m [   0.026s] (1140/2877) [35;1msparq-lws-core[0m [36mrate_limit::tests[0m[36m::[0m[34;1mhot_ip_throttle_survives_a_spray_of_cold_ips[0m
2026-09-10T18:22:15.0509021Z [32;1m        PASS[0m [   0.007s] (1141/2877) [35;1msparq-lws-core[0m [36mrate_limit::tests[0m[36m::[0m[34;1mrate_off_sentinel_disables[0m
2026-09-10T18:22:15.0569611Z [32;1m        PASS[0m [   0.011s] (1142/2877) [35;1msparq-lws-core[0m [36mrate_limit::tests[0m[36m::[0m[34;1mretry_after_within_bounds[0m
2026-09-10T18:22:15.0591594Z [32;1m        PASS[0m [   0.008s] (1143/2877) [35;1msparq-lws-core[0m [36mrate_limit::tests[0m[36m::[0m[34;1mxff_ignored_by_default_spoof_does_not_dodge_limit[0m
2026-09-10T18:22:15.0650913Z [32;1m        PASS[0m [   0.009s] (1144/2877) [35;1msparq-lws-core[0m [36mrate_limit::tests[0m[36m::[0m[34;1mxff_too_short_falls_back_to_peer[0m
2026-09-10T18:22:15.0684352Z [32;1m        PASS[0m [   0.009s] (1145/2877) [35;1msparq-lws-core[0m [36mseed::tests[0m[36m::[0m[34;1mdemo_seed_is_idempotent[0m
2026-09-10T18:22:15.0759793Z [32;1m        PASS[0m [   0.010s] (1146/2877) [35;1msparq-lws-core[0m [36mseed::tests[0m[36m::[0m[34;1midentity_seed_writes_locked_id_docs_outside_the_pod[0m
2026-09-10T18:22:15.0813788Z [32;1m        PASS[0m [   0.013s] (1147/2877) [35;1msparq-lws-core[0m [36mseed::tests[0m[36m::[0m[34;1mseeds_demo_playground_authenticated_write_public_read[0m
2026-09-10T18:22:15.0866734Z [32;1m        PASS[0m [   0.012s] (1148/2877) [35;1msparq-lws-core[0m [36mseed::tests[0m[36m::[0m[34;1mwebid_profile_is_valid_turtle[0m
2026-09-10T18:22:15.0950055Z [32;1m        PASS[0m [   0.008s] (1149/2877) [35;1msparq-lws-core[0m [36mstore::body_cache::tests[0m[36m::[0m[34;1mbyte_budget_evicts_lru_first[0m
2026-09-10T18:22:15.0998416Z [32;1m        PASS[0m [   0.018s] (1150/2877) [35;1msparq-lws-core[0m [36mstore::blob::tests[0m[36m::[0m[34;1mconcurrent_writes_get_unique_strictly_ordered_generations[0m
2026-09-10T18:22:15.1026864Z [32;1m        PASS[0m [   0.008s] (1151/2877) [35;1msparq-lws-core[0m [36mstore::body_cache::tests[0m[36m::[0m[34;1mdisabled_cache_never_stores_and_always_misses[0m
2026-09-10T18:22:15.1073017Z [32;1m        PASS[0m [   0.008s] (1152/2877) [35;1msparq-lws-core[0m [36mstore::body_cache::tests[0m[36m::[0m[34;1mmiss_on_empty_then_hit_after_insert_same_key[0m
2026-09-10T18:22:15.1130463Z [32;1m        PASS[0m [   0.009s] (1153/2877) [35;1msparq-lws-core[0m [36mstore::body_cache::tests[0m[36m::[0m[34;1mreplacement_of_the_same_key_does_not_leak_charge[0m
2026-09-10T18:22:15.1153115Z [32;1m        PASS[0m [   0.008s] (1154/2877) [35;1msparq-lws-core[0m [36mstore::counting::tests[0m[36m::[0m[34;1mcounters_pin_the_per_method_mapping[0m
2026-09-10T18:22:15.1213350Z [32;1m        PASS[0m [   0.010s] (1155/2877) [35;1msparq-lws-core[0m [36mstore::counting::tests[0m[36m::[0m[34;1mscope_opened_during_in_flight_counts_the_outstanding_concurrency[0m
2026-09-10T18:22:15.1364041Z [32;1m        PASS[0m [   0.015s] (1156/2877) [35;1msparq-lws-core[0m [36mstore::embedded::tests[0m[36m::[0m[34;1mdelete_meta_is_idempotent[0m
2026-09-10T18:22:15.1509632Z [32;1m        PASS[0m [   0.015s] (1157/2877) [35;1msparq-lws-core[0m [36mstore::embedded::tests[0m[36m::[0m[34;1mput_then_get_meta_round_trips[0m
2026-09-10T18:22:15.1609664Z [32;1m        PASS[0m [   0.010s] (1158/2877) [35;1msparq-lws-core[0m [36mstore::embedded::tests[0m[36m::[0m[34;1mread_plan_rejects_invalid_iri_without_dispatching[0m
2026-09-10T18:22:15.1700463Z [32;1m        PASS[0m [   0.054s] (1159/2877) [35;1msparq-lws-core[0m [36mstore::embedded::tests[0m[36m::[0m[34;1mconcurrent_callers_are_serialised_and_every_write_lands[0m
2026-09-10T18:22:15.1749821Z [32;1m        PASS[0m [   0.009s] (1160/2877) [35;1msparq-lws-core[0m [36mstore::reconcile::tests[0m[36m::[0m[34;1mcandidate_recreated_with_same_timestamp_but_new_generation_is_kept[0m
2026-09-10T18:22:15.1778986Z [32;1m        PASS[0m [   0.008s] (1161/2877) [35;1msparq-lws-core[0m [36mstore::reconcile::tests[0m[36m::[0m[34;1mcandidate_that_becomes_referenced_between_snapshot_and_delete_is_kept[0m
2026-09-10T18:22:15.1799731Z [32;1m        PASS[0m [   0.008s] (1162/2877) [35;1msparq-lws-core[0m [36mstore::reconcile::tests[0m[36m::[0m[34;1mdry_run_does_not_count_a_versioned_rewrite_as_would_delete[0m
2026-09-10T18:22:15.1865368Z [32;1m        PASS[0m [   0.008s] (1163/2877) [35;1msparq-lws-core[0m [36mstore::reconcile::tests[0m[36m::[0m[34;1midempotent_second_run_deletes_nothing[0m
2026-09-10T18:22:15.1899847Z [32;1m        PASS[0m [   0.010s] (1164/2877) [35;1msparq-lws-core[0m [36mstore::reconcile::tests[0m[36m::[0m[34;1mold_versionless_orphan_is_reclaimed_via_unconditional_delete[0m
2026-09-10T18:22:15.1956806Z [32;1m        PASS[0m [   0.008s] (1165/2877) [35;1msparq-lws-core[0m [36mstore::reconcile::tests[0m[36m::[0m[34;1mreport_counts_partition_correctly[0m
2026-09-10T18:22:15.1989665Z [32;1m        PASS[0m [   0.009s] (1166/2877) [35;1msparq-lws-core[0m [36mstore::reconcile::tests[0m[36m::[0m[34;1munreferenced_but_too_young_blob_is_kept[0m
2026-09-10T18:22:15.2041589Z [32;1m        PASS[0m [   0.009s] (1167/2877) [35;1msparq-lws-core[0m [36mstore::sparql::tests[0m[36m::[0m[34;1mask_contains_edge_targets_the_exact_edge[0m
2026-09-10T18:22:15.2061045Z [32;1m        PASS[0m [   0.008s] (1168/2877) [35;1msparq-lws-core[0m [36mstore::sparql::tests[0m[36m::[0m[34;1mbody_object_renders_each_term_safely[0m
2026-09-10T18:22:15.2106172Z [32;1m        PASS[0m [   0.007s] (1169/2877) [35;1msparq-lws-core[0m [36mstore::sparql::tests[0m[36m::[0m[34;1mcreate_child_rejects_an_invalid_child_iri[0m
2026-09-10T18:22:15.2137661Z [32;1m        PASS[0m [   0.008s] (1170/2877) [35;1msparq-lws-core[0m [36mstore::sparql::tests[0m[36m::[0m[34;1mdelete_container_if_empty_is_one_single_modify_not_a_sequence[0m
2026-09-10T18:22:15.2206587Z [32;1m        PASS[0m [   0.007s] (1171/2877) [35;1msparq-lws-core[0m [36mstore::sparql::tests[0m[36m::[0m[34;1mdelete_container_if_empty_rejects_an_invalid_parent_iri[0m
2026-09-10T18:22:15.2229679Z [32;1m        PASS[0m [   0.008s] (1172/2877) [35;1msparq-lws-core[0m [36mstore::sparql::tests[0m[36m::[0m[34;1minsert_body_data_rejects_reserved_term_collisions[0m
2026-09-10T18:22:15.2259259Z [32;1m        PASS[0m [   0.007s] (1173/2877) [35;1msparq-lws-core[0m [36mstore::sparql::tests[0m[36m::[0m[34;1miri_rejects_injection_delimiters[0m
2026-09-10T18:22:15.2291317Z [32;1m        PASS[0m [   0.008s] (1174/2877) [35;1msparq-lws-core[0m [36mstore::sparql::tests[0m[36m::[0m[34;1mput_meta_does_not_drop_the_whole_graph[0m
2026-09-10T18:22:15.2329877Z [32;1m        PASS[0m [   0.007s] (1175/2877) [35;1msparq-lws-core[0m [36mstore::sparql::tests[0m[36m::[0m[34;1mselect_meta_binds_modified_optionally[0m
2026-09-10T18:22:15.2379467Z [32;1m        PASS[0m [   0.008s] (1176/2877) [35;1msparq-lws-core[0m [36mstore::sparql::tests[0m[36m::[0m[34;1mselect_read_plan_is_one_query_over_all_candidates[0m
2026-09-10T18:22:15.2410066Z [32;1m        PASS[0m [   0.008s] (1177/2877) [35;1msparq-lws-core[0m [36mstore::tests[0m[36m::[0m[34;1mmint_blob_key_is_fallible_and_succeeds_on_a_working_os_rng[0m
2026-09-10T18:22:15.2469511Z [32;1m        PASS[0m [   0.008s] (1178/2877) [35;1msparq-lws-core[0m [36mstore::tests[0m[36m::[0m[34;1mvalidated_child_iri_accepts_valid_rejects_malformed[0m
2026-09-10T18:22:15.2482197Z [32;1m        PASS[0m [   0.007s] (1179/2877) [35;1msparq-lws-core[0m [36mstore::timestamp::tests[0m[36m::[0m[34;1mformats_canonical_utc[0m
2026-09-10T18:22:15.2524083Z [32;1m        PASS[0m [   0.008s] (1180/2877) [35;1msparq-lws-core[0m [36mstore::timestamp::tests[0m[36m::[0m[34;1mpre_epoch_is_none[0m
2026-09-10T18:22:15.2579395Z [32;1m        PASS[0m [   0.008s] (1181/2877) [35;1msparq-lws-core[0m [36mstore::timestamp::tests[0m[36m::[0m[34;1mround_trips_a_range_of_instants[0m
2026-09-10T18:22:15.2597303Z [32;1m        PASS[0m [   0.007s] (1182/2877) [35;1msparq-lws-core[0m [36mtls::tests[0m[36m::[0m[34;1mblank_value_counts_as_set_so_one_blank_is_incomplete[0m
2026-09-10T18:22:15.2699697Z [32;1m        PASS[0m [   0.007s] (1183/2877) [35;1msparq-lws-core[0m [36mtls::tests[0m[36m::[0m[34;1mcert_only_is_incomplete[0m
2026-09-10T18:22:15.2749058Z [32;1m        PASS[0m [   0.018s] (1184/2877) [35;1msparq-lws-core[0m [36mtls::tests[0m[36m::[0m[34;1mbuilt_config_advertises_h2_then_http11_alpn[0m
2026-09-10T18:22:15.2769497Z [32;1m        PASS[0m [   0.008s] (1185/2877) [35;1msparq-lws-core[0m [36mtls::tests[0m[36m::[0m[34;1mis_affirmative_grammar_matches_opt_in_only[0m
2026-09-10T18:22:15.2939743Z [32;1m        PASS[0m [   0.017s] (1186/2877) [35;1msparq-lws-core[0m [36mtls::tests[0m[36m::[0m[34;1mmtls_config_builds_optional_client_auth_and_keeps_alpn[0m
2026-09-10T18:22:15.2993427Z [32;1m        PASS[0m [   0.007s] (1187/2877) [35;1msparq-lws-core[0m [36mtls::tests[0m[36m::[0m[34;1mneither_set_is_plain[0m
2026-09-10T18:22:15.3079437Z [32;1m        PASS[0m [   0.007s] (1188/2877) [35;1msparq-lws-core[0m [36mtls::tests[0m[36m::[0m[34;1mparse_session_cache_size_table[0m
2026-09-10T18:22:15.3317910Z [32;1m        PASS[0m [   0.057s] (1189/2877) [35;1msparq-lws-core[0m [36mtls::tests[0m[36m::[0m[34;1mmake_ticketer_is_none_when_off_and_enabled_when_on[0m
2026-09-10T18:22:15.3372622Z [32;1m        PASS[0m [   0.005s] (1190/2877) [35;1msparq-lws-core[0m [36mtransport::tests[0m[36m::[0m[34;1mconn_exempt_internal_parse_rules[0m
2026-09-10T18:22:15.3429478Z [32;1m        PASS[0m [   0.005s] (1191/2877) [35;1msparq-lws-core[0m [36mtransport::tests[0m[36m::[0m[34;1mconnection_limiter_clamps_to_at_least_one_permit[0m
2026-09-10T18:22:15.3489207Z [32;1m        PASS[0m [   0.006s] (1192/2877) [35;1msparq-lws-core[0m [36mtransport::tests[0m[36m::[0m[34;1mh2_max_concurrent_streams_explicit_positive_is_honoured[0m
2026-09-10T18:22:15.4162465Z [32;1m        PASS[0m [   0.110s] (1193/2877) [35;1msparq-lws-core[0m [36mtransport::tests[0m[36m::[0m[34;1macceptor_releases_permit_when_handshake_stalls[0m
2026-09-10T18:22:15.6072793Z [32;1m        PASS[0m [   0.259s] (1194/2877) [35;1msparq-lws-core[0m [36mtransport::tests[0m[36m::[0m[34;1midle_timeout_stream_grants_a_full_fresh_window_after_an_exchange_ends[0m
2026-09-10T18:22:15.6144276Z [32;1m        PASS[0m [   0.007s] (1195/2877) [35;1msparq-lws-core[0m [36mtransport::tests[0m[36m::[0m[34;1mmax_connections_default_on_absent_empty_invalid_or_zero[0m
2026-09-10T18:22:15.6215229Z [32;1m        PASS[0m [   0.007s] (1196/2877) [35;1msparq-lws-core[0m [36mtransport::tests[0m[36m::[0m[34;1mmax_requests_per_conn_disabled_on_absent_empty_invalid_or_zero[0m
2026-09-10T18:22:15.6293049Z [32;1m        PASS[0m [   0.007s] (1197/2877) [35;1msparq-lws-core[0m [36mtransport::tests[0m[36m::[0m[34;1mmax_requests_service_never_clobbers_a_101_websocket_upgrade[0m
2026-09-10T18:22:15.6370135Z [32;1m        PASS[0m [   0.008s] (1198/2877) [35;1msparq-lws-core[0m [36mtransport::tests[0m[36m::[0m[34;1mmax_requests_service_still_stamps_close_on_a_non_101_upgrade_advertising_response[0m
2026-09-10T18:22:15.6445177Z [32;1m        PASS[0m [   0.007s] (1199/2877) [35;1msparq-lws-core[0m [36mtransport::tests[0m[36m::[0m[34;1mper_ip_cap_disabled_admits_everything[0m
2026-09-10T18:22:15.6519273Z [32;1m        PASS[0m [   0.007s] (1200/2877) [35;1msparq-lws-core[0m [36mtransport::tests[0m[36m::[0m[34;1mper_ip_cap_zero_is_clamped_to_one_never_refuses_all[0m
2026-09-10T18:22:15.6701342Z [32;1m        PASS[0m [   0.018s] (1201/2877) [35;1msparq-lws-core::adversarial_invariants[0m [34;1mbogus_credentials_never_authorize[0m
2026-09-10T18:22:15.8340647Z [32;1m        PASS[0m [   0.416s] (1202/2877) [35;1msparq-lws-core[0m [36mtransport::tests[0m[36m::[0m[34;1midle_timeout_stream_pauses_while_a_request_is_in_flight_then_fires_when_idle[0m
2026-09-10T18:22:15.8662171Z [32;1m        PASS[0m [   0.032s] (1203/2877) [35;1msparq-lws-core::auth_cache_integration[0m [34;1mmiss_then_hit_returns_same_identity_with_fresh_proof[0m
2026-09-10T18:22:15.8843808Z [32;1m        PASS[0m [   0.214s] (1204/2877) [35;1msparq-lws-core::adversarial_invariants[0m [34;1mfresh_jtis_keep_being_accepted[0m
2026-09-10T18:22:15.9069359Z [32;1m        PASS[0m [   0.042s] (1205/2877) [35;1msparq-lws-core::auth_middleware[0m [34;1mdpop_proof_for_a_different_url_is_rejected[0m
2026-09-10T18:22:15.9170817Z [32;1m        PASS[0m [   0.032s] (1206/2877) [35;1msparq-lws-core::auth_middleware[0m [34;1mhttp_get_without_auth_injects_public_creds_and_the_ldp_layer_gates[0m
2026-09-10T18:22:15.9307272Z [32;1m        PASS[0m [   0.024s] (1207/2877) [35;1msparq-lws-core::auth_middleware[0m [34;1mtoken_from_an_untrusted_issuer_is_rejected[0m
2026-09-10T18:22:15.9785054Z [32;1m        PASS[0m [   0.061s] (1208/2877) [35;1msparq-lws-core::body_limit[0m [34;1mdefault_two_mib_limit_admits_a_normal_body[0m
2026-09-10T18:22:16.0177082Z [32;1m        PASS[0m [   0.087s] (1209/2877) [35;1msparq-lws-core::demo_seed[0m [34;1mdemo_seed_anonymous_get_readme_is_public[0m
2026-09-10T18:22:16.0449675Z [32;1m        PASS[0m [   0.065s] (1210/2877) [35;1msparq-lws-core::demo_seed[0m [34;1mdemo_seed_authenticated_put_under_playground_creates[0m
2026-09-10T18:22:16.0526167Z [32;1m        PASS[0m [   0.035s] (1211/2877) [35;1msparq-lws-core::demo_seed[0m [34;1mdemo_seed_readme_banner_discloses_the_shared_write_consequences[0m
2026-09-10T18:22:16.2013507Z [32;1m        PASS[0m [   0.149s] (1212/2877) [35;1msparq-lws-core::embedded_read_counters[0m [34;1membedded_head_doc_warm_k3_seam_counts[0m
2026-09-10T18:22:16.2151166Z [32;1m        PASS[0m [   0.172s] (1213/2877) [35;1msparq-lws-core::embedded_read_counters[0m [34;1membedded_get_304_warm_seam_counts[0m
2026-09-10T18:22:16.2548294Z [32;1m        PASS[0m [   0.053s] (1214/2877) [35;1msparq-lws-core::identity_conneg[0m [34;1mreserved_identity_namespace_still_refuses_writes[0m
2026-09-10T18:22:16.2683517Z [32;1m        PASS[0m [   0.053s] (1215/2877) [35;1msparq-lws-core::identity_http[0m [34;1mid_doc_demoted_card_is_an_honest_extension_of_the_id_host_webid[0m
2026-09-10T18:22:16.2729561Z [32;1m        PASS[0m [   0.016s] (1216/2877) [35;1msparq-lws-core::identity_http[0m [34;1mid_doc_if_none_match_answers_304[0m
2026-09-10T18:22:16.2856167Z [32;1m        PASS[0m [   0.015s] (1217/2877) [35;1msparq-lws-core::identity_http[0m [34;1mid_host_write_methods_are_405_with_allow_get_head[0m
2026-09-10T18:22:16.2880122Z [32;1m        PASS[0m [   0.018s] (1218/2877) [35;1msparq-lws-core::identity_http[0m [34;1mid_doc_negotiates_jsonld[0m
2026-09-10T18:22:16.2943505Z [32;1m        PASS[0m [   0.008s] (1219/2877) [35;1msparq-lws-core::ldp_conneg[0m [34;1mblank_accept_falls_back_to_turtle[0m
2026-09-10T18:22:16.3023849Z [32;1m        PASS[0m [   0.008s] (1220/2877) [35;1msparq-lws-core::ldp_conneg[0m [34;1mcontent_type_echoes_the_honoured_profile_per_the_iana_registration[0m
2026-09-10T18:22:16.3279427Z [32;1m        PASS[0m [   0.023s] (1221/2877) [35;1msparq-lws-core::ldp_conneg[0m [34;1mjsonld_serialisation_round_trips_locally[0m
2026-09-10T18:22:16.3355563Z [32;1m        PASS[0m [   0.010s] (1222/2877) [35;1msparq-lws-core::ldp_conneg[0m [34;1mprofile_of_the_best_q_ldjson_range_wins[0m
2026-09-10T18:22:16.3363627Z [32;1m        PASS[0m [   0.050s] (1223/2877) [35;1msparq-lws-core::identity_http[0m [34;1mldp_surface_refuses_reserved_namespace_for_credentialed_requests_too[0m
2026-09-10T18:22:16.3434979Z [32;1m        PASS[0m [   0.007s] (1224/2877) [35;1msparq-lws-core::ldp_conneg[0m [34;1mq_zero_excludes_a_type_and_the_other_still_wins[0m
2026-09-10T18:22:16.3462908Z [32;1m        PASS[0m [   0.011s] (1225/2877) [35;1msparq-lws-core::ldp_conneg[0m [34;1mprofile_param_selects_expanded[0m
2026-09-10T18:22:16.3507304Z [32;1m        PASS[0m [   0.007s] (1226/2877) [35;1msparq-lws-core::ldp_conneg[0m [34;1mvariant_suffix_is_profile_specific_only_when_the_bytes_differ[0m
2026-09-10T18:22:16.4720287Z [32;1m        PASS[0m [   0.124s] (1227/2877) [35;1msparq-lws-core::ldp_http[0m [34;1mappend_only_caller_patch_with_deletes_is_uniformly_denied_no_oracle[0m
2026-09-10T18:22:16.4910336Z [32;1m        PASS[0m [   0.021s] (1228/2877) [35;1msparq-lws-core::ldp_http[0m [34;1mcors_simple_request_carries_acao_and_expose_headers_even_on_401[0m
2026-09-10T18:22:16.4959442Z [32;1m        PASS[0m [   0.143s] (1229/2877) [35;1msparq-lws-core::ldp_http[0m [34;1mcontainer_get_renders_ldp_contains_listing[0m
2026-09-10T18:22:16.5250454Z [32;1m        PASS[0m [   0.032s] (1230/2877) [35;1msparq-lws-core::ldp_http[0m [34;1mdelete_a_missing_resource_is_a_uniform_denial_not_404[0m
2026-09-10T18:22:16.5557134Z [32;1m        PASS[0m [   0.062s] (1231/2877) [35;1msparq-lws-core::ldp_http[0m [34;1mdelete_removes_a_resource[0m
2026-09-10T18:22:16.5734566Z [32;1m        PASS[0m [   0.050s] (1232/2877) [35;1msparq-lws-core::ldp_http[0m [34;1mget_response_advertises_allow_accept_post_accept_patch[0m
2026-09-10T18:22:16.6071506Z [32;1m        PASS[0m [   0.051s] (1233/2877) [35;1msparq-lws-core::ldp_http[0m [34;1mget_with_explicit_q_zero_refusal_is_406[0m
2026-09-10T18:22:16.6229000Z [32;1m        PASS[0m [   0.049s] (1234/2877) [35;1msparq-lws-core::ldp_http[0m [34;1mhead_with_a_range_is_200_not_206[0m
2026-09-10T18:22:16.6562670Z [32;1m        PASS[0m [   0.049s] (1235/2877) [35;1msparq-lws-core::ldp_http[0m [34;1mpatch_deleting_an_absent_triple_is_409[0m
2026-09-10T18:22:16.6787123Z [32;1m        PASS[0m [   0.056s] (1236/2877) [35;1msparq-lws-core::ldp_http[0m [34;1mpatch_with_a_multi_solution_where_is_409[0m
2026-09-10T18:22:16.7057705Z [32;1m        PASS[0m [   0.027s] (1237/2877) [35;1msparq-lws-core::ldp_http[0m [34;1mpost_to_a_missing_container_is_404[0m
2026-09-10T18:22:16.7133416Z [32;1m        PASS[0m [   0.057s] (1238/2877) [35;1msparq-lws-core::ldp_http[0m [34;1mpatch_with_sparql_update_insert_data_applies[0m
2026-09-10T18:22:16.7634807Z [32;1m        PASS[0m [   0.050s] (1239/2877) [35;1msparq-lws-core::ldp_http[0m [34;1mput_if_match_with_correct_etag_succeeds[0m
2026-09-10T18:22:16.7740793Z [32;1m        PASS[0m [   0.065s] (1240/2877) [35;1msparq-lws-core::ldp_http[0m [34;1mput_creates_intermediate_containers_and_wires_membership[0m
2026-09-10T18:22:16.7950862Z [32;1m        PASS[0m [   0.031s] (1241/2877) [35;1msparq-lws-core::ldp_http[0m [34;1mput_malformed_rdf_in_a_declared_rdf_type_is_400[0m
2026-09-10T18:22:16.8012831Z [32;1m        PASS[0m [   0.029s] (1242/2877) [35;1msparq-lws-core::ldp_http[0m [34;1mput_with_malformed_turtle_is_400[0m
2026-09-10T18:22:16.8219871Z [32;1m        PASS[0m [   0.020s] (1243/2877) [35;1msparq-lws-core::ldp_http[0m [34;1munauthenticated_post_is_401_with_challenge[0m
2026-09-10T18:22:16.8285539Z [32;1m        PASS[0m [   0.006s] (1244/2877) [35;1msparq-lws-core::ldp_range_multipart[0m [34;1msingle_range_golden_is_unchanged[0m
2026-09-10T18:22:16.8362309Z [32;1m        PASS[0m [   0.009s] (1245/2877) [35;1msparq-lws-core::ldp_target[0m [34;1ma_non_absolute_path_is_rejected[0m
2026-09-10T18:22:16.8430418Z [32;1m        PASS[0m [   0.007s] (1246/2877) [35;1msparq-lws-core::ldp_target[0m [34;1man_empty_base_is_rejected[0m
2026-09-10T18:22:16.8537560Z [32;1m        PASS[0m [   0.010s] (1247/2877) [35;1msparq-lws-core::ldp_target[0m [34;1mparses_a_simple_resource_path[0m
2026-09-10T18:22:16.8616584Z [32;1m        PASS[0m [   0.006s] (1248/2877) [35;1msparq-lws-core::ldp_target[0m [34;1mthe_root_is_a_valid_target_and_is_a_container[0m
2026-09-10T18:22:16.8935665Z [32;1m        PASS[0m [   0.098s] (1249/2877) [35;1msparq-lws-core::ldp_http[0m [34;1mslash_semantics_resource_and_container_cannot_coexist[0m
2026-09-10T18:22:16.9200015Z [32;1m        PASS[0m [   0.026s] (1250/2877) [35;1msparq-lws-core::notifications_http[0m [34;1mreceive_without_token_is_rejected[0m
2026-09-10T18:22:16.9338703Z [32;1m        PASS[0m [   0.014s] (1251/2877) [35;1msparq-lws-core::notifications_http[0m [34;1mwell_known_solid_advertises_the_subscription_service[0m
2026-09-10T18:22:17.0219575Z [32;1m        PASS[0m [   0.162s] (1252/2877) [35;1msparq-lws-core::notifications_http[0m [34;1mlive_websocket_overflow_closes_and_increments_metrics[0m
2026-09-10T18:22:17.0789432Z [32;1m        PASS[0m [   0.057s] (1253/2877) [35;1msparq-lws-core::overload_http[0m [34;1mnormal_concurrency_does_not_trip_the_limit[0m
2026-09-10T18:22:17.0948508Z [32;1m        PASS[0m [   0.016s] (1254/2877) [35;1msparq-lws-core::overload_http[0m [34;1mshed_does_not_bypass_auth_for_a_protected_write[0m
2026-09-10T18:22:17.1256843Z [32;1m        PASS[0m [   0.191s] (1255/2877) [35;1msparq-lws-core::odrl_query_enforcement[0m [34;1msame_query_two_requesters_observe_different_result_sets[0m
2026-09-10T18:22:17.1626643Z [32;1m        PASS[0m [   0.068s] (1256/2877) [35;1msparq-lws-core::pop_dpop_sk[0m [34;1mattested_delete_terminates_the_session[0m
2026-09-10T18:22:17.1839905Z [32;1m        PASS[0m [   0.056s] (1257/2877) [35;1msparq-lws-core::pop_dpop_sk[0m [34;1mestablishment_refuses_unavailable_or_unknown_flavours[0m
2026-09-10T18:22:17.1894714Z [32;1m        PASS[0m [   0.027s] (1258/2877) [35;1msparq-lws-core::pop_dpop_sk[0m [34;1minvalid_attestation_wins_over_a_valid_dpop_proof[0m
2026-09-10T18:22:17.2100380Z [32;1m        PASS[0m [   0.026s] (1259/2877) [35;1msparq-lws-core::pop_dpop_sk[0m [34;1mnonce_below_the_window_is_denied_even_if_never_used[0m
2026-09-10T18:22:17.2180880Z [32;1m        PASS[0m [   0.026s] (1260/2877) [35;1msparq-lws-core::pop_dpop_sk[0m [34;1mtls_exporter_flavour_derives_and_confirms_the_same_key_both_sides[0m
2026-09-10T18:22:17.2320516Z [32;1m        PASS[0m [   0.024s] (1261/2877) [35;1msparq-lws-core::pop_dpop_sk[0m [34;1mtrailing_slash_base_url_still_verifies_attestations[0m
2026-09-10T18:22:17.2446401Z [32;1m        PASS[0m [   0.012s] (1262/2877) [35;1msparq-lws-core::pop_mtls[0m [34;1mcert_bound_token_with_no_client_cert_is_denied[0m
2026-09-10T18:22:17.2496324Z [32;1m        PASS[0m [   0.034s] (1263/2877) [35;1msparq-lws-core::pop_mtls[0m [34;1mcache_enabled_pure_dpop_token_still_caches_and_authenticates[0m
2026-09-10T18:22:17.2586616Z [32;1m        PASS[0m [   0.014s] (1264/2877) [35;1msparq-lws-core::pop_mtls[0m [34;1mlive_cert_bound_bearer_authenticates_through_verify_under_require_dpop[0m
2026-09-10T18:22:17.2689848Z [32;1m        PASS[0m [   0.016s] (1265/2877) [35;1msparq-lws-core::pop_mtls[0m [34;1mlive_dpop_bound_token_presented_as_bearer_with_cert_is_401_under_require_dpop[0m
2026-09-10T18:22:17.2713513Z [32;1m        PASS[0m [   0.012s] (1266/2877) [35;1msparq-lws-core::pop_mtls[0m [34;1mlive_plain_bearer_still_rejected_under_require_dpop[0m
2026-09-10T18:22:17.3230149Z [32;1m        PASS[0m [   0.057s] (1267/2877) [35;1msparq-lws-core::public_read_skip[0m [34;1minv1_skip_path_is_byte_identical_to_full_anonymous_path_get[0m
2026-09-10T18:22:17.3269708Z [32;1m        PASS[0m [   0.055s] (1268/2877) [35;1msparq-lws-core::public_read_skip[0m [34;1minv2_authenticated_owner_of_public_resource_sees_full_user_modes[0m
2026-09-10T18:22:17.3444083Z [32;1m        PASS[0m [   0.019s] (1269/2877) [35;1msparq-lws-core::public_read_skip[0m [34;1mmutation_never_skips_crypto_anonymous_put_is_401[0m
2026-09-10T18:22:17.3486132Z [32;1m        PASS[0m [   0.026s] (1270/2877) [35;1msparq-lws-core::public_read_skip[0m [34;1minv3_missing_public_resource_is_same_404_as_anonymous[0m
2026-09-10T18:22:17.3941864Z [32;1m        PASS[0m [   0.045s] (1271/2877) [35;1msparq-lws-core::rate_limit_http[0m [34;1mrate_limited_request_never_reaches_auth_no_bypass[0m
2026-09-10T18:22:17.3971068Z [32;1m        PASS[0m [   0.050s] (1272/2877) [35;1msparq-lws-core::rate_limit_http[0m [34;1mflood_from_one_ip_429s_and_a_different_ip_is_unaffected[0m
2026-09-10T18:22:17.4939315Z [32;1m        PASS[0m [   0.099s] (1273/2877) [35;1msparq-lws-core::read_path_counters[0m [34;1mget_container_warm_k2_pins_plan_confirm_listing_queries[0m
2026-09-10T18:22:17.5350084Z [32;1m        PASS[0m [   0.139s] (1274/2877) [35;1msparq-lws-core::read_path_counters[0m [34;1mcontainer_listing_query_count_is_independent_of_child_count[0m
2026-09-10T18:22:17.5409413Z [32;1m        PASS[0m [   0.047s] (1275/2877) [35;1msparq-lws-core::read_path_counters[0m [34;1mhead_doc_warm_k3_pins_same_as_get[0m
2026-09-10T18:22:17.6609921Z [32;1m        PASS[0m [   0.126s] (1276/2877) [35;1msparq-lws-core::response_write_coalescing[0m [34;1mreal_container_listing_is_single_vectored_write[0m
2026-09-10T18:22:17.6709568Z [32;1m        PASS[0m [   0.007s] (1277/2877) [35;1msparq-lws-core::store[0m [34;1mclassifies_turtle_and_jsonld_ignoring_params[0m
2026-09-10T18:22:17.6760749Z [32;1m        PASS[0m [   0.009s] (1278/2877) [35;1msparq-lws-core::store[0m [34;1mcreate_in_a_missing_container_is_not_found[0m
2026-09-10T18:22:17.6820035Z [32;1m        PASS[0m [   0.138s] (1279/2877) [35;1msparq-lws-core::sparql_endpoint[0m [34;1mnegation_cannot_distinguish_an_unreadable_resource_from_absence[0m
2026-09-10T18:22:17.6851271Z [32;1m        PASS[0m [   0.008s] (1280/2877) [35;1msparq-lws-core::store[0m [34;1mdelete_container_if_empty_deletes_an_empty_container[0m
2026-09-10T18:22:17.6865062Z [32;1m        PASS[0m [   0.007s] (1281/2877) [35;1msparq-lws-core::store[0m [34;1mdelete_container_if_empty_refuses_a_populated_container[0m
2026-09-10T18:22:17.6939522Z [32;1m        PASS[0m [   0.008s] (1282/2877) [35;1msparq-lws-core::store[0m [34;1mdelete_is_idempotent_on_absent[0m
2026-09-10T18:22:17.6969361Z [32;1m        PASS[0m [   0.006s] (1283/2877) [35;1msparq-lws-core::store[0m [34;1mdelete_removes_metadata_and_bytes[0m
2026-09-10T18:22:17.6989459Z [32;1m        PASS[0m [   0.006s] (1284/2877) [35;1msparq-lws-core::store[0m [34;1mread_of_a_missing_resource_is_not_found[0m
2026-09-10T18:22:17.6997074Z [32;1m        PASS[0m [   0.007s] (1285/2877) [35;1msparq-lws-core::store[0m [34;1meach_write_to_the_same_iri_mints_a_distinct_blob_key[0m
2026-09-10T18:22:17.7069771Z [32;1m        PASS[0m [   0.007s] (1286/2877) [35;1msparq-lws-core::store[0m [34;1mvalidates_well_formed_jsonld[0m
2026-09-10T18:22:17.7093489Z [32;1m        PASS[0m [   0.010s] (1287/2877) [35;1msparq-lws-core::store[0m [34;1mrejects_malformed_turtle[0m
2026-09-10T18:22:17.7569685Z [32;1m        PASS[0m [   0.044s] (1288/2877) [35;1msparq-lws-core::store_embedded[0m [34;1mcreate_in_container_records_membership[0m
2026-09-10T18:22:17.7704744Z [32;1m        PASS[0m [   0.063s] (1289/2877) [35;1msparq-lws-core::store_embedded[0m [34;1mconcurrent_same_child_creates_commit_exactly_one_untorn_record[0m
2026-09-10T18:22:17.7835426Z [32;1m        PASS[0m [   0.013s] (1290/2877) [35;1msparq-lws-core::store_embedded[0m [34;1mdelete_detaches_from_parent_container[0m
2026-09-10T18:22:17.7890059Z [32;1m        PASS[0m [   0.033s] (1291/2877) [35;1msparq-lws-core::store_embedded[0m [34;1mdelete_container_if_empty_detaches_from_parent_and_routes_recreate_clean[0m
2026-09-10T18:22:17.7978906Z [32;1m        PASS[0m [   0.014s] (1292/2877) [35;1msparq-lws-core::store_embedded[0m [34;1mexists_is_false_before_a_write[0m
2026-09-10T18:22:17.8017609Z [32;1m        PASS[0m [   0.015s] (1293/2877) [35;1msparq-lws-core::store_embedded[0m [34;1mread_of_a_missing_resource_is_not_found[0m
2026-09-10T18:22:17.8116655Z [32;1m        PASS[0m [   0.010s] (1294/2877) [35;1msparq-lws-core::tcp_nodelay[0m [34;1mtls_path_nodelay_acceptor_sets_nodelay_on_raw_stream[0m
2026-09-10T18:22:17.8140867Z [32;1m        PASS[0m [   0.016s] (1295/2877) [35;1msparq-lws-core::store_embedded[0m [34;1mrewrite_replaces_the_bytes_and_metadata[0m
2026-09-10T18:22:17.9069575Z [32;1m        PASS[0m [   0.091s] (1296/2877) [35;1msparq-lws-core::write_path_counters[0m [34;1mpatch_insert_existing_k3_counts[0m
2026-09-10T18:22:17.9361153Z [32;1m        PASS[0m [   0.030s] (1297/2877) [35;1msparq-lws-core::write_path_counters[0m [34;1mput_overwrite_k3_counts[0m
2026-09-10T18:22:17.9469478Z [32;1m        PASS[0m [   0.010s] (1298/2877) [35;1msparq-lws-core::bin/sparq-lws-core[0m [36mtests[0m[36m::[0m[34;1mbench_seed_explicit_count_is_literal[0m
2026-09-10T18:22:17.9539753Z [32;1m        PASS[0m [   0.007s] (1299/2877) [35;1msparq-lws-core::bin/sparq-lws-core[0m [36mtests[0m[36m::[0m[34;1mbench_seed_truthy_non_numeric_falls_back_to_default[0m
2026-09-10T18:22:17.9631972Z [32;1m        PASS[0m [   0.008s] (1300/2877) [35;1msparq-lws-core::bin/sparq-lws-core[0m [36mtests[0m[36m::[0m[34;1mdemo_seed_boot_call_site_writes_nothing_unless_flag_is_on[0m
2026-09-10T18:22:17.9689144Z [32;1m        PASS[0m [   0.007s] (1301/2877) [35;1msparq-lws-core::bin/sparq-lws-core[0m [36mtests[0m[36m::[0m[34;1mguard1_does_not_fire_once_blob_is_durable[0m
2026-09-10T18:22:17.9783182Z [32;1m        PASS[0m [   0.008s] (1302/2877) [35;1msparq-lws-core::bin/sparq-lws-core[0m [36mtests[0m[36m::[0m[34;1mguard2_always_allows_seed_on_memory[0m
2026-09-10T18:22:17.9900112Z [32;1m        PASS[0m [   0.010s] (1303/2877) [35;1msparq-lws-core::bin/sparq-lws-core[0m [36mtests[0m[36m::[0m[34;1mguard2_seed_requested_sees_the_demo_flag_and_refuses_nonmemory_boot[0m
2026-09-10T18:22:17.9965187Z [32;1m        PASS[0m [   0.009s] (1304/2877) [35;1msparq-lws-wasm[0m [36mmemory::tests[0m[36m::[0m[34;1ma_request_is_refused_once_its_projection_crosses_the_ceiling[0m
2026-09-10T18:22:18.0039259Z [32;1m        PASS[0m [   0.007s] (1305/2877) [35;1msparq-lws-wasm[0m [36mmemory::tests[0m[36m::[0m[34;1mprojection_charges_four_body_copies_plus_fixed_headroom[0m
2026-09-10T18:22:18.0083007Z [32;1m        PASS[0m [   0.004s] (1306/2877) [35;1msparq-lws-wasm[0m [36mmemory::tests[0m[36m::[0m[34;1mthe_default_ceiling_leaves_the_stores_own_quota_untouched[0m
2026-09-10T18:22:18.0147731Z [32;1m        PASS[0m [   0.203s] (1307/2877) [35;1msparq-lws-core::transport_header_flood[0m [34;1mcloses_stalled_partial_header_at_configured_timeout[0m
2026-09-10T18:22:18.0163047Z [32;1m        PASS[0m [   0.006s] (1308/2877) [35;1msparq-lws-wasm[0m [36mpersist::tests[0m[36m::[0m[34;1ma_delete_is_kept_verbatim_while_a_record_still_needs_it_as_a_container[0m
2026-09-10T18:22:18.0205573Z [32;1m        PASS[0m [   0.006s] (1309/2877) [35;1msparq-lws-wasm[0m [36mpersist::tests[0m[36m::[0m[34;1mdecode_rejects_a_truncated_journal_instead_of_panicking[0m
2026-09-10T18:22:18.0239669Z [32;1m        PASS[0m [   0.008s] (1310/2877) [35;1msparq-lws-wasm[0m [36mpersist::tests[0m[36m::[0m[34;1man_empty_journal_encodes_to_a_header_that_decodes_to_no_records[0m
2026-09-10T18:22:18.0280195Z [32;1m        PASS[0m [   0.006s] (1311/2877) [35;1msparq-lws-wasm[0m [36mpersist::tests[0m[36m::[0m[34;1mdecode_rejects_bytes_appended_after_the_declared_records[0m
2026-09-10T18:22:18.0313447Z [32;1m        PASS[0m [   0.009s] (1312/2877) [35;1msparq-lws-wasm[0m [36mpersist::tests[0m[36m::[0m[34;1mdeleting_the_last_child_lets_the_container_fold_away_too[0m
2026-09-10T18:22:18.0353203Z [32;1m        PASS[0m [   0.009s] (1313/2877) [35;1msparq-lws-wasm[0m [36mpersist::tests[0m[36m::[0m[34;1mthe_revision_advances_on_every_mutation_including_folding_ones[0m
2026-09-10T18:22:18.0433316Z [32;1m        PASS[0m [   0.012s] (1314/2877) [35;1msparq-mcp[0m [36mprompts::tests[0m[36m::[0m[34;1margument_to_json_marks_optionality[0m
2026-09-10T18:22:18.0453660Z [32;1m        PASS[0m [   0.010s] (1315/2877) [35;1msparq-mcp[0m [36mprompts::tests[0m[36m::[0m[34;1miri_arguments_that_escape_the_iriref_are_refused[0m
2026-09-10T18:22:18.0525442Z [32;1m        PASS[0m [   0.009s] (1316/2877) [35;1msparq-mcp[0m [36mprompts::tests[0m[36m::[0m[34;1mto_json_carries_name_description_and_declared_arguments[0m
2026-09-10T18:22:18.0614197Z [32;1m        PASS[0m [   0.008s] (1317/2877) [35;1msparq-mcp[0m [36mresources::tests[0m[36m::[0m[34;1mread_error_message_reads_both_variants[0m
2026-09-10T18:22:18.0657737Z [32;1m        PASS[0m [   0.020s] (1318/2877) [35;1msparq-mcp[0m [36mresources::tests[0m[36m::[0m[34;1mdescriptors_list_dataset_default_and_named_graphs_in_order[0m
2026-09-10T18:22:18.0753090Z [32;1m        PASS[0m [   0.014s] (1319/2877) [35;1msparq-mcp[0m [36mshapes::tests[0m[36m::[0m[34;1mcardinality_is_data_grounded_not_aspirational[0m
2026-09-10T18:22:18.0780617Z [32;1m        PASS[0m [   0.012s] (1320/2877) [35;1msparq-mcp[0m [36mshapes::tests[0m[36m::[0m[34;1mshape_lists_the_right_predicates_for_a_known_class[0m
2026-09-10T18:22:18.0951278Z [32;1m        PASS[0m [   0.017s] (1321/2877) [35;1msparq-mcp::dispatch_edges[0m [34;1mempty_batch_is_a_single_invalid_request_error[0m
2026-09-10T18:22:18.1042370Z [32;1m        PASS[0m [   0.009s] (1322/2877) [35;1msparq-mcp::dispatch_edges[0m [34;1mmalformed_json_error_has_null_id[0m
2026-09-10T18:22:18.1128758Z [32;1m        PASS[0m [   0.037s] (1323/2877) [35;1msparq-mcp::dispatch_edges[0m [34;1mbatch_dispatch_sees_state_written_by_an_earlier_element[0m
2026-09-10T18:22:18.1155375Z [32;1m        PASS[0m [   0.011s] (1324/2877) [35;1msparq-mcp::dispatch_edges[0m [34;1munknown_method_notification_gets_no_response[0m
2026-09-10T18:22:18.1266772Z [32;1m        PASS[0m [   0.013s] (1325/2877) [35;1msparq-mcp::planner_features_default[0m [34;1mdefault_feature_set_keeps_both_planner_features_lit[0m
2026-09-10T18:22:18.1515027Z [32;1m        PASS[0m [   0.024s] (1326/2877) [35;1msparq-mcp::resources_prompts[0m [34;1mprompts_get_of_an_unknown_prompt_is_invalid_params[0m
2026-09-10T18:22:18.1539625Z [32;1m        PASS[0m [   0.038s] (1327/2877) [35;1msparq-mcp::planner_features_default[0m [34;1miri_equality_filter_answers_correctly_through_the_mcp_query_tool[0m
2026-09-10T18:22:18.1620021Z [32;1m        PASS[0m [   0.010s] (1328/2877) [35;1msparq-mcp::resources_prompts[0m [34;1mprompts_get_renders_an_argument_free_prompt[0m
2026-09-10T18:22:18.1689363Z [32;1m        PASS[0m [   0.015s] (1329/2877) [35;1msparq-mcp::resources_prompts[0m [34;1mresources_read_of_an_unserved_uri_is_resource_not_found[0m
2026-09-10T18:22:18.1760298Z [32;1m        PASS[0m [   0.014s] (1330/2877) [35;1msparq-mcp::resources_prompts[0m [34;1mresources_read_without_a_uri_is_invalid_params[0m
2026-09-10T18:22:18.1933014Z [32;1m        PASS[0m [   0.017s] (1331/2877) [35;1msparq-mcp::roundtrip[0m [34;1minitialize_defaults_to_the_latest_when_no_version_is_proposed[0m
2026-09-10T18:22:18.1938728Z [32;1m        PASS[0m [   0.025s] (1332/2877) [35;1msparq-mcp::roundtrip[0m [34;1mclasses_tool_lists_profiles_by_descending_instance_count[0m
2026-09-10T18:22:18.2002129Z [32;1m        PASS[0m [   0.007s] (1333/2877) [35;1msparq-mcp::roundtrip[0m [34;1mlatest_protocol_version_heads_the_supported_list[0m
2026-09-10T18:22:18.2070655Z [32;1m        PASS[0m [   0.012s] (1334/2877) [35;1msparq-mcp::roundtrip[0m [34;1mprefixes_tool_lists_namespaces_by_descending_term_count[0m
2026-09-10T18:22:18.2116182Z [32;1m        PASS[0m [   0.011s] (1335/2877) [35;1msparq-mcp::roundtrip[0m [34;1mshapes_tool_returns_data_grounded_constraints_for_a_class[0m
2026-09-10T18:22:18.2203357Z [32;1m        PASS[0m [   0.008s] (1336/2877) [35;1msparq-mcp::roundtrip[0m [34;1mvoid_tool_emits_dataset_descriptor[0m
2026-09-10T18:22:18.2326976Z [32;1m        PASS[0m [   0.012s] (1337/2877) [35;1msparq-metamorph[0m [36maggregate::tests[0m[36m::[0m[34;1maggregate_queries_project_the_aggregate_and_share_the_branch_filters[0m
2026-09-10T18:22:18.2339542Z [32;1m        PASS[0m [   0.028s] (1338/2877) [35;1msparq-mcp::roundtrip[0m [34;1mupdate_applies_when_enabled_and_query_observes_it[0m
2026-09-10T18:22:18.2399777Z [32;1m        PASS[0m [   0.007s] (1339/2877) [35;1msparq-metamorph[0m [36maggregate::tests[0m[36m::[0m[34;1mthe_aggregate_variable_is_kept_fresh_against_pattern_predicate_and_expression[0m
2026-09-10T18:22:18.2429577Z [32;1m        PASS[0m [   0.007s] (1340/2877) [35;1msparq-metamorph[0m [36mdifferential::tests[0m[36m::[0m[34;1mshape_mismatch_is_an_engine_failure_not_a_wrong_result[0m
2026-09-10T18:22:18.2589836Z [32;1m        PASS[0m [   0.018s] (1341/2877) [35;1msparq-metamorph[0m [36mengine::tests[0m[36m::[0m[34;1minvalid_query_is_engine_failure_not_empty_result[0m
2026-09-10T18:22:18.2709876Z [32;1m        PASS[0m [   0.030s] (1342/2877) [35;1msparq-metamorph[0m [36mengine::tests[0m[36m::[0m[34;1mfilter_drops_row_mutant_drops_exactly_on_filter_queries[0m
2026-09-10T18:22:18.2729691Z [32;1m        PASS[0m [   0.012s] (1343/2877) [35;1msparq-metamorph[0m [36mgenerate::tests[0m[36m::[0m[34;1mgenerated_predicates_respect_the_exclusion_list[0m
2026-09-10T18:22:18.2875356Z [32;1m        PASS[0m [   0.018s] (1344/2877) [35;1msparq-metamorph[0m [36mharness::tests[0m[36m::[0m[34;1mcheck_seed_passes_both_oracles_on_the_real_engine[0m
2026-09-10T18:22:18.2946548Z [32;1m        PASS[0m [   0.007s] (1345/2877) [35;1msparq-metamorph[0m [36mharness::tests[0m[36m::[0m[34;1msummary_line_carries_every_count[0m
2026-09-10T18:22:18.3032051Z [32;1m        PASS[0m [   0.008s] (1346/2877) [35;1msparq-metamorph[0m [36mledger::tests[0m[36m::[0m[34;1mto_jsonl_round_trips_and_fails_closed_on_invalid_entries[0m
2026-09-10T18:22:18.3050614Z [32;1m        PASS[0m [   0.034s] (1347/2877) [35;1msparq-metamorph[0m [36mharness::tests[0m[36m::[0m[34;1mrun_window_green_path_prints_only_the_summary[0m
2026-09-10T18:22:18.3116292Z [32;1m        PASS[0m [   0.008s] (1348/2877) [35;1msparq-metamorph[0m [36mledger::tests[0m[36m::[0m[34;1mvalidate_entry_requires_an_upstream_issue_url[0m
2026-09-10T18:22:18.3126604Z [32;1m        PASS[0m [   0.007s] (1349/2877) [35;1msparq-metamorph[0m [36mnorec::tests[0m[36m::[0m[34;1mnorec_queries_picks_a_fresh_flag_variable[0m
2026-09-10T18:22:18.3185093Z [32;1m        PASS[0m [   0.007s] (1350/2877) [35;1msparq-metamorph[0m [36mverdict::tests[0m[36m::[0m[34;1mengine_failure_display_names_kind_and_engine[0m
2026-09-10T18:22:18.3220878Z [32;1m        PASS[0m [   0.010s] (1351/2877) [35;1msparq-metamorph[0m [36mverdict::tests[0m[36m::[0m[34;1mviolation_display_names_oracle_and_engines[0m
2026-09-10T18:22:18.3344385Z [32;1m        PASS[0m [   0.016s] (1352/2877) [35;1msparq-metamorph::edge_determinism_failclosed[0m [34;1min_process_engine_rejects_invalid_ntriples[0m
2026-09-10T18:22:18.3533639Z [32;1m        PASS[0m [   0.030s] (1353/2877) [35;1msparq-metamorph::oracle_self_tests[0m [34;1ma_syntactically_invalid_query_is_an_engine_failure_on_the_real_engine[0m
2026-09-10T18:22:18.3639544Z [32;1m        PASS[0m [   0.011s] (1354/2877) [35;1msparq-metamorph::oracle_self_tests[0m [34;1mdifferential_flags_the_seeded_wrong_result_mutant[0m
2026-09-10T18:22:18.3736125Z [32;1m        PASS[0m [   0.039s] (1355/2877) [35;1msparq-metamorph::oracle_self_tests[0m [34;1maggregate_partitions_recombine_by_addition[0m
2026-09-10T18:22:18.3800550Z [32;1m        PASS[0m [   0.015s] (1356/2877) [35;1msparq-metamorph::oracle_self_tests[0m [34;1mdistinct_oracle_flags_the_seeded_wrong_result_mutant[0m
2026-09-10T18:22:18.3954731Z [32;1m        PASS[0m [   0.016s] (1357/2877) [35;1msparq-metamorph::oracle_self_tests[0m [34;1mis_literal_atom_splits_literals_from_iris[0m
2026-09-10T18:22:18.4140887Z [32;1m        PASS[0m [   0.018s] (1358/2877) [35;1msparq-metamorph::oracle_self_tests[0m [34;1mnorec_flags_the_seeded_wrong_result_mutant[0m
2026-09-10T18:22:18.4492848Z [32;1m        PASS[0m [   0.035s] (1359/2877) [35;1msparq-metamorph::oracle_self_tests[0m [34;1mnorec_rewrite_preserves_absolute_cardinality_across_generated_cases[0m
2026-09-10T18:22:18.4629586Z [32;1m        PASS[0m [   0.011s] (1360/2877) [35;1msparq-metamorph::oracle_self_tests[0m [34;1mordered_differential_flags_a_reordering_the_unordered_oracle_cannot_see[0m
2026-09-10T18:22:18.4709726Z [32;1m        PASS[0m [   0.009s] (1361/2877) [35;1msparq-metamorph::oracle_self_tests[0m [34;1mordered_query_builds_the_order_by_clause_and_its_sort_var_list[0m
2026-09-10T18:22:18.4829674Z [32;1m        PASS[0m [   0.013s] (1362/2877) [35;1msparq-metamorph::oracle_self_tests[0m [34;1mtlp_branches_partition_the_base_as_the_case_analysis_predicts[0m
2026-09-10T18:22:18.4962972Z [32;1m        PASS[0m [   0.012s] (1363/2877) [35;1msparq-mpc[0m [36madversarial_tests::field_fuzz[0m[36m::[0m[34;1mboundary_operands_match_reference[0m
2026-09-10T18:22:18.5279550Z [32;1m        PASS[0m [   0.032s] (1364/2877) [35;1msparq-mpc[0m [36madversarial_tests::field_fuzz[0m[36m::[0m[34;1mscale_share_op_matches_field_mul[0m
2026-09-10T18:22:18.5383691Z [32;1m        PASS[0m [   0.011s] (1365/2877) [35;1msparq-mpc[0m [36madversarial_tests::no_fake_crypto[0m[36m::[0m[34;1mrow3_collaborative_verify_is_typed_stub[0m
2026-09-10T18:22:18.5508975Z [32;1m        PASS[0m [   0.012s] (1366/2877) [35;1msparq-mpc[0m [36madversarial_tests::no_fake_crypto[0m[36m::[0m[34;1mrow6_real_backend_fails_closed_on_preconditions_not_with_fake_data[0m
2026-09-10T18:22:18.5655428Z [32;1m        PASS[0m [   0.014s] (1367/2877) [35;1msparq-mpc[0m [36madversarial_tests::no_fake_crypto[0m[36m::[0m[34;1mrow7_hidden_join_discloses_only_payload_not_the_private_key[0m
2026-09-10T18:22:18.7287713Z [32;1m        PASS[0m [   0.163s] (1368/2877) [35;1msparq-mpc[0m [36madversarial_tests::robust_props[0m[36m::[0m[34;1mequality_open_detects_tamper_whenever_redundant[0m
2026-09-10T18:22:18.9612924Z [32;1m        PASS[0m [   0.232s] (1369/2877) [35;1msparq-mpc[0m [36madversarial_tests::robust_props[0m[36m::[0m[34;1mhonest_majority_equality_open_never_corrects_tamper[0m
2026-09-10T18:22:19.0839752Z [32;1m        PASS[0m [   0.710s] (1370/2877) [35;1msparq-metamorph::oracle_self_tests[0m [34;1mextension_oracles_hold_on_generated_cases_and_flag_the_mutant[0m
2026-09-10T18:22:19.0939119Z [32;1m        PASS[0m [   0.010s] (1371/2877) [35;1msparq-mpc[0m [36madversarial_tests::tamper[0m[36m::[0m[34;1mtampered_share_at_reconstruct_disclosed_boundary_is_corrected_or_aborts[0m
2026-09-10T18:22:19.1014699Z [32;1m        PASS[0m [   0.007s] (1372/2877) [35;1msparq-mpc[0m [36madversarial_tests::tamper[0m[36m::[0m[34;1mtampered_share_in_secure_sum_is_corrected_or_aborts[0m
2026-09-10T18:22:19.1093727Z [32;1m        PASS[0m [   0.008s] (1373/2877) [35;1msparq-mpc[0m [36madversarial_tests::threshold[0m[36m::[0m[34;1mboundary_table_t_fails_t_plus_one_succeeds[0m
2026-09-10T18:22:19.1177570Z [32;1m        PASS[0m [   0.008s] (1374/2877) [35;1msparq-mpc[0m [36madversarial_tests::threshold[0m[36m::[0m[34;1mt_shares_are_consistent_with_every_secret[0m
2026-09-10T18:22:19.1306344Z [32;1m        PASS[0m [   0.012s] (1375/2877) [35;1msparq-mpc[0m [36mauth_compare::tests[0m[36m::[0m[34;1mbatched_check_catches_one_bad_value_among_many[0m
2026-09-10T18:22:19.2507839Z [32;1m        PASS[0m [   0.289s] (1376/2877) [35;1msparq-mpc[0m [36madversarial_tests::robust_props[0m[36m::[0m[34;1mrobust_matches_honest_lagrange_on_clean_inputs[0m
2026-09-10T18:22:19.3095728Z [32;1m        PASS[0m [   0.179s] (1377/2877) [35;1msparq-mpc[0m [36mauth_compare::tests[0m[36m::[0m[34;1mdifferential_malicious_threshold[0m
2026-09-10T18:22:19.3367649Z [32;1m        PASS[0m [   0.027s] (1378/2877) [35;1msparq-mpc[0m [36mauth_compare::tests[0m[36m::[0m[34;1mtamper_in_the_mac_is_caught[0m
2026-09-10T18:22:19.5610255Z [32;1m        PASS[0m [   0.308s] (1379/2877) [35;1msparq-mpc[0m [36mauth_compare::tests[0m[36m::[0m[34;1mhonest_path_mac_check_passes[0m
2026-09-10T18:22:19.5699847Z [32;1m        PASS[0m [   0.008s] (1380/2877) [35;1msparq-mpc[0m [36mauth_disclose::tests[0m[36m::[0m[34;1mauthenticate_existing_carries_the_alpha_v_mac[0m
2026-09-10T18:22:19.6389966Z [32;1m        PASS[0m [   0.070s] (1381/2877) [35;1msparq-mpc[0m [36mauth_disclose::tests[0m[36m::[0m[34;1mfails_closed_on_bad_inputs[0m
2026-09-10T18:22:20.1089432Z [32;1m        PASS[0m [   0.470s] (1382/2877) [35;1msparq-mpc[0m [36mauth_disclose::tests[0m[36m::[0m[34;1mmatches_semi_honest_disclose[0m
2026-09-10T18:22:20.5037047Z [32;1m        PASS[0m [   0.395s] (1383/2877) [35;1msparq-mpc[0m [36mauth_disclose::tests[0m[36m::[0m[34;1mtamper_in_any_recovered_rabbit_bit_aborts[0m
2026-09-10T18:22:20.5600460Z [32;1m        PASS[0m [   1.221s] (1384/2877) [35;1msparq-mpc[0m [36mauth_disclose::tests[0m[36m::[0m[34;1mauth_rabbit_decompose_recovers_the_plaintext_bits[0m
2026-09-10T18:22:20.5670442Z [32;1m        PASS[0m [   0.008s] (1385/2877) [35;1msparq-mpc[0m [36mauth_disclose::tests[0m[36m::[0m[34;1mtamper_in_the_zero_test_open_is_caught[0m
2026-09-10T18:22:20.5739347Z [32;1m        PASS[0m [   0.007s] (1386/2877) [35;1msparq-mpc[0m [36mauthenticated::tests[0m[36m::[0m[34;1mauth_sum_rejects_empty_input[0m
2026-09-10T18:22:20.5814823Z [32;1m        PASS[0m [   0.007s] (1387/2877) [35;1msparq-mpc[0m [36mauthenticated::tests[0m[36m::[0m[34;1mauthenticated_sum_round_trips_and_stays_authenticated[0m
2026-09-10T18:22:20.5880734Z [32;1m        PASS[0m [   0.008s] (1388/2877) [35;1msparq-mpc[0m [36mauthenticated::tests[0m[36m::[0m[34;1mmac_key_debug_redacts_alpha_shares[0m
2026-09-10T18:22:20.5983121Z [32;1m        PASS[0m [   0.010s] (1389/2877) [35;1msparq-mpc[0m [36mauthenticated::tests[0m[36m::[0m[34;1mt_shares_of_alpha_are_independent_of_alpha[0m
2026-09-10T18:22:20.6059376Z [32;1m        PASS[0m [   0.007s] (1390/2877) [35;1msparq-mpc[0m [36mbackend::axis_tests[0m[36m::[0m[34;1mbackend_info_new_derives_consistent_projection[0m
2026-09-10T18:22:20.6125222Z [32;1m        PASS[0m [   0.007s] (1391/2877) [35;1msparq-mpc[0m [36mbackend::axis_tests[0m[36m::[0m[34;1mcleve_invariant_honest_majority_can_construct_fairness_and_god[0m
2026-09-10T18:22:20.6209417Z [32;1m        PASS[0m [   0.007s] (1392/2877) [35;1msparq-mpc[0m [36mbackend::axis_tests[0m[36m::[0m[34;1mprojection_malicious_security_maps_each_case[0m
2026-09-10T18:22:20.6259238Z [32;1m        PASS[0m [   0.007s] (1393/2877) [35;1msparq-mpc[0m [36mbackend::selection_tests[0m[36m::[0m[34;1mdescribe_distinguishes_requirements_by_concrete_t[0m
2026-09-10T18:22:20.6330967Z [32;1m        PASS[0m [   0.007s] (1394/2877) [35;1msparq-mpc[0m [36mbackend::selection_tests[0m[36m::[0m[34;1msatisfies_concrete_threshold_t_is_not_silently_downgraded[0m
2026-09-10T18:22:20.6406585Z [32;1m        PASS[0m [   0.007s] (1395/2877) [35;1msparq-mpc[0m [36mbackend::selection_tests[0m[36m::[0m[34;1msatisfies_output_guarantee_floor_is_ordered[0m
2026-09-10T18:22:20.6489783Z [32;1m        PASS[0m [   0.143s] (1396/2877) [35;1msparq-mpc[0m [36mauth_disclose::tests[0m[36m::[0m[34;1mtamper_in_the_rabbit_wrap_indicator_aborts[0m
2026-09-10T18:22:20.6519882Z [32;1m        PASS[0m [   0.009s] (1397/2877) [35;1msparq-mpc[0m [36mbackend::selection_tests[0m[36m::[0m[34;1mselect_fails_closed_on_empty_registry[0m
2026-09-10T18:22:20.6547299Z [32;1m        PASS[0m [   0.008s] (1398/2877) [35;1msparq-mpc[0m [36mbackend::selection_tests[0m[36m::[0m[34;1mselect_returns_strongest_among_satisfiers[0m
2026-09-10T18:22:20.6589788Z [32;1m        PASS[0m [   0.009s] (1399/2877) [35;1msparq-mpc[0m [36mbatched::tests[0m[36m::[0m[34;1mbatched_authenticated_api_never_opens_alpha[0m
2026-09-10T18:22:20.6691160Z [32;1m        PASS[0m [   0.014s] (1400/2877) [35;1msparq-mpc[0m [36mbatched::tests[0m[36m::[0m[34;1mkeyed_binding_key_count_must_match[0m
2026-09-10T18:22:20.6782532Z [32;1m        PASS[0m [   0.009s] (1401/2877) [35;1msparq-mpc[0m [36mbench::tests[0m[36m::[0m[34;1maggregate_pays_zero_multiplications_and_one_open[0m
2026-09-10T18:22:20.6798888Z [32;1m        PASS[0m [   0.021s] (1402/2877) [35;1msparq-mpc[0m [36mbatched::tests[0m[36m::[0m[34;1mt_shares_of_batch_are_independent_of_values[0m
2026-09-10T18:22:20.6910685Z [32;1m        PASS[0m [   0.012s] (1403/2877) [35;1msparq-mpc[0m [36mbench::tests[0m[36m::[0m[34;1mhidden_join_opens_grow_as_scale_squared[0m
2026-09-10T18:22:20.6941016Z [32;1m        PASS[0m [   0.014s] (1404/2877) [35;1msparq-mpc[0m [36mbench::tests[0m[36m::[0m[34;1mmatrix_is_deterministic[0m
2026-09-10T18:22:20.7125962Z [32;1m        PASS[0m [   0.021s] (1405/2877) [35;1msparq-mpc[0m [36mbounded_path::tests[0m[36m::[0m[34;1mcrypto_free_no_mpc_round_artifacts[0m
2026-09-10T18:22:20.7199581Z [32;1m        PASS[0m [   0.023s] (1406/2877) [35;1msparq-mpc[0m [36mbounded_path::tests[0m[36m::[0m[34;1mdifferential_alternation_range_one_two[0m
2026-09-10T18:22:20.7229485Z [32;1m        PASS[0m [   0.010s] (1407/2877) [35;1msparq-mpc[0m [36mbounded_path::tests[0m[36m::[0m[34;1mdifferential_range_m_k_equals_eval_path[0m
2026-09-10T18:22:20.7291997Z [32;1m        PASS[0m [   0.012s] (1408/2877) [35;1msparq-mpc[0m [36mbounded_path::tests[0m[36m::[0m[34;1mdifferential_sequence_with_alternation_repetition_element[0m
2026-09-10T18:22:20.7315346Z [32;1m        PASS[0m [   0.009s] (1409/2877) [35;1msparq-mpc[0m [36mbounded_path::tests[0m[36m::[0m[34;1medge_partial_wrong_arity_is_protocol_error[0m
2026-09-10T18:22:20.7384292Z [32;1m        PASS[0m [   0.009s] (1410/2877) [35;1msparq-mpc[0m [36mbounded_path::tests[0m[36m::[0m[34;1mprojected_chain_count_matches_closed_form_and_detects_overflow[0m
2026-09-10T18:22:20.7410280Z [32;1m        PASS[0m [   0.008s] (1411/2877) [35;1msparq-mpc[0m [36mchacha::tests[0m[36m::[0m[34;1mkey_schedule_is_zeroized_on_drop[0m
2026-09-10T18:22:21.0100189Z [32;1m        PASS[0m [   0.267s] (1412/2877) [35;1msparq-mpc[0m [36mcompare::tests[0m[36m::[0m[34;1mbit_decompose_recovers_the_true_bits_without_opening_the_sum[0m
2026-09-10T18:22:21.0578418Z [32;1m        PASS[0m [   0.318s] (1413/2877) [35;1msparq-mpc[0m [36mcompare::tests[0m[36m::[0m[34;1mdifferential_greater_than_across_many_pairs[0m
2026-09-10T18:22:21.0896321Z [32;1m        PASS[0m [   0.032s] (1414/2877) [35;1msparq-mpc[0m [36mcompare::tests[0m[36m::[0m[34;1mdisclose_threshold_in_mpc_out_of_range_sum_is_handled[0m
2026-09-10T18:22:21.2152824Z [32;1m        PASS[0m [   0.125s] (1415/2877) [35;1msparq-mpc[0m [36mcompare::tests[0m[36m::[0m[34;1mdisclose_threshold_out_of_range_public_threshold_fails_closed[0m
2026-09-10T18:22:21.2629250Z [32;1m        PASS[0m [   0.047s] (1416/2877) [35;1msparq-mpc[0m [36mcompare::tests[0m[36m::[0m[34;1mdisclosure_minimisation_only_the_bit_is_opened[0m
2026-09-10T18:22:21.2800408Z [32;1m        PASS[0m [   0.015s] (1417/2877) [35;1msparq-mpc[0m [36mcompare::tests[0m[36m::[0m[34;1mequal_to_bit_is_valid_degree_t_sharing[0m
2026-09-10T18:22:21.3159366Z [32;1m        PASS[0m [   0.035s] (1418/2877) [35;1msparq-mpc[0m [36mcompare::tests[0m[36m::[0m[34;1mfour_flatmates_hundred_k_verdict[0m
2026-09-10T18:22:21.4217508Z [32;1m        PASS[0m [   0.107s] (1419/2877) [35;1msparq-mpc[0m [36mcompare::tests[0m[36m::[0m[34;1mmasked_open_verify_sum_in_range_accepts_in_range_rejects_oob[0m
2026-09-10T18:22:21.4269305Z [32;1m        PASS[0m [   0.007s] (1420/2877) [35;1msparq-mpc[0m [36mcompare::tests[0m[36m::[0m[34;1mparty_count_precondition_fails_closed[0m
2026-09-10T18:22:21.4359394Z [32;1m        PASS[0m [   0.007s] (1421/2877) [35;1msparq-mpc[0m [36mcompare::tests[0m[36m::[0m[34;1mrabbit_open_is_independent_of_the_value[0m
2026-09-10T18:22:21.4909896Z [32;1m        PASS[0m [   0.057s] (1422/2877) [35;1msparq-mpc[0m [36mcompare::tests[0m[36m::[0m[34;1mrange_proof_opens_only_two_mask_products_and_the_verdict_never_the_sum[0m
2026-09-10T18:22:21.5085891Z [32;1m        PASS[0m [   0.017s] (1423/2877) [35;1msparq-mpc[0m [36mcompare::tests[0m[36m::[0m[34;1msquare_protocol_bit_is_a_valid_degree_t_zero_one_sharing[0m
2026-09-10T18:22:21.5149425Z [32;1m        PASS[0m [   0.007s] (1424/2877) [35;1msparq-mpc[0m [36mcompare::tests[0m[36m::[0m[34;1msquare_protocol_random_bit_fails_closed_on_deficient_party_count[0m
2026-09-10T18:22:21.6667769Z [32;1m        PASS[0m [   0.152s] (1425/2877) [35;1msparq-mpc[0m [36mcompare::tests[0m[36m::[0m[34;1mverdict_output_does_not_distinguish_sums_on_the_same_side[0m
2026-09-10T18:22:21.6760505Z [32;1m        PASS[0m [   0.007s] (1426/2877) [35;1msparq-mpc[0m [36mfederated_binding::tests[0m[36m::[0m[34;1mbinding_errors_are_protocol_errors_not_deferrals[0m
2026-09-10T18:22:21.6830207Z [32;1m        PASS[0m [   0.007s] (1427/2877) [35;1msparq-mpc[0m [36mfederated_binding::tests[0m[36m::[0m[34;1mdigests_are_canonical_field_elements[0m
2026-09-10T18:22:21.6911581Z [32;1m        PASS[0m [   0.010s] (1428/2877) [35;1msparq-mpc[0m [36mfederated_binding::tests[0m[36m::[0m[34;1mfederated_layout_binds_segmentation[0m
2026-09-10T18:22:21.7002297Z [32;1m        PASS[0m [   0.009s] (1429/2877) [35;1msparq-mpc[0m [36mfederated_binding::tests[0m[36m::[0m[34;1mfresh_challenges_are_distinct_and_canonical[0m
2026-09-10T18:22:21.7090809Z [32;1m        PASS[0m [   0.009s] (1430/2877) [35;1msparq-mpc[0m [36mfederated_binding::tests[0m[36m::[0m[34;1minverted_window_is_refused[0m
2026-09-10T18:22:21.7182663Z [32;1m        PASS[0m [   0.009s] (1431/2877) [35;1msparq-mpc[0m [36mfederated_binding::tests[0m[36m::[0m[34;1mmerging_holders_changes_the_transcript[0m
2026-09-10T18:22:21.7254841Z [32;1m        PASS[0m [   0.007s] (1432/2877) [35;1msparq-mpc[0m [36mfield::tests[0m[36m::[0m[34;1madd_sub_roundtrip[0m
2026-09-10T18:22:21.7359334Z [32;1m        PASS[0m [   0.010s] (1433/2877) [35;1msparq-mpc[0m [36mfield::tests[0m[36m::[0m[34;1mfp_zeroizes_to_zero[0m
2026-09-10T18:22:21.7419372Z [32;1m        PASS[0m [   0.007s] (1434/2877) [35;1msparq-mpc[0m [36mfield::tests[0m[36m::[0m[34;1mmul_reduces_near_modulus[0m
2026-09-10T18:22:21.7489384Z [32;1m        PASS[0m [   0.007s] (1435/2877) [35;1msparq-mpc[0m [36mfield::tests[0m[36m::[0m[34;1mreduce_matches_reference_modulo[0m
2026-09-10T18:22:21.7679638Z [32;1m        PASS[0m [   0.759s] (1436/2877) [35;1msparq-mpc[0m [36mcompare::tests[0m[36m::[0m[34;1mdisclose_threshold_in_mpc_matches_plaintext_across_boundary[0m
2026-09-10T18:22:21.8965342Z [32;1m        PASS[0m [   0.129s] (1437/2877) [35;1msparq-mpc[0m [36mhidden_distinct::tests[0m[36m::[0m[34;1mnon_adjacent_duplicates_collapse[0m
2026-09-10T18:22:22.0379539Z [32;1m        PASS[0m [   0.140s] (1438/2877) [35;1msparq-mpc[0m [36mhidden_distinct::tests[0m[36m::[0m[34;1msort_access_pattern_is_data_independent[0m
2026-09-10T18:22:22.0549557Z [32;1m        PASS[0m [   0.017s] (1439/2877) [35;1msparq-mpc[0m [36mhidden_path::bounded_tests[0m[36m::[0m[34;1mbounded_bound_below_candidate_count_fails_closed[0m
2026-09-10T18:22:22.0603157Z [32;1m        PASS[0m [   0.007s] (1440/2877) [35;1msparq-mpc[0m [36mhidden_path::bounded_tests[0m[36m::[0m[34;1mbounded_min_gt_max_is_rejected[0m
2026-09-10T18:22:22.1343773Z [32;1m        PASS[0m [   0.074s] (1441/2877) [35;1msparq-mpc[0m [36mhidden_path::bounded_tests[0m[36m::[0m[34;1mbounded_revealed_slot_count_is_bound_not_cardinality[0m
2026-09-10T18:22:22.1733938Z [32;1m        PASS[0m [   0.039s] (1442/2877) [35;1msparq-mpc[0m [36mhidden_path::bounded_tests[0m[36m::[0m[34;1mdifferential_exact_k_via_bounded_matches_plaintext[0m
2026-09-10T18:22:22.3579648Z [32;1m        PASS[0m [   0.609s] (1443/2877) [35;1msparq-mpc[0m [36mhidden_distinct::tests[0m[36m::[0m[34;1mdifferential_against_cleartext_distinct_many_shapes[0m
2026-09-10T18:22:22.3679457Z [32;1m        PASS[0m [   0.007s] (1444/2877) [35;1msparq-mpc[0m [36mhidden_path::planner::tests[0m[36m::[0m[34;1madmissible_but_heavy_path_sets_the_warn_flag[0m
2026-09-10T18:22:22.3727402Z [32;1m        PASS[0m [   0.007s] (1445/2877) [35;1msparq-mpc[0m [36mhidden_path::planner::tests[0m[36m::[0m[34;1mcomm_counter_counts_equalities_reductions_and_output[0m
2026-09-10T18:22:22.3809676Z [32;1m        PASS[0m [   0.007s] (1446/2877) [35;1msparq-mpc[0m [36mhidden_path::planner::tests[0m[36m::[0m[34;1mmatrix_bounded_path_cost_grows_with_edge_count[0m
2026-09-10T18:22:22.3871793Z [32;1m        PASS[0m [   0.007s] (1447/2877) [35;1msparq-mpc[0m [36mhidden_path::planner::tests[0m[36m::[0m[34;1mopen_bound_is_never_silently_approximated_to_a_default_k[0m
2026-09-10T18:22:22.3979914Z [32;1m        PASS[0m [   0.009s] (1448/2877) [35;1msparq-mpc[0m [36mhidden_path::planner::tests[0m[36m::[0m[34;1munbounded_plus_is_refused_via_no_backend_satisfies[0m
2026-09-10T18:22:22.4197425Z [32;1m        PASS[0m [   0.023s] (1449/2877) [35;1msparq-mpc[0m [36mhidden_path::tests[0m[36m::[0m[34;1mdifferential_cycle_equals_plaintext[0m
2026-09-10T18:22:22.7546548Z [32;1m        PASS[0m [   0.335s] (1450/2877) [35;1msparq-mpc[0m [36mhidden_path::tests[0m[36m::[0m[34;1mdifferential_exact_3_equals_plaintext[0m
2026-09-10T18:22:22.7618745Z [32;1m        PASS[0m [   0.007s] (1451/2877) [35;1msparq-mpc[0m [36mhidden_path::tests[0m[36m::[0m[34;1moversized_k_is_rejected[0m
2026-09-10T18:22:22.7716029Z [32;1m        PASS[0m [   0.010s] (1452/2877) [35;1msparq-mpc[0m [36mholder::tests[0m[36m::[0m[34;1mholder_with_no_match_discloses_empty_partial[0m
2026-09-10T18:22:22.7809636Z [32;1m        PASS[0m [   0.007s] (1453/2877) [35;1msparq-mpc[0m [36mjoin::batched_hidden_value_tests[0m[36m::[0m[34;1mbound_below_candidate_count_fails_closed[0m
2026-09-10T18:22:22.8250052Z [32;1m        PASS[0m [   0.046s] (1454/2877) [35;1msparq-mpc[0m [36mjoin::batched_hidden_value_tests[0m[36m::[0m[34;1mfully_oblivious_keyed_differential_equals_plaintext[0m
2026-09-10T18:22:22.8390518Z [32;1m        PASS[0m [   0.663s] (1455/2877) [35;1msparq-mpc[0m [36mhidden_path::bounded_tests[0m[36m::[0m[34;1mdifferential_or_fold_collapses_multi_length_pair[0m
2026-09-10T18:22:22.8419624Z [32;1m        PASS[0m [   0.014s] (1456/2877) [35;1msparq-mpc[0m [36mjoin::batched_hidden_value_tests[0m[36m::[0m[34;1mfully_oblivious_no_overlap_is_empty[0m
2026-09-10T18:22:22.8453448Z [32;1m        PASS[0m [   0.009s] (1457/2877) [35;1msparq-mpc[0m [36mjoin::batched_hidden_value_tests[0m[36m::[0m[34;1mkey_value_is_never_in_the_output[0m
2026-09-10T18:22:22.8519581Z [32;1m        PASS[0m [   0.010s] (1458/2877) [35;1msparq-mpc[0m [36mjoin::batched_hidden_value_tests[0m[36m::[0m[34;1mkeyed_fanout_within_a_key_bucket[0m
2026-09-10T18:22:22.8549671Z [32;1m        PASS[0m [   0.008s] (1459/2877) [35;1msparq-mpc[0m [36mjoin::batched_hidden_value_tests[0m[36m::[0m[34;1moutput_cardinality_is_bounded_to_b_not_true_count[0m
2026-09-10T18:22:22.8579483Z [32;1m        PASS[0m [   0.007s] (1460/2877) [35;1msparq-mpc[0m [36mjoin::batched_hidden_value_tests[0m[36m::[0m[34;1mpositional_unequal_lengths_fails_closed[0m
2026-09-10T18:22:22.8606128Z [32;1m        PASS[0m [   0.007s] (1461/2877) [35;1msparq-mpc[0m [36mjoin::hidden_value_tests[0m[36m::[0m[34;1mdifferential_hidden_join_equals_plaintext_join[0m
2026-09-10T18:22:22.8659534Z [32;1m        PASS[0m [   0.009s] (1462/2877) [35;1msparq-mpc[0m [36mjoin::hidden_value_tests[0m[36m::[0m[34;1mscalar_match_graph_distinguishes_equal_size_different_shape[0m
2026-09-10T18:22:22.8767750Z [32;1m        PASS[0m [   0.011s] (1463/2877) [35;1msparq-mpc[0m [36mjoin::tests[0m[36m::[0m[34;1mdifferential_two_holder_join_equals_union_eval[0m
2026-09-10T18:22:22.8867787Z [32;1m        PASS[0m [   0.010s] (1464/2877) [35;1msparq-mpc[0m [36mjoin::tests[0m[36m::[0m[34;1mempty_holder_yields_empty_join_matching_union[0m
2026-09-10T18:22:22.9006720Z [32;1m        PASS[0m [   0.040s] (1465/2877) [35;1msparq-mpc[0m [36mjoin::hidden_value_tests[0m[36m::[0m[34;1msecure_equal_no_false_results_across_random_pairs[0m
2026-09-10T18:22:22.9027679Z [32;1m        PASS[0m [   0.016s] (1466/2877) [35;1msparq-mpc[0m [36mjoin::tests[0m[36m::[0m[34;1msingle_holder_join_is_identity[0m
2026-09-10T18:22:22.9093935Z [32;1m        PASS[0m [   0.009s] (1467/2877) [35;1msparq-mpc[0m [36mmetrics::tests[0m[36m::[0m[34;1mbatched_rounds_collapses_independent_ops[0m
2026-09-10T18:22:22.9103453Z [32;1m        PASS[0m [   0.008s] (1468/2877) [35;1msparq-mpc[0m [36mmetrics::tests[0m[36m::[0m[34;1mfield_bytes_is_eight[0m
2026-09-10T18:22:22.9170804Z [32;1m        PASS[0m [   0.007s] (1469/2877) [35;1msparq-mpc[0m [36mnetprofiles::tests[0m[36m::[0m[34;1mloopback_is_unshaped_and_needs_no_tc[0m
2026-09-10T18:22:22.9190153Z [32;1m        PASS[0m [   0.009s] (1470/2877) [35;1msparq-mpc[0m [36mmetrics::tests[0m[36m::[0m[34;1mshuffle_cost_folds_in_switches_and_depth[0m
2026-09-10T18:22:22.9245956Z [32;1m        PASS[0m [   0.007s] (1471/2877) [35;1msparq-mpc[0m [36mnetprofiles::tests[0m[36m::[0m[34;1mtrim_pct_drops_trailing_zeros[0m
2026-09-10T18:22:22.9278671Z [32;1m        PASS[0m [   0.009s] (1472/2877) [35;1msparq-mpc[0m [36moblivious::tests[0m[36m::[0m[34;1moddeven_mergesort_network_actually_sorts_all_small_inputs[0m
2026-09-10T18:22:22.9338776Z [32;1m        PASS[0m [   0.009s] (1473/2877) [35;1msparq-mpc[0m [36moblivious::tests[0m[36m::[0m[34;1mshuffle_actually_reorders_sometimes[0m
2026-09-10T18:22:22.9369891Z [32;1m        PASS[0m [   0.008s] (1474/2877) [35;1msparq-mpc[0m [36moblivious::tests[0m[36m::[0m[34;1mshuffle_preserves_multiset[0m
2026-09-10T18:22:22.9451447Z [32;1m        PASS[0m [   0.010s] (1475/2877) [35;1msparq-mpc[0m [36moblivious::tests[0m[36m::[0m[34;1msort_network_access_pattern_is_data_independent[0m
2026-09-10T18:22:22.9462149Z [32;1m        PASS[0m [   0.012s] (1476/2877) [35;1msparq-mpc[0m [36moblivious::tests[0m[36m::[0m[34;1msort_by_secret_column_sorts_and_preserves_multiset[0m
2026-09-10T18:22:22.9536907Z [32;1m        PASS[0m [   0.008s] (1477/2877) [35;1msparq-mpc[0m [36moblivious::tests[0m[36m::[0m[34;1muniform_below_rejects_bound_above_modulus_and_terminates_below[0m
2026-09-10T18:22:22.9757661Z [32;1m        PASS[0m [   0.029s] (1478/2877) [35;1msparq-mpc[0m [36moblivious::tests[0m[36m::[0m[34;1mwaksman_switch_count_is_as_waksman_optimal[0m
2026-09-10T18:22:22.9859461Z [32;1m        PASS[0m [   0.007s] (1479/2877) [35;1msparq-mpc[0m [36moblivious_join::tests[0m[36m::[0m[34;1mempty_candidates_all_dummies[0m
2026-09-10T18:22:22.9929451Z [32;1m        PASS[0m [   0.008s] (1480/2877) [35;1msparq-mpc[0m [36moblivious_join::tests[0m[36m::[0m[34;1mmatched_rows_survive_nonmatches_become_dummies[0m
2026-09-10T18:22:23.0106061Z [32;1m        PASS[0m [   0.019s] (1481/2877) [35;1msparq-mpc[0m [36moblivious_join::tests[0m[36m::[0m[34;1moutput_order_is_shuffled_hiding_match_positions[0m
2026-09-10T18:22:23.0177246Z [32;1m        PASS[0m [   0.007s] (1482/2877) [35;1msparq-mpc[0m [36moblivious_join::tests[0m[36m::[0m[34;1mpayload_row_encode_decode_round_trips[0m
2026-09-10T18:22:23.0545538Z [32;1m        PASS[0m [   0.037s] (1483/2877) [35;1msparq-mpc[0m [36moblivious_join::tests[0m[36m::[0m[34;1mrich_payloads_survive_shuffle_without_opening_permutation[0m
2026-09-10T18:22:23.0613308Z [32;1m        PASS[0m [   0.007s] (1484/2877) [35;1msparq-mpc[0m [36moblivious_join::tests[0m[36m::[0m[34;1mzero_bound_no_candidates_is_empty[0m
2026-09-10T18:22:23.0750015Z [32;1m        PASS[0m [   0.013s] (1485/2877) [35;1msparq-mpc[0m [36mowa_omission_tests[0m[36m::[0m[34;1momitted_contributor_yields_sound_subset_join_not_a_forgery[0m
2026-09-10T18:22:23.1928833Z [32;1m        PASS[0m [   0.118s] (1486/2877) [35;1msparq-mpc[0m [36mpipeline::tests[0m[36m::[0m[34;1mdifferential_across_salary_tuples[0m
2026-09-10T18:22:23.2209577Z [32;1m        PASS[0m [   0.026s] (1487/2877) [35;1msparq-mpc[0m [36mpipeline::tests[0m[36m::[0m[34;1mfour_flatmates_exactly_at_threshold_is_false[0m
2026-09-10T18:22:23.2519751Z [32;1m        PASS[0m [   0.031s] (1488/2877) [35;1msparq-mpc[0m [36mpipeline::tests[0m[36m::[0m[34;1mper_operator_routing_is_explicit[0m
2026-09-10T18:22:23.2589558Z [32;1m        PASS[0m [   0.007s] (1489/2877) [35;1msparq-mpc[0m [36mproof::tests[0m[36m::[0m[34;1mcollaborative_proof_is_honestly_deferred[0m
2026-09-10T18:22:23.2652267Z [32;1m        PASS[0m [   0.008s] (1490/2877) [35;1msparq-mpc[0m [36mprss::tests[0m[36m::[0m[34;1mdebug_never_prints_seed_material[0m
2026-09-10T18:22:23.5963810Z [32;1m        PASS[0m [   0.331s] (1491/2877) [35;1msparq-mpc[0m [36mprss::tests[0m[36m::[0m[34;1mgenerated_sharing_is_degree_t_and_reconstructs_to_the_prf_sum[0m
2026-09-10T18:22:23.6049145Z [32;1m        PASS[0m [   0.008s] (1492/2877) [35;1msparq-mpc[0m [36mprss::tests[0m[36m::[0m[34;1mos_setup_produces_independent_sources[0m
2026-09-10T18:22:23.6332845Z [32;1m        PASS[0m [   0.027s] (1493/2877) [35;1msparq-mpc[0m [36mprss::tests[0m[36m::[0m[34;1mseed_count_guard_refuses_impractical_n[0m
2026-09-10T18:22:23.6449297Z [32;1m        PASS[0m [   0.012s] (1494/2877) [35;1msparq-mpc[0m [36mprss::tests[0m[36m::[0m[34;1msetup_seeds_determine_the_stream[0m
2026-09-10T18:22:23.6539227Z [32;1m        PASS[0m [   0.007s] (1495/2877) [35;1msparq-mpc[0m [36mprss::tests[0m[36m::[0m[34;1mvss_own_input_is_honestly_refused[0m
2026-09-10T18:22:23.6599729Z [32;1m        PASS[0m [   0.007s] (1496/2877) [35;1msparq-mpc[0m [36mrandomness::tests[0m[36m::[0m[34;1mrequire_deployable_refuses_the_simulation_and_a_self_labelled_source[0m
2026-09-10T18:22:23.6651008Z [32;1m        PASS[0m [   0.007s] (1497/2877) [35;1msparq-mpc[0m [36mrandomness::tests[0m[36m::[0m[34;1mvss_own_input_reconstructs_to_the_holders_value[0m
2026-09-10T18:22:23.6739638Z [32;1m        PASS[0m [   0.007s] (1498/2877) [35;1msparq-mpc[0m [36mrng::tests[0m[36m::[0m[34;1msecure_rng_drop_does_not_panic[0m
2026-09-10T18:22:23.6849416Z [32;1m        PASS[0m [   0.012s] (1499/2877) [35;1msparq-mpc[0m [36mrng::tests[0m[36m::[0m[34;1msecure_rng_produces_canonical_field_elements[0m
2026-09-10T18:22:23.6919493Z [32;1m        PASS[0m [   0.007s] (1500/2877) [35;1msparq-mpc[0m [36mrobust::tests[0m[36m::[0m[34;1mattributed_clean_input_names_no_cheaters[0m
2026-09-10T18:22:23.6987417Z [32;1m        PASS[0m [   0.007s] (1501/2877) [35;1msparq-mpc[0m [36mrobust::tests[0m[36m::[0m[34;1mberlekamp_welch_corrects_one_error_directly[0m
2026-09-10T18:22:23.7105545Z [32;1m        PASS[0m [   0.012s] (1502/2877) [35;1msparq-mpc[0m [36mrobust::tests[0m[36m::[0m[34;1mcorrects_two_tampers_at_n9[0m
2026-09-10T18:22:23.7189457Z [32;1m        PASS[0m [   0.007s] (1503/2877) [35;1msparq-mpc[0m [36mrobust::tests[0m[36m::[0m[34;1meval_poly_horner_exact_values[0m
2026-09-10T18:22:23.7250597Z [32;1m        PASS[0m [   0.008s] (1504/2877) [35;1msparq-mpc[0m [36mrobust::tests[0m[36m::[0m[34;1mno_redundancy_does_not_claim_detection[0m
2026-09-10T18:22:23.7330758Z [32;1m        PASS[0m [   0.008s] (1505/2877) [35;1msparq-mpc[0m [36mrobust::tests[0m[36m::[0m[34;1mpoly_divmod_nonzero_remainder_and_low_degree_dividend[0m
2026-09-10T18:22:23.7429435Z [32;1m        PASS[0m [   0.007s] (1506/2877) [35;1msparq-mpc[0m [36mrobust::tests[0m[36m::[0m[34;1mtrim_trailing_zeros_drops_only_high_zeros[0m
2026-09-10T18:22:23.7519566Z [32;1m        PASS[0m [   0.009s] (1507/2877) [35;1msparq-mpc[0m [36mshamir::tests[0m[36m::[0m[34;1mbatched_multi_row_per_holder_aggregate_matches_plaintext[0m
2026-09-10T18:22:23.7579457Z [32;1m        PASS[0m [   0.007s] (1508/2877) [35;1msparq-mpc[0m [36mshamir::tests[0m[36m::[0m[34;1mdealer_parties_and_threshold_mirror_backend[0m
2026-09-10T18:22:23.7645844Z [32;1m        PASS[0m [   0.007s] (1509/2877) [35;1msparq-mpc[0m [36mshamir::tests[0m[36m::[0m[34;1mdegree_reduce_rejects_permuted_or_noncanonical_input[0m
2026-09-10T18:22:23.7729490Z [32;1m        PASS[0m [   0.007s] (1510/2877) [35;1msparq-mpc[0m [36mshamir::tests[0m[36m::[0m[34;1mequality_open_semi_honest_only_at_minimal_odd_n[0m
2026-09-10T18:22:23.7789394Z [32;1m        PASS[0m [   0.007s] (1511/2877) [35;1msparq-mpc[0m [36mshamir::tests[0m[36m::[0m[34;1mfewer_than_threshold_plus_one_shares_cannot_reconstruct[0m
2026-09-10T18:22:23.7859430Z [32;1m        PASS[0m [   0.007s] (1512/2877) [35;1msparq-mpc[0m [36mshamir::tests[0m[36m::[0m[34;1mmalicious_security_no_redundancy_branch_is_semi_honest_only[0m
2026-09-10T18:22:23.7894596Z [32;1m        PASS[0m [   0.835s] (1513/2877) [35;1msparq-mpc[0m [36moblivious::tests[0m[36m::[0m[34;1mwaksman_topology_is_permutation_independent[0m
2026-09-10T18:22:23.7939570Z [32;1m        PASS[0m [   0.007s] (1514/2877) [35;1msparq-mpc[0m [36mshamir::tests[0m[36m::[0m[34;1mproduction_csprng_two_dealers_use_independent_randomness[0m
2026-09-10T18:22:23.7999282Z [32;1m        PASS[0m [   0.007s] (1515/2877) [35;1msparq-mpc[0m [36mshamir::tests[0m[36m::[0m[34;1msecure_sum_zero_and_single[0m
2026-09-10T18:22:23.8029167Z [32;1m        PASS[0m [   0.008s] (1516/2877) [35;1msparq-mpc[0m [36mshamir::tests[0m[36m::[0m[34;1mshare_then_reconstruct_roundtrips[0m
2026-09-10T18:22:23.8046148Z [32;1m        PASS[0m [   0.008s] (1517/2877) [35;1msparq-mpc[0m [36mshamir::tests[0m[36m::[0m[34;1mtwo_multiplication_chain_a_b_c[0m
2026-09-10T18:22:23.8088623Z [32;1m        PASS[0m [   0.008s] (1518/2877) [35;1msparq-mpc[0m [36mterm_encode::tests[0m[36m::[0m[34;1mdatatype_and_language_distinguish_literals[0m
2026-09-10T18:22:23.8149510Z [32;1m        PASS[0m [   0.009s] (1519/2877) [35;1msparq-mpc[0m [36mterm_encode::tests[0m[36m::[0m[34;1mencoder_keys_drive_hidden_join_matching_on_term_equality[0m
2026-09-10T18:22:23.8179355Z [32;1m        PASS[0m [   0.007s] (1520/2877) [35;1msparq-mpc[0m [36mterm_encode::tests[0m[36m::[0m[34;1msame_term_reencoded_is_not_a_collision[0m
2026-09-10T18:22:23.8203891Z [32;1m        PASS[0m [   0.007s] (1521/2877) [35;1msparq-mpc[0m [36mtransport::tests[0m[36m::[0m[34;1mdecode_rejects_garbage_tag[0m
2026-09-10T18:22:23.8339801Z [32;1m        PASS[0m [   0.017s] (1522/2877) [35;1msparq-mpc[0m [36mtransport::tests[0m[36m::[0m[34;1mnetworked_hidden_join_matches_in_process[0m
2026-09-10T18:22:23.8419443Z [32;1m        PASS[0m [   0.021s] (1523/2877) [35;1msparq-mpc[0m [36mtransport::tests[0m[36m::[0m[34;1mnetworked_shuffle_preserves_multiset_over_the_wire[0m
2026-09-10T18:22:23.8479280Z [32;1m        PASS[0m [   0.006s] (1524/2877) [35;1msparq-mpc::proof_deferred[0m [34;1mnot_yet_implemented_is_distinct_from_protocol_and_tampered[0m
2026-09-10T18:22:23.8569309Z [32;1m        PASS[0m [   0.007s] (1525/2877) [35;1msparq-mpc::transport_codec[0m [34;1mempty_share_vectors_round_trip[0m
2026-09-10T18:22:23.8579506Z [32;1m        PASS[0m [   0.025s] (1526/2877) [35;1msparq-mpc[0m [36mtransport::tests[0m[36m::[0m[34;1mnetworked_sort_orders_ascending_and_preserves_multiset[0m
2026-09-10T18:22:23.8629506Z [32;1m        PASS[0m [   0.007s] (1527/2877) [35;1msparq-mpc::transport_codec[0m [34;1moversized_frame_length_is_rejected_without_allocating[0m
2026-09-10T18:22:23.8689255Z [32;1m        PASS[0m [   0.006s] (1528/2877) [35;1msparq-mpc::transport_codec[0m [34;1mshort_swap_frame_is_rejected[0m
2026-09-10T18:22:23.8691791Z [32;1m        PASS[0m [   0.006s] (1529/2877) [35;1msparq-mpc::transport_codec[0m [34;1mswap_flag_out_of_range_is_rejected[0m
2026-09-10T18:22:23.8737418Z [32;1m        PASS[0m [   0.006s] (1530/2877) [35;1msparq-mpc::transport_codec[0m [34;1munknown_frame_tag_is_rejected[0m
2026-09-10T18:22:23.8923875Z [32;1m        PASS[0m [   0.025s] (1531/2877) [35;1msparq-nlq[0m [36mconstrain::tests[0m[36m::[0m[34;1mbind_extend_expression_is_walked[0m
2026-09-10T18:22:23.8949759Z [32;1m        PASS[0m [   0.023s] (1532/2877) [35;1msparq-nlq[0m [36mconstrain::tests[0m[36m::[0m[34;1mfilter_expression_binary_and_unary_and_exists_are_walked[0m
2026-09-10T18:22:23.9012782Z [32;1m        PASS[0m [   0.008s] (1533/2877) [35;1msparq-nlq[0m [36mconstrain::tests[0m[36m::[0m[34;1mknown_predicate_and_class_yield_no_unknowns[0m
2026-09-10T18:22:23.9039673Z [32;1m        PASS[0m [   0.008s] (1534/2877) [35;1msparq-nlq[0m [36mconstrain::tests[0m[36m::[0m[34;1moptional_leftjoin_descends_into_right_and_its_filter[0m
2026-09-10T18:22:23.9088530Z [32;1m        PASS[0m [   0.008s] (1535/2877) [35;1msparq-nlq[0m [36mconstrain::tests[0m[36m::[0m[34;1mrepair_message_lists_terms_and_hints[0m
2026-09-10T18:22:23.9128327Z [32;1m        PASS[0m [   0.011s] (1536/2877) [35;1msparq-nlq[0m [36mconstrain::tests[0m[36m::[0m[34;1mproperty_path_zero_or_one_is_walked[0m
2026-09-10T18:22:23.9186643Z [32;1m        PASS[0m [   0.010s] (1537/2877) [35;1msparq-nlq[0m [36mconstrain::tests[0m[36m::[0m[34;1msuggestions_capped_and_ordered_by_edit_distance[0m
2026-09-10T18:22:23.9255290Z [32;1m        PASS[0m [   0.013s] (1538/2877) [35;1msparq-nlq[0m [36mconstrain::tests[0m[36m::[0m[34;1munknown_namespace_gives_no_suggestions_but_still_flags[0m
2026-09-10T18:22:23.9377590Z [32;1m        PASS[0m [   0.019s] (1539/2877) [35;1msparq-nlq[0m [36meval::tests[0m[36m::[0m[34;1manswer_set_is_a_multiset_over_duplicate_rows[0m
2026-09-10T18:22:23.9445392Z [32;1m        PASS[0m [   0.019s] (1540/2877) [35;1msparq-nlq[0m [36meval::tests[0m[36m::[0m[34;1mend_to_end_grounded_beats_ungrounded[0m
2026-09-10T18:22:23.9487554Z [32;1m        PASS[0m [   0.011s] (1541/2877) [35;1msparq-nlq[0m [36meval::tests[0m[36m::[0m[34;1mloop_failure_scores_zero_against_nonempty_gold[0m
2026-09-10T18:22:23.9510691Z [32;1m        PASS[0m [   0.007s] (1542/2877) [35;1msparq-nlq[0m [36mguard::tests[0m[36m::[0m[34;1mbenign_text_is_borrowed_unchanged[0m
2026-09-10T18:22:23.9576711Z [32;1m        PASS[0m [   0.007s] (1543/2877) [35;1msparq-nlq[0m [36mguard::tests[0m[36m::[0m[34;1mmutating_requests_never_parse_as_queries[0m
2026-09-10T18:22:23.9602904Z [32;1m        PASS[0m [   0.011s] (1544/2877) [35;1msparq-nlq[0m [36mguard::tests[0m[36m::[0m[34;1mfederation_is_found_however_deeply_it_is_nested[0m
2026-09-10T18:22:23.9656286Z [32;1m        PASS[0m [   0.008s] (1545/2877) [35;1msparq-nlq[0m [36mguard::tests[0m[36m::[0m[34;1msanitize_block_keeps_newlines_but_drops_other_controls[0m
2026-09-10T18:22:23.9724693Z [32;1m        PASS[0m [   0.012s] (1546/2877) [35;1msparq-nlq[0m [36mlink::tests[0m[36m::[0m[34;1ma_long_literal_is_not_indexed_as_a_value[0m
2026-09-10T18:22:23.9740873Z [32;1m        PASS[0m [   0.008s] (1547/2877) [35;1msparq-nlq[0m [36mlink::tests[0m[36m::[0m[34;1mdatatype_variants_of_one_lexical_form_are_all_offered[0m
2026-09-10T18:22:23.9833941Z [32;1m        PASS[0m [   0.011s] (1548/2877) [35;1msparq-nlq[0m [36mlink::tests[0m[36m::[0m[34;1miri_block_is_unchanged_when_nothing_value_linked[0m
2026-09-10T18:22:23.9880366Z [32;1m        PASS[0m [   0.013s] (1549/2877) [35;1msparq-nlq[0m [36mlink::tests[0m[36m::[0m[34;1mlinks_via_non_rdfs_label_predicate[0m
2026-09-10T18:22:23.9950487Z [32;1m        PASS[0m [   0.008s] (1550/2877) [35;1msparq-nlq[0m [36mlink::tests[0m[36m::[0m[34;1mother_verbatim_preflabel_still_resolves_to_its_own_concept[0m
2026-09-10T18:22:23.9952865Z [32;1m        PASS[0m [   0.011s] (1551/2877) [35;1msparq-nlq[0m [36mlink::tests[0m[36m::[0m[34;1mmulti_word_value_mention_outranks_a_unigram[0m
2026-09-10T18:22:24.0055165Z [32;1m        PASS[0m [   0.011s] (1552/2877) [35;1msparq-nlq[0m [36mlink::tests[0m[36m::[0m[34;1mstructural_expansion_surfaces_siblings[0m
2026-09-10T18:22:24.0085355Z [32;1m        PASS[0m [   0.014s] (1553/2877) [35;1msparq-nlq[0m [36mlink::tests[0m[36m::[0m[34;1mvalue_linking_covers_inline_encoded_integers[0m
2026-09-10T18:22:24.0149535Z [32;1m        PASS[0m [   0.009s] (1554/2877) [35;1msparq-nlq[0m [36mlink::tests[0m[36m::[0m[34;1mvalue_linking_preserves_the_language_tag_and_counts_uses[0m
2026-09-10T18:22:24.0180400Z [32;1m        PASS[0m [   0.009s] (1555/2877) [35;1msparq-nlq[0m [36mlink::tests[0m[36m::[0m[34;1mverbatim_iri_does_not_link_unless_the_exact_tier_is_on[0m
2026-09-10T18:22:24.0252093Z [32;1m        PASS[0m [   0.008s] (1556/2877) [35;1msparq-nlq[0m [36mlink::tests[0m[36m::[0m[34;1mverbatim_preflabel_with_punctuation_resolves_unambiguously[0m
2026-09-10T18:22:24.0286703Z [32;1m        PASS[0m [   0.011s] (1557/2877) [35;1msparq-nlq[0m [36mtests[0m[36m::[0m[34;1mask_repairs_a_parse_error_once[0m
2026-09-10T18:22:24.0308627Z [32;1m        PASS[0m [   0.007s] (1558/2877) [35;1msparq-nlq[0m [36mtests[0m[36m::[0m[34;1mextract_bare_text_is_case_insensitive_and_keyword_gated[0m
2026-09-10T18:22:24.0368827Z [32;1m        PASS[0m [   0.008s] (1559/2877) [35;1msparq-nlq[0m [36mtests[0m[36m::[0m[34;1mextract_returns_none_for_empty_or_unclosed_fence[0m
2026-09-10T18:22:24.0425680Z [32;1m        PASS[0m [   0.012s] (1560/2877) [35;1msparq-nlq[0m [36mtests[0m[36m::[0m[34;1mlinking_on_injects_linked_iris_and_siblings[0m
2026-09-10T18:22:24.0470759Z [32;1m        PASS[0m [   0.010s] (1561/2877) [35;1msparq-nlq[0m [36mtests[0m[36m::[0m[34;1mrecording_llm_does_not_record_failed_calls[0m
2026-09-10T18:22:24.0527683Z [32;1m        PASS[0m [   0.009s] (1562/2877) [35;1msparq-nlq[0m [36mtests[0m[36m::[0m[34;1mvalue_linking_off_by_default_even_with_entity_linking_on[0m
2026-09-10T18:22:24.0674060Z [32;1m        PASS[0m [   0.020s] (1563/2877) [35;1msparq-nlq::constrain_unknown_terms[0m [34;1mempty_graph_reports_unknown_term_without_suggestions[0m
2026-09-10T18:22:24.1129875Z [32;1m        PASS[0m [   0.059s] (1564/2877) [35;1msparq-nlq::exec_accuracy[0m [34;1mharness_demonstrates_grounding_pays_in_memory[0m
2026-09-10T18:22:24.1244566Z [32;1m        PASS[0m [   0.014s] (1565/2877) [35;1msparq-nlq::injection[0m [34;1moversized_question_is_refused_without_spending_an_llm_call[0m
2026-09-10T18:22:24.1354129Z [32;1m        PASS[0m [   0.067s] (1566/2877) [35;1msparq-nlq::injection[0m [34;1mfederation_fails_closed_and_opting_in_is_explicit[0m
2026-09-10T18:22:24.1408522Z [32;1m        PASS[0m [   0.006s] (1567/2877) [35;1msparq-nlq::example/record_olympics[0m [36mtests[0m[36m::[0m[34;1mjson_str_escapes[0m
2026-09-10T18:22:24.1511927Z [32;1m        PASS[0m [   0.027s] (1568/2877) [35;1msparq-nlq::link_metamorph[0m [34;1mmax_links_caps_entities_for_generated_questions[0m
2026-09-10T18:22:24.1579544Z [32;1m        PASS[0m [   0.006s] (1569/2877) [35;1msparq-parse[0m [36mtests[0m[36m::[0m[34;1mdecode_errors_on_truncated_streams[0m
2026-09-10T18:22:24.1619326Z [32;1m        PASS[0m [   0.021s] (1570/2877) [35;1msparq-parse[0m [36mtests[0m[36m::[0m[34;1mcompress_chunks_matches_sink[0m
2026-09-10T18:22:24.2570110Z [32;1m        PASS[0m [   0.095s] (1571/2877) [35;1msparq-parse[0m [36mtests[0m[36m::[0m[34;1mmulti_frame_zstd_roundtrips[0m
2026-09-10T18:22:24.2779868Z [32;1m        PASS[0m [   0.117s] (1572/2877) [35;1msparq-parse[0m [36mtests[0m[36m::[0m[34;1mdrain_overlaps_production[0m
2026-09-10T18:22:24.2854915Z [32;1m        PASS[0m [   0.010s] (1573/2877) [35;1msparq-parse[0m [36mtests[0m[36m::[0m[34;1msingle_member_gzip_empty_and_empty_chunks[0m
2026-09-10T18:22:24.3445458Z [32;1m        PASS[0m [   0.059s] (1574/2877) [35;1msparq-parse[0m [36mtests[0m[36m::[0m[34;1msingle_member_gzip_pieces_byte_equal_serial_vs_parallel[0m
2026-09-10T18:22:24.3559809Z [32;1m        PASS[0m [   0.006s] (1575/2877) [35;1msparq-parse[0m [36mtests[0m[36m::[0m[34;1msingle_member_gzip_wire_starts_with_rfc1952_header[0m
2026-09-10T18:22:24.3679730Z [32;1m        PASS[0m [   0.015s] (1576/2877) [35;1msparq-parse::empty_chunk_codecs[0m [34;1mparallel_and_serial_modes_decode_equivalently_with_empty_chunks[0m
2026-09-10T18:22:24.3740182Z [32;1m        PASS[0m [   0.006s] (1577/2877) [35;1msparq-policy[0m [36meval::instant_tests[0m[36m::[0m[34;1mcmp_datetime_orders_by_instant_not_lexical[0m
2026-09-10T18:22:24.3789932Z [32;1m        PASS[0m [   0.006s] (1578/2877) [35;1msparq-policy[0m [36meval::instant_tests[0m[36m::[0m[34;1mleap_second_clamped_not_rejected[0m
2026-09-10T18:22:24.3855149Z [32;1m        PASS[0m [   0.006s] (1579/2877) [35;1msparq-policy[0m [36meval::instant_tests[0m[36m::[0m[34;1moffset_can_borrow_or_carry_across_midnight[0m
2026-09-10T18:22:24.3923844Z [32;1m        PASS[0m [   0.007s] (1580/2877) [35;1msparq-policy[0m [36meval::subsumption_tests[0m[36m::[0m[34;1mcycle_does_not_loop_forever[0m
2026-09-10T18:22:24.4030177Z [32;1m        PASS[0m [   0.008s] (1581/2877) [35;1msparq-policy[0m [36meval::subsumption_tests[0m[36m::[0m[34;1mself_edge_dropped[0m
2026-09-10T18:22:24.4276387Z [32;1m        PASS[0m [   0.171s] (1582/2877) [35;1msparq-parse[0m [36mtests[0m[36m::[0m[34;1mparallel_sink_finish_inside_rayon_worker_does_not_deadlock[0m
2026-09-10T18:22:24.4909645Z [32;1m        PASS[0m [   0.061s] (1583/2877) [35;1msparq-policy::odrl_compare[0m [34;1mcompound_constrained_outer_makes_containment_unknown[0m
2026-09-10T18:22:24.5117196Z [32;1m        PASS[0m [   0.023s] (1584/2877) [35;1msparq-policy::odrl_compare[0m [34;1mconstrained_outer_does_not_contain_unconstrained_inner[0m
2026-09-10T18:22:24.5295285Z [32;1m        PASS[0m [   0.017s] (1585/2877) [35;1msparq-policy::odrl_compare[0m [34;1mdifferent_actions_no_conflict[0m
2026-09-10T18:22:24.5583230Z [32;1m        PASS[0m [   0.025s] (1586/2877) [35;1msparq-policy::odrl_compare[0m [34;1midentical_constraint_is_contained[0m
2026-09-10T18:22:24.5759519Z [32;1m        PASS[0m [   0.019s] (1587/2877) [35;1msparq-policy::odrl_compare[0m [34;1mouter_prohibition_blocks_certain_containment[0m
2026-09-10T18:22:24.5885640Z [32;1m        PASS[0m [   0.014s] (1588/2877) [35;1msparq-policy::odrl_compare[0m [34;1msame_kind_rules_never_conflict[0m
2026-09-10T18:22:24.6099930Z [32;1m        PASS[0m [   0.019s] (1589/2877) [35;1msparq-policy::odrl_compare[0m [34;1munconstrained_outer_contains_neq_constrained_inner[0m
2026-09-10T18:22:24.6560960Z [32;1m        PASS[0m [   0.048s] (1590/2877) [35;1msparq-policy::odrl_conflict_strategy[0m [34;1minvalid_strategy_with_conflict_is_refused[0m
2026-09-10T18:22:24.6918737Z [32;1m        PASS[0m [   0.036s] (1591/2877) [35;1msparq-policy::odrl_conflict_strategy[0m [34;1mparses_each_conflict_term[0m
2026-09-10T18:22:24.7059174Z [32;1m        PASS[0m [   0.014s] (1592/2877) [35;1msparq-policy::odrl_conflict_strategy[0m [34;1mprohibit_strategy_is_admissible[0m
2026-09-10T18:22:24.7724360Z [32;1m        PASS[0m [   0.066s] (1593/2877) [35;1msparq-policy::odrl_constraint_matching[0m [34;1masset_collection_membership_grants_member_asset[0m
2026-09-10T18:22:24.7907721Z [32;1m        PASS[0m [   0.018s] (1594/2877) [35;1msparq-policy::odrl_constraint_matching[0m [34;1mconcrete_action_is_exact[0m
2026-09-10T18:22:24.8100264Z [32;1m        PASS[0m [   0.017s] (1595/2877) [35;1msparq-policy::odrl_constraint_matching[0m [34;1mempty_list_operand_refuses_the_parse[0m
2026-09-10T18:22:24.8215208Z [32;1m        PASS[0m [   0.014s] (1596/2877) [35;1msparq-policy::odrl_constraint_matching[0m [34;1mforked_list_cell_refuses_the_parse[0m
2026-09-10T18:22:24.8393052Z [32;1m        PASS[0m [   0.018s] (1597/2877) [35;1msparq-policy::odrl_constraint_matching[0m [34;1mlogical_and_two_sided_window[0m
2026-09-10T18:22:24.8569210Z [32;1m        PASS[0m [   0.017s] (1598/2877) [35;1msparq-policy::odrl_constraint_matching[0m [34;1mlogical_xone_exactly_one[0m
2026-09-10T18:22:24.8769624Z [32;1m        PASS[0m [   0.018s] (1599/2877) [35;1msparq-policy::odrl_constraint_matching[0m [34;1mnested_list_member_refuses_the_parse[0m
2026-09-10T18:22:24.8919615Z [32;1m        PASS[0m [   0.014s] (1600/2877) [35;1msparq-policy::odrl_constraint_matching[0m [34;1mor_list_valued_operand_set[0m
2026-09-10T18:22:24.9059348Z [32;1m        PASS[0m [   0.016s] (1601/2877) [35;1msparq-policy::odrl_constraint_matching[0m [34;1mparty_collections_is_empty_when_the_document_declares_none[0m
2026-09-10T18:22:24.9199226Z [32;1m        PASS[0m [   0.014s] (1602/2877) [35;1msparq-policy::odrl_constraint_matching[0m [34;1mrecipient_eq_collection_matches_member[0m
2026-09-10T18:22:24.9339501Z [32;1m        PASS[0m [   0.014s] (1603/2877) [35;1msparq-policy::odrl_constraint_matching[0m [34;1mrecipient_neq_collection_excludes_members[0m
2026-09-10T18:22:24.9459672Z [32;1m        PASS[0m [   0.011s] (1604/2877) [35;1msparq-policy::odrl_constraint_matching[0m [34;1mrest_only_head_on_prohibition_refuses_the_parse[0m
2026-09-10T18:22:25.0029762Z [32;1m        PASS[0m [   0.057s] (1605/2877) [35;1msparq-policy::odrl_count_stateless[0m [34;1mstateless_eq_matches_only_the_bound[0m
2026-09-10T18:22:25.0169709Z [32;1m        PASS[0m [   0.014s] (1606/2877) [35;1msparq-policy::odrl_count_stateless[0m [34;1mstateless_lt_excludes_the_bound[0m
2026-09-10T18:22:25.0686227Z [32;1m        PASS[0m [   0.052s] (1607/2877) [35;1msparq-policy::odrl_eval[0m [34;1mdate_only_normalized_against_offset_datetime[0m
2026-09-10T18:22:25.0841174Z [32;1m        PASS[0m [   0.015s] (1608/2877) [35;1msparq-policy::odrl_eval[0m [34;1mdatetime_status_reports_what_evaluate_checks[0m
2026-09-10T18:22:25.0979040Z [32;1m        PASS[0m [   0.014s] (1609/2877) [35;1msparq-policy::odrl_eval[0m [34;1mdatetime_xsd_typed_constant_roundtrips[0m
2026-09-10T18:22:25.1107058Z [32;1m        PASS[0m [   0.012s] (1610/2877) [35;1msparq-policy::odrl_eval[0m [34;1mempty_policy_denies_everything[0m
2026-09-10T18:22:25.1257138Z [32;1m        PASS[0m [   0.015s] (1611/2877) [35;1msparq-policy::odrl_eval[0m [34;1mfractional_seconds_normalized[0m
2026-09-10T18:22:25.1399430Z [32;1m        PASS[0m [   0.014s] (1612/2877) [35;1msparq-policy::odrl_eval[0m [34;1mmalformed_constraint_fails_closed[0m
2026-09-10T18:22:25.1549539Z [32;1m        PASS[0m [   0.013s] (1613/2877) [35;1msparq-policy::odrl_eval[0m [34;1mmixed_offset_request_over_z_bound_denies[0m
2026-09-10T18:22:25.1669363Z [32;1m        PASS[0m [   0.013s] (1614/2877) [35;1msparq-policy::odrl_eval[0m [34;1moffset_bound_normalized_against_z_request[0m
2026-09-10T18:22:25.1849537Z [32;1m        PASS[0m [   0.015s] (1615/2877) [35;1msparq-policy::odrl_eval[0m [34;1mprohibition_status_ambiguous_only_if_no_other_match[0m
2026-09-10T18:22:25.2029448Z [32;1m        PASS[0m [   0.019s] (1616/2877) [35;1msparq-policy::odrl_eval[0m [34;1mprohibition_status_withdrawn_on_structural_mismatch[0m
2026-09-10T18:22:25.2147011Z [32;1m        PASS[0m [   0.014s] (1617/2877) [35;1msparq-policy::odrl_eval[0m [34;1mpurpose_match_grants[0m
2026-09-10T18:22:25.2315300Z [32;1m        PASS[0m [   0.016s] (1618/2877) [35;1msparq-policy::odrl_eval[0m [34;1mpurpose_neq_carves_out_sub_purposes_too[0m
2026-09-10T18:22:25.2399623Z [32;1m        PASS[0m [   0.837s] (1619/2877) [35;1msparq-policy::eval_metamorph[0m [34;1mprohibition_overrides_permission[0m
2026-09-10T18:22:25.2466543Z [32;1m        PASS[0m [   0.015s] (1620/2877) [35;1msparq-policy::odrl_eval[0m [34;1mpurpose_not_constrained_when_absent[0m
2026-09-10T18:22:25.2545878Z [32;1m        PASS[0m [   0.017s] (1621/2877) [35;1msparq-policy::odrl_eval[0m [34;1mpurpose_subsumption_broader_does_not_grant_under_narrower_permission[0m
2026-09-10T18:22:25.2638960Z [32;1m        PASS[0m [   0.017s] (1622/2877) [35;1msparq-policy::odrl_eval[0m [34;1mpurpose_subsumption_narrower_grants_under_broader_permission[0m
2026-09-10T18:22:25.2733148Z [32;1m        PASS[0m [   0.018s] (1623/2877) [35;1msparq-policy::odrl_eval[0m [34;1mpurpose_subsumption_via_is_part_of_set[0m
2026-09-10T18:22:25.2803155Z [32;1m        PASS[0m [   0.017s] (1624/2877) [35;1msparq-policy::odrl_eval[0m [34;1mrecipient_is_part_of_set[0m
2026-09-10T18:22:25.2894703Z [32;1m        PASS[0m [   0.016s] (1625/2877) [35;1msparq-policy::odrl_eval[0m [34;1mrecipient_neq_grants_everyone_except_named_party[0m
2026-09-10T18:22:25.3019183Z [32;1m        PASS[0m [   0.020s] (1626/2877) [35;1msparq-policy::odrl_eval[0m [34;1mright_operand_reference_is_parsed_and_matched[0m
2026-09-10T18:22:25.3033462Z [32;1m        PASS[0m [   0.014s] (1627/2877) [35;1msparq-policy::odrl_eval[0m [34;1muntyped_policy_with_rules_is_parsed[0m
2026-09-10T18:22:25.3527688Z [32;1m        PASS[0m [   0.052s] (1628/2877) [35;1msparq-policy::odrl_hierarchy[0m [34;1mspatial_cycle_terminates_and_is_fail_closed[0m
2026-09-10T18:22:25.3579467Z [32;1m        PASS[0m [   0.050s] (1629/2877) [35;1msparq-policy::odrl_hierarchy[0m [34;1mspatial_is_part_of_set_with_hierarchy[0m
2026-09-10T18:22:25.3669460Z [32;1m        PASS[0m [   0.014s] (1630/2877) [35;1msparq-policy::odrl_hierarchy[0m [34;1mspatial_outside_region_denied[0m
2026-09-10T18:22:25.3709443Z [32;1m        PASS[0m [   0.015s] (1631/2877) [35;1msparq-policy::odrl_hierarchy[0m [34;1mspatial_transitive_city_grants[0m
2026-09-10T18:22:25.4093516Z [32;1m        PASS[0m [   0.043s] (1632/2877) [35;1msparq-policy::odrl_right_operand_sets[0m [34;1mcyclic_right_operand_refuses_the_parse[0m
2026-09-10T18:22:25.4145124Z [32;1m        PASS[0m [   0.045s] (1633/2877) [35;1msparq-policy::odrl_right_operand_sets[0m [34;1meq_with_multiple_values_fails_closed[0m
2026-09-10T18:22:25.4269770Z [32;1m        PASS[0m [   0.016s] (1634/2877) [35;1msparq-policy::odrl_right_operand_sets[0m [34;1mis_any_of_list_member_grants_non_member_denied[0m
2026-09-10T18:22:25.4325572Z [32;1m        PASS[0m [   0.018s] (1635/2877) [35;1msparq-policy::odrl_right_operand_sets[0m [34;1mis_part_of_list_member_grants_non_member_denied[0m
2026-09-10T18:22:25.4379964Z [32;1m        PASS[0m [   0.011s] (1636/2877) [35;1msparq-policy::odrl_right_operand_sets[0m [34;1mmalformed_right_operand_inside_logical_constraint_refuses_the_parse[0m
2026-09-10T18:22:25.4504127Z [32;1m        PASS[0m [   0.018s] (1637/2877) [35;1msparq-policy::odrl_right_operand_sets[0m [34;1mprohibition_is_none_of_list_fires_outside_the_set[0m
2026-09-10T18:22:25.4530390Z [32;1m        PASS[0m [   0.016s] (1638/2877) [35;1msparq-policy::odrl_right_operand_sets[0m [34;1mseparator_carrying_member_fails_the_whole_constraint_closed[0m
2026-09-10T18:22:25.4999892Z [32;1m        PASS[0m [   0.045s] (1639/2877) [35;1msparq-policy::odrl_set_operators[0m [34;1mis_any_of_member_grants_non_member_denied[0m
2026-09-10T18:22:25.5110472Z [32;1m        PASS[0m [   0.060s] (1640/2877) [35;1msparq-policy::odrl_set_operators[0m [34;1mcontainment_admits_inner_eq_under_outer_is_none_of[0m
2026-09-10T18:22:25.5241778Z [32;1m        PASS[0m [   0.027s] (1641/2877) [35;1msparq-policy::odrl_set_operators[0m [34;1mis_none_of_numeric_and_datetime_operands_fail_closed[0m
2026-09-10T18:22:25.5283008Z [32;1m        PASS[0m [   0.017s] (1642/2877) [35;1msparq-policy::odrl_set_operators[0m [34;1mrecipient_is_any_of_list_gates_on_requester[0m
2026-09-10T18:22:25.5332308Z [32;1m        PASS[0m [   0.009s] (1643/2877) [35;1msparq-prov[0m [36mdatetime::tests[0m[36m::[0m[34;1mknown_instants[0m
2026-09-10T18:22:25.5400084Z [32;1m        PASS[0m [   0.011s] (1644/2877) [35;1msparq-prov[0m [36mdatetime::tests[0m[36m::[0m[34;1mround_trips_through_core_parser[0m
2026-09-10T18:22:25.5657467Z [32;1m        PASS[0m [   0.026s] (1645/2877) [35;1msparq-prov[0m [36mtests[0m[36m::[0m[34;1mconstruct_used_inputs_are_exposed_in_order_and_materialised[0m
2026-09-10T18:22:25.5700336Z [32;1m        PASS[0m [   0.034s] (1646/2877) [35;1msparq-prov[0m [36mtests[0m[36m::[0m[34;1mconstruct_derivation_emits_core_prov_shape[0m
2026-09-10T18:22:25.5763861Z [32;1m        PASS[0m [   0.011s] (1647/2877) [35;1msparq-prov[0m [36mtests[0m[36m::[0m[34;1mempty_construct_is_still_a_derivation[0m
2026-09-10T18:22:25.5786887Z [32;1m        PASS[0m [   0.011s] (1648/2877) [35;1msparq-prov[0m [36mtests[0m[36m::[0m[34;1mminted_iri_has_exact_known_value[0m
2026-09-10T18:22:25.5880563Z [32;1m        PASS[0m [   0.011s] (1649/2877) [35;1msparq-prov[0m [36mtests[0m[36m::[0m[34;1mprov_turtle_round_trips_the_exact_derivation_graph[0m
2026-09-10T18:22:25.5900530Z [32;1m        PASS[0m [   0.011s] (1650/2877) [35;1msparq-prov[0m [36mtests[0m[36m::[0m[34;1mtiming_reports_the_captured_instants[0m
2026-09-10T18:22:25.5984183Z [32;1m        PASS[0m [   0.011s] (1651/2877) [35;1msparq-prov[0m [36mupdate::tests[0m[36m::[0m[34;1mdelete_data_records_operand_batch_as_invalidation[0m
2026-09-10T18:22:25.6024693Z [32;1m        PASS[0m [   0.012s] (1652/2877) [35;1msparq-prov[0m [36mupdate::tests[0m[36m::[0m[34;1mdelete_where_no_match_is_a_noop[0m
2026-09-10T18:22:25.6064897Z [32;1m        PASS[0m [   0.008s] (1653/2877) [35;1msparq-prov[0m [36mupdate::tests[0m[36m::[0m[34;1mhas_top_level_semicolon_baseline_truth_table[0m
2026-09-10T18:22:25.6098552Z [32;1m        PASS[0m [   0.008s] (1654/2877) [35;1msparq-prov[0m [36mupdate::tests[0m[36m::[0m[34;1mhas_top_level_semicolon_term_skip_truth_table[0m
2026-09-10T18:22:25.6176532Z [32;1m        PASS[0m [   0.011s] (1655/2877) [35;1msparq-prov[0m [36mupdate::tests[0m[36m::[0m[34;1minsert_where_emits_core_prov_shape[0m
2026-09-10T18:22:25.6220505Z [32;1m        PASS[0m [   0.012s] (1656/2877) [35;1msparq-prov[0m [36mupdate::tests[0m[36m::[0m[34;1minsert_where_records_generation_and_derivation[0m
2026-09-10T18:22:25.6266799Z [32;1m        PASS[0m [   0.009s] (1657/2877) [35;1msparq-prov[0m [36mupdate::tests[0m[36m::[0m[34;1mkind_label_classifies_operations[0m
2026-09-10T18:22:25.6292062Z [32;1m        PASS[0m [   0.007s] (1658/2877) [35;1msparq-prov[0m [36mupdate::tests[0m[36m::[0m[34;1mkind_label_using_is_delete_insert_where[0m
2026-09-10T18:22:25.6347153Z [32;1m        PASS[0m [   0.008s] (1659/2877) [35;1msparq-prov[0m [36mupdate::tests[0m[36m::[0m[34;1mpartition_effects_splits_and_preserves_order[0m
2026-09-10T18:22:25.6379948Z [32;1m        PASS[0m [   0.008s] (1660/2877) [35;1msparq-prov[0m [36mupdate::tests[0m[36m::[0m[34;1mpure_delete_generates_nothing[0m
2026-09-10T18:22:25.6429497Z [32;1m        PASS[0m [   0.008s] (1661/2877) [35;1msparq-prov[0m [36mupdate::tests[0m[36m::[0m[34;1mquoted_semicolon_before_real_boundary_is_still_multi_op[0m
2026-09-10T18:22:25.6459624Z [32;1m        PASS[0m [   0.007s] (1662/2877) [35;1msparq-prov[0m [36mupdate::tests[0m[36m::[0m[34;1msemicolon_inside_template_is_not_a_multi_op[0m
2026-09-10T18:22:25.6529290Z [32;1m        PASS[0m [   0.010s] (1663/2877) [35;1msparq-prov[0m [36mupdate::tests[0m[36m::[0m[34;1mupdate_prov_graph_contains_query_recipe[0m
2026-09-10T18:22:25.6733370Z [32;1m        PASS[0m [   0.028s] (1664/2877) [35;1msparq-prov::config_and_errors[0m [34;1mselect_query_returns_a_nonempty_graph_form_error[0m
2026-09-10T18:22:25.6919035Z [32;1m        PASS[0m [   0.039s] (1665/2877) [35;1msparq-prov::proptest_derivation[0m [34;1mduplicate_generation_edge_violates_exact_multiplicity[0m
2026-09-10T18:22:25.7013194Z [32;1m        PASS[0m [   0.006s] (1666/2877) [35;1msparq-py::term_n3[0m [34;1mrenders_language_and_directional_literals[0m
2026-09-10T18:22:25.7058812Z [32;1m        PASS[0m [   0.006s] (1667/2877) [35;1msparq-py::term_render_edges[0m [34;1mlanguage_takes_precedence_over_datatype[0m
2026-09-10T18:22:25.7125878Z [32;1m        PASS[0m [   0.039s] (1668/2877) [35;1msparq-py::planner_features_default[0m [34;1mantijoin_static_decline_reachable_and_optional_result_correct[0m
2026-09-10T18:22:25.7220192Z [32;1m        PASS[0m [   0.016s] (1669/2877) [35;1msparq-reason[0m [36mincremental::tests[0m[36m::[0m[34;1mabox_insert_is_incremental_and_correct[0m
2026-09-10T18:22:25.7240558Z [32;1m        PASS[0m [   0.011s] (1670/2877) [35;1msparq-reason[0m [36mincremental::tests[0m[36m::[0m[34;1minitial_materialization_matches_batch[0m
2026-09-10T18:22:25.7289912Z [32;1m        PASS[0m [   0.007s] (1671/2877) [35;1msparq-reason[0m [36mincremental::tests[0m[36m::[0m[34;1mnoop_mutations[0m
2026-09-10T18:22:25.7355521Z [32;1m        PASS[0m [   0.010s] (1672/2877) [35;1msparq-reason[0m [36mincremental::tests[0m[36m::[0m[34;1mowl_inverse_orientation_and_multi_support[0m
2026-09-10T18:22:25.7390118Z [32;1m        PASS[0m [   0.008s] (1673/2877) [35;1msparq-reason[0m [36mincremental::tests[0m[36m::[0m[34;1mtbox_delete_triggers_rebuild_and_is_correct[0m
2026-09-10T18:22:25.7445325Z [32;1m        PASS[0m [   0.007s] (1674/2877) [35;1msparq-reason[0m [36mn3::compiled::tests[0m[36m::[0m[34;1mground_quoted_triple_is_a_builtin_argument[0m
2026-09-10T18:22:25.7460804Z [32;1m        PASS[0m [   0.012s] (1675/2877) [35;1msparq-reason[0m [36mn3::compiled::tests[0m[36m::[0m[34;1mcomparisons_not_equal_and_str_not_greater[0m
2026-09-10T18:22:25.7531020Z [32;1m        PASS[0m [   0.009s] (1676/2877) [35;1msparq-reason[0m [36mn3::compiled::tests[0m[36m::[0m[34;1mintern_facts_rejects_rule_documents[0m
2026-09-10T18:22:25.7535617Z [32;1m        PASS[0m [   0.007s] (1677/2877) [35;1msparq-reason[0m [36mn3::compiled::tests[0m[36m::[0m[34;1mnot_includes_multi_atom_body_with_shared_wildcard[0m
2026-09-10T18:22:25.7602056Z [32;1m        PASS[0m [   0.007s] (1678/2877) [35;1msparq-reason[0m [36mn3::compiled::tests[0m[36m::[0m[34;1mquoted_pattern_does_not_match_an_asserted_triple[0m
2026-09-10T18:22:25.7620591Z [32;1m        PASS[0m [   0.007s] (1679/2877) [35;1msparq-reason[0m [36mn3::compiled::tests[0m[36m::[0m[34;1mquoted_triple_pattern_correlates_with_outer_bindings[0m
2026-09-10T18:22:25.7676972Z [32;1m        PASS[0m [   0.007s] (1680/2877) [35;1msparq-reason[0m [36mn3::compiled::tests[0m[36m::[0m[34;1mquoted_triple_shapes_outside_the_subset_error_loudly[0m
2026-09-10T18:22:25.7705060Z [32;1m        PASS[0m [   0.009s] (1681/2877) [35;1msparq-reason[0m [36mn3::compiled::tests[0m[36m::[0m[34;1mrule_document_facts_enter_the_closure[0m
2026-09-10T18:22:25.7752173Z [32;1m        PASS[0m [   0.007s] (1682/2877) [35;1msparq-reason[0m [36mn3::compiled::tests[0m[36m::[0m[34;1munsupported_constructs_error_loudly[0m
2026-09-10T18:22:25.7819890Z [32;1m        PASS[0m [   0.011s] (1683/2877) [35;1msparq-reason[0m [36mn3::parser::parse_surface_tests[0m[36m::[0m[34;1mforward_and_backward_rules_and_sameas_sugar[0m
2026-09-10T18:22:25.7839677Z [32;1m        PASS[0m [   0.007s] (1684/2877) [35;1msparq-reason[0m [36mn3::parser::parse_surface_tests[0m[36m::[0m[34;1mpredicate_and_object_lists_with_semicolon_and_comma[0m
2026-09-10T18:22:25.7895016Z [32;1m        PASS[0m [   0.007s] (1685/2877) [35;1msparq-reason[0m [36mn3::parser::parse_surface_tests[0m[36m::[0m[34;1mtyped_lang_bool_integer_decimal_double_literals[0m
2026-09-10T18:22:25.7939616Z [32;1m        PASS[0m [   0.007s] (1686/2877) [35;1msparq-reason[0m [36mn3::serialize::tests[0m[36m::[0m[34;1mquotes_escapes[0m
2026-09-10T18:22:25.7964573Z [32;1m        PASS[0m [   0.007s] (1687/2877) [35;1msparq-reason[0m [36mn3::serialize::tests[0m[36m::[0m[34;1mwrites_each_term_kind[0m
2026-09-10T18:22:25.7978998Z [32;1m        PASS[0m [   0.008s] (1688/2877) [35;1msparq-reason[0m [36mn3::substrate_seam_differential[0m[36m::[0m[34;1mdiff_kept_eye_ops_unchanged[0m
2026-09-10T18:22:25.8052103Z [32;1m        PASS[0m [   0.009s] (1689/2877) [35;1msparq-reason[0m [36mn3::substrate_seam_differential[0m[36m::[0m[34;1mdiff_sum_difference_product_over_matrix[0m
2026-09-10T18:22:25.8057066Z [32;1m        PASS[0m [   0.007s] (1690/2877) [35;1msparq-reason[0m [36mn3::tests[0m[36m::[0m[34;1mbackward_rule_arrow[0m
2026-09-10T18:22:25.8122249Z [32;1m        PASS[0m [   0.007s] (1691/2877) [35;1msparq-reason[0m [36mn3::tests[0m[36m::[0m[34;1mbackward_rule_chained_and_base_case[0m
2026-09-10T18:22:25.8135470Z [32;1m        PASS[0m [   0.008s] (1692/2877) [35;1msparq-reason[0m [36mn3::tests[0m[36m::[0m[34;1mempty_formula_includes_nothing[0m
2026-09-10T18:22:25.8206970Z [32;1m        PASS[0m [   0.007s] (1693/2877) [35;1msparq-reason[0m [36mn3::tests[0m[36m::[0m[34;1mfunctional_math_sum_and_product[0m
2026-09-10T18:22:25.8239733Z [32;1m        PASS[0m [   0.009s] (1694/2877) [35;1msparq-reason[0m [36mn3::tests[0m[36m::[0m[34;1mforward_rule_existential_conclusion_skolemized_per_firing[0m
2026-09-10T18:22:25.8287432Z [32;1m        PASS[0m [   0.007s] (1695/2877) [35;1msparq-reason[0m [36mn3::tests[0m[36m::[0m[34;1mlist_in_generator[0m
2026-09-10T18:22:25.8309523Z [32;1m        PASS[0m [   0.008s] (1696/2877) [35;1msparq-reason[0m [36mn3::tests[0m[36m::[0m[34;1mincludes_virtual_first_deferred_binding[0m
2026-09-10T18:22:25.8377892Z [32;1m        PASS[0m [   0.009s] (1697/2877) [35;1msparq-reason[0m [36mn3::tests[0m[36m::[0m[34;1mlist_member_with_bound_variables[0m
2026-09-10T18:22:25.8391379Z [32;1m        PASS[0m [   0.008s] (1698/2877) [35;1msparq-reason[0m [36mn3::tests[0m[36m::[0m[34;1mlog_includes_ground_formula[0m
2026-09-10T18:22:25.8468654Z [32;1m        PASS[0m [   0.007s] (1699/2877) [35;1msparq-reason[0m [36mn3::tests[0m[36m::[0m[34;1mmath_builtin_filter[0m
2026-09-10T18:22:25.8470691Z [32;1m        PASS[0m [   0.009s] (1700/2877) [35;1msparq-reason[0m [36mn3::tests[0m[36m::[0m[34;1mlog_supports_closes_scope[0m
2026-09-10T18:22:25.8543908Z [32;1m        PASS[0m [   0.007s] (1701/2877) [35;1msparq-reason[0m [36mn3::tests[0m[36m::[0m[34;1mmath_max_and_list_length[0m
2026-09-10T18:22:25.8589602Z [32;1m        PASS[0m [   0.009s] (1702/2877) [35;1msparq-reason[0m [36mn3::tests[0m[36m::[0m[34;1mpath_syntax_backward[0m
2026-09-10T18:22:25.8619358Z [32;1m        PASS[0m [   0.007s] (1703/2877) [35;1msparq-reason[0m [36mn3::tests[0m[36m::[0m[34;1mscoped_negation_not_includes[0m
2026-09-10T18:22:25.8639574Z [32;1m        PASS[0m [   0.007s] (1704/2877) [35;1msparq-reason[0m [36mn3::tests[0m[36m::[0m[34;1mstring_contains_ignoring_case[0m
2026-09-10T18:22:25.8684389Z [32;1m        PASS[0m [   0.007s] (1705/2877) [35;1msparq-reason[0m [36mn3::tests[0m[36m::[0m[34;1mstring_format_subset[0m
2026-09-10T18:22:25.8766378Z [32;1m        PASS[0m [   0.007s] (1706/2877) [35;1msparq-reason[0m [36mn3::tests[0m[36m::[0m[34;1mtime_components_and_unary_math[0m
2026-09-10T18:22:25.8786201Z [32;1m        PASS[0m [   0.016s] (1707/2877) [35;1msparq-reason[0m [36mn3::tests[0m[36m::[0m[34;1mstring_not_matches_regex[0m
2026-09-10T18:22:25.8839422Z [32;1m        PASS[0m [   0.008s] (1708/2877) [35;1msparq-reason[0m [36mn3::tests[0m[36m::[0m[34;1mtime_in_seconds_reverse[0m
2026-09-10T18:22:25.8899418Z [32;1m        PASS[0m [   0.009s] (1709/2877) [35;1msparq-reason[0m [36mn3::tests[0m[36m::[0m[34;1mtrig_domain_error_fails_premise[0m
2026-09-10T18:22:25.8932495Z [32;1m        PASS[0m [   0.009s] (1710/2877) [35;1msparq-reason[0m [36mowl::tests[0m[36m::[0m[34;1mall_different_sameas_pair_clashes[0m
2026-09-10T18:22:25.8964055Z [32;1m        PASS[0m [   0.008s] (1711/2877) [35;1msparq-reason[0m [36mowl::tests[0m[36m::[0m[34;1mall_disjoint_classes_three_members_pairwise[0m
2026-09-10T18:22:25.9024497Z [32;1m        PASS[0m [   0.009s] (1712/2877) [35;1msparq-reason[0m [36mowl::tests[0m[36m::[0m[34;1mcls_svf1_fires_on_a_subclass_derived_type[0m
2026-09-10T18:22:25.9056693Z [32;1m        PASS[0m [   0.009s] (1713/2877) [35;1msparq-reason[0m [36mowl::tests[0m[36m::[0m[34;1mdisjoint_property_fillers_do_not_get_a_differentfrom[0m
2026-09-10T18:22:25.9133133Z [32;1m        PASS[0m [   0.009s] (1714/2877) [35;1msparq-reason[0m [36mowl::tests[0m[36m::[0m[34;1mfunctional_property_does_not_difference_distinct_subjects[0m
2026-09-10T18:22:25.9173568Z [32;1m        PASS[0m [   0.007s] (1715/2877) [35;1msparq-reason[0m [36mowl::tests[0m[36m::[0m[34;1mintersection_of[0m
2026-09-10T18:22:25.9195774Z [32;1m        PASS[0m [   0.008s] (1716/2877) [35;1msparq-reason[0m [36mowl::tests[0m[36m::[0m[34;1mmax_cardinality_one_and_zero[0m
2026-09-10T18:22:25.9210300Z [32;1m        PASS[0m [   0.008s] (1717/2877) [35;1msparq-reason[0m [36mowl::tests[0m[36m::[0m[34;1mone_of_members_typed[0m
2026-09-10T18:22:25.9265799Z [32;1m        PASS[0m [   0.007s] (1718/2877) [35;1msparq-reason[0m [36mowl::tests[0m[36m::[0m[34;1mreflexive_property_does_not_materialize_self_edges[0m
2026-09-10T18:22:25.9306412Z [32;1m        PASS[0m [   0.009s] (1719/2877) [35;1msparq-reason[0m [36mowl::tests[0m[36m::[0m[34;1msameas_and_functional[0m
2026-09-10T18:22:25.9353101Z [32;1m        PASS[0m [   0.007s] (1720/2877) [35;1msparq-reason[0m [36mowl::tests[0m[36m::[0m[34;1mscm_domain_range_propagation[0m
2026-09-10T18:22:25.9380988Z [32;1m        PASS[0m [   0.007s] (1721/2877) [35;1msparq-reason[0m [36mowl::tests[0m[36m::[0m[34;1mscm_svf2_and_hv_restriction_subsumption[0m
2026-09-10T18:22:25.9423521Z [32;1m        PASS[0m [   0.008s] (1722/2877) [35;1msparq-reason[0m [36mowl::tests[0m[36m::[0m[34;1msubproperty_of_a_transitive_property_closes_transitively[0m
2026-09-10T18:22:25.9454982Z [32;1m        PASS[0m [   0.008s] (1723/2877) [35;1msparq-reason[0m [36mrdfs::tests[0m[36m::[0m[34;1mclosure_is_byte_identical_across_join_paths[0m
2026-09-10T18:22:25.9504281Z [32;1m        PASS[0m [   0.008s] (1724/2877) [35;1msparq-reason[0m [36mrdfs::tests[0m[36m::[0m[34;1memit_dr_closure_emits_scm_dom_rng_triples[0m
2026-09-10T18:22:25.9539420Z [32;1m        PASS[0m [   0.008s] (1725/2877) [35;1msparq-reason[0m [36mrdfs::tests[0m[36m::[0m[34;1minverse_of_emits_swapped_predicate[0m
2026-09-10T18:22:25.9579079Z [32;1m        PASS[0m [   0.007s] (1726/2877) [35;1msparq-reason[0m [36mrdfs::tests[0m[36m::[0m[34;1mrdfs_index_derive_fires_every_rule_in_both_delta_directions[0m
2026-09-10T18:22:25.9629606Z [32;1m        PASS[0m [   0.008s] (1727/2877) [35;1msparq-reason[0m [36mrdfs::tests[0m[36m::[0m[34;1msymmetric_property_emits_swapped_edge[0m
2026-09-10T18:22:25.9706607Z [32;1m        PASS[0m [   0.008s] (1728/2877) [35;1msparq-reason::api_entry[0m [34;1mreason_n3_propagates_a_parse_error[0m
2026-09-10T18:22:25.9723582Z [32;1m        PASS[0m [   0.013s] (1729/2877) [35;1msparq-reason::api_entry[0m [34;1mmaterialize_rdfs_via_public_api_derives_the_subclass_closure[0m
2026-09-10T18:22:25.9855359Z [32;1m        PASS[0m [   0.013s] (1730/2877) [35;1msparq-reason::coverage_n3_2nd_pass[0m [34;1mdatetime_inseconds_with_negative_utc_offset[0m
2026-09-10T18:22:25.9912766Z [32;1m        PASS[0m [   0.006s] (1731/2877) [35;1msparq-reason::coverage_n3_2nd_pass[0m [34;1mfallback_blank_var_and_list_in_base[0m
2026-09-10T18:22:25.9966154Z [32;1m        PASS[0m [   0.005s] (1732/2877) [35;1msparq-reason::coverage_n3_2nd_pass[0m [34;1mreason_n3_terms_with_resolver_uses_base[0m
2026-09-10T18:22:26.0055550Z [32;1m        PASS[0m [   0.033s] (1733/2877) [35;1msparq-reason::compiled_equivalence[0m [34;1mevery_corpus_rules_file_compiles[0m
2026-09-10T18:22:26.0072676Z [32;1m        PASS[0m [   0.009s] (1734/2877) [35;1msparq-reason::coverage_n3_2nd_pass[0m [34;1mstring_predicates_roughly_and_case[0m
2026-09-10T18:22:26.0146521Z [32;1m        PASS[0m [   0.009s] (1735/2877) [35;1msparq-reason::default_off_materialization[0m [34;1mmaterialized_graph_incremental_correct_default_off[0m
2026-09-10T18:22:26.0169744Z [32;1m        PASS[0m [   0.009s] (1736/2877) [35;1msparq-reason::default_off_materialization[0m [34;1mrdfs_forward_chaining_correct_default_off[0m
2026-09-10T18:22:26.0266027Z [32;1m        PASS[0m [   0.011s] (1737/2877) [35;1msparq-reason::eye_cases[0m [34;1meye_witch[0m
2026-09-10T18:22:26.0402710Z [32;1m        PASS[0m [   0.011s] (1738/2877) [35;1msparq-reason::incremental_deletion_heavy[0m [34;1mowl_transitive_multipath_retraction_matches_from_scratch[0m
2026-09-10T18:22:26.0429219Z [32;1m        PASS[0m [   0.026s] (1739/2877) [35;1msparq-reason::eye_cases[0m [34;1meye_bi_subset[0m
2026-09-10T18:22:26.0530744Z [32;1m        PASS[0m [   0.013s] (1740/2877) [35;1msparq-reason::incremental_n3_prop[0m [34;1mdelete_of_asserted_layer_derivable_fact_is_an_ownership_transfer[0m
2026-09-10T18:22:26.0713760Z [32;1m        PASS[0m [   0.018s] (1741/2877) [35;1msparq-reason::incremental_n3_prop[0m [34;1msparq_solid_wac_and_acp_rules_qualification_matrix[0m
2026-09-10T18:22:29.2054300Z [32;1m        PASS[0m [   3.134s] (1742/2877) [35;1msparq-reason::incremental_owl_prop[0m [34;1mcounting_mono_matches_from_scratch_over_random_mutations[0m
2026-09-10T18:22:29.2205335Z [32;1m        PASS[0m [   0.015s] (1743/2877) [35;1msparq-reason::n3_builtins[0m [34;1mmath_builtin_on_a_non_number_fails_the_premise[0m
2026-09-10T18:22:29.2279613Z [32;1m        PASS[0m [   0.007s] (1744/2877) [35;1msparq-reason::n3_builtins[0m [34;1mmath_negation_reverse_on_decimal[0m
2026-09-10T18:22:29.2369571Z [32;1m        PASS[0m [   0.007s] (1745/2877) [35;1msparq-reason::n3_builtins[0m [34;1mnumeric_comparisons_hold_and_fail_correctly[0m
2026-09-10T18:22:29.2417131Z [32;1m        PASS[0m [   0.007s] (1746/2877) [35;1msparq-reason::n3_builtins[0m [34;1mstring_ordering_and_prefix_comparisons[0m
2026-09-10T18:22:29.2589560Z [32;1m        PASS[0m [   0.014s] (1747/2877) [35;1msparq-reason::n3_collect_stratified[0m [34;1mcollect_all_keeps_duplicates_findall_semantics[0m
2026-09-10T18:22:29.2639926Z [32;1m        PASS[0m [   0.007s] (1748/2877) [35;1msparq-reason::n3_collect_stratified[0m [34;1mcollect_all_over_a_bound_formula_scope[0m
2026-09-10T18:22:29.2719516Z [32;1m        PASS[0m [   0.007s] (1749/2877) [35;1msparq-reason::n3_collect_stratified[0m [34;1mfor_all_in_over_a_bound_formula_scope[0m
2026-09-10T18:22:29.2789520Z [32;1m        PASS[0m [   0.008s] (1750/2877) [35;1msparq-reason::n3_collect_stratified[0m [34;1mstratified_carried_blank_survives_a_colliding_source_label[0m
2026-09-10T18:22:29.2849343Z [32;1m        PASS[0m [   0.007s] (1751/2877) [35;1msparq-reason::n3_collect_stratified[0m [34;1mstratified_negation_sees_earlier_strata_complete[0m
2026-09-10T18:22:29.2969326Z [32;1m        PASS[0m [   0.012s] (1752/2877) [35;1msparq-reason::n3_formula_scope[0m [34;1mlog_conclusion_returns_the_scope_closure_as_a_formula[0m
2026-09-10T18:22:29.3055489Z [32;1m        PASS[0m [   0.008s] (1753/2877) [35;1msparq-reason::n3_formula_scope[0m [34;1mlog_includes_absent_triple_does_not_fire[0m
2026-09-10T18:22:29.3139383Z [32;1m        PASS[0m [   0.007s] (1754/2877) [35;1msparq-reason::n3_formula_scope[0m [34;1mlog_not_includes_holds_iff_no_match[0m
2026-09-10T18:22:29.3190967Z [32;1m        PASS[0m [   0.007s] (1755/2877) [35;1msparq-reason::n3_formula_scope[0m [34;1mlog_semantics_uses_the_caller_resolver[0m
2026-09-10T18:22:29.3339185Z [32;1m        PASS[0m [   0.014s] (1756/2877) [35;1msparq-reason::n3_import_cycle[0m [34;1mdirect_self_import_terminates[0m
2026-09-10T18:22:29.3413533Z [32;1m        PASS[0m [   0.007s] (1757/2877) [35;1msparq-reason::n3_parser_edges[0m [34;1mbnode_property_list_creates_a_blank_subject[0m
2026-09-10T18:22:29.3495503Z [32;1m        PASS[0m [   0.008s] (1758/2877) [35;1msparq-reason::n3_parser_edges[0m [34;1mfor_all_quantifier_makes_a_universal_variable[0m
2026-09-10T18:22:29.3569474Z [32;1m        PASS[0m [   0.006s] (1759/2877) [35;1msparq-reason::n3_parser_edges[0m [34;1mhas_keyword_is_explicit_forward_predicate[0m
2026-09-10T18:22:29.3623668Z [32;1m        PASS[0m [   0.006s] (1760/2877) [35;1msparq-reason::n3_parser_edges[0m [34;1mis_of_inverse_swaps_subject_and_object[0m
2026-09-10T18:22:29.3699297Z [32;1m        PASS[0m [   0.006s] (1761/2877) [35;1msparq-reason::n3_parser_edges[0m [34;1mnonempty_collection_is_a_list_term[0m
2026-09-10T18:22:29.3769467Z [32;1m        PASS[0m [   0.006s] (1762/2877) [35;1msparq-reason::n3_parser_edges[0m [34;1mprefixed_name_with_escaped_local_punctuation[0m
2026-09-10T18:22:29.3839483Z [32;1m        PASS[0m [   0.006s] (1763/2877) [35;1msparq-reason::n3_parser_edges[0m [34;1msparql_style_prefix_and_base_without_dot[0m
2026-09-10T18:22:29.3873823Z [32;1m        PASS[0m [   0.006s] (1764/2877) [35;1msparq-reason::n3_parser_edges[0m [34;1mstrict_turtle_rejects_local_name_starting_with_hyphen[0m
2026-09-10T18:22:29.3959354Z [32;1m        PASS[0m [   0.006s] (1765/2877) [35;1msparq-reason::n3_parser_edges[0m [34;1mtriple_quoted_string_preserves_newlines[0m
2026-09-10T18:22:29.4019303Z [32;1m        PASS[0m [   0.006s] (1766/2877) [35;1msparq-reason::n3_parser_edges[0m [34;1munterminated_iri_is_an_error[0m
2026-09-10T18:22:29.4189449Z [32;1m        PASS[0m [   0.016s] (1767/2877) [35;1msparq-reason::n3_pass_all[0m [34;1ma_premise_blank_node_is_echoed_as_a_blank_node[0m
2026-09-10T18:22:29.4249327Z [32;1m        PASS[0m [   0.007s] (1768/2877) [35;1msparq-reason::n3_pass_all[0m [34;1mgrounded_mode_grounds_variables_inside_a_quoted_formula[0m
2026-09-10T18:22:29.4339416Z [32;1m        PASS[0m [   0.007s] (1769/2877) [35;1msparq-reason::n3_pass_all[0m [34;1mpass_all_output_is_a_fixpoint_and_keeps_deriving[0m
2026-09-10T18:22:29.4463698Z [32;1m        PASS[0m [   0.015s] (1770/2877) [35;1msparq-reason::n3_query[0m [34;1manswers_are_deduplicated_across_query_rules[0m
2026-09-10T18:22:29.4539405Z [32;1m        PASS[0m [   0.007s] (1771/2877) [35;1msparq-reason::n3_query[0m [34;1mquery_document_facts_are_not_data[0m
2026-09-10T18:22:29.4619376Z [32;1m        PASS[0m [   0.007s] (1772/2877) [35;1msparq-reason::n3_query[0m [34;1mquery_premise_matches_a_first_class_list[0m
2026-09-10T18:22:29.4679393Z [32;1m        PASS[0m [   0.007s] (1773/2877) [35;1msparq-reason::n3_query[0m [34;1mquery_premise_unifies_a_literal_list_pattern[0m
2026-09-10T18:22:29.4876485Z [32;1m        PASS[0m [   0.019s] (1774/2877) [35;1msparq-reason::n3_rdfstar[0m [34;1mblank_in_quote_premise_is_existential[0m
2026-09-10T18:22:29.4931710Z [32;1m        PASS[0m [   0.007s] (1775/2877) [35;1msparq-reason::n3_rdfstar[0m [34;1mid_level_closure_interns_quoted_triples_content_addressed[0m
2026-09-10T18:22:29.4999878Z [32;1m        PASS[0m [   0.007s] (1776/2877) [35;1msparq-reason::n3_rdfstar[0m [34;1mmatch_quoted_triple_binds_inner_vars[0m
2026-09-10T18:22:29.5099226Z [32;1m        PASS[0m [   0.007s] (1777/2877) [35;1msparq-reason::n3_rdfstar[0m [34;1mplain_rules_unregressed[0m
2026-09-10T18:22:29.5159222Z [32;1m        PASS[0m [   0.007s] (1778/2877) [35;1msparq-reason::n3_rdfstar[0m [34;1mquoted_vs_asserted_non_entailment[0m
2026-09-10T18:22:29.5324513Z [32;1m        PASS[0m [   0.019s] (1779/2877) [35;1msparq-reason::non_entailment[0m [34;1mn3_rule_does_not_fire_in_reverse[0m
2026-09-10T18:22:29.5409531Z [32;1m        PASS[0m [   0.008s] (1780/2877) [35;1msparq-reason::non_entailment[0m [34;1mowl_rl_functional_property_is_scoped[0m
2026-09-10T18:22:29.5529885Z [32;1m        PASS[0m [   0.007s] (1781/2877) [35;1msparq-reason::non_entailment[0m [34;1mrdfs_domain_range_do_not_cross[0m
2026-09-10T18:22:29.5608381Z [32;1m        PASS[0m [   0.013s] (1782/2877) [35;1msparq-reason::owl_inconsistencies[0m [34;1mall_disjoint_classes_two_members_is_a_clash[0m
2026-09-10T18:22:29.5684981Z [32;1m        PASS[0m [   0.008s] (1783/2877) [35;1msparq-reason::owl_inconsistencies[0m [34;1mconsistent_ontology_reports_nothing[0m
2026-09-10T18:22:29.5804808Z [32;1m        PASS[0m [   0.012s] (1784/2877) [35;1msparq-reason::owl_inconsistencies[0m [34;1mirreflexive_property_self_loop_is_a_clash[0m
2026-09-10T18:22:29.5889412Z [32;1m        PASS[0m [   0.008s] (1785/2877) [35;1msparq-reason::owl_inconsistencies[0m [34;1mnegative_property_assertion_violated_is_a_clash[0m
2026-09-10T18:22:29.5969980Z [32;1m        PASS[0m [   0.009s] (1786/2877) [35;1msparq-reason::owl_inconsistencies[0m [34;1msame_as_and_different_from_is_a_clash[0m
2026-09-10T18:22:29.6216862Z [32;1m        PASS[0m [   0.024s] (1787/2877) [35;1msparq-reason-dl[0m [36mextract::tests[0m[36m::[0m[34;1mdatatype_range_object_refuses_extraction[0m
2026-09-10T18:22:29.6439637Z [32;1m        PASS[0m [   0.021s] (1788/2877) [35;1msparq-reason-dl[0m [36mextract::tests[0m[36m::[0m[34;1mextract_singleton_intersection_normalizes_to_member[0m
2026-09-10T18:22:29.6559445Z [32;1m        PASS[0m [   0.013s] (1789/2877) [35;1msparq-reason-dl[0m [36mmodel::tests[0m[36m::[0m[34;1mclass_expression_constructors_and_atomicity[0m
2026-09-10T18:22:29.6699529Z [32;1m        PASS[0m [   0.013s] (1790/2877) [35;1msparq-reason-dl[0m [36mnnf::tests[0m[36m::[0m[34;1mis_nnf_accepts_nnf_and_rejects_buried_negation[0m
2026-09-10T18:22:29.6815828Z [32;1m        PASS[0m [   0.013s] (1791/2877) [35;1msparq-reason-dl[0m [36mnnf::tests[0m[36m::[0m[34;1msubexpression_closure_dedups_in_first_visit_order[0m
2026-09-10T18:22:29.6959438Z [32;1m        PASS[0m [   0.014s] (1792/2877) [35;1msparq-reason-dl[0m [36mrender::tests[0m[36m::[0m[34;1mrender_to_triples_some_values_from_direct[0m
2026-09-10T18:22:29.7109369Z [32;1m        PASS[0m [   0.015s] (1793/2877) [35;1msparq-reason-dl[0m [36mrender::tests[0m[36m::[0m[34;1mround_trip_all_values_from[0m
2026-09-10T18:22:29.7330182Z [32;1m        PASS[0m [   0.022s] (1794/2877) [35;1msparq-reason-dl[0m [36mrender::tests[0m[36m::[0m[34;1mround_trip_disjoint_classes[0m
2026-09-10T18:22:29.7539482Z [32;1m        PASS[0m [   0.019s] (1795/2877) [35;1msparq-reason-dl[0m [36mrender::tests[0m[36m::[0m[34;1mround_trip_equivalent_classes_named_composite[0m
2026-09-10T18:22:29.7678494Z [32;1m        PASS[0m [   0.015s] (1796/2877) [35;1msparq-reason-dl[0m [36mrender::tests[0m[36m::[0m[34;1mround_trip_nested_some_intersection[0m
2026-09-10T18:22:29.7839437Z [32;1m        PASS[0m [   0.015s] (1797/2877) [35;1msparq-reason-dl[0m [36mrender::tests[0m[36m::[0m[34;1mround_trip_self_referential_equivalence[0m
2026-09-10T18:22:29.7989476Z [32;1m        PASS[0m [   0.017s] (1798/2877) [35;1msparq-reason-dl[0m [36mrender::tests[0m[36m::[0m[34;1mround_trip_subclass_chain[0m
2026-09-10T18:22:29.8191359Z [32;1m        PASS[0m [   0.020s] (1799/2877) [35;1msparq-reason-dl[0m [36mrender::tests[0m[36m::[0m[34;1mround_trip_union[0m
2026-09-10T18:22:29.8342534Z [32;1m        PASS[0m [   0.016s] (1800/2877) [35;1msparq-reason-dl[0m [36mtableau::tests[0m[36m::[0m[34;1mclass_satisfiability_direct[0m
2026-09-10T18:22:29.8509642Z [32;1m        PASS[0m [   0.015s] (1801/2877) [35;1msparq-reason-dl[0m [36mtableau::tests[0m[36m::[0m[34;1mnested_input_exercises_closure_interner_alignment[0m
2026-09-10T18:22:29.8959421Z [32;1m        PASS[0m [   0.045s] (1802/2877) [35;1msparq-reason-dl::extract[0m [34;1maccept_consumed_anonymous_union_backbone[0m
2026-09-10T18:22:29.9149354Z [32;1m        PASS[0m [   0.020s] (1803/2877) [35;1msparq-reason-dl::extract[0m [34;1maccept_named_intersection_with_use_site[0m
2026-09-10T18:22:29.9319463Z [32;1m        PASS[0m [   0.016s] (1804/2877) [35;1msparq-reason-dl::extract[0m [34;1maccept_unambiguous_property_in_range[0m
2026-09-10T18:22:29.9489253Z [32;1m        PASS[0m [   0.018s] (1805/2877) [35;1msparq-reason-dl::extract[0m [34;1mannotations_and_declarations_ignored[0m
2026-09-10T18:22:29.9666309Z [32;1m        PASS[0m [   0.017s] (1806/2877) [35;1msparq-reason-dl::extract[0m [34;1mcomplement_of[0m
2026-09-10T18:22:29.9837872Z [32;1m        PASS[0m [   0.018s] (1807/2877) [35;1msparq-reason-dl::extract[0m [34;1mfail_closed_rejects_whole_graph_on_one_bad_triple[0m
2026-09-10T18:22:30.0019462Z [32;1m        PASS[0m [   0.015s] (1808/2877) [35;1msparq-reason-dl::extract[0m [34;1mnamed_class_intersection_emits_equivalent_classes[0m
2026-09-10T18:22:30.0146010Z [32;1m        PASS[0m [   0.015s] (1809/2877) [35;1msparq-reason-dl::extract[0m [34;1mnamed_composite_equiv_prepended_before_use_site_axioms[0m
2026-09-10T18:22:30.0296226Z [32;1m        PASS[0m [   0.016s] (1810/2877) [35;1msparq-reason-dl::extract[0m [34;1mobject_property_assertion_declared[0m
2026-09-10T18:22:30.0489380Z [32;1m        PASS[0m [   0.016s] (1811/2877) [35;1msparq-reason-dl::extract[0m [34;1mreject_blank_node_sub_property_of[0m
2026-09-10T18:22:30.0609256Z [32;1m        PASS[0m [   0.014s] (1812/2877) [35;1msparq-reason-dl::extract[0m [34;1mreject_cyclic_class_expression[0m
2026-09-10T18:22:30.0800665Z [32;1m        PASS[0m [   0.019s] (1813/2877) [35;1msparq-reason-dl::extract[0m [34;1mreject_data_construct_literal_in_class[0m
2026-09-10T18:22:30.0989472Z [32;1m        PASS[0m [   0.019s] (1814/2877) [35;1msparq-reason-dl::extract[0m [34;1mreject_duplicate_some_values_from[0m
2026-09-10T18:22:30.1169313Z [32;1m        PASS[0m [   0.017s] (1815/2877) [35;1msparq-reason-dl::extract[0m [34;1mreject_malformed_list_unterminated[0m
2026-09-10T18:22:30.1494563Z [32;1m        PASS[0m [   0.035s] (1816/2877) [35;1msparq-reason-dl::extract[0m [34;1mreject_max_ce_depth[0m
2026-09-10T18:22:30.1699269Z [32;1m        PASS[0m [   0.020s] (1817/2877) [35;1msparq-reason-dl::extract[0m [34;1mreject_out_of_fragment_inverse[0m
2026-09-10T18:22:30.1864074Z [32;1m        PASS[0m [   0.017s] (1818/2877) [35;1msparq-reason-dl::extract[0m [34;1mreject_out_of_fragment_sameas[0m
2026-09-10T18:22:30.2069511Z [32;1m        PASS[0m [   0.018s] (1819/2877) [35;1msparq-reason-dl::extract[0m [34;1mreject_pun_use_then_declare_annotation_on_property[0m
2026-09-10T18:22:30.2203323Z [32;1m        PASS[0m [   0.016s] (1820/2877) [35;1msparq-reason-dl::extract[0m [34;1mreject_punned_property_in_domain[0m
2026-09-10T18:22:30.2350567Z [32;1m        PASS[0m [   0.015s] (1821/2877) [35;1msparq-reason-dl::extract[0m [34;1mreject_punned_property_in_sub_property_of[0m
2026-09-10T18:22:30.2579264Z [32;1m        PASS[0m [   0.020s] (1822/2877) [35;1msparq-reason-dl::extract[0m [34;1mreject_restriction_both_some_and_all_values_from[0m
2026-09-10T18:22:30.2673842Z [32;1m        PASS[0m [   0.012s] (1823/2877) [35;1msparq-reason-dl::extract[0m [34;1mreject_unconsumed_union_backbone_i5_5_007[0m
2026-09-10T18:22:30.2879063Z [32;1m        PASS[0m [   0.018s] (1824/2877) [35;1msparq-reason-dl::extract[0m [34;1msome_values_from[0m
2026-09-10T18:22:30.3029055Z [32;1m        PASS[0m [   0.016s] (1825/2877) [35;1msparq-reason-dl::extract[0m [34;1mthing_and_nothing[0m
2026-09-10T18:22:30.3199118Z [32;1m        PASS[0m [   0.016s] (1826/2877) [35;1msparq-reason-dl::profile[0m [34;1mcross_some_in_el_in_ql_not_rl[0m
2026-09-10T18:22:30.3339262Z [32;1m        PASS[0m [   0.014s] (1827/2877) [35;1msparq-reason-dl::profile[0m [34;1mel_accept_intersection_and_somefrom[0m
2026-09-10T18:22:30.3460358Z [32;1m        PASS[0m [   0.012s] (1828/2877) [35;1msparq-reason-dl::profile[0m [34;1mel_reject_complementof_not_el_ce[0m
2026-09-10T18:22:30.3599497Z [32;1m        PASS[0m [   0.014s] (1829/2877) [35;1msparq-reason-dl::profile[0m [34;1mmembership_helpers_and_profileset_helpers[0m
2026-09-10T18:22:30.3649179Z [32;1m        PASS[0m [   0.006s] (1830/2877) [35;1msparq-reason-dl::profile[0m [34;1mproperty_domain_range_named_in_all_profiles[0m
2026-09-10T18:22:30.3709163Z [32;1m        PASS[0m [   0.006s] (1831/2877) [35;1msparq-reason-dl::profile[0m [34;1mql_accept_property_domain_some_thing[0m
2026-09-10T18:22:30.3773107Z [32;1m        PASS[0m [   0.006s] (1832/2877) [35;1msparq-reason-dl::profile[0m [34;1mql_accept_some_thing_as_sub_ce[0m
2026-09-10T18:22:30.3829034Z [32;1m        PASS[0m [   0.006s] (1833/2877) [35;1msparq-reason-dl::profile[0m [34;1mql_reject_allvaluesfrom_as_super_ce[0m
2026-09-10T18:22:30.3889127Z [32;1m        PASS[0m [   0.006s] (1834/2877) [35;1msparq-reason-dl::profile[0m [34;1mql_reject_some_non_thing_filler_as_sub_ce[0m
2026-09-10T18:22:30.3949067Z [32;1m        PASS[0m [   0.006s] (1835/2877) [35;1msparq-reason-dl::profile[0m [34;1mrl_accept_class_assertion_complementof[0m
2026-09-10T18:22:30.4009069Z [32;1m        PASS[0m [   0.006s] (1836/2877) [35;1msparq-reason-dl::profile[0m [34;1mrl_accept_nothing_in_super_position[0m
2026-09-10T18:22:30.4068962Z [32;1m        PASS[0m [   0.006s] (1837/2877) [35;1msparq-reason-dl::profile[0m [34;1mrl_accept_union_in_sub_position[0m
2026-09-10T18:22:30.4149034Z [32;1m        PASS[0m [   0.006s] (1838/2877) [35;1msparq-reason-dl::profile[0m [34;1mrl_reject_thing_in_sub_position[0m
2026-09-10T18:22:30.4208995Z [32;1m        PASS[0m [   0.006s] (1839/2877) [35;1msparq-reason-dl::profile[0m [34;1mrl_reject_union_as_super_ce[0m
2026-09-10T18:22:30.4319052Z [32;1m        PASS[0m [   0.013s] (1840/2877) [35;1msparq-reason-dl::tableau[0m [34;1mcanary_root_blocks_cyclic_class[0m
2026-09-10T18:22:30.4439228Z [32;1m        PASS[0m [   0.012s] (1841/2877) [35;1msparq-reason-dl::tableau[0m [34;1mcyclic_tbox_with_universal_contradiction_is_unsatisfiable[0m
2026-09-10T18:22:30.4719185Z [32;1m        PASS[0m [   0.028s] (1842/2877) [35;1msparq-reason-dl::tableau[0m [34;1mend_to_end_turtle_consistency_pair[0m
2026-09-10T18:22:30.4869060Z [32;1m        PASS[0m [   0.013s] (1843/2877) [35;1msparq-reason-dl::tableau[0m [34;1mexists_forall_interaction_pair[0m
2026-09-10T18:22:30.4980487Z [32;1m        PASS[0m [   0.014s] (1844/2877) [35;1msparq-reason-dl::tableau[0m [34;1mforall_on_super_role_constrains_sub_role_edge_pair[0m
2026-09-10T18:22:30.5189558Z [32;1m        PASS[0m [   0.018s] (1845/2877) [35;1msparq-reason-dl::tableau[0m [34;1mfragment_rejection_inverse_roles_yield_unknown_out_of_fragment[0m
2026-09-10T18:22:30.5329295Z [32;1m        PASS[0m [   0.014s] (1846/2877) [35;1msparq-reason-dl::tableau[0m [34;1mor_branching_sat_unsat_pair[0m
2026-09-10T18:22:30.5449350Z [32;1m        PASS[0m [   0.012s] (1847/2877) [35;1msparq-reason-dl::tableau[0m [34;1mstrict_superset_of_ancestor_must_not_block[0m
2026-09-10T18:22:30.8669837Z [32;1m        PASS[0m [   4.827s] (1848/2877) [35;1msparq-reason::incremental_n3_prop[0m [34;1mcounting_with_layer_guard_and_builtins_matches_from_scratch[0m
2026-09-10T18:22:31.5289943Z [32;1m        PASS[0m [   0.664s] (1849/2877) [35;1msparq-reason-dl::bench/tableau_micro[0m [34;1mtableau_check_by_depth/not_subsumed/2[0m
2026-09-10T18:22:32.1402539Z [32;1m        PASS[0m [   0.611s] (1850/2877) [35;1msparq-reason-dl::bench/tableau_micro[0m [34;1mtableau_check_by_depth/sat/1[0m
2026-09-10T18:22:32.7509873Z [32;1m        PASS[0m [   0.609s] (1851/2877) [35;1msparq-reason-dl::bench/tableau_micro[0m [34;1mtableau_check_by_depth/sat/8[0m
2026-09-10T18:22:33.3563016Z [32;1m        PASS[0m [   0.606s] (1852/2877) [35;1msparq-reason-dl::bench/tableau_micro[0m [34;1mtableau_check_by_depth/subsumed/4[0m
2026-09-10T18:22:33.9715698Z [32;1m        PASS[0m [   0.615s] (1853/2877) [35;1msparq-reason-dl::bench/tableau_micro[0m [34;1mtableau_check_by_depth/unsat/2[0m
2026-09-10T18:22:33.9879443Z [32;1m        PASS[0m [   0.016s] (1854/2877) [35;1msparq-reason-el[0m [36mtests[0m[36m::[0m[34;1mconjunction_subsumption[0m
2026-09-10T18:22:33.9960440Z [32;1m        PASS[0m [   0.008s] (1855/2877) [35;1msparq-reason-el[0m [36mtests[0m[36m::[0m[34;1mdisjoint_makes_unsatisfiable[0m
2026-09-10T18:22:34.0075760Z [32;1m        PASS[0m [   0.011s] (1856/2877) [35;1msparq-reason-el[0m [36mtests[0m[36m::[0m[34;1mmalformed_has_self_is_skipped[0m
2026-09-10T18:22:34.0179496Z [32;1m        PASS[0m [   0.007s] (1857/2877) [35;1msparq-reason-el[0m [36mtests[0m[36m::[0m[34;1msafe_nominal_has_value_classifies_instead_of_skipping[0m
2026-09-10T18:22:34.0320963Z [32;1m        PASS[0m [   0.017s] (1858/2877) [35;1msparq-reason-el::differential[0m [34;1mclassify_graph_emits_full_closure_not_just_told_edges[0m
2026-09-10T18:22:34.0433615Z [32;1m        PASS[0m [   0.011s] (1859/2877) [35;1msparq-reason-el::differential[0m [34;1mdisjoint_with_non_el_side_is_skipped_via_the_disjoint_branch[0m
2026-09-10T18:22:34.0543404Z [32;1m        PASS[0m [   0.011s] (1860/2877) [35;1msparq-reason-el::differential[0m [34;1mel_conjunction_and_equivalence[0m
2026-09-10T18:22:34.0643442Z [32;1m        PASS[0m [   0.010s] (1861/2877) [35;1msparq-reason-el::differential[0m [34;1mexplicit_owl_nothing_superclass_makes_class_unsatisfiable[0m
2026-09-10T18:22:34.0733662Z [32;1m        PASS[0m [   0.009s] (1862/2877) [35;1msparq-reason-el::differential[0m [34;1mreport_counts_named_classes_and_emitted_subsumptions[0m
2026-09-10T18:22:34.0823722Z [32;1m        PASS[0m [   0.009s] (1863/2877) [35;1msparq-reason-el::differential[0m [34;1msingle_element_intersection_reduces_to_its_member[0m
2026-09-10T18:22:34.0902404Z [32;1m        PASS[0m [   0.008s] (1864/2877) [35;1msparq-reason-el::differential[0m [34;1mthree_way_conjunction_left_fold_requires_all_conjuncts[0m
2026-09-10T18:22:34.1074889Z [32;1m        PASS[0m [   0.017s] (1865/2877) [35;1msparq-reason-el::nominals[0m [34;1mclassify_graph_with_nominals_is_idempotent_and_never_leaks_individuals[0m
2026-09-10T18:22:34.1173449Z [32;1m        PASS[0m [   0.010s] (1866/2877) [35;1msparq-reason-el::nominals[0m [34;1mcr6_reachability_spans_multiple_links[0m
2026-09-10T18:22:34.1269519Z [32;1m        PASS[0m [   0.009s] (1867/2877) [35;1msparq-reason-el::nominals[0m [34;1mhas_value_and_singleton_one_of_unify_on_the_same_nominal[0m
2026-09-10T18:22:34.1378550Z [32;1m        PASS[0m [   0.011s] (1868/2877) [35;1msparq-reason-ql[0m [36mcq::tests[0m[36m::[0m[34;1maccepts_distinct[0m
2026-09-10T18:22:34.1460750Z [32;1m        PASS[0m [   0.008s] (1869/2877) [35;1msparq-reason-ql[0m [36mcq::tests[0m[36m::[0m[34;1mas_conjunctive_query_rejects_multi_branch_ucq[0m
2026-09-10T18:22:34.1537020Z [32;1m        PASS[0m [   0.007s] (1870/2877) [35;1msparq-reason-ql[0m [36mcq::tests[0m[36m::[0m[34;1mfilter_on_non_distinguished_var_rejected[0m
2026-09-10T18:22:34.1601366Z [32;1m        PASS[0m [   0.006s] (1871/2877) [35;1msparq-reason-ql[0m [36mcq::tests[0m[36m::[0m[34;1mrdfs_domain_predicate_rejected[0m
2026-09-10T18:22:34.1661785Z [32;1m        PASS[0m [   0.006s] (1872/2877) [35;1msparq-reason-ql[0m [36mcq::tests[0m[36m::[0m[34;1mrdfs_sub_property_of_predicate_rejected[0m
2026-09-10T18:22:34.1721390Z [32;1m        PASS[0m [   0.006s] (1873/2877) [35;1msparq-reason-ql[0m [36mcq::tests[0m[36m::[0m[34;1mrejects_bind[0m
2026-09-10T18:22:34.1787489Z [32;1m        PASS[0m [   0.007s] (1874/2877) [35;1msparq-reason-ql[0m [36mcq::tests[0m[36m::[0m[34;1mrejects_optional[0m
2026-09-10T18:22:34.1860633Z [32;1m        PASS[0m [   0.007s] (1875/2877) [35;1msparq-reason-ql[0m [36mcq::tests[0m[36m::[0m[34;1mucq_three_branch_accepted[0m
2026-09-10T18:22:34.1926845Z [32;1m        PASS[0m [   0.007s] (1876/2877) [35;1msparq-reason-ql[0m [36mcq::tests[0m[36m::[0m[34;1mvalues_over_distinguished_with_constants_accepted[0m
2026-09-10T18:22:34.2010968Z [32;1m        PASS[0m [   0.008s] (1877/2877) [35;1msparq-reason-ql[0m [36mdllite::tests[0m[36m::[0m[34;1mfully_captured_true_iff_no_skipped_and_no_unrecognised[0m
2026-09-10T18:22:34.2092404Z [32;1m        PASS[0m [   0.008s] (1878/2877) [35;1msparq-reason-ql[0m [36mdllite::tests[0m[36m::[0m[34;1mrole_inverse_roundtrips[0m
2026-09-10T18:22:34.2178383Z [32;1m        PASS[0m [   0.008s] (1879/2877) [35;1msparq-reason-ql[0m [36mdllite::tests[0m[36m::[0m[34;1msubclass_complement_resolves_existential_operands[0m
2026-09-10T18:22:34.2309044Z [32;1m        PASS[0m [   0.013s] (1880/2877) [35;1msparq-reason-ql::path_desugar[0m [34;1malternation_rejected_by_as_conjunctive_query[0m
2026-09-10T18:22:34.2383581Z [32;1m        PASS[0m [   0.007s] (1881/2877) [35;1msparq-reason-ql::path_desugar[0m [34;1minverse_in_alternation_arm_swaps_subject_object[0m
2026-09-10T18:22:34.2450567Z [32;1m        PASS[0m [   0.006s] (1882/2877) [35;1msparq-reason-ql::path_desugar[0m [34;1mone_or_more_rejected[0m
2026-09-10T18:22:34.2523745Z [32;1m        PASS[0m [   0.007s] (1883/2877) [35;1msparq-reason-ql::path_desugar[0m [34;1msequence_with_recursive_arm_rejected[0m
2026-09-10T18:22:34.2579233Z [32;1m        PASS[0m [   0.006s] (1884/2877) [35;1msparq-reason-ql::path_desugar[0m [34;1mzero_or_more_rejected[0m
2026-09-10T18:22:34.2652753Z [32;1m        PASS[0m [   0.007s] (1885/2877) [35;1msparq-reason-ql::tbox_capture[0m [34;1mall_values_from_still_counted_skipped[0m
2026-09-10T18:22:34.2730882Z [32;1m        PASS[0m [   0.007s] (1886/2877) [35;1msparq-reason-ql::tbox_capture[0m [34;1mdisjoint_with_increments_consistency_relevant[0m
2026-09-10T18:22:34.2804761Z [32;1m        PASS[0m [   0.007s] (1887/2877) [35;1msparq-reason-ql::tbox_capture[0m [34;1mequivalent_property_captures_both_directions[0m
2026-09-10T18:22:34.2858385Z [32;1m        PASS[0m [   0.005s] (1888/2877) [35;1msparq-reason-ql::tbox_capture[0m [34;1mfully_captured_false_when_unrecognised_schema_nonzero[0m
2026-09-10T18:22:34.2940669Z [32;1m        PASS[0m [   0.006s] (1889/2877) [35;1msparq-reason-ql::tbox_capture[0m [34;1montology_metadata_predicates_not_counted_as_unrecognised[0m
2026-09-10T18:22:34.3009509Z [32;1m        PASS[0m [   0.006s] (1890/2877) [35;1msparq-reason-ql::tbox_capture[0m [34;1mql_legal_declarations_stay_fully_captured[0m
2026-09-10T18:22:34.3068578Z [32;1m        PASS[0m [   0.008s] (1891/2877) [35;1msparq-reason-wasm[0m [36mtests[0m[36m::[0m[34;1mjson_string_escaping[0m
2026-09-10T18:22:34.3480671Z [32;1m        PASS[0m [   0.041s] (1892/2877) [35;1msparq-reason-wasm[0m [36mtests[0m[36m::[0m[34;1mn3_query_matches_a_first_class_list[0m
2026-09-10T18:22:34.3576693Z [32;1m        PASS[0m [   0.010s] (1893/2877) [35;1msparq-reason-wasm[0m [36mtests[0m[36m::[0m[34;1mn3_rule_entails_conclusion[0m
2026-09-10T18:22:34.3695596Z [32;1m        PASS[0m [   0.012s] (1894/2877) [35;1msparq-reason-wasm[0m [36mtests[0m[36m::[0m[34;1mstats_counts_are_consistent[0m
2026-09-10T18:22:34.4040270Z [32;1m        PASS[0m [   0.032s] (1895/2877) [35;1msparq-rsp[0m [36meval::tests[0m[36m::[0m[34;1msnapshot_and_delta_agree_per_window[0m
2026-09-10T18:22:34.4120221Z [32;1m        PASS[0m [   0.008s] (1896/2877) [35;1msparq-rsp[0m [36mquery::tests[0m[36m::[0m[34;1mselect_diff_uses_exact_term_rows[0m
2026-09-10T18:22:34.4225988Z [32;1m        PASS[0m [   0.013s] (1897/2877) [35;1msparq-rsp::boundary_unit[0m [34;1madvance_is_noop_on_count_window[0m
2026-09-10T18:22:34.4584234Z [32;1m        PASS[0m [   0.036s] (1898/2877) [35;1msparq-rsp::boundary_unit[0m [34;1mconstruct_dstream_set_minus_exact[0m
2026-09-10T18:22:34.4699247Z [32;1m        PASS[0m [   0.007s] (1899/2877) [35;1msparq-rsp::boundary_unit[0m [34;1mcontinuous_construct_accessors[0m
2026-09-10T18:22:34.4759383Z [32;1m        PASS[0m [   0.007s] (1900/2877) [35;1msparq-rsp::boundary_unit[0m [34;1mcontinuous_multi_query_accessors[0m
2026-09-10T18:22:34.4819497Z [32;1m        PASS[0m [   0.007s] (1901/2877) [35;1msparq-rsp::boundary_unit[0m [34;1mgap_boundary_ts_equal_to_range_is_not_in_window[0m
2026-09-10T18:22:34.4879106Z [32;1m        PASS[0m [   0.007s] (1902/2877) [35;1msparq-rsp::boundary_unit[0m [34;1mmulti_query_rejects_single_window[0m
2026-09-10T18:22:34.4959234Z [32;1m        PASS[0m [   0.007s] (1903/2877) [35;1msparq-rsp::boundary_unit[0m [34;1mrspql_register_dstream_and_rstream_keywords[0m
2026-09-10T18:22:34.5029137Z [32;1m        PASS[0m [   0.007s] (1904/2877) [35;1msparq-rsp::boundary_unit[0m [34;1mrspql_rejects_missing_stream_iri[0m
2026-09-10T18:22:34.5089200Z [32;1m        PASS[0m [   0.007s] (1905/2877) [35;1msparq-rsp::boundary_unit[0m [34;1mrspql_rejects_register_without_as[0m
2026-09-10T18:22:34.5154570Z [32;1m        PASS[0m [   0.008s] (1906/2877) [35;1msparq-rsp::boundary_unit[0m [34;1mrspql_window_inside_single_quote_string_not_rewritten[0m
2026-09-10T18:22:34.5240970Z [32;1m        PASS[0m [   0.008s] (1907/2877) [35;1msparq-rsp::boundary_unit[0m [34;1mtriple_stream_len_is_empty_items_push_item[0m
2026-09-10T18:22:34.6598837Z [32;1m        PASS[0m [   0.136s] (1908/2877) [35;1msparq-rsp::boundary_unit[0m [34;1mwindow_spec_time_step_zero_panics[0m
2026-09-10T18:22:34.7064461Z [32;1m        PASS[0m [   0.047s] (1909/2877) [35;1msparq-rsp::boundary_unit[0m [34;1mwith_slide_on_time_window_panics[0m
2026-09-10T18:22:34.7479998Z [32;1m        PASS[0m [   0.040s] (1910/2877) [35;1msparq-rsp::budget[0m [34;1mask_window_timeout_trips[0m
2026-09-10T18:22:34.7586867Z [32;1m        PASS[0m [   0.013s] (1911/2877) [35;1msparq-rsp::budget[0m [34;1mmulti_budget_max_rows_trips_on_tick[0m
2026-09-10T18:22:34.7676623Z [32;1m        PASS[0m [   0.009s] (1912/2877) [35;1msparq-rsp::budget[0m [34;1mselect_expired_absolute_deadline_not_extended_by_window_timeout[0m
2026-09-10T18:22:34.7790368Z [32;1m        PASS[0m [   0.011s] (1913/2877) [35;1msparq-rsp::budget[0m [34;1mselect_window_timeout_bounds_each_evaluation[0m
2026-09-10T18:22:34.8186615Z [32;1m        PASS[0m [   0.039s] (1914/2877) [35;1msparq-rsp::multi_window[0m [34;1mistream_over_multi_window_join[0m
2026-09-10T18:22:34.8286523Z [32;1m        PASS[0m [   0.010s] (1915/2877) [35;1msparq-rsp::multi_window[0m [34;1mmulti_window_join_only_matches_shared_subject[0m
2026-09-10T18:22:34.8416285Z [32;1m        PASS[0m [   0.013s] (1916/2877) [35;1msparq-rsp::multi_window[0m [34;1mthree_window_join_correctness[0m
2026-09-10T18:22:34.8565704Z [32;1m        PASS[0m [   0.015s] (1917/2877) [35;1msparq-rsp::proptest_window[0m [34;1mfully_late_arrival_is_dropped_counted_once_and_never_emitted[0m
2026-09-10T18:22:34.8918359Z [32;1m        PASS[0m [   0.035s] (1918/2877) [35;1msparq-rsp::rsp[0m [34;1mcontinuous_ask_reports_per_window_booleans[0m
2026-09-10T18:22:34.9139545Z [32;1m        PASS[0m [   0.022s] (1919/2877) [35;1msparq-rsp::rsp[0m [34;1mcontinuous_construct_istream_dstream_set_diffs[0m
2026-09-10T18:22:34.9280498Z [32;1m        PASS[0m [   0.012s] (1920/2877) [35;1msparq-rsp::rsp[0m [34;1mcontinuous_query_over_count_window[0m
2026-09-10T18:22:34.9426850Z [32;1m        PASS[0m [   0.017s] (1921/2877) [35;1msparq-rsp::rsp[0m [34;1mdstream_emits_only_removed_rows_including_via_empty_window[0m
2026-09-10T18:22:34.9520147Z [32;1m        PASS[0m [   0.007s] (1922/2877) [35;1msparq-rsp::rsp[0m [34;1mgap_first_arrival_anchors_and_empty_window_is_still_emitted[0m
2026-09-10T18:22:34.9649210Z [32;1m        PASS[0m [   0.013s] (1923/2877) [35;1msparq-rsp::rsp[0m [34;1mistream_emits_only_added_rows[0m
2026-09-10T18:22:37.3178817Z [32;1m        PASS[0m [   6.775s] (1924/2877) [35;1msparq-reason-dl::tableau_crosscheck[0m [34;1moracle_never_contradicts_an_unsatisfiable_verdict_deep[0m
2026-09-10T18:22:37.3289445Z [32;1m        PASS[0m [   0.008s] (1925/2877) [35;1msparq-rsp::rsp[0m [34;1mrows_window_membership_is_arrival_order_not_timestamp_order[0m
2026-09-10T18:22:37.3332540Z [32;1m        PASS[0m [   0.007s] (1926/2877) [35;1msparq-rsp::rsp[0m [34;1msliding_windows_overlap[0m
2026-09-10T18:22:37.4712159Z [32;1m        PASS[0m [   0.138s] (1927/2877) [35;1msparq-rsp::rsp[0m [34;1mt0_on_count_window_panics[0m
2026-09-10T18:22:37.4869603Z [32;1m        PASS[0m [   0.013s] (1928/2877) [35;1msparq-rsp::rsp[0m [34;1mtumbling_windows_partition_without_double_counting[0m
2026-09-10T18:22:37.5012964Z [32;1m        PASS[0m [   0.017s] (1929/2877) [35;1msparq-rsp::rspql_parse[0m [34;1mnew_window_forms_parse_and_rewrite_correctly[0m
2026-09-10T18:22:37.5094733Z [32;1m        PASS[0m [   0.008s] (1930/2877) [35;1msparq-rsp::rspql_parse[0m [34;1mparses_representative_rspql_query[0m
2026-09-10T18:22:37.5275588Z [32;1m        PASS[0m [   0.017s] (1931/2877) [35;1msparq-rsp::rspql_parse[0m [34;1mrejects_malformed_headers[0m
2026-09-10T18:22:37.5395472Z [32;1m        PASS[0m [   0.012s] (1932/2877) [35;1msparq-rsp::rspql_parse[0m [34;1mrejects_sliding_without_step[0m
2026-09-10T18:22:37.5539293Z [32;1m        PASS[0m [   0.012s] (1933/2877) [35;1msparq-rsp::rspql_parse[0m [34;1municode_in_body_survives_rewrite[0m
2026-09-10T18:22:37.8547373Z [32;1m        PASS[0m [   0.303s] (1934/2877) [35;1msparq-rsp::srbench_oracle[0m [34;1mrsp_srbench_expressivity_ratchet[0m
2026-09-10T18:22:37.8649378Z [32;1m        PASS[0m [   0.007s] (1935/2877) [35;1msparq-rsp::srbench_oracle[0m [34;1mtime_windows_helper_is_correct[0m
2026-09-10T18:22:37.8729459Z [32;1m        PASS[0m [   0.010s] (1936/2877) [35;1msparq-rsp::stream_edge_paths[0m [34;1mpush_batch_preserves_item_order_and_content[0m
2026-09-10T18:22:37.9516532Z [32;1m        PASS[0m [   0.080s] (1937/2877) [35;1msparq-rsp::window_oracle[0m [34;1mboundary_inclusivity_on_sliding_overlap[0m
2026-09-10T18:22:37.9979516Z [32;1m        PASS[0m [   0.044s] (1938/2877) [35;1msparq-rsp::window_oracle[0m [34;1mempty_windows_match_batch_zero_result[0m
2026-09-10T18:22:38.7441019Z [32;1m        PASS[0m [   3.781s] (1939/2877) [35;1msparq-rsp::rsp[0m [34;1mpersistent_dict_compaction_bounds_growth_on_churning_vocabulary[0m
2026-09-10T18:22:38.7569591Z [32;1m        PASS[0m [   0.012s] (1940/2877) [35;1msparq-rsp::window_oracle[0m [34;1moracle_projection_with_order_by_equals_batch[0m
2026-09-10T18:22:38.7680201Z [32;1m        PASS[0m [   0.011s] (1941/2877) [35;1msparq-rsp::window_oracle[0m [34;1moracle_with_max_delay_out_of_order_equals_batch[0m
2026-09-10T18:22:38.7735872Z [32;1m        PASS[0m [   0.007s] (1942/2877) [35;1msparq-rsp::window_oracle[0m [34;1msliding_late_tuple_dropped_once_all_covering_windows_closed[0m
2026-09-10T18:22:38.7829295Z [32;1m        PASS[0m [   0.006s] (1943/2877) [35;1msparq-rsp::example/throughput[0m [36mtests[0m[36m::[0m[34;1mjson_str_escapes[0m
2026-09-10T18:22:38.8019259Z [32;1m        PASS[0m [   0.019s] (1944/2877) [35;1msparq-rsp-wasm[0m [36mtests[0m[36m::[0m[34;1mparse_triple_reading[0m
2026-09-10T18:22:38.8089333Z [32;1m        PASS[0m [   0.008s] (1945/2877) [35;1msparq-rsp-wasm[0m [36mtests[0m[36m::[0m[34;1mu64_arg_narrows_js_numbers[0m
2026-09-10T18:22:38.8141875Z [32;1m        PASS[0m [   0.007s] (1946/2877) [35;1msparq-secprop-vocab[0m [36mtests[0m[36m::[0m[34;1massurance_default_and_audit_gate_are_documented[0m
2026-09-10T18:22:38.8313066Z [32;1m        PASS[0m [   0.017s] (1947/2877) [35;1msparq-secprop-vocab[0m [36mtests[0m[36m::[0m[34;1msecprop_ext_iris_match_rust_constants[0m
2026-09-10T18:22:38.8448476Z [32;1m        PASS[0m [   0.013s] (1948/2877) [35;1msparq-secprop-vocab::secprop_ttl[0m [34;1msecprop_ext_ttl_declares_every_minted_term[0m
2026-09-10T18:22:40.8181863Z [32;1m        PASS[0m [   1.973s] (1949/2877) [35;1msparq-serve::batch_atomicity[0m [34;1mreader_sees_zero_or_all_of_a_bulk_update[0m
2026-09-10T18:22:40.8349741Z [32;1m        PASS[0m [   0.015s] (1950/2877) [35;1msparq-serve::cache_feature_state[0m [34;1mepoch_vector_bumps_touched_pods_only[0m
2026-09-10T18:22:41.2518911Z [32;1m        PASS[0m [   0.418s] (1951/2877) [35;1msparq-serve::commute[0m [34;1mfuzz_differential_window_vs_commute_vs_serial[0m
2026-09-10T18:22:41.3023756Z [32;1m        PASS[0m [   0.049s] (1952/2877) [35;1msparq-serve::embed_facade[0m [34;1mask_returns_correct_bool[0m
2026-09-10T18:22:41.3120986Z [32;1m        PASS[0m [   0.009s] (1953/2877) [35;1msparq-serve::embed_facade[0m [34;1mnamed_graph_exists_reports_correct_presence[0m
2026-09-10T18:22:41.3280107Z [32;1m        PASS[0m [   0.016s] (1954/2877) [35;1msparq-serve::embed_facade[0m [34;1mquery_returns_structured_rows[0m
2026-09-10T18:22:41.3946479Z [32;1m        PASS[0m [   0.065s] (1955/2877) [35;1msparq-serve::embed_seam[0m [34;1mfork_update_publish_preserves_pinned_snapshot_and_advances_generations[0m
2026-09-10T18:22:41.4072771Z [32;1m        PASS[0m [   0.014s] (1956/2877) [35;1msparq-serve::error_display[0m [34;1mwrite_error_display_is_distinct_and_carries_payload[0m
2026-09-10T18:22:41.4219262Z [32;1m        PASS[0m [   0.012s] (1957/2877) [35;1msparq-serve::footprint[0m [34;1mdelete_data_named_graph_records_named_target[0m
2026-09-10T18:22:41.4336590Z [32;1m        PASS[0m [   0.014s] (1958/2877) [35;1msparq-serve::footprint[0m [34;1mgraph_applier_footprint_matches_of_sparql[0m
2026-09-10T18:22:41.4479308Z [32;1m        PASS[0m [   0.014s] (1959/2877) [35;1msparq-serve::footprint[0m [34;1mmixed_insert_delete_update_tracks_both_graph_sets[0m
2026-09-10T18:22:41.4629276Z [32;1m        PASS[0m [   0.013s] (1960/2877) [35;1msparq-serve::footprint[0m [34;1mwhere_driven_update_is_a_barrier[0m
2026-09-10T18:22:41.4923311Z [32;1m        PASS[0m [   0.032s] (1961/2877) [35;1msparq-serve::real_store[0m [34;1mring_serves_real_graph_snapshots_consistently[0m
2026-09-10T18:22:41.4999250Z [32;1m        PASS[0m [   0.006s] (1962/2877) [35;1msparq-serve::ring[0m [34;1mepoch_bumps_only_for_touched_pods[0m
2026-09-10T18:22:41.5082811Z [32;1m        PASS[0m [   0.010s] (1963/2877) [35;1msparq-serve::ring[0m [34;1mreaders_pin_old_generations_while_writer_publishes_past[0m
2026-09-10T18:22:42.5879863Z [32;1m        PASS[0m [   1.078s] (1964/2877) [35;1msparq-serve::scheduler[0m [34;1mhead_of_line_cheap_p99_bounded_under_expensive_query[0m
2026-09-10T18:22:42.6779659Z [32;1m        PASS[0m [   4.682s] (1965/2877) [35;1msparq-rsp::window_oracle[0m [34;1mfuzz_in_order_streams_streamed_equals_batch[0m
2026-09-10T18:22:42.9016898Z [32;1m        PASS[0m [   0.315s] (1966/2877) [35;1msparq-serve::scheduler[0m [34;1mheavy_query_not_starved_under_cheap_flood[0m
2026-09-10T18:22:42.9354815Z [32;1m        PASS[0m [   0.257s] (1967/2877) [35;1msparq-serve::scheduler[0m [34;1mpanicking_job_is_isolated[0m
2026-09-10T18:22:42.9399584Z [32;1m        PASS[0m [   0.038s] (1968/2877) [35;1msparq-serve::scheduler[0m [34;1msrpt_approx_picks_cheaper_heavy_first[0m
2026-09-10T18:22:42.9463434Z [32;1m        PASS[0m [   0.011s] (1969/2877) [35;1msparq-serve::scheduler_api[0m [34;1mdepth_reports_queue_occupancy[0m
2026-09-10T18:22:42.9559351Z [32;1m        PASS[0m [   0.014s] (1970/2877) [35;1msparq-serve::scheduler_api[0m [34;1msubmitted_and_completed_counters_track_jobs[0m
2026-09-10T18:22:42.9609389Z [32;1m        PASS[0m [   0.007s] (1971/2877) [35;1msparq-serve::time_travel[0m [34;1mat_hits_every_retained_generation_and_misses_the_rest[0m
2026-09-10T18:22:42.9679262Z [32;1m        PASS[0m [   0.007s] (1972/2877) [35;1msparq-serve::time_travel[0m [34;1mk_floor_wins_when_time_travel_bound_is_smaller[0m
2026-09-10T18:22:42.9766445Z [32;1m        PASS[0m [   0.009s] (1973/2877) [35;1msparq-serve::tokens[0m [34;1mread_your_writes_boundary[0m
2026-09-10T18:22:42.9860788Z [32;1m        PASS[0m [   0.008s] (1974/2877) [35;1msparq-serve::writer[0m [34;1madaptive_commit_still_batches_a_queued_backlog[0m
2026-09-10T18:22:42.9908921Z [32;1m        PASS[0m [   0.007s] (1975/2877) [35;1msparq-serve::writer[0m [34;1mcommit_hook_fires_once_per_publish_with_chained_pairs_before_ack[0m
2026-09-10T18:22:42.9999530Z [32;1m        PASS[0m [   0.007s] (1976/2877) [35;1msparq-serve::writer[0m [34;1mcommit_hook_not_fired_when_nothing_publishes[0m
2026-09-10T18:22:43.0143660Z [32;1m        PASS[0m [   0.016s] (1977/2877) [35;1msparq-serve::writer[0m [34;1mmaintain_failure_keeps_writer_alive[0m
2026-09-10T18:22:43.0210331Z [32;1m        PASS[0m [   0.006s] (1978/2877) [35;1msparq-serve::writer[0m [34;1mpersistent_seal_failure_refuses_repeatedly_reads_survive[0m
2026-09-10T18:22:43.0319338Z [32;1m        PASS[0m [   0.011s] (1979/2877) [35;1msparq-serve::writer[0m [34;1mrestore_on_in_memory_applier_errors_and_keeps_writer_alive[0m
2026-09-10T18:22:43.0431334Z [32;1m        PASS[0m [   0.011s] (1980/2877) [35;1msparq-serve::writer[0m [34;1msync_submit_returns_its_generation_number[0m
2026-09-10T18:22:43.1063196Z [32;1m        PASS[0m [   0.160s] (1981/2877) [35;1msparq-serve::scheduler_real_store[0m [34;1msnapshot_consistency_preserved_under_concurrent_writes[0m
2026-09-10T18:22:43.1300001Z [32;1m        PASS[0m [   0.086s] (1982/2877) [35;1msparq-serve::writer[0m [34;1mwindow_timing_approximately_honored[0m
2026-09-10T18:22:43.1387583Z [32;1m        PASS[0m [   0.010s] (1983/2877) [35;1msparq-server[0m [36mcors_config::tests[0m[36m::[0m[34;1mblank_entries_ignored[0m
2026-09-10T18:22:43.1549493Z [32;1m        PASS[0m [   0.015s] (1984/2877) [35;1msparq-server[0m [36mcors_config::tests[0m[36m::[0m[34;1mexact_origin_allowed_others_not[0m
2026-09-10T18:22:43.1589558Z [32;1m        PASS[0m [   0.051s] (1985/2877) [35;1msparq-serve::writer_graph[0m [34;1mconsecutive_windows_consecutive_generations[0m
2026-09-10T18:22:43.1681372Z [32;1m        PASS[0m [   0.014s] (1986/2877) [35;1msparq-server[0m [36mcors_config::tests[0m[36m::[0m[34;1mnull_origin_never_allowed[0m
2026-09-10T18:22:43.1709458Z [32;1m        PASS[0m [   0.013s] (1987/2877) [35;1msparq-server[0m [36mcors_config::tests[0m[36m::[0m[34;1mwildcard_rejected[0m
2026-09-10T18:22:43.1881459Z [32;1m        PASS[0m [   0.020s] (1988/2877) [35;1msparq-server[0m [36mexec::tests[0m[36m::[0m[34;1mbad_using_graph_uri_is_error[0m
2026-09-10T18:22:43.1909381Z [32;1m        PASS[0m [   0.019s] (1989/2877) [35;1msparq-server[0m [36mexec::tests[0m[36m::[0m[34;1mdefault_graph_uri_synthesizes_from_clause[0m
2026-09-10T18:22:43.2029420Z [32;1m        PASS[0m [   0.013s] (1990/2877) [35;1msparq-server[0m [36mexec::tests[0m[36m::[0m[34;1moverride_replaces_in_query_from_clause[0m
2026-09-10T18:22:43.2053352Z [32;1m        PASS[0m [   0.016s] (1991/2877) [35;1msparq-server[0m [36mexec::tests[0m[36m::[0m[34;1mmalformed_is_error[0m
2026-09-10T18:22:43.2169068Z [32;1m        PASS[0m [   0.012s] (1992/2877) [35;1msparq-server[0m [36mgraph::tests[0m[36m::[0m[34;1mparse_rdfxml_rejects_an_invalid_base_iri[0m
2026-09-10T18:22:43.2209478Z [32;1m        PASS[0m [   0.016s] (1993/2877) [35;1msparq-server[0m [36mexec::tests[0m[36m::[0m[34;1musing_override_injects_using_into_delete_insert[0m
2026-09-10T18:22:43.2297041Z [32;1m        PASS[0m [   0.010s] (1994/2877) [35;1msparq-server[0m [36mhealth_probe::tests[0m[36m::[0m[34;1mnon_200_is_unhealthy[0m
2026-09-10T18:22:43.2385016Z [32;1m        PASS[0m [   0.021s] (1995/2877) [35;1msparq-server[0m [36mgraph::tests[0m[36m::[0m[34;1mrdfxml_is_wellformed_and_roundtrips[0m
2026-09-10T18:22:43.2450098Z [32;1m        PASS[0m [   0.016s] (1996/2877) [35;1msparq-server[0m [36mhealth_probe::tests[0m[36m::[0m[34;1mrun_probe_caps_read_buffer_at_4096_bytes[0m
2026-09-10T18:22:43.2493540Z [32;1m        PASS[0m [   0.009s] (1997/2877) [35;1msparq-server[0m [36mhealth_probe::tests[0m[36m::[0m[34;1mstatus_line_without_trailing_crlf_still_parses[0m
2026-09-10T18:22:43.2619633Z [32;1m        PASS[0m [   0.012s] (1998/2877) [35;1msparq-server[0m [36mhttp::auth_tests[0m[36m::[0m[34;1mauth_gate_write_only_gates_writes_not_reads[0m
2026-09-10T18:22:43.2689767Z [32;1m        PASS[0m [   0.025s] (1999/2877) [35;1msparq-server[0m [36mhttp::apply_update_mvcc_tests[0m[36m::[0m[34;1msuccessful_insert_data_returns_positive_generation[0m
2026-09-10T18:22:43.2729372Z [32;1m        PASS[0m [   0.012s] (2000/2877) [35;1msparq-server[0m [36mhttp::auth_tests[0m[36m::[0m[34;1mbearer_token_tolerates_scheme_casing[0m
2026-09-10T18:22:43.2830408Z [32;1m        PASS[0m [   0.014s] (2001/2877) [35;1msparq-server[0m [36mhttp::auth_tests[0m[36m::[0m[34;1msubprotocol_bearer_token_absent_without_the_prefix[0m
2026-09-10T18:22:43.2859372Z [32;1m        PASS[0m [   0.014s] (2002/2877) [35;1msparq-server[0m [36mhttp::auth_tests[0m[36m::[0m[34;1mws_auth_gate_no_token_never_gates[0m
2026-09-10T18:22:43.2972418Z [32;1m        PASS[0m [   0.012s] (2003/2877) [35;1msparq-server[0m [36mhttp::bind_posture_tests[0m[36m::[0m[34;1mnon_loopback_with_optin_warns_but_proceeds[0m
2026-09-10T18:22:43.2999553Z [32;1m        PASS[0m [   0.016s] (2004/2877) [35;1msparq-server[0m [36mhttp::bind_posture_tests[0m[36m::[0m[34;1menv_truthy_recognises_common_forms[0m
2026-09-10T18:22:43.3129475Z [32;1m        PASS[0m [   0.012s] (2005/2877) [35;1msparq-server[0m [36mhttp::budget_envelope_tests[0m[36m::[0m[34;1mrow_cap_both_set_rows_tighter_names_memory_cap_knob[0m
2026-09-10T18:22:43.3131786Z [32;1m        PASS[0m [   0.015s] (2006/2877) [35;1msparq-server[0m [36mhttp::bind_posture_tests[0m[36m::[0m[34;1mwrite_only_token_with_optin_warns_reads_open[0m
2026-09-10T18:22:43.3250854Z [32;1m        PASS[0m [   0.014s] (2007/2877) [35;1msparq-server[0m [36mhttp::budget_envelope_tests[0m[36m::[0m[34;1mtimeout_in_engine_error_delegates_to_timeout_response_503[0m
2026-09-10T18:22:43.3299549Z [32;1m        PASS[0m [   0.015s] (2008/2877) [35;1msparq-server[0m [36mhttp::dataset_override_tests[0m[36m::[0m[34;1mform_values_ignores_pairs_without_equals[0m
2026-09-10T18:22:43.3399611Z [32;1m        PASS[0m [   0.013s] (2009/2877) [35;1msparq-server[0m [36mhttp::dataset_override_tests[0m[36m::[0m[34;1mrewrite_update_rejects_bad_graph_uri_with_400[0m
2026-09-10T18:22:43.3409672Z [32;1m        PASS[0m [   0.013s] (2010/2877) [35;1msparq-server[0m [36mhttp::dataset_override_tests[0m[36m::[0m[34;1mupdate_and_query_overrides_read_repeated_protocol_params[0m
2026-09-10T18:22:43.3533712Z [32;1m        PASS[0m [   0.015s] (2011/2877) [35;1msparq-server[0m [36mhttp::from_env_tests[0m[36m::[0m[34;1madaptive_commit_is_on_by_default[0m
2026-09-10T18:22:43.3559658Z [32;1m        PASS[0m [   0.013s] (2012/2877) [35;1msparq-server[0m [36mhttp::from_env_tests[0m[36m::[0m[34;1menv_parse_returns_some_when_var_is_set_to_a_valid_value[0m
2026-09-10T18:22:43.3619562Z [32;1m        PASS[0m [   0.007s] (2013/2877) [35;1msparq-server[0m [36mhttp::from_env_tests[0m[36m::[0m[34;1mfrom_env_reads_sparq_log_full_requests[0m
2026-09-10T18:22:43.3689876Z [32;1m        PASS[0m [   0.008s] (2014/2877) [35;1msparq-server[0m [36mhttp::from_env_tests[0m[36m::[0m[34;1mfrom_env_reads_sparq_max_query_bytes[0m
2026-09-10T18:22:43.3709754Z [32;1m        PASS[0m [   0.017s] (2015/2877) [35;1msparq-server[0m [36mhttp::from_env_tests[0m[36m::[0m[34;1mfrom_env_reads_sparq_body_read_timeout[0m
2026-09-10T18:22:43.3795733Z [32;1m        PASS[0m [   0.011s] (2016/2877) [35;1msparq-server[0m [36mhttp::from_env_tests[0m[36m::[0m[34;1mfrom_env_reads_sparq_max_subscriptions[0m
2026-09-10T18:22:43.3879430Z [32;1m        PASS[0m [   0.016s] (2017/2877) [35;1msparq-server[0m [36mhttp::from_env_tests[0m[36m::[0m[34;1mfrom_env_reads_sparq_query_timeout[0m
2026-09-10T18:22:43.3881920Z [32;1m        PASS[0m [   0.008s] (2018/2877) [35;1msparq-server[0m [36mhttp::from_env_tests[0m[36m::[0m[34;1mfrom_env_with_no_sparq_vars_set_returns_ok_with_default_values[0m
2026-09-10T18:22:43.3946890Z [32;1m        PASS[0m [   0.007s] (2019/2877) [35;1msparq-server[0m [36mhttp::gsp_helpers_tests[0m[36m::[0m[34;1mbase_iri_is_the_named_graph_iri_or_none_for_default[0m
2026-09-10T18:22:43.4149891Z [32;1m        PASS[0m [   0.020s] (2020/2877) [35;1msparq-server[0m [36mhttp::gsp_helpers_tests[0m[36m::[0m[34;1mbody_to_ntriples_roundtrips_valid_turtle_to_canonical_ntriples[0m
2026-09-10T18:22:43.4179615Z [32;1m        PASS[0m [   0.031s] (2021/2877) [35;1msparq-server[0m [36mhttp::gsp_empty_body_paths_tests[0m[36m::[0m[34;1mdefault_graph_empty_body_is_204_noop[0m
2026-09-10T18:22:43.4291048Z [32;1m        PASS[0m [   0.011s] (2022/2877) [35;1msparq-server[0m [36mhttp::hardening_unit_tests[0m[36m::[0m[34;1mratio_zero_refuses_gzip[0m
2026-09-10T18:22:43.4319595Z [32;1m        PASS[0m [   0.014s] (2023/2877) [35;1msparq-server[0m [36mhttp::hardening_unit_tests[0m[36m::[0m[34;1mgzip_within_ratio_decodes[0m
2026-09-10T18:22:43.4405446Z [32;1m        PASS[0m [   0.013s] (2024/2877) [35;1msparq-server[0m [36mhttp::hardening_unit_tests[0m[36m::[0m[34;1mupdate_where_deadline_defaults_to_query_timeout_unchanged[0m
2026-09-10T18:22:43.4429817Z [32;1m        PASS[0m [   0.013s] (2025/2877) [35;1msparq-server[0m [36mhttp::header_read_timeout_config_tests[0m[36m::[0m[34;1mheader_read_timeout_is_independent_of_query_timeout[0m
2026-09-10T18:22:43.4537662Z [32;1m        PASS[0m [   0.013s] (2026/2877) [35;1msparq-server[0m [36mhttp::json_error_bodies_middleware_tests[0m[36m::[0m[34;1mallow_header_is_preserved_after_plain_text_rewrite[0m
2026-09-10T18:22:43.4569930Z [32;1m        PASS[0m [   0.014s] (2027/2877) [35;1msparq-server[0m [36mhttp::json_error_bodies_middleware_tests[0m[36m::[0m[34;1mplain_text_error_is_rewritten_to_json_envelope[0m
2026-09-10T18:22:43.4699564Z [32;1m        PASS[0m [   0.012s] (2028/2877) [35;1msparq-server[0m [36mhttp::not_acceptable_head_tests[0m[36m::[0m[34;1mnot_acceptable_get_carries_json_error_body[0m
2026-09-10T18:22:43.4729657Z [32;1m        PASS[0m [   0.014s] (2029/2877) [35;1msparq-server[0m [36mhttp::json_error_tests[0m[36m::[0m[34;1msanitized_error_withholds_the_sensitive_detail_from_the_body[0m
2026-09-10T18:22:43.4829823Z [32;1m        PASS[0m [   0.013s] (2030/2877) [35;1msparq-server[0m [36mhttp::pure_helper_unit_tests[0m[36m::[0m[34;1mexecution_error_maps_to_500_with_sanitised_body[0m
2026-09-10T18:22:43.4849656Z [32;1m        PASS[0m [   0.014s] (2031/2877) [35;1msparq-server[0m [36mhttp::pure_helper_unit_tests[0m[36m::[0m[34;1mrow_to_triple_returns_some_for_blank_node_subject[0m
2026-09-10T18:22:43.4969429Z [32;1m        PASS[0m [   0.013s] (2032/2877) [35;1msparq-server[0m [36mhttp::timeout_none_tests[0m[36m::[0m[34;1mtimeout_none_produces_zero_seconds_in_body[0m
2026-09-10T18:22:43.4999382Z [32;1m        PASS[0m [   0.015s] (2033/2877) [35;1msparq-server[0m [36mhttp::touched_pods_tests[0m[36m::[0m[34;1mdefault_graph_data_op_is_global[0m
2026-09-10T18:22:43.5099883Z [32;1m        PASS[0m [   0.014s] (2034/2877) [35;1msparq-server[0m [36mhttp::touched_pods_tests[0m[36m::[0m[34;1mdelete_insert_variable_graph_target_is_global[0m
2026-09-10T18:22:43.5135294Z [32;1m        PASS[0m [   0.014s] (2035/2877) [35;1msparq-server[0m [36mhttp::touched_pods_tests[0m[36m::[0m[34;1mmixed_named_and_global_bumps_both[0m
2026-09-10T18:22:43.5225797Z [32;1m        PASS[0m [   0.008s] (2036/2877) [35;1msparq-server[0m [36mhttp::truncation_safety_tests[0m[36m::[0m[34;1mevery_abort_class_gets_its_own_reason[0m
2026-09-10T18:22:43.5259889Z [32;1m        PASS[0m [   0.016s] (2037/2877) [35;1msparq-server[0m [36mhttp::truncation_safety_tests[0m[36m::[0m[34;1ma_complete_stream_delivers_the_closing_bytes_and_claims_completeness[0m
2026-09-10T18:22:43.5356959Z [32;1m        PASS[0m [   0.014s] (2038/2877) [35;1msparq-server[0m [36mhttp::truncation_safety_tests[0m[36m::[0m[34;1mwithout_negotiated_trailers_a_truncation_fails_the_framing[0m
2026-09-10T18:22:43.5419584Z [32;1m        PASS[0m [   0.012s] (2039/2877) [35;1msparq-server[0m [36mnegotiate::tests[0m[36m::[0m[34;1mdefaults_to_json[0m
2026-09-10T18:22:43.5489315Z [32;1m        PASS[0m [   0.013s] (2040/2877) [35;1msparq-server[0m [36mnegotiate::tests[0m[36m::[0m[34;1mgraph_format_jsonld[0m
2026-09-10T18:22:43.5559485Z [32;1m        PASS[0m [   0.015s] (2041/2877) [35;1msparq-server[0m [36mnegotiate::tests[0m[36m::[0m[34;1mgraph_or_406_supported_and_unsatisfiable[0m
2026-09-10T18:22:43.5629496Z [32;1m        PASS[0m [   0.013s] (2042/2877) [35;1msparq-server[0m [36mnegotiate::tests[0m[36m::[0m[34;1mor_406_present_unsatisfiable_is_not_acceptable[0m
2026-09-10T18:22:43.5684499Z [32;1m        PASS[0m [   0.014s] (2043/2877) [35;1msparq-server[0m [36mnegotiate::tests[0m[36m::[0m[34;1munsupported_falls_back_to_json[0m
2026-09-10T18:22:43.5739318Z [32;1m        PASS[0m [   0.010s] (2044/2877) [35;1msparq-server[0m [36mredact::tests[0m[36m::[0m[34;1mfingerprint_matches_fnv1a[0m
2026-09-10T18:22:43.5829328Z [32;1m        PASS[0m [   0.013s] (2045/2877) [35;1msparq-server[0m [36mresults::tests[0m[36m::[0m[34;1mask_serialisers[0m
2026-09-10T18:22:43.5919665Z [32;1m        PASS[0m [   0.008s] (2046/2877) [35;1msparq-server[0m [36mresults::tests[0m[36m::[0m[34;1mis_turtle_boolean_returns_false_for_non_boolean_lexical_form[0m
2026-09-10T18:22:43.5999412Z [32;1m        PASS[0m [   0.010s] (2047/2877) [35;1msparq-server[0m [36mresults::tests[0m[36m::[0m[34;1mpush_ws_charref_encodes_tab_and_carriage_return[0m
2026-09-10T18:22:43.6191563Z [32;1m        PASS[0m [   0.020s] (2048/2877) [35;1msparq-server[0m [36mresults::tests[0m[36m::[0m[34;1mtsv_chunks_empty_result[0m
2026-09-10T18:22:43.6376569Z [32;1m        PASS[0m [   0.018s] (2049/2877) [35;1msparq-server[0m [36mresults::tests[0m[36m::[0m[34;1mtsv_computed_fractional_double_is_canonical_scientific[0m
2026-09-10T18:22:43.6505650Z [32;1m        PASS[0m [   0.079s] (2050/2877) [35;1msparq-server[0m [36mresults::tests[0m[36m::[0m[34;1mcsv_chunks_splits_large_result[0m
2026-09-10T18:22:43.6630033Z [32;1m        PASS[0m [   0.010s] (2051/2877) [35;1msparq-server[0m [36mresults::tests[0m[36m::[0m[34;1mxml_has_header_and_results[0m
2026-09-10T18:22:43.6679606Z [32;1m        PASS[0m [   0.026s] (2052/2877) [35;1msparq-server[0m [36mresults::tests[0m[36m::[0m[34;1mxml_and_tsv_triple_terms[0m
2026-09-10T18:22:43.6749343Z [32;1m        PASS[0m [   0.012s] (2053/2877) [35;1msparq-server[0m [36mservice_config::tests[0m[36m::[0m[34;1madd_many_splits_on_comma_and_whitespace[0m
2026-09-10T18:22:43.6819912Z [32;1m        PASS[0m [   0.017s] (2054/2877) [35;1msparq-server[0m [36mservice_config::tests[0m[36m::[0m[34;1mexact_host_is_lowercased_and_deduped[0m
2026-09-10T18:22:43.6889352Z [32;1m        PASS[0m [   0.013s] (2055/2877) [35;1msparq-server[0m [36mservice_config::tests[0m[36m::[0m[34;1mfrom_sources_reads_file_with_comments_and_blanks[0m
2026-09-10T18:22:43.6959791Z [32;1m        PASS[0m [   0.014s] (2056/2877) [35;1msparq-server[0m [36mservice_config::tests[0m[36m::[0m[34;1mmalformed_wildcards_rejected[0m
2026-09-10T18:22:43.6989487Z [32;1m        PASS[0m [   0.011s] (2057/2877) [35;1msparq-server[0m [36mservice_config::tests[0m[36m::[0m[34;1mport_scoped_entry_is_distinct_from_bare_host[0m
2026-09-10T18:22:43.7100055Z [32;1m        PASS[0m [   0.014s] (2058/2877) [35;1msparq-server[0m [36msubscriptions::tests[0m[36m::[0m[34;1mbudget_error_classifies_engine_strings_into_sse_statuses[0m
2026-09-10T18:22:43.7129372Z [32;1m        PASS[0m [   0.015s] (2059/2877) [35;1msparq-server[0m [36msubscriptions::tests[0m[36m::[0m[34;1meval_rows_canonical_keys_are_stable_across_evaluations[0m
2026-09-10T18:22:43.7281609Z [32;1m        PASS[0m [   0.019s] (2060/2877) [35;1msparq-server[0m [36msubscriptions::tests[0m[36m::[0m[34;1mreevaluate_step_is_unchanged_then_notifies_on_a_real_diff[0m
2026-09-10T18:22:43.7309830Z [32;1m        PASS[0m [   0.019s] (2061/2877) [35;1msparq-server[0m [36msubscriptions::tests[0m[36m::[0m[34;1msubscribe_init_refuses_non_select_and_malformed_queries[0m
2026-09-10T18:22:43.7429580Z [32;1m        PASS[0m [   0.013s] (2062/2877) [35;1msparq-server[0m [36msubscriptions::tests[0m[36m::[0m[34;1mterm_json_matches_sparql_json_conventions[0m
2026-09-10T18:22:43.7758737Z [32;1m        PASS[0m [   0.043s] (2063/2877) [35;1msparq-server::algebra_rewrite_default[0m [34;1miri_equality_filter_rows_correct_through_rewrite[0m
2026-09-10T18:22:43.8041567Z [32;1m        PASS[0m [   0.061s] (2064/2877) [35;1msparq-server::auth[0m [34;1mhealth_open_even_when_read_gate_on[0m
2026-09-10T18:22:43.8172696Z [32;1m        PASS[0m [   0.014s] (2065/2877) [35;1msparq-server::auth[0m [34;1mupdate_form_with_select_body_is_gated_as_write[0m
2026-09-10T18:22:43.8275246Z [32;1m        PASS[0m [   0.054s] (2066/2877) [35;1msparq-server::auth[0m [34;1mquery_method_gated_when_read_gate_on[0m
2026-09-10T18:22:43.8430982Z [32;1m        PASS[0m [   0.026s] (2067/2877) [35;1msparq-server::auth[0m [34;1mupdate_with_correct_token_applies[0m
2026-09-10T18:22:43.8459081Z [32;1m        PASS[0m [   0.017s] (2068/2877) [35;1msparq-server::auth[0m [34;1mupdate_without_header_is_401[0m
2026-09-10T18:22:43.9110406Z [32;1m        PASS[0m [   0.068s] (2069/2877) [35;1msparq-server::cors[0m [34;1mcors_does_not_bypass_write_auth[0m
2026-09-10T18:22:43.9290569Z [32;1m        PASS[0m [   0.018s] (2070/2877) [35;1msparq-server::cors[0m [34;1msecond_origin_in_list_also_allowed[0m
2026-09-10T18:22:43.9329486Z [32;1m        PASS[0m [   0.086s] (2071/2877) [35;1msparq-server::cors[0m [34;1mno_origin_header_means_no_cors_header[0m
2026-09-10T18:22:43.9813985Z [32;1m        PASS[0m [   0.052s] (2072/2877) [35;1msparq-server::dp_planner_default[0m [34;1mopt_out_scope_does_not_leak_into_later_queries[0m
2026-09-10T18:22:44.0190367Z [32;1m        PASS[0m [   0.035s] (2073/2877) [35;1msparq-server::explain_metrics[0m [34;1mget_explain_param_returns_plan_text[0m
2026-09-10T18:22:44.0195867Z [32;1m        PASS[0m [   0.088s] (2074/2877) [35;1msparq-server::explain_metrics[0m [34;1maccept_json_ct_returns_structured_plan_dry_run[0m
2026-09-10T18:22:44.0417694Z [32;1m        PASS[0m [   0.023s] (2075/2877) [35;1msparq-server::explain_metrics[0m [34;1mmetrics_exposes_requests_histogram_and_gauges[0m
2026-09-10T18:22:44.1269688Z [32;1m        PASS[0m [   0.086s] (2076/2877) [35;1msparq-server::gsp_patch[0m [34;1mpatch_unsupported_content_type_is_415[0m
2026-09-10T18:22:44.1719539Z [32;1m        PASS[0m [   0.152s] (2077/2877) [35;1msparq-server::graph_serializer_oracle[0m [34;1mgraph_writers_roundtrip_engine_constructs[0m
2026-09-10T18:22:44.1859809Z [32;1m        PASS[0m [   0.014s] (2078/2877) [35;1msparq-server::gsp_patch[0m [34;1munsupported_method_allow_lists_patch[0m
2026-09-10T18:22:44.1989426Z [32;1m        PASS[0m [   0.071s] (2079/2877) [35;1msparq-server::gsp_patch[0m [34;1msparql_update_patch_named_graph_scoped[0m
2026-09-10T18:22:44.2574606Z [32;1m        PASS[0m [   0.072s] (2080/2877) [35;1msparq-server::hardening[0m [34;1mdecompress_disabled_refuses_gzip_body[0m
2026-09-10T18:22:44.2745803Z [32;1m        PASS[0m [   0.077s] (2081/2877) [35;1msparq-server::hardening[0m [34;1mfast_query_unaffected_by_timeout[0m
2026-09-10T18:22:44.2811980Z [32;1m        PASS[0m [   0.024s] (2082/2877) [35;1msparq-server::hardening[0m [34;1mmax_query_rows_caps_every_form[0m
2026-09-10T18:22:44.2959438Z [32;1m        PASS[0m [   0.013s] (2083/2877) [35;1msparq-server::hardening[0m [34;1mno_echo_rdf_body_parse_error[0m
2026-09-10T18:22:44.3049376Z [32;1m        PASS[0m [   0.028s] (2084/2877) [35;1msparq-server::hardening[0m [34;1mno_echo_gsp_write_rejection_stays_clean[0m
2026-09-10T18:22:44.3210930Z [32;1m        PASS[0m [   0.026s] (2085/2877) [35;1msparq-server::hardening[0m [34;1moversized_body_is_413[0m
2026-09-10T18:22:44.3317722Z [32;1m        PASS[0m [   0.029s] (2086/2877) [35;1msparq-server::hardening[0m [34;1msecurity_headers_on_error_response[0m
2026-09-10T18:22:44.3373816Z [32;1m        PASS[0m [   0.017s] (2087/2877) [35;1msparq-server::hardening[0m [34;1mserve_loop_handles_complete_request[0m
2026-09-10T18:22:44.3470361Z [32;1m        PASS[0m [   0.009s] (2088/2877) [35;1msparq-server::hardening[0m [34;1mtcp_serve_injects_peer_connect_info[0m
2026-09-10T18:22:45.0527816Z [32;1m        PASS[0m [   0.721s] (2089/2877) [35;1msparq-server::hardening[0m [34;1mslow_body_held_open_when_deadline_disabled[0m
2026-09-10T18:22:45.0741962Z [32;1m        PASS[0m [   0.021s] (2090/2877) [35;1msparq-server::health_probe[0m [34;1mprobe_fails_when_nothing_is_listening[0m
2026-09-10T18:22:45.1592894Z [32;1m        PASS[0m [   0.085s] (2091/2877) [35;1msparq-server::jsonld_content_negotiation[0m [34;1mconstruct_jsonld_qvalue_contract[0m
2026-09-10T18:22:45.1750610Z [32;1m        PASS[0m [   0.013s] (2092/2877) [35;1msparq-server::jsonld_content_negotiation[0m [34;1mgsp_put_unsupported_type_is_415_with_jsonld_advertised[0m
2026-09-10T18:22:45.2559878Z [32;1m        PASS[0m [   0.081s] (2093/2877) [35;1msparq-server::named_graphs[0m [34;1mcross_graph_join_variable_second_graph_lists_children[0m
2026-09-10T18:22:45.2749537Z [32;1m        PASS[0m [   0.019s] (2094/2877) [35;1msparq-server::named_graphs[0m [34;1morder_by_offset_limit_pages_named_graph_rows[0m
2026-09-10T18:22:45.2939578Z [32;1m        PASS[0m [   0.018s] (2095/2877) [35;1msparq-server::named_graphs[0m [34;1mvalues_membership_over_named_graphs[0m
2026-09-10T18:22:45.4069514Z [32;1m        PASS[0m [   0.115s] (2096/2877) [35;1msparq-server::persist[0m [34;1madmin_compact_physically_erases_deleted_data[0m
2026-09-10T18:22:45.4263254Z [32;1m        PASS[0m [   0.019s] (2097/2877) [35;1msparq-server::persist[0m [34;1minvalid_second_op_leaves_no_partial_write[0m
2026-09-10T18:22:45.4766167Z [32;1m        PASS[0m [   0.050s] (2098/2877) [35;1msparq-server::persist[0m [34;1mpss_combined_multiop_body_accepted_and_atomic[0m
2026-09-10T18:22:45.5424599Z [32;1m        PASS[0m [   1.196s] (2099/2877) [35;1msparq-server::hardening[0m [34;1mupdate_path_honours_timeout[0m
2026-09-10T18:22:45.5590043Z [32;1m        PASS[0m [   0.082s] (2100/2877) [35;1msparq-server::protocol[0m [34;1mask_xml[0m
2026-09-10T18:22:45.5673994Z [32;1m        PASS[0m [   0.025s] (2101/2877) [35;1msparq-server::protocol[0m [34;1mconstruct_negotiates_turtle[0m
2026-09-10T18:22:45.5790732Z [32;1m        PASS[0m [   0.018s] (2102/2877) [35;1msparq-server::protocol[0m [34;1mconstruct_via_post_and_empty_result[0m
2026-09-10T18:22:45.5860366Z [32;1m        PASS[0m [   0.017s] (2103/2877) [35;1msparq-server::protocol[0m [34;1mdescribe_returns_cbd[0m
2026-09-10T18:22:45.5997015Z [32;1m        PASS[0m [   0.014s] (2104/2877) [35;1msparq-server::protocol[0m [34;1mgsp_indirect_requires_graph_selector[0m
2026-09-10T18:22:45.5999258Z [32;1m        PASS[0m [   0.023s] (2105/2877) [35;1msparq-server::protocol[0m [34;1mgsp_delete_then_get_and_404[0m
2026-09-10T18:22:45.6132959Z [32;1m        PASS[0m [   0.014s] (2106/2877) [35;1msparq-server::protocol[0m [34;1mgsp_patch_is_handled_not_405[0m
2026-09-10T18:22:45.6189347Z [32;1m        PASS[0m [   0.015s] (2107/2877) [35;1msparq-server::protocol[0m [34;1mgsp_put_direct_then_get_direct[0m
2026-09-10T18:22:45.6275184Z [32;1m        PASS[0m [   0.012s] (2108/2877) [35;1msparq-server::protocol[0m [34;1mgsp_unsupported_media_type_is_415[0m
2026-09-10T18:22:45.6349532Z [32;1m        PASS[0m [   0.019s] (2109/2877) [35;1msparq-server::protocol[0m [34;1mgsp_put_then_get_roundtrip_named[0m
2026-09-10T18:22:45.6449382Z [32;1m        PASS[0m [   0.015s] (2110/2877) [35;1msparq-server::protocol[0m [34;1mhead_construct_mirrors_get[0m
2026-09-10T18:22:45.6499545Z [32;1m        PASS[0m [   0.012s] (2111/2877) [35;1msparq-server::protocol[0m [34;1mmissing_query_param_is_400[0m
2026-09-10T18:22:45.6593576Z [32;1m        PASS[0m [   0.017s] (2112/2877) [35;1msparq-server::protocol[0m [34;1mnegotiate_csv[0m
2026-09-10T18:22:45.6647332Z [32;1m        PASS[0m [   0.020s] (2113/2877) [35;1msparq-server::protocol[0m [34;1mpost_direct_sparql_query[0m
2026-09-10T18:22:45.6780051Z [32;1m        PASS[0m [   0.013s] (2114/2877) [35;1msparq-server::protocol[0m [34;1munsupported_method_is_405_with_allow[0m
2026-09-10T18:22:45.6820084Z [32;1m        PASS[0m [   0.020s] (2115/2877) [35;1msparq-server::protocol[0m [34;1msparql_update_insert_then_query[0m
2026-09-10T18:22:45.7580281Z [32;1m        PASS[0m [   0.080s] (2116/2877) [35;1msparq-server::query_method[0m [34;1mquery_method_absent_or_wildcard_accept_defaults_to_json[0m
2026-09-10T18:22:45.7621137Z [32;1m        PASS[0m [   0.080s] (2117/2877) [35;1msparq-server::query_method[0m [34;1mquery_method_accept_xml[0m
2026-09-10T18:22:45.7726469Z [32;1m        PASS[0m [   0.012s] (2118/2877) [35;1msparq-server::query_method[0m [34;1mquery_method_empty_body_is_400[0m
2026-09-10T18:22:45.7799483Z [32;1m        PASS[0m [   0.019s] (2119/2877) [35;1msparq-server::query_method[0m [34;1mquery_method_default_graph_uri_from_url[0m
2026-09-10T18:22:45.7889478Z [32;1m        PASS[0m [   0.014s] (2120/2877) [35;1msparq-server::query_method[0m [34;1mquery_method_malformed_query_is_400[0m
2026-09-10T18:22:45.7915000Z [32;1m        PASS[0m [   0.013s] (2121/2877) [35;1msparq-server::query_method[0m [34;1mquery_method_sparql_update_content_type_is_415[0m
2026-09-10T18:22:45.7994832Z [32;1m        PASS[0m [   0.013s] (2122/2877) [35;1msparq-server::query_method[0m [34;1mquery_method_wrong_content_type_is_415[0m
2026-09-10T18:22:45.8117481Z [32;1m        PASS[0m [   0.020s] (2123/2877) [35;1msparq-server::serializer_oracle[0m [34;1moracle_ask_boolean_roundtrip[0m
2026-09-10T18:22:45.8162315Z [32;1m        PASS[0m [   0.016s] (2124/2877) [35;1msparq-server::serializer_oracle[0m [34;1moracle_multi_var_with_unbound_cells_roundtrip[0m
2026-09-10T18:22:45.8850623Z [32;1m        PASS[0m [   0.069s] (2125/2877) [35;1msparq-server::status_contract[0m [34;1mmalformed_update_is_permanent_400[0m
2026-09-10T18:22:45.8872193Z [32;1m        PASS[0m [   0.076s] (2126/2877) [35;1msparq-server::status_contract[0m [34;1mauth_failure_is_permanent_401_byte_identical[0m
2026-09-10T18:22:45.9149603Z [32;1m        PASS[0m [   0.027s] (2127/2877) [35;1msparq-server::status_contract[0m [34;1mresult_under_byte_cap_succeeds[0m
2026-09-10T18:22:45.9279529Z [32;1m        PASS[0m [   0.012s] (2128/2877) [35;1msparq-server::status_contract[0m [34;1mwrong_method_is_permanent_405_with_allow[0m
2026-09-10T18:22:46.0519770Z [33;1m        SLOW[0m [> 60.000s] (─────────) [35;1msparq-core::mmap_corruption_oracle[0m [34;1mmmap_loader_survives_corruption_compressed[0m
2026-09-10T18:22:46.4829974Z [32;1m        PASS[0m [   0.556s] (2129/2877) [35;1msparq-server::stream_truncation[0m [34;1ma_mid_stream_row_cap_abort_truncates_and_says_so[0m
2026-09-10T18:22:46.6155756Z [32;1m        PASS[0m [   0.133s] (2130/2877) [35;1msparq-server::subscriptions[0m [34;1mcommitted_delete_pushes_removed_diff[0m
2026-09-10T18:22:46.6704391Z [32;1m        PASS[0m [   0.054s] (2131/2877) [35;1msparq-server::subscriptions[0m [34;1mglobal_limit_is_enforced_across_connections[0m
2026-09-10T18:22:46.6849558Z [32;1m        PASS[0m [   0.012s] (2132/2877) [35;1msparq-server::subscriptions[0m [34;1mnon_select_and_malformed_queries_are_refused[0m
2026-09-10T18:22:46.7372712Z [32;1m        PASS[0m [   0.054s] (2133/2877) [35;1msparq-server::subscriptions[0m [34;1msubscribe_sends_initial_full_result_as_added[0m
2026-09-10T18:22:46.8244686Z [32;1m        PASS[0m [   0.087s] (2134/2877) [35;1msparq-server::subscriptions_auth[0m [34;1msse_open_when_only_write_gated[0m
2026-09-10T18:22:46.8401237Z [32;1m        PASS[0m [   0.015s] (2135/2877) [35;1msparq-server::subscriptions_auth[0m [34;1msse_without_token_is_401_when_read_gated[0m
2026-09-10T18:22:46.8573470Z [32;1m        PASS[0m [   0.017s] (2136/2877) [35;1msparq-server::subscriptions_auth[0m [34;1mws_upgrade_with_authorization_header_is_accepted[0m
2026-09-10T18:22:46.8699523Z [32;1m        PASS[0m [   0.012s] (2137/2877) [35;1msparq-server::subscriptions_auth[0m [34;1mws_upgrade_with_wrong_token_is_rejected_when_read_gated[0m
2026-09-10T18:22:46.9730068Z [32;1m        PASS[0m [   0.101s] (2138/2877) [35;1msparq-server::subscriptions_sse[0m [34;1msse_initial_result_over_max_results_is_413[0m
2026-09-10T18:22:46.9857468Z [32;1m        PASS[0m [   0.014s] (2139/2877) [35;1msparq-server::subscriptions_sse[0m [34;1msse_missing_query_is_400[0m
2026-09-10T18:22:47.0020909Z [32;1m        PASS[0m [   0.016s] (2140/2877) [35;1msparq-server::subscriptions_sse[0m [34;1msse_register_streams_subscribed_and_initial_result[0m
2026-09-10T18:22:47.0735730Z [32;1m        PASS[0m [   1.188s] (2141/2877) [35;1msparq-server::status_contract[0m [34;1mquery_timeout_is_transient_503[0m
2026-09-10T18:22:47.1061610Z [32;1m        PASS[0m [   0.104s] (2142/2877) [35;1msparq-server::time_travel[0m [36mdefault_build[0m[36m::[0m[34;1mpin_beyond_concurrency_window_is_410_gone[0m
2026-09-10T18:22:47.1357533Z [32;1m        PASS[0m [   0.062s] (2143/2877) [35;1msparq-server::updates[0m [34;1mcross_graph_and_default_writes_bump_global[0m
2026-09-10T18:22:47.1390862Z [32;1m        PASS[0m [   0.033s] (2144/2877) [35;1msparq-server::updates[0m [34;1mpinned_generations_stay_readable_after_commits[0m
2026-09-10T18:22:47.1478951Z [32;1m        PASS[0m [   0.012s] (2145/2877) [35;1msparq-server::updates[0m [34;1mwrite_to_graph_a_does_not_invalidate_graph_b[0m
2026-09-10T18:22:47.2129980Z [32;1m        PASS[0m [   0.064s] (2146/2877) [35;1msparq-server::wire_contract[0m [34;1mclass_404_unknown_route[0m
2026-09-10T18:22:47.2177671Z [32;1m        PASS[0m [   0.078s] (2147/2877) [35;1msparq-server::wire_contract[0m [34;1mclass_400_malformed_query[0m
2026-09-10T18:22:47.2329592Z [32;1m        PASS[0m [   0.019s] (2148/2877) [35;1msparq-server::wire_contract[0m [34;1mclass_413_body_cap[0m
2026-09-10T18:22:47.2529414Z [32;1m        PASS[0m [   0.017s] (2149/2877) [35;1msparq-server::wire_contract[0m [34;1merror_bodies_never_echo_input[0m
2026-09-10T18:22:47.2820350Z [32;1m        PASS[0m [   0.034s] (2150/2877) [35;1msparq-server::wire_contract[0m [34;1mgsp_direct_addressing_works[0m
2026-09-10T18:22:47.2991902Z [32;1m        PASS[0m [   0.017s] (2151/2877) [35;1msparq-server::wire_contract[0m [34;1mhealth_is_200_ok_and_never_gated[0m
2026-09-10T18:22:47.3260711Z [32;1m        PASS[0m [   0.025s] (2152/2877) [35;1msparq-server::wire_contract[0m [34;1mquery_method_is_query_only[0m
2026-09-10T18:22:47.3528487Z [32;1m        PASS[0m [   0.028s] (2153/2877) [35;1msparq-shacl[0m [36meval::tests[0m[36m::[0m[34;1mxsd_well_formedness[0m
2026-09-10T18:22:47.3969705Z [32;1m        PASS[0m [   0.042s] (2154/2877) [35;1msparq-shacl[0m [36midfast_tests[0m[36m::[0m[34;1midfast_comparand_paths_report_equivalent[0m
2026-09-10T18:22:47.4420593Z [32;1m        PASS[0m [   0.047s] (2155/2877) [35;1msparq-shacl[0m [36midfast_tests[0m[36m::[0m[34;1midfast_value_constraints_report_equivalent[0m
2026-09-10T18:22:47.4546876Z [32;1m        PASS[0m [   0.013s] (2156/2877) [35;1msparq-shacl[0m [36mpath::tests[0m[36m::[0m[34;1meval_alternative_with_inverse_branch[0m
2026-09-10T18:22:47.4655481Z [32;1m        PASS[0m [   0.010s] (2157/2877) [35;1msparq-shacl[0m [36mpath::tests[0m[36m::[0m[34;1meval_nested_sequence_with_star[0m
2026-09-10T18:22:47.4749088Z [32;1m        PASS[0m [   0.009s] (2158/2877) [35;1msparq-shacl[0m [36mpath::tests[0m[36m::[0m[34;1meval_predicate_forward_and_empty[0m
2026-09-10T18:22:47.4874276Z [32;1m        PASS[0m [   0.012s] (2159/2877) [35;1msparq-shacl[0m [36mpath::tests[0m[36m::[0m[34;1meval_zero_or_more_inverse[0m
2026-09-10T18:22:47.4963820Z [32;1m        PASS[0m [   0.009s] (2160/2877) [35;1msparq-shacl[0m [36mpath::tests[0m[36m::[0m[34;1meval_zero_or_one_includes_start[0m
2026-09-10T18:22:47.5070435Z [32;1m        PASS[0m [   0.011s] (2161/2877) [35;1msparq-shacl[0m [36mpath::tests[0m[36m::[0m[34;1mparse_cyclic_path_is_error[0m
2026-09-10T18:22:47.5209491Z [32;1m        PASS[0m [   0.012s] (2162/2877) [35;1msparq-shacl[0m [36mpath::tests[0m[36m::[0m[34;1mparse_literal_in_path_is_error[0m
2026-09-10T18:22:47.5299408Z [32;1m        PASS[0m [   0.010s] (2163/2877) [35;1msparq-shacl[0m [36mpath::tests[0m[36m::[0m[34;1mparse_recursive_forms[0m
2026-09-10T18:22:47.5419552Z [32;1m        PASS[0m [   0.011s] (2164/2877) [35;1msparq-shacl[0m [36mpath::tests[0m[36m::[0m[34;1mparse_sibling_reuse_is_not_cyclic[0m
2026-09-10T18:22:47.5699485Z [32;1m        PASS[0m [   0.027s] (2165/2877) [35;1msparq-shacl[0m [36mpath::tests[0m[36m::[0m[34;1mto_turtle_reparses_to_same_path[0m
2026-09-10T18:22:47.5759598Z [32;1m        PASS[0m [   0.007s] (2166/2877) [35;1msparq-shacl[0m [36mreport::tests[0m[36m::[0m[34;1mconforming_report_json_is_pinned[0m
2026-09-10T18:22:47.5839144Z [32;1m        PASS[0m [   0.007s] (2167/2877) [35;1msparq-shacl[0m [36mreport::tests[0m[36m::[0m[34;1mjson_emits_diagnostics_in_fixed_shape[0m
2026-09-10T18:22:47.5909646Z [32;1m        PASS[0m [   0.008s] (2168/2877) [35;1msparq-shacl[0m [36mreport::tests[0m[36m::[0m[34;1mjson_preserves_result_order[0m
2026-09-10T18:22:47.5979285Z [32;1m        PASS[0m [   0.007s] (2169/2877) [35;1msparq-shacl[0m [36mreport::tests[0m[36m::[0m[34;1mseverity_helpers[0m
2026-09-10T18:22:47.6059367Z [32;1m        PASS[0m [   0.008s] (2170/2877) [35;1msparq-shacl[0m [36mreport::tests[0m[36m::[0m[34;1mturtle_and_text_nest_detail_sub_results[0m
2026-09-10T18:22:47.6129381Z [32;1m        PASS[0m [   0.007s] (2171/2877) [35;1msparq-shacl[0m [36mreport::tests[0m[36m::[0m[34;1mturtle_omits_absent_path_and_value[0m
2026-09-10T18:22:47.6197177Z [32;1m        PASS[0m [   0.008s] (2172/2877) [35;1msparq-shacl[0m [36mscs::tests[0m[36m::[0m[34;1montology_subject_resolves_empty_reference_against_effective_base[0m
2026-09-10T18:22:47.6279154Z [32;1m        PASS[0m [   0.008s] (2173/2877) [35;1msparq-shacl[0m [36mscs::tests[0m[36m::[0m[34;1mundefined_prefix_errors[0m
2026-09-10T18:22:47.9070856Z [32;1m        PASS[0m [   0.278s] (2174/2877) [35;1msparq-shacl[0m [36msparql::tests[0m[36m::[0m[34;1mask_violates_fail_closed_on_runtime_query_error[0m
2026-09-10T18:22:47.9217413Z [32;1m        PASS[0m [   0.015s] (2175/2877) [35;1msparq-shacl[0m [36msparql::tests[0m[36m::[0m[34;1meval_batch_result_equals_per_focus_eval[0m
2026-09-10T18:22:47.9314443Z [32;1m        PASS[0m [   0.008s] (2176/2877) [35;1msparq-shacl[0m [36msparql::tests[0m[36m::[0m[34;1minject_values_descends_distinct_reduced_slice_orderby[0m
2026-09-10T18:22:47.9378678Z [32;1m        PASS[0m [   0.008s] (2177/2877) [35;1msparq-shacl[0m [36msparql::tests[0m[36m::[0m[34;1mpre_bind_rejects_inexpressible_blank_node[0m
2026-09-10T18:22:47.9470673Z [32;1m        PASS[0m [   0.009s] (2178/2877) [35;1msparq-shacl[0m [36msparql::tests[0m[36m::[0m[34;1mpre_bind_values_multi_builds_one_column_n_rows[0m
2026-09-10T18:22:47.9570049Z [32;1m        PASS[0m [   0.007s] (2179/2877) [35;1msparq-shacl[0m [36msparql::tests[0m[36m::[0m[34;1mpre_binding_rejects_minus[0m
2026-09-10T18:22:47.9664397Z [32;1m        PASS[0m [   0.012s] (2180/2877) [35;1msparq-shacl[0m [36msparql::tests[0m[36m::[0m[34;1mpre_binding_rejects_values_and_service[0m
2026-09-10T18:22:47.9769562Z [32;1m        PASS[0m [   0.008s] (2181/2877) [35;1msparq-shacl[0m [36msparql::tests[0m[36m::[0m[34;1mprepared_sparql_evaluate_fail_closed_on_blank_node_focus[0m
2026-09-10T18:22:47.9829421Z [32;1m        PASS[0m [   0.007s] (2182/2877) [35;1msparq-shacl[0m [36msparql::tests[0m[36m::[0m[34;1mprepared_validator_build_rejects_form_mismatch[0m
2026-09-10T18:22:47.9889568Z [32;1m        PASS[0m [   0.007s] (2183/2877) [35;1msparq-shacl[0m [36msparql::tests[0m[36m::[0m[34;1mpush_values_down_into_join_siblings[0m
2026-09-10T18:22:47.9971751Z [32;1m        PASS[0m [   0.007s] (2184/2877) [35;1msparq-shacl[0m [36msparql::tests[0m[36m::[0m[34;1mpush_values_down_through_graph_block[0m
2026-09-10T18:22:48.0029623Z [32;1m        PASS[0m [   0.007s] (2185/2877) [35;1msparq-shacl[0m [36msparql::tests[0m[36m::[0m[34;1mpush_values_down_through_order_by[0m
2026-09-10T18:22:48.0109239Z [32;1m        PASS[0m [   0.007s] (2186/2877) [35;1msparq-shacl[0m [36msparql::tests[0m[36m::[0m[34;1mpush_values_down_through_slice[0m
2026-09-10T18:22:48.0179347Z [32;1m        PASS[0m [   0.007s] (2187/2877) [35;1msparq-shacl[0m [36msparql::tests[0m[36m::[0m[34;1mquery_batchable_distinct_and_orderby_are_batchable[0m
2026-09-10T18:22:48.0239391Z [32;1m        PASS[0m [   0.007s] (2188/2877) [35;1msparq-shacl[0m [36msparql::tests[0m[36m::[0m[34;1mquery_batchable_rejects_implicit_aggregate[0m
2026-09-10T18:22:48.0329234Z [32;1m        PASS[0m [   0.007s] (2189/2877) [35;1msparq-shacl[0m [36msparql::tests[0m[36m::[0m[34;1mselect_expr_build_rejects_non_select[0m
2026-09-10T18:22:48.0386201Z [32;1m        PASS[0m [   0.008s] (2190/2877) [35;1msparq-shacl[0m [36msparql::tests[0m[36m::[0m[34;1mselect_validate_fail_closed_on_inexpressible_focus[0m
2026-09-10T18:22:48.0499440Z [32;1m        PASS[0m [   0.009s] (2191/2877) [35;1msparq-shacl[0m [36msparql::tests[0m[36m::[0m[34;1mselect_validate_maps_path_when_projected[0m
2026-09-10T18:22:48.0597262Z [32;1m        PASS[0m [   0.012s] (2192/2877) [35;1msparq-shacl[0m [36msparql::tests[0m[36m::[0m[34;1mselect_validate_order_by_slice_pre_binds_this[0m
2026-09-10T18:22:48.0670595Z [32;1m        PASS[0m [   0.007s] (2193/2877) [35;1msparq-shacl[0m [36msparql::tests[0m[36m::[0m[34;1mterm_lexical_covers_each_term_kind[0m
2026-09-10T18:22:48.0973119Z [32;1m        PASS[0m [   0.029s] (2194/2877) [35;1msparq-shacl[0m [36mtests[0m[36m::[0m[34;1mbatched_path_fires_once_for_many_foci[0m
2026-09-10T18:22:48.1099514Z [32;1m        PASS[0m [   0.013s] (2195/2877) [35;1msparq-shacl[0m [36mtests[0m[36m::[0m[34;1mcyclic_node_shapes_with_memo[0m
2026-09-10T18:22:48.1216534Z [32;1m        PASS[0m [   0.012s] (2196/2877) [35;1msparq-shacl[0m [36mtests[0m[36m::[0m[34;1mfocus_node_count_is_distinct_target_union[0m
2026-09-10T18:22:48.1336028Z [32;1m        PASS[0m [   0.012s] (2197/2877) [35;1msparq-shacl[0m [36mtests[0m[36m::[0m[34;1mimplicit_class_shape_is_discovered[0m
2026-09-10T18:22:48.1478424Z [32;1m        PASS[0m [   0.014s] (2198/2877) [35;1msparq-shacl[0m [36mtests[0m[36m::[0m[34;1mreifier_shape_validates_reifiers[0m
2026-09-10T18:22:48.1595902Z [32;1m        PASS[0m [   0.012s] (2199/2877) [35;1msparq-shacl[0m [36mtests[0m[36m::[0m[34;1mshape_class_is_implicit_class_target[0m
2026-09-10T18:22:48.1819720Z [32;1m        PASS[0m [   0.020s] (2200/2877) [35;1msparq-shacl[0m [36mtests[0m[36m::[0m[34;1msparql_valued_target_and_values_and_severity[0m
2026-09-10T18:22:48.1914497Z [32;1m        PASS[0m [   0.012s] (2201/2877) [35;1msparq-shacl[0m [36mtests[0m[36m::[0m[34;1mvalidate_strict_rejects_pre_binding_violation[0m
2026-09-10T18:22:48.1994998Z [32;1m        PASS[0m [   0.008s] (2202/2877) [35;1msparq-shacl[0m [36mview::tests[0m[36m::[0m[34;1mgraph_accessor_returns_underlying[0m
2026-09-10T18:22:48.2109524Z [32;1m        PASS[0m [   0.009s] (2203/2877) [35;1msparq-shacl[0m [36mview::tests[0m[36m::[0m[34;1minstances_of_walks_subclass_closure[0m
2026-09-10T18:22:48.2229806Z [32;1m        PASS[0m [   0.012s] (2204/2877) [35;1msparq-shacl[0m [36mview::tests[0m[36m::[0m[34;1mlist_and_list_strict_reject_cycle[0m
2026-09-10T18:22:48.2339505Z [32;1m        PASS[0m [   0.010s] (2205/2877) [35;1msparq-shacl[0m [36mview::tests[0m[36m::[0m[34;1mlist_strict_rejects_duplicate_first_or_rest[0m
2026-09-10T18:22:48.2399633Z [32;1m        PASS[0m [   0.007s] (2206/2877) [35;1msparq-shacl[0m [36mview::tests[0m[36m::[0m[34;1mlist_strict_rejects_nil_with_extra_triples[0m
2026-09-10T18:22:48.2489325Z [32;1m        PASS[0m [   0.009s] (2207/2877) [35;1msparq-shacl[0m [36mview::tests[0m[36m::[0m[34;1msubclass_closure_is_cycle_safe_and_reflexive[0m
2026-09-10T18:22:48.3099885Z [32;1m        PASS[0m [   0.059s] (2208/2877) [35;1msparq-shacl::constraints[0m [34;1mclosed_flags_extra_predicates_and_honours_ignored[0m
2026-09-10T18:22:48.3229485Z [32;1m        PASS[0m [   0.014s] (2209/2877) [35;1msparq-shacl::constraints[0m [34;1mdatatype_rejects_out_of_range_bounded_integer[0m
2026-09-10T18:22:48.3418223Z [32;1m        PASS[0m [   0.020s] (2210/2877) [35;1msparq-shacl::constraints[0m [34;1mdisjoint_flags_shared_values[0m
2026-09-10T18:22:48.3535991Z [32;1m        PASS[0m [   0.012s] (2211/2877) [35;1msparq-shacl::constraints[0m [34;1min_enumeration_value_semantics[0m
2026-09-10T18:22:48.3699505Z [32;1m        PASS[0m [   0.015s] (2212/2877) [35;1msparq-shacl::constraints[0m [34;1mless_than_or_equals_allows_equal[0m
2026-09-10T18:22:48.3909858Z [32;1m        PASS[0m [   0.021s] (2213/2877) [35;1msparq-shacl::constraints[0m [34;1mlogical_not[0m
2026-09-10T18:22:48.4027684Z [32;1m        PASS[0m [   0.013s] (2214/2877) [35;1msparq-shacl::constraints[0m [34;1mmember_shape_checks_each_list_member[0m
2026-09-10T18:22:48.4225174Z [32;1m        PASS[0m [   0.018s] (2215/2877) [35;1msparq-shacl::constraints[0m [34;1mnode_constraint_on_path_values[0m
2026-09-10T18:22:48.4398681Z [32;1m        PASS[0m [   0.019s] (2216/2877) [35;1msparq-shacl::constraints[0m [34;1mpattern_q_flag_combines_with_i[0m
2026-09-10T18:22:48.4644811Z [32;1m        PASS[0m [   0.025s] (2217/2877) [35;1msparq-shacl::constraints[0m [34;1mpattern_valid_still_reports_violations_and_no_diagnostic[0m
2026-09-10T18:22:48.4826785Z [32;1m        PASS[0m [   0.018s] (2218/2877) [35;1msparq-shacl::constraints[0m [34;1mpattern_xpath_name_char_classes[0m
2026-09-10T18:22:48.4943269Z [32;1m        PASS[0m [   0.012s] (2219/2877) [35;1msparq-shacl::constraints[0m [34;1mper_statement_deactivate_on_property_constraint[0m
2026-09-10T18:22:48.5046027Z [32;1m        PASS[0m [   0.010s] (2220/2877) [35;1msparq-shacl::constraints[0m [34;1mper_statement_message_override_survives_sh_node_recursion[0m
2026-09-10T18:22:48.5159063Z [32;1m        PASS[0m [   0.011s] (2221/2877) [35;1msparq-shacl::constraints[0m [34;1mper_statement_overrides_apply_to_qualified_count_causing_statement[0m
2026-09-10T18:22:48.5315715Z [32;1m        PASS[0m [   0.016s] (2222/2877) [35;1msparq-shacl::constraints[0m [34;1mper_statement_severity_override_survives_sh_node_recursion[0m
2026-09-10T18:22:48.5479153Z [32;1m        PASS[0m [   0.014s] (2223/2877) [35;1msparq-shacl::constraints[0m [34;1mqualified_max_count[0m
2026-09-10T18:22:48.5589417Z [32;1m        PASS[0m [   0.011s] (2224/2877) [35;1msparq-shacl::constraints[0m [34;1mrange_max_exclusive_boundary[0m
2026-09-10T18:22:48.5739351Z [32;1m        PASS[0m [   0.015s] (2225/2877) [35;1msparq-shacl::constraints[0m [34;1munique_lang_flags_duplicate_language[0m
2026-09-10T18:22:48.5829319Z [32;1m        PASS[0m [   0.010s] (2226/2877) [35;1msparq-shacl::constraints[0m [34;1munique_values_for_composite_key_and_missing_values[0m
2026-09-10T18:22:48.7099620Z [32;1m        PASS[0m [   0.127s] (2227/2877) [35;1msparq-shacl::diff_fuzz[0m [34;1mextended_components_conform_violate_construction_is_sound[0m
2026-09-10T18:22:48.7169410Z [32;1m        PASS[0m [   0.007s] (2228/2877) [35;1msparq-shacl::diff_fuzz[0m [34;1mjena_adapter_excludes_nested_sh_detail[0m
2026-09-10T18:22:48.7234531Z [32;1m        PASS[0m [   0.007s] (2229/2877) [35;1msparq-shacl::diff_fuzz[0m [34;1mmissing_focus_is_distinct_from_blank_node_focus[0m
2026-09-10T18:22:48.7309566Z [32;1m        PASS[0m [   0.006s] (2230/2877) [35;1msparq-shacl::diff_fuzz[0m [34;1mrng_string_pick_has_sized_elements[0m
2026-09-10T18:22:48.7721314Z [32;1m        PASS[0m [   0.042s] (2231/2877) [35;1msparq-shacl::edge_empty_and_strict[0m [34;1mstrict_validation_reports_unsound_pre_binding[0m
2026-09-10T18:22:48.8167337Z [32;1m        PASS[0m [   0.044s] (2232/2877) [35;1msparq-shacl::ill_formed_strict[0m [34;1mclosed_false_is_not_ill_formed[0m
2026-09-10T18:22:48.8286607Z [32;1m        PASS[0m [   0.012s] (2233/2877) [35;1msparq-shacl::ill_formed_strict[0m [34;1mentailment_declaration_fails[0m
2026-09-10T18:22:48.8509470Z [32;1m        PASS[0m [   0.021s] (2234/2877) [35;1msparq-shacl::ill_formed_strict[0m [34;1mill_formed_path_expression_fails[0m
2026-09-10T18:22:48.8619080Z [32;1m        PASS[0m [   0.011s] (2235/2877) [35;1msparq-shacl::ill_formed_strict[0m [34;1miri_valued_max_length_fails[0m
2026-09-10T18:22:48.8889588Z [32;1m        PASS[0m [   0.027s] (2236/2877) [35;1msparq-shacl::ill_formed_strict[0m [34;1mlenient_validate_still_skips_unparsable_sparql_select[0m
2026-09-10T18:22:48.9015396Z [32;1m        PASS[0m [   0.013s] (2237/2877) [35;1msparq-shacl::ill_formed_strict[0m [34;1mliteral_datatype_fails[0m
2026-09-10T18:22:48.9240301Z [32;1m        PASS[0m [   0.021s] (2238/2877) [35;1msparq-shacl::ill_formed_strict[0m [34;1mliteral_qualified_value_shape_ref_fails[0m
2026-09-10T18:22:48.9356990Z [32;1m        PASS[0m [   0.013s] (2239/2877) [35;1msparq-shacl::ill_formed_strict[0m [34;1mliteral_sh_node_shape_ref_fails[0m
2026-09-10T18:22:48.9499471Z [32;1m        PASS[0m [   0.013s] (2240/2877) [35;1msparq-shacl::ill_formed_strict[0m [34;1mliteral_some_value_shape_ref_fails[0m
2026-09-10T18:22:48.9603663Z [32;1m        PASS[0m [   0.012s] (2241/2877) [35;1msparq-shacl::ill_formed_strict[0m [34;1mliteral_target_objects_of_fails[0m
2026-09-10T18:22:48.9739282Z [32;1m        PASS[0m [   0.011s] (2242/2877) [35;1msparq-shacl::ill_formed_strict[0m [34;1mmalformed_ignored_properties_fails[0m
2026-09-10T18:22:48.9830957Z [32;1m        PASS[0m [   0.010s] (2243/2877) [35;1msparq-shacl::ill_formed_strict[0m [34;1mnegative_min_count_is_not_ill_formed[0m
2026-09-10T18:22:48.9949440Z [32;1m        PASS[0m [   0.013s] (2244/2877) [35;1msparq-shacl::ill_formed_strict[0m [34;1mnon_boolean_unique_lang_fails[0m
2026-09-10T18:22:49.0076322Z [32;1m        PASS[0m [   0.013s] (2245/2877) [35;1msparq-shacl::ill_formed_strict[0m [34;1mnon_integer_qualified_min_count_fails[0m
2026-09-10T18:22:49.0249629Z [32;1m        PASS[0m [   0.016s] (2246/2877) [35;1msparq-shacl::ill_formed_strict[0m [34;1mnon_list_sh_or_fails[0m
2026-09-10T18:22:49.0451771Z [32;1m        PASS[0m [   0.021s] (2247/2877) [35;1msparq-shacl::ill_formed_strict[0m [34;1mnon_literal_min_exclusive_comparand_fails[0m
2026-09-10T18:22:49.0699924Z [32;1m        PASS[0m [   0.024s] (2248/2877) [35;1msparq-shacl::ill_formed_strict[0m [34;1mplain_rdfs_class_root_is_not_flagged[0m
2026-09-10T18:22:49.0849348Z [32;1m        PASS[0m [   0.013s] (2249/2877) [35;1msparq-shacl::ill_formed_strict[0m [34;1mqualified_min_count_without_value_shape_fails[0m
2026-09-10T18:22:49.0959402Z [32;1m        PASS[0m [   0.012s] (2250/2877) [35;1msparq-shacl::ill_formed_strict[0m [34;1msequence_path_is_not_ill_formed[0m
2026-09-10T18:22:49.1055833Z [32;1m        PASS[0m [   0.011s] (2251/2877) [35;1msparq-shacl::ill_formed_strict[0m [34;1msparql_constraint_without_select_fails[0m
2026-09-10T18:22:49.1229447Z [32;1m        PASS[0m [   0.016s] (2252/2877) [35;1msparq-shacl::ill_formed_strict[0m [34;1mstring_typed_qualified_min_count_fails[0m
2026-09-10T18:22:49.1349129Z [32;1m        PASS[0m [   0.012s] (2253/2877) [35;1msparq-shacl::ill_formed_strict[0m [34;1munknown_node_kind_in_list_fails[0m
2026-09-10T18:22:49.1489221Z [32;1m        PASS[0m [   0.015s] (2254/2877) [35;1msparq-shacl::ill_formed_strict[0m [34;1munparsable_values_sparql_expr_fails[0m
2026-09-10T18:22:49.1929448Z [32;1m        PASS[0m [   0.044s] (2255/2877) [35;1msparq-shacl::property_paths[0m [34;1minverse_path_min_count[0m
2026-09-10T18:22:49.2079505Z [32;1m        PASS[0m [   0.014s] (2256/2877) [35;1msparq-shacl::property_paths[0m [34;1mone_or_more_excludes_focus_unless_reachable[0m
2026-09-10T18:22:49.2240410Z [32;1m        PASS[0m [   0.017s] (2257/2877) [35;1msparq-shacl::property_paths[0m [34;1mresult_path_serialises_complex_path[0m
2026-09-10T18:22:49.2356408Z [32;1m        PASS[0m [   0.011s] (2258/2877) [35;1msparq-shacl::property_paths[0m [34;1mzero_or_more_terminates_on_cycle[0m
2026-09-10T18:22:49.2529422Z [32;1m        PASS[0m [   0.015s] (2259/2877) [35;1msparq-shacl::scs_error_paths[0m [34;1mat_without_prefixed_name_is_error[0m
2026-09-10T18:22:49.2599359Z [32;1m        PASS[0m [   0.007s] (2260/2877) [35;1msparq-shacl::scs_error_paths[0m [34;1mbase_without_iri_is_error[0m
2026-09-10T18:22:49.2655815Z [32;1m        PASS[0m [   0.007s] (2261/2877) [35;1msparq-shacl::scs_error_paths[0m [34;1mdecimal_and_double_literals_get_right_datatype[0m
2026-09-10T18:22:49.2719442Z [32;1m        PASS[0m [   0.006s] (2262/2877) [35;1msparq-shacl::scs_error_paths[0m [34;1mempty_language_tag_is_error[0m
2026-09-10T18:22:49.2773750Z [32;1m        PASS[0m [   0.006s] (2263/2877) [35;1msparq-shacl::scs_error_paths[0m [34;1min_array_value_builds_rdf_list[0m
2026-09-10T18:22:49.2859351Z [32;1m        PASS[0m [   0.006s] (2264/2877) [35;1msparq-shacl::scs_error_paths[0m [34;1mlang_tagged_literal_carries_language[0m
2026-09-10T18:22:49.2919203Z [32;1m        PASS[0m [   0.006s] (2265/2877) [35;1msparq-shacl::scs_error_paths[0m [34;1mmissing_dot_after_node_constraint_is_error[0m
2026-09-10T18:22:49.2979278Z [32;1m        PASS[0m [   0.006s] (2266/2877) [35;1msparq-shacl::scs_error_paths[0m [34;1mnode_negation_emits_sh_not[0m
2026-09-10T18:22:49.3042243Z [32;1m        PASS[0m [   0.009s] (2267/2877) [35;1msparq-shacl::scs_error_paths[0m [34;1mpn_local_escape_is_unescaped[0m
2026-09-10T18:22:49.3265107Z [32;1m        PASS[0m [   0.022s] (2268/2877) [35;1msparq-shacl::scs_error_paths[0m [34;1mshape_class_adds_rdfs_class_type[0m
2026-09-10T18:22:49.3359329Z [32;1m        PASS[0m [   0.008s] (2269/2877) [35;1msparq-shacl::scs_error_paths[0m [34;1mtarget_class_arrow_with_no_iri_is_error[0m
2026-09-10T18:22:49.3439209Z [32;1m        PASS[0m [   0.006s] (2270/2877) [35;1msparq-shacl::scs_error_paths[0m [34;1mundefined_prefix_is_error[0m
2026-09-10T18:22:49.3479538Z [32;1m        PASS[0m [   0.006s] (2271/2877) [35;1msparq-shacl::scs_error_paths[0m [34;1munterminated_iri_is_error[0m
2026-09-10T18:22:49.3938901Z [32;1m        PASS[0m [   0.047s] (2272/2877) [35;1msparq-shacl::shacl_af_feature_state[0m [34;1msh_rule_shape_reports_only_base_constraint_violations[0m
2026-09-10T18:22:49.4470423Z [32;1m        PASS[0m [   0.053s] (2273/2877) [35;1msparq-shacl::sparql_components[0m [34;1mask_component_flags_and_conforms[0m
2026-09-10T18:22:49.4609540Z [32;1m        PASS[0m [   0.012s] (2274/2877) [35;1msparq-shacl::sparql_components[0m [34;1mnode_validator_preferred_for_node_shape[0m
2026-09-10T18:22:49.4857575Z [32;1m        PASS[0m [   0.026s] (2275/2877) [35;1msparq-shacl::sparql_components[0m [34;1mproperty_validator_path_prebinding[0m
2026-09-10T18:22:49.5389827Z [32;1m        PASS[0m [   0.051s] (2276/2877) [35;1msparq-shacl::sparql_constraints[0m [34;1msparql_conforming_yields_no_violations[0m
2026-09-10T18:22:49.5489469Z [32;1m        PASS[0m [   0.010s] (2277/2877) [35;1msparq-shacl::sparql_constraints[0m [34;1msparql_message_template_substitution[0m
2026-09-10T18:22:49.5585584Z [32;1m        PASS[0m [   0.011s] (2278/2877) [35;1msparq-shacl::sparql_constraints[0m [34;1msparql_property_shape_path_pre_binding[0m
2026-09-10T18:22:49.5729697Z [32;1m        PASS[0m [   0.011s] (2279/2877) [35;1msparq-shacl::sparql_constraints[0m [34;1msparql_value_defaults_to_focus_and_path_binding[0m
2026-09-10T18:22:49.6131227Z [32;1m        PASS[0m [   0.043s] (2280/2877) [35;1msparq-shacl::sparql_edge_cases[0m [34;1mmismatched_validator_form_is_skipped[0m
2026-09-10T18:22:49.6330793Z [32;1m        PASS[0m [   0.020s] (2281/2877) [35;1msparq-shacl::sparql_edge_cases[0m [34;1mselect_validator_row_message_used_when_no_component_message[0m
2026-09-10T18:22:49.6432619Z [32;1m        PASS[0m [   0.010s] (2282/2877) [35;1msparq-shacl::sparql_edge_cases[0m [34;1msh_sparql_value_projected_but_unbound_is_none[0m
2026-09-10T18:22:49.6814129Z [32;1m        PASS[0m [   0.038s] (2283/2877) [35;1msparq-shacl::w3c_core_shacl12_value_constraints[0m [34;1mconformance_disallows_001_custom_threshold[0m
2026-09-10T18:22:49.6934297Z [32;1m        PASS[0m [   0.012s] (2284/2877) [35;1msparq-shacl::w3c_core_shacl12_value_constraints[0m [34;1mequals_predicate_comparand_backward_compatible[0m
2026-09-10T18:22:49.7119730Z [32;1m        PASS[0m [   0.017s] (2285/2877) [35;1msparq-shacl::w3c_core_shacl12_value_constraints[0m [34;1mroot_class_001[0m
2026-09-10T18:22:49.7264561Z [32;1m        PASS[0m [   0.016s] (2286/2877) [35;1msparq-shacl::w3c_core_shacl12_value_constraints[0m [34;1msingle_line_001[0m
2026-09-10T18:22:49.7376332Z [32;1m        PASS[0m [   0.011s] (2287/2877) [35;1msparq-shacl::w3c_core_shacl12_value_constraints[0m [34;1mwarning_breaks_default_conformance[0m
2026-09-10T18:22:49.7504671Z [32;1m        PASS[0m [   0.013s] (2288/2877) [35;1msparq-shacl-wasm[0m [36mtests[0m[36m::[0m[34;1mdatatype_violation_detected[0m
2026-09-10T18:22:49.7624532Z [32;1m        PASS[0m [   0.012s] (2289/2877) [35;1msparq-shacl-wasm[0m [36mtests[0m[36m::[0m[34;1mtext_rendering_is_human_readable[0m
2026-09-10T18:22:49.7699612Z [32;1m        PASS[0m [   0.006s] (2290/2877) [35;1msparq-shaclc[0m [36mtests[0m[36m::[0m[34;1mdir_lang_literal_converts_to_directional_oxrdf_literal[0m
2026-09-10T18:22:49.7759407Z [32;1m        PASS[0m [   0.007s] (2291/2877) [35;1msparq-shaclc[0m [36mtests[0m[36m::[0m[34;1mpredeclared_prefixes_come_first_in_declaration_order[0m
2026-09-10T18:22:49.7819444Z [32;1m        PASS[0m [   0.006s] (2292/2877) [35;1msparq-shaclc[0m [36mtests[0m[36m::[0m[34;1mtriple_term_value_converts_to_oxrdf_triple_term[0m
2026-09-10T18:22:49.8039500Z [32;1m        PASS[0m [   0.021s] (2293/2877) [35;1msparq-shaclc::conformance[0m [34;1mextended_fixtures_match_the_oracle_and_strict_rejects_them_all[0m
2026-09-10T18:22:49.9322418Z [32;1m        PASS[0m [   0.130s] (2294/2877) [35;1msparq-shaclc::conformance[0m [34;1mvalid_and_rdf12_match_the_oxttl_oracle_in_both_profiles[0m
2026-09-10T18:22:49.9410341Z [32;1m        PASS[0m [   0.006s] (2295/2877) [35;1msparq-shaclc::edge_parse_contract[0m [34;1mstrict_parse_reports_predeclared_prefixes_and_default_base[0m
2026-09-10T18:22:49.9460450Z [32;1m        PASS[0m [   0.006s] (2296/2877) [35;1msparq-shaclc::provenance_drift[0m [34;1mprovenance_pins_are_well_formed[0m
2026-09-10T18:22:50.0490066Z [32;1m        PASS[0m [   0.102s] (2297/2877) [35;1msparq-shaclc::push_chunk_boundaries[0m [36mextended[0m[36m::[0m[34;1moutput_and_outcome_match_at_every_valid_boundary[0m
2026-09-10T18:22:50.0560956Z [32;1m        PASS[0m [   0.007s] (2298/2877) [35;1msparq-shaclc::roundtrip[0m [34;1mforeign_iri_predicate_residualizes_in_strict_but_extended_absorbs_it[0m
2026-09-10T18:22:50.0629730Z [32;1m        PASS[0m [   0.008s] (2299/2877) [35;1msparq-sim[0m [36mtests[0m[36m::[0m[34;1mexcluded_predicates_drop_from_signature[0m
2026-09-10T18:22:50.0710980Z [32;1m        PASS[0m [   0.008s] (2300/2877) [35;1msparq-sim[0m [36mtests[0m[36m::[0m[34;1mhub_elements_are_capped_but_rescore_is_exact[0m
2026-09-10T18:22:50.0796260Z [32;1m        PASS[0m [   0.009s] (2301/2877) [35;1msparq-sim[0m [36mtests[0m[36m::[0m[34;1midf_weights_rare_predicates_higher[0m
2026-09-10T18:22:50.0890074Z [32;1m        PASS[0m [   0.008s] (2302/2877) [35;1msparq-sim[0m [36mtests[0m[36m::[0m[34;1mneighbor_sparse_entities_fall_back_to_profile_candidates[0m
2026-09-10T18:22:50.0940530Z [32;1m        PASS[0m [   0.007s] (2303/2877) [35;1msparq-sim[0m [36mtests[0m[36m::[0m[34;1msignature_coefficients_disjoint_are_zero[0m
2026-09-10T18:22:50.1003600Z [32;1m        PASS[0m [   0.006s] (2304/2877) [35;1msparq-sim[0m [36mtests[0m[36m::[0m[34;1msignature_coefficients_with_empty_signature_are_zero_and_finite[0m
2026-09-10T18:22:50.1113496Z [32;1m        PASS[0m [   0.011s] (2305/2877) [35;1msparq-sim::absent_and_excluded[0m [34;1mexcluding_a_subjects_only_predicate_leaves_an_empty_signature[0m
2026-09-10T18:22:50.3810685Z [32;1m        PASS[0m [   0.268s] (2306/2877) [35;1msparq-sim::proptest_metric[0m [34;1mmost_similar_is_sorted_bounded_and_deduplicated[0m
2026-09-10T18:22:50.3889393Z [32;1m        PASS[0m [   0.006s] (2307/2877) [35;1msparq-sim::example/olympics_eval[0m [36mtests[0m[36m::[0m[34;1mjson_str_escapes[0m
2026-09-10T18:22:50.3949390Z [32;1m        PASS[0m [   0.007s] (2308/2877) [35;1msparq-solid[0m [36mauthindex::bucket_eq_tests[0m[36m::[0m[34;1mexcept_order_and_grant_order_stay_canonical[0m
2026-09-10T18:22:50.4170549Z [32;1m        PASS[0m [   0.021s] (2309/2877) [35;1msparq-solid[0m [36mauthindex::origin_partition_tests[0m[36m::[0m[34;1maccessible_in_origin_of_absent_origin_is_empty[0m
2026-09-10T18:22:50.4259758Z [32;1m        PASS[0m [   0.007s] (2310/2877) [35;1msparq-solid[0m [36mauthindex::window_tests[0m[36m::[0m[34;1mmixed_offset_genuinely_inside_window_is_admitted[0m
2026-09-10T18:22:50.4299837Z [32;1m        PASS[0m [   0.007s] (2311/2877) [35;1msparq-solid[0m [36mauthindex::window_tests[0m[36m::[0m[34;1mnot_before_is_inclusive_lower_bound[0m
2026-09-10T18:22:50.4361176Z [32;1m        PASS[0m [   0.007s] (2312/2877) [35;1msparq-solid[0m [36mauthindex::window_tests[0m[36m::[0m[34;1mwindowed_with_no_clock_fails_closed[0m
2026-09-10T18:22:50.4448807Z [32;1m        PASS[0m [   0.007s] (2313/2877) [35;1msparq-solid[0m [36mcredentials::tests[0m[36m::[0m[34;1mholdings_are_per_agent_and_accumulate[0m
2026-09-10T18:22:50.4525896Z [32;1m        PASS[0m [   0.009s] (2314/2877) [35;1msparq-solid[0m [36mdecide::tests[0m[36m::[0m[34;1macl_link_header_built_from_governing_acl[0m
2026-09-10T18:22:50.4590828Z [32;1m        PASS[0m [   0.007s] (2315/2877) [35;1msparq-solid[0m [36mdecide::tests[0m[36m::[0m[34;1mbenign_names_are_not_refused[0m
2026-09-10T18:22:50.4709354Z [32;1m        PASS[0m [   0.009s] (2316/2877) [35;1msparq-solid[0m [36mdecide::tests[0m[36m::[0m[34;1mcreate_refusal_is_definitive_and_carries_the_acl_link[0m
2026-09-10T18:22:50.4839506Z [32;1m        PASS[0m [   0.012s] (2317/2877) [35;1msparq-solid[0m [36mdecide::tests[0m[36m::[0m[34;1mno_acl_is_definitive_deny_not_retryable[0m
2026-09-10T18:22:50.4899260Z [32;1m        PASS[0m [   0.008s] (2318/2877) [35;1msparq-solid[0m [36mdecide::tests[0m[36m::[0m[34;1mresolve_no_acl_is_none[0m
2026-09-10T18:22:50.4987649Z [32;1m        PASS[0m [   0.009s] (2319/2877) [35;1msparq-solid[0m [36mdecide::tests[0m[36m::[0m[34;1munmaterialized_with_acl_is_unloaded_deny[0m
2026-09-10T18:22:50.5079215Z [32;1m        PASS[0m [   0.007s] (2320/2877) [35;1msparq-solid[0m [36mloader::tests[0m[36m::[0m[34;1mparent_walks_to_root_and_stops[0m
2026-09-10T18:22:54.8972819Z [33;1m        SLOW[0m [> 60.000s] (─────────) [35;1msparq-engine::differentials[0m [36myannakakis_differential[0m[36m::[0m[34;1msnowflake_join_matches_brute_force[0m
2026-09-10T18:23:03.2270236Z [32;1m        PASS[0m [  12.719s] (2321/2877) [35;1msparq-solid[0m [36mmaterialize::tests[0m[36m::[0m[34;1macp_with_provenance_auth_view_is_identical_to_the_text_engine[0m
2026-09-10T18:23:05.9468951Z [32;1m        PASS[0m [  71.062s] (2322/2877) [35;1msparq-engine::differentials[0m [36myannakakis_differential[0m[36m::[0m[34;1msnowflake_join_matches_brute_force[0m
2026-09-10T18:23:05.9570032Z [32;1m        PASS[0m [   0.008s] (2323/2877) [35;1msparq-solid[0m [36mprovenance::tests[0m[36m::[0m[34;1miter_yields_every_resource_with_its_optional_facts[0m
2026-09-10T18:23:05.9626718Z [32;1m        PASS[0m [   0.008s] (2324/2877) [35;1msparq-solid[0m [36mrewrite::opt_in_tests[0m[36m::[0m[34;1minvalid_query_errors[0m
2026-09-10T18:23:05.9703854Z [32;1m        PASS[0m [   0.008s] (2325/2877) [35;1msparq-solid[0m [36mrewrite::opt_in_tests[0m[36m::[0m[34;1mopt_in_in_default_position_wraps_and_strips_reserved_iri[0m
2026-09-10T18:23:05.9969436Z [32;1m        PASS[0m [   0.025s] (2326/2877) [35;1msparq-solid[0m [36mscoped_cache_tests[0m[36m::[0m[34;1mscoped_write_keeps_other_pod_slice_warm[0m
2026-09-10T18:23:06.0059590Z [32;1m        PASS[0m [   0.007s] (2327/2877) [35;1msparq-solid[0m [36msession_cache::tests[0m[36m::[0m[34;1mcompute_runs_once_then_hits_are_warm[0m
2026-09-10T18:23:06.0755526Z [32;1m        PASS[0m [   0.072s] (2328/2877) [35;1msparq-solid[0m [36msession_cache::tests[0m[36m::[0m[34;1mrecency_queue_stays_bounded_under_hot_key_churn[0m
2026-09-10T18:23:06.0910864Z [32;1m        PASS[0m [   0.015s] (2329/2877) [35;1msparq-solid[0m [36mupdate::differential_writeset_tests[0m[36m::[0m[34;1moptional_empty_binding_precise_set_equals_empty_engine_write_set[0m
2026-09-10T18:23:06.1069804Z [32;1m        PASS[0m [   0.015s] (2330/2877) [35;1msparq-solid[0m [36mupdate::differential_writeset_tests[0m[36m::[0m[34;1mwith_clause_resolves_precisely_to_engine_write_set[0m
2026-09-10T18:23:06.1800404Z [32;1m        PASS[0m [   0.073s] (2331/2877) [35;1msparq-solid::acp[0m [34;1macp_creator_agent_allof_with_contradictory_concrete_agent_grants_nobody[0m
2026-09-10T18:23:06.2167726Z [32;1m        PASS[0m [   0.036s] (2332/2877) [35;1msparq-solid::acp[0m [34;1macp_creator_agent_anyof[0m
2026-09-10T18:23:06.2518332Z [32;1m        PASS[0m [   0.035s] (2333/2877) [35;1msparq-solid::acp[0m [34;1macp_creator_agent_with_client_constraint[0m
2026-09-10T18:23:06.2728993Z [32;1m        PASS[0m [   0.021s] (2334/2877) [35;1msparq-solid::acp[0m [34;1macp_creator_reserved_encoding_rejected[0m
2026-09-10T18:23:06.3037802Z [32;1m        PASS[0m [   0.031s] (2335/2877) [35;1msparq-solid::acp[0m [34;1macp_forged_creator_in_acr_document_does_not_grant[0m
2026-09-10T18:23:06.3398341Z [32;1m        PASS[0m [   0.036s] (2336/2877) [35;1msparq-solid::acp[0m [34;1macp_issuer_client_triple[0m
2026-09-10T18:23:06.3610561Z [32;1m        PASS[0m [   0.021s] (2337/2877) [35;1msparq-solid::acp[0m [34;1macp_issuer_reserved_encoding_rejected[0m
2026-09-10T18:23:07.7210194Z [32;1m        PASS[0m [   1.359s] (2338/2877) [35;1msparq-solid::acp[0m [34;1macp_write_enforcement_matches_grants[0m
2026-09-10T18:23:07.7916083Z [32;1m        PASS[0m [   0.070s] (2339/2877) [35;1msparq-solid::acp_vc[0m [34;1magent_and_vc_on_one_matcher_are_conjunctive[0m
2026-09-10T18:23:07.8366151Z [32;1m        PASS[0m [   0.045s] (2340/2877) [35;1msparq-solid::acp_vc[0m [34;1mmultiple_vc_values_on_one_matcher_are_disjunctive[0m
2026-09-10T18:23:07.8675567Z [32;1m        PASS[0m [   0.031s] (2341/2877) [35;1msparq-solid::acp_vc[0m [34;1mvc_grant_is_scoped_to_the_holder[0m
2026-09-10T18:23:08.2610060Z [32;1m        PASS[0m [   0.393s] (2342/2877) [35;1msparq-solid::concurrent_readers[0m [34;1mmany_threads_share_one_ref_and_get_session_scoped_results[0m
2026-09-10T18:23:08.3127337Z [32;1m        PASS[0m [   0.052s] (2343/2877) [35;1msparq-solid::conformance_acp[0m [34;1mharness_flags_a_wrong_expectation[0m
2026-09-10T18:23:08.4109902Z [32;1m        PASS[0m [   0.098s] (2344/2877) [35;1msparq-solid::conformance_wac[0m [34;1mwac_conformance_corpus_decision_parity[0m
2026-09-10T18:23:10.2492970Z [32;1m        PASS[0m [   1.839s] (2345/2877) [35;1msparq-solid::container_default_walk_props[0m [34;1mnearest_ancestor_governs_by_default_and_walk_stops_there[0m
2026-09-10T18:23:11.8327549Z [32;1m        PASS[0m [   8.608s] (2346/2877) [35;1msparq-solid[0m [36mmaterialize::tests[0m[36m::[0m[34;1mwac_auth_view_is_identical_to_the_text_engine[0m
2026-09-10T18:23:11.8788319Z [32;1m        PASS[0m [   0.046s] (2347/2877) [35;1msparq-solid::decide[0m [34;1macl_link_header_surfaces_governing_acl_over_real_decide[0m
2026-09-10T18:23:11.9012272Z [32;1m        PASS[0m [   0.022s] (2348/2877) [35;1msparq-solid::decide[0m [34;1mdecide_batch_independent_decisions[0m
2026-09-10T18:23:11.9225741Z [32;1m        PASS[0m [   0.021s] (2349/2877) [35;1msparq-solid::decide[0m [34;1mdecide_scope_access_to_vs_default[0m
2026-09-10T18:23:11.9386071Z [32;1m        PASS[0m [   0.016s] (2350/2877) [35;1msparq-solid::decide[0m [34;1mfail_closed_absent_acl_is_denied_noacl[0m
2026-09-10T18:23:11.9558817Z [32;1m        PASS[0m [   0.017s] (2351/2877) [35;1msparq-solid::decide[0m [34;1mfail_closed_transient_on_malformed_resource_iri[0m
2026-09-10T18:23:12.0029602Z [32;1m        PASS[0m [   0.046s] (2352/2877) [35;1msparq-solid::decide_create_acl_guard[0m [34;1mappend_only_principal_cannot_mint_an_acl_document[0m
2026-09-10T18:23:12.0246003Z [32;1m        PASS[0m [   0.022s] (2353/2877) [35;1msparq-solid::decide_create_acl_guard[0m [34;1mfixture_actually_grants_the_attacker_append_on_the_container[0m
2026-09-10T18:23:12.0334973Z [32;1m        PASS[0m [   0.009s] (2354/2877) [35;1msparq-solid::decide_create_acl_guard[0m [34;1munmaterialized_view_fails_closed_for_both_benign_and_hostile_names[0m
2026-09-10T18:23:12.0426306Z [32;1m        PASS[0m [   0.009s] (2355/2877) [35;1msparq-solid::differential_oracle[0m [34;1moracle_flags_a_synthetic_disagreement[0m
2026-09-10T18:23:12.0497631Z [32;1m        PASS[0m [   0.007s] (2356/2877) [35;1msparq-solid::differential_oracle[0m [36mreference::tests[0m[36m::[0m[34;1mparses_a_literal_object[0m
2026-09-10T18:23:12.1436638Z [32;1m        PASS[0m [   0.094s] (2357/2877) [35;1msparq-solid::differential_oracle[0m [34;1mwac_differential_oracle_zero_divergence[0m
2026-09-10T18:23:12.2288560Z [32;1m        PASS[0m [   1.979s] (2358/2877) [35;1msparq-solid::containment_view_ownership[0m [34;1mmaterialization_preserves_pss_written_contains_verbatim[0m
2026-09-10T18:23:12.3153880Z [32;1m        PASS[0m [   0.085s] (2359/2877) [35;1msparq-solid::fail_closed_status_mapping[0m [34;1manonymous_definitive_deny_is_indistinguishable_from_authenticated[0m
2026-09-10T18:23:12.4111764Z [32;1m        PASS[0m [   0.097s] (2360/2877) [35;1msparq-solid::group_doc_remat[0m [34;1mgroup_doc_membership_revoke_rematerializes[0m
2026-09-10T18:23:13.1400217Z [32;1m        PASS[0m [   0.726s] (2361/2877) [35;1msparq-solid::hardening[0m [34;1mpair_delimiter_injection_is_rejected[0m
2026-09-10T18:23:14.1644840Z [32;1m        PASS[0m [   2.020s] (2362/2877) [35;1msparq-solid::e2e[0m [34;1mexplicit_named_graph_query_cannot_escape[0m
2026-09-10T18:23:14.2075860Z [32;1m        PASS[0m [   0.043s] (2363/2877) [35;1msparq-solid::incremental_remat[0m [34;1mcross_origin_foreign_subject_grant_revoke[0m
2026-09-10T18:23:14.7078589Z [32;1m        PASS[0m [   0.498s] (2364/2877) [35;1msparq-solid::incremental_remat[0m [34;1mscoped_writes_stay_equivalent_to_full_rebuild_after_every_step[0m
2026-09-10T18:23:14.7189588Z [32;1m        PASS[0m [   0.011s] (2365/2877) [35;1msparq-solid::rewrite_structural[0m [34;1mconstruct_and_describe_are_wrapped[0m
2026-09-10T18:23:14.7250016Z [32;1m        PASS[0m [   0.007s] (2366/2877) [35;1msparq-solid::rewrite_structural[0m [34;1mfilter_not_exists_nested_pattern_is_wrapped[0m
2026-09-10T18:23:14.7319565Z [32;1m        PASS[0m [   0.006s] (2367/2877) [35;1msparq-solid::rewrite_structural[0m [34;1mminus_wraps_both_operands[0m
2026-09-10T18:23:14.7389396Z [32;1m        PASS[0m [   0.006s] (2368/2877) [35;1msparq-solid::rewrite_structural[0m [34;1mprefix_lengthens_past_nested_collisions[0m
2026-09-10T18:23:14.7449510Z [32;1m        PASS[0m [   0.006s] (2369/2877) [35;1msparq-solid::rewrite_structural[0m [34;1mproperty_path_is_wrapped[0m
2026-09-10T18:23:14.7529967Z [32;1m        PASS[0m [   0.009s] (2370/2877) [35;1msparq-solid::rewrite_structural[0m [34;1mrewrite_for_intersects_existing_from_named[0m
2026-09-10T18:23:14.9963756Z [32;1m        PASS[0m [   1.858s] (2371/2877) [35;1msparq-solid::hardening[0m [34;1msentinel_graph_cannot_be_smuggled[0m
2026-09-10T18:23:16.6610401Z [32;1m        PASS[0m [   1.909s] (2372/2877) [35;1msparq-solid::union_default_graph[0m [34;1mbare_default_graph_pattern_is_empty_without_opt_in[0m
2026-09-10T18:23:17.0375838Z [32;1m        PASS[0m [   2.041s] (2373/2877) [35;1msparq-solid::union_default_graph[0m [34;1mopt_in_is_per_request_with_no_state_leak[0m
2026-09-10T18:23:18.4660091Z [32;1m        PASS[0m [   1.804s] (2374/2877) [35;1msparq-solid::union_default_graph[0m [34;1munion_default_opt_in_reproduces_authorized_union[0m
2026-09-10T18:23:18.9880087Z [32;1m        PASS[0m [   1.950s] (2375/2877) [35;1msparq-solid::update[0m [34;1malice_delete_with_write_succeeds[0m
2026-09-10T18:23:19.5144028Z [32;1m        PASS[0m [  32.296s] (2376/2877) [35;1msparq-server::wire_contract[0m [34;1mclass_429_concurrency_shed[0m
2026-09-10T18:23:20.8574637Z [32;1m        PASS[0m [   1.870s] (2377/2877) [35;1msparq-solid::update[0m [34;1mdefault_graph_write_denied[0m
2026-09-10T18:23:21.3918518Z [32;1m        PASS[0m [   1.877s] (2378/2877) [35;1msparq-solid::update[0m [34;1mgroup_write_grant_allows_carol_and_bob_not_dave[0m
2026-09-10T18:23:22.6930122Z [32;1m        PASS[0m [   1.833s] (2379/2877) [35;1msparq-solid::update[0m [34;1mnearest_acl_shadowing_denies_alice_in_team2[0m
2026-09-10T18:23:23.5319913Z [32;1m        PASS[0m [   2.137s] (2380/2877) [35;1msparq-solid::update[0m [34;1mthe_budget_cannot_turn_a_denial_into_a_write[0m
2026-09-10T18:23:24.1020246Z [32;1m        PASS[0m [   5.634s] (2381/2877) [35;1msparq-solid::update[0m [34;1man_unlimited_budget_is_the_unbudgeted_write_path[0m
2026-09-10T18:23:25.8394959Z [32;1m        PASS[0m [   3.149s] (2382/2877) [35;1msparq-solid::update[0m [34;1mvar_graph_precise_allows_authorized_subset[0m
2026-09-10T18:23:26.7730269Z [32;1m        PASS[0m [   3.243s] (2383/2877) [35;1msparq-solid::update[0m [34;1mvar_graph_precise_insert_authorized_subset_succeeds[0m
2026-09-10T18:23:27.7074445Z [32;1m        PASS[0m [   3.607s] (2384/2877) [35;1msparq-solid::update[0m [34;1mvar_graph_with_clause_precise_still_denies_unwritable_binding[0m
2026-09-10T18:23:27.7539894Z [32;1m        PASS[0m [   0.047s] (2385/2877) [35;1msparq-solid::write_through[0m [34;1mdelete_absent_acl_is_noop_success[0m
2026-09-10T18:23:27.7954428Z [32;1m        PASS[0m [   0.041s] (2386/2877) [35;1msparq-solid::write_through[0m [34;1mput_acl_acp_creates_and_takes_effect[0m
2026-09-10T18:23:27.8370152Z [32;1m        PASS[0m [   0.041s] (2387/2877) [35;1msparq-solid::write_through[0m [34;1mput_acl_rejects_non_control_iri[0m
2026-09-10T18:23:27.8449847Z [32;1m        PASS[0m [   0.008s] (2388/2877) [35;1msparq-substrate[0m [36mcompare::tests[0m[36m::[0m[34;1mcross_class_precedence[0m
2026-09-10T18:23:27.8504626Z [32;1m        PASS[0m [   0.005s] (2389/2877) [35;1msparq-substrate[0m [36mcompare::tests[0m[36m::[0m[34;1mf64_collapse_recheck_orders_high_precision_decimals[0m
2026-09-10T18:23:27.8554018Z [32;1m        PASS[0m [   0.005s] (2390/2877) [35;1msparq-substrate[0m [36mcompare::tests[0m[36m::[0m[34;1mstring_fallback_when_no_numeric_and_no_strict[0m
2026-09-10T18:23:27.8621166Z [32;1m        PASS[0m [   0.007s] (2391/2877) [35;1msparq-substrate[0m [36mcompare::tests[0m[36m::[0m[34;1mwithin_class_error_is_equal[0m
2026-09-10T18:23:27.8686466Z [32;1m        PASS[0m [   0.006s] (2392/2877) [35;1msparq-substrate[0m [36mcompare::tests[0m[36m::[0m[34;1mwitness3_nan_now_totalised_first_among_numerics[0m
2026-09-10T18:23:27.8801068Z [32;1m        PASS[0m [   0.008s] (2393/2877) [35;1msparq-substrate[0m [36mjoin::delta::tests[0m[36m::[0m[34;1mbuild_extend_equivalent_to_static_build_over_concatenated_rows[0m
2026-09-10T18:23:27.8840500Z [32;1m        PASS[0m [   0.006s] (2394/2877) [35;1msparq-substrate[0m [36mjoin::delta::tests[0m[36m::[0m[34;1mextend_appends_delta_rows_in_order[0m
2026-09-10T18:23:27.8919438Z [32;1m        PASS[0m [   0.007s] (2395/2877) [35;1msparq-substrate[0m [36mjoin::delta::tests[0m[36m::[0m[34;1mprobe_emit_budget_cooperative_cancel_with_control[0m
2026-09-10T18:23:27.8973750Z [32;1m        PASS[0m [   0.006s] (2396/2877) [35;1msparq-substrate[0m [36mjoin::delta::tests[0m[36m::[0m[34;1mprobe_emit_empty_table_emits_nothing[0m
2026-09-10T18:23:27.9049699Z [32;1m        PASS[0m [   0.006s] (2397/2877) [35;1msparq-substrate[0m [36mjoin::delta::tests[0m[36m::[0m[34;1mprobe_emit_passes_probe_row_to_closure[0m
2026-09-10T18:23:27.9099993Z [32;1m        PASS[0m [   0.006s] (2398/2877) [35;1msparq-substrate[0m [36mjoin::tests[0m[36m::[0m[34;1many_unbound_detects_an_unbound_column[0m
2026-09-10T18:23:27.9169584Z [32;1m        PASS[0m [   0.007s] (2399/2877) [35;1msparq-substrate[0m [36mjoin::tests[0m[36m::[0m[34;1mbuild_partitioned_covers_all_rows_across_the_radix_maps[0m
2026-09-10T18:23:27.9239429Z [32;1m        PASS[0m [   0.006s] (2400/2877) [35;1msparq-substrate[0m [36mjoin::tests[0m[36m::[0m[34;1mhash_probe_serial_budget_truncates_after_the_cap[0m
2026-09-10T18:23:27.9286725Z [32;1m        PASS[0m [   0.006s] (2401/2877) [35;1msparq-substrate[0m [36mjoin::tests[0m[36m::[0m[34;1mkey_hash_distinct_keys_produce_distinct_hashes[0m
2026-09-10T18:23:27.9370788Z [32;1m        PASS[0m [   0.009s] (2402/2877) [35;1msparq-substrate[0m [36mjoin::tests[0m[36m::[0m[34;1mlftj_k2_different_start_keys_reaches_search_advance[0m
2026-09-10T18:23:27.9469538Z [32;1m        PASS[0m [   0.009s] (2403/2877) [35;1msparq-substrate[0m [36mjoin::tests[0m[36m::[0m[34;1mlftj_k3_three_way_intersection[0m
2026-09-10T18:23:27.9539590Z [32;1m        PASS[0m [   0.006s] (2404/2877) [35;1msparq-substrate[0m [36mjoin::tests[0m[36m::[0m[34;1mlftj_two_relations_triangle_edge[0m
2026-09-10T18:23:27.9577563Z [32;1m        PASS[0m [   0.006s] (2405/2877) [35;1msparq-substrate[0m [36mjoin::tests[0m[36m::[0m[34;1mmerge_join_respects_extra_shared[0m
2026-09-10T18:23:27.9636029Z [32;1m        PASS[0m [   0.006s] (2406/2877) [35;1msparq-substrate[0m [36mjoin::tests[0m[36m::[0m[34;1mmerge_rows_keeps_a_bound_left_and_appends_right_only[0m
2026-09-10T18:23:27.9718964Z [32;1m        PASS[0m [   0.007s] (2407/2877) [35;1msparq-substrate[0m [36mjoin::tests[0m[36m::[0m[34;1mprobe_emit_multi_partition_finds_the_matching_build_row[0m
2026-09-10T18:23:27.9774591Z [32;1m        PASS[0m [   0.007s] (2408/2877) [35;1msparq-substrate[0m [36mjoin::tests[0m[36m::[0m[34;1mprobe_gather_indices_result_equivalent_to_probe_emit_indices[0m
2026-09-10T18:23:27.9859737Z [32;1m        PASS[0m [   0.006s] (2409/2877) [35;1msparq-substrate[0m [36mjoin::tests[0m[36m::[0m[34;1mprobe_table_preserves_serial_partitioned_and_fallback_selection[0m
2026-09-10T18:23:27.9919542Z [32;1m        PASS[0m [   0.006s] (2410/2877) [35;1msparq-substrate[0m [36mjoin::tests[0m[36m::[0m[34;1msingle_column_key_is_byte_identical_to_the_general_collect[0m
2026-09-10T18:23:27.9979649Z [32;1m        PASS[0m [   0.006s] (2411/2877) [35;1msparq-substrate[0m [36mnumeric::tests[0m[36m::[0m[34;1mcanonical_lexical_is_always_scientific_for_floats[0m
2026-09-10T18:23:28.0014794Z [32;1m        PASS[0m [   0.006s] (2412/2877) [35;1msparq-substrate[0m [36mnumeric::tests[0m[36m::[0m[34;1mcmp_plain_decimal_negative_vs_positive_same_magnitude[0m
2026-09-10T18:23:28.0099691Z [32;1m        PASS[0m [   0.006s] (2413/2877) [35;1msparq-substrate[0m [36mnumeric::tests[0m[36m::[0m[34;1mcmp_relational_integer_and_decimal_vs_float_compare_in_the_float_tier[0m
2026-09-10T18:23:28.0159783Z [32;1m        PASS[0m [   0.006s] (2414/2877) [35;1msparq-substrate[0m [36mnumeric::tests[0m[36m::[0m[34;1mcmp_total_decimal_vs_double_refines_the_f64_tie[0m
2026-09-10T18:23:28.0219407Z [32;1m        PASS[0m [   0.006s] (2415/2877) [35;1msparq-substrate[0m [36mnumeric::tests[0m[36m::[0m[34;1mdec_checked_add_sub_mul_and_align_overflow[0m
2026-09-10T18:23:28.0279478Z [32;1m        PASS[0m [   0.006s] (2416/2877) [35;1msparq-substrate[0m [36mnumeric::tests[0m[36m::[0m[34;1mdec_checked_div_nonterminating_rounds_half_up[0m
2026-09-10T18:23:28.0339673Z [32;1m        PASS[0m [   0.006s] (2417/2877) [35;1msparq-substrate[0m [36mnumeric::tests[0m[36m::[0m[34;1mdec_cmp_total_order_across_scales[0m
2026-09-10T18:23:28.0399299Z [32;1m        PASS[0m [   0.006s] (2418/2877) [35;1msparq-substrate[0m [36mnumeric::tests[0m[36m::[0m[34;1mdec_lexical_fraction_and_integer_part[0m
2026-09-10T18:23:28.0459339Z [32;1m        PASS[0m [   0.006s] (2419/2877) [35;1msparq-substrate[0m [36mnumeric::tests[0m[36m::[0m[34;1mdec_parse_rejects_malformed[0m
2026-09-10T18:23:28.0499623Z [32;1m        PASS[0m [   0.006s] (2420/2877) [35;1msparq-substrate[0m [36mnumeric::tests[0m[36m::[0m[34;1mdecimal_keeps_exact_fixed_point_and_written_scale[0m
2026-09-10T18:23:28.0559333Z [32;1m        PASS[0m [   0.006s] (2421/2877) [35;1msparq-substrate[0m [36mnumeric::tests[0m[36m::[0m[34;1mf64_exact_decimal_is_the_exact_expansion[0m
2026-09-10T18:23:28.0649416Z [32;1m        PASS[0m [   0.006s] (2422/2877) [35;1msparq-substrate[0m [36mnumeric::tests[0m[36m::[0m[34;1mfmt_xsd_double_boundary_at_1e15_is_scientific[0m
2026-09-10T18:23:28.0709403Z [32;1m        PASS[0m [   0.007s] (2423/2877) [35;1msparq-substrate[0m [36mnumeric::tests[0m[36m::[0m[34;1mfractional_integer_lexical_is_ill_formed[0m
2026-09-10T18:23:28.0766806Z [32;1m        PASS[0m [   0.006s] (2424/2877) [35;1msparq-substrate[0m [36mnumeric::tests[0m[36m::[0m[34;1mlanguage_tagged_and_non_numeric_are_not_numeric[0m
2026-09-10T18:23:28.0829376Z [32;1m        PASS[0m [   0.007s] (2425/2877) [35;1msparq-substrate[0m [36mnumeric::tests[0m[36m::[0m[34;1mnum_binop_div_is_decimal_and_zero_divisor_is_error[0m
2026-09-10T18:23:28.0889510Z [32;1m        PASS[0m [   0.006s] (2426/2877) [35;1msparq-substrate[0m [36mnumeric::tests[0m[36m::[0m[34;1mnum_binop_float_promotion_of_integer_is_bit_exact[0m
2026-09-10T18:23:28.0949409Z [32;1m        PASS[0m [   0.006s] (2427/2877) [35;1msparq-substrate[0m [36mnumeric::tests[0m[36m::[0m[34;1mnum_canonical_lexical_float_and_specials[0m
2026-09-10T18:23:28.1009261Z [32;1m        PASS[0m [   0.006s] (2428/2877) [35;1msparq-substrate[0m [36mnumeric::tests[0m[36m::[0m[34;1mnum_datatype_all_variants[0m
2026-09-10T18:23:28.1065359Z [32;1m        PASS[0m [   0.006s] (2429/2877) [35;1msparq-substrate[0m [36mnumeric::tests[0m[36m::[0m[34;1mnum_f64_all_variants[0m
2026-09-10T18:23:28.1119432Z [32;1m        PASS[0m [   0.006s] (2430/2877) [35;1msparq-substrate[0m [36mnumeric::tests[0m[36m::[0m[34;1mnum_lexical_float_at_1e15_f32_boundary_is_scientific[0m
2026-09-10T18:23:28.1179462Z [32;1m        PASS[0m [   0.006s] (2431/2877) [35;1msparq-substrate[0m [36mnumeric::tests[0m[36m::[0m[34;1mnum_rank_orders_the_promotion_tower[0m
2026-09-10T18:23:28.1239385Z [32;1m        PASS[0m [   0.006s] (2432/2877) [35;1msparq-substrate[0m [36mnumeric::tests[0m[36m::[0m[34;1mparse_xsd_f32_is_single_rounded_bit_exact[0m
2026-09-10T18:23:28.1299342Z [32;1m        PASS[0m [   0.006s] (2433/2877) [35;1msparq-substrate[0m [36mnumeric::tests[0m[36m::[0m[34;1mround_float_tier_half_up_towards_pos_inf[0m
2026-09-10T18:23:28.1359451Z [32;1m        PASS[0m [   0.006s] (2434/2877) [35;1msparq-substrate[0m [36mnumeric::tests[0m[36m::[0m[34;1msplit_decimal_normalises_zeros[0m
2026-09-10T18:23:28.1419369Z [32;1m        PASS[0m [   0.006s] (2435/2877) [35;1msparq-substrate[0m [36mrows::tests[0m[36m::[0m[34;1mkey_is_inline_until_two_columns[0m
2026-09-10T18:23:28.1630000Z [32;1m        PASS[0m [   0.016s] (2436/2877) [35;1msparq-substrate::proptest_order_numeric[0m [36mdec_order[0m[36m::[0m[34;1mnegative_mantissa_cmp_is_reflexive_and_antisymmetric[0m
2026-09-10T18:23:28.2894295Z [32;1m        PASS[0m [   2.450s] (2437/2877) [35;1msparq-solid::update[0m [34;1mwrite_with_permission_succeeds_and_mutates[0m
2026-09-10T18:23:28.4461768Z [32;1m        PASS[0m [   0.286s] (2438/2877) [35;1msparq-substrate::proptest_order_numeric[0m [36morder_numeric[0m[36m::[0m[34;1mprop_binop_promotion_rank[0m
2026-09-10T18:23:28.6270331Z [32;1m        PASS[0m [   0.335s] (2439/2877) [35;1msparq-substrate::proptest_order_numeric[0m [36morder_numeric[0m[36m::[0m[34;1mprop_num_cmp_total_agrees_with_reference[0m
2026-09-10T18:23:29.0144559Z [32;1m        PASS[0m [   0.570s] (2440/2877) [35;1msparq-substrate::proptest_order_numeric[0m [36morder_numeric[0m[36m::[0m[34;1mprop_num_cmp_total_transitive[0m
2026-09-10T18:23:29.0248364Z [32;1m        PASS[0m [   0.010s] (2441/2877) [35;1msparq-substrate::proptest_order_numeric[0m [36morder_numeric[0m[36m::[0m[34;1mtargeted_nan_triple_transitivity[0m
2026-09-10T18:23:29.0330605Z [32;1m        PASS[0m [   0.006s] (2442/2877) [35;1msparq-substrate::proptest_order_numeric[0m [36morder_numeric[0m[36m::[0m[34;1mtargeted_term_class_precedence[0m
2026-09-10T18:23:29.0649760Z [32;1m        PASS[0m [   2.292s] (2443/2877) [35;1msparq-solid::wac[0m [34;1mwac_expected_access_matrix[0m
2026-09-10T18:23:29.4947720Z [32;1m        PASS[0m [   0.870s] (2444/2877) [35;1msparq-substrate::proptest_order_numeric[0m [36morder_numeric[0m[36m::[0m[34;1mprop_transitivity[0m
2026-09-10T18:23:29.7046691Z [32;1m        PASS[0m [   0.673s] (2445/2877) [35;1msparq-substrate::bench/substrate[0m [34;1mhash_build/1000[0m
2026-09-10T18:23:29.9297954Z [32;1m        PASS[0m [   0.864s] (2446/2877) [35;1msparq-substrate::bench/substrate[0m [34;1mhash_probe/1000[0m
2026-09-10T18:23:30.3525277Z [32;1m        PASS[0m [   0.857s] (2447/2877) [35;1msparq-substrate::bench/substrate[0m [34;1mlftj_intersection_k3/10000[0m
2026-09-10T18:23:30.5849993Z [32;1m        PASS[0m [   0.877s] (2448/2877) [35;1msparq-substrate::bench/substrate[0m [34;1mlftj_triangle/100[0m
2026-09-10T18:23:30.5890966Z [32;1m        PASS[0m [   0.007s] (2449/2877) [35;1msparq-terse[0m [36mkeyword::tests[0m[36m::[0m[34;1mlegend_names_are_unique_and_iris_valid[0m
2026-09-10T18:23:30.5952005Z [32;1m        PASS[0m [   0.006s] (2450/2877) [35;1msparq-terse[0m [36mresolve::tests[0m[36m::[0m[34;1mmethod_tags_are_stable[0m
2026-09-10T18:23:30.6018544Z [32;1m        PASS[0m [   0.006s] (2451/2877) [35;1msparq-terse[0m [36mtranspile::tests[0m[36m::[0m[34;1mcanary_accepts_update[0m
2026-09-10T18:23:30.6075061Z [32;1m        PASS[0m [   0.006s] (2452/2877) [35;1msparq-terse[0m [36mtranspile::tests[0m[36m::[0m[34;1mglued_v_is_not_a_construct[0m
2026-09-10T18:23:30.6135329Z [32;1m        PASS[0m [   0.006s] (2453/2877) [35;1msparq-terse[0m [36mtranspile::tests[0m[36m::[0m[34;1mkeyword_expands_to_canonical_iri_and_echoes[0m
2026-09-10T18:23:30.6197035Z [32;1m        PASS[0m [   0.006s] (2454/2877) [35;1msparq-terse[0m [36mtranspile::tests[0m[36m::[0m[34;1munknown_keyword_is_a_loud_error_with_suggestions[0m
2026-09-10T18:23:30.6255992Z [32;1m        PASS[0m [   0.006s] (2455/2877) [35;1msparq-terse[0m [36mtranspile::tests[0m[36m::[0m[34;1mv_escapes_are_unescaped[0m
2026-09-10T18:23:30.6318625Z [32;1m        PASS[0m [   0.006s] (2456/2877) [35;1msparq-terse[0m [36mtranspile::tests[0m[36m::[0m[34;1mv_inside_an_iri_is_not_a_construct[0m
2026-09-10T18:23:30.6377898Z [32;1m        PASS[0m [   0.006s] (2457/2877) [35;1msparq-terse::error_contract[0m [34;1mkeyword_text_inside_literal_is_data[0m
2026-09-10T18:23:30.6441114Z [32;1m        PASS[0m [   0.006s] (2458/2877) [35;1msparq-terse::error_contract[0m [34;1mvector_phrase_requires_opt_in_feature[0m
2026-09-10T18:23:30.6709950Z [32;1m        PASS[0m [   0.027s] (2459/2877) [35;1msparq-terse::proptest_keyword[0m [34;1munknown_keywords_and_real_k_prefixes_fail_closed[0m
2026-09-10T18:23:30.6768963Z [32;1m        PASS[0m [   0.006s] (2460/2877) [35;1msparq-text[0m [36mtokenize::tests[0m[36m::[0m[34;1mngram_agrees_with_default_on_non_cjk[0m
2026-09-10T18:23:30.6830277Z [32;1m        PASS[0m [   0.006s] (2461/2877) [35;1msparq-text[0m [36mtokenize::tests[0m[36m::[0m[34;1mngram_query_bigrams_are_never_prefix[0m
2026-09-10T18:23:30.6886663Z [32;1m        PASS[0m [   0.006s] (2462/2877) [35;1msparq-text[0m [36mtokenize::tests[0m[36m::[0m[34;1mnumbers_are_tokens[0m
2026-09-10T18:23:30.6943483Z [32;1m        PASS[0m [   0.006s] (2463/2877) [35;1msparq-text[0m [36mtokenize::tests[0m[36m::[0m[34;1municode_case_folding[0m
2026-09-10T18:23:30.7018676Z [32;1m        PASS[0m [   0.007s] (2464/2877) [35;1msparq-text::analyzer_edges[0m [34;1mchurned_delete_readd_matches_rebuild[0m
2026-09-10T18:23:30.7091078Z [32;1m        PASS[0m [   0.007s] (2465/2877) [35;1msparq-text::analyzer_edges[0m [34;1mdelete_then_readd_leaves_no_orphan_postings[0m
2026-09-10T18:23:30.8012733Z [32;1m        PASS[0m [   0.091s] (2466/2877) [35;1msparq-text::bm25_metamorph[0m [34;1mbuild_order_invariant_ranking[0m
2026-09-10T18:23:30.8130775Z [32;1m        PASS[0m [   0.010s] (2467/2877) [35;1msparq-text::bm25_oracle[0m [34;1mbm25_hand_pinned_cross_check[0m
2026-09-10T18:23:30.8237048Z [32;1m        PASS[0m [   0.012s] (2468/2877) [35;1msparq-text::cjk_ngram[0m [34;1mngram_agrees_with_default_on_latin_corpus[0m
2026-09-10T18:23:30.8345300Z [32;1m        PASS[0m [   0.010s] (2469/2877) [35;1msparq-text::cjk_ngram[0m [34;1mngram_index_drives_text_matches_rewrite[0m
2026-09-10T18:23:30.8465540Z [32;1m        PASS[0m [   0.012s] (2470/2877) [35;1msparq-text::cjk_ngram[0m [34;1mngram_three_char_term_is_and_of_its_bigrams[0m
2026-09-10T18:23:30.8541068Z [32;1m        PASS[0m [   0.007s] (2471/2877) [35;1msparq-text::complete[0m [34;1mdefault_index_introspection_is_empty[0m
2026-09-10T18:23:30.8630839Z [32;1m        PASS[0m [   0.009s] (2472/2877) [35;1msparq-text::complete_delta[0m [34;1mreconcile_growth_equals_fresh_build_and_reports_work[0m
2026-09-10T18:23:30.9827881Z [32;1m        PASS[0m [   0.119s] (2473/2877) [35;1msparq-text::delta[0m [34;1mincremental_equals_rebuilt_after_random_deltas[0m
2026-09-10T18:23:30.9907234Z [32;1m        PASS[0m [   1.061s] (2474/2877) [35;1msparq-substrate::bench/substrate[0m [34;1mmerge_join/1000[0m
2026-09-10T18:23:30.9959111Z [32;1m        PASS[0m [   0.013s] (2475/2877) [35;1msparq-text::e2e[0m [34;1mmagic_pattern_inside_optional_and_no_match[0m
2026-09-10T18:23:31.0008813Z [32;1m        PASS[0m [   0.010s] (2476/2877) [35;1msparq-text::e2e[0m [34;1mnear_without_positions_errors[0m
2026-09-10T18:23:31.0076379Z [32;1m        PASS[0m [   0.011s] (2477/2877) [35;1msparq-text::e2e[0m [34;1mphrase_without_positions_errors[0m
2026-09-10T18:23:31.0123333Z [32;1m        PASS[0m [   0.011s] (2478/2877) [35;1msparq-text::e2e[0m [34;1mscore_variable_and_order_by[0m
2026-09-10T18:23:31.0175004Z [32;1m        PASS[0m [   0.010s] (2479/2877) [35;1msparq-text::index[0m [34;1mbm25_ordering[0m
2026-09-10T18:23:31.0203539Z [32;1m        PASS[0m [   0.008s] (2480/2877) [35;1msparq-text::index[0m [34;1mempty_inputs[0m
2026-09-10T18:23:31.0264086Z [32;1m        PASS[0m [   0.009s] (2481/2877) [35;1msparq-text::index[0m [34;1mor_semantics[0m
2026-09-10T18:23:31.0348518Z [32;1m        PASS[0m [   0.008s] (2482/2877) [35;1msparq-text::phrase[0m [34;1mempty_phrase_matches_nothing[0m
2026-09-10T18:23:31.0423167Z [32;1m        PASS[0m [   0.007s] (2483/2877) [35;1msparq-text::phrase[0m [34;1mnear_honours_the_analyzer[0m
2026-09-10T18:23:31.0514865Z [32;1m        PASS[0m [   0.009s] (2484/2877) [35;1msparq-text::phrase[0m [34;1mnear_slop_boundary_is_inclusive[0m
2026-09-10T18:23:31.0650465Z [32;1m        PASS[0m [   0.011s] (2485/2877) [35;1msparq-text::phrase[0m [34;1mnear_uses_the_tightest_occurrence_for_the_score[0m
2026-09-10T18:23:31.0725582Z [32;1m        PASS[0m [   0.010s] (2486/2877) [35;1msparq-text::phrase[0m [34;1morder_is_significant[0m
2026-09-10T18:23:31.1729960Z [32;1m        PASS[0m [   0.100s] (2487/2877) [35;1msparq-text::phrase[0m [34;1mphrase_without_positions_panics[0m
2026-09-10T18:23:31.1769878Z [32;1m        PASS[0m [   0.155s] (2488/2877) [35;1msparq-text::oracle[0m [34;1mbrute_force_oracle_over_random_documents[0m
2026-09-10T18:23:31.1824998Z [32;1m        PASS[0m [   0.007s] (2489/2877) [35;1msparq-text::reconcile[0m [34;1mempty_index_marker_is_zero_and_inconsistent_once_graph_grows[0m
2026-09-10T18:23:31.1854353Z [32;1m        PASS[0m [   0.012s] (2490/2877) [35;1msparq-text::phrase[0m [34;1mrepeated_token_phrase[0m
2026-09-10T18:23:31.1923645Z [32;1m        PASS[0m [   0.010s] (2491/2877) [35;1msparq-text::reconcile[0m [34;1mreconcile_idempotent_when_already_current[0m
2026-09-10T18:23:31.2070995Z [32;1m        PASS[0m [   0.014s] (2492/2877) [35;1msparq-text::rewrite_paths[0m [34;1mambiguous_text_slop_over_two_matches_errors[0m
2026-09-10T18:23:31.2176239Z [32;1m        PASS[0m [   0.010s] (2493/2877) [35;1msparq-text::rewrite_paths[0m [34;1mduplicate_text_score_errors[0m
2026-09-10T18:23:31.2297347Z [32;1m        PASS[0m [   0.012s] (2494/2877) [35;1msparq-text::rewrite_paths[0m [34;1mproperty_path_passes_through_while_bgp_is_rewritten[0m
2026-09-10T18:23:31.2394764Z [32;1m        PASS[0m [   0.888s] (2495/2877) [35;1msparq-substrate::bench/substrate[0m [34;1mnum_arithmetic/double_add[0m
2026-09-10T18:23:31.2405205Z [32;1m        PASS[0m [   0.010s] (2496/2877) [35;1msparq-text::rewrite_paths[0m [34;1mwith_budget_max_rows_is_enforced_through_the_rewrite[0m
2026-09-10T18:23:31.2472916Z [32;1m        PASS[0m [   0.006s] (2497/2877) [35;1msparq-text::example/bench_text[0m [36mtests[0m[36m::[0m[34;1mjson_str_escapes[0m
2026-09-10T18:23:31.2529016Z [32;1m        PASS[0m [   0.011s] (2498/2877) [35;1msparq-text-wasm[0m [36mtests[0m[36m::[0m[34;1mmatches_and_score_selects_the_fox[0m
2026-09-10T18:23:31.2569533Z [32;1m        PASS[0m [   0.007s] (2499/2877) [35;1msparq-trust[0m [36madmit::tests[0m[36m::[0m[34;1mscope_covers_exact_and_container[0m
2026-09-10T18:23:31.2590567Z [32;1m        PASS[0m [   0.007s] (2500/2877) [35;1msparq-trust[0m [36mframework_vocab::tests[0m[36m::[0m[34;1mall_constants_are_in_a_known_namespace[0m
2026-09-10T18:23:31.2629716Z [32;1m        PASS[0m [   0.007s] (2501/2877) [35;1msparq-trust[0m [36mframework_vocab::tests[0m[36m::[0m[34;1mcertification_scope_does_not_collide_with_trust_scope[0m
2026-09-10T18:23:31.2685261Z [32;1m        PASS[0m [   0.008s] (2502/2877) [35;1msparq-trust[0m [36mframework_vocab::tests[0m[36m::[0m[34;1mframework_ttl_iris_match_rust_constants[0m
2026-09-10T18:23:31.2709619Z [32;1m        PASS[0m [   0.011s] (2503/2877) [35;1msparq-trust[0m [36mframework_vocab::tests[0m[36m::[0m[34;1mextends_trust_without_redeclaring_its_terms[0m
2026-09-10T18:23:31.2760921Z [32;1m        PASS[0m [   0.007s] (2504/2877) [35;1msparq-trust[0m [36mframework_vocab::tests[0m[36m::[0m[34;1mstatus_attestation_iris_are_stable[0m
2026-09-10T18:23:31.2860864Z [32;1m        PASS[0m [   0.010s] (2505/2877) [35;1msparq-trust[0m [36mgraph::tests[0m[36m::[0m[34;1mis_selection_edge_flags_implicit_class_typing_not_nodeshape[0m
2026-09-10T18:23:31.2870873Z [32;1m        PASS[0m [   0.102s] (2506/2877) [35;1msparq-text::reconcile[0m [34;1mshorter_dictionary_needs_rebuild_and_panics_reconcile[0m
2026-09-10T18:23:31.2947542Z [32;1m        PASS[0m [   0.007s] (2507/2877) [35;1msparq-trust[0m [36mgraph::tests[0m[36m::[0m[34;1mselection_edges_collects_only_root_targets[0m
2026-09-10T18:23:31.2960109Z [32;1m        PASS[0m [   0.009s] (2508/2877) [35;1msparq-trust[0m [36mgraph::tests[0m[36m::[0m[34;1mmonotone_gate_rejects_every_nonmonotone_and_unknown_predicate[0m
2026-09-10T18:23:31.3026988Z [32;1m        PASS[0m [   0.007s] (2509/2877) [35;1msparq-trust[0m [36mpolicy::tests[0m[36m::[0m[34;1mnegative_durations_are_rejected[0m
2026-09-10T18:23:31.3055077Z [32;1m        PASS[0m [   0.010s] (2510/2877) [35;1msparq-trust[0m [36mgraph::tests[0m[36m::[0m[34;1mzero_certifications_is_direct_rules_verbatim[0m
2026-09-10T18:23:31.3184086Z [32;1m        PASS[0m [   0.016s] (2511/2877) [35;1msparq-trust[0m [36mpolicy::tests[0m[36m::[0m[34;1mtrusts_source_for_fans_out_one_rule_per_statement_type[0m
2026-09-10T18:23:31.3250500Z [32;1m        PASS[0m [   0.018s] (2512/2877) [35;1msparq-trust[0m [36mpolicy::tests[0m[36m::[0m[34;1mtrusts_source_for_node_shape_carries_its_closure[0m
2026-09-10T18:23:31.3275002Z [32;1m        PASS[0m [   0.009s] (2513/2877) [35;1msparq-trust[0m [36mpolicy::tests[0m[36m::[0m[34;1mungated_policy_is_rejected_fail_closed[0m
2026-09-10T18:23:31.3312709Z [32;1m        PASS[0m [   0.008s] (2514/2877) [35;1msparq-trust[0m [36mvocab::tests[0m[36m::[0m[34;1mtwo_desugarings_use_distinct_fresh_shape_nodes[0m
2026-09-10T18:23:31.3361223Z [32;1m        PASS[0m [   0.009s] (2515/2877) [35;1msparq-trust[0m [36mwire::tests[0m[36m::[0m[34;1mconditional_grant_age_16_denies[0m
2026-09-10T18:23:31.3397067Z [32;1m        PASS[0m [   0.008s] (2516/2877) [35;1msparq-trust[0m [36mwire::tests[0m[36m::[0m[34;1mnothing_admitted_derives_nothing[0m
2026-09-10T18:23:31.3510901Z [32;1m        PASS[0m [   0.082s] (2517/2877) [35;1msparq-trust[0m [36mgraph::tests[0m[36m::[0m[34;1mbroadening_cert_inside_sh_not_is_rejected_fail_closed[0m
2026-09-10T18:23:31.3688380Z [32;1m        PASS[0m [   0.033s] (2518/2877) [35;1msparq-trust::age_over_18_e2e[0m [34;1mage_16_admitted_but_rule_denies[0m
2026-09-10T18:23:31.3736158Z [32;1m        PASS[0m [   0.034s] (2519/2877) [35;1msparq-trust::age_over_18_e2e[0m [34;1mout_of_scope_laundered_predicate_is_not_admitted[0m
2026-09-10T18:23:31.3846533Z [32;1m        PASS[0m [   0.033s] (2520/2877) [35;1msparq-trust::age_over_18_e2e[0m [34;1mstale_credential_is_rejected[0m
2026-09-10T18:23:31.4026763Z [32;1m        PASS[0m [   0.034s] (2521/2877) [35;1msparq-trust::age_over_18_e2e[0m [34;1mstatic_admission_is_session_independent_and_carries_dynamic_conditions[0m
2026-09-10T18:23:31.4060427Z [32;1m        PASS[0m [   0.030s] (2522/2877) [35;1msparq-trust::age_over_18_e2e[0m [34;1muntrusted_issuer_is_not_admitted_no_access[0m
2026-09-10T18:23:31.4299489Z [32;1m        PASS[0m [   0.025s] (2523/2877) [35;1msparq-trust::certification_graph_e2e[0m [34;1mcertifier_named_with_wrong_key_is_denied[0m
2026-09-10T18:23:31.4448819Z [32;1m        PASS[0m [   0.060s] (2524/2877) [35;1msparq-trust::certification_graph_e2e[0m [34;1madditive_target_predicate_cert_is_denied_as_broadening[0m
2026-09-10T18:23:31.4573847Z [32;1m        PASS[0m [   0.055s] (2525/2877) [35;1msparq-trust::certification_graph_e2e[0m [34;1mattribute_scoped_issuer_cannot_meta_escalate_to_certify_another_issuer[0m
2026-09-10T18:23:31.4839511Z [32;1m        PASS[0m [   0.024s] (2526/2877) [35;1msparq-trust::certification_graph_e2e[0m [34;1mno_matching_anchor_is_denied[0m
2026-09-10T18:23:31.4841370Z [32;1m        PASS[0m [   0.038s] (2527/2877) [35;1msparq-trust::certification_graph_e2e[0m [34;1minverted_window_certification_is_denied[0m
2026-09-10T18:23:31.5279823Z [32;1m        PASS[0m [   0.044s] (2528/2877) [35;1msparq-trust::certification_graph_e2e[0m [34;1mpartial_shape_dropping_an_anchor_constraint_is_denied[0m
2026-09-10T18:23:31.5319069Z [32;1m        PASS[0m [   0.100s] (2529/2877) [35;1msparq-trust::certification_graph_e2e[0m [34;1mevery_derived_rule_target_set_is_subset_of_the_anchor_target_set[0m
2026-09-10T18:23:31.5369522Z [32;1m        PASS[0m [   0.051s] (2530/2877) [35;1msparq-trust::certification_graph_e2e[0m [34;1mscope_broadening_shape_cert_is_denied[0m
2026-09-10T18:23:31.5779730Z [32;1m        PASS[0m [   0.047s] (2531/2877) [35;1msparq-trust::delegation_replay[0m [34;1mbroken_chain_link_is_denied[0m
2026-09-10T18:23:31.5899529Z [32;1m        PASS[0m [   0.063s] (2532/2877) [35;1msparq-trust::certification_graph_e2e[0m [34;1mun_modelled_selection_predicate_cert_fails_closed[0m
2026-09-10T18:23:31.5989449Z [32;1m        PASS[0m [   0.061s] (2533/2877) [35;1msparq-trust::delegation_replay[0m [34;1mexpired_terminal_hop_is_denied[0m
2026-09-10T18:23:31.6416707Z [32;1m        PASS[0m [   0.065s] (2534/2877) [35;1msparq-trust::delegation_replay[0m [34;1mintersection_binds_the_current_delegator_grant_not_a_snapshot[0m
2026-09-10T18:23:31.6446256Z [32;1m        PASS[0m [   0.055s] (2535/2877) [35;1msparq-trust::delegation_replay[0m [34;1mout_of_scope_target_is_denied[0m
2026-09-10T18:23:31.6591620Z [32;1m        PASS[0m [   0.063s] (2536/2877) [35;1msparq-trust::delegation_replay[0m [34;1mrevoked_current_delegator_grant_yields_no_effective_authority[0m
2026-09-10T18:23:31.7087323Z [32;1m        PASS[0m [   0.064s] (2537/2877) [35;1msparq-trust::explain_edge_transparency[0m [34;1madditive_target_scope_explains_broadening[0m
2026-09-10T18:23:31.7159421Z [32;1m        PASS[0m [   0.072s] (2538/2877) [35;1msparq-trust::delegation_replay[0m [34;1mstolen_chain_without_the_terminal_key_is_denied[0m
2026-09-10T18:23:31.7243604Z [32;1m        PASS[0m [   0.063s] (2539/2877) [35;1msparq-trust::explain_edge_transparency[0m [34;1mbroader_scope_than_anchor_explains_broadening[0m
2026-09-10T18:23:31.7359649Z [32;1m        PASS[0m [   0.027s] (2540/2877) [35;1msparq-trust::explain_edge_transparency[0m [34;1mdepth_zero_explains_over_depth_even_for_a_perfect_edge[0m
2026-09-10T18:23:31.7629139Z [32;1m        PASS[0m [   0.027s] (2541/2877) [35;1msparq-trust::explain_edge_transparency[0m [34;1munanchored_certifier_explains_no_anchor[0m
2026-09-10T18:23:31.7689978Z [32;1m        PASS[0m [   0.046s] (2542/2877) [35;1msparq-trust::explain_edge_transparency[0m [34;1mmissing_positive_status_inverted_window_explains_out_of_window[0m
2026-09-10T18:23:31.7701499Z [32;1m        PASS[0m [   0.007s] (2543/2877) [35;1msparq-trust::public_key_reexport[0m [34;1mpublic_key_type_accessible_via_sparq_trust[0m
2026-09-10T18:23:31.7805843Z [32;1m        PASS[0m [   0.010s] (2544/2877) [35;1msparq-trust::trust_expression_fixtures[0m [34;1mmanifest_expectations_are_self_consistent[0m
2026-09-10T18:23:31.7879980Z [32;1m        PASS[0m [   0.015s] (2545/2877) [35;1msparq-trust::trust_expression_fixtures[0m [34;1mevery_requirements_document_is_a_well_formed_tr[0m
2026-09-10T18:23:31.7910905Z [32;1m        PASS[0m [   0.008s] (2546/2877) [35;1msparq-trust::trust_framework_ttl[0m [34;1mextends_trust_and_references_vendored_sec_req_in_the_parsed_graph[0m
2026-09-10T18:23:31.7939366Z [32;1m        PASS[0m [   0.008s] (2547/2877) [35;1msparq-trust::trust_framework_ttl[0m [34;1mtrust_framework_ttl_is_valid_turtle[0m
2026-09-10T18:23:31.8160005Z [32;1m        PASS[0m [   0.026s] (2548/2877) [35;1msparq-trust::trusts_source_for_e2e[0m [34;1mclaim_level_out_of_scope_resource_is_not_covered[0m
2026-09-10T18:23:31.8250087Z [32;1m        PASS[0m [   0.009s] (2549/2877) [35;1msparq-trust::vocab_ttl[0m [34;1mtrust_ttl_is_valid_turtle[0m
2026-09-10T18:23:31.8270488Z [32;1m        PASS[0m [   0.034s] (2550/2877) [35;1msparq-trust::trusts_source_for_e2e[0m [34;1mclaim_level_untrusted_issuer_key_does_not_grant[0m
2026-09-10T18:23:31.8464369Z [32;1m        PASS[0m [   0.021s] (2551/2877) [35;1msparq-vc[0m [36mdid::tests[0m[36m::[0m[34;1mdid_key_round_trip[0m
2026-09-10T18:23:31.8489398Z [32;1m        PASS[0m [   0.021s] (2552/2877) [35;1msparq-vc[0m [36mdid::tests[0m[36m::[0m[34;1mresolve_str_strips_fragment[0m
2026-09-10T18:23:31.8935538Z [32;1m        PASS[0m [   0.047s] (2553/2877) [35;1msparq-vc[0m [36msuite::tests[0m[36m::[0m[34;1msign_then_verify_round_trip[0m
2026-09-10T18:23:31.9059537Z [32;1m        PASS[0m [   0.059s] (2554/2877) [35;1msparq-vc[0m [36msuite::tests[0m[36m::[0m[34;1mwrong_key_fails_closed[0m
2026-09-10T18:23:31.9259515Z [32;1m        PASS[0m [   0.018s] (2555/2877) [35;1msparq-vc::proptest_did_key_roundtrip[0m [34;1mcorrupted_multibase_and_multicodec_fail_closed[0m
2026-09-10T18:23:31.9261464Z [32;1m        PASS[0m [   0.032s] (2556/2877) [35;1msparq-vc::fail_closed_errors[0m [34;1mverification_rejects_non_64_byte_proof_values[0m
2026-09-10T18:23:31.9389605Z [32;1m        PASS[0m [   0.008s] (2557/2877) [35;1msparq-vectors[0m [36mann::tests[0m[36m::[0m[34;1mcosine_known_values_unit_orthogonal_and_opposite[0m
2026-09-10T18:23:31.9659747Z [32;1m        PASS[0m [   0.031s] (2558/2877) [35;1msparq-vectors[0m [36mann::tests::point_set_sharing[0m[36m::[0m[34;1mbuild_shares_point_allocations_with_the_map_instead_of_deep_copying[0m
2026-09-10T18:23:31.9745240Z [32;1m        PASS[0m [   0.009s] (2559/2877) [35;1msparq-vectors[0m [36mann::tests::tiebreak::blank_node_domain[0m[36m::[0m[34;1mblank_node_strictly_below_the_boundary_never_becomes_load_bearing[0m
2026-09-10T18:23:31.9748997Z [32;1m        PASS[0m [   0.050s] (2560/2877) [35;1msparq-vc::store_round_trip[0m [34;1msign_and_verify_a_loaded_graph[0m
2026-09-10T18:23:31.9842852Z [32;1m        PASS[0m [   0.010s] (2561/2877) [35;1msparq-vectors[0m [36mann::tests::tiebreak[0m[36m::[0m[34;1mno_boundary_tie_matches_plain_top_k_and_degenerate_cases_are_empty[0m
2026-09-10T18:23:31.9847209Z [32;1m        PASS[0m [   0.009s] (2562/2877) [35;1msparq-vectors[0m [36mbackend::tests[0m[36m::[0m[34;1miterative_overfetch_fills_k_under_selective_filter[0m
2026-09-10T18:23:31.9926026Z [32;1m        PASS[0m [   0.008s] (2563/2877) [35;1msparq-vectors[0m [36mcost::tests::filtered_tiebreak[0m[36m::[0m[34;1mdegenerate_cases_are_empty[0m
2026-09-10T18:23:31.9928835Z [32;1m        PASS[0m [   0.008s] (2564/2877) [35;1msparq-vectors[0m [36mcost::tests[0m[36m::[0m[34;1mcosted_entry_point_branch_agnostic_result[0m
2026-09-10T18:23:32.0002472Z [32;1m        PASS[0m [   0.008s] (2565/2877) [35;1msparq-vectors[0m [36mcost::tests[0m[36m::[0m[34;1moverfetch_target_arithmetic[0m
2026-09-10T18:23:32.0019433Z [32;1m        PASS[0m [   0.009s] (2566/2877) [35;1msparq-vectors[0m [36mcost::tests[0m[36m::[0m[34;1mpostfilter_respects_mask_and_order[0m
2026-09-10T18:23:32.0104330Z [32;1m        PASS[0m [   0.008s] (2567/2877) [35;1msparq-vectors[0m [36mdiskann::fingerprint_tests[0m[36m::[0m[34;1mv2_index_built_without_graph_binding_is_unverifiable_not_mismatch[0m
2026-09-10T18:23:32.0137261Z [32;1m        PASS[0m [   0.013s] (2568/2877) [35;1msparq-vectors[0m [36mdiskann::fingerprint_tests[0m[36m::[0m[34;1mfingerprint_survives_reopen[0m
2026-09-10T18:23:32.0161666Z [32;1m        PASS[0m [   0.006s] (2569/2877) [35;1msparq-vectors[0m [36membed::tests[0m[36m::[0m[34;1mhash_embedder_is_deterministic_and_normalized[0m
2026-09-10T18:23:32.0244225Z [32;1m        PASS[0m [   0.008s] (2570/2877) [35;1msparq-vectors[0m [36mfingerprint::tests[0m[36m::[0m[34;1mdistinguishes_different_graphs[0m
2026-09-10T18:23:32.0249118Z [32;1m        PASS[0m [   0.011s] (2571/2877) [35;1msparq-vectors[0m [36mfingerprint::tests[0m[36m::[0m[34;1mcheck_against_legacy_none_is_unverifiable_err[0m
2026-09-10T18:23:32.0409690Z [32;1m        PASS[0m [   0.016s] (2572/2877) [35;1msparq-vectors[0m [36mfingerprint::tests[0m[36m::[0m[34;1mstill_detects_a_genuine_term_change[0m
2026-09-10T18:23:32.0519573Z [32;1m        PASS[0m [   0.010s] (2573/2877) [35;1msparq-vectors[0m [36mfuse::tests[0m[36m::[0m[34;1mhybrid_search_high_in_both_outranks_high_in_one[0m
2026-09-10T18:23:32.0579384Z [32;1m        PASS[0m [   0.007s] (2574/2877) [35;1msparq-vectors[0m [36mfuse::tests[0m[36m::[0m[34;1mrrf_hand_computed[0m
2026-09-10T18:23:32.0639406Z [32;1m        PASS[0m [   0.007s] (2575/2877) [35;1msparq-vectors[0m [36mfuse::tests[0m[36m::[0m[34;1mscores_missing_items_and_constant_lists[0m
2026-09-10T18:23:32.0737410Z [32;1m        PASS[0m [   0.010s] (2576/2877) [35;1msparq-vectors[0m [36mfuse::tests[0m[36m::[0m[34;1mweighted_rrf_hand_computed_and_reduces_to_plain[0m
2026-09-10T18:23:32.0933275Z [32;1m        PASS[0m [   0.019s] (2577/2877) [35;1msparq-vectors[0m [36mfuse::tests[0m[36m::[0m[34;1mweighted_rrf_zero_weight_mutes_a_list[0m
2026-09-10T18:23:32.1068293Z [32;1m        PASS[0m [   0.013s] (2578/2877) [35;1msparq-vectors[0m [36mhybrid::tests[0m[36m::[0m[34;1mablate_is_fail_closed_on_a_broken_reranker[0m
2026-09-10T18:23:32.1137681Z [32;1m        PASS[0m [   0.007s] (2579/2877) [35;1msparq-vectors[0m [36mhybrid::tests[0m[36m::[0m[34;1mconfig_defaults_and_builders[0m
2026-09-10T18:23:32.1230709Z [32;1m        PASS[0m [   0.007s] (2580/2877) [35;1msparq-vectors[0m [36mhybrid::tests[0m[36m::[0m[34;1mfuse_arms_matches_fuse_rrf_weighted_and_records_provenance[0m
2026-09-10T18:23:32.1250021Z [32;1m        PASS[0m [   0.097s] (2581/2877) [35;1msparq-vectors[0m [36mfingerprint::tests[0m[36m::[0m[34;1minvariant_to_thread_count_via_simulated_id_permutation[0m
2026-09-10T18:23:32.1283647Z [32;1m        PASS[0m [   0.007s] (2582/2877) [35;1msparq-vectors[0m [36mhybrid::tests[0m[36m::[0m[34;1mrerank_may_drop_candidates_and_truncates_to_top_k[0m
2026-09-10T18:23:32.1311030Z [32;1m        PASS[0m [   0.010s] (2583/2877) [35;1msparq-vectors[0m [36mhybrid::tests[0m[36m::[0m[34;1mmalformed_rerank_responses_are_treated_as_failures[0m
2026-09-10T18:23:32.1362769Z [32;1m        PASS[0m [   0.007s] (2584/2877) [35;1msparq-vectors[0m [36mimport::tests[0m[36m::[0m[34;1mparses_canonical_f4_header[0m
2026-09-10T18:23:32.1385641Z [32;1m        PASS[0m [   0.007s] (2585/2877) [35;1msparq-vectors[0m [36mimport::tests[0m[36m::[0m[34;1mrejects_oversized_or_truncated_header[0m
2026-09-10T18:23:32.1461898Z [32;1m        PASS[0m [   0.008s] (2586/2877) [35;1msparq-vectors[0m [36mrewrite::mask_cache_tests[0m[36m::[0m[34;1mthe_inline_domain_matches_the_dictionary[0m
2026-09-10T18:23:32.1473521Z [32;1m        PASS[0m [   0.011s] (2587/2877) [35;1msparq-vectors[0m [36mrewrite::mask_cache_tests[0m[36m::[0m[34;1mhit_returns_identical_mask_without_reinserting[0m
2026-09-10T18:23:32.1532457Z [32;1m        PASS[0m [   0.007s] (2588/2877) [35;1msparq-vectors[0m [36msimd::tests[0m[36m::[0m[34;1msimd_and_scalar_kernels_agree_closely[0m
2026-09-10T18:23:32.1553252Z [32;1m        PASS[0m [   0.008s] (2589/2877) [35;1msparq-vectors[0m [36mspqv_provenance::tests[0m[36m::[0m[34;1mempty_axes_are_compatible_only_with_empty[0m
2026-09-10T18:23:32.1624962Z [32;1m        PASS[0m [   0.008s] (2590/2877) [35;1msparq-vectors[0m [36mspqv_provenance::tests[0m[36m::[0m[34;1mfrom_bytes_rejects_truncation[0m
2026-09-10T18:23:32.1633646Z [32;1m        PASS[0m [   0.007s] (2591/2877) [35;1msparq-vectors[0m [36mspqv_provenance::tests[0m[36m::[0m[34;1midentical_provenance_is_compatible[0m
2026-09-10T18:23:32.1720033Z [32;1m        PASS[0m [   0.007s] (2592/2877) [35;1msparq-vectors[0m [36mstore::fingerprint_tests[0m[36m::[0m[34;1mdomain_bounded_buffer_contains_an_accepted_store[0m
2026-09-10T18:23:32.1739886Z [32;1m        PASS[0m [   0.011s] (2593/2877) [35;1msparq-vectors[0m [36mspqv_provenance::tests[0m[36m::[0m[34;1mround_trips_through_bytes[0m
2026-09-10T18:23:32.1799770Z [32;1m        PASS[0m [   0.010s] (2594/2877) [35;1msparq-vectors[0m [36mstore::fingerprint_tests[0m[36m::[0m[34;1mopen_against_build_graph_ok_and_correct[0m
2026-09-10T18:23:32.1809683Z [32;1m        PASS[0m [   0.009s] (2595/2877) [35;1msparq-vectors[0m [36mstore::fingerprint_tests[0m[36m::[0m[34;1mstreaming_writer_with_fingerprint_round_trips[0m
2026-09-10T18:23:32.1909918Z [32;1m        PASS[0m [   0.007s] (2596/2877) [35;1msparq-vectors[0m [36mstore::provenance_read_tests[0m[36m::[0m[34;1mv3_header_declares_version_3_and_data_offset_shifts[0m
2026-09-10T18:23:32.1935826Z [32;1m        PASS[0m [   0.010s] (2597/2877) [35;1msparq-vectors[0m [36mstore::provenance_read_tests[0m[36m::[0m[34;1mcorrupt_v3_provenance_block_is_rejected_not_paniced[0m
2026-09-10T18:23:32.1951501Z [32;1m        PASS[0m [   0.007s] (2598/2877) [35;1msparq-vectors::cost_model[0m [34;1mheuristic_picks_prefilter_when_selective_postfilter_when_broad[0m
2026-09-10T18:23:32.2129573Z [32;1m        PASS[0m [   0.017s] (2599/2877) [35;1msparq-vectors::dedup[0m [34;1mknn_returns_cosine_ranked_neighbours_and_zero_query_is_empty[0m
2026-09-10T18:23:32.2239894Z [32;1m        PASS[0m [   0.011s] (2600/2877) [35;1msparq-vectors::diskann[0m [34;1mempty_and_singleton_graphs_roundtrip[0m
2026-09-10T18:23:32.2369764Z [32;1m        PASS[0m [   0.010s] (2601/2877) [35;1msparq-vectors::diskann[0m [34;1mopen_from_bytes_returns_identical_neighbours_to_mmap_open[0m
2026-09-10T18:23:32.2722156Z [32;1m        PASS[0m [   0.037s] (2602/2877) [35;1msparq-vectors::diskann[0m [34;1mplain_index_has_no_pq_cache[0m
2026-09-10T18:23:32.3626846Z [32;1m        PASS[0m [   0.173s] (2603/2877) [35;1msparq-vectors::dedup[0m [34;1mdedup_merges_planted_near_duplicates_and_nothing_else[0m
2026-09-10T18:23:37.9298520Z [32;1m        PASS[0m [   6.216s] (2604/2877) [35;1msparq-trust::explain_edge_transparency[0m [34;1mexplain_edge_never_diverges_from_derive_effective_rules_on_admission[0m
2026-09-10T18:23:38.1968422Z [32;1m        PASS[0m [   5.924s] (2605/2877) [35;1msparq-vectors::diskann[0m [34;1mpq_returned_cosines_are_exact_after_rerank[0m
2026-09-10T18:23:46.0529950Z [33;1m        SLOW[0m [>120.000s] (─────────) [35;1msparq-core::mmap_corruption_oracle[0m [34;1mmmap_loader_survives_corruption_compressed[0m
2026-09-10T18:23:49.8153255Z [32;1m        PASS[0m [  11.885s] (2606/2877) [35;1msparq-vectors::ef_sweep[0m [34;1mnearest_with_ef_cache_reuse_is_deterministic[0m
2026-09-10T18:24:14.7520056Z [32;1m        PASS[0m [  42.389s] (2607/2877) [35;1msparq-vectors::ef_sweep[0m [34;1mconcurrent_nearest_with_ef_same_level_is_consistent[0m
2026-09-10T18:24:14.7623723Z [32;1m        PASS[0m [   0.010s] (2608/2877) [35;1msparq-vectors::filtered_bgp[0m [34;1mfiltered_equals_postfilter_and_is_subset[0m
2026-09-10T18:24:14.7717161Z [32;1m        PASS[0m [   0.010s] (2609/2877) [35;1msparq-vectors::filtered_bgp[0m [34;1mseed_form_filtered_excludes_self_and_non_candidates[0m
2026-09-10T18:24:14.7840841Z [32;1m        PASS[0m [   0.012s] (2610/2877) [35;1msparq-vectors::filtered_bgp_cyclic[0m [34;1mcyclic_back_edge_restricts_correctly_and_terminates[0m
2026-09-10T18:24:14.7966806Z [32;1m        PASS[0m [   0.012s] (2611/2877) [35;1msparq-vectors::filtered_bgp_transitive[0m [34;1mmultiple_requests_each_own_component_mask[0m
2026-09-10T18:24:14.8092037Z [32;1m        PASS[0m [   0.012s] (2612/2877) [35;1msparq-vectors::filtered_bgp_transitive[0m [34;1mtransitive_two_hop_restricts_correctly[0m
2026-09-10T18:24:14.8216589Z [32;1m        PASS[0m [   0.012s] (2613/2877) [35;1msparq-vectors::hybrid[0m [34;1mhybrid_search_unknown_query_yields_empty[0m
2026-09-10T18:24:14.8292597Z [32;1m        PASS[0m [   0.007s] (2614/2877) [35;1msparq-vectors::import[0m [34;1mdump_wrong_length_fails_closed[0m
2026-09-10T18:24:14.8360586Z [32;1m        PASS[0m [   0.007s] (2615/2877) [35;1msparq-vectors::import[0m [34;1mnpy_duplicate_id_fails_closed[0m
2026-09-10T18:24:14.8442373Z [32;1m        PASS[0m [   0.008s] (2616/2877) [35;1msparq-vectors::import[0m [34;1mnpy_malformed_header_fails_closed_bounded[0m
2026-09-10T18:24:14.8550432Z [32;1m        PASS[0m [   0.010s] (2617/2877) [35;1msparq-vectors::import[0m [34;1mnpy_stream_edge_shapes[0m
2026-09-10T18:24:14.8626535Z [32;1m        PASS[0m [   0.007s] (2618/2877) [35;1msparq-vectors::import[0m [34;1mnumeric_dump_stream_is_byte_identical_to_buffered_build[0m
2026-09-10T18:24:14.8741850Z [32;1m        PASS[0m [   0.012s] (2619/2877) [35;1msparq-vectors::labels[0m [34;1membed_labels_covers_labeled_entities_only[0m
2026-09-10T18:24:15.7124514Z [32;1m        PASS[0m [   0.838s] (2620/2877) [35;1msparq-vectors::overfetch[0m [34;1mbackend_len_and_degenerate[0m
2026-09-10T18:24:15.7899513Z [32;1m        PASS[0m [   0.076s] (2621/2877) [35;1msparq-vectors::quant[0m [34;1mpq_adc_distance_matches_reconstructed_distance[0m
2026-09-10T18:24:15.8843574Z [32;1m        PASS[0m [   0.095s] (2622/2877) [35;1msparq-vectors::quant[0m [34;1mpq_encode_decode_and_self_nearest[0m
2026-09-10T18:24:15.8907461Z [32;1m        PASS[0m [   0.006s] (2623/2877) [35;1msparq-vectors::quant[0m [34;1mquant_validation_and_degenerate_cases[0m
2026-09-10T18:24:15.9072133Z [32;1m        PASS[0m [   0.016s] (2624/2877) [35;1msparq-vectors::recall[0m [34;1mexact_and_hnsw_agree_on_tiny_separable_data[0m
2026-09-10T18:24:20.6591879Z [32;1m        PASS[0m [   4.751s] (2625/2877) [35;1msparq-vectors::ref_lib_verify[0m [34;1mhnsw_recall_is_at_least_hnswlib_on_the_reference_fixture[0m
2026-09-10T18:24:20.7440293Z [32;1m        PASS[0m [   0.084s] (2626/2877) [35;1msparq-vectors::staleness_contract[0m [34;1msound_path_save_then_graph_open_serves_correct_vectors[0m
2026-09-10T18:24:20.7509503Z [32;1m        PASS[0m [   0.007s] (2627/2877) [35;1msparq-vectors::store[0m [34;1mempty_store_roundtrips[0m
2026-09-10T18:24:20.7565837Z [32;1m        PASS[0m [   0.007s] (2628/2877) [35;1msparq-vectors::store[0m [34;1mopen_from_bytes_validates_like_open[0m
2026-09-10T18:24:20.7636559Z [32;1m        PASS[0m [   0.007s] (2629/2877) [35;1msparq-vectors::store[0m [34;1mroundtrip_sparse_ids[0m
2026-09-10T18:24:20.7757375Z [32;1m        PASS[0m [   0.012s] (2630/2877) [35;1msparq-vectors::store[0m [34;1mstreaming_writer_produces_byte_identical_store[0m
2026-09-10T18:24:20.7857548Z [32;1m        PASS[0m [   0.010s] (2631/2877) [35;1msparq-vectors::vec_hybrid[0m [34;1ma_hybrid_pattern_joins_the_surrounding_bgp[0m
2026-09-10T18:24:20.7955975Z [32;1m        PASS[0m [   0.010s] (2632/2877) [35;1msparq-vectors::vec_hybrid[0m [34;1man_admissible_arm_hit_below_the_first_page_is_still_found[0m
2026-09-10T18:24:20.8069685Z [32;1m        PASS[0m [   0.010s] (2633/2877) [35;1msparq-vectors::vec_hybrid[0m [34;1man_arm_id_outside_the_graph_dictionary_is_a_hard_query_error[0m
2026-09-10T18:24:20.8159768Z [32;1m        PASS[0m [   0.009s] (2634/2877) [35;1msparq-vectors::vec_hybrid[0m [34;1mhybrid_without_a_config_is_a_hard_error_and_other_predicates_are_untouched[0m
2026-09-10T18:24:20.8233994Z [32;1m        PASS[0m [   0.009s] (2635/2877) [35;1msparq-vectors::vec_hybrid[0m [34;1mthe_second_stage_reorders_and_marks_its_provenance[0m
2026-09-10T18:24:20.8337221Z [32;1m        PASS[0m [   0.010s] (2636/2877) [35;1msparq-vectors::vec_predicate[0m [34;1mboundary_score_tie_membership_is_by_ntriples_codepoint_order[0m
2026-09-10T18:24:20.8470128Z [32;1m        PASS[0m [   0.010s] (2637/2877) [35;1msparq-vectors::vec_predicate[0m [36mfiltered_boundary_tiebreak[0m[36m::[0m[34;1mvector_query_boundary_tie_membership_is_by_ntriples_key[0m
2026-09-10T18:24:20.8535104Z [32;1m        PASS[0m [   0.010s] (2638/2877) [35;1msparq-vectors::vec_predicate[0m [34;1mnearest_by_seed_iri_excludes_self[0m
2026-09-10T18:24:20.8636604Z [32;1m        PASS[0m [   0.010s] (2639/2877) [35;1msparq-vectors::vec_predicate[0m [34;1mno_vec_predicate_passes_through[0m
2026-09-10T18:24:20.8726485Z [32;1m        PASS[0m [   0.009s] (2640/2877) [35;1msparq-vectors::vec_predicate[0m [34;1msearch_binds_score_and_orders[0m
2026-09-10T18:24:20.8829350Z [32;1m        PASS[0m [   0.008s] (2641/2877) [35;1msparq-vectors::vec_predicate[0m [34;1munknown_vec_predicate_is_rejected[0m
2026-09-10T18:24:20.8897714Z [32;1m        PASS[0m [ 154.845s] (2642/2877) [35;1msparq-core::mmap_corruption_oracle[0m [34;1mmmap_loader_survives_corruption_compressed[0m
2026-09-10T18:24:20.8927935Z [32;1m        PASS[0m [   0.012s] (2643/2877) [35;1msparq-vectors::vec_predicate_approx[0m [34;1mapprox_joins_to_ordinary_patterns[0m
2026-09-10T18:24:20.9015316Z [32;1m        PASS[0m [   0.012s] (2644/2877) [35;1msparq-vectors::vec_predicate_approx[0m [34;1mapprox_nearest_by_seed_iri_excludes_self[0m
2026-09-10T18:24:20.9039261Z [32;1m        PASS[0m [   0.011s] (2645/2877) [35;1msparq-vectors::vec_predicate_approx[0m [34;1mapprox_unknown_predicate_errors[0m
2026-09-10T18:24:20.9094262Z [32;1m        PASS[0m [   0.008s] (2646/2877) [35;1msparq-vectors::verbalize[0m [34;1mdefault_template_label_type_description[0m
2026-09-10T18:24:20.9132545Z [32;1m        PASS[0m [   0.009s] (2647/2877) [35;1msparq-vectors::verbalize[0m [34;1mentity_label_groups_only_enrich[0m
2026-09-10T18:24:20.9173661Z [32;1m        PASS[0m [   0.008s] (2648/2877) [35;1msparq-vectors::verbalize[0m [34;1mpredicate_priority_within_a_group[0m
2026-09-10T18:24:20.9219445Z [32;1m        PASS[0m [   0.009s] (2649/2877) [35;1msparq-vectors::verbalize[0m [34;1mverbalize_precision_at_k_fixture_beats_labels_only[0m
2026-09-10T18:24:20.9260097Z [32;1m        PASS[0m [   0.007s] (2650/2877) [35;1msparq-vectors::example/pareto_bench[0m [36mtests[0m[36m::[0m[34;1mrecall_gate_rejects_a_row_before_envelope_construction[0m
2026-09-10T18:24:20.9675680Z [32;1m        PASS[0m [   0.045s] (2651/2877) [35;1msparq-wac-oracle[0m [36mescalation_corpus::tests[0m[36m::[0m[34;1mcorpus_contains_a_genuine_escalation_that_a_naive_guard_misses[0m
2026-09-10T18:24:20.9729368Z [32;1m        PASS[0m [   0.049s] (2652/2877) [35;1msparq-wac-oracle[0m [36mescalation_corpus::tests[0m[36m::[0m[34;1mflipping_expected_allow_to_true_makes_the_harness_report_a_failure[0m
2026-09-10T18:24:20.9759926Z [32;1m        PASS[0m [   0.008s] (2653/2877) [35;1msparq-wac-oracle[0m [36mescalation_corpus::tests[0m[36m::[0m[34;1mnaive_guard_misses_encoded_and_unicode_but_catches_plain[0m
2026-09-10T18:24:20.9833186Z [32;1m        PASS[0m [   0.007s] (2654/2877) [35;1msparq-wac-oracle[0m [36mtests[0m[36m::[0m[34;1mfixtures_exposes_wac_and_acp[0m
2026-09-10T18:24:20.9985488Z [32;1m        PASS[0m [   0.015s] (2655/2877) [35;1msparq-wac-oracle[0m [36mtests[0m[36m::[0m[34;1mrunner_flags_unmaterialized_store[0m
2026-09-10T18:24:21.0053189Z [32;1m        PASS[0m [   0.006s] (2656/2877) [35;1msparq-wac-oracle[0m [36mtests[0m[36m::[0m[34;1mvia_issuer_and_at_bind_the_remaining_session_dimensions[0m
2026-09-10T18:24:21.0126897Z [32;1m        PASS[0m [   0.007s] (2657/2877) [35;1msparq-wac-oracle::oracle_edges[0m [34;1mcanonicalization_exposes_encoded_acl_shape_missed_by_naive_guard[0m
2026-09-10T18:24:21.0223666Z [32;1m        PASS[0m [   0.009s] (2658/2877) [35;1msparq-wasm[0m [36mtests[0m[36m::[0m[34;1mask_rejects_non_ask[0m
2026-09-10T18:24:21.0312889Z [32;1m        PASS[0m [   0.009s] (2659/2877) [35;1msparq-wasm[0m [36mtests[0m[36m::[0m[34;1mconstruct_quads_chunks_reassemble[0m
2026-09-10T18:24:21.0419595Z [32;1m        PASS[0m [   0.008s] (2660/2877) [35;1msparq-wasm[0m [36mtests[0m[36m::[0m[34;1mcursor_empty_result_yields_one_empty_batch[0m
2026-09-10T18:24:21.0517480Z [32;1m        PASS[0m [   0.012s] (2661/2877) [35;1msparq-wasm[0m [36mtests[0m[36m::[0m[34;1mescaping_through_json[0m
2026-09-10T18:24:21.0638992Z [32;1m        PASS[0m [   0.012s] (2662/2877) [35;1msparq-wasm[0m [36mtests[0m[36m::[0m[34;1mload_with_base_resolves_relative_iris[0m
2026-09-10T18:24:21.0767658Z [32;1m        PASS[0m [   0.013s] (2663/2877) [35;1msparq-wasm[0m [36mtests[0m[36m::[0m[34;1mregression_string_functions[0m
2026-09-10T18:24:21.0802177Z [32;1m        PASS[0m [   0.107s] (2664/2877) [35;1msparq-wac-oracle[0m [36mtests[0m[36m::[0m[34;1macp_fixture_all_vectors_pass[0m
2026-09-10T18:24:21.0913842Z [32;1m        PASS[0m [   0.011s] (2665/2877) [35;1msparq-wasm::exported_api[0m [34;1mexported_ask[0m
2026-09-10T18:24:21.1011467Z [32;1m        PASS[0m [   0.009s] (2666/2877) [35;1msparq-wasm::exported_api[0m [34;1mexported_explain[0m
2026-09-10T18:24:21.1041092Z [32;1m        PASS[0m [   0.027s] (2667/2877) [35;1msparq-wasm::conformance_parity[0m [36mnative[0m[36m::[0m[34;1mstore_api_matches_fixtures_native[0m
2026-09-10T18:24:21.1179869Z [32;1m        PASS[0m [   0.009s] (2668/2877) [35;1msparq-wasm::exported_api[0m [34;1mexported_load_with_base_resolves_relative[0m
2026-09-10T18:24:21.1181564Z [32;1m        PASS[0m [   0.012s] (2669/2877) [35;1msparq-wasm::exported_api[0m [34;1mexported_load_dataset_named_graph[0m
2026-09-10T18:24:21.1219228Z [32;1m        PASS[0m [   0.009s] (2670/2877) [35;1msparq-wasm::exported_api[0m [34;1mexported_query_cursor_batches[0m
2026-09-10T18:24:21.1220831Z [32;1m        PASS[0m [   0.009s] (2671/2877) [35;1msparq-wasm::exported_api[0m [34;1mexported_query_cursor_exact_multiple_no_trailing_empty[0m
2026-09-10T18:24:21.1330234Z [32;1m        PASS[0m [   0.009s] (2672/2877) [35;1msparq-wasm::exported_api[0m [34;1mexported_query_quads_chunks_reassemble[0m
2026-09-10T18:24:21.1331938Z [32;1m        PASS[0m [   0.009s] (2673/2877) [35;1msparq-wasm::exported_api[0m [34;1mexported_query_sparql_json_shape[0m
2026-09-10T18:24:21.1399730Z [32;1m        PASS[0m [   0.008s] (2674/2877) [35;1msparq-wrapper::default_lane_edges[0m [34;1moutgoing_traversal_with_absent_predicate_is_empty[0m
2026-09-10T18:24:21.1418815Z [32;1m        PASS[0m [   0.011s] (2675/2877) [35;1msparq-wasm::exported_api[0m [34;1mexported_update_returns_new_store[0m
2026-09-10T18:24:21.1487964Z [32;1m        PASS[0m [   0.009s] (2676/2877) [35;1msparq-wrapper::wrapper[0m [34;1mbounded_integer_accessors_accept_boundaries_and_reject_one_past[0m
2026-09-10T18:24:21.1500503Z [32;1m        PASS[0m [   0.008s] (2677/2877) [35;1msparq-wrapper::wrapper[0m [34;1mtyped_accessors_check_datatype_and_lexical_form[0m
2026-09-10T18:24:21.1625292Z [32;1m        PASS[0m [   0.012s] (2678/2877) [35;1msparq-zk[0m [36mcommit::tests[0m[36m::[0m[34;1mleaf_index_map_maps_every_canonical_triple_to_its_position[0m
2026-09-10T18:24:21.1640809Z [32;1m        PASS[0m [   0.015s] (2679/2877) [35;1msparq-zk[0m [36mcommit::tests[0m[36m::[0m[34;1mcommit_graph_content_matches_commit_triples_over_materialized_triples[0m
2026-09-10T18:24:21.1723870Z [32;1m        PASS[0m [   0.008s] (2680/2877) [35;1msparq-zk[0m [36mcommit::tests[0m[36m::[0m[34;1mmethod_scheme_iris_are_distinct[0m
2026-09-10T18:24:21.1740293Z [32;1m        PASS[0m [   0.010s] (2681/2877) [35;1msparq-zk[0m [36mcommit::tests[0m[36m::[0m[34;1mmethod_dual_leaf_records_inv_vl_downgrade[0m
2026-09-10T18:24:21.1799556Z [32;1m        PASS[0m [   0.007s] (2682/2877) [35;1msparq-zk[0m [36mcommit::tests[0m[36m::[0m[34;1mvalue_only_iri_is_rejected_without_the_feature[0m
2026-09-10T18:24:21.1852280Z [32;1m        PASS[0m [   0.009s] (2683/2877) [35;1msparq-zk[0m [36mct::tests[0m[36m::[0m[34;1mzero_scalar_yields_the_identity[0m
2026-09-10T18:24:21.1890817Z [32;1m        PASS[0m [   0.009s] (2684/2877) [35;1msparq-zk[0m [36mencode::tests[0m[36m::[0m[34;1mencode_term_iri_pins_type_code_and_hs_layering[0m
2026-09-10T18:24:21.1969632Z [32;1m        PASS[0m [   0.007s] (2685/2877) [35;1msparq-zk[0m [36mencode::tests[0m[36m::[0m[34;1msalt_from_bytes_pins_field_from_hash_bytes[0m
2026-09-10T18:24:21.1971860Z [32;1m        PASS[0m [   0.015s] (2686/2877) [35;1msparq-zk[0m [36mencode::tests[0m[36m::[0m[34;1mencode_triple_pins_h3_of_s_p_o_and_is_position_sensitive[0m
2026-09-10T18:24:21.2042302Z [32;1m        PASS[0m [   0.008s] (2687/2877) [35;1msparq-zk[0m [36mfield::tests[0m[36m::[0m[34;1mhex_round_trip[0m
2026-09-10T18:24:21.2127518Z [32;1m        PASS[0m [   0.008s] (2688/2877) [35;1msparq-zk[0m [36mingest::tests[0m[36m::[0m[34;1mmissing_graph_fails_closed[0m
2026-09-10T18:24:21.2180450Z [32;1m        PASS[0m [   0.021s] (2689/2877) [35;1msparq-zk[0m [36mingest::tests[0m[36m::[0m[34;1mingest_wires_into_zk_dataset[0m
2026-09-10T18:24:21.2300827Z [32;1m        PASS[0m [   0.012s] (2690/2877) [35;1msparq-zk[0m [36mposeidon2::tests[0m[36m::[0m[34;1mhash_is_deterministic_and_length_separated[0m
2026-09-10T18:24:21.2319750Z [32;1m        PASS[0m [   0.017s] (2691/2877) [35;1msparq-zk[0m [36mingest::tests[0m[36m::[0m[34;1mregistry_seeded_mint_rejects_prior_salts[0m
2026-09-10T18:24:21.2564346Z [32;1m        PASS[0m [   0.026s] (2692/2877) [35;1msparq-zk[0m [36mregistry::tests[0m[36m::[0m[34;1missued_entry_rejects_commitment_tamper[0m
2026-09-10T18:24:21.2685616Z [32;1m        PASS[0m [   0.012s] (2693/2877) [35;1msparq-zk[0m [36mregistry::tests[0m[36m::[0m[34;1mreinstall_replaces_wholesale[0m
2026-09-10T18:24:21.2785320Z [32;1m        PASS[0m [   0.010s] (2694/2877) [35;1msparq-zk[0m [36mregistry::tests[0m[36m::[0m[34;1msource_cryptosuite_round_trips_through_store[0m
2026-09-10T18:24:21.2885619Z [32;1m        PASS[0m [   0.010s] (2695/2877) [35;1msparq-zk[0m [36mregistry::tests[0m[36m::[0m[34;1mwith_method_records_and_round_trips_through_store[0m
2026-09-10T18:24:21.2993986Z [32;1m        PASS[0m [   0.069s] (2696/2877) [35;1msparq-zk[0m [36mregistry::tests[0m[36m::[0m[34;1missued_with_status_round_trips_and_binds_the_reference[0m
2026-09-10T18:24:21.3188486Z [32;1m        PASS[0m [   0.019s] (2697/2877) [35;1msparq-zk[0m [36msig::tests[0m[36m::[0m[34;1mdeterministic_nonce_differs_per_message[0m
2026-09-10T18:24:21.3259582Z [32;1m        PASS[0m [   0.035s] (2698/2877) [35;1msparq-zk[0m [36msig::tests[0m[36m::[0m[34;1mcommitted_index_status_signature_binds_the_commitment[0m
2026-09-10T18:24:21.3345556Z [32;1m        PASS[0m [   0.015s] (2699/2877) [35;1msparq-zk[0m [36msig::tests[0m[36m::[0m[34;1mholder_bound_message_is_deterministic_and_domain_separated[0m
2026-09-10T18:24:21.3370125Z [32;1m        PASS[0m [   0.011s] (2700/2877) [35;1msparq-zk[0m [36msig::tests[0m[36m::[0m[34;1midentity_holder_key_digest_rejected[0m
2026-09-10T18:24:21.3420985Z [32;1m        PASS[0m [   0.007s] (2701/2877) [35;1msparq-zk[0m [36msig::tests[0m[36m::[0m[34;1mresolver_is_fail_closed_and_agrees_with_enum_tag[0m
2026-09-10T18:24:21.3454058Z [32;1m        PASS[0m [   0.011s] (2702/2877) [35;1msparq-zk[0m [36msig::tests[0m[36m::[0m[34;1min_circuit_witness_rejects_identity_key[0m
2026-09-10T18:24:21.3516336Z [32;1m        PASS[0m [   0.009s] (2703/2877) [35;1msparq-zk[0m [36msig::tests[0m[36m::[0m[34;1msecret_key_zeroizes[0m
2026-09-10T18:24:21.3530557Z [32;1m        PASS[0m [   0.007s] (2704/2877) [35;1msparq-zk[0m [36msig::tests[0m[36m::[0m[34;1msignature_scheme_and_commitment_method_axes_are_independent[0m
2026-09-10T18:24:21.3625919Z [32;1m        PASS[0m [   0.011s] (2705/2877) [35;1msparq-zk[0m [36msig::tests[0m[36m::[0m[34;1mstatus_list_id_is_distinct_per_iri[0m
2026-09-10T18:24:21.3830584Z [32;1m        PASS[0m [   0.028s] (2706/2877) [35;1msparq-zk[0m [36msig::tests[0m[36m::[0m[34;1mtorsion_key_rejected_from_key_set_and_witness[0m
2026-09-10T18:24:21.3871287Z [32;1m        PASS[0m [   0.024s] (2707/2877) [35;1msparq-zk[0m [36msig::tests[0m[36m::[0m[34;1mwrong_key_rejected[0m
2026-09-10T18:24:21.3899411Z [32;1m        PASS[0m [   0.008s] (2708/2877) [35;1msparq-zk[0m [36mverify::tests[0m[36m::[0m[34;1mexpr_bind_target_is_extracted[0m
2026-09-10T18:24:21.3949417Z [32;1m        PASS[0m [   0.007s] (2709/2877) [35;1msparq-zk[0m [36mverify::tests[0m[36m::[0m[34;1mexpr_obligations_are_in_evaluation_order[0m
2026-09-10T18:24:21.3979612Z [32;1m        PASS[0m [   0.007s] (2710/2877) [35;1msparq-zk[0m [36mverify::tests[0m[36m::[0m[34;1mextracts_not_equal_filter_in_both_operand_orders[0m
2026-09-10T18:24:21.4021049Z [32;1m        PASS[0m [   0.008s] (2711/2877) [35;1msparq-zk[0m [36mverify::tests[0m[36m::[0m[34;1mno_filter_yields_empty[0m
2026-09-10T18:24:21.4045956Z [32;1m        PASS[0m [   0.009s] (2712/2877) [35;1msparq-zk[0m [36mverify::tests[0m[36m::[0m[34;1mpatterns_re_derived_in_query_order[0m
2026-09-10T18:24:21.4106429Z [32;1m        PASS[0m [   0.008s] (2713/2877) [35;1msparq-zk[0m [36mverify::tests[0m[36m::[0m[34;1mstage1_gate_rejects_dataset_clauses[0m
2026-09-10T18:24:21.4130099Z [32;1m        PASS[0m [   0.007s] (2714/2877) [35;1msparq-zk[0m [36mverify::tests[0m[36m::[0m[34;1mvariable_slots_maps_var_positions[0m
2026-09-10T18:24:21.4192359Z [32;1m        PASS[0m [   0.007s] (2715/2877) [35;1msparq-zk[0m [36mverify::tests[0m[36m::[0m[34;1mwave1_filter_distributes_into_union_branches[0m
2026-09-10T18:24:21.4194367Z [32;1m        PASS[0m [   0.008s] (2716/2877) [35;1msparq-zk[0m [36mverify::tests[0m[36m::[0m[34;1mwave1_branch_expansion_cap_fails_closed[0m
2026-09-10T18:24:21.4277076Z [32;1m        PASS[0m [   0.009s] (2717/2877) [35;1msparq-zk[0m [36mverify::tests[0m[36m::[0m[34;1mwave1_out_constructs_fail_closed[0m
2026-09-10T18:24:21.4281613Z [32;1m        PASS[0m [   0.009s] (2718/2877) [35;1msparq-zk[0m [36mverify::tests[0m[36m::[0m[34;1mwave1_stage1_gate_is_unchanged[0m
2026-09-10T18:24:21.4359453Z [32;1m        PASS[0m [   0.006s] (2719/2877) [35;1msparq-zk::poseidon2_noir_cross[0m [34;1mnargo_live_cross_check[0m
2026-09-10T18:24:21.4389453Z [32;1m        PASS[0m [   0.008s] (2720/2877) [35;1msparq-zk[0m [36mverify::tests[0m[36m::[0m[34;1mwave1_union_distributes_over_join[0m
2026-09-10T18:24:21.4560805Z [32;1m        PASS[0m [   0.022s] (2721/2877) [35;1msparq-zk::trace_guard[0m [34;1miri_cross_graph_join_is_traced_and_resolved[0m
2026-09-10T18:24:21.4600442Z [32;1m        PASS[0m [   0.024s] (2722/2877) [35;1msparq-zk::trace_guard[0m [34;1mtraced_input_set_is_sufficient[0m
2026-09-10T18:24:21.4684660Z [32;1m        PASS[0m [   0.008s] (2723/2877) [35;1msparq-zk-compose[0m [36mbuild::derive_id_tests[0m[36m::[0m[34;1mfilter_decimal_id_exact_pair_match[0m
2026-09-10T18:24:21.4760814Z [32;1m        PASS[0m [   0.018s] (2724/2877) [35;1msparq-zk::trace_named_graph[0m [34;1mresolved_leaves_are_in_commitment_range[0m
2026-09-10T18:24:21.4762859Z [32;1m        PASS[0m [   0.006s] (2725/2877) [35;1msparq-zk-compose[0m [36mbuild::derive_id_tests[0m[36m::[0m[34;1mfilter_int_id_out_of_family_is_none_not_wrong_d[0m
2026-09-10T18:24:21.4807564Z [32;1m        PASS[0m [   0.006s] (2726/2877) [35;1msparq-zk-compose[0m [36mbuild::derive_id_tests[0m[36m::[0m[34;1mjoin_eq_id_out_of_family_is_none[0m
2026-09-10T18:24:21.4849645Z [32;1m        PASS[0m [   0.007s] (2727/2877) [35;1msparq-zk-compose[0m [36mbuild::derive_id_tests[0m[36m::[0m[34;1mscan_id_out_of_family_is_none[0m
2026-09-10T18:24:21.4869526Z [32;1m        PASS[0m [   0.006s] (2728/2877) [35;1msparq-zk-compose[0m [36mcapture::tests[0m[36m::[0m[34;1mfrom_artifacts_rejects_malformed_public_inputs[0m
2026-09-10T18:24:21.4909704Z [32;1m        PASS[0m [   0.007s] (2729/2877) [35;1msparq-zk-compose[0m [36mcapture::tests[0m[36m::[0m[34;1mpublic_inputs_split_matches_field_to_hex[0m
2026-09-10T18:24:21.4931931Z [32;1m        PASS[0m [   0.006s] (2730/2877) [35;1msparq-zk-compose[0m [36mderivation::tests[0m[36m::[0m[34;1mequality_predicate_guard_catches_an_introduced_sameas[0m
2026-09-10T18:24:21.4966111Z [32;1m        PASS[0m [   0.008s] (2731/2877) [35;1msparq-zk-compose[0m [36mderivation::tests[0m[36m::[0m[34;1mrdfs11_rejects_broken_class_chain[0m
2026-09-10T18:24:21.5010244Z [32;1m        PASS[0m [   0.008s] (2732/2877) [35;1msparq-zk-compose[0m [36mderivation::tests[0m[36m::[0m[34;1mrdfs2_domain_accepts_valid_shape[0m
2026-09-10T18:24:21.5052198Z [32;1m        PASS[0m [   0.008s] (2733/2877) [35;1msparq-zk-compose[0m [36mderivation::tests[0m[36m::[0m[34;1mrdfs3_range_rejects_wrong_derived_subject[0m
2026-09-10T18:24:21.5094568Z [32;1m        PASS[0m [   0.008s] (2734/2877) [35;1msparq-zk-compose[0m [36mderivation::tests[0m[36m::[0m[34;1mrdfs7_well_formed_accepts_valid_shape[0m
2026-09-10T18:24:21.5149722Z [32;1m        PASS[0m [   0.006s] (2735/2877) [35;1msparq-zk-compose[0m [36mderivation::tests[0m[36m::[0m[34;1mregime_admits_only_matching_rules[0m
2026-09-10T18:24:21.5199045Z [32;1m        PASS[0m [   0.007s] (2736/2877) [35;1msparq-zk-compose[0m [36mdriver::driver_glue_tests[0m[36m::[0m[34;1mtagged_witness_paths_do_not_collide[0m
2026-09-10T18:24:21.5227270Z [32;1m        PASS[0m [   0.013s] (2737/2877) [35;1msparq-zk-compose[0m [36mdriver::driver_glue_tests[0m[36m::[0m[34;1mrun_failing_tool_is_tool_error_distinct_from_spawn[0m
2026-09-10T18:24:21.5289762Z [32;1m        PASS[0m [   0.006s] (2738/2877) [35;1msparq-zk-compose[0m [36mholder::tests[0m[36m::[0m[34;1mholder_set_circuit_id_package_name[0m
2026-09-10T18:24:21.5359050Z [32;1m        PASS[0m [   0.012s] (2739/2877) [35;1msparq-zk-compose[0m [36mholder::tests[0m[36m::[0m[34;1mholder_pok_witness_digest_matches_holder_key_digest[0m
2026-09-10T18:24:21.5506820Z [32;1m        PASS[0m [   0.022s] (2740/2877) [35;1msparq-zk-compose[0m [36mholder::tests[0m[36m::[0m[34;1mholder_set_witness_assembles_consistently[0m
2026-09-10T18:24:21.7160099Z [32;1m        PASS[0m [   0.182s] (2741/2877) [35;1msparq-zk-compose[0m [36mholder::tests[0m[36m::[0m[34;1msparse_holder_deep_tree_witness_refolds_to_root[0m
2026-09-10T18:24:21.8390018Z [32;1m        PASS[0m [   0.124s] (2742/2877) [35;1msparq-zk-compose[0m [36missuer::tests[0m[36m::[0m[34;1mempty_subtree_roots_fold_like_dense_padding[0m
2026-09-10T18:24:21.9169972Z [32;1m        PASS[0m [   0.078s] (2743/2877) [35;1msparq-zk-compose[0m [36missuer::tests[0m[36m::[0m[34;1mhonest_witness_respects_reduction_buckets[0m
2026-09-10T18:24:21.9409634Z [32;1m        PASS[0m [   0.023s] (2744/2877) [35;1msparq-zk-compose[0m [36missuer::tests[0m[36m::[0m[34;1mpadded_key_set_root_is_defined[0m
2026-09-10T18:24:21.9829434Z [32;1m        PASS[0m [   0.042s] (2745/2877) [35;1msparq-zk-compose[0m [36missuer::tests[0m[36m::[0m[34;1msparse_empty_slot_path_is_well_defined[0m
2026-09-10T18:24:22.0909737Z [32;1m        PASS[0m [   0.109s] (2746/2877) [35;1msparq-zk-compose[0m [36missuer::tests[0m[36m::[0m[34;1msparse_valid_depth_31_root_and_path_are_defined[0m
2026-09-10T18:24:22.0989694Z [32;1m        PASS[0m [   0.007s] (2747/2877) [35;1msparq-zk-compose[0m [36mmanifest::canonical_edge_tests[0m[36m::[0m[34;1mbinding_edges_canonicalise_to_total_order[0m
2026-09-10T18:24:22.1119638Z [32;1m        PASS[0m [   0.013s] (2748/2877) [35;1msparq-zk-compose[0m [36mmanifest::holder_binding_tests[0m[36m::[0m[34;1mattested_holder_binding_round_trips_and_wires_t1_digest[0m
2026-09-10T18:24:22.1269433Z [32;1m        PASS[0m [   0.015s] (2749/2877) [35;1msparq-zk-compose[0m [36mmanifest::holder_binding_tests[0m[36m::[0m[34;1mold_manifest_without_holder_field_still_parses[0m
2026-09-10T18:24:22.1329490Z [32;1m        PASS[0m [   0.006s] (2750/2877) [35;1msparq-zk-compose[0m [36mmanifest::join_schema_tests[0m[36m::[0m[34;1mjoin_eq_field_ordering_matches_circuit_layout[0m
2026-09-10T18:24:22.1389194Z [32;1m        PASS[0m [   0.006s] (2751/2877) [35;1msparq-zk-compose[0m [36mn3::tests[0m[36m::[0m[34;1madmit_accepts_the_safe_rules[0m
2026-09-10T18:24:22.1449152Z [32;1m        PASS[0m [   0.006s] (2752/2877) [35;1msparq-zk-compose[0m [36mn3::tests[0m[36m::[0m[34;1madmit_rejects_degenerate_rules[0m
2026-09-10T18:24:22.1509358Z [32;1m        PASS[0m [   0.006s] (2753/2877) [35;1msparq-zk-compose[0m [36mn3::tests[0m[36m::[0m[34;1mclassify_admits_every_whitelisted_math_builtin[0m
2026-09-10T18:24:22.1919461Z [32;1m        PASS[0m [   0.040s] (2754/2877) [35;1msparq-zk-compose[0m [36mn3::tests[0m[36m::[0m[34;1mcommit_is_deterministic_and_bucket_dependent[0m
2026-09-10T18:24:22.1979333Z [32;1m        PASS[0m [   0.006s] (2755/2877) [35;1msparq-zk-compose[0m [36mn3::tests[0m[36m::[0m[34;1mvar_count_reports_the_bucket_the_rules_need[0m
2026-09-10T18:24:22.2219746Z [32;1m        PASS[0m [   0.024s] (2756/2877) [35;1msparq-zk-compose[0m [36mrevocation::tests[0m[36m::[0m[34;1maccepted_set_root_binds_list_version_and_root_atomically[0m
2026-09-10T18:24:22.2279394Z [32;1m        PASS[0m [   0.006s] (2757/2877) [35;1msparq-zk-compose[0m [36mrevocation::tests[0m[36m::[0m[34;1many_bit_set_is_fail_closed_on_missing_bytes[0m
2026-09-10T18:24:22.2369271Z [32;1m        PASS[0m [   0.008s] (2758/2877) [35;1msparq-zk-compose[0m [36mrevocation::tests[0m[36m::[0m[34;1mh2_matches_documented_cross_vector[0m
2026-09-10T18:24:22.2419297Z [32;1m        PASS[0m [   0.006s] (2759/2877) [35;1msparq-zk-compose[0m [36mrevocation::tests[0m[36m::[0m[34;1mout_of_range_index_is_none[0m
2026-09-10T18:24:22.2669529Z [32;1m        PASS[0m [   0.022s] (2760/2877) [35;1msparq-zk-compose[0m [36mrevocation::tests[0m[36m::[0m[34;1msparse_witness_in_padding_region_is_revoked_and_consistent[0m
2026-09-10T18:24:22.2729329Z [32;1m        PASS[0m [   0.006s] (2761/2877) [35;1msparq-zk-compose[0m [36msameas::tests[0m[36m::[0m[34;1ma_star_witness_over_a_chain_is_refused[0m
2026-09-10T18:24:22.2769241Z [32;1m        PASS[0m [   0.006s] (2762/2877) [35;1msparq-zk-compose[0m [36msameas::tests[0m[36m::[0m[34;1mcanon_maps_members_and_fixes_strangers[0m
2026-09-10T18:24:22.2849349Z [32;1m        PASS[0m [   0.006s] (2763/2877) [35;1msparq-zk-compose[0m [36msameas::tests[0m[36m::[0m[34;1mcheck_rejects_a_non_self_representing_root[0m
2026-09-10T18:24:22.2889491Z [32;1m        PASS[0m [   0.006s] (2764/2877) [35;1msparq-zk-compose[0m [36msameas::tests[0m[36m::[0m[34;1mentails_row_accepts_the_rewritten_row[0m
2026-09-10T18:24:22.2969292Z [32;1m        PASS[0m [   0.006s] (2765/2877) [35;1msparq-zk-compose[0m [36msameas::tests[0m[36m::[0m[34;1mmerges_are_justified_in_either_orientation[0m
2026-09-10T18:24:22.3029305Z [32;1m        PASS[0m [   0.006s] (2766/2877) [35;1msparq-zk-compose[0m [36mtoml::toml_glue_tests[0m[36m::[0m[34;1mfield_hex_round_trips_through_the_field[0m
2026-09-10T18:24:22.3089310Z [32;1m        PASS[0m [   0.006s] (2767/2877) [35;1msparq-zk-compose[0m [36mtoml::toml_glue_tests[0m[36m::[0m[34;1mprover_toml_error_variants_are_distinct[0m
2026-09-10T18:24:22.3149391Z [32;1m        PASS[0m [   0.006s] (2768/2877) [35;1msparq-zk-compose[0m [36mtoml::toml_glue_tests[0m[36m::[0m[34;1mprover_toml_for_signed_without_witness_is_recoverable_error[0m
2026-09-10T18:24:22.3539420Z [32;1m        PASS[0m [   0.042s] (2769/2877) [35;1msparq-zk-compose[0m [36mverifier::tests[0m[36m::[0m[34;1maccepted_entries_are_freshness_curated_and_canonically_ordered[0m
2026-09-10T18:24:22.3839450Z [32;1m        PASS[0m [   0.030s] (2770/2877) [35;1msparq-zk-compose[0m [36mverifier::tests[0m[36m::[0m[34;1mbind_issuer_attestations_flat_scan_is_feature_state_invariant[0m
2026-09-10T18:24:22.3899404Z [32;1m        PASS[0m [   0.006s] (2771/2877) [35;1msparq-zk-compose[0m [36mverifier::tests[0m[36m::[0m[34;1mhex_decode_and_take_lp_reject_bad_bytes[0m
2026-09-10T18:24:22.3989569Z [32;1m        PASS[0m [   0.007s] (2772/2877) [35;1msparq-zk-compose[0m [36mverifier::tests[0m[36m::[0m[34;1mhidden_only_salt_disclosure_is_dominated_by_the_clear_commitment[0m
2026-09-10T18:24:22.4029771Z [32;1m        PASS[0m [   0.006s] (2773/2877) [35;1msparq-zk-compose[0m [36mverifier::tests[0m[36m::[0m[34;1mreconstruct_filter_f64_matches_real_bb_public_inputs[0m
2026-09-10T18:24:22.4101243Z [32;1m        PASS[0m [   0.006s] (2774/2877) [35;1msparq-zk-compose[0m [36mverifier::tests[0m[36m::[0m[34;1mreconstruct_is_statement_sensitive[0m
2026-09-10T18:24:22.4159382Z [32;1m        PASS[0m [   0.006s] (2775/2877) [35;1msparq-zk-compose[0m [36mverifier::tests[0m[36m::[0m[34;1mreconstruct_scan_matches_real_bb_public_inputs[0m
2026-09-10T18:24:22.4879740Z [32;1m        PASS[0m [   0.072s] (2776/2877) [35;1msparq-zk-compose[0m [36mverifier::tests[0m[36m::[0m[34;1mtwo_credentials_with_distinct_status_refs_are_rejected[0m
2026-09-10T18:24:22.5249704Z [32;1m        PASS[0m [   0.037s] (2777/2877) [35;1msparq-zk-compose::audit_forge_map[0m [34;1mfinding_03_untrusted_issuer_key_rejected[0m
2026-09-10T18:24:22.5539454Z [32;1m        PASS[0m [   0.027s] (2778/2877) [35;1msparq-zk-compose::audit_forge_map[0m [34;1mfinding_05_filter_bound_substitution_rejected[0m
2026-09-10T18:24:22.5879332Z [32;1m        PASS[0m [   0.035s] (2779/2877) [35;1msparq-zk-compose::audit_forge_map[0m [34;1mfinding_08_attribution_collapse_rejected[0m
2026-09-10T18:24:22.6149315Z [32;1m        PASS[0m [   0.027s] (2780/2877) [35;1msparq-zk-compose::audit_forge_map[0m [34;1mfinding_10_constant_swap_rejected[0m
2026-09-10T18:24:22.6529375Z [32;1m        PASS[0m [   0.037s] (2781/2877) [35;1msparq-zk-compose::audit_forge_map[0m [34;1mfinding_12_revoked_bit_rejected[0m
2026-09-10T18:24:22.6599323Z [32;1m        PASS[0m [   0.007s] (2782/2877) [35;1msparq-zk-compose::bb_gates_matrix[0m [34;1mcomparison_numbers_are_joined_from_snapshot[0m
2026-09-10T18:24:22.6659186Z [32;1m        PASS[0m [   0.006s] (2783/2877) [35;1msparq-zk-compose::bb_gates_matrix[0m [34;1mmatrix_circuit_sizes_match_snapshot[0m
2026-09-10T18:24:22.6719034Z [32;1m        PASS[0m [   0.006s] (2784/2877) [35;1msparq-zk-compose::bb_gates_matrix[0m [34;1msummary_matches_rows[0m
2026-09-10T18:24:22.6779184Z [32;1m        PASS[0m [   0.006s] (2785/2877) [35;1msparq-zk-compose::coverage_direct[0m [34;1mbinding_mode_holder_pop_malformed_key_is_none[0m
2026-09-10T18:24:22.6879474Z [32;1m        PASS[0m [   0.010s] (2786/2877) [35;1msparq-zk-compose::coverage_direct[0m [34;1mencode_decimal_literal_matches_independent_lexical_encoding[0m
2026-09-10T18:24:22.6929191Z [32;1m        PASS[0m [   0.006s] (2787/2877) [35;1msparq-zk-compose::coverage_direct[0m [34;1mgen_witness_without_package_dir_is_io_error[0m
2026-09-10T18:24:22.7109281Z [32;1m        PASS[0m [   0.017s] (2788/2877) [35;1msparq-zk-compose::coverage_direct[0m [34;1mkeyset_member_index_is_normalized_and_fail_closed[0m
2026-09-10T18:24:22.7169310Z [32;1m        PASS[0m [   0.006s] (2789/2877) [35;1msparq-zk-compose::coverage_direct[0m [34;1mverifier_nonce_from_field_matches_from_hex[0m
2026-09-10T18:24:22.7239458Z [32;1m        PASS[0m [   0.008s] (2790/2877) [35;1msparq-zk-compose::differential_fuzz[0m [34;1msq_wto_five_digit_operand_errors_cleanly_not_silently_unprovable[0m
2026-09-10T18:24:22.7629675Z [32;1m        PASS[0m [   0.038s] (2791/2877) [35;1msparq-zk-compose::e2e[0m [34;1mattribution_honest_cross_graph_without_obligation_rejected[0m
2026-09-10T18:24:22.8409469Z [32;1m        PASS[0m [   0.078s] (2792/2877) [35;1msparq-zk-compose::e2e[0m [34;1mattribution_over_declared_is_accepted[0m
2026-09-10T18:24:22.8789718Z [32;1m        PASS[0m [   0.037s] (2793/2877) [35;1msparq-zk-compose::e2e[0m [34;1mcompleteness_demand_leaves_simple_regime_verifiable[0m
2026-09-10T18:24:22.9569599Z [32;1m        PASS[0m [   0.079s] (2794/2877) [35;1msparq-zk-compose::e2e[0m [34;1mdistinct_salts_verify[0m
2026-09-10T18:24:22.9959680Z [32;1m        PASS[0m [   0.038s] (2795/2877) [35;1msparq-zk-compose::e2e[0m [34;1mentailment_rdfs_rejected_under_simple_only_policy[0m
2026-09-10T18:24:23.0319366Z [32;1m        PASS[0m [   0.037s] (2796/2877) [35;1msparq-zk-compose::e2e[0m [34;1mentailment_simple_accepted_progresses_past_gate[0m
2026-09-10T18:24:23.0709322Z [32;1m        PASS[0m [   0.038s] (2797/2877) [35;1msparq-zk-compose::e2e[0m [34;1mfilter_binding_happy_path_structure[0m
2026-09-10T18:24:23.0779378Z [32;1m        PASS[0m [   0.008s] (2798/2877) [35;1msparq-zk-compose::e2e[0m [34;1mfilter_f64_out_of_family_errors_cleanly[0m
2026-09-10T18:24:23.0919333Z [32;1m        PASS[0m [   0.013s] (2799/2877) [35;1msparq-zk-compose::e2e[0m [34;1mfilter_reject_constant_swap_age_as_salary[0m
2026-09-10T18:24:23.1099147Z [32;1m        PASS[0m [   0.019s] (2800/2877) [35;1msparq-zk-compose::e2e[0m [34;1mfilter_reject_operand_slot_substitution[0m
2026-09-10T18:24:23.1249639Z [32;1m        PASS[0m [   0.015s] (2801/2877) [35;1msparq-zk-compose::e2e[0m [34;1mfilter_reject_unproven_failing_row[0m
2026-09-10T18:24:23.1639547Z [32;1m        PASS[0m [   0.039s] (2802/2877) [35;1msparq-zk-compose::e2e[0m [34;1mfilter_two_rows_both_gated_verifies[0m
2026-09-10T18:24:23.1719410Z [32;1m        PASS[0m [   0.006s] (2803/2877) [35;1msparq-zk-compose::e2e[0m [34;1mforge_positive_honest_filter_verifies[0m
2026-09-10T18:24:23.1789176Z [32;1m        PASS[0m [   0.006s] (2804/2877) [35;1msparq-zk-compose::e2e[0m [34;1mforge_reject_statement_substitution[0m
2026-09-10T18:24:23.2029261Z [32;1m        PASS[0m [   0.026s] (2805/2877) [35;1msparq-zk-compose::e2e[0m [34;1mforge_wrong_length_attribution_rejected[0m
2026-09-10T18:24:23.2419428Z [32;1m        PASS[0m [   0.038s] (2806/2877) [35;1msparq-zk-compose::e2e[0m [34;1mfully_hidden_proof_without_fully_hidden_reference_rejected[0m
2026-09-10T18:24:23.2809310Z [32;1m        PASS[0m [   0.038s] (2807/2877) [35;1msparq-zk-compose::e2e[0m [34;1mfully_hidden_reference_without_proof_rejected[0m
2026-09-10T18:24:23.3529369Z [32;1m        PASS[0m [   0.074s] (2808/2877) [35;1msparq-zk-compose::e2e[0m [34;1mholder_binding_a_presents_b_rejected[0m
2026-09-10T18:24:23.4089510Z [32;1m        PASS[0m [   0.054s] (2809/2877) [35;1msparq-zk-compose::e2e[0m [34;1mholder_binding_identity_key_rejected[0m
2026-09-10T18:24:23.4629289Z [32;1m        PASS[0m [   0.055s] (2810/2877) [35;1msparq-zk-compose::e2e[0m [34;1mholder_pop_invalid_signature_rejected[0m
2026-09-10T18:24:23.4999492Z [32;1m        PASS[0m [   0.037s] (2811/2877) [35;1msparq-zk-compose::e2e[0m [34;1missuer_accept_declared_keyset_includes_attestation_key[0m
2026-09-10T18:24:23.5379391Z [32;1m        PASS[0m [   0.037s] (2812/2877) [35;1msparq-zk-compose::e2e[0m [34;1missuer_accept_when_external_k_trusts_the_key[0m
2026-09-10T18:24:23.5649348Z [32;1m        PASS[0m [   0.027s] (2813/2877) [35;1msparq-zk-compose::e2e[0m [34;1missuer_reject_drop_triple_recommit_suppression[0m
2026-09-10T18:24:23.5919340Z [32;1m        PASS[0m [   0.027s] (2814/2877) [35;1msparq-zk-compose::e2e[0m [34;1missuer_reject_key_not_in_keyset[0m
2026-09-10T18:24:23.6209359Z [32;1m        PASS[0m [   0.028s] (2815/2877) [35;1msparq-zk-compose::e2e[0m [34;1missuer_reject_unknown_cryptosuite[0m
2026-09-10T18:24:23.6369246Z [32;1m        PASS[0m [   0.018s] (2816/2877) [35;1msparq-zk-compose::e2e[0m [34;1missuer_xxg_neither_clear_nor_hidden_rejected[0m
2026-09-10T18:24:23.6989452Z [32;1m        PASS[0m [   0.062s] (2817/2877) [35;1msparq-zk-compose::e2e[0m [34;1mnonce_binding_mismatch_rejected[0m
2026-09-10T18:24:23.7509450Z [32;1m        PASS[0m [   0.052s] (2818/2877) [35;1msparq-zk-compose::e2e[0m [34;1mpattern_scans_do_not_narrow_the_cross_slot_filter_obligation[0m
2026-09-10T18:24:23.8339830Z [32;1m        PASS[0m [   0.082s] (2819/2877) [35;1msparq-zk-compose::e2e[0m [34;1mpattern_scans_reject_a_declaration_contradicting_the_bound_constants[0m
2026-09-10T18:24:23.8589381Z [32;1m        PASS[0m [   0.026s] (2820/2877) [35;1msparq-zk-compose::e2e[0m [34;1mrepeated_pattern_var_rejects_a_row_whose_slots_disagree[0m
2026-09-10T18:24:23.8859254Z [32;1m        PASS[0m [   0.027s] (2821/2877) [35;1msparq-zk-compose::e2e[0m [34;1mrevocation_omitted_field_still_rejected[0m
2026-09-10T18:24:23.9229560Z [32;1m        PASS[0m [   0.037s] (2822/2877) [35;1msparq-zk-compose::e2e[0m [34;1mrevocation_reaudit_forged_active_snapshot_cannot_unrevoke[0m
2026-09-10T18:24:23.9609286Z [32;1m        PASS[0m [   0.037s] (2823/2877) [35;1msparq-zk-compose::e2e[0m [34;1mrevocation_revoked_credential_rejected[0m
2026-09-10T18:24:23.9969216Z [32;1m        PASS[0m [   0.037s] (2824/2877) [35;1msparq-zk-compose::e2e[0m [34;1mrevocation_within_window_verifies[0m
2026-09-10T18:24:24.0969586Z [32;1m        PASS[0m [   0.100s] (2825/2877) [35;1msparq-zk-compose::e2e[0m [34;1msalt_reuse_across_distinct_graphs_rejected[0m
2026-09-10T18:24:24.1349715Z [32;1m        PASS[0m [   0.037s] (2826/2877) [35;1msparq-zk-compose::e2e[0m [34;1mstructure_accepts_well_formed_manifest[0m
2026-09-10T18:24:24.1619310Z [32;1m        PASS[0m [   0.027s] (2827/2877) [35;1msparq-zk-compose::e2e[0m [34;1mstructure_rejects_cross_graph_bnode_join[0m
2026-09-10T18:24:24.1679299Z [32;1m        PASS[0m [   0.006s] (2828/2877) [35;1msparq-zk-compose::e2e[0m [34;1mwitness_gen_filter_int_ne_rejects_false_verdict[0m
2026-09-10T18:24:24.1739088Z [32;1m        PASS[0m [   0.006s] (2829/2877) [35;1msparq-zk-compose::e2e[0m [34;1mwitness_gen_filter_int_satisfiable[0m
2026-09-10T18:24:24.1919378Z [32;1m        PASS[0m [   0.016s] (2830/2877) [35;1msparq-zk-compose::family_members_pzet[0m [34;1mbuild_scan_derives_new_k1_r8_member[0m
2026-09-10T18:24:24.2669494Z [32;1m        PASS[0m [   0.075s] (2831/2877) [35;1msparq-zk-compose::family_members_pzet[0m [34;1mjoin_eq_na64_nb64_rejects_unequal_values[0m
2026-09-10T18:24:24.2729389Z [32;1m        PASS[0m [   0.006s] (2832/2877) [35;1msparq-zk-compose::family_members_pzet[0m [34;1mscan_k1_n16_r8_witness_satisfiable[0m
2026-09-10T18:24:24.2789319Z [32;1m        PASS[0m [   0.006s] (2833/2877) [35;1msparq-zk-compose::filter_signed_binding[0m [34;1mdecimal_binding_rejects_fraction_lie[0m
2026-09-10T18:24:24.3149341Z [32;1m        PASS[0m [   0.035s] (2834/2877) [35;1msparq-zk-compose::forge_gates[0m [34;1mforge_attribution_under_declared_rejected[0m
2026-09-10T18:24:24.3509363Z [32;1m        PASS[0m [   0.037s] (2835/2877) [35;1msparq-zk-compose::forge_gates[0m [34;1mforge_issuer_key_not_in_external_k_rejected[0m
2026-09-10T18:24:24.3872036Z [32;1m        PASS[0m [   0.037s] (2836/2877) [35;1msparq-zk-compose::forge_gates[0m [34;1mforge_revocation_revoked_bit_rejected[0m
2026-09-10T18:24:24.4289483Z [32;1m        PASS[0m [   0.041s] (2837/2877) [35;1msparq-zk-compose::forge_gates[0m [34;1mforge_scan_out_of_order_commitment_structural_rejected[0m
2026-09-10T18:24:24.4349181Z [32;1m        PASS[0m [   0.006s] (2838/2877) [35;1msparq-zk-compose::gate_count[0m [34;1mgate_count_regression[0m
2026-09-10T18:24:24.4709367Z [32;1m        PASS[0m [   0.035s] (2839/2877) [35;1msparq-zk-compose::holder_pok_binding[0m [34;1mholder_pok_malformed_commitment_rejected[0m
2026-09-10T18:24:24.5279497Z [32;1m        PASS[0m [   0.059s] (2840/2877) [35;1msparq-zk-compose::holder_pop_forge[0m [34;1mforge_bearer_where_binding_required_rejected[0m
2026-09-10T18:24:24.5849591Z [32;1m        PASS[0m [   0.056s] (2841/2877) [35;1msparq-zk-compose::holder_pop_forge[0m [34;1mforge_identity_presented_key_rejected_fail_closed[0m
2026-09-10T18:24:24.6449576Z [32;1m        PASS[0m [   0.061s] (2842/2877) [35;1msparq-zk-compose::holder_pop_forge[0m [34;1mforge_tampered_attested_digest_rejected_invalid_signature[0m
2026-09-10T18:24:24.7159686Z [32;1m        PASS[0m [   0.071s] (2843/2877) [35;1msparq-zk-compose::holder_pop_forge[0m [34;1mpositive_correctly_bound_hidden_tier_accepts[0m
2026-09-10T18:24:24.7229357Z [32;1m        PASS[0m [   0.006s] (2844/2877) [35;1msparq-zk-compose::holder_set_binding[0m [34;1mholder_set_circuit_id_round_trips[0m
2026-09-10T18:24:24.7619369Z [32;1m        PASS[0m [   0.040s] (2845/2877) [35;1msparq-zk-compose::holder_set_binding[0m [34;1mholder_set_non_field_commitment_rejected[0m
2026-09-10T18:24:24.8039529Z [32;1m        PASS[0m [   0.042s] (2846/2877) [35;1msparq-zk-compose::holder_set_binding[0m [34;1mholder_set_unreferenced_commitment_rejected[0m
2026-09-10T18:24:24.8099325Z [32;1m        PASS[0m [   0.006s] (2847/2877) [35;1msparq-zk-compose::host_helpers[0m [34;1mbinding_mode_challenge_accessor_for_both_variants[0m
2026-09-10T18:24:24.8159229Z [32;1m        PASS[0m [   0.006s] (2848/2877) [35;1msparq-zk-compose::host_helpers[0m [34;1mcanonical_digits_are_ascii_byte_codes[0m
2026-09-10T18:24:24.8219488Z [32;1m        PASS[0m [   0.006s] (2849/2877) [35;1msparq-zk-compose::host_helpers[0m [34;1mderive_filter_decimal_id_exact_shape_match_only[0m
2026-09-10T18:24:24.8279190Z [32;1m        PASS[0m [   0.006s] (2850/2877) [35;1msparq-zk-compose::host_helpers[0m [34;1mdriver_error_from_io_error_maps_to_io_variant[0m
2026-09-10T18:24:24.8339226Z [32;1m        PASS[0m [   0.006s] (2851/2877) [35;1msparq-zk-compose::host_helpers[0m [34;1mfilter_f64_prover_toml_renders_b_bits_not_bound[0m
2026-09-10T18:24:24.8399178Z [32;1m        PASS[0m [   0.006s] (2852/2877) [35;1msparq-zk-compose::host_helpers[0m [34;1mfilter_op_codes_are_the_circuit_globals[0m
2026-09-10T18:24:24.8459184Z [32;1m        PASS[0m [   0.006s] (2853/2877) [35;1msparq-zk-compose::host_helpers[0m [34;1mholder_pop_cryptosuite_defaults_when_absent_in_json[0m
2026-09-10T18:24:24.8519209Z [32;1m        PASS[0m [   0.006s] (2854/2877) [35;1msparq-zk-compose::host_helpers[0m [34;1mproof_artifacts_clone_and_encode_blob_layout[0m
2026-09-10T18:24:24.8579261Z [32;1m        PASS[0m [   0.006s] (2855/2877) [35;1msparq-zk-compose::host_helpers[0m [34;1mprover_toml_for_filter_decimal_renders_via_witness[0m
2026-09-10T18:24:24.8639306Z [32;1m        PASS[0m [   0.006s] (2856/2877) [35;1msparq-zk-compose::host_helpers[0m [34;1mprover_toml_for_filter_signed_int_renders_via_witness[0m
2026-09-10T18:24:24.8699314Z [32;1m        PASS[0m [   0.006s] (2857/2877) [35;1msparq-zk-compose::host_helpers[0m [34;1mprover_toml_for_scan_pads_rows_and_enc_to_circuit_dimensions[0m
2026-09-10T18:24:24.8749353Z [32;1m        PASS[0m [   0.006s] (2858/2877) [35;1msparq-zk-compose::host_helpers[0m [34;1mstatus_list_snapshot_second_byte_indexing[0m
2026-09-10T18:24:24.9359766Z [32;1m        PASS[0m [   0.060s] (2859/2877) [35;1msparq-zk-compose::join_forge[0m [34;1mstructural_forge_spurious_edge_unrelated_columns_rejected[0m
2026-09-10T18:24:24.9949635Z [32;1m        PASS[0m [   0.059s] (2860/2877) [35;1msparq-zk-compose::join_gates[0m [34;1mdrop_edge_falls_back_to_disclosed_path[0m
2026-09-10T18:24:25.0549575Z [32;1m        PASS[0m [   0.059s] (2861/2877) [35;1msparq-zk-compose::join_gates[0m [34;1mforge_join_commit_b_not_matching_scan_rejected[0m
2026-09-10T18:24:25.1139510Z [32;1m        PASS[0m [   0.059s] (2862/2877) [35;1msparq-zk-compose::join_gates[0m [34;1mforge_join_edge_points_at_wrong_scan_rejected[0m
2026-09-10T18:24:25.1729335Z [32;1m        PASS[0m [   0.059s] (2863/2877) [35;1msparq-zk-compose::join_gates[0m [34;1mforge_join_scan_a_not_scan_rejected[0m
2026-09-10T18:24:25.2309419Z [32;1m        PASS[0m [   0.059s] (2864/2877) [35;1msparq-zk-compose::join_gates[0m [34;1mhonest_join_passes_structural_bind_joins[0m
2026-09-10T18:24:25.3109312Z [32;1m        PASS[0m [   0.080s] (2865/2877) [35;1msparq-zk-compose::join_gates[0m [34;1mnway_chain_divergent_commitment_rejected[0m
2026-09-10T18:24:25.3209468Z [32;1m        PASS[0m [   0.009s] (2866/2877) [35;1msparq-zk-compose::site_age_enc_drift[0m [34;1msite_age_operand_enc_matches_native_encoder[0m
2026-09-10T18:24:25.3269296Z [32;1m        PASS[0m [   0.006s] (2867/2877) [35;1msparq-zk-compose::sparql_catalog[0m [34;1mcatalog_members_exist_in_snapshot[0m
2026-09-10T18:24:25.3330658Z [32;1m        PASS[0m [   0.006s] (2868/2877) [35;1msparq-zk-compose::sparql_catalog[0m [34;1mdesign_exclusions_say_why[0m
2026-09-10T18:24:25.3408999Z [32;1m        PASS[0m [   0.007s] (2869/2877) [35;1msparq-zk-compose::sparql_catalog[0m [34;1msummary_matches_rows[0m
2026-09-10T18:24:25.3469240Z [32;1m        PASS[0m [   0.006s] (2870/2877) [35;1msparq-zk-compose::verifier_errors[0m [34;1mcheck_error_display_covers_hidden_revocation_reasons[0m
2026-09-10T18:24:25.3529186Z [32;1m        PASS[0m [   0.006s] (2871/2877) [35;1msparq-zk-compose::verifier_errors[0m [34;1mcheck_error_display_covers_issuer_and_salt_reasons[0m
2026-09-10T18:24:25.3619449Z [32;1m        PASS[0m [   0.008s] (2872/2877) [35;1msparq-zk-compose::verifier_errors[0m [34;1mcheck_error_display_covers_structural_reject_reasons[0m
2026-09-10T18:24:25.3679682Z [32;1m        PASS[0m [   0.006s] (2873/2877) [35;1msparq-zk-compose::verifier_errors[0m [34;1mentailment_policy_default_is_simple_only_and_owl_subsumes_rdfs[0m
2026-09-10T18:24:25.3729988Z [32;1m        PASS[0m [   0.006s] (2874/2877) [35;1msparq-zk-compose::verifier_errors[0m [34;1mkeyset_from_hex_drops_unparseable_keys_failclosed[0m
2026-09-10T18:24:29.9085687Z [32;1m        PASS[0m [   8.357s] (2875/2877) [35;1msparq-zk-compose[0m [36mholder::tests[0m[36m::[0m[34;1msparse_holder_root_matches_dense_for_all_sizes[0m
2026-09-10T18:24:34.9443419Z [32;1m        PASS[0m [  56.748s] (2876/2877) [35;1msparq-vectors::filtered[0m [34;1mfiltered_traversal_recall_vs_exact_on_broad_mask[0m
2026-09-10T18:24:38.7739946Z [32;1m        PASS[0m [  48.958s] (2877/2877) [35;1msparq-vectors::filtered[0m [34;1mselective_mask_prefilter_is_exact[0m
2026-09-10T18:24:38.7741200Z ────────────
2026-09-10T18:24:38.7742322Z [32;1m     Summary[0m [ 179.632s] [1m2877[0m tests run: [1m2877[0m [32;1mpassed[0m ([1m2[0m [33;1mslow[0m), [1m5899[0m [33;1mskipped[0m
2026-09-10T18:24:38.7815970Z ##[endgroup]
2026-09-10T18:24:38.7816410Z shard 'bulk 2/3' passed on attempt 1
2026-09-10T18:24:38.7954741Z Post job cleanup.
2026-09-10T18:24:39.0162058Z [command]/usr/bin/git version
2026-09-10T18:24:39.0213631Z git version 2.55.0
2026-09-10T18:24:39.0255722Z Temporarily overriding HOME='/home/runner/work/_temp/301be83f-fd4c-4fd6-a518-8dc86734adde' before making global git config changes
2026-09-10T18:24:39.0257283Z Adding repository directory to the temporary git global config as a safe directory
2026-09-10T18:24:39.0262644Z [command]/usr/bin/git config --global --add safe.directory /home/runner/work/sparq/sparq
2026-09-10T18:24:39.0296077Z Removing SSH command configuration
2026-09-10T18:24:39.0303026Z [command]/usr/bin/git config --local --name-only --get-regexp core\.sshCommand
2026-09-10T18:24:39.0340809Z [command]/usr/bin/git submodule foreach --recursive sh -c "git config --local --name-only --get-regexp 'core\.sshCommand' && git config --local --unset-all 'core.sshCommand' || :"
2026-09-10T18:24:39.0674344Z Removing HTTP extra header
2026-09-10T18:24:39.0675774Z [command]/usr/bin/git config --local --name-only --get-regexp http\.https\:\/\/github\.com\/\.extraheader
2026-09-10T18:24:39.0720640Z [command]/usr/bin/git submodule foreach --recursive sh -c "git config --local --name-only --get-regexp 'http\.https\:\/\/github\.com\/\.extraheader' && git config --local --unset-all 'http.https://github.com/.extraheader' || :"
2026-09-10T18:24:39.0980445Z Removing includeIf entries pointing to credentials config files
2026-09-10T18:24:39.0987760Z [command]/usr/bin/git config --local --name-only --get-regexp ^includeIf\.gitdir:
2026-09-10T18:24:39.1064815Z includeif.gitdir:/home/runner/work/sparq/sparq/.git.path
2026-09-10T18:24:39.1066834Z includeif.gitdir:/home/runner/work/sparq/sparq/.git/worktrees/*.path
2026-09-10T18:24:39.1068093Z includeif.gitdir:/github/workspace/.git.path
2026-09-10T18:24:39.1069251Z includeif.gitdir:/github/workspace/.git/worktrees/*.path
2026-09-10T18:24:39.1071825Z [command]/usr/bin/git config --local --get-all includeif.gitdir:/home/runner/work/sparq/sparq/.git.path
2026-09-10T18:24:39.1111086Z /home/runner/work/_temp/git-credentials-1fc742d7-4d7d-4382-af4f-7fc0225f5cf4.config
2026-09-10T18:24:39.1122609Z [command]/usr/bin/git config --local --unset includeif.gitdir:/home/runner/work/sparq/sparq/.git.path /home/runner/work/_temp/git-credentials-1fc742d7-4d7d-4382-af4f-7fc0225f5cf4.config
2026-09-10T18:24:39.1165665Z [command]/usr/bin/git config --local --get-all includeif.gitdir:/home/runner/work/sparq/sparq/.git/worktrees/*.path
2026-09-10T18:24:39.1204311Z /home/runner/work/_temp/git-credentials-1fc742d7-4d7d-4382-af4f-7fc0225f5cf4.config
2026-09-10T18:24:39.1214570Z [command]/usr/bin/git config --local --unset includeif.gitdir:/home/runner/work/sparq/sparq/.git/worktrees/*.path /home/runner/work/_temp/git-credentials-1fc742d7-4d7d-4382-af4f-7fc0225f5cf4.config
2026-09-10T18:24:39.1252332Z [command]/usr/bin/git config --local --get-all includeif.gitdir:/github/workspace/.git.path
2026-09-10T18:24:39.1278462Z /github/runner_temp/git-credentials-1fc742d7-4d7d-4382-af4f-7fc0225f5cf4.config
2026-09-10T18:24:39.1287189Z [command]/usr/bin/git config --local --unset includeif.gitdir:/github/workspace/.git.path /github/runner_temp/git-credentials-1fc742d7-4d7d-4382-af4f-7fc0225f5cf4.config
2026-09-10T18:24:39.1323242Z [command]/usr/bin/git config --local --get-all includeif.gitdir:/github/workspace/.git/worktrees/*.path
2026-09-10T18:24:39.1348524Z /github/runner_temp/git-credentials-1fc742d7-4d7d-4382-af4f-7fc0225f5cf4.config
2026-09-10T18:24:39.1357834Z [command]/usr/bin/git config --local --unset includeif.gitdir:/github/workspace/.git/worktrees/*.path /github/runner_temp/git-credentials-1fc742d7-4d7d-4382-af4f-7fc0225f5cf4.config
2026-09-10T18:24:39.1395881Z [command]/usr/bin/git submodule foreach --recursive git config --local --show-origin --name-only --get-regexp remote.origin.url
2026-09-10T18:24:39.1632800Z Removing credentials config '/home/runner/work/_temp/git-credentials-1fc742d7-4d7d-4382-af4f-7fc0225f5cf4.config'
2026-09-10T18:24:39.1788391Z Cleaning up orphan processes
