2026-09-10T18:11:32.2591057Z Current runner version: '2.337.0'
2026-09-10T18:11:32.2617757Z ##[group]Runner Image Provisioner
2026-09-10T18:11:32.2618689Z Hosted Compute Agent
2026-09-10T18:11:32.2619266Z Version: 20260828.587
2026-09-10T18:11:32.2619979Z Commit: abac92662cab4cc7352de4f9f9d2e2419aad9c29
2026-09-10T18:11:32.2620716Z Build Date: 2026-08-28T16:44:25Z
2026-09-10T18:11:32.2621445Z Worker ID: {b34906ce-f29a-43aa-8d88-384d56b8d178}
2026-09-10T18:11:32.2622236Z Azure Region: eastus
2026-09-10T18:11:32.2622809Z ##[endgroup]
2026-09-10T18:11:32.2625314Z ##[group]Operating System
2026-09-10T18:11:32.2626017Z Ubuntu
2026-09-10T18:11:32.2626992Z 24.04.5
2026-09-10T18:11:32.2627530Z LTS
2026-09-10T18:11:32.2628031Z ##[endgroup]
2026-09-10T18:11:32.2628643Z ##[group]Runner Image
2026-09-10T18:11:32.2629254Z Image: ubuntu-24.04
2026-09-10T18:11:32.2629807Z Version: 20260907.300.1
2026-09-10T18:11:32.2631153Z Included Software: https://github.com/actions/runner-images/blob/ubuntu24/20260907.300/images/ubuntu/Ubuntu2404-Readme.md
2026-09-10T18:11:32.2632750Z Image Release: https://github.com/actions/runner-images/releases/tag/ubuntu24%2F20260907.300
2026-09-10T18:11:32.2633760Z ##[endgroup]
2026-09-10T18:11:32.2634979Z ##[group]GITHUB_TOKEN Permissions
2026-09-10T18:11:32.2637368Z Contents: read
2026-09-10T18:11:32.2638044Z Metadata: read
2026-09-10T18:11:32.2638627Z ##[endgroup]
2026-09-10T18:11:32.2640732Z Secret source: Actions
2026-09-10T18:11:32.2641831Z Cache mode: write
2026-09-10T18:11:32.2642785Z Prepare workflow directory
2026-09-10T18:11:32.3032960Z Prepare all required actions
2026-09-10T18:11:32.3081403Z Getting action download info
2026-09-10T18:11:32.5432985Z Download action repository 'actions/checkout@9c091bb21b7c1c1d1991bb908d89e4e9dddfe3e0' (SHA:9c091bb21b7c1c1d1991bb908d89e4e9dddfe3e0)
2026-09-10T18:11:32.6998056Z Download action repository 'taiki-e/install-action@18b1216eba7f8039b0f8d131d5473787f0edce68' (SHA:18b1216eba7f8039b0f8d131d5473787f0edce68)
2026-09-10T18:11:32.8777188Z Download action repository 'actions/download-artifact@3e5f45b2cfb9172054b4087a40e8e0b5a5461e7c' (SHA:3e5f45b2cfb9172054b4087a40e8e0b5a5461e7c)
2026-09-10T18:11:33.2111267Z Complete job name: test (load-aware shard bulk 3/3)
2026-09-10T18:11:33.2979092Z ##[group]Run actions/checkout@9c091bb21b7c1c1d1991bb908d89e4e9dddfe3e0
2026-09-10T18:11:33.2980857Z with:
2026-09-10T18:11:33.2981651Z   repository: sparq-org/sparq
2026-09-10T18:11:33.2991172Z   token: ***
2026-09-10T18:11:33.2991961Z   ssh-strict: true
2026-09-10T18:11:33.2992754Z   ssh-user: git
2026-09-10T18:11:33.2993563Z   persist-credentials: true
2026-09-10T18:11:33.2994453Z   clean: true
2026-09-10T18:11:33.2995261Z   sparse-checkout-cone-mode: true
2026-09-10T18:11:33.2996439Z   fetch-depth: 1
2026-09-10T18:11:33.2997224Z   fetch-tags: false
2026-09-10T18:11:33.2998029Z   show-progress: true
2026-09-10T18:11:33.2998837Z   lfs: false
2026-09-10T18:11:33.2999607Z   submodules: false
2026-09-10T18:11:33.3000441Z   set-safe-directory: true
2026-09-10T18:11:33.3001370Z   allow-unsafe-pr-checkout: false
2026-09-10T18:11:33.3002637Z env:
2026-09-10T18:11:33.3003385Z   CARGO_TERM_COLOR: always
2026-09-10T18:11:33.3004271Z   RUST_BACKTRACE: 1
2026-09-10T18:11:33.3005116Z   CARGO_NET_RETRY: 10
2026-09-10T18:11:33.3005945Z   CARGO_INCREMENTAL: 0
2026-09-10T18:11:33.3007054Z   CARGO_PROFILE_DEV_DEBUG: line-tables-only
2026-09-10T18:11:33.3008510Z   CARGO_TARGET_X86_64_UNKNOWN_LINUX_GNU_RUSTFLAGS: -C link-arg=-fuse-ld=lld
2026-09-10T18:11:33.3010609Z   HEAVY: test(=diskann_recall_at_10_vs_brute_force_on_50k) | test(=hnsw_recall_at_10_vs_brute_force_on_50k)
2026-09-10T18:11:33.3012321Z ##[endgroup]
2026-09-10T18:11:33.4096296Z Syncing repository: sparq-org/sparq
2026-09-10T18:11:33.4099451Z ##[group]Getting Git version info
2026-09-10T18:11:33.4100891Z Working directory is '/home/runner/work/sparq/sparq'
2026-09-10T18:11:33.4102908Z [command]/usr/bin/git version
2026-09-10T18:11:33.4160060Z git version 2.55.0
2026-09-10T18:11:33.4189972Z ##[endgroup]
2026-09-10T18:11:33.4202848Z Temporarily overriding HOME='/home/runner/work/_temp/ebde613e-8d2f-416b-bdef-d130240cc7b3' before making global git config changes
2026-09-10T18:11:33.4208201Z Adding repository directory to the temporary git global config as a safe directory
2026-09-10T18:11:33.4218305Z [command]/usr/bin/git config --global --add safe.directory /home/runner/work/sparq/sparq
2026-09-10T18:11:33.4269414Z Deleting the contents of '/home/runner/work/sparq/sparq'
2026-09-10T18:11:33.4274130Z ##[group]Determining repository object format
2026-09-10T18:11:33.4277548Z ##[endgroup]
2026-09-10T18:11:33.4279931Z ##[group]Initializing the repository
2026-09-10T18:11:33.4289093Z [command]/usr/bin/git init /home/runner/work/sparq/sparq
2026-09-10T18:11:33.4405657Z hint: Using 'master' as the name for the initial branch. This default branch name
2026-09-10T18:11:33.4409122Z hint: will change to "main" in Git 3.0. To configure the initial branch name
2026-09-10T18:11:33.4412279Z hint: to use in all of your new repositories, which will suppress this warning,
2026-09-10T18:11:33.4415031Z hint: call:
2026-09-10T18:11:33.4416471Z hint:
2026-09-10T18:11:33.4417970Z hint: 	git config --global init.defaultBranch <name>
2026-09-10T18:11:33.4419881Z hint:
2026-09-10T18:11:33.4421713Z hint: Names commonly chosen instead of 'master' are 'main', 'trunk' and
2026-09-10T18:11:33.4424794Z hint: 'development'. The just-created branch can be renamed via this command:
2026-09-10T18:11:33.4433681Z hint:
2026-09-10T18:11:33.4434956Z hint: 	git branch -m <name>
2026-09-10T18:11:33.4436660Z hint:
2026-09-10T18:11:33.4438200Z hint: Disable this message with "git config set advice.defaultBranchName false"
2026-09-10T18:11:33.4440916Z Initialized empty Git repository in /home/runner/work/sparq/sparq/.git/
2026-09-10T18:11:33.4446324Z [command]/usr/bin/git remote add origin https://github.com/sparq-org/sparq
2026-09-10T18:11:33.4492476Z ##[endgroup]
2026-09-10T18:11:33.4494951Z ##[group]Disabling automatic garbage collection
2026-09-10T18:11:33.4496832Z [command]/usr/bin/git config --local gc.auto 0
2026-09-10T18:11:33.4540016Z ##[endgroup]
2026-09-10T18:11:33.4542298Z ##[group]Setting up auth
2026-09-10T18:11:33.4543906Z Removing SSH command configuration
2026-09-10T18:11:33.4548137Z [command]/usr/bin/git config --local --name-only --get-regexp core\.sshCommand
2026-09-10T18:11:33.4594442Z [command]/usr/bin/git submodule foreach --recursive sh -c "git config --local --name-only --get-regexp 'core\.sshCommand' && git config --local --unset-all 'core.sshCommand' || :"
2026-09-10T18:11:33.4979763Z Removing HTTP extra header
2026-09-10T18:11:33.4986741Z [command]/usr/bin/git config --local --name-only --get-regexp http\.https\:\/\/github\.com\/\.extraheader
2026-09-10T18:11:33.5027099Z [command]/usr/bin/git submodule foreach --recursive sh -c "git config --local --name-only --get-regexp 'http\.https\:\/\/github\.com\/\.extraheader' && git config --local --unset-all 'http.https://github.com/.extraheader' || :"
2026-09-10T18:11:33.5260473Z Removing includeIf entries pointing to credentials config files
2026-09-10T18:11:33.5265442Z [command]/usr/bin/git config --local --name-only --get-regexp ^includeIf\.gitdir:
2026-09-10T18:11:33.5304340Z [command]/usr/bin/git submodule foreach --recursive git config --local --show-origin --name-only --get-regexp remote.origin.url
2026-09-10T18:11:33.5545613Z [command]/usr/bin/git config --file /home/runner/work/_temp/git-credentials-212398b2-336c-4151-bf3b-8c3b2812b0b8.config http.https://github.com/.extraheader AUTHORIZATION: basic ***
2026-09-10T18:11:33.5588013Z [command]/usr/bin/git config --local includeIf.gitdir:/home/runner/work/sparq/sparq/.git.path /home/runner/work/_temp/git-credentials-212398b2-336c-4151-bf3b-8c3b2812b0b8.config
2026-09-10T18:11:33.5624018Z [command]/usr/bin/git config --local includeIf.gitdir:/home/runner/work/sparq/sparq/.git/worktrees/*.path /home/runner/work/_temp/git-credentials-212398b2-336c-4151-bf3b-8c3b2812b0b8.config
2026-09-10T18:11:33.5663653Z [command]/usr/bin/git config --local includeIf.gitdir:/github/workspace/.git.path /github/runner_temp/git-credentials-212398b2-336c-4151-bf3b-8c3b2812b0b8.config
2026-09-10T18:11:33.5701691Z [command]/usr/bin/git config --local includeIf.gitdir:/github/workspace/.git/worktrees/*.path /github/runner_temp/git-credentials-212398b2-336c-4151-bf3b-8c3b2812b0b8.config
2026-09-10T18:11:33.5735140Z ##[endgroup]
2026-09-10T18:11:33.5737118Z ##[group]Fetching the repository
2026-09-10T18:11:33.5818235Z [command]/usr/bin/git -c protocol.version=2 fetch --no-tags --prune --no-recurse-submodules --depth=1 origin +613cad4d82742955394658dbac03483ef3a4cf97:refs/remotes/pull/6486/merge
2026-09-10T18:11:37.1002052Z From https://github.com/sparq-org/sparq
2026-09-10T18:11:37.1002966Z  * [new ref]         613cad4d82742955394658dbac03483ef3a4cf97 -> pull/6486/merge
2026-09-10T18:11:37.1020652Z ##[endgroup]
2026-09-10T18:11:37.1021438Z ##[group]Determining the checkout info
2026-09-10T18:11:37.1022265Z ##[endgroup]
2026-09-10T18:11:37.1022811Z [command]/usr/bin/git sparse-checkout disable
2026-09-10T18:11:37.1079614Z [command]/usr/bin/git config --local --unset-all extensions.worktreeConfig
2026-09-10T18:11:37.1118912Z ##[group]Checking out the ref
2026-09-10T18:11:37.1127442Z [command]/usr/bin/git checkout --progress --force refs/remotes/pull/6486/merge
2026-09-10T18:11:37.6705537Z Note: switching to 'refs/remotes/pull/6486/merge'.
2026-09-10T18:11:37.6706423Z 
2026-09-10T18:11:37.6706847Z You are in 'detached HEAD' state. You can look around, make experimental
2026-09-10T18:11:37.6707771Z changes and commit them, and you can discard any commits you make in this
2026-09-10T18:11:37.6708617Z state without impacting any branches by switching back to a branch.
2026-09-10T18:11:37.6709152Z 
2026-09-10T18:11:37.6710137Z If you want to create a new branch to retain commits you create, you may
2026-09-10T18:11:37.6711010Z do so (now or later) by using -c with the switch command. Example:
2026-09-10T18:11:37.6711767Z 
2026-09-10T18:11:37.6711972Z   git switch -c <new-branch-name>
2026-09-10T18:11:37.6712324Z 
2026-09-10T18:11:37.6712619Z Or undo this operation with:
2026-09-10T18:11:37.6712951Z 
2026-09-10T18:11:37.6713119Z   git switch -
2026-09-10T18:11:37.6713404Z 
2026-09-10T18:11:37.6714285Z Turn off this advice by setting config variable advice.detachedHead to false
2026-09-10T18:11:37.6714916Z 
2026-09-10T18:11:37.6715571Z HEAD is now at 613cad4 Merge 9ac4a59e96b1c69c8d617fbde9e98fe8c0436fed into f50b5049627415a0f8fd1eca6dd3cb9ac5fcd464
2026-09-10T18:11:37.6727747Z ##[endgroup]
2026-09-10T18:11:37.6779160Z [command]/usr/bin/git log -1 --format=%H
2026-09-10T18:11:37.6810245Z 613cad4d82742955394658dbac03483ef3a4cf97
2026-09-10T18:11:37.7036547Z ##[group]Run ./scripts/ci-free-disk.sh
2026-09-10T18:11:37.7037002Z [36;1m./scripts/ci-free-disk.sh[0m
2026-09-10T18:11:37.7078851Z shell: /usr/bin/bash -e {0}
2026-09-10T18:11:37.7079156Z env:
2026-09-10T18:11:37.7079362Z   CARGO_TERM_COLOR: always
2026-09-10T18:11:37.7079612Z   RUST_BACKTRACE: 1
2026-09-10T18:11:37.7079822Z   CARGO_NET_RETRY: 10
2026-09-10T18:11:37.7080082Z   CARGO_INCREMENTAL: 0
2026-09-10T18:11:37.7080360Z   CARGO_PROFILE_DEV_DEBUG: line-tables-only
2026-09-10T18:11:37.7080762Z   CARGO_TARGET_X86_64_UNKNOWN_LINUX_GNU_RUSTFLAGS: -C link-arg=-fuse-ld=lld
2026-09-10T18:11:37.7081348Z   HEAVY: test(=diskann_recall_at_10_vs_brute_force_on_50k) | test(=hnsw_recall_at_10_vs_brute_force_on_50k)
2026-09-10T18:11:37.7081808Z ##[endgroup]
2026-09-10T18:11:37.7196174Z ##[group]Free runner disk — before
2026-09-10T18:11:37.7312706Z Filesystem      Size  Used Avail Use% Mounted on
2026-09-10T18:11:37.7313311Z /dev/root       145G   59G   86G  41% /
2026-09-10T18:11:37.7314728Z ##[endgroup]
2026-09-10T18:11:37.7316340Z removing /usr/share/dotnet
2026-09-10T18:11:47.6877206Z removing /usr/local/lib/android
2026-09-10T18:12:53.9760979Z removing /usr/local/.ghcup
2026-09-10T18:12:55.6230120Z removing /opt/hostedtoolcache/CodeQL
2026-09-10T18:13:01.4605028Z removing /usr/local/share/powershell
2026-09-10T18:13:01.7845751Z removing /usr/share/swift
2026-09-10T18:13:01.9798656Z removing /opt/hostedtoolcache (hosted toolcache)
2026-09-10T18:13:15.9877054Z pruning docker images
2026-09-10T18:13:30.4355814Z Deleted Images:
2026-09-10T18:13:30.4356661Z untagged: ghcr.io/dependabot/dependabot-updater-core:latest
2026-09-10T18:13:30.4357512Z untagged: ghcr.io/dependabot/dependabot-updater-core@sha256:2fba19978e4b0b2a9829597be4a15fb1fe19878b241e97a9b4d1317692940c45
2026-09-10T18:13:30.4358763Z deleted: sha256:5c1f9f1da87f5427dd6e2ec5a1ab97d0748fdbafcf57eb9055a943a414b545d8
2026-09-10T18:13:30.4359693Z deleted: sha256:a658acc81f7c03694e92f11ffe3716ab1e1828fefcd8c38e16b0baf9e7dd855e
2026-09-10T18:13:30.4360551Z deleted: sha256:3deacaf32289cd96e22b8c126f3b6798c10b13e95573345a6541e0f2e06dbf1a
2026-09-10T18:13:30.4361149Z deleted: sha256:6de7bde6a77f7425104bebf13d2245e8c979466b5950850850bb2b59e2a446ef
2026-09-10T18:13:30.4361737Z deleted: sha256:801974b9383c04d0b062eabda4fa89aea90d7f81014a5132bea9ad5af432e63a
2026-09-10T18:13:30.4362327Z deleted: sha256:f4f67dbe94c5027b91e62a87b484094ec5edf89c6500d22a5db8fa4eec67175c
2026-09-10T18:13:30.4362892Z deleted: sha256:ca382568e43dbf58df9081d87644fe890c310ca466d7dc521182e9ffbdc7b114
2026-09-10T18:13:30.4363413Z deleted: sha256:86729f28930c476a1c6e36572c8868f9e040f26ded9dbf3a95280883a792c9ac
2026-09-10T18:13:30.4363936Z deleted: sha256:0a693f8c5976fbc1ff090ea7c2a54a5956d68ae24bea0bd7398f66ad8037b0a1
2026-09-10T18:13:30.4364454Z deleted: sha256:52fd024951e481afa63bd5ef23d13c98812d030e58f07f476d5ee729d5be5a99
2026-09-10T18:13:30.4364970Z deleted: sha256:d4169ad79fb7d65bbcd18dc7612d3535f417ef5d6b352bdece28ca9bd4f5645e
2026-09-10T18:13:30.4365504Z deleted: sha256:e1f9b984a3f8762d623f4fbbf0b14bdeb4b68aafb0bdaaa89bc6c374e0ce9265
2026-09-10T18:13:30.4366256Z deleted: sha256:b9a65b3c65ab22d490085bd0bf5490e2409da8748b406870f2463bdc41cd6795
2026-09-10T18:13:30.4366713Z untagged: ghcr.io/github/gh-aw-mcpg:latest
2026-09-10T18:13:30.4367255Z untagged: ghcr.io/github/gh-aw-mcpg@sha256:85b940556a8faa4e1fdbef124bfd75f2c4ebd855a10b88a1c3b6f3e97f6f1a53
2026-09-10T18:13:30.4367926Z deleted: sha256:5f22df3c4a888854cfd7514774684e882b961e11d319d1f4039684ad541d054c
2026-09-10T18:13:30.4368447Z deleted: sha256:6c37d32d6b128c746188851ba4212d149ce39981c0b766b2d3c447b8490d7a04
2026-09-10T18:13:30.4368950Z deleted: sha256:3ca287a3624a33e972668a5d6b7700a8c8dc3041aeadb0fcfe3848f38b2f668a
2026-09-10T18:13:30.4369457Z deleted: sha256:5c67f508406e6a9bf44788025c431b8006e32ed767e703b025caca793dbfedb1
2026-09-10T18:13:30.4369986Z deleted: sha256:8dd0a643b90751a901f6982738612594e618ba48ea971098e8d4e7468d9cc450
2026-09-10T18:13:30.4370792Z deleted: sha256:c48e7d23f5f6b9133896e262a510ef3f4288e11d98705c1f52b8cc19fb7af6f8
2026-09-10T18:13:30.4371331Z deleted: sha256:09df3d36d3df02c2be99898ac9e632f91e02fb8262d715c6c0e25927ed2e5dd6
2026-09-10T18:13:30.4371851Z deleted: sha256:6ccd0f9257b0a94f3e50f50a9cdc766408da9d5ded13721abdac5fc34f663f49
2026-09-10T18:13:30.4372369Z deleted: sha256:4b35d13cdd93533c08ba296080135dfc555c64a3a0a4284ac739b93e53ee63f6
2026-09-10T18:13:30.4372897Z deleted: sha256:70834cf3bba44803e61e4c9d424992d91e06c34dcbfa92d388fc493c51c26e3a
2026-09-10T18:13:30.4373420Z deleted: sha256:1a597abbdca4511eb22f2e0b00a5d8b6d6129e7669ed56d751b9d1d611d80bfa
2026-09-10T18:13:30.4373938Z deleted: sha256:d5c28ed9f7e287d23038493d8b2dbea75a712162b907ec2fab74295d6bbf77fc
2026-09-10T18:13:30.4374394Z untagged: ghcr.io/github/gh-aw-firewall/api-proxy:latest
2026-09-10T18:13:30.4375002Z untagged: ghcr.io/github/gh-aw-firewall/api-proxy@sha256:6f95e2234dd9bd6333a8ff28ccea7ecf0204acd4a09108723844dbd2bf6268c5
2026-09-10T18:13:30.4375684Z deleted: sha256:9d8f8fbebb4891599e5e95a55878c77d12c4c321a715acb61dfbb6560b9a55f7
2026-09-10T18:13:30.4376843Z deleted: sha256:3f6dbad59a0bd4729965d9c16c261d980e14162bf000dbcafe8ed7db2fedff6a
2026-09-10T18:13:30.4377740Z deleted: sha256:80b79f0f8bc3d5c3cdf69acd5dce576d05f85a637a80a7c3100757747995da79
2026-09-10T18:13:30.4378612Z deleted: sha256:a53eb6ed7d6102b7a56089598e8984dccdce769642ab8b7483de9b9ad2f9759b
2026-09-10T18:13:30.4379464Z deleted: sha256:0f25ce44464c0e2c078afd7b11f2b8858d4723083e360476d0492fed5a43c55e
2026-09-10T18:13:30.4380569Z deleted: sha256:dc9c32836ca3a5bd64bbd358dddf58538bd478e0b1056d9788811fdefe4760dc
2026-09-10T18:13:30.4381436Z deleted: sha256:78b6d979c4416462cbea914957db2a0d0ffbbf13ebef0396e96f87f6a04c1c83
2026-09-10T18:13:30.4382290Z deleted: sha256:dafd7f59462c952a062aee22b121678c09db1270c06099a530ffc0e4f15757d5
2026-09-10T18:13:30.4383201Z deleted: sha256:34447b7d6e1dbe8676ba1a182208e48cb136db5173a7b4e9db844e8cacfabd01
2026-09-10T18:13:30.4384077Z deleted: sha256:5da802879903f2d623b671bd10f7b817b6f35c8bec8adaebfd89a117e42f5781
2026-09-10T18:13:30.4384943Z deleted: sha256:a696aa1bb46d54f27a28325e84b65909a50b909fc457649fbc8301a7aca37895
2026-09-10T18:13:30.4385805Z deleted: sha256:3d64c014648b8444862bc8607a2495744e9a5ed3b0f900a312000966a0c1b848
2026-09-10T18:13:30.4386956Z deleted: sha256:3cb5ff4e2dd3664e916daf13ba79b8104cae6c95e940f30b22eba2e1c9700055
2026-09-10T18:13:30.4387893Z deleted: sha256:67ff5491d21a37e76f730c473545e7d4143c28cf7ee18a80d44fd9e21780b860
2026-09-10T18:13:30.4388658Z untagged: ghcr.io/github/gh-aw-firewall/agent:latest
2026-09-10T18:13:30.4389647Z untagged: ghcr.io/github/gh-aw-firewall/agent@sha256:f7df036c86575527b61f3f7df91c4412349a12b2a74988d929eafa2999230c98
2026-09-10T18:13:30.4390781Z deleted: sha256:bd7acdea59363f831eae4896982d7476af675c9d5c281ebc9b739af5fc72f561
2026-09-10T18:13:30.4391698Z deleted: sha256:835524e93c1a21bb17de1be07498df8d9871fc242bf9e75d990bdc56575672ef
2026-09-10T18:13:30.4392601Z deleted: sha256:30707983df40fb4ab43c2cc153cdcfea8188eb564e21860b2df0b8126e02d191
2026-09-10T18:13:30.4393325Z deleted: sha256:89f02a183f5fcabb96e9ffc11f0af77c566e6a25a0c69835a869897ca6fe5e37
2026-09-10T18:13:30.4393867Z deleted: sha256:a7fb1fe985b36be7d31d4323c87dca4e179fc6ca3c74b5f687ea91a09487c34c
2026-09-10T18:13:30.4394399Z deleted: sha256:14310bdf1e1c5dbd600be902d4d3aadbf17b69f5f098cf6a78e63b36ea0fe968
2026-09-10T18:13:30.4395069Z deleted: sha256:a688db3e7bd99824d7a8d208d1bfbbadfe138f7da289ffaa0be99b340d5f7791
2026-09-10T18:13:30.4396229Z deleted: sha256:bbd6fa1ee3c6cb08bdedaf327da02cffa2de419399df715530156c65c828dd9d
2026-09-10T18:13:30.4397193Z deleted: sha256:ae5095c15a582692fe26c98943591c570c8e01ecade1fbc1afbeb91fc5b30083
2026-09-10T18:13:30.4398116Z deleted: sha256:48607de80178970f04b8070234715afcb462d1ebae0e35d7706e90e363fad8f1
2026-09-10T18:13:30.4399036Z deleted: sha256:e36cc363bb33bde2cb93c5453d4102143425469dbe4235bceb7838c3f3884087
2026-09-10T18:13:30.4399722Z deleted: sha256:fe127748fc7c38aca97b5d62ea80f1a94d595b1d507034d16c50fa0edf34a3f9
2026-09-10T18:13:30.4400424Z deleted: sha256:76b449524758f19bbee8ab573533946790535760522180774a52ff4a9ab3ced6
2026-09-10T18:13:30.4400940Z deleted: sha256:8704049c6b08fb4b480f629085bdcc79048f5cda6f1fadb0f93699371b34bb0d
2026-09-10T18:13:30.4401465Z deleted: sha256:b612b26fad33bce77de9e47ebdf2b07b5cbe468fa5860b74c1ff635c9194c74a
2026-09-10T18:13:30.4401991Z deleted: sha256:328120eca40f8b857f0e1a3cd8f3d8fd9bcd5c2c0f4776647796eb37f24a40d7
2026-09-10T18:13:30.4402501Z deleted: sha256:9d26eb37d23413f641be146794b1b8ecdd9b1fcd9a8f110842c0038f5f440206
2026-09-10T18:13:30.4403040Z deleted: sha256:c0359c5b6ede84d4a083d06d35ee77f0b338dfb17423771854d007d89953fb3e
2026-09-10T18:13:30.4403544Z untagged: ghcr.io/github/gh-aw-firewall/squid:latest
2026-09-10T18:13:30.4404126Z untagged: ghcr.io/github/gh-aw-firewall/squid@sha256:2ce8df3abf3e9b76e9c0cf5863da41f1ab3f89b20ad14b988806ab89e7bf2cd5
2026-09-10T18:13:30.4405008Z deleted: sha256:ebc9c9e5ccbd12daa23000ec1af4118fe64bc6ac61a25a39552e86f2941ec108
2026-09-10T18:13:30.4405903Z deleted: sha256:985778c0df7e26510751d7fca1e46b01ec5cd13716dfb4ebaa293b6e617da6ce
2026-09-10T18:13:30.4407100Z deleted: sha256:801a15b59b64ce9d2896f9e9f9dab7e99be9e94e56ad8e75df7113dbae5d461b
2026-09-10T18:13:30.4408077Z deleted: sha256:8b7ce8ae5ead69d566b03fa43c47d34fcd3081bb208ef7c4619b82f54d882c1a
2026-09-10T18:13:30.4409339Z deleted: sha256:a8913d3fe0eda67eda6a098eedb907e803a207157ddf88c54da79d8ac15ce580
2026-09-10T18:13:30.4409891Z deleted: sha256:34884abbe92863fce933ed7c39c0e045631af0ed86d5cc0dfbdf9fdca426ce3c
2026-09-10T18:13:30.4410545Z untagged: ghcr.io/github/github-mcp-server:latest
2026-09-10T18:13:30.4411109Z untagged: ghcr.io/github/github-mcp-server@sha256:46cdbbd810faf6f7aed1745ea04057443f5cb9fcadc15c7308add18cf9a83e33
2026-09-10T18:13:30.4411769Z deleted: sha256:3e165e25be8d461c06268b9fb30e93cf91f791acf7e3889f41b20f4896357dc0
2026-09-10T18:13:30.4412283Z deleted: sha256:e6795b1026263703aab7615e3710f9506ec5f018544150b68778c93b75375b85
2026-09-10T18:13:30.4412792Z deleted: sha256:1e1cabb4a65e50fb84bc4612619b0025e4a1d06d5e38699d1e67e5a8e4f333db
2026-09-10T18:13:30.4413311Z deleted: sha256:86766d6a6e947f4a599c6e23307470f8f75732fc3d143ec1f3260e4406202bee
2026-09-10T18:13:30.4413870Z deleted: sha256:2944471a0bbdfb4985f84f8d287edb5cd982d1060589e707a6cb0cbe82cdfe89
2026-09-10T18:13:30.4414418Z deleted: sha256:5e555e7975e2202f21fb93d460d701a340ade876f3afccb70d702f1dc5ab80db
2026-09-10T18:13:30.4414923Z deleted: sha256:2a080d78a1c5e3615170178f1c6f4c726340da9d5ff2926cb66e2fd97851da9d
2026-09-10T18:13:30.4415444Z deleted: sha256:af4a114029fbf94a3cf75c5cfaa5e947019cd6faae4b800c9306ac9079363def
2026-09-10T18:13:30.4415956Z deleted: sha256:c7b875d3de914680ec64ba55be5865955ec595e7370812894ee68a502e2e8391
2026-09-10T18:13:30.4416866Z deleted: sha256:85d9b4c1ef131ee259952a35027e942f79626303ab143eff7ef00d55201bd06f
2026-09-10T18:13:30.4417388Z deleted: sha256:492c6420fd79f4cd4e761bec1e74db6044d45adb5b073a82289af68aa3162e3f
2026-09-10T18:13:30.4417905Z deleted: sha256:14b282df61c0316a80216cec27e753777da93de1d7e062072ef3b517f984fcf1
2026-09-10T18:13:30.4418432Z deleted: sha256:fdaace00fc3f072b9060f703047b30a2c14d8bde7dbbf31a396802c032923732
2026-09-10T18:13:30.4418952Z deleted: sha256:7f73eafc455b691b504d4d3c3f3c7be90e135c1d0ba4988b2cac29579cd6b567
2026-09-10T18:13:30.4419464Z deleted: sha256:32a12b65383df6b6553c8d59f691675ca1980f8cec9c51cce163c3c8f7665a41
2026-09-10T18:13:30.4419970Z deleted: sha256:5217b01660b515ac25ea055a8bd04a20790c7d6bd6085374b59b9081283911af
2026-09-10T18:13:30.4420479Z deleted: sha256:7223ea1323e8c1159ec17f07d35acc27bdd1cc2bc3ed425b44ef21dac9915db0
2026-09-10T18:13:30.4420801Z 
2026-09-10T18:13:30.4420898Z Total reclaimed space: 1.88GB
2026-09-10T18:13:30.4597693Z ##[group]Free runner disk — after
2026-09-10T18:13:30.4608043Z Filesystem      Size  Used Avail Use% Mounted on
2026-09-10T18:13:30.4608624Z /dev/root       145G   27G  118G  19% /
2026-09-10T18:13:30.4609560Z ##[endgroup]
2026-09-10T18:13:30.4650245Z ##[group]Run rustup default stable
2026-09-10T18:13:30.4650598Z [36;1mrustup default stable[0m
2026-09-10T18:13:30.4650864Z [36;1mrustup show active-toolchain[0m
2026-09-10T18:13:30.4685142Z shell: /usr/bin/bash -e {0}
2026-09-10T18:13:30.4685401Z env:
2026-09-10T18:13:30.4685598Z   CARGO_TERM_COLOR: always
2026-09-10T18:13:30.4685832Z   RUST_BACKTRACE: 1
2026-09-10T18:13:30.4686262Z   CARGO_NET_RETRY: 10
2026-09-10T18:13:30.4686486Z   CARGO_INCREMENTAL: 0
2026-09-10T18:13:30.4686738Z   CARGO_PROFILE_DEV_DEBUG: line-tables-only
2026-09-10T18:13:30.4687127Z   CARGO_TARGET_X86_64_UNKNOWN_LINUX_GNU_RUSTFLAGS: -C link-arg=-fuse-ld=lld
2026-09-10T18:13:30.4687719Z   HEAVY: test(=diskann_recall_at_10_vs_brute_force_on_50k) | test(=hnsw_recall_at_10_vs_brute_force_on_50k)
2026-09-10T18:13:30.4688172Z ##[endgroup]
2026-09-10T18:13:30.5972152Z info: using existing install for stable-x86_64-unknown-linux-gnu
2026-09-10T18:13:30.5994623Z info: default toolchain set to stable-x86_64-unknown-linux-gnu
2026-09-10T18:13:30.5995133Z 
2026-09-10T18:13:30.7251580Z   stable-x86_64-unknown-linux-gnu unchanged - rustc 1.98.1 (48a229cea 2026-09-01)
2026-09-10T18:13:30.7252111Z 
2026-09-10T18:13:30.7307348Z info: note that the toolchain '1.97.1-x86_64-unknown-linux-gnu' is currently in use (overridden by '/home/runner/work/sparq/sparq/rust-toolchain.toml')
2026-09-10T18:13:30.7559309Z info: syncing channel updates for 1.97.1-x86_64-unknown-linux-gnu
2026-09-10T18:13:31.0022279Z info: latest update on 2026-07-16 for version 1.97.1 (8bab26f4f 2026-07-14)
2026-09-10T18:13:31.0025141Z info: downloading 6 components
2026-09-10T18:13:40.3883856Z warn: the missing active toolchain `1.97.1-x86_64-unknown-linux-gnu` has been auto-installed
2026-09-10T18:13:40.3885213Z 1.97.1-x86_64-unknown-linux-gnu (overridden by '/home/runner/work/sparq/sparq/rust-toolchain.toml')
2026-09-10T18:13:40.3906892Z warn: auto-installation is deprecated for most `rustup` commands
2026-09-10T18:13:40.3907767Z warn: scripts relying on this behavior in `rustup` may stop working in the future
2026-09-10T18:13:40.3908580Z warn: to install the active toolchain, use `rustup install` instead
2026-09-10T18:13:40.3909343Z warn: see <https://github.com/rust-lang/rustup/issues/4836> for more info
2026-09-10T18:13:40.4035922Z ##[group]Run taiki-e/install-action@18b1216eba7f8039b0f8d131d5473787f0edce68
2026-09-10T18:13:40.4036692Z with:
2026-09-10T18:13:40.4036883Z   tool: nextest
2026-09-10T18:13:40.4037079Z   checksum: true
2026-09-10T18:13:40.4037280Z   fallback: cargo-binstall
2026-09-10T18:13:40.4037501Z env:
2026-09-10T18:13:40.4037682Z   CARGO_TERM_COLOR: always
2026-09-10T18:13:40.4037917Z   RUST_BACKTRACE: 1
2026-09-10T18:13:40.4038111Z   CARGO_NET_RETRY: 10
2026-09-10T18:13:40.4038315Z   CARGO_INCREMENTAL: 0
2026-09-10T18:13:40.4038553Z   CARGO_PROFILE_DEV_DEBUG: line-tables-only
2026-09-10T18:13:40.4038936Z   CARGO_TARGET_X86_64_UNKNOWN_LINUX_GNU_RUSTFLAGS: -C link-arg=-fuse-ld=lld
2026-09-10T18:13:40.4039515Z   HEAVY: test(=diskann_recall_at_10_vs_brute_force_on_50k) | test(=hnsw_recall_at_10_vs_brute_force_on_50k)
2026-09-10T18:13:40.4039985Z ##[endgroup]
2026-09-10T18:13:40.4120434Z ##[start-action display=Run bail() {;id=__taiki-e_install-action.__run]
2026-09-10T18:13:40.4148735Z ##[group]Run bail() {
2026-09-10T18:13:40.4148987Z [36;1mbail() {[0m
2026-09-10T18:13:40.4149255Z [36;1m  printf '::error::install-action: %s\n' "$*"[0m
2026-09-10T18:13:40.4149567Z [36;1m  exit 1[0m
2026-09-10T18:13:40.4149755Z [36;1m}[0m
2026-09-10T18:13:40.4150108Z [36;1m# If /bin/sh is dash, environment variable containing % is not imported, but is fine[0m
2026-09-10T18:13:40.4150652Z [36;1m# because it also means that it will not be exposed to subprocess.[0m
2026-09-10T18:13:40.4151064Z [36;1mif /usr/bin/env | grep -Eq '^BASH_FUNC_'; then[0m
2026-09-10T18:13:40.4151591Z [36;1m  bail 'bash function injection via BASH_FUNC_ environment variable is not allowed for security reasons'[0m
2026-09-10T18:13:40.4152074Z [36;1mfi[0m
2026-09-10T18:13:40.4152298Z [36;1mif ! command -v bash >/dev/null; then[0m
2026-09-10T18:13:40.4152647Z [36;1m  if grep -Eq '^ID=alpine' /etc/os-release; then[0m
2026-09-10T18:13:40.4153093Z [36;1m    printf '::group::Install packages required for install-action (bash)\n'[0m
2026-09-10T18:13:40.4153519Z [36;1m    # NB: sync with apk_install in main.sh[0m
2026-09-10T18:13:40.4153832Z [36;1m    if command -v sudo >/dev/null; then[0m
2026-09-10T18:13:40.4154131Z [36;1m      sudo apk --no-cache add bash[0m
2026-09-10T18:13:40.4154439Z [36;1m    elif command -v doas >/dev/null; then[0m
2026-09-10T18:13:40.4154742Z [36;1m      doas apk --no-cache add bash[0m
2026-09-10T18:13:40.4155008Z [36;1m    else[0m
2026-09-10T18:13:40.4155214Z [36;1m      apk --no-cache add bash[0m
2026-09-10T18:13:40.4155467Z [36;1m    fi[0m
2026-09-10T18:13:40.4155672Z [36;1m    printf '::endgroup::\n'[0m
2026-09-10T18:13:40.4155917Z [36;1m  else[0m
2026-09-10T18:13:40.4156395Z [36;1m    bail 'this action requires bash'[0m
2026-09-10T18:13:40.4156670Z [36;1m  fi[0m
2026-09-10T18:13:40.4156847Z [36;1mfi[0m
2026-09-10T18:13:40.4157115Z [36;1mbash --noprofile --norc "${GITHUB_ACTION_PATH:?}/main.sh"[0m
2026-09-10T18:13:40.4159451Z shell: /usr/bin/env -u ENV -u BASH_ENV -u CDPATH -u SHELLOPTS -u BASHOPTS /bin/sh -eu {0}
2026-09-10T18:13:40.4159878Z env:
2026-09-10T18:13:40.4160078Z   CARGO_TERM_COLOR: always
2026-09-10T18:13:40.4160308Z   RUST_BACKTRACE: 1
2026-09-10T18:13:40.4160513Z   CARGO_NET_RETRY: 10
2026-09-10T18:13:40.4160722Z   CARGO_INCREMENTAL: 0
2026-09-10T18:13:40.4160959Z   CARGO_PROFILE_DEV_DEBUG: line-tables-only
2026-09-10T18:13:40.4161518Z   CARGO_TARGET_X86_64_UNKNOWN_LINUX_GNU_RUSTFLAGS: -C link-arg=-fuse-ld=lld
2026-09-10T18:13:40.4162088Z   HEAVY: test(=diskann_recall_at_10_vs_brute_force_on_50k) | test(=hnsw_recall_at_10_vs_brute_force_on_50k)
2026-09-10T18:13:40.4162541Z   INPUT_TOOL: nextest
2026-09-10T18:13:40.4162756Z   INPUT_CHECKSUM: true
2026-09-10T18:13:40.4162981Z   INPUT_FALLBACK: cargo-binstall
2026-09-10T18:13:40.4165768Z   DEFAULT_GITHUB_TOKEN: ***
2026-09-10T18:13:40.4166456Z   ACTION_USER_AGENT: taiki-e/install-action (18b1216eba7f8039b0f8d131d5473787f0edce68)
2026-09-10T18:13:40.4166876Z   RUNNER_OS: Linux
2026-09-10T18:13:40.4167254Z   RUNNER_ARCH: X64
2026-09-10T18:13:40.4167471Z ##[endgroup]
2026-09-10T18:13:40.4295922Z info: host platform: x86_64_linux
2026-09-10T18:13:40.4562615Z info: installing cargo-nextest@latest
2026-09-10T18:13:40.4766836Z info: downloading https://github.com/nextest-rs/nextest/releases/download/cargo-nextest-0.9.140/cargo-nextest-0.9.140-x86_64-unknown-linux-gnu.tar.gz
2026-09-10T18:13:40.6842469Z info: verifying sha256 checksum for cargo-nextest-0.9.140-x86_64-unknown-linux-gnu.tar.gz
2026-09-10T18:13:40.9362310Z info: cargo-nextest installed at /home/runner/.cargo/bin/cargo-nextest
2026-09-10T18:13:40.9365246Z + cargo-nextest nextest --version
2026-09-10T18:13:40.9392892Z cargo-nextest 0.9.140 (a9fef2964 2026-07-05)
2026-09-10T18:13:40.9393391Z release: 0.9.140
2026-09-10T18:13:40.9393690Z commit-hash: a9fef2964e34f64ed4fceeee7c0c3559ce560920
2026-09-10T18:13:40.9394039Z commit-date: 2026-07-05
2026-09-10T18:13:40.9394293Z host: x86_64-unknown-linux-gnu
2026-09-10T18:13:40.9398287Z 
2026-09-10T18:13:40.9443497Z ##[end-action id=__taiki-e_install-action.__run;outcome=success;conclusion=success;duration_ms=532]
2026-09-10T18:13:40.9454460Z ##[start-action display=Run Set-StrictMode -Version Latest;id=__taiki-e_install-action.__run_2]
2026-09-10T18:13:40.9460529Z ##[end-action id=__taiki-e_install-action.__run_2;outcome=skipped;conclusion=skipped;duration_ms=0]
2026-09-10T18:13:40.9531306Z ##[group]Run actions/download-artifact@3e5f45b2cfb9172054b4087a40e8e0b5a5461e7c
2026-09-10T18:13:40.9531745Z with:
2026-09-10T18:13:40.9531943Z   name: nextest-archive
2026-09-10T18:13:40.9532173Z   merge-multiple: false
2026-09-10T18:13:40.9532400Z   repository: sparq-org/sparq
2026-09-10T18:13:40.9532633Z   run-id: 34511329235
2026-09-10T18:13:40.9532847Z   skip-decompress: false
2026-09-10T18:13:40.9533070Z   digest-mismatch: error
2026-09-10T18:13:40.9533279Z env:
2026-09-10T18:13:40.9533463Z   CARGO_TERM_COLOR: always
2026-09-10T18:13:40.9533681Z   RUST_BACKTRACE: 1
2026-09-10T18:13:40.9533879Z   CARGO_NET_RETRY: 10
2026-09-10T18:13:40.9534083Z   CARGO_INCREMENTAL: 0
2026-09-10T18:13:40.9534316Z   CARGO_PROFILE_DEV_DEBUG: line-tables-only
2026-09-10T18:13:40.9534702Z   CARGO_TARGET_X86_64_UNKNOWN_LINUX_GNU_RUSTFLAGS: -C link-arg=-fuse-ld=lld
2026-09-10T18:13:40.9535313Z   HEAVY: test(=diskann_recall_at_10_vs_brute_force_on_50k) | test(=hnsw_recall_at_10_vs_brute_force_on_50k)
2026-09-10T18:13:40.9535784Z ##[endgroup]
2026-09-10T18:13:41.0884166Z Downloading single artifact
2026-09-10T18:13:41.1921759Z Preparing to download the following artifacts:
2026-09-10T18:13:41.1923139Z - nextest-archive (ID: 10166420066, Size: 5262833945, Expected Digest: sha256:5c4c498bdbddfb4f873558d70023c00f758067eea4754c173944c84414260cec)
2026-09-10T18:13:41.3498850Z Redirecting to blob download url: https://productionresultssa16.blob.core.windows.net/actions-results/cc641e89-0cde-426c-be9c-9d561b60f0dd/workflow-job-run-23c4ec92-4e2d-559d-a97a-4b1d0be70aeb/artifacts/4b5b8a5fdfcb62a8641f27bd1c4e1c85aa57ec2d341f4b8224da19079a84924d.zip
2026-09-10T18:13:41.3500441Z Starting download of artifact to: /home/runner/work/sparq/sparq
2026-09-10T18:13:41.4636756Z (node:2446) [DEP0005] DeprecationWarning: Buffer() is deprecated due to security and usability issues. Please use the Buffer.alloc(), Buffer.allocUnsafe(), or Buffer.from() methods instead.
2026-09-10T18:13:41.4638473Z (Use `node --trace-deprecation ...` to show where the warning was created)
2026-09-10T18:14:41.3807068Z SHA256 digest of downloaded artifact is 5c4c498bdbddfb4f873558d70023c00f758067eea4754c173944c84414260cec
2026-09-10T18:14:41.3809974Z Artifact download completed successfully.
2026-09-10T18:14:41.3810394Z Total of 1 artifact(s) downloaded
2026-09-10T18:14:41.3816560Z Download artifact has finished successfully
2026-09-10T18:14:41.3970681Z ##[group]Run set -euo pipefail
2026-09-10T18:14:41.3971093Z [36;1mset -euo pipefail[0m
2026-09-10T18:14:41.3971491Z [36;1m# [OPUS-4.8] sq-6vshe.6 (research/ci-structural-speedup.md §7, round 2):[0m
2026-09-10T18:14:41.3972051Z [36;1m# DEMOTE the two heavy sparq-vectors recall shards (heavy-diskann/heavy-hnsw)[0m
2026-09-10T18:14:41.3972590Z [36;1m# off the merge_group ref. WHY it is SAFE (per-leg cross-PR-interaction[0m
2026-09-10T18:14:41.3973115Z [36;1m# analysis): each heavy shard runs exactly ONE deterministic, self-contained,[0m
2026-09-10T18:14:41.3973660Z [36;1m# single-crate accuracy gate ({diskann,hnsw}_recall_at_10_vs_brute_force_on_50k[0m
2026-09-10T18:14:41.3974216Z [36;1m# in crates/sparq-vectors/tests/, fixed seeds, `approx-ann` feature). Its[0m
2026-09-10T18:14:41.3974723Z [36;1m# outcome is a pure function of sparq-vectors' ANN impl + its pinned[0m
2026-09-10T18:14:41.3975281Z [36;1m# instant-distance dep — NOTHING else in the workspace. A squash-merge group[0m
2026-09-10T18:14:41.3975881Z [36;1m# re-running it on the combined tree reproduces the identical result each PR[0m
2026-09-10T18:14:41.3976716Z [36;1m# already gated, so it carries no cross-PR-interaction signal (unlike the bulk[0m
2026-09-10T18:14:41.3977270Z [36;1m# workspace-unification build+test, which stays). FULL FORM is UNCHANGED: the[0m
2026-09-10T18:14:41.3977799Z [36;1m# heavy shards still run at PR level AND on push-to-main (both force[0m
2026-09-10T18:14:41.3978297Z [36;1m# rust_changed=true and neither hits this guard), so the recall floors gate[0m
2026-09-10T18:14:41.3978794Z [36;1m# every PR + the canonical main build exactly as before. A post-merge[0m
2026-09-10T18:14:41.3979309Z [36;1m# regression is caught by the push-to-main heavy run (this same job on the[0m
2026-09-10T18:14:41.3979841Z [36;1m# `push` event) + the dedicated `heavy-recall-demoted-filer` job below, which[0m
2026-09-10T18:14:41.3980411Z [36;1m# auto-files a P1 bead + GitHub issue if a heavy shard fails on main. This ONLY[0m
2026-09-10T18:14:41.3980986Z [36;1m# affects the merge_group ref, and reports `success` (exit 0) so the ci-summary gate is[0m
2026-09-10T18:14:41.3981572Z [36;1m# satisfied (the poller discovers whatever check-runs exist; an absent-by-design[0m
2026-09-10T18:14:41.3982133Z [36;1m# sub-result never hangs it). Mirrors the selection skip idiom directly below.[0m
2026-09-10T18:14:41.3982655Z [36;1mif [ "pull_request" = "merge_group" ] && [ -n "$SHARD_FILTER" ]; then[0m
2026-09-10T18:14:41.3983160Z [36;1m  echo "heavy shard 'bulk 3/3' DEMOTED off merge_group (sq-6vshe.6):"[0m
2026-09-10T18:14:41.3983671Z [36;1m  echo "  deterministic single-crate recall gate — no cross-PR interaction;"[0m
2026-09-10T18:14:41.3984207Z [36;1m  echo "  full form runs at PR level + push-to-main. Reporting success."[0m
2026-09-10T18:14:41.3984588Z [36;1m  exit 0[0m
2026-09-10T18:14:41.3984788Z [36;1mfi[0m
2026-09-10T18:14:41.3985104Z [36;1m# [FABLE-5] Draft-tier CI: ALSO demote the heavy recall shards on DRAFT[0m
2026-09-10T18:14:41.3985614Z [36;1m# pull_request heads (docs/branch-protection.md §Draft-tier CI). Safe for[0m
2026-09-10T18:14:41.3986403Z [36;1m# the same reason as the merge_group demotion above — deterministic[0m
2026-09-10T18:14:41.3986931Z [36;1m# single-crate gates — plus the draft-tier invariant: un-drafting fires[0m
2026-09-10T18:14:41.3987442Z [36;1m# ready_for_review, which re-runs this job at FULL tier on the same head[0m
2026-09-10T18:14:41.3987929Z [36;1m# SHA, and a draft-tier gate result can never admit a PR to the merge[0m
2026-09-10T18:14:41.3988426Z [36;1m# queue (scripts/ci_summary_gate.py refuses it). Bulk shards are NEVER[0m
2026-09-10T18:14:41.3989123Z [36;1m# demoted (SHARD_FILTER is empty there); non-draft PRs and push-to-main[0m
2026-09-10T18:14:41.3989515Z [36;1m# keep the full form.[0m
2026-09-10T18:14:41.3989851Z [36;1mif [ "$IS_DRAFT_PR" = "true" ] && [ -n "$SHARD_FILTER" ]; then[0m
2026-09-10T18:14:41.3990459Z [36;1m  echo "heavy shard 'bulk 3/3' DEMOTED on this DRAFT head (draft-tier CI):"[0m
2026-09-10T18:14:41.3991001Z [36;1m  echo "  the full form re-runs at ready_for_review + push-to-main; a draft-tier"[0m
2026-09-10T18:14:41.3991554Z [36;1m  echo "  gate result can never admit a PR to the merge queue. Reporting success."[0m
2026-09-10T18:14:41.3991967Z [36;1m  exit 0[0m
2026-09-10T18:14:41.3992161Z [36;1mfi[0m
2026-09-10T18:14:41.3992488Z [36;1m# [FABLE-5] sq-fmx4u.3 (design §5.2): single-crate shard skip guard.[0m
2026-09-10T18:14:41.3992994Z [36;1m# FAIL-CLOSED: only the exact mode 'selected' AND a non-empty SHARD_CRATE[0m
2026-09-10T18:14:41.3993506Z [36;1m# AND a definite non-membership ('"<crate>"' absent from the affected[0m
2026-09-10T18:14:41.3994001Z [36;1m# JSON — the quote delimiters prevent substring-crate collisions) can[0m
2026-09-10T18:14:41.3994488Z [36;1m# skip; empty/missing selection outputs always fall through to a run.[0m
2026-09-10T18:14:41.3994966Z [36;1mif [ "$SELECT_MODE" = "selected" ] && [ -n "$SHARD_CRATE" ]; then[0m
2026-09-10T18:14:41.3995342Z [36;1m  case "$SELECT_AFFECTED" in[0m
2026-09-10T18:14:41.3995704Z [36;1m    *"\"$SHARD_CRATE\""*) : ;;  # in the affected closure -> run the shard[0m
2026-09-10T18:14:41.3996318Z [36;1m    *)[0m
2026-09-10T18:14:41.3996633Z [36;1m      echo "shard 'bulk 3/3' SKIPPED by change-based selection:"[0m
2026-09-10T18:14:41.3997097Z [36;1m      echo "  $SHARD_CRATE is not in the affected closure $SELECT_AFFECTED"[0m
2026-09-10T18:14:41.3997470Z [36;1m      exit 0[0m
2026-09-10T18:14:41.3997676Z [36;1m      ;;[0m
2026-09-10T18:14:41.3997873Z [36;1m  esac[0m
2026-09-10T18:14:41.3998070Z [36;1mfi[0m
2026-09-10T18:14:41.3998368Z [36;1mcommon=(--archive-file nextest.tar.zst --workspace-remap . \[0m
2026-09-10T18:14:41.3998807Z [36;1m        --extract-to . --extract-overwrite --profile ci)[0m
2026-09-10T18:14:41.3999142Z [36;1mif [ -n "" ]; then[0m
2026-09-10T18:14:41.3999510Z [36;1m  # Dedicated heavy shard: intersect HEAVY with this shard's single test so[0m
2026-09-10T18:14:41.4000021Z [36;1m  # the shard's set is provably a SUBSET of HEAVY (belt-and-braces: if the[0m
2026-09-10T18:14:41.4000524Z [36;1m  # test is ever renamed in only one place, the shard runs empty rather than[0m
2026-09-10T18:14:41.4000935Z [36;1m  # silently re-including it in bulk).[0m
2026-09-10T18:14:41.4001524Z [36;1m  args=("${common[@]}" -E '( test(=diskann_recall_at_10_vs_brute_force_on_50k) | test(=hnsw_recall_at_10_vs_brute_force_on_50k) ) & (  )')[0m
2026-09-10T18:14:41.4002188Z [36;1melif [ "$SELECT_MODE" = "selected" ] && [ -n "$SELECT_FILTERSET" ]; then[0m
2026-09-10T18:14:41.4002683Z [36;1m  # [FABLE-5] sq-fmx4u.3: bulk shard under ENFORCED selection — NARROW[0m
2026-09-10T18:14:41.4003158Z [36;1m  # (never skip) the cross-crate partition to the affected closure[0m
2026-09-10T18:14:41.4003619Z [36;1m  # (design §5.2): intersect the not-heavy set with the package()[0m
2026-09-10T18:14:41.4004129Z [36;1m  # filterset. The count partition applies AFTER filtering, so the three[0m
2026-09-10T18:14:41.4004630Z [36;1m  # bulk shards still partition the narrowed set exactly. A package()[0m
2026-09-10T18:14:41.4005127Z [36;1m  # naming no archived package fails loud (nextest errors), so a stale[0m
2026-09-10T18:14:41.4005628Z [36;1m  # filterset cannot silently select nothing; --no-tests=pass is needed[0m
2026-09-10T18:14:41.4006506Z [36;1m  # because a legitimately-narrowed shard CAN match zero tests (e.g. an[0m
2026-09-10T18:14:41.4007027Z [36;1m  # affected crate whose only tests are heavy/feature-gated) — full and[0m
2026-09-10T18:14:41.4007511Z [36;1m  # shadow runs keep the strict no-tests-is-an-error behaviour.[0m
2026-09-10T18:14:41.4008127Z [36;1m  args=("${common[@]}" --no-tests=pass --partition count:3/3 \[0m
2026-09-10T18:14:41.4008539Z [36;1m        -E "( not ( $HEAVY ) ) & ( $SELECT_FILTERSET )")[0m
2026-09-10T18:14:41.4008849Z [36;1melse[0m
2026-09-10T18:14:41.4009306Z [36;1m  # Bulk shard: everything that is NOT a known-heavy test, count-partitioned.[0m
2026-09-10T18:14:41.4010098Z [36;1m  args=("${common[@]}" --partition count:3/3 -E 'not ( test(=diskann_recall_at_10_vs_brute_force_on_50k) | test(=hnsw_recall_at_10_vs_brute_force_on_50k) )')[0m
2026-09-10T18:14:41.4010713Z [36;1mfi[0m
2026-09-10T18:14:41.4010910Z [36;1mMAX_ATTEMPTS=2[0m
2026-09-10T18:14:41.4011142Z [36;1mattempt=1[0m
2026-09-10T18:14:41.4011356Z [36;1mwhile true; do[0m
2026-09-10T18:14:41.4011703Z [36;1m  echo "::group::nextest shard 'bulk 3/3' — attempt $attempt/$MAX_ATTEMPTS"[0m
2026-09-10T18:14:41.4012229Z [36;1m  # Capture the exit code EXPLICITLY. `cargo … || rc=$?` is `set -e`-safe (the[0m
2026-09-10T18:14:41.4012764Z [36;1m  # `||` makes the failure non-fatal) AND captures nextest's REAL exit code —[0m
2026-09-10T18:14:41.4013281Z [36;1m  # unlike `if cargo …; then`, where `$?` after the `if` is the `if` statement's[0m
2026-09-10T18:14:41.4013815Z [36;1m  # own status (always 0) and a genuine failure would silently exit 0, wrongly[0m
2026-09-10T18:14:41.4014314Z [36;1m  # passing the gate. `rc` is reset to 0 each attempt before the run.[0m
2026-09-10T18:14:41.4014682Z [36;1m  rc=0[0m
2026-09-10T18:14:41.4014914Z [36;1m  cargo nextest run "${args[@]}" || rc=$?[0m
2026-09-10T18:14:41.4015210Z [36;1m  echo "::endgroup::"[0m
2026-09-10T18:14:41.4015462Z [36;1m  if [ "$rc" -eq 0 ]; then[0m
2026-09-10T18:14:41.4015787Z [36;1m    echo "shard 'bulk 3/3' passed on attempt $attempt"[0m
2026-09-10T18:14:41.4016382Z [36;1m    break[0m
2026-09-10T18:14:41.4016593Z [36;1m  fi[0m
2026-09-10T18:14:41.4016835Z [36;1m  if [ "$attempt" -ge "$MAX_ATTEMPTS" ]; then[0m
2026-09-10T18:14:41.4017442Z [36;1m    echo "::error::shard 'bulk 3/3' failed after $attempt attempt(s) (exit $rc) — genuine failure, not a single transient."[0m
2026-09-10T18:14:41.4017975Z [36;1m    exit "$rc"[0m
2026-09-10T18:14:41.4018184Z [36;1m  fi[0m
2026-09-10T18:14:41.4018720Z [36;1m  echo "::warning::shard 'bulk 3/3' attempt $attempt failed (exit $rc) — reclaiming disk and retrying once (sq-c76x transient self-heal)."[0m
2026-09-10T18:14:41.4019434Z [36;1m  # Reclaim disk again in case the first attempt was a `No space left` race[0m
2026-09-10T18:14:41.4019980Z [36;1m  # that left partial extraction/diagnostics behind; the script is best-effort.[0m
2026-09-10T18:14:41.4020426Z [36;1m  ./scripts/ci-free-disk.sh || true[0m
2026-09-10T18:14:41.4020726Z [36;1m  attempt=$((attempt + 1))[0m
2026-09-10T18:14:41.4020973Z [36;1mdone[0m
2026-09-10T18:14:41.4054033Z shell: /usr/bin/bash -e {0}
2026-09-10T18:14:41.4054289Z env:
2026-09-10T18:14:41.4054483Z   CARGO_TERM_COLOR: always
2026-09-10T18:14:41.4054738Z   RUST_BACKTRACE: 1
2026-09-10T18:14:41.4054946Z   CARGO_NET_RETRY: 10
2026-09-10T18:14:41.4055176Z   CARGO_INCREMENTAL: 0
2026-09-10T18:14:41.4055420Z   CARGO_PROFILE_DEV_DEBUG: line-tables-only
2026-09-10T18:14:41.4055827Z   CARGO_TARGET_X86_64_UNKNOWN_LINUX_GNU_RUSTFLAGS: -C link-arg=-fuse-ld=lld
2026-09-10T18:14:41.4056695Z   HEAVY: test(=diskann_recall_at_10_vs_brute_force_on_50k) | test(=hnsw_recall_at_10_vs_brute_force_on_50k)
2026-09-10T18:14:41.4057165Z   RAYON_NUM_THREADS: 
2026-09-10T18:14:41.4057381Z   SELECT_MODE: full
2026-09-10T18:14:41.4061367Z   SELECT_AFFECTED: ["sparq-acbench", "sparq-algos", "sparq-arrow", "sparq-bench", "sparq-canon", "sparq-cli", "sparq-conformance", "sparq-conformance-floors", "sparq-core", "sparq-crdt", "sparq-difftest", "sparq-e2ee-ng", "sparq-engine", "sparq-engine-serialize", "sparq-engine-service", "sparq-fedclient", "sparq-fedplan", "sparq-fedplan-mpc", "sparq-forms", "sparq-geo", "sparq-gpu", "sparq-hdt", "sparq-http3", "sparq-introspect", "sparq-jsonld", "sparq-jsonld-registry", "sparq-kb", "sparq-lws-core", "sparq-lws-wasm", "sparq-mcp", "sparq-metamorph", "sparq-mpc", "sparq-nlq", "sparq-parse", "sparq-policy", "sparq-prov", "sparq-py", "sparq-reason", "sparq-reason-diff", "sparq-reason-dl", "sparq-reason-el", "sparq-reason-ql", "sparq-reason-wasm", "sparq-rsp", "sparq-rsp-wasm", "sparq-secprop-vocab", "sparq-serve", "sparq-server", "sparq-shacl", "sparq-shacl-wasm", "sparq-shaclc", "sparq-sim", "sparq-solid", "sparq-substrate", "sparq-terse", "sparq-text", "sparq-text-wasm", "sparq-trust", "sparq-vc", "sparq-vectors", "sparq-wac-oracle", "sparq-wasm", "sparq-wrapper", "sparq-wrapper-gen", "sparq-wrapper-integration", "sparq-wrapper-shacl", "sparq-zk", "sparq-zk-compose"]
2026-09-10T18:14:41.4071192Z   SELECT_FILTERSET: package(sparq-acbench) + package(sparq-algos) + package(sparq-arrow) + package(sparq-bench) + package(sparq-canon) + package(sparq-cli) + package(sparq-conformance) + package(sparq-conformance-floors) + package(sparq-core) + package(sparq-crdt) + package(sparq-difftest) + package(sparq-e2ee-ng) + package(sparq-engine) + package(sparq-engine-serialize) + package(sparq-engine-service) + package(sparq-fedclient) + package(sparq-fedplan) + package(sparq-fedplan-mpc) + package(sparq-forms) + package(sparq-geo) + package(sparq-gpu) + package(sparq-hdt) + package(sparq-http3) + package(sparq-introspect) + package(sparq-jsonld) + package(sparq-jsonld-registry) + package(sparq-kb) + package(sparq-lws-core) + package(sparq-lws-wasm) + package(sparq-mcp) + package(sparq-metamorph) + package(sparq-mpc) + package(sparq-nlq) + package(sparq-parse) + package(sparq-policy) + package(sparq-prov) + package(sparq-py) + package(sparq-reason) + package(sparq-reason-diff) + package(sparq-reason-dl) + package(sparq-reason-el) + package(sparq-reason-ql) + package(sparq-reason-wasm) + package(sparq-rsp) + package(sparq-rsp-wasm) + package(sparq-secprop-vocab) + package(sparq-serve) + package(sparq-server) + package(sparq-shacl) + package(sparq-shacl-wasm) + package(sparq-shaclc) + package(sparq-sim) + package(sparq-solid) + package(sparq-substrate) + package(sparq-terse) + package(sparq-text) + package(sparq-text-wasm) + package(sparq-trust) + package(sparq-vc) + package(sparq-vectors) + package(sparq-wac-oracle) + package(sparq-wasm) + package(sparq-wrapper) + package(sparq-wrapper-gen) + package(sparq-wrapper-integration) + package(sparq-wrapper-shacl) + package(sparq-zk) + package(sparq-zk-compose)
2026-09-10T18:14:41.4077397Z   SHARD_CRATE: 
2026-09-10T18:14:41.4077595Z   SHARD_FILTER: 
2026-09-10T18:14:41.4077802Z   IS_DRAFT_PR: false
2026-09-10T18:14:41.4078086Z ##[endgroup]
2026-09-10T18:14:41.4132347Z ##[group]nextest shard 'bulk 3/3' — attempt 1/2
2026-09-10T18:14:41.6243077Z [32;1m  Extracting[0m [1m742[0m binaries (including [1m11[0m non-test binaries), [1m1[0m build script output directory, and [1m6[0m linked paths to [1m/home/runner/work/sparq/sparq[0m
2026-09-10T18:15:59.7261764Z [32;1m   Extracted[0m [1m1207[0m files to [1m/home/runner/work/sparq/sparq[0m in 1m 18.28s
2026-09-10T18:16:08.9037067Z ────────────
2026-09-10T18:16:08.9037769Z [32;1m Nextest run[0m ID [1mc1ae28bf-444c-49f2-b075-30ff55aeaac4[0m with nextest profile: [1mci[0m
2026-09-10T18:16:08.9039057Z [32;1m    Starting[0m [1m2739[0m tests across [1m731[0m binaries ([1m6037[0m tests [33;1mskipped[0m)
2026-09-10T18:16:08.9152373Z [32;1m        PASS[0m [   0.007s] (   1/2739) [35;1msparq-acbench[0m [36moracle::tests[0m[36m::[0m[34;1mnone_condition_is_always_satisfied[0m
2026-09-10T18:16:08.9154545Z [32;1m        PASS[0m [   0.007s] (   2/2739) [35;1msparq-acbench[0m [36moracle::tests[0m[36m::[0m[34;1meffective_acl_prefers_the_resource_own_document_then_the_nearest_ancestor[0m
2026-09-10T18:16:08.9188173Z [32;1m        PASS[0m [   0.007s] (   3/2739) [35;1msparq-acbench[0m [36moracle::tests[0m[36m::[0m[34;1man_inexpressible_row_creates_no_acl_document_and_cannot_shadow[0m
2026-09-10T18:16:08.9197665Z [32;1m        PASS[0m [   0.008s] (   4/2739) [35;1msparq-acbench[0m [36moracle::tests[0m[36m::[0m[34;1mtemporal_condition_uses_pinned_instant[0m
2026-09-10T18:16:08.9207851Z [32;1m        PASS[0m [   0.006s] (   5/2739) [35;1msparq-acbench[0m [36moracle::tests[0m[36m::[0m[34;1mwac_is_fail_closed_when_no_acl_document_governs_the_resource[0m
2026-09-10T18:16:08.9255918Z [32;1m        PASS[0m [   0.011s] (   6/2739) [35;1msparq-acbench::consortium[0m [34;1mgenerate_u4_determinism[0m
2026-09-10T18:16:08.9274479Z [32;1m        PASS[0m [   0.011s] (   7/2739) [35;1msparq-acbench::consortium[0m [34;1mgenerate_u4_embargo_flips_have_deltas[0m
2026-09-10T18:16:08.9277460Z [32;1m        PASS[0m [   0.011s] (   8/2739) [35;1msparq-acbench::consortium[0m [34;1mgenerate_u4_odrl_policy_contains_embargo_triples[0m
2026-09-10T18:16:08.9289891Z [32;1m        PASS[0m [   0.009s] (   9/2739) [35;1msparq-acbench::consortium[0m [34;1mgenerate_u4_queries_non_empty[0m
2026-09-10T18:16:08.9331790Z [32;1m        PASS[0m [   0.006s] (  10/2739) [35;1msparq-acbench::determinism[0m [34;1mcompile_odrl_allow_produces_triples[0m
2026-09-10T18:16:08.9348505Z [32;1m        PASS[0m [   0.007s] (  11/2739) [35;1msparq-acbench::determinism[0m [34;1mcompile_acp_allow_agent_produces_triples[0m
2026-09-10T18:16:08.9377650Z [32;1m        PASS[0m [   0.008s] (  12/2739) [35;1msparq-acbench::determinism[0m [34;1mcompile_wac_allow_agent_produces_triples[0m
2026-09-10T18:16:08.9380103Z [32;1m        PASS[0m [   0.007s] (  13/2739) [35;1msparq-acbench::determinism[0m [34;1mdecision_default_is_deny[0m
2026-09-10T18:16:08.9382189Z [32;1m        PASS[0m [   0.006s] (  14/2739) [35;1msparq-acbench::determinism[0m [34;1mgen_params_group_nesting_depth_over_max_is_invalid[0m
2026-09-10T18:16:08.9390011Z [32;1m        PASS[0m [   0.006s] (  15/2739) [35;1msparq-acbench::determinism[0m [34;1mgen_params_container_depth_max[0m
2026-09-10T18:16:08.9414236Z [32;1m        PASS[0m [   0.005s] (  16/2739) [35;1msparq-acbench::determinism[0m [34;1moracle_anti_vacuity_deny_overrides_allow_acp[0m
2026-09-10T18:16:08.9433459Z [32;1m        PASS[0m [   0.009s] (  17/2739) [35;1msparq-acbench::determinism[0m [34;1mintent_row_temporal_condition_round_trip[0m
2026-09-10T18:16:08.9440252Z [32;1m        PASS[0m [   0.005s] (  18/2739) [35;1msparq-acbench::determinism[0m [34;1moracle_wac_allows_matching_agent_intent[0m
2026-09-10T18:16:08.9446963Z [32;1m        PASS[0m [   0.007s] (  19/2739) [35;1msparq-acbench::determinism[0m [34;1moracle_fail_closed_empty_intents_odrl[0m
2026-09-10T18:16:08.9498031Z [32;1m        PASS[0m [   0.007s] (  20/2739) [35;1msparq-acbench::financial[0m [34;1mgenerate_u3_all_four_query_classes_at_sf2[0m
2026-09-10T18:16:08.9508137Z [32;1m        PASS[0m [   0.006s] (  21/2739) [35;1msparq-acbench::financial[0m [34;1mgenerate_u3_odrl_policy_non_empty[0m
2026-09-10T18:16:08.9515385Z [32;1m        PASS[0m [   0.008s] (  22/2739) [35;1msparq-acbench::financial[0m [34;1mgenerate_u3_data_nquads_non_empty[0m
2026-09-10T18:16:08.9526540Z [32;1m        PASS[0m [   0.008s] (  23/2739) [35;1msparq-acbench::financial[0m [34;1mgenerate_u3_policy_fan_in_increases_intents[0m
2026-09-10T18:16:08.9562188Z [32;1m        PASS[0m [   0.006s] (  24/2739) [35;1msparq-acbench::oracle_behavioral[0m [34;1mallow_effect_compiles_with_allow_polarity[0m
2026-09-10T18:16:08.9588223Z [32;1m        PASS[0m [   0.006s] (  25/2739) [35;1msparq-acbench::oracle_behavioral[0m [34;1modrl_permission_overrides_matching_prohibition[0m
2026-09-10T18:16:08.9590211Z [32;1m        PASS[0m [   0.010s] (  26/2739) [35;1msparq-acbench::financial[0m [34;1mgenerate_u3_sf_scaling[0m
2026-09-10T18:16:08.9617677Z [32;1m        PASS[0m [   0.007s] (  27/2739) [35;1msparq-acbench::personal[0m [34;1mexpressibility_matrix_client_restricted[0m
2026-09-10T18:16:08.9643355Z [32;1m        PASS[0m [   0.008s] (  28/2739) [35;1msparq-acbench::personal[0m [34;1mgenerate_u1_oracle_acp_round_trip[0m
2026-09-10T18:16:08.9655450Z [32;1m        PASS[0m [   0.007s] (  29/2739) [35;1msparq-acbench::personal[0m [34;1mnon_empty_corpus_at_sf1[0m
2026-09-10T18:16:08.9657512Z [32;1m        PASS[0m [   0.007s] (  30/2739) [35;1msparq-acbench::personal[0m [34;1mquery_class_accessible[0m
2026-09-10T18:16:08.9684015Z [32;1m        PASS[0m [   0.008s] (  31/2739) [35;1msparq-acbench::project_mgmt[0m [34;1mchurn_grant_step_produces_allow_delta[0m
2026-09-10T18:16:08.9730552Z [32;1m        PASS[0m [   0.009s] (  32/2739) [35;1msparq-acbench::project_mgmt[0m [34;1mexpected_decisions_consistent_with_oracle[0m
2026-09-10T18:16:08.9745354Z [32;1m        PASS[0m [   0.009s] (  33/2739) [35;1msparq-acbench::project_mgmt[0m [34;1mgroup_intents_have_acp_expansion_entries[0m
2026-09-10T18:16:08.9757142Z [32;1m        PASS[0m [   0.007s] (  34/2739) [35;1msparq-acbench::project_mgmt[0m [34;1msubcontractor_cross_org_group_reuse[0m
2026-09-10T18:16:08.9759834Z [32;1m        PASS[0m [   0.010s] (  35/2739) [35;1msparq-acbench::project_mgmt[0m [34;1mowner_allowed_on_own_project[0m
2026-09-10T18:16:08.9802284Z [32;1m        PASS[0m [   0.007s] (  36/2739) [35;1msparq-acbench::workloads[0m [34;1manti_vacuity_wrong_expected_fails_harness[0m
2026-09-10T18:16:08.9811192Z [32;1m        PASS[0m [   0.007s] (  37/2739) [35;1msparq-acbench::workloads[0m [34;1mrun_outcome_failed_is_failure[0m
2026-09-10T18:16:08.9820268Z [32;1m        PASS[0m [   0.006s] (  38/2739) [35;1msparq-acbench::workloads[0m [34;1mw1_temporal_expired_window_is_deny_odrl[0m
2026-09-10T18:16:08.9845970Z [32;1m        PASS[0m [   0.009s] (  39/2739) [35;1msparq-acbench::workloads[0m [34;1mw1_allow_and_deny_same_target_differs_by_model[0m
2026-09-10T18:16:08.9867685Z [32;1m        PASS[0m [   0.006s] (  40/2739) [35;1msparq-acbench::workloads[0m [34;1mw2_authorized_intersection_passes[0m
2026-09-10T18:16:08.9897887Z [32;1m        PASS[0m [   0.005s] (  41/2739) [35;1msparq-acbench::workloads[0m [34;1mw3_grant_then_probe_allows[0m
2026-09-10T18:16:08.9921259Z [32;1m        PASS[0m [   0.006s] (  42/2739) [35;1msparq-acbench::workloads[0m [34;1mw3_stale_grant_after_revoke_fails[0m
2026-09-10T18:16:08.9928726Z [32;1m        PASS[0m [   0.008s] (  43/2739) [35;1msparq-acbench::workloads[0m [34;1mw4_decision_lane_propagates_a_mismatch[0m
2026-09-10T18:16:09.0015372Z [32;1m        PASS[0m [   0.008s] (  44/2739) [35;1msparq-algos[0m [36mtests[0m[36m::[0m[34;1mnode_graph_basics[0m
2026-09-10T18:16:09.0028114Z [32;1m        PASS[0m [   0.015s] (  45/2739) [35;1msparq-algos[0m [36mtests[0m[36m::[0m[34;1mdegree_centrality_normalized_single_node_is_zero_not_nan[0m
2026-09-10T18:16:09.0037511Z [32;1m        PASS[0m [   0.015s] (  46/2739) [35;1msparq-algos[0m [36mtests[0m[36m::[0m[34;1min_out_neighbors_are_symmetric[0m
2026-09-10T18:16:09.0068148Z [32;1m        PASS[0m [   0.014s] (  47/2739) [35;1msparq-algos[0m [36mtests[0m[36m::[0m[34;1mlabel_propagation_finds_two_cliques[0m
2026-09-10T18:16:09.0073044Z [32;1m        PASS[0m [   0.006s] (  48/2739) [35;1msparq-algos[0m [36mtests[0m[36m::[0m[34;1mtop_k_is_deterministic_with_index_tiebreak[0m
2026-09-10T18:16:09.0100251Z [32;1m        PASS[0m [   0.008s] (  49/2739) [35;1msparq-algos[0m [36mtests[0m[36m::[0m[34;1mpagerank_loose_tolerance_breaks_before_convergence[0m
2026-09-10T18:16:09.0117696Z [32;1m        PASS[0m [   0.010s] (  50/2739) [35;1msparq-algos[0m [36mtests[0m[36m::[0m[34;1mpagerank_authority_beats_periphery[0m
2026-09-10T18:16:09.0190217Z [32;1m        PASS[0m [   0.017s] (  51/2739) [35;1msparq-algos::config_edge_contracts[0m [34;1mpagerank_with_zero_damping_is_uniform[0m
2026-09-10T18:16:09.0253932Z [32;1m        PASS[0m [   0.018s] (  52/2739) [35;1msparq-algos::edge_graph_shapes[0m [34;1msingle_directed_edge_has_expected_two_node_degrees[0m
2026-09-10T18:16:09.0273499Z [32;1m        PASS[0m [   0.016s] (  53/2739) [35;1msparq-algos::topology_oracles[0m [34;1mnode_filter_all_promotes_literal_to_a_pagerank_sink[0m
2026-09-10T18:16:09.0288675Z [32;1m        PASS[0m [   0.019s] (  54/2739) [35;1msparq-algos::proptest_metamorph[0m [34;1misolated_vertex_is_a_singleton_component[0m
2026-09-10T18:16:09.0301223Z [32;1m        PASS[0m [   0.011s] (  55/2739) [35;1msparq-algos::topology_oracles[0m [34;1mwcc_partitions_three_disjoint_components_and_lp_does_not_cross_them[0m
2026-09-10T18:16:09.0350366Z [32;1m        PASS[0m [   0.006s] (  56/2739) [35;1msparq-algos::example/graphalytics[0m [36mtests[0m[36m::[0m[34;1mscratch_dir_is_private_to_the_owner[0m
2026-09-10T18:16:09.0403831Z [32;1m        PASS[0m [   0.010s] (  57/2739) [35;1msparq-bench::bin/sparq-bench[0m [36mfuzz::tests[0m[36m::[0m[34;1mcommitted_allowlist_enables_exactly_the_adjudicated_classes[0m
2026-09-10T18:16:09.0457239Z [32;1m        PASS[0m [   0.014s] (  58/2739) [35;1msparq-bench::bin/sparq-bench[0m [36mfuzz::tests[0m[36m::[0m[34;1mduplicate_multiplicity_is_significant[0m
2026-09-10T18:16:09.0478050Z [32;1m        PASS[0m [   0.007s] (  59/2739) [35;1msparq-bench::bin/sparq-bench[0m [36mfuzz::tests[0m[36m::[0m[34;1mevery_category_has_a_nightly_shard[0m
2026-09-10T18:16:09.0543848Z [32;1m        PASS[0m [   0.009s] (  60/2739) [35;1msparq-bench::bin/sparq-bench[0m [36mfuzz::tests[0m[36m::[0m[34;1mexact_numeric_equality_beyond_f64[0m
2026-09-10T18:16:09.0626690Z [32;1m        PASS[0m [   0.008s] (  61/2739) [35;1msparq-bench::bin/sparq-bench[0m [36mfuzz::tests[0m[36m::[0m[34;1morder_by_compares_up_to_within_tie_run_permutation[0m
2026-09-10T18:16:09.0729303Z [32;1m        PASS[0m [   0.010s] (  62/2739) [35;1msparq-bench::bin/sparq-bench[0m [36mfuzz::tests[0m[36m::[0m[34;1msame_cardinality_wrong_aggregate_value_is_caught[0m
2026-09-10T18:16:09.0739090Z [32;1m        PASS[0m [   0.045s] (  63/2739) [35;1msparq-bench::bin/sparq-bench[0m [36mfuzz::tests[0m[36m::[0m[34;1mask_is_compared_by_its_boolean_not_a_count[0m
2026-09-10T18:16:09.0741493Z [32;1m        PASS[0m [   0.027s] (  64/2739) [35;1msparq-bench::bin/sparq-bench[0m [36mfuzz::tests[0m[36m::[0m[34;1minteger_constant_vs_mixed_column[0m
2026-09-10T18:16:09.0818128Z [32;1m        PASS[0m [   0.053s] (  65/2739) [35;1msparq-bench::bin/sparq-bench[0m [36mfuzz::tests[0m[36m::[0m[34;1ma_limit_window_is_value_compared_only_with_a_total_tiebreaker[0m
2026-09-10T18:16:09.0823951Z [32;1m        PASS[0m [   0.007s] (  66/2739) [35;1msparq-bench::bin/sparq-bench[0m [36mneutral::tests[0m[36m::[0m[34;1mfold_derived_integer_is_narrow[0m
2026-09-10T18:16:09.0858401Z [32;1m        PASS[0m [   0.011s] (  67/2739) [35;1msparq-bench::bin/sparq-bench[0m [36mfuzz::tests[0m[36m::[0m[34;1msame_family_string_filter_stays_strict[0m
2026-09-10T18:16:09.0888392Z [32;1m        PASS[0m [   0.007s] (  68/2739) [35;1msparq-bench::bin/sparq-bench[0m [36mupdate_fuzz::tests[0m[36m::[0m[34;1mcommitted_allowlist_enables_exactly_the_adjudicated_classes[0m
2026-09-10T18:16:09.0907046Z [32;1m        PASS[0m [   0.008s] (  69/2739) [35;1msparq-bench::bin/sparq-bench[0m [36mneutral::tests[0m[36m::[0m[34;1mneutral_term_keys_absorb_lexical_form_but_not_value[0m
2026-09-10T18:16:09.0980761Z [32;1m        PASS[0m [   0.009s] (  70/2739) [35;1msparq-bench::bin/sparq-bench[0m [36mupdate_fuzz::tests[0m[36m::[0m[34;1minteger_lexical_adjudication_is_narrow[0m
2026-09-10T18:16:09.1178570Z [32;1m        PASS[0m [   0.017s] (  71/2739) [35;1msparq-bench::bin/sparq-bench[0m [36mupdate_fuzz::tests[0m[36m::[0m[34;1mlexical_collisions_across_contexts_and_nested_terms_fail[0m
2026-09-10T18:16:09.1420878Z [32;1m        PASS[0m [   0.053s] (  72/2739) [35;1msparq-bench::bin/sparq-bench[0m [36mupdate_fuzz::tests[0m[36m::[0m[34;1mhistorical_4141222487_preserves_lexicals_and_fresh_nodes[0m
2026-09-10T18:16:09.1548894Z [32;1m        PASS[0m [   0.012s] (  73/2739) [35;1msparq-bench::bin/sparq-bench[0m [36mupdate_fuzz::tests[0m[36m::[0m[34;1msnapshot_renderers_agree_on_known_dataset[0m
2026-09-10T18:16:09.1745381Z [32;1m        PASS[0m [   0.017s] (  74/2739) [35;1msparq-canon[0m [36mrdf12::private_tests[0m[36m::[0m[34;1mcanonical_line_no_newline_named_graph[0m
2026-09-10T18:16:09.1824290Z [32;1m        PASS[0m [   0.009s] (  75/2739) [35;1msparq-canon[0m [36mrdf12::private_tests[0m[36m::[0m[34;1mcollect_bnodes_subject_ignores_named_node[0m
2026-09-10T18:16:09.1887695Z [32;1m        PASS[0m [   0.008s] (  76/2739) [35;1msparq-canon[0m [36mrdf12::private_tests[0m[36m::[0m[34;1mcollect_bnodes_term_recurses_into_triple_term[0m
2026-09-10T18:16:09.2073027Z [32;1m        PASS[0m [   0.018s] (  77/2739) [35;1msparq-canon[0m [36mrdf12::private_tests[0m[36m::[0m[34;1mensure_triple_term_depth_triples_boundary[0m
2026-09-10T18:16:09.2163197Z [32;1m        PASS[0m [   0.009s] (  78/2739) [35;1msparq-canon[0m [36mrdf12::private_tests[0m[36m::[0m[34;1midentifier_issuer_get_returns_issued_label[0m
2026-09-10T18:16:09.2266920Z [32;1m        PASS[0m [   0.010s] (  79/2739) [35;1msparq-canon[0m [36mrdf12::private_tests[0m[36m::[0m[34;1mpermutations_empty_gives_one_empty_perm[0m
2026-09-10T18:16:09.2345093Z [32;1m        PASS[0m [   0.007s] (  80/2739) [35;1msparq-canon[0m [36mrdf12::private_tests[0m[36m::[0m[34;1mpermutations_two_items_exact[0m
2026-09-10T18:16:09.2414471Z [32;1m        PASS[0m [   0.007s] (  81/2739) [35;1msparq-canon[0m [36mrdf12::private_tests[0m[36m::[0m[34;1mrelabel_graph_blank_graph_name[0m
2026-09-10T18:16:09.2509372Z [32;1m        PASS[0m [   0.008s] (  82/2739) [35;1msparq-canon[0m [36mrdf12::private_tests[0m[36m::[0m[34;1mrelabel_term_canonical_recurses_through_triple_term[0m
2026-09-10T18:16:09.2568067Z [32;1m        PASS[0m [   0.007s] (  83/2739) [35;1msparq-canon[0m [36mrdf12::private_tests[0m[36m::[0m[34;1mserialize_quad_line_default_graph[0m
2026-09-10T18:16:09.2631071Z [32;1m        PASS[0m [   0.007s] (  84/2739) [35;1msparq-canon[0m [36mrdf12::private_tests[0m[36m::[0m[34;1mspecial_label_reference_becomes_a[0m
2026-09-10T18:16:09.2695730Z [32;1m        PASS[0m [   0.007s] (  85/2739) [35;1msparq-canon[0m [36mrdf12::private_tests[0m[36m::[0m[34;1msubject_nesting_depth_is_zero_for_both_subject_kinds[0m
2026-09-10T18:16:09.2768267Z [32;1m        PASS[0m [   0.007s] (  86/2739) [35;1msparq-canon[0m [36mrdf12::private_tests[0m[36m::[0m[34;1mterm_has_nested_bnode_false_for_top_level_bnode_and_iri[0m
2026-09-10T18:16:09.2838205Z [32;1m        PASS[0m [   0.007s] (  87/2739) [35;1msparq-canon[0m [36mrdf12::private_tests[0m[36m::[0m[34;1mtriple_term_depth_exact_counts[0m
2026-09-10T18:16:09.2973030Z [32;1m        PASS[0m [   0.012s] (  88/2739) [35;1msparq-canon[0m [36mtests[0m[36m::[0m[34;1mcanonicalize_nquads_deduplicates_repeated_quads[0m
2026-09-10T18:16:09.3068268Z [32;1m        PASS[0m [   0.008s] (  89/2739) [35;1msparq-canon[0m [36mtests[0m[36m::[0m[34;1mcanonicalize_nquads_named_graph[0m
2026-09-10T18:16:09.3119362Z [32;1m        PASS[0m [   0.236s] (  90/2739) [35;1msparq-bench::bin/sparq-bench[0m [36mfuzz::tests[0m[36m::[0m[34;1mtyped_literal_columns_cover_every_datatype_family[0m
2026-09-10T18:16:09.3188917Z [32;1m        PASS[0m [   0.014s] (  91/2739) [35;1msparq-canon[0m [36mtests[0m[36m::[0m[34;1mgraph_triples_materializes_exact_terms[0m
2026-09-10T18:16:09.3240268Z [32;1m        PASS[0m [   0.012s] (  92/2739) [35;1msparq-canon[0m [36mtests[0m[36m::[0m[34;1missue_triples_rejects_triple_terms[0m
2026-09-10T18:16:09.3267856Z [32;1m        PASS[0m [   0.007s] (  93/2739) [35;1msparq-canon[0m [36mtests[0m[36m::[0m[34;1mparse_nquads_rejects_malformed[0m
2026-09-10T18:16:09.3329678Z [32;1m        PASS[0m [   0.010s] (  94/2739) [35;1msparq-canon[0m [36mtests[0m[36m::[0m[34;1mto_nquads_multi_line_joins_all_lines[0m
2026-09-10T18:16:09.3399262Z [32;1m        PASS[0m [   0.013s] (  95/2739) [35;1msparq-canon::bnode_isomorphism_and_bridge[0m [34;1mempty_dataset_canonicalizes_to_empty_document[0m
2026-09-10T18:16:09.3428549Z [32;1m        PASS[0m [   0.008s] (  96/2739) [35;1msparq-canon::bnode_isomorphism_and_bridge[0m [34;1mquad_with_triple_term_object_is_rejected_by_bridge[0m
2026-09-10T18:16:09.3559222Z [32;1m        PASS[0m [   0.017s] (  97/2739) [35;1msparq-canon::digest_quads[0m [34;1mdigest_is_invariant_under_quad_order[0m
2026-09-10T18:16:09.3658000Z [32;1m        PASS[0m [   0.008s] (  98/2739) [35;1msparq-canon::proptest_canon_determinism[0m [34;1missued_map_agreement_unit[0m
2026-09-10T18:16:09.3780920Z [32;1m        PASS[0m [   0.014s] (  99/2739) [35;1msparq-canon::proptest_canon_determinism[0m [34;1msymmetric_cycle_relabeling_unit[0m
2026-09-10T18:16:09.3913886Z [32;1m        PASS[0m [   0.013s] ( 100/2739) [35;1msparq-canon::rdf12_nquads_token_tracking[0m [34;1mgraph_label_token_byte_exact[0m
2026-09-10T18:16:09.4020089Z [32;1m        PASS[0m [   0.010s] ( 101/2739) [35;1msparq-canon::rdf12_nquads_token_tracking[0m [34;1mnested_triple_term_token_byte_exact[0m
2026-09-10T18:16:09.4328611Z [32;1m        PASS[0m [   0.030s] ( 102/2739) [35;1msparq-canon::rdf12_triple_term_canon[0m [34;1mcanonicalize_graph_content_rdf12_with_sha384_relabels_bnode[0m
2026-09-10T18:16:09.4448575Z [32;1m        PASS[0m [   0.012s] ( 103/2739) [35;1msparq-canon::rdf12_triple_term_canon[0m [34;1mdepth_bound_full_profile_dataset[0m
2026-09-10T18:16:09.4548449Z [32;1m        PASS[0m [   0.010s] ( 104/2739) [35;1msparq-canon::rdf12_triple_term_canon[0m [34;1mdirectional_language_string_in_triple_term[0m
2026-09-10T18:16:09.4633846Z [32;1m        PASS[0m [   0.008s] ( 105/2739) [35;1msparq-canon::rdf12_triple_term_canon[0m [34;1mgraph_content_ground_terms_with_sha384_matches_full_profile[0m
2026-09-10T18:16:09.4814054Z [32;1m        PASS[0m [   0.018s] ( 106/2739) [35;1msparq-canon::rdf12_triple_term_canon[0m [34;1mground_terms_agrees_with_standard_path_on_triple_term_free_input[0m
2026-09-10T18:16:09.4965424Z [32;1m        PASS[0m [   0.015s] ( 107/2739) [35;1msparq-canon::rdf12_triple_term_canon[0m [34;1mground_terms_with_sha384_matches_full_profile[0m
2026-09-10T18:16:09.5048069Z [32;1m        PASS[0m [   0.007s] ( 108/2739) [35;1msparq-canon::rdf12_triple_term_canon[0m [34;1mnested_bnode_at_depth_two_fails_closed[0m
2026-09-10T18:16:09.5148229Z [32;1m        PASS[0m [   0.009s] ( 109/2739) [35;1msparq-canon::rdf12_triple_term_canon[0m [34;1mnested_bnode_in_subject_position_fails_closed[0m
2026-09-10T18:16:09.5257956Z [32;1m        PASS[0m [   0.011s] ( 110/2739) [35;1msparq-canon::rdf12_triple_term_canon[0m [34;1moracle_detects_automorphism[0m
2026-09-10T18:16:09.5367888Z [32;1m        PASS[0m [   0.009s] ( 111/2739) [35;1msparq-canon::rdf12_triple_term_canon[0m [34;1msha384_is_deterministic[0m
2026-09-10T18:16:09.5508657Z [32;1m        PASS[0m [   0.013s] ( 112/2739) [35;1msparq-canon::rdf12_triple_term_canon[0m [34;1mtop_level_bnodes_everywhere_are_accepted_and_isomorphism_stable[0m
2026-09-10T18:16:09.5557823Z [32;1m        PASS[0m [   0.008s] ( 113/2739) [35;1msparq-canon::rdf12_triple_term_canon[0m [34;1mvec1_asymmetric_inner_swap_differs[0m
2026-09-10T18:16:09.5628241Z [32;1m        PASS[0m [   0.008s] ( 114/2739) [35;1msparq-canon::rdf12_triple_term_canon[0m [34;1mvec4_anchored_inner_swap_differs_and_three_distinct_labels[0m
2026-09-10T18:16:09.5898109Z [32;1m        PASS[0m [   0.028s] ( 115/2739) [35;1msparq-cli::cli_contract[0m [34;1mbench_emits_one_tsv_line_per_query_including_construct[0m
2026-09-10T18:16:09.6079957Z [32;1m        PASS[0m [   0.016s] ( 116/2739) [35;1msparq-cli::cli_contract[0m [34;1mbench_unknown_mode_exits_2[0m
2026-09-10T18:16:09.6205405Z [32;1m        PASS[0m [   0.014s] ( 117/2739) [35;1msparq-cli::cli_contract[0m [34;1mbuild_unsupported_format_exits_nonzero[0m
2026-09-10T18:16:09.6379536Z [32;1m        PASS[0m [   0.018s] ( 118/2739) [35;1msparq-cli::cli_contract[0m [34;1mconstruct_via_query_subcommand_emits_triples[0m
2026-09-10T18:16:09.6617588Z [32;1m        PASS[0m [   0.023s] ( 119/2739) [35;1msparq-cli::cli_contract[0m [34;1mmalformed_query_exits_nonzero_with_useful_stderr[0m
2026-09-10T18:16:09.7248220Z [32;1m        PASS[0m [   0.061s] ( 120/2739) [35;1msparq-cli::cli_contract[0m [34;1mquery_ask_format_json_xml[0m
2026-09-10T18:16:09.7558334Z [32;1m        PASS[0m [   0.029s] ( 121/2739) [35;1msparq-cli::cli_contract[0m [34;1mquery_iri_equality_filter_rows_correct_through_rewrite[0m
2026-09-10T18:16:09.8519408Z [32;1m        PASS[0m [   0.098s] ( 122/2739) [35;1msparq-cli::cli_contract[0m [34;1mquery_mmap_construct_and_describe_emit_triples[0m
2026-09-10T18:16:09.8625237Z [32;1m        PASS[0m [   0.012s] ( 123/2739) [35;1msparq-cli::cli_contract[0m [34;1mquery_mmap_missing_dir_exits_1[0m
2026-09-10T18:16:09.9215576Z [32;1m        PASS[0m [   0.055s] ( 124/2739) [35;1msparq-cli::cli_contract[0m [34;1mquery_mmap_unknown_format_exits_2[0m
2026-09-10T18:16:09.9558542Z [32;1m        PASS[0m [   0.036s] ( 125/2739) [35;1msparq-cli::cli_contract[0m [34;1mquery_select_turtle_and_ttl_alias_load_identically[0m
2026-09-10T18:16:09.9768417Z [32;1m        PASS[0m [   0.022s] ( 126/2739) [35;1msparq-cli::cli_contract[0m [34;1mquery_with_reason_flag_loads[0m
2026-09-10T18:16:10.0178233Z [32;1m        PASS[0m [   0.040s] ( 127/2739) [35;1msparq-cli::cli_contract[0m [34;1mrecompress_raw_index_then_query[0m
2026-09-10T18:16:10.0390218Z [32;1m        PASS[0m [   0.023s] ( 128/2739) [35;1msparq-cli::cli_contract[0m [34;1msave_then_query_mmap_round_trip[0m
2026-09-10T18:16:10.0652297Z [32;1m        PASS[0m [   0.026s] ( 129/2739) [35;1msparq-cli::dump_cli[0m [34;1mdump_jsonld_compact_non_object_context_errors[0m
2026-09-10T18:16:10.1018722Z [32;1m        PASS[0m [   0.034s] ( 130/2739) [35;1msparq-cli::dump_cli[0m [34;1mdump_jsonld_expanded_still_works[0m
2026-09-10T18:16:10.1851875Z [32;1m        PASS[0m [   0.086s] ( 131/2739) [35;1msparq-cli::dump_cli[0m [34;1mdump_nquads_roundtrips_default_and_named_graph_counts[0m
2026-09-10T18:16:10.1979499Z [32;1m        PASS[0m [   0.012s] ( 132/2739) [35;1msparq-cli::emit_format_v2[0m [34;1mformat_v2_without_compressed_exits_2[0m
2026-09-10T18:16:10.2168503Z [32;1m        PASS[0m [   0.013s] ( 133/2739) [35;1msparq-cli::error_paths_cli[0m [34;1mcompact_nonexistent_directory_exits_1[0m
2026-09-10T18:16:10.2349736Z [32;1m        PASS[0m [   0.018s] ( 134/2739) [35;1msparq-cli::error_paths_cli[0m [34;1mquery_mmap_without_arguments_exits_2[0m
2026-09-10T18:16:10.2605679Z [32;1m        PASS[0m [   0.027s] ( 135/2739) [35;1msparq-cli::error_paths_cli[0m [34;1mreason_el_without_the_feature_exits_2[0m
2026-09-10T18:16:10.2802266Z [32;1m        PASS[0m [   0.019s] ( 136/2739) [35;1msparq-cli::error_paths_cli[0m [34;1msave_too_few_arguments_exits_2[0m
2026-09-10T18:16:10.4764199Z [32;1m        PASS[0m [   1.136s] ( 137/2739) [35;1msparq-canon::proptest_canon_determinism[0m [34;1mcanonicalization_is_idempotent[0m
2026-09-10T18:16:10.7105083Z [32;1m        PASS[0m [   0.425s] ( 138/2739) [35;1msparq-cli::store_profile[0m [34;1mexplicit_raw_equals_unset_default[0m
2026-09-10T18:16:10.7209273Z [32;1m        PASS[0m [   0.014s] ( 139/2739) [35;1msparq-conformance[0m [36mcompare::tests[0m[36m::[0m[34;1mmultiset_counts_duplicates[0m
2026-09-10T18:16:10.7352457Z [32;1m        PASS[0m [   0.016s] ( 140/2739) [35;1msparq-conformance[0m [36mdifferential::tests[0m[36m::[0m[34;1mshrink_finds_single_diverging_line[0m
2026-09-10T18:16:10.7441222Z [32;1m        PASS[0m [   0.008s] ( 141/2739) [35;1msparq-conformance[0m [36minference::entail::tests[0m[36m::[0m[34;1mparse_xsd_float_rejects_non_xsd_rust_spellings[0m
2026-09-10T18:16:10.7537380Z [32;1m        PASS[0m [   0.009s] ( 142/2739) [35;1msparq-conformance[0m [36minference::entail::tests[0m[36m::[0m[34;1mxsd_float_acceptance_rejects_non_xsd_spellings[0m
2026-09-10T18:16:10.7688414Z [32;1m        PASS[0m [   0.007s] ( 143/2739) [35;1msparq-conformance[0m [36mquadset::tests[0m[36m::[0m[34;1mbnode_vs_iri_never_matches[0m
2026-09-10T18:16:10.7778153Z [32;1m        PASS[0m [   0.015s] ( 144/2739) [35;1msparq-conformance[0m [36mquadset::tests[0m[36m::[0m[34;1mequal_under_bnode_renaming_including_graph_names[0m
2026-09-10T18:16:10.8030638Z [32;1m        PASS[0m [   0.025s] ( 145/2739) [35;1msparq-conformance::parser_differential[0m [34;1mdifferential_nq_native_vs_oxttl_over_w3c_actions[0m
2026-09-10T18:16:10.8190216Z [32;1m        PASS[0m [   0.016s] ( 146/2739) [35;1msparq-conformance::parser_differential[0m [34;1mmutation_detected_through_suite_mode[0m
2026-09-10T18:16:10.8419861Z [32;1m        PASS[0m [   0.023s] ( 147/2739) [35;1msparq-conformance::parser_differential[0m [34;1mmutation_term_mangle_detected[0m
2026-09-10T18:16:10.8538108Z [32;1m        PASS[0m [   0.010s] ( 148/2739) [35;1msparq-conformance::rdf_line_syntax_ratchet[0m [34;1mw3c_trig_syntax_ratchet[0m
2026-09-10T18:16:10.8614695Z [32;1m        PASS[0m [   0.010s] ( 149/2739) [35;1msparq-conformance::scoreboard_floors[0m [34;1mlib_sourced_jsonld_floors_are_pinned[0m
2026-09-10T18:16:10.8738169Z [32;1m        PASS[0m [   0.011s] ( 150/2739) [35;1msparq-conformance::scoreboard_floors[0m [34;1mtextual_guard_reads_only_crate_local_sources[0m
2026-09-10T18:16:10.9019025Z [32;1m        PASS[0m [   0.025s] ( 151/2739) [35;1msparq-core[0m [36mbuild_timing::tests[0m[36m::[0m[34;1mserial_path_labels_buckets_serial_and_has_no_consolidate_term[0m
2026-09-10T18:16:11.0116963Z [32;1m        PASS[0m [   0.535s] ( 152/2739) [35;1msparq-cli::store_profile[0m [34;1munknown_profile_fails_closed[0m
2026-09-10T18:16:11.0404462Z [32;1m        PASS[0m [   0.028s] ( 153/2739) [35;1msparq-core[0m [36mcompress::tests[0m[36m::[0m[34;1mrange_matches_binary_search[0m
2026-09-10T18:16:11.0709089Z [32;1m        PASS[0m [   0.029s] ( 154/2739) [35;1msparq-core[0m [36mcompress::tests[0m[36m::[0m[34;1mv2_reader_ships_with_mmap_roundtrips[0m
2026-09-10T18:16:11.0943747Z [32;1m        PASS[0m [   0.025s] ( 155/2739) [35;1msparq-core[0m [36mdict::tests[0m[36m::[0m[34;1min_memory_dedup_has_only_the_h2_tag_prefilter[0m
2026-09-10T18:16:11.1103286Z [32;1m        PASS[0m [   0.016s] ( 156/2739) [35;1msparq-core[0m [36mdict::tests[0m[36m::[0m[34;1mintern_partials_rejects_malformed_triple_component[0m
2026-09-10T18:16:11.1183966Z [32;1m        PASS[0m [   0.007s] ( 157/2739) [35;1msparq-core[0m [36mdict::tests[0m[36m::[0m[34;1mis_inline_partition_boundaries[0m
2026-09-10T18:16:11.1243613Z [32;1m        PASS[0m [   0.007s] ( 158/2739) [35;1msparq-core[0m [36mdict::tests[0m[36m::[0m[34;1mmerge_remap_translates_triple_term_components[0m
2026-09-10T18:16:11.1400409Z [32;1m        PASS[0m [   0.015s] ( 159/2739) [35;1msparq-core[0m [36mdict::tests[0m[36m::[0m[34;1mmmap_dict_rejects_legacy_and_mismatched_partition[0m
2026-09-10T18:16:11.1472434Z [32;1m        PASS[0m [   0.007s] ( 160/2739) [35;1msparq-core[0m [36mdict::tests[0m[36m::[0m[34;1mnon_integer_terms_get_dictionary_ids_below_inline_base[0m
2026-09-10T18:16:11.1618094Z [32;1m        PASS[0m [   0.011s] ( 161/2739) [35;1msparq-core[0m [36mdict::tests[0m[36m::[0m[34;1msharded_dict_roundtrips_and_preserves_order[0m
2026-09-10T18:16:11.1737769Z [32;1m        PASS[0m [   0.010s] ( 162/2739) [35;1msparq-core[0m [36mdict::tests[0m[36m::[0m[34;1mtriple_terms_survive_save_open[0m
2026-09-10T18:16:11.1778030Z [32;1m        PASS[0m [   0.007s] ( 163/2739) [35;1msparq-core[0m [36mdict::tests[0m[36m::[0m[34;1mvalidate_dict_bytes_seam_rejects_self_referential_triple[0m
2026-09-10T18:16:11.1857675Z [32;1m        PASS[0m [   0.007s] ( 164/2739) [35;1msparq-core[0m [36mdictspill::tests[0m[36m::[0m[34;1mpod_records_read_write_roundtrip[0m
2026-09-10T18:16:11.2772270Z [32;1m        PASS[0m [   0.093s] ( 165/2739) [35;1msparq-core[0m [36mdictspill::tests[0m[36m::[0m[34;1mserialize_rejects_triple_terms[0m
2026-09-10T18:16:11.2891502Z [32;1m        PASS[0m [   0.012s] ( 166/2739) [35;1msparq-core[0m [36mdictspill::tests[0m[36m::[0m[34;1mspill_config_detected_has_sane_defaults[0m
2026-09-10T18:16:11.2980107Z [32;1m        PASS[0m [   0.008s] ( 167/2739) [35;1msparq-core[0m [36mdictspill::tests[0m[36m::[0m[34;1mterm_record_roundtrip[0m
2026-09-10T18:16:11.3097386Z [32;1m        PASS[0m [   0.012s] ( 168/2739) [35;1msparq-core[0m [36mdir_roundtrip_test[0m[36m::[0m[34;1mcompact_keeps_caches_shareable_for_the_next_fork[0m
2026-09-10T18:16:11.3238363Z [32;1m        PASS[0m [   0.012s] ( 169/2739) [35;1msparq-core[0m [36mextsort::tests[0m[36m::[0m[34;1mcompressed_external_sort_matches_canonical_block_encoding[0m
2026-09-10T18:16:11.3338047Z [32;1m        PASS[0m [   0.007s] ( 170/2739) [35;1msparq-core[0m [36mextsort::tests[0m[36m::[0m[34;1mkway_merge_combines_multiple_presorted_runs[0m
2026-09-10T18:16:11.3387871Z [32;1m        PASS[0m [   0.007s] ( 171/2739) [35;1msparq-core[0m [36mextsort::tests[0m[36m::[0m[34;1mspill_run_sorts_and_writes_one_run_then_clears_buffer[0m
2026-09-10T18:16:11.3447602Z [32;1m        PASS[0m [   0.007s] ( 172/2739) [35;1msparq-core[0m [36mnt::tests[0m[36m::[0m[34;1mcase_variant_language_tags_intern_to_same_id[0m
2026-09-10T18:16:11.3527991Z [32;1m        PASS[0m [   0.006s] ( 173/2739) [35;1msparq-core[0m [36mnt::tests[0m[36m::[0m[34;1mdirectional_language_tag_lowercases_lang_part_only[0m
2026-09-10T18:16:11.3567678Z [32;1m        PASS[0m [   0.007s] ( 174/2739) [35;1msparq-core[0m [36mnt::tests[0m[36m::[0m[34;1mlanguage_tag_terminated_by_multibyte_errors_cleanly[0m
2026-09-10T18:16:11.3657533Z [32;1m        PASS[0m [   0.007s] ( 175/2739) [35;1msparq-core[0m [36mnt::tests[0m[36m::[0m[34;1mnested_triple_term_at_limit_parses[0m
2026-09-10T18:16:11.3747925Z [32;1m        PASS[0m [   0.006s] ( 176/2739) [35;1msparq-core[0m [36mnt::tests[0m[36m::[0m[34;1mnquads_graph_label_rejects_triple_term[0m
2026-09-10T18:16:11.3897901Z [32;1m        PASS[0m [   0.017s] ( 177/2739) [35;1msparq-core[0m [36mnt::tests[0m[36m::[0m[34;1mparse_chunk_dict_capacity_is_pure_hint[0m
2026-09-10T18:16:11.3957686Z [32;1m        PASS[0m [   0.006s] ( 178/2739) [35;1msparq-core[0m [36mnt::tests[0m[36m::[0m[34;1mparse_quads_chunk_rejects_invalid_utf8[0m
2026-09-10T18:16:11.4018652Z [32;1m        PASS[0m [   0.006s] ( 179/2739) [35;1msparq-core[0m [36mnt::tests[0m[36m::[0m[34;1msubject_run_cache_hits_produce_correct_ids[0m
2026-09-10T18:16:11.4077543Z [32;1m        PASS[0m [   0.007s] ( 180/2739) [35;1msparq-core[0m [36mnt::tests[0m[36m::[0m[34;1munterminated_triple_term_errors[0m
2026-09-10T18:16:11.4753991Z [32;1m        PASS[0m [   0.068s] ( 181/2739) [35;1msparq-core[0m [36mstore::overlay_deleted_tests[0m[36m::[0m[34;1mdeleted_cache_matches_rebuild_after_mixed_deltas[0m
2026-09-10T18:16:11.7639053Z [32;1m        PASS[0m [   0.287s] ( 182/2739) [35;1msparq-core[0m [36mstore::tests[0m[36m::[0m[34;1mcompressed_save_open_roundtrip[0m
2026-09-10T18:16:11.9298951Z [32;1m        PASS[0m [   0.166s] ( 183/2739) [35;1msparq-core[0m [36mstore::tests[0m[36m::[0m[34;1mderived_perms_match_radix_all_build[0m
2026-09-10T18:16:12.6390536Z [32;1m        PASS[0m [   0.711s] ( 184/2739) [35;1msparq-core[0m [36mstore::tests[0m[36m::[0m[34;1moverlay_scans_match_rebuild[0m
2026-09-10T18:16:12.6458183Z [32;1m        PASS[0m [   3.558s] ( 185/2739) [35;1msparq-bench::bin/sparq-bench[0m [36mupdate_fuzz::tests[0m[36m::[0m[34;1mgenerated_integer_domain_is_injective_including_load[0m
2026-09-10T18:16:12.6533859Z [32;1m        PASS[0m [   0.011s] ( 186/2739) [35;1msparq-core[0m [36mstrdist::tests[0m[36m::[0m[34;1medit_distance_basics[0m
2026-09-10T18:16:12.6608056Z [32;1m        PASS[0m [   0.006s] ( 187/2739) [35;1msparq-core[0m [36mtemporal::tests[0m[36m::[0m[34;1mcache_cell_matches_per_row_parse[0m
2026-09-10T18:16:12.6665834Z [32;1m        PASS[0m [   0.007s] ( 188/2739) [35;1msparq-core[0m [36mtemporal::tests[0m[36m::[0m[34;1mcmp_tl_total_extends_cmp_tl_without_contradicting_it[0m
2026-09-10T18:16:12.6757988Z [32;1m        PASS[0m [   0.007s] ( 189/2739) [35;1msparq-core[0m [36mtemporal::tests[0m[36m::[0m[34;1mequal_instants_across_timezones[0m
2026-09-10T18:16:12.6828186Z [32;1m        PASS[0m [   0.042s] ( 190/2739) [35;1msparq-core[0m [36mstore::tests[0m[36m::[0m[34;1mpred_stats_serialization_is_canonical_across_map_layouts[0m
2026-09-10T18:16:12.6853532Z [32;1m        PASS[0m [   0.011s] ( 191/2739) [35;1msparq-core[0m [36mtemporal::tests[0m[36m::[0m[34;1mmixed_presence_window_is_indeterminate[0m
2026-09-10T18:16:12.6948167Z [32;1m        PASS[0m [   0.013s] ( 192/2739) [35;1msparq-core[0m [36mtemporal::tests[0m[36m::[0m[34;1mparse_tz_parses_offsets_and_rejects_malformed[0m
2026-09-10T18:16:12.7193427Z [32;1m        PASS[0m [   0.033s] ( 193/2739) [35;1msparq-core[0m [36mtests[0m[36m::[0m[34;1mapply_effects_multi_slot_is_atomic_via_journal[0m
2026-09-10T18:16:12.7287687Z [32;1m        PASS[0m [   0.034s] ( 194/2739) [35;1msparq-core[0m [36mtests[0m[36m::[0m[34;1mbuild_external_quads_default_only_no_manifest[0m
2026-09-10T18:16:12.7351429Z [32;1m        PASS[0m [   0.016s] ( 195/2739) [35;1msparq-core[0m [36mtests[0m[36m::[0m[34;1mbuild_external_quads_error_cleans_spill_dir[0m
2026-09-10T18:16:12.7537934Z [32;1m        PASS[0m [   0.017s] ( 196/2739) [35;1msparq-core[0m [36mtests[0m[36m::[0m[34;1mcompact_swap_crash_recovery[0m
2026-09-10T18:16:12.7697978Z [32;1m        PASS[0m [   0.016s] ( 197/2739) [35;1msparq-core[0m [36mtests[0m[36m::[0m[34;1mdefault_only_save_has_no_named_artifacts[0m
2026-09-10T18:16:12.7828732Z [32;1m        PASS[0m [   0.054s] ( 198/2739) [35;1msparq-core[0m [36mtests[0m[36m::[0m[34;1mbuild_external_quads_unsupported_format_preserves_dir[0m
2026-09-10T18:16:12.7983087Z [32;1m        PASS[0m [   0.015s] ( 199/2739) [35;1msparq-core[0m [36mtests[0m[36m::[0m[34;1mdrop_last_named_graph_clears_manifest_and_subtree[0m
2026-09-10T18:16:12.8072413Z [32;1m        PASS[0m [   0.009s] ( 200/2739) [35;1msparq-core[0m [36mtests[0m[36m::[0m[34;1mexact_numeric_lexical_returns_exact_form_or_none[0m
2026-09-10T18:16:12.8198444Z [32;1m        PASS[0m [   0.010s] ( 201/2739) [35;1msparq-core[0m [36mtests[0m[36m::[0m[34;1mgraph_prefix_range_scan_and_cache_coherence[0m
2026-09-10T18:16:12.8218831Z [32;1m        PASS[0m [   0.049s] ( 202/2739) [35;1msparq-core[0m [36mtests[0m[36m::[0m[34;1mdict_spill_rejects_non_ntriples_and_opens_mmap[0m
2026-09-10T18:16:12.8347821Z [32;1m        PASS[0m [   0.015s] ( 203/2739) [35;1msparq-core[0m [36mtests[0m[36m::[0m[34;1mhas_high_precision_decimal_memo_survives_delta_insert[0m
2026-09-10T18:16:12.8411453Z [32;1m        PASS[0m [   0.007s] ( 204/2739) [35;1msparq-core[0m [36mtests[0m[36m::[0m[34;1mis_integer_datatype_accepts_integer_subtypes_only[0m
2026-09-10T18:16:12.8437871Z [32;1m        PASS[0m [   0.023s] ( 205/2739) [35;1msparq-core[0m [36mtests[0m[36m::[0m[34;1mhas_high_precision_decimal_memo_invalidates_stored_growth[0m
2026-09-10T18:16:12.8502586Z [32;1m        PASS[0m [   0.009s] ( 206/2739) [35;1msparq-core[0m [36mtests[0m[36m::[0m[34;1mjsonld_malformed_errors[0m
2026-09-10T18:16:12.8560415Z [32;1m        PASS[0m [   0.016s] ( 207/2739) [35;1msparq-core[0m [36mtests[0m[36m::[0m[34;1mjsonld_load_str_array[0m
2026-09-10T18:16:12.8667020Z [32;1m        PASS[0m [   0.010s] ( 208/2739) [35;1msparq-core[0m [36mtests[0m[36m::[0m[34;1mload_dataset_with_base_resolves_and_preserves_named_graphs[0m
2026-09-10T18:16:12.8764123Z [32;1m        PASS[0m [   0.009s] ( 209/2739) [35;1msparq-core[0m [36mtests[0m[36m::[0m[34;1mload_str_with_base_resolves_relative_iris[0m
2026-09-10T18:16:12.8797629Z [32;1m        PASS[0m [   0.027s] ( 210/2739) [35;1msparq-core[0m [36mtests[0m[36m::[0m[34;1mload_dataset_rejects_unknown_format[0m
2026-09-10T18:16:12.9015489Z [32;1m        PASS[0m [   0.027s] ( 211/2739) [35;1msparq-core[0m [36mtests[0m[36m::[0m[34;1mnamed_graph_updates_are_wal_durable[0m
2026-09-10T18:16:12.9078222Z [32;1m        PASS[0m [   0.029s] ( 212/2739) [35;1msparq-core[0m [36mtests[0m[36m::[0m[34;1mnamed_manifest_write_is_atomic_temp_then_rename[0m
2026-09-10T18:16:12.9165198Z [32;1m        PASS[0m [   0.008s] ( 213/2739) [35;1msparq-core[0m [36mtests[0m[36m::[0m[34;1mnumeric_cache_lookup_covers_outlined_storage_variants[0m
2026-09-10T18:16:12.9397950Z [32;1m        PASS[0m [   0.025s] ( 214/2739) [35;1msparq-core[0m [36mtests[0m[36m::[0m[34;1mopen_falls_back_to_legacy_dict_bin[0m
2026-09-10T18:16:13.0458462Z [32;1m        PASS[0m [   0.142s] ( 215/2739) [35;1msparq-core[0m [36mtests[0m[36m::[0m[34;1mntriples_parallel_matches_sequential[0m
2026-09-10T18:16:13.1357936Z [32;1m        PASS[0m [   0.089s] ( 216/2739) [35;1msparq-core[0m [36mtests[0m[36m::[0m[34;1mparallel_turtle_escaped_hash_in_local[0m
2026-09-10T18:16:13.4217959Z [32;1m        PASS[0m [   0.286s] ( 217/2739) [35;1msparq-core[0m [36mtests[0m[36m::[0m[34;1mparallel_turtle_quoted_triples_match_serial[0m
2026-09-10T18:16:13.4477853Z [32;1m        PASS[0m [   0.506s] ( 218/2739) [35;1msparq-core[0m [36mtests[0m[36m::[0m[34;1mparallel_trig_matches_serial[0m
2026-09-10T18:16:13.4637800Z [32;1m        PASS[0m [   0.015s] ( 219/2739) [35;1msparq-core[0m [36mtests[0m[36m::[0m[34;1mpredicate_has_literal_object_iri_only_vs_literal_vs_bnode[0m
2026-09-10T18:16:13.7338305Z [32;1m        PASS[0m [   0.272s] ( 220/2739) [35;1msparq-core[0m [36mtests[0m[36m::[0m[34;1mpresizing_is_pure_capacity_hint[0m
2026-09-10T18:16:13.7708286Z [32;1m        PASS[0m [   0.037s] ( 221/2739) [35;1msparq-core[0m [36mtests[0m[36m::[0m[34;1mrdfxml_load_str_with_base_resolves_relative[0m
2026-09-10T18:16:13.8003054Z [32;1m        PASS[0m [   0.030s] ( 222/2739) [35;1msparq-core[0m [36mtests[0m[36m::[0m[34;1mrestore_into_durable_round_trips_and_is_wal_backed[0m
2026-09-10T18:16:13.8660731Z [32;1m        PASS[0m [   0.064s] ( 223/2739) [35;1msparq-core[0m [36mtests[0m[36m::[0m[34;1msave_open_mmap_roundtrip[0m
2026-09-10T18:16:13.8688063Z [32;1m        PASS[0m [   0.447s] ( 224/2739) [35;1msparq-core[0m [36mtests[0m[36m::[0m[34;1mparallel_turtle_terminator_scan_is_linear_not_quadratic[0m
2026-09-10T18:16:13.8803186Z [32;1m        PASS[0m [   0.014s] ( 225/2739) [35;1msparq-core[0m [36mtests[0m[36m::[0m[34;1mtxn_default_redo_survives_double_restart[0m
2026-09-10T18:16:13.8867993Z [32;1m        PASS[0m [   0.022s] ( 226/2739) [35;1msparq-core[0m [36mtests[0m[36m::[0m[34;1mstreamed_caches_byte_identical_to_dense[0m
2026-09-10T18:16:13.9841396Z [32;1m        PASS[0m [   0.097s] ( 227/2739) [35;1msparq-core[0m [36mtests[0m[36m::[0m[34;1mvacuum_preserves_live_dataset_exactly[0m
2026-09-10T18:16:13.9871084Z [32;1m        PASS[0m [   0.106s] ( 228/2739) [35;1msparq-core[0m [36mtests[0m[36m::[0m[34;1mtxn_named_redo_survives_double_restart[0m
2026-09-10T18:16:14.0120680Z [32;1m        PASS[0m [   0.027s] ( 229/2739) [35;1msparq-core[0m [36mtests[0m[36m::[0m[34;1mwal_torn_batch_replay[0m
2026-09-10T18:16:14.0664967Z [32;1m        PASS[0m [   0.053s] ( 230/2739) [35;1msparq-core::fork_differential[0m [34;1mnamed_graphs_fork_isolated[0m
2026-09-10T18:16:14.3978147Z [32;1m        PASS[0m [   0.410s] ( 231/2739) [35;1msparq-core::dict_spill_activation[0m [34;1mspill_built_store_mmap_reload_round_trip[0m
2026-09-10T18:16:14.8188235Z [32;1m        PASS[0m [   5.701s] ( 232/2739) [35;1msparq-bench::bin/sparq-bench[0m [36mupdate_fuzz::tests[0m[36m::[0m[34;1mno_nested_blank_nodes_in_triple_terms[0m
2026-09-10T18:16:14.8428014Z [32;1m        PASS[0m [   0.023s] ( 233/2739) [35;1msparq-core::proptest_roundtrip[0m [34;1mdict_escaped_lit_roundtrip_unit[0m
2026-09-10T18:16:15.0968088Z [32;1m        PASS[0m [   0.256s] ( 234/2739) [35;1msparq-core::proptest_roundtrip[0m [34;1mdict_intern_injective[0m
2026-09-10T18:16:15.1033738Z [32;1m        PASS[0m [   0.007s] ( 235/2739) [35;1msparq-core::proptest_roundtrip[0m [34;1mdict_lang_lit_roundtrip_unit[0m
2026-09-10T18:16:15.1271123Z [32;1m        PASS[0m [   0.024s] ( 236/2739) [35;1msparq-core::proptest_roundtrip[0m [34;1mescape_paths_are_exercised_by_generator[0m
2026-09-10T18:16:15.1428439Z [32;1m        PASS[0m [   0.015s] ( 237/2739) [35;1msparq-core::proptest_roundtrip[0m [34;1mnt_roundtrip_escaped_literal_unit[0m
2026-09-10T18:16:15.1746340Z [32;1m        PASS[0m [   0.031s] ( 238/2739) [35;1msparq-core::snapshot[0m [34;1msnapshot_includes_pending_overlay_and_survives_base_compaction[0m
2026-09-10T18:16:15.1998017Z [32;1m        PASS[0m [   0.024s] ( 239/2739) [35;1msparq-core::snapshot[0m [34;1msnapshot_sees_point_in_time_triples[0m
2026-09-10T18:16:15.2173194Z [32;1m        PASS[0m [   0.017s] ( 240/2739) [35;1msparq-crdt[0m [36mcodec::tests[0m[36m::[0m[34;1mexpect_object_str_array_reject_shape_mismatches[0m
2026-09-10T18:16:15.2378045Z [32;1m        PASS[0m [   0.020s] ( 241/2739) [35;1msparq-crdt[0m [36mcodec::tests[0m[36m::[0m[34;1mparse_summary_round_trips_and_rejects_unnormalised[0m
2026-09-10T18:16:15.2537815Z [32;1m        PASS[0m [   0.017s] ( 242/2739) [35;1msparq-crdt[0m [36mcodec::tests[0m[36m::[0m[34;1mwrite_json_string_uses_jcs_escapes[0m
2026-09-10T18:16:15.2697680Z [32;1m        PASS[0m [   0.014s] ( 243/2739) [35;1msparq-crdt[0m [36menvelope::tests[0m[36m::[0m[34;1madmission_new_and_check[0m
2026-09-10T18:16:15.2834454Z [32;1m        PASS[0m [   0.016s] ( 244/2739) [35;1msparq-crdt[0m [36menvelope::tests[0m[36m::[0m[34;1mdecode_rejects_every_second_byte_form[0m
2026-09-10T18:16:15.3008360Z [32;1m        PASS[0m [   0.013s] ( 245/2739) [35;1msparq-crdt[0m [36menvelope::tests[0m[36m::[0m[34;1mdecode_rejects_wrong_dataset_and_wrong_epoch[0m
2026-09-10T18:16:15.3138026Z [32;1m        PASS[0m [   0.016s] ( 246/2739) [35;1msparq-crdt[0m [36menvelope::tests[0m[36m::[0m[34;1menvelope_hash_is_domain_separated_and_deterministic[0m
2026-09-10T18:16:15.3317982Z [32;1m        PASS[0m [   0.015s] ( 247/2739) [35;1msparq-crdt[0m [36menvelope::tests[0m[36m::[0m[34;1mnew_rejects_wire4_violations[0m
2026-09-10T18:16:15.3417720Z [32;1m        PASS[0m [   0.012s] ( 248/2739) [35;1msparq-crdt[0m [36mid::tests[0m[36m::[0m[34;1mdataset_id_new_validates_iri_and_bound[0m
2026-09-10T18:16:15.3563670Z [32;1m        PASS[0m [   0.014s] ( 249/2739) [35;1msparq-crdt[0m [36mid::tests[0m[36m::[0m[34;1mdot_orders_by_replica_bytes_then_counter[0m
2026-09-10T18:16:15.3708463Z [32;1m        PASS[0m [   0.012s] ( 250/2739) [35;1msparq-crdt[0m [36mid::tests[0m[36m::[0m[34;1mreplica_id_from_base64url_rejects_padding_and_junk[0m
2026-09-10T18:16:15.3787508Z [32;1m        PASS[0m [   0.010s] ( 251/2739) [35;1msparq-crdt[0m [36mjournal::tests[0m[36m::[0m[34;1mappend_persists_across_reopen_and_is_retry_safe[0m
2026-09-10T18:16:15.3938037Z [32;1m        PASS[0m [   0.016s] ( 252/2739) [35;1msparq-crdt[0m [36mjournal::tests[0m[36m::[0m[34;1mchecksum_mismatch_fails_closed_for_final_and_midfile_records[0m
2026-09-10T18:16:15.4087814Z [32;1m        PASS[0m [   0.014s] ( 253/2739) [35;1msparq-crdt[0m [36mjournal::tests[0m[36m::[0m[34;1mopen_creates_a_journal_and_reopens_it[0m
2026-09-10T18:16:15.4178555Z [32;1m        PASS[0m [   0.011s] ( 254/2739) [35;1msparq-crdt[0m [36mjournal::tests[0m[36m::[0m[34;1msnapshot_accessors_expose_the_parts[0m
2026-09-10T18:16:15.4198344Z [32;1m        PASS[0m [   1.022s] ( 255/2739) [35;1msparq-core::parallel_serial_load_differential[0m [34;1mntriples_load_reader_matches_reference[0m
2026-09-10T18:16:15.4274805Z [32;1m        PASS[0m [   0.009s] ( 256/2739) [35;1msparq-crdt[0m [36mjournal::tests[0m[36m::[0m[34;1msnapshot_encode_decode_round_trips[0m
2026-09-10T18:16:15.4389252Z [32;1m        PASS[0m [   0.011s] ( 257/2739) [35;1msparq-crdt[0m [36mjournal::tests[0m[36m::[0m[34;1mwrite_and_read_snapshot_file_round_trips_atomically[0m
2026-09-10T18:16:15.4470291Z [32;1m        PASS[0m [   0.008s] ( 258/2739) [35;1msparq-crdt[0m [36mquad::tests[0m[36m::[0m[34;1mparse_enforces_the_byte_bound[0m
2026-09-10T18:16:15.4587702Z [32;1m        PASS[0m [   0.011s] ( 259/2739) [35;1msparq-crdt[0m [36mquad::tests[0m[36m::[0m[34;1mparse_rejects_syntax_errors_multi_quads_and_line_breaks[0m
2026-09-10T18:16:15.4656808Z [32;1m        PASS[0m [   0.007s] ( 260/2739) [35;1msparq-crdt[0m [36msummary::tests[0m[36m::[0m[34;1mfrom_parts_accepts_normal_form_and_rejects_everything_else[0m
2026-09-10T18:16:15.4749810Z [32;1m        PASS[0m [   0.054s] ( 261/2739) [35;1msparq-crdt[0m [36mjournal::tests[0m[36m::[0m[34;1mstreaming_scan_buffer_stays_bounded_by_the_largest_record[0m
2026-09-10T18:16:15.4783870Z [32;1m        PASS[0m [   0.013s] ( 262/2739) [35;1msparq-crdt[0m [36msummary::tests[0m[36m::[0m[34;1minsert_is_idempotent[0m
2026-09-10T18:16:15.4908334Z [32;1m        PASS[0m [   0.012s] ( 263/2739) [35;1msparq-crdt[0m [36msync::tests[0m[36m::[0m[34;1mhello_decode_round_trips[0m
2026-09-10T18:16:15.4937927Z [32;1m        PASS[0m [   0.016s] ( 264/2739) [35;1msparq-crdt[0m [36msync::tests[0m[36m::[0m[34;1madvance_epoch_at_u64_max_reports_saturated_successor_without_overflow[0m
2026-09-10T18:16:15.5048625Z [32;1m        PASS[0m [   0.011s] ( 265/2739) [35;1msparq-crdt[0m [36msync::tests[0m[36m::[0m[34;1mmissing_intervals_compresses_the_contiguous_gap[0m
2026-09-10T18:16:15.5068043Z [32;1m        PASS[0m [   0.011s] ( 266/2739) [35;1msparq-crdt[0m [36msync::tests[0m[36m::[0m[34;1mmissing_intervals_splits_around_remote_cloud_dots[0m
2026-09-10T18:16:15.5135551Z [32;1m        PASS[0m [   0.007s] ( 267/2739) [35;1msparq-crdt[0m [36msync::tests[0m[36m::[0m[34;1mstability_tracker_new_and_membership_accessor[0m
2026-09-10T18:16:15.5154953Z [32;1m        PASS[0m [   0.007s] ( 268/2739) [35;1msparq-crdt[0m [36mtests[0m[36m::[0m[34;1merror_source_is_the_io_cause_only_for_io[0m
2026-09-10T18:16:15.5182992Z [32;1m        PASS[0m [   0.009s] ( 269/2739) [35;1msparq-difftest[0m [36mdecision::tests[0m[36m::[0m[34;1moutcome_new_collects_and_dedups[0m
2026-09-10T18:16:15.5217782Z [32;1m        PASS[0m [   0.013s] ( 270/2739) [35;1msparq-difftest[0m [36miso::tests[0m[36m::[0m[34;1mcanonical_solutions_keys_the_whole_table_not_each_row[0m
2026-09-10T18:16:15.5267826Z [32;1m        PASS[0m [   0.007s] ( 271/2739) [35;1msparq-difftest[0m [36miso::tests[0m[36m::[0m[34;1msolutions_have_blank_nodes_is_the_routing_predicate[0m
2026-09-10T18:16:15.5337968Z [32;1m        PASS[0m [   0.006s] ( 272/2739) [35;1msparq-difftest[0m [36mjson::tests[0m[36m::[0m[34;1mparse_select_all_term_kinds[0m
2026-09-10T18:16:15.5387809Z [32;1m        PASS[0m [   0.016s] ( 273/2739) [35;1msparq-difftest[0m [36miso::tests[0m[36m::[0m[34;1mterm_has_blank_node_sees_through_triple_terms[0m
2026-09-10T18:16:15.5395109Z [32;1m        PASS[0m [   0.007s] ( 274/2739) [35;1msparq-difftest[0m [36mjson::tests[0m[36m::[0m[34;1mrejects_langstring_datatype_without_lang[0m
2026-09-10T18:16:15.5476999Z [32;1m        PASS[0m [   0.009s] ( 275/2739) [35;1msparq-difftest[0m [36mnumeric::tests[0m[36m::[0m[34;1mcanonical_double_string_buckets_specials[0m
2026-09-10T18:16:15.5482917Z [32;1m        PASS[0m [   0.010s] ( 276/2739) [35;1msparq-difftest[0m [36mmultiset::tests[0m[36m::[0m[34;1mmultiset_equal_is_not_fooled_by_delimiter_bytes_in_a_lexical[0m
2026-09-10T18:16:15.5561187Z [32;1m        PASS[0m [   0.008s] ( 277/2739) [35;1msparq-difftest[0m [36mtemporal::tests[0m[36m::[0m[34;1mdt_compare_is_symmetric_under_argument_reversal[0m
2026-09-10T18:16:15.5628398Z [32;1m        PASS[0m [   0.014s] ( 278/2739) [35;1msparq-difftest[0m [36mnumeric::tests[0m[36m::[0m[34;1mparse_double_specials_and_spellings[0m
2026-09-10T18:16:15.5630993Z [32;1m        PASS[0m [   0.007s] ( 279/2739) [35;1msparq-difftest[0m [36mtemporal::tests[0m[36m::[0m[34;1mparse_datetime_forms[0m
2026-09-10T18:16:15.5771171Z [32;1m        PASS[0m [   0.015s] ( 280/2739) [35;1msparq-difftest[0m [36mtemporal::tests[0m[36m::[0m[34;1mparse_duration_enforces_datatype_unit_subsets[0m
2026-09-10T18:16:15.5788124Z [32;1m        PASS[0m [   0.015s] ( 281/2739) [35;1msparq-difftest[0m [36mtemporal::tests[0m[36m::[0m[34;1mparse_duration_requires_ordered_unique_units[0m
2026-09-10T18:16:15.5855453Z [32;1m        PASS[0m [   0.008s] ( 282/2739) [35;1msparq-difftest[0m [36mterm::tests[0m[36m::[0m[34;1mcanonical_lexical_collapses_value_variants_only_where_the_value_space_is_known[0m
2026-09-10T18:16:15.5898642Z [32;1m        PASS[0m [   0.010s] ( 283/2739) [35;1msparq-difftest::decision_equiv[0m [34;1mdropped_allow_only_yields_empty_asymmetry[0m
2026-09-10T18:16:15.6003005Z [32;1m        PASS[0m [   0.012s] ( 284/2739) [35;1msparq-e2ee-ng[0m [36mcapability::tests[0m[36m::[0m[34;1mdecode_rejects_duplicate_authority_array[0m
2026-09-10T18:16:15.6048054Z [32;1m        PASS[0m [   0.014s] ( 285/2739) [35;1msparq-difftest::edge_contracts[0m [34;1mnumeric_special_values_signed_zero_and_promotion_contract[0m
2026-09-10T18:16:15.6088429Z [32;1m        PASS[0m [   0.006s] ( 286/2739) [35;1msparq-e2ee-ng[0m [36mcapability::tests[0m[36m::[0m[34;1msecret_decode_rejects_publisher_pub_without_publish[0m
2026-09-10T18:16:15.6113430Z [32;1m        PASS[0m [   0.011s] ( 287/2739) [35;1msparq-e2ee-ng[0m [36mcapability::tests[0m[36m::[0m[34;1mdecode_rejects_out_of_order_authority_array[0m
2026-09-10T18:16:15.6562686Z [32;1m        PASS[0m [   0.043s] ( 288/2739) [35;1msparq-e2ee-ng::object[0m [34;1mobject_leaf_presented_as_root_fails_closed[0m
2026-09-10T18:16:15.6611397Z [32;1m        PASS[0m [   4.762s] ( 289/2739) [35;1msparq-core[0m [36mcompress::byte_attribution[0m[36m::[0m[34;1mblock_size_cannot_flatten_the_scale_growth[0m
2026-09-10T18:16:15.6926858Z [32;1m        PASS[0m [   0.085s] ( 290/2739) [35;1msparq-e2ee-ng::object[0m [34;1mobject_foreign_block_fails_closed[0m
2026-09-10T18:16:15.7053789Z [32;1m        PASS[0m [   0.050s] ( 291/2739) [35;1msparq-e2ee-ng::object[0m [34;1mobject_missing_block_fails_closed[0m
2026-09-10T18:16:15.7322748Z [32;1m        PASS[0m [   0.039s] ( 292/2739) [35;1msparq-e2ee-ng::object[0m [34;1mobject_structure_invariants[0m
2026-09-10T18:16:15.7483302Z [32;1m        PASS[0m [   0.015s] ( 293/2739) [35;1msparq-e2ee-ng::roundtrip[0m [34;1mblock_open_wrong_epoch_fails_closed[0m
2026-09-10T18:16:15.7526749Z [32;1m        PASS[0m [   0.048s] ( 294/2739) [35;1msparq-e2ee-ng::object[0m [34;1mobject_wrong_context_fails_closed[0m
2026-09-10T18:16:15.7623379Z [32;1m        PASS[0m [   0.014s] ( 295/2739) [35;1msparq-e2ee-ng::roundtrip[0m [34;1mblock_tampered_ciphertext_fails_closed[0m
2026-09-10T18:16:15.7756686Z [32;1m        PASS[0m [   0.013s] ( 296/2739) [35;1msparq-e2ee-ng::roundtrip[0m [34;1mcbor_negative_extension_key_is_skipped[0m
2026-09-10T18:16:15.7908056Z [32;1m        PASS[0m [   0.014s] ( 297/2739) [35;1msparq-e2ee-ng::roundtrip[0m [34;1mcbor_rejects_negative_key_before_same_length_positive[0m
2026-09-10T18:16:15.8058077Z [32;1m        PASS[0m [   0.014s] ( 298/2739) [35;1msparq-e2ee-ng::roundtrip[0m [34;1mcbor_skipped_extension_map_must_be_canonical[0m
2026-09-10T18:16:15.8291192Z [32;1m        PASS[0m [   0.167s] ( 299/2739) [35;1msparq-e2ee-ng::object[0m [34;1mobject_roundtrip_across_sizes_and_depths[0m
2026-09-10T18:16:15.8437631Z [32;1m        PASS[0m [   0.091s] ( 300/2739) [35;1msparq-e2ee-ng::roundtrip[0m [34;1mcapability_secret_roundtrip[0m
2026-09-10T18:16:15.8786852Z [32;1m        PASS[0m [   0.035s] ( 301/2739) [35;1msparq-e2ee-ng::roundtrip[0m [34;1mpublic_grant_excludes_secret_fields[0m
2026-09-10T18:16:15.9166301Z [32;1m        PASS[0m [   0.113s] ( 302/2739) [35;1msparq-e2ee-ng::roundtrip[0m [34;1mdelegation_narrows_only[0m
2026-09-10T18:16:15.9237580Z [32;1m        PASS[0m [   0.093s] ( 303/2739) [35;1msparq-e2ee-ng::roundtrip[0m [34;1mepoch_transition_sign_verify[0m
2026-09-10T18:16:15.9644861Z [32;1m        PASS[0m [   0.047s] ( 304/2739) [35;1msparq-e2ee-ng::roundtrip[0m [34;1munwrap_rejects_low_order_ephemeral_key[0m
2026-09-10T18:16:15.9717609Z [32;1m        PASS[0m [   0.091s] ( 305/2739) [35;1msparq-e2ee-ng::roundtrip[0m [34;1mread_write_admin_separation[0m
2026-09-10T18:16:16.0149524Z [32;1m        PASS[0m [   0.045s] ( 306/2739) [35;1msparq-e2ee-ng::roundtrip[0m [34;1mwrap_wrong_aad_fails_closed[0m
2026-09-10T18:16:16.0303351Z [32;1m        PASS[0m [   0.109s] ( 307/2739) [35;1msparq-e2ee-ng::roundtrip[0m [34;1mwrap_capability_rejects_a_structurally_invalid_public_grant[0m
2026-09-10T18:16:16.0518364Z [32;1m        PASS[0m [   0.085s] ( 308/2739) [35;1msparq-e2ee-ng::roundtrip[0m [34;1mwrap_capability_wrong_recipient_fails_closed[0m
2026-09-10T18:16:16.0986810Z [32;1m        PASS[0m [   0.082s] ( 309/2739) [35;1msparq-e2ee-ng::vectors[0m [34;1mvector_commit_plaintext_verifies[0m
2026-09-10T18:16:16.1129998Z [32;1m        PASS[0m [   0.082s] ( 310/2739) [35;1msparq-e2ee-ng::vectors[0m [34;1mvector_secret_capability_roundtrips[0m
2026-09-10T18:16:16.1189306Z [32;1m        PASS[0m [   0.069s] ( 311/2739) [35;1msparq-engine[0m [36mconstruct::tests[0m[36m::[0m[34;1mconstruct_dedups_set_semantics[0m
2026-09-10T18:16:16.1248722Z [32;1m        PASS[0m [   0.010s] ( 312/2739) [35;1msparq-engine[0m [36mconstruct::tests[0m[36m::[0m[34;1mconstruct_template_bnodes_fresh_per_solution[0m
2026-09-10T18:16:16.1297763Z [32;1m        PASS[0m [   0.032s] ( 313/2739) [35;1msparq-engine[0m [36mconstruct::tests[0m[36m::[0m[34;1mconstruct_or_describe_handles_both_forms_and_rejects_select[0m
2026-09-10T18:16:16.1309066Z [32;1m        PASS[0m [   0.011s] ( 314/2739) [35;1msparq-engine[0m [36mconstruct::tests[0m[36m::[0m[34;1mdescribe_iri_is_cbd[0m
2026-09-10T18:16:16.1389520Z [32;1m        PASS[0m [   0.016s] ( 315/2739) [35;1msparq-engine[0m [36mdataset::tests[0m[36m::[0m[34;1mabsent_graph_is_empty_and_repeats_dedup[0m
2026-09-10T18:16:16.1437539Z [32;1m        PASS[0m [   0.013s] ( 316/2739) [35;1msparq-engine[0m [36mdp::tests[0m[36m::[0m[34;1mbudget_zero_falls_back[0m
2026-09-10T18:16:16.1450051Z [32;1m        PASS[0m [   0.015s] ( 317/2739) [35;1msparq-engine[0m [36mdp::tests[0m[36m::[0m[34;1mdisconnected_falls_back[0m
2026-09-10T18:16:16.1501962Z [32;1m        PASS[0m [   0.011s] ( 318/2739) [35;1msparq-engine[0m [36mdp::tests[0m[36m::[0m[34;1mopt_out_restores_prior_state_on_drop[0m
2026-09-10T18:16:16.1591186Z [32;1m        PASS[0m [   0.009s] ( 319/2739) [35;1msparq-engine[0m [36mexec::aggregate_empty_semantics[0m[36m::[0m[34;1mcount_star_with_group_by_over_empty_is_zero_rows[0m
2026-09-10T18:16:16.1598965Z [32;1m        PASS[0m [   0.017s] ( 320/2739) [35;1msparq-engine[0m [36mdp::tests[0m[36m::[0m[34;1mstar_of_four_optimal[0m
2026-09-10T18:16:16.1612350Z [32;1m        PASS[0m [   0.016s] ( 321/2739) [35;1msparq-engine[0m [36mexec::aggregate_empty_semantics[0m[36m::[0m[34;1mavg_over_empty_is_integer_zero_one_row[0m
2026-09-10T18:16:16.1741800Z [32;1m        PASS[0m [   0.013s] ( 322/2739) [35;1msparq-engine[0m [36mexec::aggregate_empty_semantics[0m[36m::[0m[34;1msample_over_empty_is_unbound_one_row[0m
2026-09-10T18:16:16.1771653Z [32;1m        PASS[0m [   0.015s] ( 323/2739) [35;1msparq-engine[0m [36mexec::aggregate_empty_semantics[0m[36m::[0m[34;1mgroup_concat_over_empty_is_empty_string_one_row[0m
2026-09-10T18:16:16.1792467Z [32;1m        PASS[0m [   0.017s] ( 324/2739) [35;1msparq-engine[0m [36mexec::aggregate_empty_semantics[0m[36m::[0m[34;1mmax_with_group_by_over_empty_is_zero_rows[0m
2026-09-10T18:16:16.1944830Z [32;1m        PASS[0m [   0.019s] ( 325/2739) [35;1msparq-engine[0m [36mexec::ask_exists_tests[0m[36m::[0m[34;1mexists_in_filter_correctness[0m
2026-09-10T18:16:16.2008163Z [32;1m        PASS[0m [   0.021s] ( 326/2739) [35;1msparq-engine[0m [36mexec::bind_join_run_grouping[0m[36m::[0m[34;1mscrambled_result_hash_grouping_preserves_the_bag[0m
2026-09-10T18:16:16.2263238Z [32;1m        PASS[0m [   0.031s] ( 327/2739) [35;1msparq-engine[0m [36mexec::bind_join_run_grouping[0m[36m::[0m[34;1mstale_sorted_by_uses_hash_grouping_and_scans_each_key_once[0m
2026-09-10T18:16:16.2266469Z [32;1m        PASS[0m [   0.027s] ( 328/2739) [35;1msparq-engine[0m [36mexec::budget::cancel_tests[0m[36m::[0m[34;1mcancelled_query_does_not_leak_flag_into_next_query_on_same_thread[0m
2026-09-10T18:16:16.2386352Z [32;1m        PASS[0m [   0.013s] ( 329/2739) [35;1msparq-engine[0m [36mexec::budget::nested_budget_tests[0m[36m::[0m[34;1mlive_parent_cancel_is_distinct_from_child_cancel[0m
2026-09-10T18:16:16.2420861Z [32;1m        PASS[0m [   0.016s] ( 330/2739) [35;1msparq-engine[0m [36mexec::budget::nested_budget_tests[0m[36m::[0m[34;1msnapshots_join_two_workers_before_parent_cancel_owner_returns[0m
2026-09-10T18:16:16.2519574Z [32;1m        PASS[0m [   0.013s] ( 331/2739) [35;1msparq-engine[0m [36mexec::budget::snapshot_reason_tests[0m[36m::[0m[34;1man_elapsed_deadline_reports_timeout[0m
2026-09-10T18:16:16.2540994Z [32;1m        PASS[0m [   0.080s] ( 332/2739) [35;1msparq-engine[0m [36mexec::ask_exists_tests[0m[36m::[0m[34;1mask_single_pattern_early_exit_does_not_over_evaluate[0m
2026-09-10T18:16:16.2544962Z [32;1m        PASS[0m [   0.011s] ( 333/2739) [35;1msparq-engine[0m [36mexec::budget::snapshot_reason_tests[0m[36m::[0m[34;1munbudgeted_snapshot_has_no_reason[0m
2026-09-10T18:16:16.2738072Z [32;1m        PASS[0m [   0.019s] ( 334/2739) [35;1msparq-engine[0m [36mexec::builtin_error_paths[0m[36m::[0m[34;1mnumeric_builtins[0m
2026-09-10T18:16:16.2767873Z [32;1m        PASS[0m [   0.020s] ( 335/2739) [35;1msparq-engine[0m [36mexec::builtin_error_paths[0m[36m::[0m[34;1mterm_and_constructor_builtins[0m
2026-09-10T18:16:16.2860987Z [32;1m        PASS[0m [   0.015s] ( 336/2739) [35;1msparq-engine[0m [36mexec::builtin_memo_tests[0m[36m::[0m[34;1mrand_fresh_per_call_in_unit_range[0m
2026-09-10T18:16:16.2962779Z [32;1m        PASS[0m [   0.010s] ( 337/2739) [35;1msparq-engine[0m [36mexec::capped_rhs_tests[0m[36m::[0m[34;1mcapped_rhs_disconnected_cross_preserves_multiplicity[0m
2026-09-10T18:16:16.3074766Z [32;1m        PASS[0m [   0.033s] ( 338/2739) [35;1msparq-engine[0m [36mexec::builtin_memo_tests[0m[36m::[0m[34;1mregex_cache_fresh_equivalence_differential[0m
2026-09-10T18:16:16.4593421Z [32;1m        PASS[0m [   0.151s] ( 339/2739) [35;1msparq-engine[0m [36mexec::capped_rhs_tests[0m[36m::[0m[34;1mcapped_rhs_replacement_releases_old_slot_before_scan[0m
2026-09-10T18:16:16.4705059Z [32;1m        PASS[0m [   0.011s] ( 340/2739) [35;1msparq-engine[0m [36mexec::compiled_expr_tests[0m[36m::[0m[34;1mcompile_expr_matches_eval_expr_for_all_variants[0m
2026-09-10T18:16:16.4813985Z [32;1m        PASS[0m [   0.010s] ( 341/2739) [35;1msparq-engine[0m [36mexec::compiled_expr_tests[0m[36m::[0m[34;1mcompiled_order_is_byte_identical[0m
2026-09-10T18:16:16.4898752Z [32;1m        PASS[0m [   0.008s] ( 342/2739) [35;1msparq-engine[0m [36mexec::effective_boolean_unit[0m[36m::[0m[34;1mebv_bool_true_is_some_true[0m
2026-09-10T18:16:16.4969106Z [32;1m        PASS[0m [   0.007s] ( 343/2739) [35;1msparq-engine[0m [36mexec::effective_boolean_unit[0m[36m::[0m[34;1mebv_ill_formed_boolean_is_type_error[0m
2026-09-10T18:16:16.5045942Z [32;1m        PASS[0m [   0.008s] ( 344/2739) [35;1msparq-engine[0m [36mexec::effective_boolean_unit[0m[36m::[0m[34;1mebv_nonempty_string_is_true[0m
2026-09-10T18:16:16.5143280Z [32;1m        PASS[0m [   0.009s] ( 345/2739) [35;1msparq-engine[0m [36mexec::effective_boolean_unit[0m[36m::[0m[34;1mebv_unbound_is_none[0m
2026-09-10T18:16:16.5220883Z [32;1m        PASS[0m [   0.007s] ( 346/2739) [35;1msparq-engine[0m [36mexec::effective_boolean_unit[0m[36m::[0m[34;1mebv_zero_int_is_false[0m
2026-09-10T18:16:16.5308078Z [32;1m        PASS[0m [   0.007s] ( 347/2739) [35;1msparq-engine[0m [36mexec::exact_decimal_tests[0m[36m::[0m[34;1msig_digits_counts[0m
2026-09-10T18:16:16.5385098Z [32;1m        PASS[0m [   0.008s] ( 348/2739) [35;1msparq-engine[0m [36mexec::f64_collapse_order_agreement[0m[36m::[0m[34;1mcompare_values_exact_rechecks_f64_collapsed_numeric_values[0m
2026-09-10T18:16:16.5505313Z [32;1m        PASS[0m [   0.013s] ( 349/2739) [35;1msparq-engine[0m [36mexec::f64_collapse_order_agreement[0m[36m::[0m[34;1morder_by_mixed_numeric_string_temporal_column_is_deterministic[0m
2026-09-10T18:16:16.5615964Z [32;1m        PASS[0m [   0.011s] ( 350/2739) [35;1msparq-engine[0m [36mexec::function_tests[0m[36m::[0m[34;1mlang_typed_and_sample[0m
2026-09-10T18:16:16.5823822Z [32;1m        PASS[0m [   0.020s] ( 351/2739) [35;1msparq-engine[0m [36mexec::function_tests[0m[36m::[0m[34;1mstring_functions[0m
2026-09-10T18:16:16.5945690Z [32;1m        PASS[0m [   0.012s] ( 352/2739) [35;1msparq-engine[0m [36mexec::group_by_unbound_var[0m[36m::[0m[34;1mgroup_by_never_bound_var_with_sum[0m
2026-09-10T18:16:16.6030497Z [32;1m        PASS[0m [   0.008s] ( 353/2739) [35;1msparq-engine[0m [36mexec::minmax_values_unit[0m[36m::[0m[34;1mmin_over_integers_is_smallest[0m
2026-09-10T18:16:16.6116609Z [32;1m        PASS[0m [   0.009s] ( 354/2739) [35;1msparq-engine[0m [36mexec::minus_bindings_unit[0m[36m::[0m[34;1mminus_disjoint_domains_returns_left_unchanged[0m
2026-09-10T18:16:16.6213570Z [32;1m        PASS[0m [   0.010s] ( 355/2739) [35;1msparq-engine[0m [36mexec::minus_bindings_unit[0m[36m::[0m[34;1mminus_general_path_incompatible_bound_shared_var_keeps_row[0m
2026-09-10T18:16:16.6304768Z [32;1m        PASS[0m [   0.009s] ( 356/2739) [35;1msparq-engine[0m [36mexec::multiplicity_builtin[0m[36m::[0m[34;1mexpr_uses_multiplicity_walks_every_arm[0m
2026-09-10T18:16:16.6488334Z [32;1m        PASS[0m [   0.016s] ( 357/2739) [35;1msparq-engine[0m [36mexec::multiplicity_builtin[0m[36m::[0m[34;1mmultiplicity_outside_aggregate_is_unbound[0m
2026-09-10T18:16:16.6584614Z [32;1m        PASS[0m [   0.012s] ( 358/2739) [35;1msparq-engine[0m [36mexec::multiplicity_builtin[0m[36m::[0m[34;1mweighted_sum_equals_bag_sum[0m
2026-09-10T18:16:16.6686577Z [32;1m        PASS[0m [   0.010s] ( 359/2739) [35;1msparq-engine[0m [36mexec::path_pushdown_tests[0m[36m::[0m[34;1mbound_endpoint_zero_length_and_negated_avoid_full_store_scan[0m
2026-09-10T18:16:16.9830589Z [32;1m        PASS[0m [   0.314s] ( 360/2739) [35;1msparq-engine[0m [36mexec::path_pushdown_tests[0m[36m::[0m[34;1mpushdown_matches_full_closure_for_all_operators_and_binding_shapes[0m
2026-09-10T18:16:16.9975752Z [32;1m        PASS[0m [   0.014s] ( 361/2739) [35;1msparq-engine[0m [36mexec::path_tests::graph_prefix_index[0m[36m::[0m[34;1mindexed_matches_oracle_across_edge_cases[0m
2026-09-10T18:16:17.0131871Z [32;1m        PASS[0m [   0.015s] ( 362/2739) [35;1msparq-engine[0m [36mexec::path_tests[0m[36m::[0m[34;1mproperty_paths[0m
2026-09-10T18:16:17.0267431Z [32;1m        PASS[0m [   0.012s] ( 363/2739) [35;1msparq-engine[0m [36mexec::path_tests[0m[36m::[0m[34;1mrdf_star_quoted_pattern_all_vars_enumerate[0m
2026-09-10T18:16:17.0355084Z [32;1m        PASS[0m [   0.010s] ( 364/2739) [35;1msparq-engine[0m [36mexec::path_tests[0m[36m::[0m[34;1mrdf_star_quoted_pattern_var_positions_bind[0m
2026-09-10T18:16:17.0498126Z [32;1m        PASS[0m [   0.013s] ( 365/2739) [35;1msparq-engine[0m [36mexec::path_tests[0m[36m::[0m[34;1mrdf_star_values_ground_triple_term[0m
2026-09-10T18:16:17.0621880Z [32;1m        PASS[0m [   0.013s] ( 366/2739) [35;1msparq-engine[0m [36mexec::service_exec_tests[0m[36m::[0m[34;1mbound_join_equals_verbatim_basic[0m
2026-09-10T18:16:17.0700584Z [32;1m        PASS[0m [   0.008s] ( 367/2739) [35;1msparq-engine[0m [36mexec::service_exec_tests[0m[36m::[0m[34;1mbound_join_unbound_join_var_falls_back_to_verbatim[0m
2026-09-10T18:16:17.0812050Z [32;1m        PASS[0m [   0.011s] ( 368/2739) [35;1msparq-engine[0m [36mexec::service_exec_tests[0m[36m::[0m[34;1mremote_request_cap_default_off_is_unchanged[0m
2026-09-10T18:16:17.0885647Z [32;1m        PASS[0m [   0.007s] ( 369/2739) [35;1msparq-engine[0m [36mexec::service_exec_tests[0m[36m::[0m[34;1mremote_request_cap_not_swallowed_by_silent[0m
2026-09-10T18:16:17.0961883Z [32;1m        PASS[0m [   0.008s] ( 370/2739) [35;1msparq-engine[0m [36mexec::service_exec_tests[0m[36m::[0m[34;1mservice_silent_midstream_rollback_boundjoin_neutral_under_byte_budget[0m
2026-09-10T18:16:17.1049414Z [32;1m        PASS[0m [   0.008s] ( 371/2739) [35;1msparq-engine[0m [36mexec::service_exec_tests[0m[36m::[0m[34;1mvariable_endpoint_dispatches_per_endpoint[0m
2026-09-10T18:16:17.1123088Z [32;1m        PASS[0m [   0.007s] ( 372/2739) [35;1msparq-engine[0m [36mexec::service_exec_tests[0m[36m::[0m[34;1mvariable_endpoint_silent_failure_keeps_left[0m
2026-09-10T18:16:17.1178717Z [32;1m        PASS[0m [   0.006s] ( 373/2739) [35;1msparq-engine[0m [36mexec::sip_unit[0m[36m::[0m[34;1mcertain_vars_union_is_branch_intersection[0m
2026-09-10T18:16:17.2528686Z [32;1m        PASS[0m [   0.135s] ( 374/2739) [35;1msparq-engine[0m [36mexec::sort_collation_key_differential[0m[36m::[0m[34;1mprecomputed_key_matches_comparator_on_random_numeric_lexicals[0m
2026-09-10T18:16:17.2604213Z [32;1m        PASS[0m [   0.008s] ( 375/2739) [35;1msparq-engine[0m [36mexec::sum_values_unit[0m[36m::[0m[34;1msum_empty_is_zero_integer[0m
2026-09-10T18:16:17.2684786Z [32;1m        PASS[0m [   0.008s] ( 376/2739) [35;1msparq-engine[0m [36mexec::sum_values_unit[0m[36m::[0m[34;1msum_integers_stays_integer[0m
2026-09-10T18:16:17.2762954Z [32;1m        PASS[0m [   0.008s] ( 377/2739) [35;1msparq-engine[0m [36mexec::theta_antijoin_unit[0m[36m::[0m[34;1mas_not_bound_var_matches_only_not_bound[0m
2026-09-10T18:16:17.2867963Z [32;1m        PASS[0m [   0.008s] ( 378/2739) [35;1msparq-engine[0m [36mexec::theta_antijoin_unit[0m[36m::[0m[34;1mpattern_has_var_reaches_every_node_kind[0m
2026-09-10T18:16:17.4868098Z [32;1m        PASS[0m [   1.226s] ( 379/2739) [35;1msparq-engine[0m [36mexec::builtin_memo_tests[0m[36m::[0m[34;1mnow_exists_reentry_same_instant[0m
2026-09-10T18:16:17.4982958Z [32;1m        PASS[0m [   0.210s] ( 380/2739) [35;1msparq-engine[0m [36mexec::wcoj_tests[0m[36m::[0m[34;1mwcoj_matches_binary_over_random_graphs[0m
2026-09-10T18:16:17.5125315Z [32;1m        PASS[0m [   0.028s] ( 381/2739) [35;1msparq-engine[0m [36mexplain::tests[0m[36m::[0m[34;1mexplain_analyze_traces_optional_operators[0m
2026-09-10T18:16:17.5308205Z [32;1m        PASS[0m [   0.030s] ( 382/2739) [35;1msparq-engine[0m [36mexplain::tests[0m[36m::[0m[34;1mexplain_cyclic_bgp_uses_wcoj[0m
2026-09-10T18:16:17.5384866Z [32;1m        PASS[0m [   0.028s] ( 383/2739) [35;1msparq-engine[0m [36mexplain::tests[0m[36m::[0m[34;1mexplain_empty_bgp_unit_solution[0m
2026-09-10T18:16:17.5587730Z [32;1m        PASS[0m [   0.031s] ( 384/2739) [35;1msparq-engine[0m [36mexplain::tests[0m[36m::[0m[34;1mexplain_render_graph_clause[0m
2026-09-10T18:16:17.5707859Z [32;1m        PASS[0m [   0.029s] ( 385/2739) [35;1msparq-engine[0m [36mexplain::tests[0m[36m::[0m[34;1mexplain_unsatisfiable_and_optional_and_union[0m
2026-09-10T18:16:17.5918288Z [32;1m        PASS[0m [   0.031s] ( 386/2739) [35;1msparq-engine[0m [36mexplain_json::tests[0m[36m::[0m[34;1manalyze_fills_actual_rows_and_q_error[0m
2026-09-10T18:16:17.5987728Z [32;1m        PASS[0m [   0.027s] ( 387/2739) [35;1msparq-engine[0m [36mexplain_json::tests[0m[36m::[0m[34;1mq_error_none_on_empty_result[0m
2026-09-10T18:16:17.6047615Z [32;1m        PASS[0m [   0.012s] ( 388/2739) [35;1msparq-engine[0m [36mjson::escape_tests[0m[36m::[0m[34;1mescapes_match_json_semantics[0m
2026-09-10T18:16:17.6108060Z [32;1m        PASS[0m [   0.015s] ( 389/2739) [35;1msparq-engine[0m [36mjson::term_shape_tests[0m[36m::[0m[34;1mlanguage_and_directional_literal_shapes[0m
2026-09-10T18:16:17.6197604Z [32;1m        PASS[0m [   0.018s] ( 390/2739) [35;1msparq-engine[0m [36mrewrite::tests[0m[36m::[0m[34;1mantijoin_declines_no_shared_var[0m
2026-09-10T18:16:17.6317913Z [32;1m        PASS[0m [   0.022s] ( 391/2739) [35;1msparq-engine[0m [36mrewrite::tests[0m[36m::[0m[34;1mas_iri_equality_matches_both_orientations_and_sameterm[0m
2026-09-10T18:16:17.6377445Z [32;1m        PASS[0m [   0.017s] ( 392/2739) [35;1msparq-engine[0m [36mrewrite::tests[0m[36m::[0m[34;1mconjunct_split_and_fold_roundtrip[0m
2026-09-10T18:16:17.6485916Z [32;1m        PASS[0m [   0.018s] ( 393/2739) [35;1msparq-engine[0m [36mrewrite::tests[0m[36m::[0m[34;1miri_equality_folds_and_drops_filter[0m
2026-09-10T18:16:17.6547585Z [32;1m        PASS[0m [   0.016s] ( 394/2739) [35;1msparq-engine[0m [36mrewrite::tests[0m[36m::[0m[34;1mresidual_conjunct_kept[0m
2026-09-10T18:16:17.6758357Z [32;1m        PASS[0m [   0.023s] ( 395/2739) [35;1msparq-engine[0m [36mtemporal_cache_tests[0m[36m::[0m[34;1mmax_keeps_last_of_equals_min_keeps_first[0m
2026-09-10T18:16:17.6798284Z [32;1m        PASS[0m [   0.029s] ( 396/2739) [35;1msparq-engine[0m [36mtemporal_cache_tests[0m[36m::[0m[34;1mdate_datetime_disjoint[0m
2026-09-10T18:16:17.7069146Z [32;1m        PASS[0m [   0.030s] ( 397/2739) [35;1msparq-engine[0m [36mtemporal_cache_tests[0m[36m::[0m[34;1mmixed_presence_window[0m
2026-09-10T18:16:17.7117814Z [32;1m        PASS[0m [   0.027s] ( 398/2739) [35;1msparq-engine[0m [36mtemporal_cache_tests[0m[36m::[0m[34;1msubsecond_precision[0m
2026-09-10T18:16:17.7348161Z [32;1m        PASS[0m [   0.028s] ( 399/2739) [35;1msparq-engine[0m [36mtests[0m[36m::[0m[34;1mbind_preserves_numeric_lexical_form[0m
2026-09-10T18:16:17.7417988Z [32;1m        PASS[0m [   0.030s] ( 400/2739) [35;1msparq-engine[0m [36mtests[0m[36m::[0m[34;1maggregate_sum_avg_min_max[0m
2026-09-10T18:16:17.7668183Z [32;1m        PASS[0m [   0.032s] ( 401/2739) [35;1msparq-engine[0m [36mtests[0m[36m::[0m[34;1mbudget_max_bytes_prices_row_width[0m
2026-09-10T18:16:17.8028417Z [32;1m        PASS[0m [   0.034s] ( 402/2739) [35;1msparq-engine[0m [36mtests[0m[36m::[0m[34;1mbudget_unlimited_matches_query[0m
2026-09-10T18:16:17.8298268Z [32;1m        PASS[0m [   0.029s] ( 403/2739) [35;1msparq-engine[0m [36mtests[0m[36m::[0m[34;1mcount_agrees_with_materialized_len[0m
2026-09-10T18:16:17.8748017Z [32;1m        PASS[0m [   0.045s] ( 404/2739) [35;1msparq-engine[0m [36mtests[0m[36m::[0m[34;1mdifferential_vs_naive[0m
2026-09-10T18:16:17.9138053Z [32;1m        PASS[0m [   0.037s] ( 405/2739) [35;1msparq-engine[0m [36mtests[0m[36m::[0m[34;1mexists_and_not_exists[0m
2026-09-10T18:16:17.9348006Z [32;1m        PASS[0m [   0.021s] ( 406/2739) [35;1msparq-engine[0m [36mtests[0m[36m::[0m[34;1mfilter_numeric_still_fast_path[0m
2026-09-10T18:16:17.9738397Z [32;1m        PASS[0m [   0.040s] ( 407/2739) [35;1msparq-engine[0m [36mtests[0m[36m::[0m[34;1mfrom_and_from_named_define_the_active_dataset[0m
2026-09-10T18:16:18.0018368Z [32;1m        PASS[0m [   0.027s] ( 408/2739) [35;1msparq-engine[0m [36mtests[0m[36m::[0m[34;1mfunction_registry_errors_are_expression_errors[0m
2026-09-10T18:16:18.0287146Z [32;1m        PASS[0m [   0.029s] ( 409/2739) [35;1msparq-engine[0m [36mtests[0m[36m::[0m[34;1mfunction_registry_xsd_cast_precedence_and_uninstall[0m
2026-09-10T18:16:18.0708091Z [32;1m        PASS[0m [   0.041s] ( 410/2739) [35;1msparq-engine[0m [36mtests[0m[36m::[0m[34;1mhash_builtins[0m
2026-09-10T18:16:19.7309615Z [32;1m        PASS[0m [   1.992s] ( 411/2739) [35;1msparq-engine[0m [36mtests[0m[36m::[0m[34;1mbudget_bounds_large_single_pattern_json_scan[0m
2026-09-10T18:16:19.7938098Z [32;1m        PASS[0m [   0.063s] ( 412/2739) [35;1msparq-engine[0m [36mtests[0m[36m::[0m[34;1mlimit_early_termination[0m
2026-09-10T18:16:19.8228518Z [32;1m        PASS[0m [   0.027s] ( 413/2739) [35;1msparq-engine[0m [36mtests[0m[36m::[0m[34;1mminus[0m
2026-09-10T18:16:19.8718087Z [32;1m        PASS[0m [   0.054s] ( 414/2739) [35;1msparq-engine[0m [36mtests[0m[36m::[0m[34;1moptional[0m
2026-09-10T18:16:21.3783154Z [32;1m        PASS[0m [   3.309s] ( 415/2739) [35;1msparq-engine[0m [36mtests[0m[36m::[0m[34;1mjson_serialize_is_budget_bounded_mid_stream[0m
2026-09-10T18:16:21.3947966Z [32;1m        PASS[0m [   0.014s] ( 416/2739) [35;1msparq-engine[0m [36mtests[0m[36m::[0m[34;1mprepared_query_construction_round_trips[0m
2026-09-10T18:16:21.4208009Z [32;1m        PASS[0m [   0.027s] ( 417/2739) [35;1msparq-engine[0m [36mtests[0m[36m::[0m[34;1mquery_json_chunks_respects_budget[0m
2026-09-10T18:16:21.4822409Z [32;1m        PASS[0m [   0.062s] ( 418/2739) [35;1msparq-engine[0m [36mtests[0m[36m::[0m[34;1mquery_json_stream_concat_is_byte_identical[0m
2026-09-10T18:16:21.5098794Z [32;1m        PASS[0m [   0.026s] ( 419/2739) [35;1msparq-engine[0m [36mtests[0m[36m::[0m[34;1mquery_result_len_and_is_empty[0m
2026-09-10T18:16:21.5205359Z [32;1m        PASS[0m [   0.012s] ( 420/2739) [35;1msparq-engine[0m [36mtests[0m[36m::[0m[34;1mround_float_tier_no_double_rounding_via_sparql[0m
2026-09-10T18:16:21.5468370Z [32;1m        PASS[0m [   0.021s] ( 421/2739) [35;1msparq-engine[0m [36mtests[0m[36m::[0m[34;1msingle_pattern[0m
2026-09-10T18:16:21.5730201Z [32;1m        PASS[0m [   0.029s] ( 422/2739) [35;1msparq-engine[0m [36mtests[0m[36m::[0m[34;1msub_select[0m
2026-09-10T18:16:21.5997858Z [32;1m        PASS[0m [   0.027s] ( 423/2739) [35;1msparq-engine[0m [36mtests[0m[36m::[0m[34;1mtwo_pattern_join[0m
2026-09-10T18:16:21.6198843Z [32;1m        PASS[0m [   0.022s] ( 424/2739) [35;1msparq-engine[0m [36mtests[0m[36m::[0m[34;1mvalues_clause[0m
2026-09-10T18:16:21.6500903Z [32;1m        PASS[0m [   0.030s] ( 425/2739) [35;1msparq-engine[0m [36mupdate::capture_replay[0m[36m::[0m[34;1mclear_effect_all_targets[0m
2026-09-10T18:16:21.6628290Z [32;1m        PASS[0m [   0.013s] ( 426/2739) [35;1msparq-engine[0m [36mupdate::capture_replay[0m[36m::[0m[34;1mdelta_delete_insert_where_default_and_named[0m
2026-09-10T18:16:21.6717716Z [32;1m        PASS[0m [   0.009s] ( 427/2739) [35;1msparq-engine[0m [36mupdate::capture_replay[0m[36m::[0m[34;1mempty_where_records_no_delta[0m
2026-09-10T18:16:21.6839637Z [32;1m        PASS[0m [   0.012s] ( 428/2739) [35;1msparq-engine[0m [36mupdate::capture_replay[0m[36m::[0m[34;1msink_absent_path_matches_capturing[0m
2026-09-10T18:16:21.7185512Z [32;1m        PASS[0m [   0.033s] ( 429/2739) [35;1msparq-engine[0m [36mupdate::tests[0m[36m::[0m[34;1mcrash_recovery_intra_body_insert_then_clear_leaves_x_empty[0m
2026-09-10T18:16:21.7558471Z [32;1m        PASS[0m [   0.035s] ( 430/2739) [35;1msparq-engine[0m [36mupdate::tests[0m[36m::[0m[34;1minsert_delete_clear[0m
2026-09-10T18:16:21.7759651Z [32;1m        PASS[0m [   0.023s] ( 431/2739) [35;1msparq-engine[0m [36mupdate::tests[0m[36m::[0m[34;1mjournal_drop_then_insert_keeps_inserted_quad[0m
2026-09-10T18:16:21.8028581Z [32;1m        PASS[0m [   0.027s] ( 432/2739) [35;1msparq-engine[0m [36mupdate::tests[0m[36m::[0m[34;1mload_file_uri_refused_by_default_and_sandboxed[0m
2026-09-10T18:16:21.8159673Z [32;1m        PASS[0m [   0.013s] ( 433/2739) [35;1msparq-engine[0m [36mupdate::tests[0m[36m::[0m[34;1musing_rescopes_where[0m
2026-09-10T18:16:21.8277049Z [32;1m        PASS[0m [   0.011s] ( 434/2739) [35;1msparq-engine[0m [36mupdate::update_contract[0m[36m::[0m[34;1mcontract_create[0m
2026-09-10T18:16:21.8453193Z [32;1m        PASS[0m [   0.017s] ( 435/2739) [35;1msparq-engine[0m [36mupdate::update_contract[0m[36m::[0m[34;1mfork_and_seal_recovers_request_atomicity[0m
2026-09-10T18:16:21.8667291Z [32;1m        PASS[0m [   1.997s] ( 436/2739) [35;1msparq-engine[0m [36mtests[0m[36m::[0m[34;1mparallel_select_json_deadline_only_is_byte_identical_and_bounded[0m
2026-09-10T18:16:21.8697965Z [32;1m        PASS[0m [   0.023s] ( 437/2739) [35;1msparq-engine[0m [36mupdate::update_contract[0m[36m::[0m[34;1min_place_request_is_partial_on_error_by_contract[0m
2026-09-10T18:16:21.8771751Z [32;1m        PASS[0m [   0.010s] ( 438/2739) [35;1msparq-engine[0m [36mzk::tests[0m[36m::[0m[34;1mquery_records_post_scan_input_sets[0m
2026-09-10T18:16:21.9136528Z [32;1m        PASS[0m [   0.046s] ( 439/2739) [35;1msparq-engine::antijoin_static_decline_differential[0m [34;1mq06_shape_correlated_equivalence[0m
2026-09-10T18:16:21.9218571Z [32;1m        PASS[0m [   0.044s] ( 440/2739) [35;1msparq-engine::ask_early_exit[0m [34;1mask_distinct_under_offset_is_not_stripped[0m
2026-09-10T18:16:21.9245287Z [32;1m        PASS[0m [   0.011s] ( 441/2739) [35;1msparq-engine::ask_early_exit[0m [34;1mask_graph_pattern_matches_oracle[0m
2026-09-10T18:16:21.9469689Z [32;1m        PASS[0m [   0.022s] ( 442/2739) [35;1msparq-engine::ask_early_exit[0m [34;1mask_order_by_is_emptiness_neutral[0m
2026-09-10T18:16:21.9724239Z [32;1m        PASS[0m [   0.026s] ( 443/2739) [35;1msparq-engine::ask_early_exit[0m [34;1mask_through_joins_true_and_false[0m
2026-09-10T18:16:22.0341558Z [32;1m        PASS[0m [   0.110s] ( 444/2739) [35;1msparq-engine::ask_early_exit[0m [34;1mask_late_filter_never_fires_on_partial_solutions[0m
2026-09-10T18:16:22.0488252Z [32;1m        PASS[0m [   0.016s] ( 445/2739) [35;1msparq-engine::ask_early_exit[0m [34;1munion_early_exit_keeps_right_branch_header[0m
2026-09-10T18:16:22.1140355Z [32;1m        PASS[0m [   0.065s] ( 446/2739) [35;1msparq-engine::cluster_materialize_differential[0m [34;1mcluster_path_preserves_multiplicity[0m
2026-09-10T18:16:22.1550763Z [32;1m        PASS[0m [   0.041s] ( 447/2739) [35;1msparq-engine::coverage_gaps[0m [34;1maggregate_max_bound_with_bool_in_dict_covers_fast_return[0m
2026-09-10T18:16:22.1657872Z [32;1m        PASS[0m [   0.010s] ( 448/2739) [35;1msparq-engine::coverage_gaps[0m [34;1mask_prepared_covers_uncalled_function[0m
2026-09-10T18:16:22.1767753Z [32;1m        PASS[0m [   0.010s] ( 449/2739) [35;1msparq-engine::coverage_gaps[0m [34;1mbnode_non_string_error[0m
2026-09-10T18:16:22.1844918Z [32;1m        PASS[0m [   0.009s] ( 450/2739) [35;1msparq-engine::coverage_gaps[0m [34;1mcoalesce_skips_unbound[0m
2026-09-10T18:16:22.1935362Z [32;1m        PASS[0m [   0.009s] ( 451/2739) [35;1msparq-engine::coverage_gaps[0m [34;1mconcat_simple_strings[0m
2026-09-10T18:16:22.2026992Z [32;1m        PASS[0m [   0.008s] ( 452/2739) [35;1msparq-engine::coverage_gaps[0m [34;1mcount_ask_false_is_zero[0m
2026-09-10T18:16:22.2129663Z [32;1m        PASS[0m [   0.010s] ( 453/2739) [35;1msparq-engine::coverage_gaps[0m [34;1mcount_with_datetime_filter_covers_temporal_scan_cmp[0m
2026-09-10T18:16:22.2265175Z [32;1m        PASS[0m [   0.013s] ( 454/2739) [35;1msparq-engine::coverage_gaps[0m [34;1mdatatype_computed_num[0m
2026-09-10T18:16:22.2397511Z [32;1m        PASS[0m [   0.012s] ( 455/2739) [35;1msparq-engine::coverage_gaps[0m [34;1mdivide_operator[0m
2026-09-10T18:16:22.2569753Z [32;1m        PASS[0m [   0.018s] ( 456/2739) [35;1msparq-engine::coverage_gaps[0m [34;1meval_numeric_arithmetic_ops[0m
2026-09-10T18:16:22.2679324Z [32;1m        PASS[0m [   0.011s] ( 457/2739) [35;1msparq-engine::coverage_gaps[0m [34;1mexplain_analyze_graph_clause_covers_trace_label_graph[0m
2026-09-10T18:16:22.2787869Z [32;1m        PASS[0m [   0.008s] ( 458/2739) [35;1msparq-engine::coverage_gaps[0m [34;1mexplain_empty_bgp_with_filter_covers_filter_loop[0m
2026-09-10T18:16:22.2869630Z [32;1m        PASS[0m [   0.010s] ( 459/2739) [35;1msparq-engine::coverage_gaps[0m [34;1mfilter_unary_plus_covers_eval_exact_lexical_plus_arm[0m
2026-09-10T18:16:22.2957624Z [32;1m        PASS[0m [   0.008s] ( 460/2739) [35;1msparq-engine::coverage_gaps[0m [34;1mhaslang_iri_branch[0m
2026-09-10T18:16:22.3100229Z [32;1m        PASS[0m [   0.337s] ( 461/2739) [35;1msparq-engine::ask_early_exit[0m [34;1mlimit_through_join_returns_a_subset_of_the_full_result[0m
2026-09-10T18:16:22.3137598Z [32;1m        PASS[0m [   0.017s] ( 462/2739) [35;1msparq-engine::coverage_gaps[0m [34;1mif_false_arm[0m
2026-09-10T18:16:22.3206660Z [32;1m        PASS[0m [   0.011s] ( 463/2739) [35;1msparq-engine::coverage_gaps[0m [34;1min_expr_true[0m
2026-09-10T18:16:22.3236973Z [32;1m        PASS[0m [   0.011s] ( 464/2739) [35;1msparq-engine::coverage_gaps[0m [34;1mis_numeric_computed_num[0m
2026-09-10T18:16:22.3297059Z [32;1m        PASS[0m [   0.009s] ( 465/2739) [35;1msparq-engine::coverage_gaps[0m [34;1misnumeric_iri[0m
2026-09-10T18:16:22.3391761Z [32;1m        PASS[0m [   0.009s] ( 466/2739) [35;1msparq-engine::coverage_gaps[0m [34;1mlangmatches_empty_tag_star[0m
2026-09-10T18:16:22.3396874Z [32;1m        PASS[0m [   0.016s] ( 467/2739) [35;1msparq-engine::coverage_gaps[0m [34;1mlangdir_computed_num[0m
2026-09-10T18:16:22.3484641Z [32;1m        PASS[0m [   0.009s] ( 468/2739) [35;1msparq-engine::coverage_gaps[0m [34;1mlangmatches_subtag[0m
2026-09-10T18:16:22.3509150Z [32;1m        PASS[0m [   0.011s] ( 469/2739) [35;1msparq-engine::coverage_gaps[0m [34;1mnow_returns_datetime[0m
2026-09-10T18:16:22.3603716Z [32;1m        PASS[0m [   0.012s] ( 470/2739) [35;1msparq-engine::coverage_gaps[0m [34;1mquery_json_ask_false_boolean_form[0m
2026-09-10T18:16:22.3611722Z [32;1m        PASS[0m [   0.010s] ( 471/2739) [35;1msparq-engine::coverage_gaps[0m [34;1mquery_json_chunks_ask_true_produces_boolean_chunk[0m
2026-09-10T18:16:22.3703529Z [32;1m        PASS[0m [   0.010s] ( 472/2739) [35;1msparq-engine::coverage_gaps[0m [34;1mquery_json_typed_literal_non_string_in_result[0m
2026-09-10T18:16:22.3781973Z [32;1m        PASS[0m [   0.016s] ( 473/2739) [35;1msparq-engine::coverage_gaps[0m [34;1mrdf_star_accessor_non_triple_error[0m
2026-09-10T18:16:22.3968574Z [32;1m        PASS[0m [   0.023s] ( 474/2739) [35;1msparq-engine::coverage_gaps[0m [34;1mregex_case_insensitive[0m
2026-09-10T18:16:22.4017582Z [32;1m        PASS[0m [   0.022s] ( 475/2739) [35;1msparq-engine::coverage_gaps[0m [34;1mregex_unknown_flag[0m
2026-09-10T18:16:22.4197664Z [32;1m        PASS[0m [   0.025s] ( 476/2739) [35;1msparq-engine::coverage_gaps[0m [34;1mreplace_with_flag[0m
2026-09-10T18:16:22.4238251Z [32;1m        PASS[0m [   0.024s] ( 477/2739) [35;1msparq-engine::coverage_gaps[0m [34;1msha1_basic[0m
2026-09-10T18:16:22.4457039Z [32;1m        PASS[0m [   0.027s] ( 478/2739) [35;1msparq-engine::coverage_gaps[0m [34;1msha512_basic[0m
2026-09-10T18:16:22.4494627Z [32;1m        PASS[0m [   0.026s] ( 479/2739) [35;1msparq-engine::coverage_gaps[0m [34;1mstrafter_no_match[0m
2026-09-10T18:16:22.4707596Z [32;1m        PASS[0m [   0.019s] ( 480/2739) [35;1msparq-engine::coverage_gaps[0m [34;1mstrlangdir_invalid_direction[0m
2026-09-10T18:16:22.4724795Z [32;1m        PASS[0m [   0.027s] ( 481/2739) [35;1msparq-engine::coverage_gaps[0m [34;1mstrends_match[0m
2026-09-10T18:16:22.4813004Z [32;1m        PASS[0m [   0.013s] ( 482/2739) [35;1msparq-engine::coverage_gaps[0m [34;1mstruuid_returns_string[0m
2026-09-10T18:16:22.4825476Z [32;1m        PASS[0m [   0.010s] ( 483/2739) [35;1msparq-engine::coverage_gaps[0m [34;1mtimezone_nonzero_offset[0m
2026-09-10T18:16:22.4887549Z [32;1m        PASS[0m [   0.008s] ( 484/2739) [35;1msparq-engine::coverage_gaps[0m [34;1mto_sparql_json_rows_triple_with_blank_node_subject[0m
2026-09-10T18:16:22.4920036Z [32;1m        PASS[0m [   0.009s] ( 485/2739) [35;1msparq-engine::coverage_gaps[0m [34;1mucase_directional_literal[0m
2026-09-10T18:16:22.5008582Z [32;1m        PASS[0m [   0.009s] ( 486/2739) [35;1msparq-engine::coverage_gaps[0m [34;1mupdate_drop_named_removes_named_graphs[0m
2026-09-10T18:16:22.5029631Z [32;1m        PASS[0m [   0.014s] ( 487/2739) [35;1msparq-engine::coverage_gaps[0m [34;1mupdate_clear_named_empties_named_graphs[0m
2026-09-10T18:16:22.5114244Z [32;1m        PASS[0m [   0.011s] ( 488/2739) [35;1msparq-engine::coverage_gaps[0m [34;1mupdate_immutable_drop_named_covers_apply_op_drop_named_arm[0m
2026-09-10T18:16:22.5153667Z [32;1m        PASS[0m [   0.012s] ( 489/2739) [35;1msparq-engine::coverage_gaps[0m [34;1mxsd_boolean_from_computed_bool[0m
2026-09-10T18:16:22.5251303Z [32;1m        PASS[0m [   0.011s] ( 490/2739) [35;1msparq-engine::coverage_gaps[0m [34;1mxsd_boolean_from_lang_tagged[0m
2026-09-10T18:16:22.5277909Z [32;1m        PASS[0m [   0.011s] ( 491/2739) [35;1msparq-engine::coverage_gaps[0m [34;1mxsd_datetime_from_existing[0m
2026-09-10T18:16:22.5349755Z [32;1m        PASS[0m [   0.012s] ( 492/2739) [35;1msparq-engine::coverage_gaps[0m [34;1mxsd_decimal_from_bool[0m
2026-09-10T18:16:22.5363966Z [32;1m        PASS[0m [   0.010s] ( 493/2739) [35;1msparq-engine::coverage_gaps[0m [34;1mxsd_decimal_from_infinite_float[0m
2026-09-10T18:16:22.5452539Z [32;1m        PASS[0m [   0.010s] ( 494/2739) [35;1msparq-engine::coverage_gaps[0m [34;1mxsd_decimal_from_integer_zero[0m
2026-09-10T18:16:22.5493363Z [32;1m        PASS[0m [   0.013s] ( 495/2739) [35;1msparq-engine::coverage_gaps[0m [34;1mxsd_double_from_decimal[0m
2026-09-10T18:16:22.5602626Z [32;1m        PASS[0m [   0.014s] ( 496/2739) [35;1msparq-engine::coverage_gaps[0m [34;1mxsd_double_from_integer_zero[0m
2026-09-10T18:16:22.5657632Z [32;1m        PASS[0m [   0.014s] ( 497/2739) [35;1msparq-engine::coverage_gaps[0m [34;1mxsd_float_from_bool[0m
2026-09-10T18:16:22.5698355Z [32;1m        PASS[0m [   0.011s] ( 498/2739) [35;1msparq-engine::coverage_gaps[0m [34;1mxsd_float_from_integer_zero[0m
2026-09-10T18:16:22.5727856Z [32;1m        PASS[0m [   0.009s] ( 499/2739) [35;1msparq-engine::coverage_gaps[0m [34;1mxsd_integer_from_decimal[0m
2026-09-10T18:16:22.5811256Z [32;1m        PASS[0m [   0.010s] ( 500/2739) [35;1msparq-engine::coverage_gaps[0m [34;1mxsd_integer_from_integer[0m
2026-09-10T18:16:22.5838311Z [32;1m        PASS[0m [   0.010s] ( 501/2739) [35;1msparq-engine::coverage_gaps[0m [34;1mxsd_string_from_decimal[0m
2026-09-10T18:16:22.5901246Z [32;1m        PASS[0m [   0.010s] ( 502/2739) [35;1msparq-engine::coverage_gaps[0m [34;1mxsd_string_from_float[0m
2026-09-10T18:16:22.5948874Z [32;1m        PASS[0m [   0.013s] ( 503/2739) [35;1msparq-engine::coverage_gaps[0m [34;1mxsd_string_from_iri[0m
2026-09-10T18:16:22.6581098Z [32;1m        PASS[0m [   0.068s] ( 504/2739) [35;1msparq-engine::differentials[0m [36msemijoin_differential[0m[36m::[0m[34;1mselective_join_matches_brute_force[0m
2026-09-10T18:16:31.8408336Z [32;1m        PASS[0m [  15.542s] ( 505/2739) [35;1msparq-engine[0m [36mexec::capped_rhs_tests[0m[36m::[0m[34;1mcapped_rhs_many_relations_respect_storage_allowance[0m
2026-09-10T18:16:49.7346339Z [32;1m        PASS[0m [  27.138s] ( 506/2739) [35;1msparq-engine::differentials[0m [36myannakakis_differential[0m[36m::[0m[34;1mchain_join_matches_brute_force[0m
2026-09-10T18:16:49.7458871Z [32;1m        PASS[0m [   0.010s] ( 507/2739) [35;1msparq-engine::differentials[0m [36mzk_trace_operators[0m[36m::[0m[34;1mask_disables_count_pushdown_and_captures_input[0m
2026-09-10T18:16:49.7550199Z [32;1m        PASS[0m [   0.009s] ( 508/2739) [35;1msparq-engine::differentials[0m [36mzk_trace_operators[0m[36m::[0m[34;1mdistinct_records_boundary_pre_reduction[0m
2026-09-10T18:16:49.7630648Z [32;1m        PASS[0m [   0.010s] ( 509/2739) [35;1msparq-engine::differentials[0m [36mzk_trace_operators[0m[36m::[0m[34;1mgraph_const_single_boundary_and_tag[0m
2026-09-10T18:16:49.7767417Z [32;1m        PASS[0m [   0.013s] ( 510/2739) [35;1msparq-engine::differentials[0m [36mzk_trace_operators[0m[36m::[0m[34;1mlimit_disables_early_termination[0m
2026-09-10T18:16:49.7896761Z [32;1m        PASS[0m [   0.012s] ( 511/2739) [35;1msparq-engine::differentials[0m [36mzk_trace_operators[0m[36m::[0m[34;1mproperty_path_marks_uncaptured[0m
2026-09-10T18:16:49.8004072Z [32;1m        PASS[0m [   0.010s] ( 512/2739) [35;1msparq-engine::differentials[0m [36mzk_trace_operators[0m[36m::[0m[34;1munsatisfiable_pattern_records_empty_set[0m
2026-09-10T18:16:49.8417579Z [32;1m        PASS[0m [   0.041s] ( 513/2739) [35;1msparq-engine::distinct_pushdown[0m [34;1mintra_triple_repeated_var_fallback[0m
2026-09-10T18:16:49.8525824Z [32;1m        PASS[0m [   0.010s] ( 514/2739) [35;1msparq-engine::distinct_pushdown[0m [34;1mnon_conjunctive_fallback[0m
2026-09-10T18:16:49.8779194Z [32;1m        PASS[0m [   0.023s] ( 515/2739) [35;1msparq-engine::distinct_pushdown[0m [34;1mq09_shape_equivalence[0m
2026-09-10T18:16:49.8896457Z [32;1m        PASS[0m [   0.014s] ( 516/2739) [35;1msparq-engine::distinct_pushdown[0m [34;1mshared_projected_var_fallback[0m
2026-09-10T18:16:49.9845436Z [32;1m        PASS[0m [   0.094s] ( 517/2739) [35;1msparq-engine::distinct_pushdown[0m [34;1msmall_anchor_pattern_trick_equivalence[0m
2026-09-10T18:16:50.0247623Z [32;1m        PASS[0m [   0.040s] ( 518/2739) [35;1msparq-engine::dp_default[0m [34;1mexplicit_install_still_works[0m
2026-09-10T18:16:50.0660891Z [32;1m        PASS[0m [   0.041s] ( 519/2739) [35;1msparq-engine::eval_semantics[0m [36maggregate_error_in_group[0m[36m::[0m[34;1msum_per_group_isolation_bound_vs_unbound[0m
2026-09-10T18:16:50.0805903Z [32;1m        PASS[0m [   0.014s] ( 520/2739) [35;1msparq-engine::eval_semantics[0m [36maggregate_mixed_numeric[0m[36m::[0m[34;1mavg_int_plus_decimal_is_decimal[0m
2026-09-10T18:16:50.0981007Z [32;1m        PASS[0m [   0.017s] ( 521/2739) [35;1msparq-engine::eval_semantics[0m [36mcount_distinct[0m[36m::[0m[34;1mcount_distinct_deduplicates_equal_terms[0m
2026-09-10T18:16:50.1115994Z [32;1m        PASS[0m [   0.013s] ( 522/2739) [35;1msparq-engine::eval_semantics[0m [36mdp_planner_result_equivalence[0m[36m::[0m[34;1mchain_bgp_dp_matches_greedy[0m
2026-09-10T18:16:50.1247153Z [32;1m        PASS[0m [   0.013s] ( 523/2739) [35;1msparq-engine::eval_semantics[0m [36mdp_planner_result_equivalence[0m[36m::[0m[34;1mstar_bgp_dp_matches_greedy[0m
2026-09-10T18:16:50.1398215Z [32;1m        PASS[0m [   0.014s] ( 524/2739) [35;1msparq-engine::eval_semantics[0m [36mfilter_three_valued_logic[0m[36m::[0m[34;1mfilter_on_unbound_optional_variable_drops_row[0m
2026-09-10T18:16:50.1497726Z [32;1m        PASS[0m [   0.010s] ( 525/2739) [35;1msparq-engine::eval_semantics[0m [36mfilter_three_valued_logic[0m[36m::[0m[34;1mfilter_type_error_drops_all_rows[0m
2026-09-10T18:16:50.1625751Z [32;1m        PASS[0m [   0.013s] ( 526/2739) [35;1msparq-engine::eval_semantics[0m [36mhaving_clause[0m[36m::[0m[34;1mhaving_gte_keeps_multiple_groups[0m
2026-09-10T18:16:50.1758325Z [32;1m        PASS[0m [   0.011s] ( 527/2739) [35;1msparq-engine::eval_semantics[0m [36mminus_scoping[0m[36m::[0m[34;1mminus_keeps_incompatible_rows[0m
2026-09-10T18:16:50.1854797Z [32;1m        PASS[0m [   0.012s] ( 528/2739) [35;1msparq-engine::eval_semantics[0m [36mnumeric_fast_slow_path_agreement[0m[36m::[0m[34;1millformed_constant_operand_is_a_type_error_not_its_f64[0m
2026-09-10T18:16:50.2068298Z [32;1m        PASS[0m [   0.021s] ( 529/2739) [35;1msparq-engine::eval_semantics[0m [36mnumeric_fast_slow_path_agreement[0m[36m::[0m[34;1mpadded_lexicals_are_their_trimmed_value_on_all_operators[0m
2026-09-10T18:16:50.2198015Z [32;1m        PASS[0m [   0.012s] ( 530/2739) [35;1msparq-engine::eval_semantics[0m [36mnumeric_whitespace_collapse_consistency[0m[36m::[0m[34;1mpadded_and_plain_integer_are_value_equal_across_ids[0m
2026-09-10T18:16:50.2399510Z [32;1m        PASS[0m [   0.020s] ( 531/2739) [35;1msparq-engine::eval_semantics[0m [36moptional_scoping[0m[36m::[0m[34;1moptional_filter_applied_to_combined_row[0m
2026-09-10T18:16:50.2517481Z [32;1m        PASS[0m [   0.011s] ( 532/2739) [35;1msparq-engine::eval_semantics[0m [36morder_by_type_boundary[0m[36m::[0m[34;1morder_by_blank_before_iri_before_literal[0m
2026-09-10T18:16:50.2686545Z [32;1m        PASS[0m [   0.014s] ( 533/2739) [35;1msparq-engine::eval_semantics[0m [36msample_and_group_concat[0m[36m::[0m[34;1mgroup_concat_custom_separator[0m
2026-09-10T18:16:50.2766538Z [32;1m        PASS[0m [   0.010s] ( 534/2739) [35;1msparq-engine::eval_semantics[0m [36msample_and_group_concat[0m[36m::[0m[34;1msample_over_non_empty_group_is_bound[0m
2026-09-10T18:16:50.2865099Z [32;1m        PASS[0m [   0.010s] ( 535/2739) [35;1msparq-engine::eval_semantics[0m [36msubselect_and_union[0m[36m::[0m[34;1munion_is_bag_not_set[0m
2026-09-10T18:16:50.3008621Z [32;1m        PASS[0m [   0.012s] ( 536/2739) [35;1msparq-engine::eval_semantics[0m [36mtype_error_builtins[0m[36m::[0m[34;1mstr_of_bnode_is_error_bind_leaves_unbound[0m
2026-09-10T18:16:50.3137013Z [32;1m        PASS[0m [   0.012s] ( 537/2739) [35;1msparq-engine::eval_semantics[0m [36mtype_error_builtins[0m[36m::[0m[34;1mtype_test_propagates_errored_argument[0m
2026-09-10T18:16:50.3245975Z [32;1m        PASS[0m [   0.010s] ( 538/2739) [35;1msparq-engine::eval_semantics[0m [36mvalues_inline[0m[36m::[0m[34;1mvalues_undef_is_unbound_not_null_string[0m
2026-09-10T18:16:50.3760338Z [32;1m        PASS[0m [   0.051s] ( 539/2739) [35;1msparq-engine::federation_features[0m [36mservice_bound_join[0m[36m::[0m[34;1mbound_join_multiple_join_vars[0m
2026-09-10T18:16:50.3877848Z [32;1m        PASS[0m [   0.011s] ( 540/2739) [35;1msparq-engine::federation_features[0m [36mservice_federation[0m[36m::[0m[34;1mservice_default_deny_refuses_loopback_endpoint[0m
2026-09-10T18:16:50.4148909Z [32;1m        PASS[0m [   0.027s] ( 541/2739) [35;1msparq-engine::federation_features[0m [36mservice_federation[0m[36m::[0m[34;1mservice_malformed_response_errors_but_silent_swallows[0m
2026-09-10T18:16:50.4319881Z [32;1m        PASS[0m [   0.017s] ( 542/2739) [35;1msparq-engine::federation_features[0m [36mservice_federation[0m[36m::[0m[34;1mservice_silent_default_deny_loopback_yields_identity[0m
2026-09-10T18:16:50.7298877Z [32;1m        PASS[0m [   0.297s] ( 543/2739) [35;1msparq-engine::federation_features[0m [36mservice_stream_bounded[0m[36m::[0m[34;1mtransport_reader_seam_peak_stays_below_body_size[0m
2026-09-10T18:16:50.7701081Z [32;1m        PASS[0m [   0.040s] ( 544/2739) [35;1msparq-engine::orderby_limit_zero[0m [34;1morder_by_offset_limit_zero_is_empty[0m
2026-09-10T18:16:51.0860122Z [32;1m        PASS[0m [   0.316s] ( 545/2739) [35;1msparq-engine::proptest_eval[0m [34;1mfamily2_join_order_invariance[0m
2026-09-10T18:16:51.4278176Z [32;1m        PASS[0m [   0.340s] ( 546/2739) [35;1msparq-engine::proptest_eval[0m [34;1mgenerator_diversity_floor[0m
2026-09-10T18:16:51.4435893Z [32;1m        PASS[0m [   0.018s] ( 547/2739) [35;1msparq-engine::proptest_eval[0m [34;1moracle_known_answer_literal_kind_rank_and_lang_order[0m
2026-09-10T18:16:51.4577928Z [32;1m        PASS[0m [   0.012s] ( 548/2739) [35;1msparq-engine::proptest_eval[0m [34;1moracle_known_answer_union_distinct_filter[0m
2026-09-10T18:16:51.4668665Z [32;1m        PASS[0m [   0.009s] ( 549/2739) [35;1msparq-engine::proptest_eval[0m [34;1mrender_dec_matches_engine_scale_rules[0m
2026-09-10T18:16:51.5076921Z [32;1m        PASS[0m [   0.043s] ( 550/2739) [35;1msparq-engine::query_features[0m [36mdataset_view[0m[36m::[0m[34;1mdefault_graph_modes[0m
2026-09-10T18:16:51.5421687Z [32;1m        PASS[0m [   0.034s] ( 551/2739) [35;1msparq-engine::query_features[0m [36mdataset_view[0m[36m::[0m[34;1minvisible_graph_is_indistinguishable_from_absent[0m
2026-09-10T18:16:51.5578261Z [32;1m        PASS[0m [   0.015s] ( 552/2739) [35;1msparq-engine::query_features[0m [36mdp_planner_differential[0m[36m::[0m[34;1mcyclic_triangle_matches_brute_force[0m
2026-09-10T18:16:51.5806689Z [32;1m        PASS[0m [   0.021s] ( 553/2739) [35;1msparq-engine::query_features[0m [36mdp_planner_differential[0m[36m::[0m[34;1moptional_over_bgp_matches_brute_force[0m
2026-09-10T18:16:51.6597837Z [32;1m        PASS[0m [   0.081s] ( 554/2739) [35;1msparq-engine::query_features[0m [36mdp_planner_differential[0m[36m::[0m[34;1msnowflake_matches_brute_force[0m
2026-09-10T18:16:51.7008621Z [32;1m        PASS[0m [   0.040s] ( 555/2739) [35;1msparq-engine::query_features[0m [36mparse_recursion_depth[0m[36m::[0m[34;1mbody_cap_nested_groups_is_clean_err_not_overflow[0m
2026-09-10T18:16:51.7168934Z [32;1m        PASS[0m [   0.016s] ( 556/2739) [35;1msparq-engine::query_features[0m [36mprepared[0m[36m::[0m[34;1mprepared_ask_construct_describe[0m
2026-09-10T18:16:51.7326619Z [32;1m        PASS[0m [   0.017s] ( 557/2739) [35;1msparq-engine::query_features[0m [36mprepared[0m[36m::[0m[34;1mprepared_select_matches_string_path_across_graphs_and_runs[0m
2026-09-10T18:16:51.7448680Z [32;1m        PASS[0m [   0.012s] ( 558/2739) [35;1msparq-engine::query_features[0m [36mrdfstar_write[0m[36m::[0m[34;1mconstruct_triple_term_in_subject_position_is_dropped[0m
2026-09-10T18:16:51.7573717Z [32;1m        PASS[0m [   0.013s] ( 559/2739) [35;1msparq-engine::query_features[0m [36mrdfstar_write[0m[36m::[0m[34;1mdelete_where_removes_triple_term_via_template[0m
2026-09-10T18:16:51.7697673Z [32;1m        PASS[0m [   0.010s] ( 560/2739) [35;1msparq-engine::query_features[0m [36mrdfstar_write[0m[36m::[0m[34;1minsert_data_nested_triple_term_object_roundtrips[0m
2026-09-10T18:16:51.7818385Z [32;1m        PASS[0m [   0.013s] ( 561/2739) [35;1msparq-engine::query_features[0m [36mrdfstar_write[0m[36m::[0m[34;1minsert_where_builds_triple_term_object_from_solution[0m
2026-09-10T18:16:51.7928157Z [32;1m        PASS[0m [   0.011s] ( 562/2739) [35;1msparq-engine::query_features[0m [36mrdfstar_write[0m[36m::[0m[34;1mreifier_triple_term_serialises_to_canonical_form_and_reparses_via_turtle[0m
2026-09-10T18:16:51.8407637Z [32;1m        PASS[0m [   0.049s] ( 563/2739) [35;1msparq-engine::rewrite_pass[0m [34;1mq03b_equality_substitution_result_equivalent[0m
2026-09-10T18:16:51.8554257Z [32;1m        PASS[0m [   0.014s] ( 564/2739) [35;1msparq-engine::rewrite_pass[0m [34;1mq07_plan_actually_changed[0m
2026-09-10T18:16:51.8920248Z [32;1m        PASS[0m [   0.036s] ( 565/2739) [35;1msparq-engine::sargable_decimal_precision[0m [34;1mhigh_precision_decimal_greater_than_integer_matches[0m
2026-09-10T18:16:51.9195677Z [32;1m        PASS[0m [   0.027s] ( 566/2739) [35;1msparq-engine::sargable_decimal_precision[0m [34;1mproperty_high_precision_decimals_match_oracle[0m
2026-09-10T18:16:51.9594897Z [32;1m        PASS[0m [   0.039s] ( 567/2739) [35;1msparq-engine::sip_join[0m [34;1mmultiplicity_duplicate_a_rows[0m
2026-09-10T18:16:51.9667566Z [32;1m        PASS[0m [   0.007s] ( 568/2739) [35;1msparq-engine::sip_join[0m [34;1mpublic_toggle_and_stats[0m
2026-09-10T18:16:51.9995618Z [32;1m        PASS[0m [   0.033s] ( 569/2739) [35;1msparq-engine::sip_join[0m [34;1mq12b_shape_ask[0m
2026-09-10T18:16:52.1553584Z [32;1m        PASS[0m [   0.155s] ( 570/2739) [35;1msparq-engine::storage[0m [36mcompressed_build_differential[0m[36m::[0m[34;1mone_pass_compressed_spill_build_matches_recompress[0m
2026-09-10T18:16:52.2188603Z [32;1m        PASS[0m [   0.064s] ( 571/2739) [35;1msparq-engine::storage[0m [36mdict_spill_differential[0m[36m::[0m[34;1mspilled_dict_build_comfortable_budget_matches_too[0m
2026-09-10T18:16:52.2288273Z [32;1m        PASS[0m [   0.007s] ( 572/2739) [35;1msparq-engine::storage[0m [36mdict_spill_differential[0m[36m::[0m[34;1mspilled_dict_build_rejects_non_ntriples[0m
2026-09-10T18:16:52.2407269Z [32;1m        PASS[0m [   0.014s] ( 573/2739) [35;1msparq-engine::storage[0m [36mnamed_graph_durable_clear_drop[0m[36m::[0m[34;1mclear_drop_missing_named_graph_is_noop_success_with_and_without_silent[0m
2026-09-10T18:16:52.2728689Z [32;1m        PASS[0m [   0.032s] ( 574/2739) [35;1msparq-engine::storage[0m [36mnamed_graph_durable_clear_drop[0m[36m::[0m[34;1mdrop_named_graph_survives_restart_gone[0m
2026-09-10T18:16:53.4213268Z [32;1m        PASS[0m [   1.148s] ( 575/2739) [35;1msparq-engine::stream_pipeline_equivalence[0m [34;1mstream_emit_concat_is_byte_identical_to_buffered_over_corpus[0m
2026-09-10T18:16:53.4766433Z [32;1m        PASS[0m [   0.055s] ( 576/2739) [35;1msparq-engine::theta_antijoin[0m [34;1marmed_but_unexhausted_budget_does_not_perturb_the_sip_strategy[0m
2026-09-10T18:16:53.8828476Z [32;1m        PASS[0m [  31.223s] ( 577/2739) [35;1msparq-engine::differentials[0m [36myannakakis_differential[0m[36m::[0m[34;1mfiltered_join_matches_brute_force[0m
2026-09-10T18:16:53.8931999Z [32;1m        PASS[0m [   0.012s] ( 578/2739) [35;1msparq-engine::theta_antijoin[0m [34;1mliteral_correlation_value_correct[0m
2026-09-10T18:16:53.9068950Z [32;1m        PASS[0m [   0.012s] ( 579/2739) [35;1msparq-engine::theta_antijoin[0m [34;1mno_correlation_declines[0m
2026-09-10T18:16:53.9145824Z [32;1m        PASS[0m [   0.009s] ( 580/2739) [35;1msparq-engine::theta_antijoin[0m [34;1mpublic_toggle_and_stats[0m
2026-09-10T18:16:55.2318753Z [32;1m        PASS[0m [   1.755s] ( 581/2739) [35;1msparq-engine::theta_antijoin[0m [34;1mhash_path_large_cardinality_equivalence[0m
2026-09-10T18:16:55.2454865Z [32;1m        PASS[0m [   0.013s] ( 582/2739) [35;1msparq-engine::theta_antijoin[0m [34;1msameterm_vs_eq_diverge_on_value_equal_literals[0m
2026-09-10T18:16:55.2905561Z [32;1m        PASS[0m [   0.045s] ( 583/2739) [35;1msparq-engine::topk_orderby[0m [34;1mduplicate_keys[0m
2026-09-10T18:16:55.3607576Z [32;1m        PASS[0m [   0.069s] ( 584/2739) [35;1msparq-engine::topk_orderby[0m [34;1mk_at_threshold[0m
2026-09-10T18:16:55.3748042Z [32;1m        PASS[0m [   0.012s] ( 585/2739) [35;1msparq-engine::topk_orderby[0m [34;1mlimit_zero[0m
2026-09-10T18:16:55.3849321Z [32;1m        PASS[0m [   0.012s] ( 586/2739) [35;1msparq-engine::topk_orderby[0m [34;1moffset_beyond_size[0m
2026-09-10T18:16:55.4162229Z [32;1m        PASS[0m [   0.031s] ( 587/2739) [35;1msparq-engine-serialize[0m [36mserialize::frame::tests[0m[36m::[0m[34;1mcontext_compaction_applies[0m
2026-09-10T18:16:55.4287040Z [32;1m        PASS[0m [   0.012s] ( 588/2739) [35;1msparq-engine-serialize[0m [36mserialize::frame::tests[0m[36m::[0m[34;1membed_always_reembeds_shared_node[0m
2026-09-10T18:16:55.4381039Z [32;1m        PASS[0m [   0.010s] ( 589/2739) [35;1msparq-engine-serialize[0m [36mserialize::frame::tests[0m[36m::[0m[34;1membed_once_deduplicates_shared_node[0m
2026-09-10T18:16:55.4509786Z [32;1m        PASS[0m [   0.013s] ( 590/2739) [35;1msparq-engine-serialize[0m [36mserialize::frame::tests[0m[36m::[0m[34;1mmatch_none_requires_property_absent[0m
2026-09-10T18:16:55.4618355Z [32;1m        PASS[0m [   0.010s] ( 591/2739) [35;1msparq-engine-serialize[0m [36mserialize::frame::tests[0m[36m::[0m[34;1momit_default_drops_absent_defaulted_property[0m
2026-09-10T18:16:55.4706611Z [32;1m        PASS[0m [   0.009s] ( 592/2739) [35;1msparq-engine-serialize[0m [36mserialize::frame::tests[0m[36m::[0m[34;1mtop_level_omit_default_suppresses_fill[0m
2026-09-10T18:16:55.4821866Z [32;1m        PASS[0m [   0.011s] ( 593/2739) [35;1msparq-engine-serialize[0m [36mserialize::frame::tests[0m[36m::[0m[34;1mtype_match_none_selects_untyped_nodes[0m
2026-09-10T18:16:55.4897731Z [32;1m        PASS[0m [   0.007s] ( 594/2739) [35;1msparq-engine-serialize[0m [36mserialize::frame::tests[0m[36m::[0m[34;1mvalue_match_selects_by_literal[0m
2026-09-10T18:16:55.5097620Z [32;1m        PASS[0m [   0.020s] ( 595/2739) [35;1msparq-engine-serialize[0m [36mserialize::tests[0m[36m::[0m[34;1mbnode_object_does_not_declare_unused_prefix[0m
2026-09-10T18:16:55.5287719Z [32;1m        PASS[0m [   0.019s] ( 596/2739) [35;1msparq-engine-serialize[0m [36mserialize::tests[0m[36m::[0m[34;1mcompact_container_set_forces_array[0m
2026-09-10T18:16:55.5470350Z [32;1m        PASS[0m [   0.018s] ( 597/2739) [35;1msparq-engine-serialize[0m [36mserialize::tests[0m[36m::[0m[34;1mcompact_id_container_falls_back_to_default_framing[0m
2026-09-10T18:16:55.5598125Z [32;1m        PASS[0m [   0.010s] ( 598/2739) [35;1msparq-engine-serialize[0m [36mserialize::tests[0m[36m::[0m[34;1mcompact_iso_general[0m
2026-09-10T18:16:55.5678224Z [32;1m        PASS[0m [   0.009s] ( 599/2739) [35;1msparq-engine-serialize[0m [36mserialize::tests[0m[36m::[0m[34;1mcompact_language_container_multivalue_per_language[0m
2026-09-10T18:16:55.5780124Z [32;1m        PASS[0m [   0.012s] ( 600/2739) [35;1msparq-engine-serialize[0m [36mserialize::tests[0m[36m::[0m[34;1mcompact_list_container_keeps_colocated_sibling[0m
2026-09-10T18:16:55.5909196Z [32;1m        PASS[0m [   0.013s] ( 601/2739) [35;1msparq-engine-serialize[0m [36mserialize::tests[0m[36m::[0m[34;1mcompact_reverse_keeps_edge_to_nonsubject_object[0m
2026-09-10T18:16:55.6015311Z [32;1m        PASS[0m [   0.009s] ( 602/2739) [35;1msparq-engine-serialize[0m [36mserialize::tests[0m[36m::[0m[34;1mcompact_term_definitions_and_vocab[0m
2026-09-10T18:16:55.6069715Z [32;1m        PASS[0m [   0.007s] ( 603/2739) [35;1msparq-engine-serialize[0m [36mserialize::tests[0m[36m::[0m[34;1mcompact_unused_write_jsonld_compact_direct[0m
2026-09-10T18:16:55.6188320Z [32;1m        PASS[0m [   0.009s] ( 604/2739) [35;1msparq-engine-serialize[0m [36mserialize::tests[0m[36m::[0m[34;1mempty_graph_serializes_empty[0m
2026-09-10T18:16:55.6307850Z [32;1m        PASS[0m [   0.014s] ( 605/2739) [35;1msparq-engine-serialize[0m [36mserialize::tests[0m[36m::[0m[34;1mjsonld_compacted_uses_known_prefixes[0m
2026-09-10T18:16:55.6474147Z [32;1m        PASS[0m [   0.017s] ( 606/2739) [35;1msparq-engine-serialize[0m [36mserialize::tests[0m[36m::[0m[34;1mjsonld_empty_list_stays_nil_reference[0m
2026-09-10T18:16:55.6618459Z [32;1m        PASS[0m [   0.014s] ( 607/2739) [35;1msparq-engine-serialize[0m [36mserialize::tests[0m[36m::[0m[34;1mjsonld_list_with_extra_predicate_not_collapsed[0m
2026-09-10T18:16:55.6797739Z [32;1m        PASS[0m [   0.018s] ( 608/2739) [35;1msparq-engine-serialize[0m [36mserialize::tests[0m[36m::[0m[34;1mjsonld_nested_list_collapses[0m
2026-09-10T18:16:55.6893643Z [32;1m        PASS[0m [   0.009s] ( 609/2739) [35;1msparq-engine-serialize[0m [36mserialize::tests[0m[36m::[0m[34;1mjsonld_pretty_empty_graph[0m
2026-09-10T18:16:55.7082001Z [32;1m        PASS[0m [   0.019s] ( 610/2739) [35;1msparq-engine-serialize[0m [36mserialize::tests[0m[36m::[0m[34;1mjsonld_pretty_equiv_named_graph[0m
2026-09-10T18:16:55.7209847Z [32;1m        PASS[0m [   0.013s] ( 611/2739) [35;1msparq-engine-serialize[0m [36mserialize::tests[0m[36m::[0m[34;1mjsonld_pretty_golden_flattened[0m
2026-09-10T18:16:55.7362100Z [32;1m        PASS[0m [   0.015s] ( 612/2739) [35;1msparq-engine-serialize[0m [36mserialize::tests[0m[36m::[0m[34;1mjsonld_roundtrip_datatypes_and_langtags[0m
2026-09-10T18:16:55.7528234Z [32;1m        PASS[0m [   0.015s] ( 613/2739) [35;1msparq-engine-serialize[0m [36mserialize::tests[0m[36m::[0m[34;1mjsonld_roundtrip_rdf12_triple_term[0m
2026-09-10T18:16:55.7583384Z [32;1m        PASS[0m [   0.007s] ( 614/2739) [35;1msparq-engine-serialize[0m [36mserialize::tests[0m[36m::[0m[34;1mnquads_named_graph_has_fourth_column[0m
2026-09-10T18:16:55.7667979Z [32;1m        PASS[0m [   0.007s] ( 615/2739) [35;1msparq-engine-serialize[0m [36mserialize::tests[0m[36m::[0m[34;1mparse_context_json_string_escape_sequences[0m
2026-09-10T18:16:55.7748088Z [32;1m        PASS[0m [   0.009s] ( 616/2739) [35;1msparq-engine-serialize[0m [36mserialize::tests[0m[36m::[0m[34;1mprefixes_from_pairs_matches_default_byte_for_byte[0m
2026-09-10T18:16:55.7918702Z [32;1m        PASS[0m [   0.017s] ( 617/2739) [35;1msparq-engine-serialize[0m [36mserialize::tests[0m[36m::[0m[34;1mpretty_golden_output_matches_site_shape[0m
2026-09-10T18:16:55.8106014Z [32;1m        PASS[0m [   0.019s] ( 618/2739) [35;1msparq-engine-serialize[0m [36mserialize::tests[0m[36m::[0m[34;1mpretty_round_trips_all_term_kinds[0m
2026-09-10T18:16:55.8270592Z [32;1m        PASS[0m [   0.017s] ( 619/2739) [35;1msparq-engine-serialize[0m [36mserialize::tests[0m[36m::[0m[34;1mroundtrip_blank_nodes[0m
2026-09-10T18:16:55.8466491Z [32;1m        PASS[0m [   0.019s] ( 620/2739) [35;1msparq-engine-serialize[0m [36mserialize::tests[0m[36m::[0m[34;1mroundtrip_named_graphs_trig_and_nquads[0m
2026-09-10T18:16:55.8647715Z [32;1m        PASS[0m [   0.018s] ( 621/2739) [35;1msparq-engine-serialize[0m [36mserialize::tests[0m[36m::[0m[34;1mtrig_pretty_abbreviate_false_named_graph[0m
2026-09-10T18:16:55.8739385Z [32;1m        PASS[0m [   0.007s] ( 622/2739) [35;1msparq-engine-serialize[0m [36mserialize::tests[0m[36m::[0m[34;1mwrite_iri_keep_existing_best_arm[0m
2026-09-10T18:16:55.8908475Z [32;1m        PASS[0m [   0.017s] ( 623/2739) [35;1msparq-engine-serialize::empty_graphs[0m [34;1mempty_trig_round_trips[0m
2026-09-10T18:16:55.9045920Z [32;1m        PASS[0m [   0.016s] ( 624/2739) [35;1msparq-engine-serialize::empty_graphs[0m [34;1mnquads_preserves_named_graphs_when_default_graph_is_empty[0m
2026-09-10T18:16:55.9168068Z [32;1m        PASS[0m [   0.010s] ( 625/2739) [35;1msparq-engine-service[0m [36mservice::tests[0m[36m::[0m[34;1mallowlist_plumbing_install_and_restore[0m
2026-09-10T18:16:55.9288316Z [32;1m        PASS[0m [   0.013s] ( 626/2739) [35;1msparq-engine-service[0m [36mservice::tests[0m[36m::[0m[34;1mbind_block_size_returns_default_outside_scope[0m
2026-09-10T18:16:55.9400928Z [32;1m        PASS[0m [   0.010s] ( 627/2739) [35;1msparq-engine-service[0m [36mservice::tests[0m[36m::[0m[34;1mdir_lang_string_direction_roundtrips_inbound[0m
2026-09-10T18:16:55.9488030Z [32;1m        PASS[0m [   0.008s] ( 628/2739) [35;1msparq-engine-service[0m [36mservice::tests[0m[36m::[0m[34;1meval_remote_propagates_transport_error[0m
2026-09-10T18:16:55.9604451Z [32;1m        PASS[0m [   0.014s] ( 629/2739) [35;1msparq-engine-service[0m [36mservice::tests::http_transport_tests[0m[36m::[0m[34;1mhttp_transport_fetch_reader_success[0m
2026-09-10T18:16:55.9689910Z [32;1m        PASS[0m [   0.008s] ( 630/2739) [35;1msparq-engine-service[0m [36mservice::tests[0m[36m::[0m[34;1minvalid_or_absent_its_dir_is_plain_language_literal[0m
2026-09-10T18:16:55.9765199Z [32;1m        PASS[0m [   0.007s] ( 631/2739) [35;1msparq-engine-service[0m [36mservice::tests[0m[36m::[0m[34;1mloopback_is_forbidden[0m
2026-09-10T18:16:55.9850164Z [32;1m        PASS[0m [   0.008s] ( 632/2739) [35;1msparq-engine-service[0m [36mservice::tests[0m[36m::[0m[34;1mmixed_host_and_port_scoped_entries_for_same_host[0m
2026-09-10T18:16:55.9929519Z [32;1m        PASS[0m [   0.008s] ( 633/2739) [35;1msparq-engine-service[0m [36mservice::tests[0m[36m::[0m[34;1mparse_results_rejects_non_json_non_xml[0m
2026-09-10T18:16:56.0030869Z [32;1m        PASS[0m [   0.010s] ( 634/2739) [35;1msparq-engine-service[0m [36mservice::tests[0m[36m::[0m[34;1mparse_srx_cdata_section_is_decoded_as_text[0m
2026-09-10T18:16:56.0118286Z [32;1m        PASS[0m [   0.008s] ( 635/2739) [35;1msparq-engine-service[0m [36mservice::tests[0m[36m::[0m[34;1mparse_srx_into_read_general_ref_entity[0m
2026-09-10T18:16:56.0209377Z [32;1m        PASS[0m [   0.008s] ( 636/2739) [35;1msparq-engine-service[0m [36mservice::tests[0m[36m::[0m[34;1mparse_srx_into_read_unbalanced_triple_tag_is_xml_error[0m
2026-09-10T18:16:56.0258006Z [32;1m        PASS[0m [   2.105s] ( 637/2739) [35;1msparq-engine::theta_antijoin[0m [34;1mrandomised_differential[0m
2026-09-10T18:16:56.0275355Z [32;1m        PASS[0m [   0.007s] ( 638/2739) [35;1msparq-engine-service[0m [36mservice::tests[0m[36m::[0m[34;1mparse_srx_unbalanced_triple_tag_is_xml_error[0m
2026-09-10T18:16:56.0354078Z [32;1m        PASS[0m [   0.015s] ( 639/2739) [35;1msparq-engine-service[0m [36mservice::tests[0m[36m::[0m[34;1mport_scoped_suffix_wildcard_is_port_constrained[0m
2026-09-10T18:16:56.0363246Z [32;1m        PASS[0m [   0.009s] ( 640/2739) [35;1msparq-engine-service[0m [36mservice::tests[0m[36m::[0m[34;1mpushable_term_triple_returns_false[0m
2026-09-10T18:16:56.0453037Z [32;1m        PASS[0m [   0.008s] ( 641/2739) [35;1msparq-engine-service[0m [36mservice::tests[0m[36m::[0m[34;1mrender_values_block_multi_var_multi_tuple[0m
2026-09-10T18:16:56.0463856Z [32;1m        PASS[0m [   0.010s] ( 642/2739) [35;1msparq-engine-service[0m [36mservice::tests[0m[36m::[0m[34;1mrender_values_block_single_var_one_tuple[0m
2026-09-10T18:16:56.0527768Z [32;1m        PASS[0m [   0.008s] ( 643/2739) [35;1msparq-engine-service[0m [36mservice::tests[0m[36m::[0m[34;1mresolve_xml_entity_hex_upper_x[0m
2026-09-10T18:16:56.0539953Z [32;1m        PASS[0m [   0.008s] ( 644/2739) [35;1msparq-engine-service[0m [36mservice::tests[0m[36m::[0m[34;1mresolve_xml_entity_unknown_named_entity_is_error[0m
2026-09-10T18:16:56.0610305Z [32;1m        PASS[0m [   0.009s] ( 645/2739) [35;1msparq-engine-service[0m [36mservice::tests::resolver[0m[36m::[0m[34;1mresolver_host_level_entry_permits_all_ports[0m
2026-09-10T18:16:56.0642239Z [32;1m        PASS[0m [   0.010s] ( 646/2739) [35;1msparq-engine-service[0m [36mservice::tests::resolver[0m[36m::[0m[34;1mresolver_port_scoped_does_not_weaken_dns_rebind_revet[0m
2026-09-10T18:16:56.0705328Z [32;1m        PASS[0m [   0.009s] ( 647/2739) [35;1msparq-engine-service[0m [36mservice::tests::resolver[0m[36m::[0m[34;1mresolver_refuses_ipv6_loopback_endpoint[0m
2026-09-10T18:16:56.0740508Z [32;1m        PASS[0m [   0.008s] ( 648/2739) [35;1msparq-engine-service[0m [36mservice::tests::resolver[0m[36m::[0m[34;1mstrict_permits_allowlisted_host[0m
2026-09-10T18:16:56.0784948Z [32;1m        PASS[0m [   0.008s] ( 649/2739) [35;1msparq-engine-service[0m [36mservice::tests[0m[36m::[0m[34;1msplit_entry_malformed_bracket_no_close_is_host_level[0m
2026-09-10T18:16:56.0804861Z [32;1m        PASS[0m [   0.007s] ( 650/2739) [35;1msparq-engine-service[0m [36mservice::tests[0m[36m::[0m[34;1msrj_term_triple_invalid_predicate_is_error[0m
2026-09-10T18:16:56.0898127Z [32;1m        PASS[0m [   0.010s] ( 651/2739) [35;1msparq-engine-service[0m [36mservice::tests[0m[36m::[0m[34;1msrx_dir_lang_string_direction_roundtrips[0m
2026-09-10T18:16:56.0909751Z [32;1m        PASS[0m [   0.010s] ( 652/2739) [35;1msparq-engine-service[0m [36mservice::tests[0m[36m::[0m[34;1msrx_triple_term_parses[0m
2026-09-10T18:16:56.1015211Z [32;1m        PASS[0m [   0.010s] ( 653/2739) [35;1msparq-engine-service[0m [36mservice::tests::streaming_equivalence[0m[36m::[0m[34;1meval_remote_into_read_via_transport_as_reader[0m
2026-09-10T18:16:56.1087464Z [32;1m        PASS[0m [   0.007s] ( 654/2739) [35;1msparq-engine-service[0m [36mservice::tests::streaming_equivalence[0m[36m::[0m[34;1mparse_results_into_read_leading_whitespace_routes_srj[0m
2026-09-10T18:16:56.1157335Z [32;1m        PASS[0m [   0.007s] ( 655/2739) [35;1msparq-engine-service[0m [36mservice::tests::streaming_equivalence[0m[36m::[0m[34;1mparse_results_into_read_unknown_format_is_error[0m
2026-09-10T18:16:56.1258454Z [32;1m        PASS[0m [   0.007s] ( 656/2739) [35;1msparq-engine-service[0m [36mservice::tests::streaming_equivalence[0m[36m::[0m[34;1mparse_srx_into_read_agrees_with_into_on_representative_doc[0m
2026-09-10T18:16:56.1338326Z [32;1m        PASS[0m [   0.009s] ( 657/2739) [35;1msparq-engine-service[0m [36mservice::tests::streaming_equivalence[0m[36m::[0m[34;1msrx_sink_error_aborts_the_parse_and_propagates_verbatim[0m
2026-09-10T18:16:56.1408802Z [32;1m        PASS[0m [   0.007s] ( 658/2739) [35;1msparq-engine-service[0m [36mservice::tests[0m[36m::[0m[34;1msuffix_wildcard_allowlist_matches_apex_and_subdomains[0m
2026-09-10T18:16:56.1467700Z [32;1m        PASS[0m [   0.006s] ( 659/2739) [35;1msparq-engine-service[0m [36mservice::tests[0m[36m::[0m[34;1munique_local_v6_is_forbidden[0m
2026-09-10T18:16:56.1547853Z [32;1m        PASS[0m [   0.006s] ( 660/2739) [35;1msparq-engine-service[0m [36mservice::tests::uri_host_port_tests[0m[36m::[0m[34;1mexplicit_port_is_used[0m
2026-09-10T18:16:56.1608150Z [32;1m        PASS[0m [   0.006s] ( 661/2739) [35;1msparq-engine-service[0m [36mservice::tests[0m[36m::[0m[34;1mwith_service_bound_join_block_size_scopes_and_restores[0m
2026-09-10T18:16:56.1688034Z [32;1m        PASS[0m [   0.007s] ( 662/2739) [35;1msparq-engine-service[0m [36mservice::tests[0m[36m::[0m[34;1mwith_service_remote_request_cap_scopes_and_restores[0m
2026-09-10T18:16:56.1761051Z [32;1m        PASS[0m [   0.010s] ( 663/2739) [35;1msparq-engine-service::proptest_srj_srx[0m [36mservice::tests[0m[36m::[0m[34;1mallowlist_plumbing_install_and_restore[0m
2026-09-10T18:16:56.1841336Z [32;1m        PASS[0m [   0.007s] ( 664/2739) [35;1msparq-engine-service::proptest_srj_srx[0m [36mservice::tests[0m[36m::[0m[34;1mbind_block_size_returns_default_outside_scope[0m
2026-09-10T18:16:56.1940153Z [32;1m        PASS[0m [   0.010s] ( 665/2739) [35;1msparq-engine-service::proptest_srj_srx[0m [36mservice::tests[0m[36m::[0m[34;1mdir_lang_string_direction_roundtrips_inbound[0m
2026-09-10T18:16:56.2023793Z [32;1m        PASS[0m [   0.008s] ( 666/2739) [35;1msparq-engine-service::proptest_srj_srx[0m [36mservice::tests[0m[36m::[0m[34;1meval_remote_propagates_transport_error[0m
2026-09-10T18:16:56.2198593Z [32;1m        PASS[0m [   0.016s] ( 667/2739) [35;1msparq-engine-service::proptest_srj_srx[0m [36mservice::tests::http_transport_tests[0m[36m::[0m[34;1mhttp_transport_fetch_reader_success[0m
2026-09-10T18:16:56.2278245Z [32;1m        PASS[0m [   0.008s] ( 668/2739) [35;1msparq-engine-service::proptest_srj_srx[0m [36mservice::tests[0m[36m::[0m[34;1minvalid_or_absent_its_dir_is_plain_language_literal[0m
2026-09-10T18:16:56.2367997Z [32;1m        PASS[0m [   0.007s] ( 669/2739) [35;1msparq-engine-service::proptest_srj_srx[0m [36mservice::tests[0m[36m::[0m[34;1mloopback_is_forbidden[0m
2026-09-10T18:16:56.2438209Z [32;1m        PASS[0m [   0.007s] ( 670/2739) [35;1msparq-engine-service::proptest_srj_srx[0m [36mservice::tests[0m[36m::[0m[34;1mmixed_host_and_port_scoped_entries_for_same_host[0m
2026-09-10T18:16:56.2507774Z [32;1m        PASS[0m [   0.009s] ( 671/2739) [35;1msparq-engine-service::proptest_srj_srx[0m [36mservice::tests[0m[36m::[0m[34;1mparse_results_rejects_non_json_non_xml[0m
2026-09-10T18:16:56.2609492Z [32;1m        PASS[0m [   0.010s] ( 672/2739) [35;1msparq-engine-service::proptest_srj_srx[0m [36mservice::tests[0m[36m::[0m[34;1mparse_srx_cdata_section_is_decoded_as_text[0m
2026-09-10T18:16:56.2698104Z [32;1m        PASS[0m [   0.007s] ( 673/2739) [35;1msparq-engine-service::proptest_srj_srx[0m [36mservice::tests[0m[36m::[0m[34;1mparse_srx_into_read_general_ref_entity[0m
2026-09-10T18:16:56.2748627Z [32;1m        PASS[0m [   0.007s] ( 674/2739) [35;1msparq-engine-service::proptest_srj_srx[0m [36mservice::tests[0m[36m::[0m[34;1mparse_srx_into_read_unbalanced_triple_tag_is_xml_error[0m
2026-09-10T18:16:56.2828288Z [32;1m        PASS[0m [   0.007s] ( 675/2739) [35;1msparq-engine-service::proptest_srj_srx[0m [36mservice::tests[0m[36m::[0m[34;1mparse_srx_unbalanced_triple_tag_is_xml_error[0m
2026-09-10T18:16:56.2945782Z [32;1m        PASS[0m [   0.012s] ( 676/2739) [35;1msparq-engine-service::proptest_srj_srx[0m [36mservice::tests[0m[36m::[0m[34;1mport_scoped_suffix_wildcard_is_port_constrained[0m
2026-09-10T18:16:56.3038465Z [32;1m        PASS[0m [   0.007s] ( 677/2739) [35;1msparq-engine-service::proptest_srj_srx[0m [36mservice::tests[0m[36m::[0m[34;1mpushable_term_triple_returns_false[0m
2026-09-10T18:16:56.3118711Z [32;1m        PASS[0m [   0.008s] ( 678/2739) [35;1msparq-engine-service::proptest_srj_srx[0m [36mservice::tests[0m[36m::[0m[34;1mrender_values_block_multi_var_multi_tuple[0m
2026-09-10T18:16:56.3214107Z [32;1m        PASS[0m [   0.009s] ( 679/2739) [35;1msparq-engine-service::proptest_srj_srx[0m [36mservice::tests[0m[36m::[0m[34;1mrender_values_block_single_var_one_tuple[0m
2026-09-10T18:16:56.3281885Z [32;1m        PASS[0m [   0.008s] ( 680/2739) [35;1msparq-engine-service::proptest_srj_srx[0m [36mservice::tests[0m[36m::[0m[34;1mresolve_xml_entity_hex_upper_x[0m
2026-09-10T18:16:56.3358211Z [32;1m        PASS[0m [   0.007s] ( 681/2739) [35;1msparq-engine-service::proptest_srj_srx[0m [36mservice::tests[0m[36m::[0m[34;1mresolve_xml_entity_unknown_named_entity_is_error[0m
2026-09-10T18:16:56.3448070Z [32;1m        PASS[0m [   0.007s] ( 682/2739) [35;1msparq-engine-service::proptest_srj_srx[0m [36mservice::tests::resolver[0m[36m::[0m[34;1mresolver_host_level_entry_permits_all_ports[0m
2026-09-10T18:16:56.3508053Z [32;1m        PASS[0m [   0.007s] ( 683/2739) [35;1msparq-engine-service::proptest_srj_srx[0m [36mservice::tests::resolver[0m[36m::[0m[34;1mresolver_port_scoped_does_not_weaken_dns_rebind_revet[0m
2026-09-10T18:16:56.3586800Z [32;1m        PASS[0m [   0.007s] ( 684/2739) [35;1msparq-engine-service::proptest_srj_srx[0m [36mservice::tests::resolver[0m[36m::[0m[34;1mresolver_refuses_ipv6_loopback_endpoint[0m
2026-09-10T18:16:56.3628125Z [32;1m        PASS[0m [   0.007s] ( 685/2739) [35;1msparq-engine-service::proptest_srj_srx[0m [36mservice::tests::resolver[0m[36m::[0m[34;1mstrict_permits_allowlisted_host[0m
2026-09-10T18:16:56.3702867Z [32;1m        PASS[0m [   0.007s] ( 686/2739) [35;1msparq-engine-service::proptest_srj_srx[0m [36mservice::tests[0m[36m::[0m[34;1msplit_entry_malformed_bracket_no_close_is_host_level[0m
2026-09-10T18:16:56.3778157Z [32;1m        PASS[0m [   0.007s] ( 687/2739) [35;1msparq-engine-service::proptest_srj_srx[0m [36mservice::tests[0m[36m::[0m[34;1msrj_term_triple_invalid_predicate_is_error[0m
2026-09-10T18:16:56.3858571Z [32;1m        PASS[0m [   0.007s] ( 688/2739) [35;1msparq-engine-service::proptest_srj_srx[0m [36mservice::tests[0m[36m::[0m[34;1msrx_dir_lang_string_direction_roundtrips[0m
2026-09-10T18:16:56.3927943Z [32;1m        PASS[0m [   0.007s] ( 689/2739) [35;1msparq-engine-service::proptest_srj_srx[0m [36mservice::tests[0m[36m::[0m[34;1msrx_triple_term_parses[0m
2026-09-10T18:16:56.5058708Z [32;1m        PASS[0m [   0.415s] ( 690/2739) [35;1msparq-engine-service[0m [36mservice::tests::streaming_equivalence[0m[36m::[0m[34;1mequivalence_on_a_large_duplicate_heavy_document[0m
2026-09-10T18:16:56.5124012Z [32;1m        PASS[0m [   0.008s] ( 691/2739) [35;1msparq-engine-service::proptest_srj_srx[0m [36mservice::tests::streaming_equivalence[0m[36m::[0m[34;1meval_remote_into_read_via_transport_as_reader[0m
2026-09-10T18:16:56.5198313Z [32;1m        PASS[0m [   0.007s] ( 692/2739) [35;1msparq-engine-service::proptest_srj_srx[0m [36mservice::tests::streaming_equivalence[0m[36m::[0m[34;1mparse_results_into_read_leading_whitespace_routes_srj[0m
2026-09-10T18:16:56.5283800Z [32;1m        PASS[0m [   0.008s] ( 693/2739) [35;1msparq-engine-service::proptest_srj_srx[0m [36mservice::tests::streaming_equivalence[0m[36m::[0m[34;1mparse_results_into_read_unknown_format_is_error[0m
2026-09-10T18:16:56.5385724Z [32;1m        PASS[0m [   0.009s] ( 694/2739) [35;1msparq-engine-service::proptest_srj_srx[0m [36mservice::tests::streaming_equivalence[0m[36m::[0m[34;1mparse_srx_into_read_agrees_with_into_on_representative_doc[0m
2026-09-10T18:16:56.5455618Z [32;1m        PASS[0m [   0.008s] ( 695/2739) [35;1msparq-engine-service::proptest_srj_srx[0m [36mservice::tests::streaming_equivalence[0m[36m::[0m[34;1msrx_sink_error_aborts_the_parse_and_propagates_verbatim[0m
2026-09-10T18:16:56.5537378Z [32;1m        PASS[0m [   0.008s] ( 696/2739) [35;1msparq-engine-service::proptest_srj_srx[0m [36mservice::tests[0m[36m::[0m[34;1msuffix_wildcard_allowlist_matches_apex_and_subdomains[0m
2026-09-10T18:16:56.5651000Z [32;1m        PASS[0m [   0.011s] ( 697/2739) [35;1msparq-engine-service::proptest_srj_srx[0m [36mservice::tests[0m[36m::[0m[34;1munique_local_v6_is_forbidden[0m
2026-09-10T18:16:56.5748413Z [32;1m        PASS[0m [   0.007s] ( 698/2739) [35;1msparq-engine-service::proptest_srj_srx[0m [36mservice::tests::uri_host_port_tests[0m[36m::[0m[34;1mexplicit_port_is_used[0m
2026-09-10T18:16:56.5808028Z [32;1m        PASS[0m [   0.007s] ( 699/2739) [35;1msparq-engine-service::proptest_srj_srx[0m [36mservice::tests[0m[36m::[0m[34;1mwith_service_bound_join_block_size_scopes_and_restores[0m
2026-09-10T18:16:56.5878163Z [32;1m        PASS[0m [   0.007s] ( 700/2739) [35;1msparq-engine-service::proptest_srj_srx[0m [36mservice::tests[0m[36m::[0m[34;1mwith_service_remote_request_cap_scopes_and_restores[0m
2026-09-10T18:16:56.5947727Z [32;1m        PASS[0m [   0.007s] ( 701/2739) [35;1msparq-forms[0m [36mwidgets::tests[0m[36m::[0m[34;1mauto_complete_scores[0m
2026-09-10T18:16:56.6028036Z [32;1m        PASS[0m [   0.007s] ( 702/2739) [35;1msparq-forms[0m [36mwidgets::tests[0m[36m::[0m[34;1mdate_picker_scores[0m
2026-09-10T18:16:56.6087271Z [32;1m        PASS[0m [   0.007s] ( 703/2739) [35;1msparq-forms[0m [36mwidgets::tests[0m[36m::[0m[34;1mdetails_editor_scores[0m
2026-09-10T18:16:56.6157954Z [32;1m        PASS[0m [   0.006s] ( 704/2739) [35;1msparq-forms[0m [36mwidgets::tests[0m[36m::[0m[34;1mregister_editor_adds_and_replaces[0m
2026-09-10T18:16:56.6214991Z [32;1m        PASS[0m [   0.007s] ( 705/2739) [35;1msparq-forms[0m [36mwidgets::tests[0m[36m::[0m[34;1mresolve_viewer_prefers_strong_signal[0m
2026-09-10T18:16:56.6287672Z [32;1m        PASS[0m [   0.006s] ( 706/2739) [35;1msparq-forms[0m [36mwidgets::tests[0m[36m::[0m[34;1msub_class_scores[0m
2026-09-10T18:16:56.6346776Z [32;1m        PASS[0m [   0.006s] ( 707/2739) [35;1msparq-forms[0m [36mwidgets::tests[0m[36m::[0m[34;1mtext_field_scores[0m
2026-09-10T18:16:56.6417895Z [32;1m        PASS[0m [   0.006s] ( 708/2739) [35;1msparq-forms[0m [36mwidgets::tests[0m[36m::[0m[34;1mviewer_scores[0m
2026-09-10T18:16:56.6659989Z [32;1m        PASS[0m [   0.025s] ( 709/2739) [35;1msparq-forms::derive[0m [34;1mdeactivated_property_shape_is_suppressed[0m
2026-09-10T18:16:56.6827995Z [32;1m        PASS[0m [   0.017s] ( 710/2739) [35;1msparq-forms::derive[0m [34;1mderive_form_with_model_uses_custom_registry[0m
2026-09-10T18:16:56.6897312Z [32;1m        PASS[0m [   0.007s] ( 711/2739) [35;1msparq-forms::derive[0m [34;1mform_options_default_values[0m
2026-09-10T18:16:56.7023678Z [32;1m        PASS[0m [   0.012s] ( 712/2739) [35;1msparq-forms::derive[0m [34;1mnested_sh_node_recurses_and_cycles_terminate[0m
2026-09-10T18:16:56.7430634Z [32;1m        PASS[0m [   0.040s] ( 713/2739) [35;1msparq-forms::diff[0m [34;1mdiff_noop_when_before_equals_after[0m
2026-09-10T18:16:56.7748967Z [32;1m        PASS[0m [   0.031s] ( 714/2739) [35;1msparq-forms::edge_applicability[0m [34;1mpredicate_targets_rank_below_applicable_to_class[0m
2026-09-10T18:16:56.7869629Z [32;1m        PASS[0m [   0.012s] ( 715/2739) [35;1msparq-forms::edge_applicability[0m [34;1mtarget_subjects_of_applies_to_subjects_only[0m
2026-09-10T18:16:56.7918732Z [32;1m        PASS[0m [   0.399s] ( 716/2739) [35;1msparq-engine-service::proptest_srj_srx[0m [36mservice::tests::streaming_equivalence[0m[36m::[0m[34;1mequivalence_on_a_large_duplicate_heavy_document[0m
2026-09-10T18:16:56.8229348Z [32;1m        PASS[0m [   0.035s] ( 717/2739) [35;1msparq-forms::golden[0m [34;1mgolden_person_groups[0m
2026-09-10T18:16:56.8418305Z [32;1m        PASS[0m [   0.017s] ( 718/2739) [35;1msparq-geo[0m [36mgeof::tests[0m[36m::[0m[34;1mempty_geometry_has_no_bounding_coordinates[0m
2026-09-10T18:16:56.8448253Z [32;1m        PASS[0m [   0.050s] ( 719/2739) [35;1msparq-forms::validation[0m [34;1mvalidation_uses_the_generated_message_when_the_shape_has_none[0m
2026-09-10T18:16:56.8487817Z [32;1m        PASS[0m [   0.008s] ( 720/2739) [35;1msparq-geo[0m [36mmetadata::tests[0m[36m::[0m[34;1mcollinear_self_overlapping_linestring_is_not_simple[0m
2026-09-10T18:16:56.8564028Z [32;1m        PASS[0m [   0.007s] ( 721/2739) [35;1msparq-geo[0m [36mmetadata::tests[0m[36m::[0m[34;1mdimension_by_geometry_kind[0m
2026-09-10T18:16:56.8566600Z [32;1m        PASS[0m [   0.017s] ( 722/2739) [35;1msparq-geo[0m [36mindex::indexed_ids_tests[0m[36m::[0m[34;1mindexed_ids_for_declines_on_a_dict_pointer_mismatch[0m
2026-09-10T18:16:56.8631863Z [32;1m        PASS[0m [   0.007s] ( 723/2739) [35;1msparq-geo[0m [36mmetadata::tests[0m[36m::[0m[34;1mlex_metadata_aggregate_returns_all_values[0m
2026-09-10T18:16:56.8649611Z [32;1m        PASS[0m [   0.007s] ( 724/2739) [35;1msparq-geo[0m [36mmetadata::tests[0m[36m::[0m[34;1msimple_linestrings[0m
2026-09-10T18:16:56.8729180Z [32;1m        PASS[0m [   0.008s] ( 725/2739) [35;1msparq-geo[0m [36mprovider::tests[0m[36m::[0m[34;1mdistance_from_non_point_constant_is_declined[0m
2026-09-10T18:16:56.8748183Z [32;1m        PASS[0m [   0.010s] ( 726/2739) [35;1msparq-geo[0m [36mprovider::tests[0m[36m::[0m[34;1mbbox_with_geographic_constant_is_served[0m
2026-09-10T18:16:56.8808841Z [32;1m        PASS[0m [   0.007s] ( 727/2739) [35;1msparq-geo[0m [36mregistry::tests[0m[36m::[0m[34;1mbounding_coordinate_function_term_level[0m
2026-09-10T18:16:56.8824443Z [32;1m        PASS[0m [   0.009s] ( 728/2739) [35;1msparq-geo[0m [36mprovider::tests[0m[36m::[0m[34;1mis_indexed_distinguishes_known_from_unknown_literals[0m
2026-09-10T18:16:56.8887116Z [32;1m        PASS[0m [   0.007s] ( 729/2739) [35;1msparq-geo[0m [36mregistry::tests[0m[36m::[0m[34;1mcached_parse_equals_fresh_parse[0m
2026-09-10T18:16:56.8967784Z [32;1m        PASS[0m [   0.009s] ( 730/2739) [35;1msparq-geo[0m [36mregistry::tests[0m[36m::[0m[34;1mgml_relate_operands_are_prepared_and_result_identical[0m
2026-09-10T18:16:56.9041416Z [32;1m        PASS[0m [   0.007s] ( 731/2739) [35;1msparq-geo[0m [36mregistry::tests[0m[36m::[0m[34;1mparse_failures_are_not_cached[0m
2026-09-10T18:16:56.9131195Z [32;1m        PASS[0m [   0.009s] ( 732/2739) [35;1msparq-geo[0m [36mregistry::tests[0m[36m::[0m[34;1mregistry_contents[0m
2026-09-10T18:16:56.9280284Z [32;1m        PASS[0m [   0.014s] ( 733/2739) [35;1msparq-geo[0m [36mregistry::tests[0m[36m::[0m[34;1mset_operations_and_buffer_term_level[0m
2026-09-10T18:16:56.9296558Z [32;1m        PASS[0m [   0.045s] ( 734/2739) [35;1msparq-geo[0m [36mregistry::tests[0m[36m::[0m[34;1mde9im_matrix_arms_all_equal_plain_relate[0m
2026-09-10T18:16:56.9351502Z [32;1m        PASS[0m [   0.007s] ( 735/2739) [35;1msparq-geo[0m [36mregistry::tests[0m[36m::[0m[34;1mwkt_and_gml_cache_keys_do_not_collide[0m
2026-09-10T18:16:56.9428284Z [32;1m        PASS[0m [   0.014s] ( 736/2739) [35;1msparq-geo::coverage_direct[0m [34;1mboundary_of_bare_line[0m
2026-09-10T18:16:56.9432685Z [32;1m        PASS[0m [   0.008s] ( 737/2739) [35;1msparq-geo::coverage_direct[0m [34;1mboundary_of_rect[0m
2026-09-10T18:16:56.9498768Z [32;1m        PASS[0m [   0.007s] ( 738/2739) [35;1msparq-geo::coverage_direct[0m [34;1mcrs_from_iri_other_branch[0m
2026-09-10T18:16:56.9522569Z [32;1m        PASS[0m [   0.009s] ( 739/2739) [35;1msparq-geo::coverage_direct[0m [34;1meuclidean_distance_all_first_arg_types[0m
2026-09-10T18:16:56.9575334Z [32;1m        PASS[0m [   0.008s] ( 740/2739) [35;1msparq-geo::coverage_direct[0m [34;1mintersection_with_empty_operand_returns_empty_multipoint[0m
2026-09-10T18:16:56.9614629Z [32;1m        PASS[0m [   0.009s] ( 741/2739) [35;1msparq-geo::coverage_direct[0m [34;1mlex_spatial_dimension_returns_none_for_empty[0m
2026-09-10T18:16:56.9641840Z [32;1m        PASS[0m [   0.007s] ( 742/2739) [35;1msparq-geo::coverage_direct[0m [34;1mpoint_to_geometry_meters_indeterminate_for_empty_gc[0m
2026-09-10T18:16:56.9708163Z [32;1m        PASS[0m [   0.006s] ( 743/2739) [35;1msparq-geo::coverage_direct[0m [34;1munion_with_empty_right_returns_left[0m
2026-09-10T18:16:56.9737642Z [32;1m        PASS[0m [   0.011s] ( 744/2739) [35;1msparq-geo::coverage_direct[0m [34;1mtopological_dimension_nonempty_multipolygon_is_two[0m
2026-09-10T18:16:56.9907885Z [32;1m        PASS[0m [   0.019s] ( 745/2739) [35;1msparq-geo::coverage_direct[0m [34;1mwithin_distance_pole_covering_window[0m
2026-09-10T18:16:56.9977796Z [32;1m        PASS[0m [   0.008s] ( 746/2739) [35;1msparq-geo::distance_differential[0m [34;1mpoint_to_point_haversine_path_unchanged[0m
2026-09-10T18:16:57.0156509Z [32;1m        PASS[0m [   0.018s] ( 747/2739) [35;1msparq-geo::entailment[0m [34;1mquery_rewrite_property_form_is_not_materialized[0m
2026-09-10T18:16:57.0428579Z [32;1m        PASS[0m [   0.071s] ( 748/2739) [35;1msparq-geo::de9im_differential[0m [34;1meh_rcc8_patterns_match_generic_relate[0m
2026-09-10T18:16:57.0770084Z [32;1m        PASS[0m [   0.034s] ( 749/2739) [35;1msparq-geo::gml[0m [34;1mcircular_arc_by_center_point_densifies[0m
2026-09-10T18:16:57.0887708Z [32;1m        PASS[0m [   0.010s] ( 750/2739) [35;1msparq-geo::gml[0m [34;1mempty_gml_lexical_form_is_empty_geometry[0m
2026-09-10T18:16:57.0970296Z [32;1m        PASS[0m [   0.010s] ( 751/2739) [35;1msparq-geo::gml[0m [34;1mepsg_4326_srs_name_swaps_axis_order[0m
2026-09-10T18:16:57.1042034Z [32;1m        PASS[0m [   0.087s] ( 752/2739) [35;1msparq-geo::geof_metamorph[0m [34;1mequality_and_disjointness_are_reflexive_laws[0m
2026-09-10T18:16:57.1059497Z [32;1m        PASS[0m [   0.009s] ( 753/2739) [35;1msparq-geo::gml[0m [34;1mmalformed_gml_is_a_clean_error[0m
2026-09-10T18:16:57.1119258Z [32;1m        PASS[0m [   0.009s] ( 754/2739) [35;1msparq-geo::gml[0m [34;1mother_crs_kept_verbatim[0m
2026-09-10T18:16:57.1180695Z [32;1m        PASS[0m [   0.012s] ( 755/2739) [35;1msparq-geo::gml[0m [34;1mparses_linestring_repeated_pos[0m
2026-09-10T18:16:57.1216669Z [32;1m        PASS[0m [   0.010s] ( 756/2739) [35;1msparq-geo::gml[0m [34;1mparses_multisurface_of_polygons[0m
2026-09-10T18:16:57.1287520Z [32;1m        PASS[0m [   0.009s] ( 757/2739) [35;1msparq-geo::gml[0m [34;1mparses_polygon_exterior_only[0m
2026-09-10T18:16:57.1578832Z [32;1m        PASS[0m [   0.034s] ( 758/2739) [35;1msparq-geo::gml[0m [36msparql[0m[36m::[0m[34;1mdistance_gml_equals_wkt[0m
2026-09-10T18:16:57.1613716Z [32;1m        PASS[0m [   0.029s] ( 759/2739) [35;1msparq-geo::gml[0m [36msparql[0m[36m::[0m[34;1mmixed_gml_and_wkt_arguments_interoperate[0m
2026-09-10T18:16:57.1637534Z [32;1m        PASS[0m [   0.008s] ( 760/2739) [35;1msparq-geo::gml[0m [34;1mstill_deferred_types_are_clean_unsupported[0m
2026-09-10T18:16:57.1687679Z [32;1m        PASS[0m [   0.008s] ( 761/2739) [35;1msparq-geo::gml[0m [34;1mthree_d_srs_dimension_drops_z[0m
2026-09-10T18:16:57.1893939Z [32;1m        PASS[0m [   0.025s] ( 762/2739) [35;1msparq-geo::index[0m [34;1mnamed_graphs_are_indexed_with_their_origin[0m
2026-09-10T18:16:57.1988936Z [32;1m        PASS[0m [   0.035s] ( 763/2739) [35;1msparq-geo::index[0m [34;1mapply_delta_random_churn_matches_fresh_build[0m
2026-09-10T18:16:57.2017893Z [32;1m        PASS[0m [   0.011s] ( 764/2739) [35;1msparq-geo::index[0m [34;1munparseable_and_non_geographic_literals_are_skipped[0m
2026-09-10T18:16:57.2083812Z [32;1m        PASS[0m [   0.008s] ( 765/2739) [35;1msparq-geo::index[0m [34;1mwithin_distance_wraps_across_the_antimeridian[0m
2026-09-10T18:16:57.2137219Z [32;1m        PASS[0m [   0.006s] ( 766/2739) [35;1msparq-geo::measurements[0m [34;1mmetric_functions_reject_unknown_coordinate_units_but_centroid_preserves_crs[0m
2026-09-10T18:16:57.2234810Z [32;1m        PASS[0m [   0.023s] ( 767/2739) [35;1msparq-geo::index_edge_paths[0m [34;1mwithin_distance_wkt_rejects_malformed_wkt[0m
2026-09-10T18:16:57.2417948Z [32;1m        PASS[0m [   0.028s] ( 768/2739) [35;1msparq-geo::ogc_compliance_ratchet[0m [34;1mogc_topology_compliance_ratchet[0m
2026-09-10T18:16:57.2791849Z [32;1m        PASS[0m [   0.056s] ( 769/2739) [35;1msparq-geo::ogc_geosparql_requirements[0m [34;1mgraph_pattern_requirements_are_demonstrated_with_engine[0m
2026-09-10T18:16:57.3004193Z [32;1m        PASS[0m [   0.059s] ( 770/2739) [35;1msparq-geo::pushdown[0m [34;1mgeometry_bound_via_non_aswkt_predicate_is_correct[0m
2026-09-10T18:16:57.3095200Z [32;1m        PASS[0m [   0.009s] ( 771/2739) [35;1msparq-geo::pushdown[0m [34;1mmixed_indexed_and_unindexed_bindings_correct[0m
2026-09-10T18:16:57.3249691Z [32;1m        PASS[0m [   0.046s] ( 772/2739) [35;1msparq-geo::pushdown[0m [34;1mid_level_and_per_row_paths_agree_pure_aswkt_column[0m
2026-09-10T18:16:57.3388349Z [32;1m        PASS[0m [   0.027s] ( 773/2739) [35;1msparq-geo::pushdown[0m [34;1mprovider_candidates_are_a_superset[0m
2026-09-10T18:16:57.3513361Z [32;1m        PASS[0m [   0.026s] ( 774/2739) [35;1msparq-geo::pushdown[0m [34;1msf_intersects_box_same_results[0m
2026-09-10T18:16:57.3894341Z [32;1m        PASS[0m [   0.038s] ( 775/2739) [35;1msparq-geo::registry_sparql[0m [34;1mgeo_errors_are_expression_errors_not_query_errors[0m
2026-09-10T18:16:57.3917962Z [32;1m        PASS[0m [   0.053s] ( 776/2739) [35;1msparq-geo::registry_sparql[0m [34;1mconstant_polygon_filter_cold_and_warm_runs_agree[0m
2026-09-10T18:16:57.4129016Z [32;1m        PASS[0m [   0.023s] ( 777/2739) [35;1msparq-geo::registry_sparql[0m [34;1mset_operations_through_sparql[0m
2026-09-10T18:16:57.4197959Z [32;1m        PASS[0m [   0.029s] ( 778/2739) [35;1msparq-geo::registry_sparql[0m [34;1mrcc8_family_through_sparql[0m
2026-09-10T18:16:57.4280040Z [32;1m        PASS[0m [   0.014s] ( 779/2739) [35;1msparq-geo::registry_sparql[0m [34;1munary_geometry_function_roundtrips_through_relations[0m
2026-09-10T18:16:57.4364194Z [32;1m        PASS[0m [   0.017s] ( 780/2739) [35;1msparq-geo::relations[0m [34;1mdifference_and_symdifference_point_operands[0m
2026-09-10T18:16:57.4426533Z [32;1m        PASS[0m [   0.013s] ( 781/2739) [35;1msparq-geo::relations[0m [34;1mdifference_line_minus_polygon[0m
2026-09-10T18:16:57.4446731Z [32;1m        PASS[0m [   0.008s] ( 782/2739) [35;1msparq-geo::relations[0m [34;1mdistance_epsg4326_mixes_with_crs84[0m
2026-09-10T18:16:57.4481936Z [32;1m        PASS[0m [   0.007s] ( 783/2739) [35;1msparq-geo::relations[0m [34;1mdistance_in_meters_london_to_paris[0m
2026-09-10T18:16:57.4557154Z [32;1m        PASS[0m [   0.007s] ( 784/2739) [35;1msparq-geo::relations[0m [34;1mintersection_line_crosses_line[0m
2026-09-10T18:16:57.4648418Z [32;1m        PASS[0m [   0.007s] ( 785/2739) [35;1msparq-geo::relations[0m [34;1mintersection_point_in_and_out_of_polygon[0m
2026-09-10T18:16:57.4669612Z [32;1m        PASS[0m [   0.022s] ( 786/2739) [35;1msparq-geo::relations[0m [34;1megenhofer_and_rcc8_partition_region_pairs[0m
2026-09-10T18:16:57.4731345Z [32;1m        PASS[0m [   0.008s] ( 787/2739) [35;1msparq-geo::relations[0m [34;1mline_symdifference_recombines_from_the_two_differences[0m
2026-09-10T18:16:57.4762174Z [32;1m        PASS[0m [   0.009s] ( 788/2739) [35;1msparq-geo::relations[0m [34;1mset_operations_crs_mismatch_still_errors[0m
2026-09-10T18:16:57.4782615Z [32;1m        PASS[0m [   0.007s] ( 789/2739) [35;1msparq-geo::relations[0m [34;1msym_difference_line_cases[0m
2026-09-10T18:16:57.4848129Z [32;1m        PASS[0m [   0.008s] ( 790/2739) [35;1msparq-geo::relations[0m [34;1munit_iri_aliases[0m
2026-09-10T18:16:57.4908660Z [32;1m        PASS[0m [   0.006s] ( 791/2739) [35;1msparq-geo::simplify[0m [34;1mpolygon_ring_is_simplified_exactly[0m
2026-09-10T18:16:57.5017996Z [32;1m        PASS[0m [   0.009s] ( 792/2739) [35;1msparq-geo::wkt[0m [34;1mleading_whitespace_is_tolerated[0m
2026-09-10T18:16:57.5089674Z [32;1m        PASS[0m [   0.009s] ( 793/2739) [35;1msparq-geo::wkt[0m [34;1mparses_each_simple_features_type[0m
2026-09-10T18:16:57.5167412Z [32;1m        PASS[0m [   0.007s] ( 794/2739) [35;1msparq-geo::wkt[0m [34;1mround_trips_reparse_to_equal_geometry[0m
2026-09-10T18:16:57.5250212Z [32;1m        PASS[0m [   0.047s] ( 795/2739) [35;1msparq-geo::simplify[0m [34;1mline_simplification_never_adds_vertices[0m
2026-09-10T18:16:57.5348777Z [32;1m        PASS[0m [   0.009s] ( 796/2739) [35;1msparq-geo::wkt_gml_roundtrip_prop[0m [34;1mpolygon_holes_and_xml_escaped_crs_roundtrip[0m
2026-09-10T18:16:57.5424041Z [32;1m        PASS[0m [   0.008s] ( 797/2739) [35;1msparq-gpu[0m [36mcpu::tests[0m[36m::[0m[34;1mfilter_f64_gt_brute_force_random[0m
2026-09-10T18:16:57.5522819Z [32;1m        PASS[0m [   0.009s] ( 798/2739) [35;1msparq-gpu[0m [36mcpu::tests[0m[36m::[0m[34;1mfilter_u32_brute_force_random[0m
2026-09-10T18:16:57.5918737Z [32;1m        PASS[0m [   0.075s] ( 799/2739) [35;1msparq-geo::wkt_gml_roundtrip_prop[0m [34;1mmultipoint_roundtrip[0m
2026-09-10T18:16:57.5967646Z [32;1m        PASS[0m [   0.040s] ( 800/2739) [35;1msparq-gpu[0m [36mcpu::tests[0m[36m::[0m[34;1mhash_probe_brute_force_random[0m
2026-09-10T18:16:57.6114956Z [32;1m        PASS[0m [   0.019s] ( 801/2739) [35;1msparq-gpu::deferral_premise[0m [34;1mnothing_in_the_workspace_depends_on_sparq_gpu[0m
2026-09-10T18:16:57.6283288Z [32;1m        PASS[0m [   0.017s] ( 802/2739) [35;1msparq-hdt[0m [36mdecode::tests[0m[36m::[0m[34;1mfiner_stage_split_is_consistent_and_decode_unchanged[0m
2026-09-10T18:16:57.6349896Z [32;1m        PASS[0m [   0.006s] ( 803/2739) [35;1msparq-hdt[0m [36mdecode::tests[0m[36m::[0m[34;1mread_bitmap_words_rejects_huge_num_bits_without_oom[0m
2026-09-10T18:16:57.6411471Z [32;1m        PASS[0m [   0.006s] ( 804/2739) [35;1msparq-hdt[0m [36mtests[0m[36m::[0m[34;1mhdt_error_variant_displays_and_chains[0m
2026-09-10T18:16:57.6471184Z [32;1m        PASS[0m [   0.006s] ( 805/2739) [35;1msparq-hdt[0m [36mtests[0m[36m::[0m[34;1mshort_stream_below_prefix_len_classifies_as_none[0m
2026-09-10T18:16:57.6578926Z [32;1m        PASS[0m [   0.011s] ( 806/2739) [35;1msparq-hdt::decode_paths[0m [34;1mnon_spo_order_is_rejected[0m
2026-09-10T18:16:57.6685244Z [32;1m        PASS[0m [   0.010s] ( 807/2739) [35;1msparq-hdt::decode_paths[0m [34;1mtriples_list_format_is_rejected[0m
2026-09-10T18:16:57.6889720Z [32;1m        PASS[0m [   0.020s] ( 808/2739) [35;1msparq-hdt::roundtrip[0m [34;1mdirect_decoder_gzip_matches_plain[0m
2026-09-10T18:16:57.7001032Z [32;1m        PASS[0m [   0.108s] ( 809/2739) [35;1msparq-gpu::correctness[0m [34;1mfilter_u32_matches_cpu[0m
2026-09-10T18:16:57.7147784Z [32;1m        PASS[0m [   0.026s] ( 810/2739) [35;1msparq-hdt::roundtrip[0m [34;1mdirect_decoder_matches_upstream_tiny[0m
2026-09-10T18:16:57.7281864Z [32;1m        PASS[0m [   0.013s] ( 811/2739) [35;1msparq-hdt::roundtrip[0m [34;1mload_reader_from_memory[0m
2026-09-10T18:16:57.7334374Z [32;1m        PASS[0m [   0.033s] ( 812/2739) [35;1msparq-hdt::roundtrip[0m [34;1mgzipped_hdt_loads_transparently[0m
2026-09-10T18:16:57.7664072Z [32;1m        PASS[0m [   0.033s] ( 813/2739) [35;1msparq-hdt::roundtrip[0m [34;1msnikmeta_hdt_matches_ntriples[0m
2026-09-10T18:16:57.7764517Z [32;1m        PASS[0m [   0.010s] ( 814/2739) [35;1msparq-introspect[0m [36mtests[0m[36m::[0m[34;1mbudget_writer_line_plus2_reserve_exact[0m
2026-09-10T18:16:57.7862538Z [32;1m        PASS[0m [   0.009s] ( 815/2739) [35;1msparq-introspect[0m [36mtests[0m[36m::[0m[34;1mcharacteristic_set_ids_matches_resolved_table[0m
2026-09-10T18:16:57.8024245Z [32;1m        PASS[0m [   0.016s] ( 816/2739) [35;1msparq-introspect[0m [36mtests[0m[36m::[0m[34;1mclass_coverage_and_literal_fraction_exact_arithmetic[0m
2026-09-10T18:16:57.8127255Z [32;1m        PASS[0m [   0.010s] ( 817/2739) [35;1msparq-introspect[0m [36mtests[0m[36m::[0m[34;1mempty_and_typeless_graphs[0m
2026-09-10T18:16:57.8208337Z [32;1m        PASS[0m [   0.007s] ( 818/2739) [35;1msparq-introspect[0m [36mtests[0m[36m::[0m[34;1mkeep_min_sample_distinct_dedup_guard[0m
2026-09-10T18:16:57.8298313Z [32;1m        PASS[0m [   0.009s] ( 819/2739) [35;1msparq-introspect[0m [36mtests[0m[36m::[0m[34;1mminimalize_types_chain_and_independence[0m
2026-09-10T18:16:57.8388156Z [32;1m        PASS[0m [   0.009s] ( 820/2739) [35;1msparq-introspect[0m [36mtests[0m[36m::[0m[34;1mper_class_samples_distinct_and_bounded[0m
2026-09-10T18:16:57.8467969Z [32;1m        PASS[0m [   0.007s] ( 821/2739) [35;1msparq-introspect[0m [36mtests[0m[36m::[0m[34;1mprefix_assigner_compact_split_exact[0m
2026-09-10T18:16:57.8537742Z [32;1m        PASS[0m [   0.008s] ( 822/2739) [35;1msparq-introspect[0m [36mtests[0m[36m::[0m[34;1mshacl_empty_graph_is_empty_and_valid[0m
2026-09-10T18:16:57.8627815Z [32;1m        PASS[0m [   0.009s] ( 823/2739) [35;1msparq-introspect[0m [36mtests[0m[36m::[0m[34;1msidecar_from_json_and_error_paths[0m
2026-09-10T18:16:57.8728139Z [32;1m        PASS[0m [   0.009s] ( 824/2739) [35;1msparq-introspect[0m [36mtests[0m[36m::[0m[34;1mtext_summary_mentions_schema_and_respects_budget[0m
2026-09-10T18:16:57.8787639Z [32;1m        PASS[0m [   0.007s] ( 825/2739) [35;1msparq-introspect[0m [36mtests[0m[36m::[0m[34;1mtruncate_chars_exact_boundary[0m
2026-09-10T18:16:57.8887674Z [32;1m        PASS[0m [   0.009s] ( 826/2739) [35;1msparq-introspect[0m [36mtests[0m[36m::[0m[34;1mvoid_export_counts_and_parses[0m
2026-09-10T18:16:57.8947799Z [32;1m        PASS[0m [   0.007s] ( 827/2739) [35;1msparq-introspect::error_paths_direct[0m [34;1mload_maps_valid_json_with_the_wrong_schema_to_invalid_data[0m
2026-09-10T18:16:58.1839674Z [32;1m        PASS[0m [   0.291s] ( 828/2739) [35;1msparq-introspect::facets_metamorph[0m [34;1mconstraint_order_is_commutative[0m
2026-09-10T18:16:58.1929597Z [32;1m        PASS[0m [   0.007s] ( 829/2739) [35;1msparq-introspect::sidecar_persistence[0m [34;1msidecar_path_appends_extension_to_the_full_dataset_name[0m
2026-09-10T18:16:58.1989176Z [32;1m        PASS[0m [   0.006s] ( 830/2739) [35;1msparq-introspect::example/olympics_introspect[0m [36mtests[0m[36m::[0m[34;1mjson_str_escapes[0m
2026-09-10T18:16:58.2044599Z [32;1m        PASS[0m [   0.007s] ( 831/2739) [35;1msparq-jsonld[0m [36mcontext::inverse::tests[0m[36m::[0m[34;1mcompact_iri_base_relative_query_fragment[0m
2026-09-10T18:16:58.2127945Z [32;1m        PASS[0m [   0.006s] ( 832/2739) [35;1msparq-jsonld[0m [36mcontext::inverse::tests[0m[36m::[0m[34;1mcompact_iri_cross_scheme_returned_unchanged[0m
2026-09-10T18:16:58.2174114Z [32;1m        PASS[0m [   0.006s] ( 833/2739) [35;1msparq-jsonld[0m [36mcontext::inverse::tests[0m[36m::[0m[34;1mcompact_iri_keyword_alias[0m
2026-09-10T18:16:58.2264073Z [32;1m        PASS[0m [   0.009s] ( 834/2739) [35;1msparq-jsonld[0m [36mcontext::inverse::tests[0m[36m::[0m[34;1mcompact_iri_vocab_relative_suffix[0m
2026-09-10T18:16:58.2337667Z [32;1m        PASS[0m [   0.007s] ( 835/2739) [35;1msparq-jsonld[0m [36mcontext::inverse::tests[0m[36m::[0m[34;1minverse_ctx_lexicographic_tie_break[0m
2026-09-10T18:16:58.2403412Z [32;1m        PASS[0m [   0.006s] ( 836/2739) [35;1msparq-jsonld[0m [36mcontext::inverse::tests[0m[36m::[0m[34;1minverse_ctx_type_mapped_term_in_type_submap[0m
2026-09-10T18:16:58.2462366Z [32;1m        PASS[0m [   0.006s] ( 837/2739) [35;1msparq-jsonld[0m [36mcontext::inverse::tests[0m[36m::[0m[34;1mselect_term_reverse_property[0m
2026-09-10T18:16:58.2538174Z [32;1m        PASS[0m [   0.006s] ( 838/2739) [35;1msparq-jsonld[0m [36mcontext::iri::tests[0m[36m::[0m[34;1mexcluded_ascii_delimiters_are_not_absolute_iris[0m
2026-09-10T18:16:58.2587926Z [32;1m        PASS[0m [   0.006s] ( 839/2739) [35;1msparq-jsonld[0m [36mcontext::iri::tests[0m[36m::[0m[34;1mrelativize_authority_mismatch_returns_none[0m
2026-09-10T18:16:58.2647846Z [32;1m        PASS[0m [   0.006s] ( 840/2739) [35;1msparq-jsonld[0m [36mcontext::iri::tests[0m[36m::[0m[34;1mrelativize_parent_traversal[0m
2026-09-10T18:16:58.2717615Z [32;1m        PASS[0m [   0.006s] ( 841/2739) [35;1msparq-jsonld[0m [36mcontext::iri::tests[0m[36m::[0m[34;1mrelativize_root_base[0m
2026-09-10T18:16:58.2777993Z [32;1m        PASS[0m [   0.006s] ( 842/2739) [35;1msparq-jsonld[0m [36mcontext::iri::tests[0m[36m::[0m[34;1mrelativize_scheme_mismatch_returns_none[0m
2026-09-10T18:16:58.2837985Z [32;1m        PASS[0m [   0.006s] ( 843/2739) [35;1msparq-jsonld[0m [36mcontext::iri::tests[0m[36m::[0m[34;1mrfc3986_abnormal_dot_segments[0m
2026-09-10T18:16:58.2897894Z [32;1m        PASS[0m [   0.006s] ( 844/2739) [35;1msparq-jsonld[0m [36mcontext::iri::tests[0m[36m::[0m[34;1mstructurally_malformed_authorities_are_not_absolute_iris[0m
2026-09-10T18:16:58.2949672Z [32;1m        PASS[0m [   0.006s] ( 845/2739) [35;1msparq-jsonld[0m [36mcontext::iri::tests[0m[36m::[0m[34;1mwell_formed_authorities_are_absolute_iris[0m
2026-09-10T18:16:58.3010675Z [32;1m        PASS[0m [   0.006s] ( 846/2739) [35;1msparq-jsonld[0m [36mcontext::tests[0m[36m::[0m[34;1mdirection_roundtrips[0m
2026-09-10T18:16:58.3087864Z [32;1m        PASS[0m [   0.007s] ( 847/2739) [35;1msparq-jsonld[0m [36mcontext::tests[0m[36m::[0m[34;1mnew_active_context_sets_base_and_is_empty[0m
2026-09-10T18:16:58.3179518Z [32;1m        PASS[0m [   0.007s] ( 848/2739) [35;1msparq-jsonld[0m [36mcontext::tests[0m[36m::[0m[34;1mterm_definition_accessors_expose_the_fields[0m
2026-09-10T18:16:58.3234972Z [32;1m        PASS[0m [   0.008s] ( 849/2739) [35;1msparq-jsonld[0m [36merror::tests[0m[36m::[0m[34;1mdisplay_includes_detail_when_present[0m
2026-09-10T18:16:58.3304720Z [32;1m        PASS[0m [   0.007s] ( 850/2739) [35;1msparq-jsonld[0m [36merror::tests[0m[36m::[0m[34;1mwith_detail_carries_code_and_detail[0m
2026-09-10T18:16:58.3388075Z [32;1m        PASS[0m [   0.006s] ( 851/2739) [35;1msparq-jsonld[0m [36mexpand::tests[0m[36m::[0m[34;1mexpand_value_id_coercion_null_expansion_yields_null_id[0m
2026-09-10T18:16:58.3438322Z [32;1m        PASS[0m [   0.006s] ( 852/2739) [35;1msparq-jsonld[0m [36mexpand::tests[0m[36m::[0m[34;1mobject_kind_predicates[0m
2026-09-10T18:16:58.3507638Z [32;1m        PASS[0m [   0.007s] ( 853/2739) [35;1msparq-jsonld[0m [36mexpand::tests[0m[36m::[0m[34;1mset_obj_overwrites_in_place[0m
2026-09-10T18:16:58.3607751Z [32;1m        PASS[0m [   0.007s] ( 854/2739) [35;1msparq-jsonld[0m [36mflatten::tests[0m[36m::[0m[34;1mflatten_expanded_drops_id_only_node[0m
2026-09-10T18:16:58.3633345Z [32;1m        PASS[0m [   0.006s] ( 855/2739) [35;1msparq-jsonld[0m [36mflatten::tests[0m[36m::[0m[34;1mflatten_single_node[0m
2026-09-10T18:16:58.3705030Z [32;1m        PASS[0m [   0.007s] ( 856/2739) [35;1msparq-jsonld[0m [36mframe::tests[0m[36m::[0m[34;1mframe_end_to_end_graph_envelope[0m
2026-09-10T18:16:58.3777803Z [32;1m        PASS[0m [   0.007s] ( 857/2739) [35;1msparq-jsonld[0m [36mframe::tests[0m[36m::[0m[34;1mframe_options_mode_defaults[0m
2026-09-10T18:16:58.3849246Z [32;1m        PASS[0m [   0.006s] ( 858/2739) [35;1msparq-jsonld[0m [36mjson::tests[0m[36m::[0m[34;1mas_str_only_for_strings[0m
2026-09-10T18:16:58.3919435Z [32;1m        PASS[0m [   0.007s] ( 859/2739) [35;1msparq-jsonld[0m [36mjson::tests[0m[36m::[0m[34;1mis_obj_discriminates[0m
2026-09-10T18:16:58.4022638Z [32;1m        PASS[0m [   0.010s] ( 860/2739) [35;1msparq-jsonld[0m [36mjson::tests[0m[36m::[0m[34;1mparse_nested_arrays_and_objects[0m
2026-09-10T18:16:58.4084791Z [32;1m        PASS[0m [   0.007s] ( 861/2739) [35;1msparq-jsonld[0m [36mjson::tests[0m[36m::[0m[34;1mparse_rejects_malformed_numbers[0m
2026-09-10T18:16:58.4168630Z [32;1m        PASS[0m [   0.007s] ( 862/2739) [35;1msparq-jsonld[0m [36mjson::tests[0m[36m::[0m[34;1mparse_string_run_fast_path_preserves_semantics[0m
2026-09-10T18:16:58.4240059Z [32;1m        PASS[0m [   0.008s] ( 863/2739) [35;1msparq-jsonld[0m [36mjson::tests[0m[36m::[0m[34;1mwrite_escapes_c0_controls_as_lower_hex[0m
2026-09-10T18:16:58.4307129Z [32;1m        PASS[0m [   0.007s] ( 864/2739) [35;1msparq-jsonld[0m [36mloader::tests[0m[36m::[0m[34;1mfs_loader_new_is_empty_and_denies_unmapped[0m
2026-09-10T18:16:58.4387633Z [32;1m        PASS[0m [   0.006s] ( 865/2739) [35;1msparq-jsonld[0m [36mloader::tests[0m[36m::[0m[34;1mremote_document_new_sets_text_and_url[0m
2026-09-10T18:16:58.4437392Z [32;1m        PASS[0m [   0.006s] ( 866/2739) [35;1msparq-jsonld[0m [36mnode_map::tests[0m[36m::[0m[34;1mgenerate_node_map_creates_named_graph_entry[0m
2026-09-10T18:16:58.4502581Z [32;1m        PASS[0m [   0.007s] ( 867/2739) [35;1msparq-jsonld[0m [36mnode_map::tests[0m[36m::[0m[34;1mnode_map_accessors_absent[0m
2026-09-10T18:16:58.4563526Z [32;1m        PASS[0m [   0.006s] ( 868/2739) [35;1msparq-jsonld[0m [36moptions::tests[0m[36m::[0m[34;1menum_defaults[0m
2026-09-10T18:16:58.4647615Z [32;1m        PASS[0m [   0.007s] ( 869/2739) [35;1msparq-jsonld::compact[0m [34;1mcontext_document_is_unwrapped_one_layer[0m
2026-09-10T18:16:58.4709856Z [32;1m        PASS[0m [   0.006s] ( 870/2739) [35;1msparq-jsonld::compact[0m [34;1mempty_context_is_not_embedded[0m
2026-09-10T18:16:58.4770594Z [32;1m        PASS[0m [   0.007s] ( 871/2739) [35;1msparq-jsonld::compact[0m [34;1mgraph_index_container_maps_by_graph_index[0m
2026-09-10T18:16:58.4841502Z [32;1m        PASS[0m [   0.006s] ( 872/2739) [35;1msparq-jsonld::compact[0m [34;1mids_relativize_against_the_base[0m
2026-09-10T18:16:58.4912835Z [32;1m        PASS[0m [   0.006s] ( 873/2739) [35;1msparq-jsonld::compact[0m [34;1mjson_typed_term_returns_the_raw_payload[0m
2026-09-10T18:16:58.4963584Z [32;1m        PASS[0m [   0.006s] ( 874/2739) [35;1msparq-jsonld::compact[0m [34;1mlanguage_map_reshapes_by_language[0m
2026-09-10T18:16:58.5029113Z [32;1m        PASS[0m [   0.006s] ( 875/2739) [35;1msparq-jsonld::compact[0m [34;1mlist_container_compacts_to_a_bare_array_in_list_order[0m
2026-09-10T18:16:58.5111399Z [32;1m        PASS[0m [   0.007s] ( 876/2739) [35;1msparq-jsonld::compact[0m [34;1mmatching_type_mapping_drops_the_value_object[0m
2026-09-10T18:16:58.5170666Z [32;1m        PASS[0m [   0.007s] ( 877/2739) [35;1msparq-jsonld::compact[0m [34;1mmismatched_type_keeps_the_value_object_with_compacted_type[0m
2026-09-10T18:16:58.5250135Z [32;1m        PASS[0m [   0.007s] ( 878/2739) [35;1msparq-jsonld::compact[0m [34;1mnamed_graph_without_graph_container_is_rewrapped[0m
2026-09-10T18:16:58.5311575Z [32;1m        PASS[0m [   0.007s] ( 879/2739) [35;1msparq-jsonld::compact[0m [34;1mnull_language_term_accepts_plain_strings_under_a_default_language[0m
2026-09-10T18:16:58.5378859Z [32;1m        PASS[0m [   0.007s] ( 880/2739) [35;1msparq-jsonld::compact[0m [34;1mproperty_scoped_context_applies_inside_the_property[0m
2026-09-10T18:16:58.5462476Z [32;1m        PASS[0m [   0.006s] ( 881/2739) [35;1msparq-jsonld::compact[0m [34;1mreverse_index_container_builds_the_map_under_the_reverse_term[0m
2026-09-10T18:16:58.5513804Z [32;1m        PASS[0m [   0.007s] ( 882/2739) [35;1msparq-jsonld::compact[0m [34;1msingleton_collapses_unless_compact_arrays_is_false[0m
2026-09-10T18:16:58.5596753Z [32;1m        PASS[0m [   0.008s] ( 883/2739) [35;1msparq-jsonld::compact[0m [34;1mtype_alias_with_set_container_keeps_the_array_in_1_1[0m
2026-09-10T18:16:58.5682066Z [32;1m        PASS[0m [   0.008s] ( 884/2739) [35;1msparq-jsonld::compact[0m [34;1munmatched_iri_falls_back_to_a_compact_iri[0m
2026-09-10T18:16:58.5754380Z [32;1m        PASS[0m [   0.007s] ( 885/2739) [35;1msparq-jsonld::compact[0m [34;1mvocab_typed_term_compacts_a_node_reference_through_terms[0m
2026-09-10T18:16:58.5847386Z [32;1m        PASS[0m [   0.009s] ( 886/2739) [35;1msparq-jsonld::context[0m [34;1mcyclic_iri_mapping_error[0m
2026-09-10T18:16:58.5910047Z [32;1m        PASS[0m [   0.006s] ( 887/2739) [35;1msparq-jsonld::context[0m [34;1mexpand_non_prefix_term_leaves_compact_iri_unexpanded[0m
2026-09-10T18:16:58.5969062Z [32;1m        PASS[0m [   0.006s] ( 888/2739) [35;1msparq-jsonld::context[0m [34;1mfs_loader_serves_a_remote_context_from_a_fixture_file[0m
2026-09-10T18:16:58.6036395Z [32;1m        PASS[0m [   0.006s] ( 889/2739) [35;1msparq-jsonld::context[0m [34;1minvalid_container_mapping_error[0m
2026-09-10T18:16:58.6105626Z [32;1m        PASS[0m [   0.007s] ( 890/2739) [35;1msparq-jsonld::context[0m [34;1minvalid_nest_value_rejects_keyword_form[0m
2026-09-10T18:16:58.6169143Z [32;1m        PASS[0m [   0.006s] ( 891/2739) [35;1msparq-jsonld::context[0m [34;1minvalid_type_mapping_error[0m
2026-09-10T18:16:58.6258373Z [32;1m        PASS[0m [   0.007s] ( 892/2739) [35;1msparq-jsonld::context[0m [34;1mkeyword_redefinition_error[0m
2026-09-10T18:16:58.6300080Z [32;1m        PASS[0m [   0.006s] ( 893/2739) [35;1msparq-jsonld::context[0m [34;1mnull_mapped_term_is_retained_but_drops_on_expansion[0m
2026-09-10T18:16:58.6368851Z [32;1m        PASS[0m [   0.007s] ( 894/2739) [35;1msparq-jsonld::context[0m [34;1mprotected_flag_propagates_from_context[0m
2026-09-10T18:16:58.6429220Z [32;1m        PASS[0m [   0.006s] ( 895/2739) [35;1msparq-jsonld::context[0m [34;1mremote_context_is_denied_by_default[0m
2026-09-10T18:16:58.6502678Z [32;1m        PASS[0m [   0.007s] ( 896/2739) [35;1msparq-jsonld::context[0m [34;1mscoped_context_is_stored_on_the_term[0m
2026-09-10T18:16:58.6587196Z [32;1m        PASS[0m [   0.008s] ( 897/2739) [35;1msparq-jsonld::context[0m [34;1mtype_container_and_id_type_mapping[0m
2026-09-10T18:16:58.6667855Z [32;1m        PASS[0m [   0.006s] ( 898/2739) [35;1msparq-jsonld::edge_min_inputs[0m [34;1mmalformed_fraction_reports_the_specific_error[0m
2026-09-10T18:16:58.6745894Z [32;1m        PASS[0m [   0.009s] ( 899/2739) [35;1msparq-jsonld::edge_min_inputs[0m [34;1munterminated_string_reports_the_specific_error[0m
2026-09-10T18:16:58.6802438Z [32;1m        PASS[0m [   0.006s] ( 900/2739) [35;1msparq-jsonld::expand[0m [34;1mcolliding_value_and_language_type[0m
2026-09-10T18:16:58.6885385Z [32;1m        PASS[0m [   0.008s] ( 901/2739) [35;1msparq-jsonld::expand[0m [34;1mdatatype_iri_with_a_malformed_percent_escape_is_rejected[0m
2026-09-10T18:16:58.6965832Z [32;1m        PASS[0m [   0.006s] ( 902/2739) [35;1msparq-jsonld::expand[0m [34;1mdefault_language_applied_to_strings[0m
2026-09-10T18:16:58.7012354Z [32;1m        PASS[0m [   0.006s] ( 903/2739) [35;1msparq-jsonld::expand[0m [34;1mfree_floating_value_object_is_dropped[0m
2026-09-10T18:16:58.7078719Z [32;1m        PASS[0m [   0.006s] ( 904/2739) [35;1msparq-jsonld::expand[0m [34;1mid_map[0m
2026-09-10T18:16:58.7144216Z [32;1m        PASS[0m [   0.006s] ( 905/2739) [35;1msparq-jsonld::expand[0m [34;1mindex_map[0m
2026-09-10T18:16:58.7213212Z [32;1m        PASS[0m [   0.007s] ( 906/2739) [35;1msparq-jsonld::expand[0m [34;1minvalid_nest_value[0m
2026-09-10T18:16:58.7280085Z [32;1m        PASS[0m [   0.006s] ( 907/2739) [35;1msparq-jsonld::expand[0m [34;1minvalid_value_object_disallowed_key[0m
2026-09-10T18:16:58.7343077Z [32;1m        PASS[0m [   0.006s] ( 908/2739) [35;1msparq-jsonld::expand[0m [34;1miri_shaped_term_remapped_onto_a_keyword_is_legal_in_1_0[0m
2026-09-10T18:16:58.7412581Z [32;1m        PASS[0m [   0.007s] ( 909/2739) [35;1msparq-jsonld::expand[0m [34;1mlanguage_map[0m
2026-09-10T18:16:58.7474517Z [32;1m        PASS[0m [   0.006s] ( 910/2739) [35;1msparq-jsonld::expand[0m [34;1mnull_values_are_dropped[0m
2026-09-10T18:16:58.7542529Z [32;1m        PASS[0m [   0.007s] ( 911/2739) [35;1msparq-jsonld::expand[0m [34;1mplain_empty_array_property_is_retained[0m
2026-09-10T18:16:58.7621135Z [32;1m        PASS[0m [   0.007s] ( 912/2739) [35;1msparq-jsonld::expand[0m [34;1mproperty_valued_index_becomes_property_value[0m
2026-09-10T18:16:58.7689416Z [32;1m        PASS[0m [   0.007s] ( 913/2739) [35;1msparq-jsonld::expand[0m [34;1mproperty_valued_index_precedes_existing_values[0m
2026-09-10T18:16:58.7754075Z [32;1m        PASS[0m [   0.006s] ( 914/2739) [35;1msparq-jsonld::expand[0m [34;1mrelative_vocab_is_invalid_in_1_0_mode[0m
2026-09-10T18:16:58.7822649Z [32;1m        PASS[0m [   0.006s] ( 915/2739) [35;1msparq-jsonld::expand[0m [34;1mset_container_empty_array_property_is_retained[0m
2026-09-10T18:16:58.7902075Z [32;1m        PASS[0m [   0.008s] ( 916/2739) [35;1msparq-jsonld::expand[0m [34;1mstructurally_valid_authorities_and_authority_less_schemes_are_accepted_datatypes[0m
2026-09-10T18:16:58.7969347Z [32;1m        PASS[0m [   0.007s] ( 917/2739) [35;1msparq-jsonld::expand[0m [34;1mtype_map[0m
2026-09-10T18:16:58.8042966Z [32;1m        PASS[0m [   0.007s] ( 918/2739) [35;1msparq-jsonld::expand[0m [34;1mtype_scoped_context[0m
2026-09-10T18:16:58.8115731Z [32;1m        PASS[0m [   0.008s] ( 919/2739) [35;1msparq-jsonld::expand[0m [34;1mvalue_object_type_collapses_to_scalar_via_context_term[0m
2026-09-10T18:16:58.8189090Z [32;1m        PASS[0m [   0.008s] ( 920/2739) [35;1msparq-jsonld::frame[0m [34;1membed_never_and_always[0m
2026-09-10T18:16:58.8304091Z [32;1m        PASS[0m [   0.010s] ( 921/2739) [35;1msparq-jsonld::frame[0m [34;1mlist_reemit_keeps_duplicates_and_embeds_nodes[0m
2026-09-10T18:16:58.8391297Z [32;1m        PASS[0m [   0.008s] ( 922/2739) [35;1msparq-jsonld::frame[0m [34;1mrequire_all_matching[0m
2026-09-10T18:16:58.8455090Z [32;1m        PASS[0m [   0.007s] ( 923/2739) [35;1msparq-jsonld::frame[0m [34;1mvalue_pattern_alternatives[0m
2026-09-10T18:16:58.8537457Z [32;1m        PASS[0m [   0.008s] ( 924/2739) [35;1msparq-jsonld::from_rdf[0m [34;1mcompound_literal_shape_is_untouched_outside_compound_mode[0m
2026-09-10T18:16:58.8621203Z [32;1m        PASS[0m [   0.008s] ( 925/2739) [35;1msparq-jsonld::from_rdf[0m [34;1mdirect_nil_references_become_empty_lists[0m
2026-09-10T18:16:58.8688261Z [32;1m        PASS[0m [   0.007s] ( 926/2739) [35;1msparq-jsonld::from_rdf[0m [34;1mfrom_rdf_options_default_matches_the_spec_defaults[0m
2026-09-10T18:16:58.8782610Z [32;1m        PASS[0m [   0.010s] ( 927/2739) [35;1msparq-jsonld::from_rdf[0m [34;1mi18n_datatype_decodes_language_and_direction[0m
2026-09-10T18:16:58.8859795Z [32;1m        PASS[0m [   0.007s] ( 928/2739) [35;1msparq-jsonld::from_rdf[0m [34;1mjson_literals_parse_into_json_value_objects[0m
2026-09-10T18:16:58.8927411Z [32;1m        PASS[0m [   0.006s] ( 929/2739) [35;1msparq-jsonld::from_rdf[0m [34;1mnamed_graphs_nest_under_graph_name_nodes[0m
2026-09-10T18:16:58.9001274Z [32;1m        PASS[0m [   0.007s] ( 930/2739) [35;1msparq-jsonld::from_rdf[0m [34;1mnon_rdf_quads_are_ignored_and_generalized_predicates_accepted[0m
2026-09-10T18:16:58.9072351Z [32;1m        PASS[0m [   0.007s] ( 931/2739) [35;1msparq-jsonld::from_rdf[0m [34;1mrdf_nil_as_a_subject_is_emitted[0m
2026-09-10T18:16:58.9154525Z [32;1m        PASS[0m [   0.008s] ( 932/2739) [35;1msparq-jsonld::from_rdf[0m [34;1mrdf_term_iri_constructor[0m
2026-09-10T18:16:58.9222616Z [32;1m        PASS[0m [   0.006s] ( 933/2739) [35;1msparq-jsonld::from_rdf[0m [34;1mrdf_term_typed_literal_constructor[0m
2026-09-10T18:16:58.9295259Z [32;1m        PASS[0m [   0.006s] ( 934/2739) [35;1msparq-jsonld::from_rdf[0m [34;1mtyped_list_cells_still_collapse[0m
2026-09-10T18:16:58.9408620Z [32;1m        PASS[0m [   0.011s] ( 935/2739) [35;1msparq-jsonld::round_trip[0m [34;1mcompact_arrays_disabled_still_round_trips[0m
2026-09-10T18:16:58.9544167Z [32;1m        PASS[0m [   0.013s] ( 936/2739) [35;1msparq-jsonld::round_trip[0m [34;1mflatten_survives_a_compaction_round_trip[0m
2026-09-10T18:16:58.9620595Z [32;1m        PASS[0m [   0.008s] ( 937/2739) [35;1msparq-jsonld::round_trip[0m [34;1mid_map_round_trips[0m
2026-09-10T18:16:58.9718554Z [32;1m        PASS[0m [   0.007s] ( 938/2739) [35;1msparq-jsonld::round_trip[0m [34;1mjson_payload_array_order_is_significant[0m
2026-09-10T18:16:58.9755790Z [32;1m        PASS[0m [   0.007s] ( 939/2739) [35;1msparq-jsonld::round_trip[0m [34;1mlanguage_map_round_trips[0m
2026-09-10T18:16:58.9828703Z [32;1m        PASS[0m [   0.007s] ( 940/2739) [35;1msparq-jsonld::round_trip[0m [34;1mnamed_graphs_round_trip[0m
2026-09-10T18:16:58.9945609Z [32;1m        PASS[0m [   0.008s] ( 941/2739) [35;1msparq-jsonld::round_trip[0m [34;1mordered_option_does_not_change_the_round_trip[0m
2026-09-10T18:16:58.9993915Z [32;1m        PASS[0m [   0.008s] ( 942/2739) [35;1msparq-jsonld::round_trip[0m [34;1mterms_and_compact_iris_round_trip[0m
2026-09-10T18:16:59.0099351Z [32;1m        PASS[0m [   0.010s] ( 943/2739) [35;1msparq-jsonld::example/jsonld_conformance[0m [36mtests[0m[36m::[0m[34;1mcomparator_numeric_guard[0m
2026-09-10T18:16:59.0177965Z [32;1m        PASS[0m [   0.007s] ( 944/2739) [35;1msparq-jsonld::example/jsonld_conformance[0m [36mtests[0m[36m::[0m[34;1mnquads_reader_rejects_malformed[0m
2026-09-10T18:16:59.0237740Z [32;1m        PASS[0m [   0.006s] ( 945/2739) [35;1msparq-jsonld-registry::get_contract[0m [34;1mregistered_load_reports_json_ld_content_type[0m
2026-09-10T18:16:59.0293992Z [32;1m        PASS[0m [   0.006s] ( 946/2739) [35;1msparq-jsonld-registry::registry_loader[0m [34;1mschema_context_expands_fully_offline[0m
2026-09-10T18:16:59.0386586Z [32;1m        PASS[0m [   0.009s] ( 947/2739) [35;1msparq-lws-core[0m [36macl_cache::tests[0m[36m::[0m[34;1mempty_triples_is_a_legitimate_cached_value[0m
2026-09-10T18:16:59.0472044Z [32;1m        PASS[0m [   0.009s] ( 948/2739) [35;1msparq-lws-core[0m [36macl_cache::tests[0m[36m::[0m[34;1mlru_capacity_bound_holds[0m
2026-09-10T18:16:59.0559511Z [32;1m        PASS[0m [   0.010s] ( 949/2739) [35;1msparq-lws-core[0m [36macl_cache::tests[0m[36m::[0m[34;1mreinsert_same_key_does_not_grow_or_evict[0m
2026-09-10T18:16:59.0670063Z [32;1m        PASS[0m [   0.011s] ( 950/2739) [35;1msparq-lws-core[0m [36mapp_wasm_native_tests::tests[0m[36m::[0m[34;1mbuild_router_mounts_ldp_methods[0m
2026-09-10T18:16:59.0978295Z [32;1m        PASS[0m [   0.029s] ( 951/2739) [35;1msparq-lws-core[0m [36mauth_cache::tests[0m[36m::[0m[34;1mcapacity_bound_lru_eviction[0m
2026-09-10T18:16:59.1095687Z [32;1m        PASS[0m [   1.381s] ( 952/2739) [35;1msparq-hdt::roundtrip[0m [34;1mrejection_oracle_no_single_byte_flip_panics[0m
2026-09-10T18:16:59.1177984Z [32;1m        PASS[0m [   0.020s] ( 953/2739) [35;1msparq-lws-core[0m [36mauth_cache::tests[0m[36m::[0m[34;1mexpired_token_is_miss_not_hit[0m
2026-09-10T18:16:59.1287694Z [32;1m        PASS[0m [   0.011s] ( 954/2739) [35;1msparq-lws-core[0m [36mauth_cache::tests[0m[36m::[0m[34;1mmissing_proof_rejected_on_hit[0m
2026-09-10T18:16:59.1347865Z [32;1m        PASS[0m [   0.018s] ( 955/2739) [35;1msparq-lws-core[0m [36mauth_cache::tests[0m[36m::[0m[34;1mhit_reuses_token_and_verifies_fresh_proof[0m
2026-09-10T18:16:59.1377610Z [32;1m        PASS[0m [   0.008s] ( 956/2739) [35;1msparq-lws-core[0m [36mauth_cache::tests[0m[36m::[0m[34;1mshared_replay_forwards[0m
2026-09-10T18:16:59.1487426Z [32;1m        PASS[0m [   0.019s] ( 957/2739) [35;1msparq-lws-core[0m [36mauth_cache::tests[0m[36m::[0m[34;1mwrong_ath_rejected_on_hit[0m
2026-09-10T18:16:59.1579666Z [32;1m        PASS[0m [   0.009s] ( 958/2739) [35;1msparq-lws-core[0m [36mauth_wasm_native_tests::tests[0m[36m::[0m[34;1mpublic_constructs_anonymous_credentials[0m
2026-09-10T18:16:59.1581959Z [32;1m        PASS[0m [   0.023s] ( 959/2739) [35;1msparq-lws-core[0m [36mauth_cache::tests[0m[36m::[0m[34;1mwrong_htu_or_htm_rejected_on_hit[0m
2026-09-10T18:16:59.1665731Z [32;1m        PASS[0m [   0.008s] ( 960/2739) [35;1msparq-lws-core[0m [36mauthz::acl::tests[0m[36m::[0m[34;1magent_group_never_grants_an_anonymous_requester[0m
2026-09-10T18:16:59.1708349Z [32;1m        PASS[0m [   0.010s] ( 961/2739) [35;1msparq-lws-core[0m [36mauthz::acl::tests[0m[36m::[0m[34;1magent_group_grants_a_resolved_member[0m
2026-09-10T18:16:59.1745204Z [32;1m        PASS[0m [   0.008s] ( 962/2739) [35;1msparq-lws-core[0m [36mauthz::acl::tests[0m[36m::[0m[34;1mall_four_modes_are_recognised[0m
2026-09-10T18:16:59.1793705Z [32;1m        PASS[0m [   0.011s] ( 963/2739) [35;1msparq-lws-core[0m [36mauthz::acl::tests[0m[36m::[0m[34;1mgroup_document_iri_strips_the_fragment[0m
2026-09-10T18:16:59.1849489Z [32;1m        PASS[0m [   0.010s] ( 964/2739) [35;1msparq-lws-core[0m [36mauthz::acl::tests[0m[36m::[0m[34;1mmalformed_mode_is_ignored_not_fatal[0m
2026-09-10T18:16:59.1891733Z [32;1m        PASS[0m [   0.009s] ( 965/2739) [35;1msparq-lws-core[0m [36mauthz::acl::tests[0m[36m::[0m[34;1morigin_restricted_rule_denies_from_other_origin[0m
2026-09-10T18:16:59.1959177Z [32;1m        PASS[0m [   0.011s] ( 966/2739) [35;1msparq-lws-core[0m [36mauthz::acl::tests[0m[36m::[0m[34;1morigin_restriction_also_applies_to_public_class_rules[0m
2026-09-10T18:16:59.1977570Z [32;1m        PASS[0m [   0.009s] ( 967/2739) [35;1msparq-lws-core[0m [36mauthz::acl::tests[0m[36m::[0m[34;1mrule_without_acl_origin_grants_from_any_origin[0m
2026-09-10T18:16:59.2049315Z [32;1m        PASS[0m [   0.009s] ( 968/2739) [35;1msparq-lws-core[0m [36mauthz::mode::tests[0m[36m::[0m[34;1mis_acl_auxiliary_suffix_allows_benign_names[0m
2026-09-10T18:16:59.2065269Z [32;1m        PASS[0m [   0.009s] ( 969/2739) [35;1msparq-lws-core[0m [36mauthz::mode::tests[0m[36m::[0m[34;1mis_acl_resource_matches_dot_acl[0m
2026-09-10T18:16:59.2128188Z [32;1m        PASS[0m [   0.008s] ( 970/2739) [35;1msparq-lws-core[0m [36mauthz::mode::tests[0m[36m::[0m[34;1mread_methods_require_read[0m
2026-09-10T18:16:59.2178105Z [32;1m        PASS[0m [   0.010s] ( 971/2739) [35;1msparq-lws-core[0m [36mauthz::wac::tests[0m[36m::[0m[34;1magent_group_grant_never_reaches_the_public_audience[0m
2026-09-10T18:16:59.2227713Z [32;1m        PASS[0m [   0.010s] ( 972/2739) [35;1msparq-lws-core[0m [36mauthz::wac::tests[0m[36m::[0m[34;1magent_group_remote_document_is_not_resolved_fail_closed[0m
2026-09-10T18:16:59.2243009Z [32;1m        PASS[0m [   0.007s] ( 973/2739) [35;1msparq-lws-core[0m [36mauthz::wac::tests[0m[36m::[0m[34;1mancestors_for_a_document[0m
2026-09-10T18:16:59.2368358Z [32;1m        PASS[0m [   0.010s] ( 974/2739) [35;1msparq-lws-core[0m [36mauthz::wac::tests[0m[36m::[0m[34;1mdisabled_cache_is_byte_identical_to_no_cache[0m
2026-09-10T18:16:59.2408806Z [32;1m        PASS[0m [   0.018s] ( 975/2739) [35;1msparq-lws-core[0m [36mauthz::wac::tests[0m[36m::[0m[34;1mcached_resolve_is_decision_equivalent_across_shapes[0m
2026-09-10T18:16:59.2477829Z [32;1m        PASS[0m [   0.009s] ( 976/2739) [35;1msparq-lws-core[0m [36mauthz::wac::tests[0m[36m::[0m[34;1mnearest_acl_fully_overrides_more_distant[0m
2026-09-10T18:16:59.2532155Z [32;1m        PASS[0m [   0.011s] ( 977/2739) [35;1msparq-lws-core[0m [36mauthz::wac::tests[0m[36m::[0m[34;1mown_acl_wins_over_inherited[0m
2026-09-10T18:16:59.2554803Z [32;1m        PASS[0m [   0.011s] ( 978/2739) [35;1msparq-lws-core[0m [36mauthz::wac::tests[0m[36m::[0m[34;1mplanned_authorize_refuses_a_mismatched_plan_fail_closed[0m
2026-09-10T18:16:59.2630355Z [32;1m        PASS[0m [   0.008s] ( 979/2739) [35;1msparq-lws-core[0m [36mauthz::wac::tests[0m[36m::[0m[34;1mprotected_resource_strips_dot_acl[0m
2026-09-10T18:16:59.2753647Z [32;1m        PASS[0m [   0.011s] ( 980/2739) [35;1msparq-lws-core[0m [36mauthz::wac::tests[0m[36m::[0m[34;1mroot_has_no_ancestors[0m
2026-09-10T18:16:59.2769090Z [32;1m        PASS[0m [   0.024s] ( 981/2739) [35;1msparq-lws-core[0m [36mauthz::wac::tests[0m[36m::[0m[34;1mplanned_read_is_decision_equivalent_across_the_wac_matrix[0m
2026-09-10T18:16:59.2842228Z [32;1m        PASS[0m [   0.010s] ( 982/2739) [35;1msparq-lws-core[0m [36mauthz::wac::tests[0m[36m::[0m[34;1mwac_allow_user_only_no_public[0m
2026-09-10T18:16:59.2859021Z [32;1m        PASS[0m [   0.009s] ( 983/2739) [35;1msparq-lws-core[0m [36mauthz::wac_allow::tests[0m[36m::[0m[34;1mcanonical_order_is_stable[0m
2026-09-10T18:16:59.2925107Z [32;1m        PASS[0m [   0.008s] ( 984/2739) [35;1msparq-lws-core[0m [36mbody_limit::tests[0m[36m::[0m[34;1mdefault_matches_axum_implicit_two_mib[0m
2026-09-10T18:16:59.2947618Z [32;1m        PASS[0m [   0.008s] ( 985/2739) [35;1msparq-lws-core[0m [36midentity::tests[0m[36m::[0m[34;1mconfig_derives_default_host_and_origin[0m
2026-09-10T18:16:59.3005882Z [32;1m        PASS[0m [   0.007s] ( 986/2739) [35;1msparq-lws-core[0m [36midentity::tests[0m[36m::[0m[34;1mhandle_grammar_is_fail_closed[0m
2026-09-10T18:16:59.3018425Z [32;1m        PASS[0m [   0.008s] ( 987/2739) [35;1msparq-lws-core[0m [36midentity::tests[0m[36m::[0m[34;1mreserved_path_predicate_matches_raw_and_percent_forms[0m
2026-09-10T18:16:59.3097026Z [32;1m        PASS[0m [   0.008s] ( 988/2739) [35;1msparq-lws-core[0m [36mldp::conditional::tests[0m[36m::[0m[34;1mif_match_star_requires_existence[0m
2026-09-10T18:16:59.3118640Z [32;1m        PASS[0m [   0.011s] ( 989/2739) [35;1msparq-lws-core[0m [36mldp::conditional::tests[0m[36m::[0m[34;1mif_match_list_matches_a_strong_member[0m
2026-09-10T18:16:59.3200008Z [32;1m        PASS[0m [   0.010s] ( 990/2739) [35;1msparq-lws-core[0m [36mldp::conditional::tests[0m[36m::[0m[34;1mif_none_match_star_creates_only_when_absent[0m
2026-09-10T18:16:59.3229219Z [32;1m        PASS[0m [   0.011s] ( 991/2739) [35;1msparq-lws-core[0m [36mldp::conditional::tests[0m[36m::[0m[34;1mmalformed_member_in_a_list_is_dropped_but_valid_members_still_match[0m
2026-09-10T18:16:59.3286948Z [32;1m        PASS[0m [   0.008s] ( 992/2739) [35;1msparq-lws-core[0m [36mldp::conditional::tests[0m[36m::[0m[34;1mparse_http_date_enforces_strict_imf_fixdate_grammar[0m
2026-09-10T18:16:59.3322060Z [32;1m        PASS[0m [   0.009s] ( 993/2739) [35;1msparq-lws-core[0m [36mldp::conditional::tests[0m[36m::[0m[34;1mparse_http_date_requires_the_correct_weekday[0m
2026-09-10T18:16:59.3389292Z [32;1m        PASS[0m [   0.008s] ( 994/2739) [35;1msparq-lws-core[0m [36mldp::conditional::tests[0m[36m::[0m[34;1mread_if_modified_since_equal_boundary_is_304[0m
2026-09-10T18:16:59.3417669Z [32;1m        PASS[0m [   0.007s] ( 995/2739) [35;1msparq-lws-core[0m [36mldp::conditional::tests[0m[36m::[0m[34;1mread_if_modified_since_unparseable_proceeds[0m
2026-09-10T18:16:59.3457505Z [32;1m        PASS[0m [   0.009s] ( 996/2739) [35;1msparq-lws-core[0m [36mldp::conditional::tests[0m[36m::[0m[34;1mread_if_none_match_matching_is_304[0m
2026-09-10T18:16:59.3487021Z [32;1m        PASS[0m [   0.009s] ( 997/2739) [35;1msparq-lws-core[0m [36mldp::conditional::tests[0m[36m::[0m[34;1mread_if_none_match_star_on_existing_is_304[0m
2026-09-10T18:16:59.3557357Z [32;1m        PASS[0m [   0.007s] ( 998/2739) [35;1msparq-lws-core[0m [36mldp::conditional::tests[0m[36m::[0m[34;1mrequire_maps_to_status[0m
2026-09-10T18:16:59.3575597Z [32;1m        PASS[0m [   0.008s] ( 999/2739) [35;1msparq-lws-core[0m [36mldp::conditional::tests[0m[36m::[0m[34;1mwrite_if_match_accepts_a_variant_tag_of_the_current_state[0m
2026-09-10T18:16:59.3609245Z [32;1m        PASS[0m [   0.008s] (1000/2739) [35;1msparq-lws-core[0m [36mldp::conditional::tests[0m[36m::[0m[34;1mwrite_if_none_match_guard_matches_a_variant_of_the_current_state[0m
2026-09-10T18:16:59.3667678Z [32;1m        PASS[0m [   0.008s] (1001/2739) [35;1msparq-lws-core[0m [36mldp::content::tests[0m[36m::[0m[34;1mapplication_star_covers_only_jsonld[0m
2026-09-10T18:16:59.3691219Z [32;1m        PASS[0m [   0.008s] (1002/2739) [35;1msparq-lws-core[0m [36mldp::content::tests[0m[36m::[0m[34;1mcompaction_rejects_a_non_array_document_shape[0m
2026-09-10T18:16:59.3755390Z [32;1m        PASS[0m [   0.008s] (1003/2739) [35;1msparq-lws-core[0m [36mldp::content::tests[0m[36m::[0m[34;1mexplicit_q_zero_refusal_of_every_covered_type_is_none_406[0m
2026-09-10T18:16:59.3771952Z [32;1m        PASS[0m [   0.008s] (1004/2739) [35;1msparq-lws-core[0m [36mldp::content::tests[0m[36m::[0m[34;1mq_values_are_honoured[0m
2026-09-10T18:16:59.3827880Z [32;1m        PASS[0m [   0.008s] (1005/2739) [35;1msparq-lws-core[0m [36mldp::content::tests[0m[36m::[0m[34;1mserves_stored_verbatim_only_without_an_honoured_profile[0m
2026-09-10T18:16:59.3847490Z [32;1m        PASS[0m [   0.008s] (1006/2739) [35;1msparq-lws-core[0m [36mldp::content::tests[0m[36m::[0m[34;1munrecognised_accept_falls_back_to_turtle_not_406[0m
2026-09-10T18:16:59.3918078Z [32;1m        PASS[0m [   0.009s] (1007/2739) [35;1msparq-lws-core[0m [36mldp::cors::tests[0m[36m::[0m[34;1mplain_options_without_acrm_passes_through_to_the_handler[0m
2026-09-10T18:16:59.3927641Z [32;1m        PASS[0m [   0.008s] (1008/2739) [35;1msparq-lws-core[0m [36mldp::handler::tests[0m[36m::[0m[34;1macl_link_header_is_emitted[0m
2026-09-10T18:16:59.4018225Z [32;1m        PASS[0m [   0.010s] (1009/2739) [35;1msparq-lws-core[0m [36mldp::handler::tests[0m[36m::[0m[34;1mauthorized_reader_gets_true_404_on_genuinely_missing[0m
2026-09-10T18:16:59.4048071Z [32;1m        PASS[0m [   0.010s] (1010/2739) [35;1msparq-lws-core[0m [36mldp::handler::tests[0m[36m::[0m[34;1mcreate_authz_default_write_only_agent_denied_patch_create[0m
2026-09-10T18:16:59.4128028Z [32;1m        PASS[0m [   0.011s] (1011/2739) [35;1msparq-lws-core[0m [36mldp::handler::tests[0m[36m::[0m[34;1mget_200_and_304_both_carry_vary_accept[0m
2026-09-10T18:16:59.4157672Z [32;1m        PASS[0m [   0.010s] (1012/2739) [35;1msparq-lws-core[0m [36mldp::handler::tests[0m[36m::[0m[34;1mget_container_jsonld_compacted_profile_echoes_content_type[0m
2026-09-10T18:16:59.4228241Z [32;1m        PASS[0m [   0.008s] (1013/2739) [35;1msparq-lws-core[0m [36mldp::handler::tests[0m[36m::[0m[34;1mget_if_modified_since_without_recorded_time_is_200[0m
2026-09-10T18:16:59.4237940Z [32;1m        PASS[0m [   0.010s] (1014/2739) [35;1msparq-lws-core[0m [36mldp::handler::tests[0m[36m::[0m[34;1mget_if_modified_since_far_past_is_200[0m
2026-09-10T18:16:59.4317691Z [32;1m        PASS[0m [   0.009s] (1015/2739) [35;1msparq-lws-core[0m [36mldp::handler::tests[0m[36m::[0m[34;1mget_if_none_match_star_on_existing_is_304[0m
2026-09-10T18:16:59.4357039Z [32;1m        PASS[0m [   0.011s] (1016/2739) [35;1msparq-lws-core[0m [36mldp::handler::tests[0m[36m::[0m[34;1mget_negotiated_variant_etag_304s_only_for_that_type[0m
2026-09-10T18:16:59.4417834Z [32;1m        PASS[0m [   0.009s] (1017/2739) [35;1msparq-lws-core[0m [36mldp::handler::tests[0m[36m::[0m[34;1mget_unacceptable_accept_is_406_even_with_matching_if_none_match[0m
2026-09-10T18:16:59.4487794Z [32;1m        PASS[0m [   0.008s] (1018/2739) [35;1msparq-lws-core[0m [36mldp::handler::tests[0m[36m::[0m[34;1mnested_container_advertises_ldp_types_but_not_pim_storage[0m
2026-09-10T18:16:59.4517770Z [32;1m        PASS[0m [   0.018s] (1019/2739) [35;1msparq-lws-core[0m [36mldp::handler::tests[0m[36m::[0m[34;1mmatrix_missing_equals_forbidden_byte_identical_for_every_verb[0m
2026-09-10T18:16:59.4576676Z [32;1m        PASS[0m [   0.009s] (1020/2739) [35;1msparq-lws-core[0m [36mldp::handler::tests[0m[36m::[0m[34;1mpatch_authorized_caller_with_notfound_target_takes_normal_create_path[0m
2026-09-10T18:16:59.4599451Z [32;1m        PASS[0m [   0.009s] (1021/2739) [35;1msparq-lws-core[0m [36mldp::handler::tests[0m[36m::[0m[34;1mpatch_unauthorized_caller_with_faulting_target_read_gets_uniform_denial_not_500[0m
2026-09-10T18:16:59.4697839Z [32;1m        PASS[0m [   0.009s] (1022/2739) [35;1msparq-lws-core[0m [36mldp::handler::tests[0m[36m::[0m[34;1mpost_benign_slug_still_works_no_regression[0m
2026-09-10T18:16:59.4700573Z [32;1m        PASS[0m [   0.010s] (1023/2739) [35;1msparq-lws-core[0m [36mldp::handler::tests[0m[36m::[0m[34;1mpost_slug_dot_acl_denied_even_for_a_controller[0m
2026-09-10T18:16:59.4748655Z [32;1m        PASS[0m [   0.008s] (1024/2739) [35;1msparq-lws-core[0m [36mldp::handler::tests[0m[36m::[0m[34;1mprecomputed_discovery_link_values_match_reference_formatting[0m
2026-09-10T18:16:59.4799644Z [32;1m        PASS[0m [   0.010s] (1025/2739) [35;1msparq-lws-core[0m [36mldp::handler::tests[0m[36m::[0m[34;1mput_if_match_round_trips_with_a_negotiated_variant_etag[0m
2026-09-10T18:16:59.4875986Z [32;1m        PASS[0m [   0.011s] (1026/2739) [35;1msparq-lws-core[0m [36mldp::handler::tests[0m[36m::[0m[34;1mrender_container_lists_every_child_once_with_typing[0m
2026-09-10T18:16:59.4887296Z [32;1m        PASS[0m [   0.008s] (1027/2739) [35;1msparq-lws-core[0m [36mldp::handler::tests[0m[36m::[0m[34;1mset_base_url_rebuilds_discovery_link_cache[0m
2026-09-10T18:16:59.4978928Z [32;1m        PASS[0m [   0.011s] (1028/2739) [35;1msparq-lws-core[0m [36mldp::handler::tests[0m[36m::[0m[34;1mstorage_root_advertises_pim_storage_and_ldp_types[0m
2026-09-10T18:16:59.5007623Z [32;1m        PASS[0m [   0.011s] (1029/2739) [35;1msparq-lws-core[0m [36mldp::handler::tests[0m[36m::[0m[34;1mv1_append_only_put_create_is_denied_not_201[0m
2026-09-10T18:16:59.5118586Z [32;1m        PASS[0m [   0.010s] (1030/2739) [35;1msparq-lws-core[0m [36mldp::handler::tests[0m[36m::[0m[34;1mv4_star_if_match_lost_update_allowed_for_write_without_read[0m
2026-09-10T18:16:59.5130642Z [32;1m        PASS[0m [   0.014s] (1031/2739) [35;1msparq-lws-core[0m [36mldp::handler::tests[0m[36m::[0m[34;1mv3_append_holder_patch_create_succeeds_but_oracle_is_closed[0m
2026-09-10T18:16:59.5200627Z [32;1m        PASS[0m [   0.010s] (1032/2739) [35;1msparq-lws-core[0m [36mldp::handler::tests[0m[36m::[0m[34;1mv4_write_without_read_conditional_put_is_denied_not_412_or_2xx[0m
2026-09-10T18:16:59.5258137Z [32;1m        PASS[0m [   0.013s] (1033/2739) [35;1msparq-lws-core[0m [36mldp::handler::tests[0m[36m::[0m[34;1mv5_container_etag_only_reaches_a_reader[0m
2026-09-10T18:16:59.5321251Z [32;1m        PASS[0m [   0.012s] (1034/2739) [35;1msparq-lws-core[0m [36mldp::handler::tests[0m[36m::[0m[34;1mv6_post_authorized_reader_exists_fault_surfaces_500_post_auth[0m
2026-09-10T18:16:59.5380580Z [32;1m        PASS[0m [   0.012s] (1035/2739) [35;1msparq-lws-core[0m [36mldp::handler::tests[0m[36m::[0m[34;1mv6_post_no_read_writer_exists_fault_folds_to_denial_not_500[0m
2026-09-10T18:16:59.5418320Z [32;1m        PASS[0m [   0.009s] (1036/2739) [35;1msparq-lws-core[0m [36mldp::handler::tests[0m[36m::[0m[34;1mwants_container_link_is_detected[0m
2026-09-10T18:16:59.5489251Z [32;1m        PASS[0m [   0.010s] (1037/2739) [35;1msparq-lws-core[0m [36mldp::patch::tests[0m[36m::[0m[34;1mapply_inserts_and_deletes[0m
2026-09-10T18:16:59.5507822Z [32;1m        PASS[0m [   0.008s] (1038/2739) [35;1msparq-lws-core[0m [36mldp::patch::tests[0m[36m::[0m[34;1mblank_node_in_template_is_422[0m
2026-09-10T18:16:59.5577543Z [32;1m        PASS[0m [   0.007s] (1039/2739) [35;1msparq-lws-core[0m [36mldp::patch::tests[0m[36m::[0m[34;1mmalformed_n3_is_rejected[0m
2026-09-10T18:16:59.5598524Z [32;1m        PASS[0m [   0.009s] (1040/2739) [35;1msparq-lws-core[0m [36mldp::patch::tests[0m[36m::[0m[34;1mempty_where_is_unconditional[0m
2026-09-10T18:16:59.5643944Z [32;1m        PASS[0m [   0.007s] (1041/2739) [35;1msparq-lws-core[0m [36mldp::patch::tests[0m[36m::[0m[34;1mpat_term_rejects_quoted_triple_in_every_position[0m
2026-09-10T18:16:59.5692327Z [32;1m        PASS[0m [   0.011s] (1042/2739) [35;1msparq-lws-core[0m [36mldp::patch::tests[0m[36m::[0m[34;1msparql_update_insert_delete_data_parses_to_concrete_triples[0m
2026-09-10T18:16:59.5751714Z [32;1m        PASS[0m [   0.010s] (1043/2739) [35;1msparq-lws-core[0m [36mldp::patch::tests[0m[36m::[0m[34;1mvariable_in_template_without_where_is_422[0m
2026-09-10T18:16:59.5767334Z [32;1m        PASS[0m [   0.008s] (1044/2739) [35;1msparq-lws-core[0m [36mldp::patch::tests[0m[36m::[0m[34;1mwhere_blank_var_multiple_solutions_is_409[0m
2026-09-10T18:16:59.5858771Z [32;1m        PASS[0m [   0.007s] (1045/2739) [35;1msparq-lws-core[0m [36mldp::patch::tests[0m[36m::[0m[34;1mwhere_single_binding_drives_delete_insert[0m
2026-09-10T18:16:59.5878098Z [32;1m        PASS[0m [   0.012s] (1046/2739) [35;1msparq-lws-core[0m [36mldp::patch::tests[0m[36m::[0m[34;1mwhere_filters_which_delete_applies[0m
2026-09-10T18:16:59.5938909Z [32;1m        PASS[0m [   0.010s] (1047/2739) [35;1msparq-lws-core[0m [36mldp::range::tests[0m[36m::[0m[34;1mend_is_clamped_to_last_byte[0m
2026-09-10T18:16:59.5966827Z [32;1m        PASS[0m [   0.009s] (1048/2739) [35;1msparq-lws-core[0m [36mldp::range::tests[0m[36m::[0m[34;1mmalformed_is_ignored[0m
2026-09-10T18:16:59.6038474Z [32;1m        PASS[0m [   0.008s] (1049/2739) [35;1msparq-lws-core[0m [36mldp::range::tests[0m[36m::[0m[34;1mnon_bytes_unit_is_ignored[0m
2026-09-10T18:16:59.6068692Z [32;1m        PASS[0m [   0.010s] (1050/2739) [35;1msparq-lws-core[0m [36mldp::range::tests[0m[36m::[0m[34;1msuffix_range[0m
2026-09-10T18:16:59.6139277Z [32;1m        PASS[0m [   0.010s] (1051/2739) [35;1msparq-lws-core[0m [36mnotifications::activity::tests[0m[36m::[0m[34;1madd_notification_carries_container_target[0m
2026-09-10T18:16:59.6146924Z [32;1m        PASS[0m [   0.008s] (1052/2739) [35;1msparq-lws-core[0m [36mnotifications::activity::tests[0m[36m::[0m[34;1mrfc3339_known_epochs[0m
2026-09-10T18:16:59.6234130Z [32;1m        PASS[0m [   0.008s] (1053/2739) [35;1msparq-lws-core[0m [36mnotifications::tests[0m[36m::[0m[34;1mnotify_does_not_reach_unrelated_subscribers[0m
2026-09-10T18:16:59.6238549Z [32;1m        PASS[0m [   0.009s] (1054/2739) [35;1msparq-lws-core[0m [36mnotifications::tests[0m[36m::[0m[34;1mdelete_fans_membership_remove_to_parent[0m
2026-09-10T18:16:59.6324110Z [32;1m        PASS[0m [   0.008s] (1055/2739) [35;1msparq-lws-core[0m [36mnotifications::tests[0m[36m::[0m[34;1msubscribe_then_notify_delivers_to_that_topic[0m
2026-09-10T18:16:59.6401887Z [32;1m        PASS[0m [   0.007s] (1056/2739) [35;1msparq-lws-core[0m [36mnotifications::ws::tests[0m[36m::[0m[34;1mlink_headers_point_at_well_known[0m
2026-09-10T18:16:59.6490933Z [32;1m        PASS[0m [   0.009s] (1057/2739) [35;1msparq-lws-core[0m [36mnotifications::ws::tests[0m[36m::[0m[34;1mstorage_description_advertises_subscription_service[0m
2026-09-10T18:16:59.6583531Z [32;1m        PASS[0m [   0.009s] (1058/2739) [35;1msparq-lws-core[0m [36mnotifications::ws::tests[0m[36m::[0m[34;1msubscribe_handler_rejects_missing_topic[0m
2026-09-10T18:16:59.6707754Z [32;1m        PASS[0m [   0.010s] (1059/2739) [35;1msparq-lws-core[0m [36moverload::tests[0m[36m::[0m[34;1madmission_clamps_to_at_least_one_permit[0m
2026-09-10T18:16:59.6788424Z [32;1m        PASS[0m [   0.010s] (1060/2739) [35;1msparq-lws-core[0m [36moverload::tests[0m[36m::[0m[34;1mmax_concurrency_default_on_absent_empty_invalid_or_zero[0m
2026-09-10T18:16:59.6897952Z [32;1m        PASS[0m [   0.009s] (1061/2739) [35;1msparq-lws-core[0m [36moverload::tests[0m[36m::[0m[34;1mrequest_timeout_rules[0m
2026-09-10T18:16:59.6948786Z [32;1m        PASS[0m [   0.008s] (1062/2739) [35;1msparq-lws-core[0m [36mpop::cert_bound::tests[0m[36m::[0m[34;1mfail_closed_no_cert_presented[0m
2026-09-10T18:16:59.6979091Z [32;1m        PASS[0m [   0.074s] (1063/2739) [35;1msparq-lws-core[0m [36mnotifications::tests[0m[36m::[0m[34;1mreceive_token_rejects_unknown_token[0m
2026-09-10T18:16:59.7048085Z [32;1m        PASS[0m [   0.009s] (1064/2739) [35;1msparq-lws-core[0m [36mpop::cert_bound::tests[0m[36m::[0m[34;1mfrom_base64url_rejects_wrong_length[0m
2026-09-10T18:16:59.7071755Z [32;1m        PASS[0m [   0.009s] (1065/2739) [35;1msparq-lws-core[0m [36mpop::conn::tests[0m[36m::[0m[34;1macceptor_no_client_cert_yields_none_binding[0m
2026-09-10T18:16:59.7148369Z [32;1m        PASS[0m [   0.010s] (1066/2739) [35;1msparq-lws-core[0m [36mpop::conn::tests[0m[36m::[0m[34;1macceptor_without_sk_flag_injects_no_conn_sk[0m
2026-09-10T18:16:59.7168887Z [32;1m        PASS[0m [   0.010s] (1067/2739) [35;1msparq-lws-core[0m [36mpop::conn::tests[0m[36m::[0m[34;1mservice_injects_conn_pop_into_request_extensions[0m
2026-09-10T18:16:59.7247711Z [32;1m        PASS[0m [   0.009s] (1068/2739) [35;1msparq-lws-core[0m [36mpop::conn::tests[0m[36m::[0m[34;1msk_context_replaces_a_smuggled_conn_sk_extension[0m
2026-09-10T18:16:59.7277579Z [32;1m        PASS[0m [   0.010s] (1069/2739) [35;1msparq-lws-core[0m [36mpop::sk::derive::tests[0m[36m::[0m[34;1mappendix_a_hkdf_derivation_matches_published_k[0m
2026-09-10T18:16:59.7337754Z [32;1m        PASS[0m [   0.008s] (1070/2739) [35;1msparq-lws-core[0m [36mpop::sk::derive::tests[0m[36m::[0m[34;1mderivation_binds_session_ath_and_jkt[0m
2026-09-10T18:16:59.7360691Z [32;1m        PASS[0m [   0.009s] (1071/2739) [35;1msparq-lws-core[0m [36mpop::sk::derive::tests[0m[36m::[0m[34;1mwrong_exporter_label_derives_a_different_key[0m
2026-09-10T18:16:59.7427016Z [32;1m        PASS[0m [   0.011s] (1072/2739) [35;1msparq-lws-core[0m [36mpop::sk::sig::tests[0m[36m::[0m[34;1mappendix_a_signature_base_is_byte_exact[0m
2026-09-10T18:16:59.7488853Z [32;1m        PASS[0m [   0.012s] (1073/2739) [35;1msparq-lws-core[0m [36mpop::sk::sig::tests[0m[36m::[0m[34;1mmalformed_dictionaries_rejected[0m
2026-09-10T18:16:59.7543563Z [32;1m        PASS[0m [   0.009s] (1074/2739) [35;1msparq-lws-core[0m [36mpop::sk::sig::tests[0m[36m::[0m[34;1mmulti_instance_field_values_join_per_rfc9421[0m
2026-09-10T18:16:59.7604906Z [32;1m        PASS[0m [   0.008s] (1075/2739) [35;1msparq-lws-core[0m [36mpop::sk::sig::tests[0m[36m::[0m[34;1munknown_param_rejected[0m
2026-09-10T18:16:59.7629028Z [32;1m        PASS[0m [   0.014s] (1076/2739) [35;1msparq-lws-core[0m [36mpop::sk::sig::tests[0m[36m::[0m[34;1msignature_member_strictness[0m
2026-09-10T18:16:59.7691815Z [32;1m        PASS[0m [   0.009s] (1077/2739) [35;1msparq-lws-core[0m [36mpop::sk::store::tests[0m[36m::[0m[34;1mexpired_entries_are_reaped_before_evicting_live_ones[0m
2026-09-10T18:16:59.7729805Z [32;1m        PASS[0m [   0.010s] (1078/2739) [35;1msparq-lws-core[0m [36mpop::sk::store::tests[0m[36m::[0m[34;1mremove_terminates[0m
2026-09-10T18:16:59.7797727Z [32;1m        PASS[0m [   0.009s] (1079/2739) [35;1msparq-lws-core[0m [36mpop::sk::verify::tests[0m[36m::[0m[34;1mappendix_a_request_verifies_byte_for_byte[0m
2026-09-10T18:16:59.7812783Z [32;1m        PASS[0m [   0.008s] (1080/2739) [35;1msparq-lws-core[0m [36mpop::sk::verify::tests[0m[36m::[0m[34;1mcreated_outside_window_denies[0m
2026-09-10T18:16:59.7898013Z [32;1m        PASS[0m [   0.011s] (1081/2739) [35;1msparq-lws-core[0m [36mpop::sk::verify::tests[0m[36m::[0m[34;1mexpired_session_denies_fail_closed[0m
2026-09-10T18:16:59.7905296Z [32;1m        PASS[0m [   0.009s] (1082/2739) [35;1msparq-lws-core[0m [36mpop::sk::verify::tests[0m[36m::[0m[34;1mno_signature_headers_is_not_applicable[0m
2026-09-10T18:16:59.7979257Z [32;1m        PASS[0m [   0.009s] (1083/2739) [35;1msparq-lws-core[0m [36mpop::sk::window::tests[0m[36m::[0m[34;1mduplicate_inside_window_is_rejected[0m
2026-09-10T18:16:59.8021696Z [32;1m        PASS[0m [   0.011s] (1084/2739) [35;1msparq-lws-core[0m [36mpop::sk::window::tests[0m[36m::[0m[34;1mmarks_survive_incremental_shifts_across_word_edges[0m
2026-09-10T18:16:59.8077660Z [32;1m        PASS[0m [   0.008s] (1085/2739) [35;1msparq-lws-core[0m [36mpop::sk::window::tests[0m[36m::[0m[34;1mwindow_boundary_math_is_exact[0m
2026-09-10T18:16:59.8109573Z [32;1m        PASS[0m [   0.009s] (1086/2739) [35;1msparq-lws-core[0m [36mpop::tests[0m[36m::[0m[34;1mcert_bound_token_denied_when_no_cert_presented[0m
2026-09-10T18:16:59.8137775Z [32;1m        PASS[0m [   0.008s] (1087/2739) [35;1msparq-lws-core[0m [36mpop::tests[0m[36m::[0m[34;1mselect_maps_jkt_only_to_dpop_and_none_to_unbound[0m
2026-09-10T18:16:59.8207476Z [32;1m        PASS[0m [   0.009s] (1088/2739) [35;1msparq-lws-core[0m [36mrate_limit::tests[0m[36m::[0m[34;1mburst_rules[0m
2026-09-10T18:16:59.8237492Z [32;1m        PASS[0m [   0.008s] (1089/2739) [35;1msparq-lws-core[0m [36mrate_limit::tests[0m[36m::[0m[34;1mexempt_internal_rules[0m
2026-09-10T18:16:59.8298287Z [32;1m        PASS[0m [   0.008s] (1090/2739) [35;1msparq-lws-core[0m [36mrate_limit::tests[0m[36m::[0m[34;1minternal_exempt_covers_loopback_private_linklocal_ula[0m
2026-09-10T18:16:59.8328058Z [32;1m        PASS[0m [   0.010s] (1091/2739) [35;1msparq-lws-core[0m [36mrate_limit::tests[0m[36m::[0m[34;1mloopback_is_exempt_when_enabled_and_not_when_disabled[0m
2026-09-10T18:16:59.8372333Z [32;1m        PASS[0m [   0.008s] (1092/2739) [35;1msparq-lws-core[0m [36mrate_limit::tests[0m[36m::[0m[34;1mrate_default_on_absent_empty_invalid_or_nonpositive[0m
2026-09-10T18:16:59.8462743Z [32;1m        PASS[0m [   0.009s] (1093/2739) [35;1msparq-lws-core[0m [36mrate_limit::tests[0m[36m::[0m[34;1mtrusted_proxy_hops_rules[0m
2026-09-10T18:16:59.8544259Z [32;1m        PASS[0m [   0.008s] (1094/2739) [35;1msparq-lws-core[0m [36mrate_limit::tests[0m[36m::[0m[34;1mxff_one_proxy_client_is_the_single_rightmost_entry[0m
2026-09-10T18:16:59.8623622Z [32;1m        PASS[0m [   0.008s] (1095/2739) [35;1msparq-lws-core[0m [36mrate_limit::tests[0m[36m::[0m[34;1mxff_two_proxies_client_is_index_n_minus_one_from_right[0m
2026-09-10T18:16:59.8729877Z [32;1m        PASS[0m [   0.011s] (1096/2739) [35;1msparq-lws-core[0m [36mseed::tests[0m[36m::[0m[34;1midentity_seed_binds_the_pod_acl_to_the_id_host_webid[0m
2026-09-10T18:16:59.8835467Z [32;1m        PASS[0m [   0.010s] (1097/2739) [35;1msparq-lws-core[0m [36mseed::tests[0m[36m::[0m[34;1mseeding_is_idempotent[0m
2026-09-10T18:16:59.8945289Z [32;1m        PASS[0m [   0.011s] (1098/2739) [35;1msparq-lws-core[0m [36mseed::tests[0m[36m::[0m[34;1mseeds_owner_acls_and_wac_grants_owner_full_control[0m
2026-09-10T18:16:59.9025805Z [32;1m        PASS[0m [   0.008s] (1099/2739) [35;1msparq-lws-core[0m [36mstore::blob::tests[0m[36m::[0m[34;1mbyte_and_entry_limits_fail_without_mutating_usage[0m
2026-09-10T18:16:59.9107060Z [32;1m        PASS[0m [   0.008s] (1100/2739) [35;1msparq-lws-core[0m [36mstore::blob::tests[0m[36m::[0m[34;1mtwo_writes_acquire_strictly_increasing_generations[0m
2026-09-10T18:16:59.9184841Z [32;1m        PASS[0m [   0.007s] (1101/2739) [35;1msparq-lws-core[0m [36mstore::body_cache::tests[0m[36m::[0m[34;1mdifferent_blob_key_is_a_different_key[0m
2026-09-10T18:16:59.9260104Z [32;1m        PASS[0m [   0.007s] (1102/2739) [35;1msparq-lws-core[0m [36mstore::body_cache::tests[0m[36m::[0m[34;1meviction_frees_exactly_enough_never_the_whole_cache[0m
2026-09-10T18:16:59.9336460Z [32;1m        PASS[0m [   0.007s] (1103/2739) [35;1msparq-lws-core[0m [36mstore::body_cache::tests[0m[36m::[0m[34;1moversize_body_bypasses_and_evicts_nothing[0m
2026-09-10T18:16:59.9417769Z [32;1m        PASS[0m [   0.008s] (1104/2739) [35;1msparq-lws-core[0m [36mstore::body_cache::tests[0m[36m::[0m[34;1mzero_length_bodies_still_consume_budget_map_stays_bounded[0m
2026-09-10T18:16:59.9494086Z [32;1m        PASS[0m [   0.008s] (1105/2739) [35;1msparq-lws-core[0m [36mstore::counting::tests[0m[36m::[0m[34;1mmax_in_flight_detects_overlap[0m
2026-09-10T18:16:59.9572589Z [32;1m        PASS[0m [   0.008s] (1106/2739) [35;1msparq-lws-core[0m [36mstore::counting::tests[0m[36m::[0m[34;1mscoped_measurement_is_not_contaminated_by_a_prior_overlap[0m
2026-09-10T18:16:59.9725951Z [32;1m        PASS[0m [   0.015s] (1107/2739) [35;1msparq-lws-core[0m [36mstore::embedded::tests[0m[36m::[0m[34;1mcreate_child_records_membership_and_guards_missing_container[0m
2026-09-10T18:16:59.9857076Z [32;1m        PASS[0m [   0.013s] (1108/2739) [35;1msparq-lws-core[0m [36mstore::embedded::tests[0m[36m::[0m[34;1mevery_engine_op_runs_on_the_one_dedicated_actor_thread[0m
2026-09-10T18:16:59.9985752Z [32;1m        PASS[0m [   0.013s] (1109/2739) [35;1msparq-lws-core[0m [36mstore::embedded::tests[0m[36m::[0m[34;1mread_plan_handles_acl_target_that_is_its_own_candidate[0m
2026-09-10T18:17:00.0119251Z [32;1m        PASS[0m [   0.013s] (1110/2739) [35;1msparq-lws-core[0m [36mstore::embedded::tests[0m[36m::[0m[34;1mreferenced_blob_keys_collects_all_pointers[0m
2026-09-10T18:17:00.0207953Z [32;1m        PASS[0m [   0.009s] (1111/2739) [35;1msparq-lws-core[0m [36mstore::reconcile::tests[0m[36m::[0m[34;1mcandidate_rewritten_between_list_and_stat_same_timestamp_new_generation_is_kept[0m
2026-09-10T18:17:00.0297604Z [32;1m        PASS[0m [   0.009s] (1112/2739) [35;1msparq-lws-core[0m [36mstore::reconcile::tests[0m[36m::[0m[34;1mcandidate_whose_bytes_are_rewritten_between_snapshot_and_delete_is_kept[0m
2026-09-10T18:17:00.0385866Z [32;1m        PASS[0m [   0.009s] (1113/2739) [35;1msparq-lws-core[0m [36mstore::reconcile::tests[0m[36m::[0m[34;1mempty_candidates_sweep_succeeds_even_if_second_referenced_query_errors[0m
2026-09-10T18:17:00.0469922Z [32;1m        PASS[0m [   0.008s] (1114/2739) [35;1msparq-lws-core[0m [36mstore::reconcile::tests[0m[36m::[0m[34;1min_memory_store_cas_witness_is_generation_not_timestamp[0m
2026-09-10T18:17:00.0552997Z [32;1m        PASS[0m [   0.008s] (1115/2739) [35;1msparq-lws-core[0m [36mstore::reconcile::tests[0m[36m::[0m[34;1mreferenced_blob_is_kept_even_if_old[0m
2026-09-10T18:17:00.0626912Z [32;1m        PASS[0m [   0.007s] (1116/2739) [35;1msparq-lws-core[0m [36mstore::reconcile::tests[0m[36m::[0m[34;1munknown_age_blob_is_kept_fail_closed[0m
2026-09-10T18:17:00.0724684Z [32;1m        PASS[0m [   0.010s] (1117/2739) [35;1msparq-lws-core[0m [36mstore::sparq::tests[0m[36m::[0m[34;1mconcurrent_metadata_writes_cannot_over_admit_resource_limit[0m
2026-09-10T18:17:00.0805726Z [32;1m        PASS[0m [   0.008s] (1118/2739) [35;1msparq-lws-core[0m [36mstore::sparql::tests[0m[36m::[0m[34;1mask_create_marker_targets_the_nonce[0m
2026-09-10T18:17:00.0886987Z [32;1m        PASS[0m [   0.008s] (1119/2739) [35;1msparq-lws-core[0m [36mstore::sparql::tests[0m[36m::[0m[34;1mbuilders_wrap_every_untrusted_value[0m
2026-09-10T18:17:00.0966643Z [32;1m        PASS[0m [   0.008s] (1120/2739) [35;1msparq-lws-core[0m [36mstore::sparql::tests[0m[36m::[0m[34;1mcreate_child_with_modified_includes_the_typed_timestamp[0m
2026-09-10T18:17:00.1051040Z [32;1m        PASS[0m [   0.008s] (1121/2739) [35;1msparq-lws-core[0m [36mstore::sparql::tests[0m[36m::[0m[34;1mdelete_container_if_empty_omits_the_parent_clause_when_parentless[0m
2026-09-10T18:17:00.1134331Z [32;1m        PASS[0m [   0.008s] (1122/2739) [35;1msparq-lws-core[0m [36mstore::sparql::tests[0m[36m::[0m[34;1minsert_body_data_is_empty_for_no_triples[0m
2026-09-10T18:17:00.1220008Z [32;1m        PASS[0m [   0.008s] (1123/2739) [35;1msparq-lws-core[0m [36mstore::sparql::tests[0m[36m::[0m[34;1miri_is_injective_no_aliasing[0m
2026-09-10T18:17:00.1305483Z [32;1m        PASS[0m [   0.008s] (1124/2739) [35;1msparq-lws-core[0m [36mstore::sparql::tests[0m[36m::[0m[34;1mlang_tag_is_validated_fail_closed[0m
2026-09-10T18:17:00.1392299Z [32;1m        PASS[0m [   0.008s] (1125/2739) [35;1msparq-lws-core[0m [36mstore::sparql::tests[0m[36m::[0m[34;1mput_meta_with_modified_writes_a_typed_datetime_and_a_fourth_delete[0m
2026-09-10T18:17:00.1482082Z [32;1m        PASS[0m [   0.008s] (1126/2739) [35;1msparq-lws-core[0m [36mstore::sparql::tests[0m[36m::[0m[34;1mselect_read_plan_binds_modified_optionally[0m
2026-09-10T18:17:00.1569913Z [32;1m        PASS[0m [   0.009s] (1127/2739) [35;1msparq-lws-core[0m [36mstore::sparql::tests[0m[36m::[0m[34;1mselect_read_plan_rejects_an_invalid_iri_fail_closed[0m
2026-09-10T18:17:00.1659838Z [32;1m        PASS[0m [   0.009s] (1128/2739) [35;1msparq-lws-core[0m [36mstore::tests[0m[36m::[0m[34;1mmint_blob_key_is_unique_per_call_for_the_same_iri[0m
2026-09-10T18:17:00.1741629Z [32;1m        PASS[0m [   0.008s] (1129/2739) [35;1msparq-lws-core[0m [36mstore::timestamp::tests[0m[36m::[0m[34;1mapplies_a_numeric_offset_to_reach_utc[0m
2026-09-10T18:17:00.1824940Z [32;1m        PASS[0m [   0.008s] (1130/2739) [35;1msparq-lws-core[0m [36mstore::timestamp::tests[0m[36m::[0m[34;1mimf_fixdate_matches_the_http_date_form[0m
2026-09-10T18:17:00.1902739Z [32;1m        PASS[0m [   0.008s] (1131/2739) [35;1msparq-lws-core[0m [36mstore::timestamp::tests[0m[36m::[0m[34;1mrejects_malformed_and_out_of_range_forms_as_none[0m
2026-09-10T18:17:00.1983384Z [32;1m        PASS[0m [   0.008s] (1132/2739) [35;1msparq-lws-core[0m [36mstore::timestamp::tests[0m[36m::[0m[34;1mtolerates_a_bare_no_timezone_form_as_utc[0m
2026-09-10T18:17:00.2065011Z [32;1m        PASS[0m [   0.008s] (1133/2739) [35;1msparq-lws-core[0m [36mtls::tests[0m[36m::[0m[34;1mboth_set_is_tls[0m
2026-09-10T18:17:00.2251838Z [32;1m        PASS[0m [   0.019s] (1134/2739) [35;1msparq-lws-core[0m [36mtls::tests[0m[36m::[0m[34;1mbuilt_config_installs_session_cache_and_keeps_0rtt_off[0m
2026-09-10T18:17:00.2345220Z [32;1m        PASS[0m [   0.009s] (1135/2739) [35;1msparq-lws-core[0m [36mtls::tests[0m[36m::[0m[34;1mempty_cert_file_is_empty_error[0m
2026-09-10T18:17:00.2421487Z [32;1m        PASS[0m [   0.008s] (1136/2739) [35;1msparq-lws-core[0m [36mtls::tests[0m[36m::[0m[34;1mkey_only_is_incomplete[0m
2026-09-10T18:17:00.2430168Z [32;1m        PASS[0m [   0.411s] (1137/2739) [35;1msparq-lws-core[0m [36mrate_limit::tests[0m[36m::[0m[34;1mrefill_grants_more_after_wait[0m
2026-09-10T18:17:00.2511664Z [32;1m        PASS[0m [   0.008s] (1138/2739) [35;1msparq-lws-core[0m [36mtls::tests[0m[36m::[0m[34;1mmtls_flag_parses_affirmative_opt_in_only[0m
2026-09-10T18:17:00.2537092Z [32;1m        PASS[0m [   0.011s] (1139/2739) [35;1msparq-lws-core[0m [36mtls::tests[0m[36m::[0m[34;1mmalformed_pem_is_malformed_error[0m
2026-09-10T18:17:00.2605097Z [32;1m        PASS[0m [   0.009s] (1140/2739) [35;1msparq-lws-core[0m [36mtls::tests[0m[36m::[0m[34;1mnon_unicode_paths_do_not_downgrade_to_plaintext[0m
2026-09-10T18:17:00.2699495Z [32;1m        PASS[0m [   0.010s] (1141/2739) [35;1msparq-lws-core[0m [36mtransport::tests[0m[36m::[0m[34;1mapply_to_builder_does_not_panic_with_timeout_set[0m
2026-09-10T18:17:00.2719057Z [32;1m        PASS[0m [   0.018s] (1142/2739) [35;1msparq-lws-core[0m [36mtls::tests[0m[36m::[0m[34;1mpem_loaders_split_chain_from_key_and_reject_empty_input[0m
2026-09-10T18:17:00.2791863Z [32;1m        PASS[0m [   0.009s] (1143/2739) [35;1msparq-lws-core[0m [36mtransport::tests[0m[36m::[0m[34;1mconnection_limiter_bounds_in_flight_then_recovers[0m
2026-09-10T18:17:00.2812854Z [32;1m        PASS[0m [   0.010s] (1144/2739) [35;1msparq-lws-core[0m [36mtransport::tests[0m[36m::[0m[34;1mfrom_env_with_unset_vars_uses_documented_defaults[0m
2026-09-10T18:17:00.2889149Z [32;1m        PASS[0m [   0.010s] (1145/2739) [35;1msparq-lws-core[0m [36mtransport::tests[0m[36m::[0m[34;1mh2_pending_reset_keeps_hyper_default_unless_positive_override[0m
2026-09-10T18:17:00.4920604Z [32;1m        PASS[0m [   0.210s] (1146/2739) [35;1msparq-lws-core[0m [36mtransport::tests[0m[36m::[0m[34;1midle_timeout_stream_none_is_transparent_passthrough[0m
2026-09-10T18:17:00.5002016Z [32;1m        PASS[0m [   0.008s] (1147/2739) [35;1msparq-lws-core[0m [36mtransport::tests[0m[36m::[0m[34;1mmax_connections_explicit_positive_is_honoured[0m
2026-09-10T18:17:00.5085559Z [32;1m        PASS[0m [   0.008s] (1148/2739) [35;1msparq-lws-core[0m [36mtransport::tests[0m[36m::[0m[34;1mmax_requests_service_in_flight_guard_releases_on_dropped_body[0m
2026-09-10T18:17:00.5168239Z [32;1m        PASS[0m [   0.008s] (1149/2739) [35;1msparq-lws-core[0m [36mtransport::tests[0m[36m::[0m[34;1mmax_requests_service_none_never_stamps_close[0m
2026-09-10T18:17:00.5248631Z [32;1m        PASS[0m [   0.008s] (1150/2739) [35;1msparq-lws-core[0m [36mtransport::tests[0m[36m::[0m[34;1moptional_secs_rules[0m
2026-09-10T18:17:00.5332618Z [32;1m        PASS[0m [   0.008s] (1151/2739) [35;1msparq-lws-core[0m [36mtransport::tests[0m[36m::[0m[34;1mper_ip_cap_exempts_internal_ips_by_default[0m
2026-09-10T18:17:00.5424297Z [32;1m        PASS[0m [   0.009s] (1152/2739) [35;1msparq-lws-core[0m [36mtransport::tests[0m[36m::[0m[34;1mtcpstream_peer_ip_is_extracted_for_the_per_source_cap[0m
2026-09-10T18:17:00.6045805Z [32;1m        PASS[0m [   0.315s] (1153/2739) [35;1msparq-lws-core[0m [36mtransport::tests[0m[36m::[0m[34;1midle_timeout_stream_resets_on_write_activity_does_not_close_active_pusher[0m
2026-09-10T18:17:00.8369178Z [32;1m        PASS[0m [   0.294s] (1154/2739) [35;1msparq-lws-core::adversarial_invariants[0m [34;1mcache_bust_does_not_weaken_auth[0m
2026-09-10T18:17:00.8740689Z [32;1m        PASS[0m [   0.037s] (1155/2739) [35;1msparq-lws-core::auth_cache_integration[0m [34;1mreplayed_proof_rejected_on_hit[0m
2026-09-10T18:17:00.9199558Z [32;1m        PASS[0m [   0.045s] (1156/2739) [35;1msparq-lws-core::auth_middleware[0m [34;1mhttp_get_with_a_bad_token_is_401_with_www_authenticate[0m
2026-09-10T18:17:00.9317872Z [32;1m        PASS[0m [   0.011s] (1157/2739) [35;1msparq-lws-core::auth_middleware[0m [34;1mmissing_authorization_is_public_not_an_error[0m
2026-09-10T18:17:00.9588920Z [32;1m        PASS[0m [   0.027s] (1158/2739) [35;1msparq-lws-core::auth_middleware[0m [34;1mvalid_dpop_bound_token_authenticates[0m
2026-09-10T18:17:01.0539862Z [32;1m        PASS[0m [   0.095s] (1159/2739) [35;1msparq-lws-core::demo_seed[0m [34;1mdemo_seed_anonymous_put_under_playground_is_unauthorized[0m
2026-09-10T18:17:01.1024748Z [32;1m        PASS[0m [   0.048s] (1160/2739) [35;1msparq-lws-core::demo_seed[0m [34;1mdemo_seed_flag_off_boot_has_no_playground[0m
2026-09-10T18:17:01.1329604Z [32;1m        PASS[0m [   0.528s] (1161/2739) [35;1msparq-lws-core::adversarial_invariants[0m [34;1mwac_holds_after_an_attack_flood[0m
2026-09-10T18:17:01.1770389Z [32;1m        PASS[0m [   0.042s] (1162/2739) [35;1msparq-lws-core::embedded_read_counters[0m [34;1membedded_read_plan_default_loop_would_fan_out_to_one_plus_n[0m
2026-09-10T18:17:01.2265770Z [32;1m        PASS[0m [   0.051s] (1163/2739) [35;1msparq-lws-core::identity_http[0m [34;1mid_doc_explicit_q_zero_refusal_is_406[0m
2026-09-10T18:17:01.2443556Z [32;1m        PASS[0m [   0.018s] (1164/2739) [35;1msparq-lws-core::identity_http[0m [34;1mid_doc_if_none_match_is_representation_specific_no_cross_repr_304[0m
2026-09-10T18:17:01.2521292Z [32;1m        PASS[0m [   0.150s] (1165/2739) [35;1msparq-lws-core::embedded_read_counters[0m [34;1membedded_get_container_warm_seam_counts[0m
2026-09-10T18:17:01.2637867Z [32;1m        PASS[0m [   0.019s] (1166/2739) [35;1msparq-lws-core::identity_http[0m [34;1mid_doc_unknown_accept_falls_back_to_turtle[0m
2026-09-10T18:17:01.2698704Z [32;1m        PASS[0m [   0.018s] (1167/2739) [35;1msparq-lws-core::identity_http[0m [34;1midentity_mode_demotes_the_in_pod_card_on_the_ldp_surface[0m
2026-09-10T18:17:01.2797457Z [32;1m        PASS[0m [   0.016s] (1168/2739) [35;1msparq-lws-core::identity_http[0m [34;1mldp_surface_refuses_reserved_namespace_for_every_method_anonymously[0m
2026-09-10T18:17:01.2836779Z [32;1m        PASS[0m [   0.013s] (1169/2739) [35;1msparq-lws-core::ldp_conneg[0m [34;1mcompacted_multi_subject_document_wraps_in_graph[0m
2026-09-10T18:17:01.2895678Z [32;1m        PASS[0m [   0.009s] (1170/2739) [35;1msparq-lws-core::ldp_conneg[0m [34;1mexpanded_profile_output_is_the_default_serialisation_byte_for_byte[0m
2026-09-10T18:17:01.2918892Z [32;1m        PASS[0m [   0.008s] (1171/2739) [35;1msparq-lws-core::ldp_conneg[0m [34;1monly_an_explicit_q_zero_refusal_of_every_covered_type_is_406[0m
2026-09-10T18:17:01.2944414Z [32;1m        PASS[0m [   0.006s] (1172/2739) [35;1msparq-lws-core::ldp_conneg[0m [34;1mprofile_param_accepts_unquoted_value_and_case_insensitive_name[0m
2026-09-10T18:17:01.2998183Z [32;1m        PASS[0m [   0.006s] (1173/2739) [35;1msparq-lws-core::ldp_conneg[0m [34;1mprofile_value_first_honoured_iri_wins_deterministically[0m
2026-09-10T18:17:01.3037788Z [32;1m        PASS[0m [   0.006s] (1174/2739) [35;1msparq-lws-core::ldp_conneg[0m [34;1munknown_accept_falls_back_to_turtle_never_an_error[0m
2026-09-10T18:17:01.4131924Z [32;1m        PASS[0m [   0.112s] (1175/2739) [35;1msparq-lws-core::ldp_http[0m [34;1mcors_authenticated_get_has_vary_origin[0m
2026-09-10T18:17:01.4608453Z [32;1m        PASS[0m [   0.161s] (1176/2739) [35;1msparq-lws-core::ldp_http[0m [34;1mcontainer_etag_changes_when_membership_changes[0m
2026-09-10T18:17:01.5014657Z [32;1m        PASS[0m [   0.088s] (1177/2739) [35;1msparq-lws-core::ldp_http[0m [34;1mcreating_an_acl_does_not_add_a_contains_member_to_the_parent[0m
2026-09-10T18:17:01.5285363Z [32;1m        PASS[0m [   0.068s] (1178/2739) [35;1msparq-lws-core::ldp_http[0m [34;1mdelete_a_non_empty_container_is_409[0m
2026-09-10T18:17:01.5812715Z [32;1m        PASS[0m [   0.053s] (1179/2739) [35;1msparq-lws-core::ldp_http[0m [34;1mget_with_a_range_returns_206_partial[0m
2026-09-10T18:17:01.6151408Z [32;1m        PASS[0m [   0.114s] (1180/2739) [35;1msparq-lws-core::ldp_http[0m [34;1mdeleting_an_acl_leaves_the_parent_containment_unchanged[0m
2026-09-10T18:17:01.6426850Z [32;1m        PASS[0m [   0.027s] (1181/2739) [35;1msparq-lws-core::ldp_http[0m [34;1moptions_is_not_405[0m
2026-09-10T18:17:01.6460208Z [32;1m        PASS[0m [   0.065s] (1182/2739) [35;1msparq-lws-core::ldp_http[0m [34;1mget_with_unknown_accept_falls_back_to_turtle[0m
2026-09-10T18:17:01.7028863Z [32;1m        PASS[0m [   0.060s] (1183/2739) [35;1msparq-lws-core::ldp_http[0m [34;1mpatch_inserts_and_deletes_triples[0m
2026-09-10T18:17:01.7179879Z [32;1m        PASS[0m [   0.072s] (1184/2739) [35;1msparq-lws-core::ldp_http[0m [34;1mpatch_with_a_templated_where_renames[0m
2026-09-10T18:17:01.7670404Z [32;1m        PASS[0m [   0.064s] (1185/2739) [35;1msparq-lws-core::ldp_http[0m [34;1mpost_creates_a_child_with_slug[0m
2026-09-10T18:17:01.7748081Z [32;1m        PASS[0m [   0.056s] (1186/2739) [35;1msparq-lws-core::ldp_http[0m [34;1mpost_to_a_non_container_target_is_404_or_405[0m
2026-09-10T18:17:01.8208053Z [32;1m        PASS[0m [   0.051s] (1187/2739) [35;1msparq-lws-core::ldp_http[0m [34;1mput_creates_then_get_reads_it_back[0m
2026-09-10T18:17:01.8308068Z [32;1m        PASS[0m [   0.054s] (1188/2739) [35;1msparq-lws-core::ldp_http[0m [34;1mput_if_match_with_wrong_etag_is_412[0m
2026-09-10T18:17:01.8680136Z [32;1m        PASS[0m [   0.039s] (1189/2739) [35;1msparq-lws-core::ldp_http[0m [34;1mput_without_content_type_is_400[0m
2026-09-10T18:17:01.8778520Z [32;1m        PASS[0m [   0.059s] (1190/2739) [35;1msparq-lws-core::ldp_http[0m [34;1mput_twice_is_a_replace_with_no_content[0m
2026-09-10T18:17:01.9149055Z [32;1m        PASS[0m [   0.038s] (1191/2739) [35;1msparq-lws-core::ldp_http[0m [34;1munauthenticated_put_is_401_with_challenge_fail_closed[0m
2026-09-10T18:17:01.9187345Z [32;1m        PASS[0m [   0.050s] (1192/2739) [35;1msparq-lws-core::ldp_http[0m [34;1munauthenticated_delete_is_401_with_challenge[0m
2026-09-10T18:17:01.9244065Z [32;1m        PASS[0m [   0.009s] (1193/2739) [35;1msparq-lws-core::ldp_range_multipart[0m [34;1mtwo_range_get_has_complete_multipart_wire_body[0m
2026-09-10T18:17:01.9268716Z [32;1m        PASS[0m [   0.006s] (1194/2739) [35;1msparq-lws-core::ldp_target[0m [34;1ma_trailing_slash_marks_a_container[0m
2026-09-10T18:17:01.9318133Z [32;1m        PASS[0m [   0.006s] (1195/2739) [35;1msparq-lws-core::ldp_target[0m [34;1mdotdot_traversal_is_rejected[0m
2026-09-10T18:17:01.9347647Z [32;1m        PASS[0m [   0.006s] (1196/2739) [35;1msparq-lws-core::ldp_target[0m [34;1mquery_and_fragment_are_stripped_for_htu_and_iri[0m
2026-09-10T18:17:01.9832094Z [32;1m        PASS[0m [   0.053s] (1197/2739) [35;1msparq-lws-core::notifications_http[0m [34;1mreceive_with_invalid_token_is_rejected[0m
2026-09-10T18:17:02.0578942Z [32;1m        PASS[0m [   0.126s] (1198/2739) [35;1msparq-lws-core::notifications_http[0m [34;1msubscribe_authenticated_returns_receive_from[0m
2026-09-10T18:17:02.1528335Z [32;1m        PASS[0m [   0.093s] (1199/2739) [35;1msparq-lws-core::overload_http[0m [34;1mrequest_timeout_returns_504_for_a_stuck_request[0m
2026-09-10T18:17:02.1580250Z [32;1m        PASS[0m [   0.174s] (1200/2739) [35;1msparq-lws-core::odrl_query_enforcement[0m [34;1munadmissible_policy_grants_nothing[0m
2026-09-10T18:17:02.1783276Z [32;1m        PASS[0m [   0.027s] (1201/2739) [35;1msparq-lws-core::overload_http[0m [34;1msheds_with_503_and_retry_after_at_capacity[0m
2026-09-10T18:17:02.2265931Z [32;1m        PASS[0m [   0.048s] (1202/2739) [35;1msparq-lws-core::pop_dpop_sk[0m [34;1mestablishment_requires_full_dpop[0m
2026-09-10T18:17:02.2307838Z [32;1m        PASS[0m [   0.071s] (1203/2739) [35;1msparq-lws-core::pop_dpop_sk[0m [34;1mattested_establishment_is_refused[0m
2026-09-10T18:17:02.2426318Z [32;1m        PASS[0m [   0.016s] (1204/2739) [35;1msparq-lws-core::pop_dpop_sk[0m [34;1mmetadata_document_advertises_the_profile[0m
2026-09-10T18:17:02.2567972Z [32;1m        PASS[0m [   0.028s] (1205/2739) [35;1msparq-lws-core::pop_dpop_sk[0m [34;1mreplayed_nonce_inside_the_window_is_denied[0m
2026-09-10T18:17:02.2677541Z [32;1m        PASS[0m [   0.025s] (1206/2739) [35;1msparq-lws-core::pop_dpop_sk[0m [34;1mtls_exporter_session_is_connection_pinned[0m
2026-09-10T18:17:02.2894924Z [32;1m        PASS[0m [   0.032s] (1207/2739) [35;1msparq-lws-core::pop_dpop_sk[0m [34;1munattested_delete_cannot_terminate[0m
2026-09-10T18:17:02.3028081Z [32;1m        PASS[0m [   0.033s] (1208/2739) [35;1msparq-lws-core::pop_mtls[0m [34;1mcert_bound_dispatch_is_inactive_when_flag_off[0m
2026-09-10T18:17:02.3034483Z [32;1m        PASS[0m [   0.014s] (1209/2739) [35;1msparq-lws-core::pop_mtls[0m [34;1mcert_bound_token_with_wrong_cert_is_denied[0m
2026-09-10T18:17:02.3171704Z [32;1m        PASS[0m [   0.016s] (1210/2739) [35;1msparq-lws-core::pop_mtls[0m [34;1mlive_cert_bound_bearer_no_cert_is_401_under_require_dpop[0m
2026-09-10T18:17:02.3265728Z [32;1m        PASS[0m [   0.023s] (1211/2739) [35;1msparq-lws-core::pop_mtls[0m [34;1mlive_dpop_token_authenticates_unchanged_under_require_dpop[0m
2026-09-10T18:17:02.3307868Z [32;1m        PASS[0m [   0.014s] (1212/2739) [35;1msparq-lws-core::pop_mtls[0m [34;1mmalformed_cert_binding_is_denied_not_treated_as_unbound[0m
2026-09-10T18:17:02.3830059Z [32;1m        PASS[0m [   0.056s] (1213/2739) [35;1msparq-lws-core::public_read_skip[0m [34;1minv1_skip_path_is_byte_identical_to_full_anonymous_path_head[0m
2026-09-10T18:17:02.3860897Z [32;1m        PASS[0m [   0.055s] (1214/2739) [35;1msparq-lws-core::public_read_skip[0m [34;1minv2_forged_token_on_public_resource_is_rejected_not_served_as_anonymous[0m
2026-09-10T18:17:02.4210209Z [32;1m        PASS[0m [   0.035s] (1215/2739) [35;1msparq-lws-core::public_read_skip[0m [34;1mprivate_resource_still_runs_full_crypto[0m
2026-09-10T18:17:02.4257879Z [32;1m        PASS[0m [   0.039s] (1216/2739) [35;1msparq-lws-core::public_read_skip[0m [34;1minv6_origin_scoped_public_skips_only_for_matching_origin[0m
2026-09-10T18:17:02.4772063Z [32;1m        PASS[0m [   0.056s] (1217/2739) [35;1msparq-lws-core::rate_limit_http[0m [34;1mhealth_probes_are_exempt_even_under_a_tripped_limit[0m
2026-09-10T18:17:02.4789483Z [32;1m        PASS[0m [   0.057s] (1218/2739) [35;1msparq-lws-core::rate_limit_http[0m [34;1mspoofed_rotating_xff_does_not_dodge_the_per_ip_limit[0m
2026-09-10T18:17:02.5949785Z [32;1m        PASS[0m [   0.116s] (1219/2739) [35;1msparq-lws-core::read_path_counters[0m [34;1mget_doc_own_acl_cold_then_warm_pins_k0_counts[0m
2026-09-10T18:17:02.6038005Z [32;1m        PASS[0m [   0.125s] (1220/2739) [35;1msparq-lws-core::read_path_counters[0m [34;1mdeleted_resource_404s_and_a_recreate_never_serves_the_old_cached_body[0m
2026-09-10T18:17:02.6436864Z [32;1m        PASS[0m [   0.048s] (1221/2739) [35;1msparq-lws-core::read_path_counters[0m [34;1mrange_request_over_a_cached_body_slices_correctly_with_0_blob_gets[0m
2026-09-10T18:17:02.6733260Z [32;1m        PASS[0m [   0.071s] (1222/2739) [35;1msparq-lws-core::response_write_coalescing[0m [34;1mreal_public_get_is_single_vectored_write[0m
2026-09-10T18:17:02.6893590Z [32;1m        PASS[0m [   0.016s] (1223/2739) [35;1msparq-lws-core::store[0m [34;1mconcurrent_writes_to_the_same_iri_do_not_collide_on_a_blob_key[0m
2026-09-10T18:17:02.6970612Z [32;1m        PASS[0m [   0.008s] (1224/2739) [35;1msparq-lws-core::store[0m [34;1mcreate_in_container_records_membership[0m
2026-09-10T18:17:02.7042656Z [32;1m        PASS[0m [   0.007s] (1225/2739) [35;1msparq-lws-core::store[0m [34;1mdelete_container_if_empty_detaches_from_parent_and_routes_recreate_clean[0m
2026-09-10T18:17:02.7115015Z [32;1m        PASS[0m [   0.007s] (1226/2739) [35;1msparq-lws-core::store[0m [34;1mdelete_container_if_empty_reports_not_found_for_an_absent_container[0m
2026-09-10T18:17:02.7183741Z [32;1m        PASS[0m [   0.006s] (1227/2739) [35;1msparq-lws-core::store[0m [34;1mdelete_meta_if_empty_folds_the_parent_detach_into_the_one_op[0m
2026-09-10T18:17:02.7254971Z [32;1m        PASS[0m [   0.007s] (1228/2739) [35;1msparq-lws-core::store[0m [34;1mdeleting_a_container_clears_its_own_containment_set[0m
2026-09-10T18:17:02.7320358Z [32;1m        PASS[0m [   0.006s] (1229/2739) [35;1msparq-lws-core::store[0m [34;1mexists_is_false_before_a_write[0m
2026-09-10T18:17:02.7387044Z [32;1m        PASS[0m [   0.006s] (1230/2739) [35;1msparq-lws-core::store[0m [34;1mrejects_an_unsupported_or_absent_content_type[0m
2026-09-10T18:17:02.7470271Z [32;1m        PASS[0m [   0.008s] (1231/2739) [35;1msparq-lws-core::store[0m [34;1mrelative_iris_resolve_against_the_resource_base[0m
2026-09-10T18:17:02.7567785Z [32;1m        PASS[0m [   0.007s] (1232/2739) [35;1msparq-lws-core::store[0m [34;1mvalidates_well_formed_turtle[0m
2026-09-10T18:17:02.7920595Z [32;1m        PASS[0m [   0.148s] (1233/2739) [35;1msparq-lws-core::sparql_endpoint[0m [34;1mprotocol_get_form_post_construct_and_union_default_are_live[0m
2026-09-10T18:17:02.8161852Z [32;1m        PASS[0m [   0.062s] (1234/2739) [35;1msparq-lws-core::store_embedded[0m [34;1mcreate_child_commits_metadata_and_membership_atomically_on_the_engine[0m
2026-09-10T18:17:02.8256389Z [32;1m        PASS[0m [   0.032s] (1235/2739) [35;1msparq-lws-core::store_embedded[0m [34;1mcreate_in_container_twice_keeps_a_single_membership[0m
2026-09-10T18:17:02.8387194Z [32;1m        PASS[0m [   0.022s] (1236/2739) [35;1msparq-lws-core::store_embedded[0m [34;1mdelete_container_if_empty_refuses_a_populated_container[0m
2026-09-10T18:17:02.8428738Z [32;1m        PASS[0m [   0.018s] (1237/2739) [35;1msparq-lws-core::store_embedded[0m [34;1mdelete_is_idempotent_on_absent[0m
2026-09-10T18:17:02.8572970Z [32;1m        PASS[0m [   0.018s] (1238/2739) [35;1msparq-lws-core::store_embedded[0m [34;1mmodified_time_round_trips_through_the_real_engine[0m
2026-09-10T18:17:02.8589895Z [32;1m        PASS[0m [   0.016s] (1239/2739) [35;1msparq-lws-core::store_embedded[0m [34;1mreferenced_blob_keys_on_the_embedded_client_collects_all_pointers[0m
2026-09-10T18:17:02.8689449Z [32;1m        PASS[0m [   0.009s] (1240/2739) [35;1msparq-lws-core::tcp_nodelay[0m [34;1muntuned_accept_leaves_nagle_on_by_default[0m
2026-09-10T18:17:02.8709134Z [32;1m        PASS[0m [   0.014s] (1241/2739) [35;1msparq-lws-core::store_embedded[0m [34;1mwrite_then_read_round_trips_bytes_and_content_type[0m
2026-09-10T18:17:02.9602036Z [32;1m        PASS[0m [   0.088s] (1242/2739) [35;1msparq-lws-core::write_path_counters[0m [34;1mpost_create_counts[0m
2026-09-10T18:17:02.9638442Z [32;1m        PASS[0m [   0.094s] (1243/2739) [35;1msparq-lws-core::transport_header_flood[0m [34;1mrejects_aggregate_header_bytes_above_explicit_bound[0m
2026-09-10T18:17:02.9756814Z [32;1m        PASS[0m [   0.015s] (1244/2739) [35;1msparq-lws-core::bin/sparq-lws-core[0m [36mtests[0m[36m::[0m[34;1mbench_seed_leading_zeros_are_decided_by_integer_value[0m
2026-09-10T18:17:02.9759421Z [32;1m        PASS[0m [   0.012s] (1245/2739) [35;1msparq-lws-core::bin/sparq-lws-core[0m [36mtests[0m[36m::[0m[34;1mbench_seed_whitespace_is_trimmed[0m
2026-09-10T18:17:02.9894708Z [32;1m        PASS[0m [   0.013s] (1246/2739) [35;1msparq-lws-core::bin/sparq-lws-core[0m [36mtests[0m[36m::[0m[34;1mguard1_rejects_durable_sparq_with_inmem_blob[0m
2026-09-10T18:17:02.9907951Z [32;1m        PASS[0m [   0.015s] (1247/2739) [35;1msparq-lws-core::bin/sparq-lws-core[0m [36mtests[0m[36m::[0m[34;1mdurable_classification_matches_the_backend_matrix[0m
2026-09-10T18:17:02.9976984Z [32;1m        PASS[0m [   0.008s] (1248/2739) [35;1msparq-lws-core::bin/sparq-lws-core[0m [36mtests[0m[36m::[0m[34;1mguard2_does_not_fire_when_no_seed_requested[0m
2026-09-10T18:17:03.0023770Z [32;1m        PASS[0m [   0.011s] (1249/2739) [35;1msparq-lws-core::bin/sparq-lws-core[0m [36mtests[0m[36m::[0m[34;1mreplay_max_entries_can_only_raise_never_shrink[0m
2026-09-10T18:17:03.0064628Z [32;1m        PASS[0m [   0.009s] (1250/2739) [35;1msparq-lws-wasm[0m [36mmemory::tests[0m[36m::[0m[34;1ma_zero_ceiling_is_unbounded[0m
2026-09-10T18:17:03.0084828Z [32;1m        PASS[0m [   0.007s] (1251/2739) [35;1msparq-lws-wasm[0m [36mmemory::tests[0m[36m::[0m[34;1mprojection_saturates_instead_of_wrapping[0m
2026-09-10T18:17:03.0129398Z [32;1m        PASS[0m [   0.006s] (1252/2739) [35;1msparq-lws-wasm[0m [36mmemory::tests[0m[36m::[0m[34;1mthe_global_ceiling_round_trips[0m
2026-09-10T18:17:03.0157538Z [32;1m        PASS[0m [   0.006s] (1253/2739) [35;1msparq-lws-wasm[0m [36mpersist::tests[0m[36m::[0m[34;1ma_records_container_is_the_iri_its_replay_depends_on[0m
2026-09-10T18:17:03.0206856Z [32;1m        PASS[0m [   0.006s] (1254/2739) [35;1msparq-lws-wasm[0m [36mpersist::tests[0m[36m::[0m[34;1mdecode_rejects_a_future_format_version[0m
2026-09-10T18:17:03.0209287Z [32;1m        PASS[0m [   0.006s] (1255/2739) [35;1msparq-lws-wasm[0m [36mpersist::tests[0m[36m::[0m[34;1mdecode_rejects_an_over_large_length_prefix_instead_of_allocating[0m
2026-09-10T18:17:03.0249332Z [32;1m        PASS[0m [   0.006s] (1256/2739) [35;1msparq-lws-wasm[0m [36mpersist::tests[0m[36m::[0m[34;1mdecode_rejects_bytes_that_are_not_a_journal[0m
2026-09-10T18:17:03.0267648Z [32;1m        PASS[0m [   0.006s] (1257/2739) [35;1msparq-lws-wasm[0m [36mpersist::tests[0m[36m::[0m[34;1mevery_record_kind_survives_an_encode_decode_round_trip[0m
2026-09-10T18:17:03.0359246Z [32;1m        PASS[0m [   0.009s] (1258/2739) [35;1msparq-mcp[0m [36mprompts::tests[0m[36m::[0m[34;1mmissing_required_argument_is_refused[0m
2026-09-10T18:17:03.0397980Z [32;1m        PASS[0m [   0.012s] (1259/2739) [35;1msparq-mcp[0m [36mprompts::tests[0m[36m::[0m[34;1mclass_overview_interpolates_the_validated_iri[0m
2026-09-10T18:17:03.0538144Z [32;1m        PASS[0m [   0.016s] (1260/2739) [35;1msparq-mcp[0m [36mresources::tests[0m[36m::[0m[34;1mread_dataset_returns_the_void_descriptor[0m
2026-09-10T18:17:03.0687739Z [32;1m        PASS[0m [   0.032s] (1261/2739) [35;1msparq-mcp[0m [36mresources::tests[0m[36m::[0m[34;1ma_named_graph_on_a_reserved_uri_is_not_listed_twice[0m
2026-09-10T18:17:03.0708276Z [32;1m        PASS[0m [   0.015s] (1262/2739) [35;1msparq-mcp[0m [36mresources::tests[0m[36m::[0m[34;1mread_named_graph_returns_only_that_graphs_triples[0m
2026-09-10T18:17:03.0803396Z [32;1m        PASS[0m [   0.011s] (1263/2739) [35;1msparq-mcp[0m [36mshapes::tests[0m[36m::[0m[34;1munknown_class_is_a_helpful_tool_error_not_a_panic[0m
2026-09-10T18:17:03.0833228Z [32;1m        PASS[0m [   0.015s] (1264/2739) [35;1msparq-mcp[0m [36mshapes::tests[0m[36m::[0m[34;1mdatatype_facets_distinguish_literal_from_iri_objects[0m
2026-09-10T18:17:03.1053949Z [32;1m        PASS[0m [   0.022s] (1265/2739) [35;1msparq-mcp::dispatch_edges[0m [34;1minitialized_request_returns_null_result[0m
2026-09-10T18:17:03.1098328Z [32;1m        PASS[0m [   0.028s] (1266/2739) [35;1msparq-mcp::dispatch_edges[0m [34;1mbatch_omits_notification_entries[0m
2026-09-10T18:17:03.1163426Z [32;1m        PASS[0m [   0.011s] (1267/2739) [35;1msparq-mcp::dispatch_edges[0m [34;1mping_returns_empty_object_and_echoes_request_id[0m
2026-09-10T18:17:03.1188806Z [32;1m        PASS[0m [   0.009s] (1268/2739) [35;1msparq-mcp::dispatch_edges[0m [34;1munknown_tool_name_returns_exact_method_not_found_error[0m
2026-09-10T18:17:03.1453473Z [32;1m        PASS[0m [   0.028s] (1269/2739) [35;1msparq-mcp::resources_prompts[0m [34;1mprompts_get_refuses_an_iri_argument_that_escapes_the_iriref[0m
2026-09-10T18:17:03.1575455Z [32;1m        PASS[0m [   0.012s] (1270/2739) [35;1msparq-mcp::resources_prompts[0m [34;1mprompts_list_advertises_the_catalog_with_its_arguments[0m
2026-09-10T18:17:03.1641914Z [32;1m        PASS[0m [   0.046s] (1271/2739) [35;1msparq-mcp::planner_features_default[0m [34;1mdp_planner_forwarded_and_default_on_across_the_mcp_tool_path[0m
2026-09-10T18:17:03.1709882Z [32;1m        PASS[0m [   0.013s] (1272/2739) [35;1msparq-mcp::resources_prompts[0m [34;1mresources_read_of_the_dataset_returns_the_void_descriptor[0m
2026-09-10T18:17:03.1931245Z [32;1m        PASS[0m [   0.022s] (1273/2739) [35;1msparq-mcp::roundtrip[0m [34;1minitialize_accepts_a_supported_proposed_protocol_version[0m
2026-09-10T18:17:03.1978239Z [32;1m        PASS[0m [   0.035s] (1274/2739) [35;1msparq-mcp::resources_prompts[0m [34;1mthe_surfaces_never_mutate_the_graph[0m
2026-09-10T18:17:03.2039142Z [32;1m        PASS[0m [   0.009s] (1275/2739) [35;1msparq-mcp::roundtrip[0m [34;1minitialize_handshake_reports_server_info[0m
2026-09-10T18:17:03.2075793Z [32;1m        PASS[0m [   0.010s] (1276/2739) [35;1msparq-mcp::roundtrip[0m [34;1mmalformed_json_is_invalid_request[0m
2026-09-10T18:17:03.2187355Z [32;1m        PASS[0m [   0.011s] (1277/2739) [35;1msparq-mcp::roundtrip[0m [34;1mshapes_tool_unknown_class_is_a_tool_error_not_a_protocol_error[0m
2026-09-10T18:17:03.2283935Z [32;1m        PASS[0m [   0.010s] (1278/2739) [35;1msparq-mcp::roundtrip[0m [34;1mupdate_refused_when_read_only[0m
2026-09-10T18:17:03.2331137Z [32;1m        PASS[0m [   0.031s] (1279/2739) [35;1msparq-mcp::roundtrip[0m [34;1mquery_tool_runs_real_select[0m
2026-09-10T18:17:03.2429432Z [32;1m        PASS[0m [   0.007s] (1280/2739) [35;1msparq-metamorph[0m [36mdifferential::tests[0m[36m::[0m[34;1mboolean_agreement_passes_and_disagreement_is_a_violation[0m
2026-09-10T18:17:03.2458148Z [32;1m        PASS[0m [   0.013s] (1281/2739) [35;1msparq-metamorph[0m [36maggregate::tests[0m[36m::[0m[34;1mcount_variants_render_as_sparql[0m
2026-09-10T18:17:03.2494775Z [32;1m        PASS[0m [   0.008s] (1282/2739) [35;1msparq-metamorph[0m [36mdistinct::tests[0m[36m::[0m[34;1man_empty_projection_renders_select_distinct_star[0m
2026-09-10T18:17:03.2579227Z [32;1m        PASS[0m [   0.014s] (1283/2739) [35;1msparq-metamorph[0m [36mengine::tests[0m[36m::[0m[34;1mfrom_ntriples_load_failure_is_engine_failure_of_kind_load[0m
2026-09-10T18:17:03.2608442Z [32;1m        PASS[0m [   0.007s] (1284/2739) [35;1msparq-metamorph[0m [36mgenerate::tests[0m[36m::[0m[34;1mbelow_stays_in_range[0m
2026-09-10T18:17:03.2687890Z [32;1m        PASS[0m [   0.012s] (1285/2739) [35;1msparq-metamorph[0m [36mgenerate::tests[0m[36m::[0m[34;1mpredicate_grammar_reaches_every_term_inspection_atom[0m
2026-09-10T18:17:03.2979117Z [32;1m        PASS[0m [   0.039s] (1286/2739) [35;1msparq-metamorph[0m [36mharness::tests[0m[36m::[0m[34;1mcheck_seed_with_injected_mutant_is_flagged[0m
2026-09-10T18:17:03.3057259Z [32;1m        PASS[0m [   0.009s] (1287/2739) [35;1msparq-metamorph[0m [36mharness::tests[0m[36m::[0m[34;1mwindow_report_all_pass_is_fail_closed_on_empty_and_on_any_non_pass[0m
2026-09-10T18:17:03.3137774Z [32;1m        PASS[0m [   0.007s] (1288/2739) [35;1msparq-metamorph[0m [36mledger::tests[0m[36m::[0m[34;1mvalidate_entry_accepts_a_complete_entry[0m
2026-09-10T18:17:03.3213735Z [32;1m        PASS[0m [   0.008s] (1289/2739) [35;1msparq-metamorph[0m [36mnorec::tests[0m[36m::[0m[34;1mis_boolean_true_accepts_both_valid_lexicals_and_nothing_else[0m
2026-09-10T18:17:03.3298231Z [32;1m        PASS[0m [   0.008s] (1290/2739) [35;1msparq-metamorph[0m [36mtlp::tests[0m[36m::[0m[34;1mrun_select_rejects_a_boolean_shape[0m
2026-09-10T18:17:03.3387021Z [32;1m        PASS[0m [   0.008s] (1291/2739) [35;1msparq-metamorph[0m [36mverdict::tests[0m[36m::[0m[34;1moracle_kind_displays_and_serialises[0m
2026-09-10T18:17:03.3634669Z [32;1m        PASS[0m [   0.095s] (1292/2739) [35;1msparq-metamorph[0m [36mharness::tests[0m[36m::[0m[34;1mrun_window_is_deterministic[0m
2026-09-10T18:17:03.3736640Z [32;1m        PASS[0m [   0.010s] (1293/2739) [35;1msparq-metamorph::oracle_self_tests[0m [34;1maggregate_oracle_fails_closed_on_an_erroring_engine[0m
2026-09-10T18:17:03.3803052Z [32;1m        PASS[0m [   0.007s] (1294/2739) [35;1msparq-metamorph::oracle_self_tests[0m [34;1mall_three_oracles_fail_closed_on_an_erroring_engine[0m
2026-09-10T18:17:03.3990532Z [32;1m        PASS[0m [   0.062s] (1295/2739) [35;1msparq-metamorph::edge_determinism_failclosed[0m [34;1mrun_window_reports_the_requested_seed_range[0m
2026-09-10T18:17:03.4209039Z [32;1m        PASS[0m [   0.040s] (1296/2739) [35;1msparq-metamorph::oracle_self_tests[0m [34;1mdifferential_passes_on_two_pristine_sparq_instances[0m
2026-09-10T18:17:03.4244269Z [32;1m        PASS[0m [   0.025s] (1297/2739) [35;1msparq-metamorph::oracle_self_tests[0m [34;1mdistinct_partitions_recombine_by_set_union_not_multiset_union[0m
2026-09-10T18:17:03.4397079Z [32;1m        PASS[0m [   0.015s] (1298/2739) [35;1msparq-metamorph::oracle_self_tests[0m [34;1mlang_atom_exercises_the_full_ebv_trichotomy[0m
2026-09-10T18:17:03.4557817Z [32;1m        PASS[0m [   0.016s] (1299/2739) [35;1msparq-metamorph::oracle_self_tests[0m [34;1mnorec_passes_on_pristine_sparq[0m
2026-09-10T18:17:03.4698310Z [32;1m        PASS[0m [   0.011s] (1300/2739) [35;1msparq-metamorph::oracle_self_tests[0m [34;1mordered_differential_does_not_flag_a_permutation_within_a_tie_run[0m
2026-09-10T18:17:03.4778924Z [32;1m        PASS[0m [   0.011s] (1301/2739) [35;1msparq-metamorph::oracle_self_tests[0m [34;1mordered_differential_passes_on_two_pristine_engines[0m
2026-09-10T18:17:03.4915260Z [32;1m        PASS[0m [   0.013s] (1302/2739) [35;1msparq-metamorph::oracle_self_tests[0m [34;1msum_is_fatal_on_an_aggregate_error_while_count_drops_the_erroring_member[0m
2026-09-10T18:17:03.5093539Z [32;1m        PASS[0m [   0.018s] (1303/2739) [35;1msparq-metamorph::oracle_self_tests[0m [34;1mtlp_flags_the_seeded_wrong_result_mutant[0m
2026-09-10T18:17:03.5358509Z [32;1m        PASS[0m [   0.024s] (1304/2739) [35;1msparq-mpc[0m [36madversarial_tests::field_fuzz[0m[36m::[0m[34;1mfield_axioms_hold_under_fuzz[0m
2026-09-10T18:17:03.5747953Z [32;1m        PASS[0m [   0.041s] (1305/2739) [35;1msparq-mpc[0m [36madversarial_tests::no_fake_crypto[0m[36m::[0m[34;1mrow1_disclosed_join_hidden_path_is_typed_stub[0m
2026-09-10T18:17:03.5863635Z [32;1m        PASS[0m [   0.012s] (1306/2739) [35;1msparq-mpc[0m [36madversarial_tests::no_fake_crypto[0m[36m::[0m[34;1mrow4_attestation_is_typed_stub[0m
2026-09-10T18:17:03.5952440Z [32;1m        PASS[0m [   0.008s] (1307/2739) [35;1msparq-mpc[0m [36madversarial_tests::no_fake_crypto[0m[36m::[0m[34;1mrow6b_per_operator_security_differs_aggregate_vs_equality_open[0m
2026-09-10T18:17:03.5981363Z [32;1m        PASS[0m [   0.177s] (1308/2739) [35;1msparq-metamorph::oracle_self_tests[0m [34;1mgenerated_cases_hold_on_pristine_sparq[0m
2026-09-10T18:17:03.6246421Z [32;1m        PASS[0m [   0.026s] (1309/2739) [35;1msparq-mpc[0m [36madversarial_tests::robust_props[0m[36m::[0m[34;1mexact_threshold_set_never_reports_tampered[0m
2026-09-10T18:17:03.7178647Z [32;1m        PASS[0m [   0.121s] (1310/2739) [35;1msparq-mpc[0m [36madversarial_tests::robust_props[0m[36m::[0m[34;1mdegree_2t_open_corrects_up_to_budget_when_overprovisioned[0m
2026-09-10T18:17:03.7257898Z [32;1m        PASS[0m [   0.008s] (1311/2739) [35;1msparq-mpc[0m [36madversarial_tests::tamper[0m[36m::[0m[34;1mmismatched_points_in_linear_op_are_a_protocol_error[0m
2026-09-10T18:17:03.7334248Z [32;1m        PASS[0m [   0.008s] (1312/2739) [35;1msparq-mpc[0m [36madversarial_tests::tamper[0m[36m::[0m[34;1mtampered_share_in_secure_equality_open_is_detected_when_redundant[0m
2026-09-10T18:17:03.7428045Z [32;1m        PASS[0m [   0.010s] (1313/2739) [35;1msparq-mpc[0m [36madversarial_tests::tamper[0m[36m::[0m[34;1mtampered_share_with_full_redundancy_is_corrected_or_aborts[0m
2026-09-10T18:17:03.7518110Z [32;1m        PASS[0m [   0.007s] (1314/2739) [35;1msparq-mpc[0m [36madversarial_tests::threshold[0m[36m::[0m[34;1mexactly_threshold_plus_one_shares_reconstruct[0m
2026-09-10T18:17:03.7600233Z [32;1m        PASS[0m [   0.010s] (1315/2739) [35;1msparq-mpc[0m [36mauth_compare::tests[0m[36m::[0m[34;1mauth_mul_chain_is_correct_and_tamper_evident[0m
2026-09-10T18:17:03.7709207Z [32;1m        PASS[0m [   0.010s] (1316/2739) [35;1msparq-mpc[0m [36mauth_compare::tests[0m[36m::[0m[34;1mcoordinated_tamper_in_both_reduces_is_caught[0m
2026-09-10T18:17:03.7777210Z [32;1m        PASS[0m [   0.007s] (1317/2739) [35;1msparq-mpc[0m [36mauth_compare::tests[0m[36m::[0m[34;1mempty_mac_check_passes[0m
2026-09-10T18:17:03.7887717Z [32;1m        PASS[0m [   0.008s] (1318/2739) [35;1msparq-mpc[0m [36mauth_compare::tests[0m[36m::[0m[34;1mmac_carry_soundness_distinguished_by_in_reduce_tamper[0m
2026-09-10T18:17:03.8148206Z [32;1m        PASS[0m [   0.028s] (1319/2739) [35;1msparq-mpc[0m [36mauth_compare::tests[0m[36m::[0m[34;1mtamper_in_the_verdict_is_caught[0m
2026-09-10T18:17:04.4548737Z [32;1m        PASS[0m [   0.641s] (1320/2739) [35;1msparq-mpc[0m [36mauth_disclose::tests[0m[36m::[0m[34;1mauth_range_proof_accepts_in_range_and_rejects_out_of_range[0m
2026-09-10T18:17:04.7588590Z [32;1m        PASS[0m [   1.133s] (1321/2739) [35;1msparq-mpc[0m [36madversarial_tests::robust_props[0m[36m::[0m[34;1mrobust_aborts_when_errors_exceed_budget[0m
2026-09-10T18:17:04.7678459Z [32;1m        PASS[0m [   0.008s] (1322/2739) [35;1msparq-mpc[0m [36mauth_disclose::tests[0m[36m::[0m[34;1mmac_check_adopts_a_second_operand_tamper_but_catches_a_first_operand_one[0m
2026-09-10T18:17:05.0656982Z [32;1m        PASS[0m [   0.299s] (1323/2739) [35;1msparq-mpc[0m [36mauth_disclose::tests[0m[36m::[0m[34;1mmatches_semi_honest_disclose_at_full_width[0m
2026-09-10T18:17:05.0948244Z [32;1m        PASS[0m [   0.024s] (1324/2739) [35;1msparq-mpc[0m [36mauth_disclose::tests[0m[36m::[0m[34;1mtamper_in_the_masked_open_is_caught[0m
2026-09-10T18:17:05.1007807Z [32;1m        PASS[0m [   0.009s] (1325/2739) [35;1msparq-mpc[0m [36mauth_disclose::tests[0m[36m::[0m[34;1mtamper_in_the_square_protocol_open_is_caught[0m
2026-09-10T18:17:05.1458445Z [32;1m        PASS[0m [   0.047s] (1326/2739) [35;1msparq-mpc[0m [36mauth_disclose::tests[0m[36m::[0m[34;1mthe_rabbit_decomposition_spends_exactly_one_sigma_open_per_open[0m
2026-09-10T18:17:05.1542525Z [32;1m        PASS[0m [   0.009s] (1327/2739) [35;1msparq-mpc[0m [36mauthenticated::tests[0m[36m::[0m[34;1mauthenticated_share_debug_redacts_mac_shares[0m
2026-09-10T18:17:05.1639757Z [32;1m        PASS[0m [   0.009s] (1328/2739) [35;1msparq-mpc[0m [36mauthenticated::tests[0m[36m::[0m[34;1mlinear_ops_preserve_mac_relation[0m
2026-09-10T18:17:05.1766398Z [32;1m        PASS[0m [   0.012s] (1329/2739) [35;1msparq-mpc[0m [36mauthenticated::tests[0m[36m::[0m[34;1mmac_key_is_never_reconstructed_by_the_api[0m
2026-09-10T18:17:05.1860282Z [32;1m        PASS[0m [   0.009s] (1330/2739) [35;1msparq-mpc[0m [36mauthenticated::tests[0m[36m::[0m[34;1mx_equals_one_cannot_extract_alpha_via_public_api[0m
2026-09-10T18:17:05.1998779Z [32;1m        PASS[0m [   0.012s] (1331/2739) [35;1msparq-mpc[0m [36mbackend::axis_tests[0m[36m::[0m[34;1mcleve_god_value_implies_an_honest_majority_was_proven[0m
2026-09-10T18:17:05.2108238Z [32;1m        PASS[0m [   0.010s] (1332/2739) [35;1msparq-mpc[0m [36mbackend::axis_tests[0m[36m::[0m[34;1mcorruption_threshold_carries_t_and_classifies_regime[0m
2026-09-10T18:17:05.2208202Z [32;1m        PASS[0m [   0.010s] (1333/2739) [35;1msparq-mpc[0m [36mbackend::axis_tests[0m[36m::[0m[34;1mprojection_trust_model_collapses_axis3_to_binary[0m
2026-09-10T18:17:05.2263266Z [32;1m        PASS[0m [   0.008s] (1334/2739) [35;1msparq-mpc[0m [36mbackend::selection_tests[0m[36m::[0m[34;1mrequirement_describe_is_human_readable[0m
2026-09-10T18:17:05.2378886Z [32;1m        PASS[0m [   0.008s] (1335/2739) [35;1msparq-mpc[0m [36mbackend::selection_tests[0m[36m::[0m[34;1msatisfies_covert_epsilon_is_not_silently_downgraded[0m
2026-09-10T18:17:05.2429747Z [32;1m        PASS[0m [   0.008s] (1336/2739) [35;1msparq-mpc[0m [36mbackend::selection_tests[0m[36m::[0m[34;1msatisfies_semi_honest_backend_refused_for_malicious_requirement[0m
2026-09-10T18:17:05.2548460Z [32;1m        PASS[0m [   0.010s] (1337/2739) [35;1msparq-mpc[0m [36mbackend::selection_tests[0m[36m::[0m[34;1mselect_for_operator_judges_each_operator_on_its_own_guarantee[0m
2026-09-10T18:17:05.2621137Z [32;1m        PASS[0m [   0.009s] (1338/2739) [35;1msparq-mpc[0m [36mbackend::selection_tests[0m[36m::[0m[34;1mselect_satisfied_once_a_qualifying_backend_is_registered[0m
2026-09-10T18:17:05.2702988Z [32;1m        PASS[0m [   0.008s] (1339/2739) [35;1msparq-mpc[0m [36mbatched::tests[0m[36m::[0m[34;1mbatched_round_trip_across_party_counts[0m
2026-09-10T18:17:05.2797595Z [32;1m        PASS[0m [   0.007s] (1340/2739) [35;1msparq-mpc[0m [36mbatched::tests[0m[36m::[0m[34;1mper_row_sum_equals_plaintext[0m
2026-09-10T18:17:05.2847405Z [32;1m        PASS[0m [   0.007s] (1341/2739) [35;1msparq-mpc[0m [36mbench::tests[0m[36m::[0m[34;1maggregate_bytes_per_party_grows_with_n[0m
2026-09-10T18:17:05.2918013Z [32;1m        PASS[0m [   0.007s] (1342/2739) [35;1msparq-mpc[0m [36mbench::tests[0m[36m::[0m[34;1mequality_join_is_semi_honest_only_at_n_eq_2t_plus_1[0m
2026-09-10T18:17:05.3007695Z [32;1m        PASS[0m [   0.008s] (1343/2739) [35;1msparq-mpc[0m [36mbench::tests[0m[36m::[0m[34;1mjson_carries_honest_tier_label_and_cells[0m
2026-09-10T18:17:05.3087748Z [32;1m        PASS[0m [   0.007s] (1344/2739) [35;1msparq-mpc[0m [36mbench::tests[0m[36m::[0m[34;1moblivious_sort_costs_more_rounds_than_shuffle_at_same_scale[0m
2026-09-10T18:17:05.3237309Z [32;1m        PASS[0m [   0.017s] (1345/2739) [35;1msparq-mpc[0m [36mbounded_path::tests[0m[36m::[0m[34;1mdedup_collapses_multi_length_to_single_pair[0m
2026-09-10T18:17:05.3367517Z [32;1m        PASS[0m [   0.013s] (1346/2739) [35;1msparq-mpc[0m [36mbounded_path::tests[0m[36m::[0m[34;1mdifferential_exact_k_equals_eval_path[0m
2026-09-10T18:17:05.3506446Z [32;1m        PASS[0m [   0.014s] (1347/2739) [35;1msparq-mpc[0m [36mbounded_path::tests[0m[36m::[0m[34;1mdifferential_range_min_two_excludes_length_one[0m
2026-09-10T18:17:05.3646374Z [32;1m        PASS[0m [   0.014s] (1348/2739) [35;1msparq-mpc[0m [36mbounded_path::tests[0m[36m::[0m[34;1mdifferential_sequence_with_repetition_element[0m
2026-09-10T18:17:05.3768046Z [32;1m        PASS[0m [   0.010s] (1349/2739) [35;1msparq-mpc[0m [36mbounded_path::tests[0m[36m::[0m[34;1mmin_greater_than_max_is_protocol_error[0m
2026-09-10T18:17:05.3831147Z [32;1m        PASS[0m [   0.008s] (1350/2739) [35;1msparq-mpc[0m [36mchacha::tests[0m[36m::[0m[34;1mcounter_advances_across_block_boundary[0m
2026-09-10T18:17:05.3908873Z [32;1m        PASS[0m [   0.007s] (1351/2739) [35;1msparq-mpc[0m [36mchacha::tests[0m[36m::[0m[34;1mrfc8439_block_function_vector[0m
2026-09-10T18:17:05.6588151Z [32;1m        PASS[0m [   0.266s] (1352/2739) [35;1msparq-mpc[0m [36mcompare::tests[0m[36m::[0m[34;1mbit_decompose_via_square_protocol_recovers_the_true_bits[0m
2026-09-10T18:17:06.7098247Z [32;1m        PASS[0m [   2.253s] (1353/2739) [35;1msparq-mpc[0m [36mauth_disclose::tests[0m[36m::[0m[34;1mdifferential_malicious_disclose[0m
2026-09-10T18:17:06.8588209Z [32;1m        PASS[0m [   0.146s] (1354/2739) [35;1msparq-mpc[0m [36mcompare::tests[0m[36m::[0m[34;1mdisclose_threshold_in_mpc_multi_holder_sum_boundary[0m
2026-09-10T18:17:06.8737700Z [32;1m        PASS[0m [   0.016s] (1355/2739) [35;1msparq-mpc[0m [36mcompare::tests[0m[36m::[0m[34;1mdisclose_threshold_in_mpc_party_count_fails_closed[0m
2026-09-10T18:17:07.6828183Z [32;1m        PASS[0m [   0.812s] (1356/2739) [35;1msparq-mpc[0m [36mcompare::tests[0m[36m::[0m[34;1mdisclose_threshold_rabbit_matches_plaintext_at_large_magnitudes[0m
2026-09-10T18:17:07.7037677Z [32;1m        PASS[0m [   0.019s] (1357/2739) [35;1msparq-mpc[0m [36mcompare::tests[0m[36m::[0m[34;1mdraw_bit_is_uniform[0m
2026-09-10T18:17:07.7157770Z [32;1m        PASS[0m [   0.012s] (1358/2739) [35;1msparq-mpc[0m [36mcompare::tests[0m[36m::[0m[34;1mequal_to_bit_out_of_range_fails_closed[0m
2026-09-10T18:17:08.4758351Z [32;1m        PASS[0m [   0.759s] (1359/2739) [35;1msparq-mpc[0m [36mcompare::tests[0m[36m::[0m[34;1min_range_sums_pass_the_range_proof_and_give_correct_verdict[0m
2026-09-10T18:17:08.4817461Z [32;1m        PASS[0m [   0.008s] (1360/2739) [35;1msparq-mpc[0m [36mcompare::tests[0m[36m::[0m[34;1mnon_boolean_verdict_is_refused[0m
2026-09-10T18:17:08.6240578Z [32;1m        PASS[0m [   2.967s] (1361/2739) [35;1msparq-mpc[0m [36mcompare::tests[0m[36m::[0m[34;1mdifferential_randomized_stress[0m
2026-09-10T18:17:08.6518076Z [32;1m        PASS[0m [   0.027s] (1362/2739) [35;1msparq-mpc[0m [36mcompare::tests[0m[36m::[0m[34;1mrange_precondition_fails_closed[0m
2026-09-10T18:17:09.3748300Z [32;1m        PASS[0m [   0.891s] (1363/2739) [35;1msparq-mpc[0m [36mcompare::tests[0m[36m::[0m[34;1mrabbit_bit_decompose_recovers_full_field_values[0m
2026-09-10T18:17:09.6538487Z [32;1m        PASS[0m [   0.280s] (1364/2739) [35;1msparq-mpc[0m [36mcompare::tests[0m[36m::[0m[34;1msquare_protocol_bits_are_roughly_uniform[0m
2026-09-10T18:17:09.6798429Z [32;1m        PASS[0m [   0.026s] (1365/2739) [35;1msparq-mpc[0m [36mcompare::tests[0m[36m::[0m[34;1msquare_protocol_solved_bits_consistent_with_cleartext_reference[0m
2026-09-10T18:17:09.6877778Z [32;1m        PASS[0m [   0.008s] (1366/2739) [35;1msparq-mpc[0m [36mfederated_binding::tests[0m[36m::[0m[34;1mattribution_bit_is_bound[0m
2026-09-10T18:17:09.6975113Z [32;1m        PASS[0m [   0.010s] (1367/2739) [35;1msparq-mpc[0m [36mfederated_binding::tests[0m[36m::[0m[34;1mcommitment_digest_binds_holder_arities[0m
2026-09-10T18:17:09.7055862Z [32;1m        PASS[0m [   0.008s] (1368/2739) [35;1msparq-mpc[0m [36mfederated_binding::tests[0m[36m::[0m[34;1mempty_and_duplicate_federations_are_refused[0m
2026-09-10T18:17:09.7147696Z [32;1m        PASS[0m [   0.009s] (1369/2739) [35;1msparq-mpc[0m [36mfederated_binding::tests[0m[36m::[0m[34;1mfederated_layout_is_deterministic_and_sized[0m
2026-09-10T18:17:09.7358035Z [32;1m        PASS[0m [   0.020s] (1370/2739) [35;1msparq-mpc[0m [36mfederated_binding::tests[0m[36m::[0m[34;1mfreshness_tag_covers_every_input[0m
2026-09-10T18:17:09.7538055Z [32;1m        PASS[0m [   0.016s] (1371/2739) [35;1msparq-mpc[0m [36mfederated_binding::tests[0m[36m::[0m[34;1mkey_set_digest_is_canonical[0m
2026-09-10T18:17:09.7727957Z [32;1m        PASS[0m [   0.018s] (1372/2739) [35;1msparq-mpc[0m [36mfederated_binding::tests[0m[36m::[0m[34;1mreplay_is_refused[0m
2026-09-10T18:17:09.7857635Z [32;1m        PASS[0m [   0.015s] (1373/2739) [35;1msparq-mpc[0m [36mfield::tests[0m[36m::[0m[34;1madd_wraps_at_modulus[0m
2026-09-10T18:17:09.8018235Z [32;1m        PASS[0m [   0.016s] (1374/2739) [35;1msparq-mpc[0m [36mfield::tests[0m[36m::[0m[34;1minv_is_multiplicative_inverse[0m
2026-09-10T18:17:09.8188569Z [32;1m        PASS[0m [   0.016s] (1375/2739) [35;1msparq-mpc[0m [36mfield::tests[0m[36m::[0m[34;1mneg_is_additive_inverse[0m
2026-09-10T18:17:09.8334873Z [32;1m        PASS[0m [   0.014s] (1376/2739) [35;1msparq-mpc[0m [36mfield::tests[0m[36m::[0m[34;1msqrt_residue_squares_back_for_residues[0m
2026-09-10T18:17:10.0748289Z [32;1m        PASS[0m [   0.241s] (1377/2739) [35;1msparq-mpc[0m [36mhidden_distinct::tests[0m[36m::[0m[34;1mdistinct_collapses_duplicate_secret_pairs[0m
2026-09-10T18:17:10.0807625Z [32;1m        PASS[0m [   0.008s] (1378/2739) [35;1msparq-mpc[0m [36mhidden_distinct::tests[0m[36m::[0m[34;1mout_of_range_key_fails_closed[0m
2026-09-10T18:17:10.0901512Z [32;1m        PASS[0m [   0.007s] (1379/2739) [35;1msparq-mpc[0m [36mhidden_distinct::tests[0m[36m::[0m[34;1mtoo_few_parties_fails_closed[0m
2026-09-10T18:17:10.0957632Z [32;1m        PASS[0m [   0.007s] (1380/2739) [35;1msparq-mpc[0m [36mhidden_path::bounded_tests[0m[36m::[0m[34;1mbounded_empty_alternation_is_rejected[0m
2026-09-10T18:17:10.1017601Z [32;1m        PASS[0m [   0.007s] (1381/2739) [35;1msparq-mpc[0m [36mhidden_path::bounded_tests[0m[36m::[0m[34;1mbounded_oversized_unroll_is_rejected[0m
2026-09-10T18:17:10.1618160Z [32;1m        PASS[0m [   0.059s] (1382/2739) [35;1msparq-mpc[0m [36mhidden_path::bounded_tests[0m[36m::[0m[34;1mdifferential_alternation_equals_plaintext[0m
2026-09-10T18:17:10.3789471Z [32;1m        PASS[0m [   0.218s] (1383/2739) [35;1msparq-mpc[0m [36mhidden_path::bounded_tests[0m[36m::[0m[34;1mdifferential_one_to_k_equals_plaintext[0m
2026-09-10T18:17:10.4248944Z [32;1m        PASS[0m [   0.045s] (1384/2739) [35;1msparq-mpc[0m [36mhidden_path::bounded_tests[0m[36m::[0m[34;1mdifferential_reflexive_dedups_with_cycle[0m
2026-09-10T18:17:10.4386289Z [32;1m        PASS[0m [   0.015s] (1385/2739) [35;1msparq-mpc[0m [36mhidden_path::planner::tests[0m[36m::[0m[34;1malternation_arity_blowup_is_rejected[0m
2026-09-10T18:17:10.4520145Z [32;1m        PASS[0m [   0.013s] (1386/2739) [35;1msparq-mpc[0m [36mhidden_path::planner::tests[0m[36m::[0m[34;1mcomm_counter_is_deterministic[0m
2026-09-10T18:17:10.4620544Z [32;1m        PASS[0m [   0.009s] (1387/2739) [35;1msparq-mpc[0m [36mhidden_path::planner::tests[0m[36m::[0m[34;1mmatrix_runner_emits_a_bounded_path_cell[0m
2026-09-10T18:17:10.4681927Z [32;1m        PASS[0m [   0.007s] (1388/2739) [35;1msparq-mpc[0m [36mhidden_path::planner::tests[0m[36m::[0m[34;1msmall_bound_is_planned_with_projected_sizes[0m
2026-09-10T18:17:10.4767527Z [32;1m        PASS[0m [   0.007s] (1389/2739) [35;1msparq-mpc[0m [36mhidden_path::planner::tests[0m[36m::[0m[34;1munbounded_star_is_refused_too[0m
2026-09-10T18:17:10.4867599Z [32;1m        PASS[0m [   0.012s] (1390/2739) [35;1msparq-mpc[0m [36mhidden_path::tests[0m[36m::[0m[34;1mdifferential_exact_1_equals_edges[0m
2026-09-10T18:17:10.5084867Z [32;1m        PASS[0m [   0.022s] (1391/2739) [35;1msparq-mpc[0m [36mhidden_path::tests[0m[36m::[0m[34;1mdifferential_no_chain_yields_empty[0m
2026-09-10T18:17:10.9274118Z [32;1m        PASS[0m [   0.418s] (1392/2739) [35;1msparq-mpc[0m [36mhidden_path::tests[0m[36m::[0m[34;1mresult_is_shuffle_seed_invariant[0m
2026-09-10T18:17:10.9388916Z [32;1m        PASS[0m [   0.009s] (1393/2739) [35;1msparq-mpc[0m [36mholder::tests[0m[36m::[0m[34;1mmalformed_fragment_is_a_real_local_error[0m
2026-09-10T18:17:10.9497777Z [32;1m        PASS[0m [   0.009s] (1394/2739) [35;1msparq-mpc[0m [36mjoin::batched_hidden_value_tests[0m[36m::[0m[34;1mforged_match_attempt_fails[0m
2026-09-10T18:17:11.0930980Z [32;1m        PASS[0m [   0.145s] (1395/2739) [35;1msparq-mpc[0m [36mjoin::batched_hidden_value_tests[0m[36m::[0m[34;1mfully_oblivious_matches_leaky_batched_result[0m
2026-09-10T18:17:11.1388503Z [32;1m        PASS[0m [   0.047s] (1396/2739) [35;1msparq-mpc[0m [36mjoin::batched_hidden_value_tests[0m[36m::[0m[34;1mfully_oblivious_positional_differential_equals_plaintext[0m
2026-09-10T18:17:11.1488038Z [32;1m        PASS[0m [   0.009s] (1397/2739) [35;1msparq-mpc[0m [36mjoin::batched_hidden_value_tests[0m[36m::[0m[34;1mkeyed_differential_equals_plaintext_across_party_counts[0m
2026-09-10T18:17:11.1557670Z [32;1m        PASS[0m [   0.008s] (1398/2739) [35;1msparq-mpc[0m [36mjoin::batched_hidden_value_tests[0m[36m::[0m[34;1mkeyed_input_key_count_must_match_rows[0m
2026-09-10T18:17:11.1828194Z [32;1m        PASS[0m [   0.026s] (1399/2739) [35;1msparq-mpc[0m [36mjoin::batched_hidden_value_tests[0m[36m::[0m[34;1moutput_order_is_oblivious_across_seeds[0m
2026-09-10T18:17:11.1927742Z [32;1m        PASS[0m [   0.008s] (1400/2739) [35;1msparq-mpc[0m [36mjoin::batched_hidden_value_tests[0m[36m::[0m[34;1mshared_keys_uses_the_batched_primitive[0m
2026-09-10T18:17:11.1987812Z [32;1m        PASS[0m [   0.008s] (1401/2739) [35;1msparq-mpc[0m [36mjoin::hidden_value_tests[0m[36m::[0m[34;1mdifferential_multi_match_fanout[0m
2026-09-10T18:17:11.2057549Z [32;1m        PASS[0m [   0.007s] (1402/2739) [35;1msparq-mpc[0m [36mjoin::hidden_value_tests[0m[36m::[0m[34;1msecure_equal_does_not_falsely_guard_party_count[0m
2026-09-10T18:17:11.2157625Z [32;1m        PASS[0m [   0.007s] (1403/2739) [35;1msparq-mpc[0m [36mjoin::hidden_value_tests[0m[36m::[0m[34;1msecure_equal_primitive_is_correct[0m
2026-09-10T18:17:11.2247790Z [32;1m        PASS[0m [   0.009s] (1404/2739) [35;1msparq-mpc[0m [36mjoin::tests[0m[36m::[0m[34;1mdisclosed_key_join_still_routes_hidden_path_away[0m
2026-09-10T18:17:11.2347839Z [32;1m        PASS[0m [   0.012s] (1405/2739) [35;1msparq-mpc[0m [36mjoin::tests[0m[36m::[0m[34;1mjoin_key_absent_from_a_partial_is_a_protocol_error[0m
2026-09-10T18:17:11.2428022Z [32;1m        PASS[0m [   0.007s] (1406/2739) [35;1msparq-mpc[0m [36mmetrics::tests[0m[36m::[0m[34;1maggregate_is_zero_mult_one_open[0m
2026-09-10T18:17:11.2497901Z [32;1m        PASS[0m [   0.007s] (1407/2739) [35;1msparq-mpc[0m [36mmetrics::tests[0m[36m::[0m[34;1mbytes_per_party_scales_with_opens[0m
2026-09-10T18:17:11.2598019Z [32;1m        PASS[0m [   0.008s] (1408/2739) [35;1msparq-mpc[0m [36mmetrics::tests[0m[36m::[0m[34;1mone_equality_is_one_mult_one_open[0m
2026-09-10T18:17:11.2667961Z [32;1m        PASS[0m [   0.008s] (1409/2739) [35;1msparq-mpc[0m [36mnetprofiles::tests[0m[36m::[0m[34;1mapply_commands_target_the_named_iface[0m
2026-09-10T18:17:11.2758022Z [32;1m        PASS[0m [   0.008s] (1410/2739) [35;1msparq-mpc[0m [36mnetprofiles::tests[0m[36m::[0m[34;1mnetem_args_render_the_literature_profiles[0m
2026-09-10T18:17:11.2827696Z [32;1m        PASS[0m [   0.008s] (1411/2739) [35;1msparq-mpc[0m [36mnetprofiles::tests[0m[36m::[0m[34;1mwan_profile_has_loss_and_jitter[0m
2026-09-10T18:17:11.2887656Z [32;1m        PASS[0m [   0.007s] (1412/2739) [35;1msparq-mpc[0m [36moblivious::tests[0m[36m::[0m[34;1mrandom_permutation_rejects_oversized_and_is_valid_below[0m
2026-09-10T18:17:11.2987968Z [32;1m        PASS[0m [   0.007s] (1413/2739) [35;1msparq-mpc[0m [36moblivious::tests[0m[36m::[0m[34;1mshuffle_cost_model_is_derived_from_n[0m
2026-09-10T18:17:11.3117480Z [32;1m        PASS[0m [   0.015s] (1414/2739) [35;1msparq-mpc[0m [36moblivious::tests[0m[36m::[0m[34;1mshuffle_reaches_all_permutations_of_four[0m
2026-09-10T18:17:11.3238111Z [32;1m        PASS[0m [   0.010s] (1415/2739) [35;1msparq-mpc[0m [36moblivious::tests[0m[36m::[0m[34;1msort_cost_model_matches_network[0m
2026-09-10T18:17:11.3307591Z [32;1m        PASS[0m [   0.008s] (1416/2739) [35;1msparq-mpc[0m [36moblivious::tests[0m[36m::[0m[34;1msort_with_disclosed_keys_sound_path[0m
2026-09-10T18:17:11.4414970Z [32;1m        PASS[0m [   0.112s] (1417/2739) [35;1msparq-mpc[0m [36moblivious::tests[0m[36m::[0m[34;1mwaksman_has_full_support_after_optimization[0m
2026-09-10T18:17:11.4525263Z [32;1m        PASS[0m [   0.011s] (1418/2739) [35;1msparq-mpc[0m [36moblivious::tests[0m[36m::[0m[34;1mwaksman_switch_count_is_log_linear[0m
2026-09-10T18:17:11.4617433Z [32;1m        PASS[0m [   0.008s] (1419/2739) [35;1msparq-mpc[0m [36moblivious_join::tests[0m[36m::[0m[34;1mall_match_and_no_match_boundaries[0m
2026-09-10T18:17:11.4902602Z [32;1m        PASS[0m [   0.029s] (1420/2739) [35;1msparq-mpc[0m [36moblivious_join::tests[0m[36m::[0m[34;1mhidden_key_path_matches_plaintext_all_pairs[0m
2026-09-10T18:17:11.4997770Z [32;1m        PASS[0m [   0.009s] (1421/2739) [35;1msparq-mpc[0m [36moblivious_join::tests[0m[36m::[0m[34;1moblivious_join_output_yields_partial_result[0m
2026-09-10T18:17:11.5108665Z [32;1m        PASS[0m [   0.009s] (1422/2739) [35;1msparq-mpc[0m [36moblivious_join::tests[0m[36m::[0m[34;1mpads_with_pure_dummies_up_to_bound[0m
2026-09-10T18:17:11.5256780Z [32;1m        PASS[0m [   0.017s] (1423/2739) [35;1msparq-mpc[0m [36moblivious_join::tests[0m[36m::[0m[34;1mreal_multiset_is_shuffle_invariant[0m
2026-09-10T18:17:11.5365839Z [32;1m        PASS[0m [   0.011s] (1424/2739) [35;1msparq-mpc[0m [36moblivious_join::tests[0m[36m::[0m[34;1msecret_shared_match_bit_select_is_correct[0m
2026-09-10T18:17:11.5544260Z [32;1m        PASS[0m [   0.017s] (1425/2739) [35;1msparq-mpc[0m [36mowa_omission_tests[0m[36m::[0m[34;1mdropped_holder_cannot_forge_and_is_not_yet_detectable[0m
2026-09-10T18:17:11.5708379Z [32;1m        PASS[0m [   0.014s] (1426/2739) [35;1msparq-mpc[0m [36mowa_omission_tests[0m[36m::[0m[34;1momitted_row_drops_dependent_answers_without_forging[0m
2026-09-10T18:17:11.6348634Z [32;1m        PASS[0m [   0.064s] (1427/2739) [35;1msparq-mpc[0m [36mpipeline::tests[0m[36m::[0m[34;1mdisclosed_key_set_is_canonical_set_order_and_multiplicity_invariant[0m
2026-09-10T18:17:11.6608669Z [32;1m        PASS[0m [   0.028s] (1428/2739) [35;1msparq-mpc[0m [36mpipeline::tests[0m[36m::[0m[34;1mfour_flatmates_over_100k_full_pipeline[0m
2026-09-10T18:17:11.6908454Z [32;1m        PASS[0m [   0.029s] (1429/2739) [35;1msparq-mpc[0m [36mpipeline::tests[0m[36m::[0m[34;1mproof_prove_stays_the_honest_stub[0m
2026-09-10T18:17:11.7068161Z [32;1m        PASS[0m [   0.016s] (1430/2739) [35;1msparq-mpc[0m [36mprss::tests[0m[36m::[0m[34;1many_t_plus_one_shares_reconstruct_the_same_value[0m
2026-09-10T18:17:11.7418434Z [32;1m        PASS[0m [   0.034s] (1431/2739) [35;1msparq-mpc[0m [36mprss::tests[0m[36m::[0m[34;1meach_draw_advances_the_counter_and_yields_a_fresh_mask[0m
2026-09-10T18:17:11.8632704Z [32;1m        PASS[0m [   0.124s] (1432/2739) [35;1msparq-mpc[0m [36mprss::tests[0m[36m::[0m[34;1mno_share_uses_a_seed_its_party_does_not_hold[0m
2026-09-10T18:17:11.8727805Z [32;1m        PASS[0m [   0.008s] (1433/2739) [35;1msparq-mpc[0m [36mprss::tests[0m[36m::[0m[34;1mprf_is_domain_separated_by_seed_and_counter[0m
2026-09-10T18:17:11.8787652Z [32;1m        PASS[0m [   0.007s] (1434/2739) [35;1msparq-mpc[0m [36mprss::tests[0m[36m::[0m[34;1mseed_count_is_exact_below_the_cap_and_none_above[0m
2026-09-10T18:17:12.1527117Z [32;1m        PASS[0m [   3.500s] (1435/2739) [35;1msparq-mpc[0m [36mcompare::tests[0m[36m::[0m[34;1mrange_proof_recompose_clause_catches_field_wrap_that_magnitude_alone_would_miss[0m
2026-09-10T18:17:12.1593199Z [32;1m        PASS[0m [   0.008s] (1436/2739) [35;1msparq-mpc[0m [36mrandomness::tests[0m[36m::[0m[34;1mdealer_less_models_are_descriptive_not_deployable[0m
2026-09-10T18:17:12.1669350Z [32;1m        PASS[0m [   0.008s] (1437/2739) [35;1msparq-mpc[0m [36mrandomness::tests[0m[36m::[0m[34;1mshared_mask_is_a_full_degree_t_sharing[0m
2026-09-10T18:17:12.1749869Z [32;1m        PASS[0m [   0.008s] (1438/2739) [35;1msparq-mpc[0m [36mrng::tests[0m[36m::[0m[34;1minsecure_test_rng_is_deterministic_and_canonical[0m
2026-09-10T18:17:12.1846304Z [32;1m        PASS[0m [   0.008s] (1439/2739) [35;1msparq-mpc[0m [36mrng::tests[0m[36m::[0m[34;1msecure_rng_from_os_seed_path_still_unpredictable[0m
2026-09-10T18:17:12.1919352Z [32;1m        PASS[0m [   0.009s] (1440/2739) [35;1msparq-mpc[0m [36mrng::tests[0m[36m::[0m[34;1msecure_rng_two_instances_differ[0m
2026-09-10T18:17:12.2024597Z [32;1m        PASS[0m [   0.010s] (1441/2739) [35;1msparq-mpc[0m [36mrobust::tests[0m[36m::[0m[34;1mattributed_no_redundancy_empty_cheaters[0m
2026-09-10T18:17:12.2120210Z [32;1m        PASS[0m [   0.009s] (1442/2739) [35;1msparq-mpc[0m [36mrobust::tests[0m[36m::[0m[34;1mcheck_distinct_points_rejects_repeats[0m
2026-09-10T18:17:12.2208112Z [32;1m        PASS[0m [   0.008s] (1443/2739) [35;1msparq-mpc[0m [36mrobust::tests[0m[36m::[0m[34;1mdetects_single_tamper_with_full_redundancy_when_e_zero_not_enough[0m
2026-09-10T18:17:12.2328024Z [32;1m        PASS[0m [   0.010s] (1444/2739) [35;1msparq-mpc[0m [36mrobust::tests[0m[36m::[0m[34;1mfor_each_combination_enumerates_exact_subsets[0m
2026-09-10T18:17:12.2379270Z [32;1m        PASS[0m [   0.008s] (1445/2739) [35;1msparq-mpc[0m [36mrobust::tests[0m[36m::[0m[34;1mpoly_divmod_by_zero_polynomial_is_none[0m
2026-09-10T18:17:12.2467805Z [32;1m        PASS[0m [   0.007s] (1446/2739) [35;1msparq-mpc[0m [36mrobust::tests[0m[36m::[0m[34;1mpoly_mul_linear_multiplies_by_x_plus_c[0m
2026-09-10T18:17:12.2547657Z [32;1m        PASS[0m [   0.007s] (1447/2739) [35;1msparq-mpc[0m [36mrobust::tests[0m[36m::[0m[34;1muntampered_full_set_reconstructs[0m
2026-09-10T18:17:12.2678231Z [32;1m        PASS[0m [   0.013s] (1448/2739) [35;1msparq-mpc[0m [36mshamir::tests[0m[36m::[0m[34;1mcancelling_tampers_are_caught_because_the_challenges_are_random[0m
2026-09-10T18:17:12.2737872Z [32;1m        PASS[0m [   0.007s] (1449/2739) [35;1msparq-mpc[0m [36mshamir::tests[0m[36m::[0m[34;1mdegree_reduce_deficient_backend_fails_closed_not_panics[0m
2026-09-10T18:17:12.2837943Z [32;1m        PASS[0m [   0.008s] (1450/2739) [35;1msparq-mpc[0m [36mshamir::tests[0m[36m::[0m[34;1mdegree_reduce_round_trips_single_product[0m
2026-09-10T18:17:12.2887007Z [32;1m        PASS[0m [   0.007s] (1451/2739) [35;1msparq-mpc[0m [36mshamir::tests[0m[36m::[0m[34;1mextract_integer_vector_rejects_multi_column_row[0m
2026-09-10T18:17:12.2987812Z [32;1m        PASS[0m [   0.008s] (1452/2739) [35;1msparq-mpc[0m [36mshamir::tests[0m[36m::[0m[34;1mmac_check_challenges_are_bound_to_the_fixed_shares[0m
2026-09-10T18:17:12.3047731Z [32;1m        PASS[0m [   0.007s] (1453/2739) [35;1msparq-mpc[0m [36mshamir::tests[0m[36m::[0m[34;1mn_too_small_is_a_protocol_error[0m
2026-09-10T18:17:12.3104707Z [32;1m        PASS[0m [   0.007s] (1454/2739) [35;1msparq-mpc[0m [36mshamir::tests[0m[36m::[0m[34;1mreduced_sharing_is_genuinely_degree_t[0m
2026-09-10T18:17:12.3228139Z [32;1m        PASS[0m [   0.010s] (1455/2739) [35;1msparq-mpc[0m [36mshamir::tests[0m[36m::[0m[34;1mshare_private_input_from_holder_roundtrips[0m
2026-09-10T18:17:12.3424146Z [32;1m        PASS[0m [   0.022s] (1456/2739) [35;1msparq-mpc[0m [36mshamir::tests[0m[36m::[0m[34;1mtamper_anywhere_in_the_batch_aborts_before_any_value_is_returned[0m
2026-09-10T18:17:12.3501573Z [32;1m        PASS[0m [   0.008s] (1457/2739) [35;1msparq-mpc[0m [36mterm_encode::tests[0m[36m::[0m[34;1mblank_nodes_keyed_by_label[0m
2026-09-10T18:17:12.3570898Z [32;1m        PASS[0m [   0.007s] (1458/2739) [35;1msparq-mpc[0m [36mterm_encode::tests[0m[36m::[0m[34;1mdomain_tag_changes_the_output[0m
2026-09-10T18:17:12.3643387Z [32;1m        PASS[0m [   0.007s] (1459/2739) [35;1msparq-mpc[0m [36mterm_encode::tests[0m[36m::[0m[34;1miri_and_literal_with_same_inner_bytes_differ[0m
2026-09-10T18:17:12.3718946Z [32;1m        PASS[0m [   0.007s] (1460/2739) [35;1msparq-mpc[0m [36mterm_encode::tests[0m[36m::[0m[34;1msha2_byte_stability_known_answers[0m
2026-09-10T18:17:12.3873892Z [32;1m        PASS[0m [   0.015s] (1461/2739) [35;1msparq-mpc[0m [36mtransport::tests[0m[36m::[0m[34;1mnetworked_aggregate_matches_in_process[0m
2026-09-10T18:17:12.3987976Z [32;1m        PASS[0m [   0.010s] (1462/2739) [35;1msparq-mpc[0m [36mtransport::tests[0m[36m::[0m[34;1mnetworked_join_allows_n2_degenerate_t0[0m
2026-09-10T18:17:12.4067659Z [32;1m        PASS[0m [   0.008s] (1463/2739) [35;1msparq-mpc[0m [36mtransport::tests[0m[36m::[0m[34;1mnetworked_shuffle_rejects_empty_column[0m
2026-09-10T18:17:12.4120681Z [32;1m        PASS[0m [   0.007s] (1464/2739) [35;1msparq-mpc[0m [36mwitness_validation_tests::gate_state[0m[36m::[0m[34;1mdeferred_prover_never_proves_over_any_witness[0m
2026-09-10T18:17:12.4187701Z [32;1m        PASS[0m [   0.006s] (1465/2739) [35;1msparq-mpc::proof_deferred[0m [34;1mprove_is_honestly_deferred_with_a_gate_naming_error[0m
2026-09-10T18:17:12.4248141Z [32;1m        PASS[0m [   0.007s] (1466/2739) [35;1msparq-mpc::transport_codec[0m [34;1mevery_message_variant_round_trips_through_a_channel[0m
2026-09-10T18:17:12.4319091Z [32;1m        PASS[0m [   0.007s] (1467/2739) [35;1msparq-mpc::transport_codec[0m [34;1mshare_count_exceeding_payload_is_rejected[0m
2026-09-10T18:17:12.4393985Z [32;1m        PASS[0m [   0.007s] (1468/2739) [35;1msparq-mpc::transport_codec[0m [34;1mstep_frame_missing_opcode_is_rejected[0m
2026-09-10T18:17:12.4481567Z [32;1m        PASS[0m [   0.008s] (1469/2739) [35;1msparq-mpc::transport_codec[0m [34;1mtruncated_body_is_rejected[0m
2026-09-10T18:17:12.4551201Z [32;1m        PASS[0m [   0.007s] (1470/2739) [35;1msparq-mpc::transport_codec[0m [34;1mvalid_swap_flags_decode_to_the_right_boolean[0m
2026-09-10T18:17:12.5020627Z [32;1m        PASS[0m [   0.047s] (1471/2739) [35;1msparq-nlq[0m [36mconstrain::tests[0m[36m::[0m[34;1mconstruct_walks_both_template_and_where[0m
2026-09-10T18:17:12.5148498Z [32;1m        PASS[0m [   0.010s] (1472/2739) [35;1msparq-nlq[0m [36mconstrain::tests[0m[36m::[0m[34;1mfunction_call_if_and_coalesce_expression_args_are_walked[0m
2026-09-10T18:17:12.5234642Z [32;1m        PASS[0m [   0.011s] (1473/2739) [35;1msparq-nlq[0m [36mconstrain::tests[0m[36m::[0m[34;1mminus_descends_into_both_branches[0m
2026-09-10T18:17:12.5337009Z [32;1m        PASS[0m [   0.010s] (1474/2739) [35;1msparq-nlq[0m [36mconstrain::tests[0m[36m::[0m[34;1mproperty_path_predicate_is_checked[0m
2026-09-10T18:17:12.5469656Z [32;1m        PASS[0m [   0.011s] (1475/2739) [35;1msparq-nlq[0m [36mconstrain::tests[0m[36m::[0m[34;1mquoted_triple_subject_and_object_predicates_are_descended[0m
2026-09-10T18:17:12.5598311Z [32;1m        PASS[0m [   0.014s] (1476/2739) [35;1msparq-nlq[0m [36mconstrain::tests[0m[36m::[0m[34;1msame_iri_in_predicate_and_class_role_are_distinct_reports[0m
2026-09-10T18:17:12.5706896Z [32;1m        PASS[0m [   0.010s] (1477/2739) [35;1msparq-nlq[0m [36mconstrain::tests[0m[36m::[0m[34;1munion_descends_into_both_branches[0m
2026-09-10T18:17:12.5787808Z [32;1m        PASS[0m [   0.008s] (1478/2739) [35;1msparq-nlq[0m [36mconstrain::tests[0m[36m::[0m[34;1munknown_predicate_is_flagged_with_same_namespace_suggestion[0m
2026-09-10T18:17:12.6012697Z [32;1m        PASS[0m [   0.022s] (1479/2739) [35;1msparq-nlq[0m [36meval::tests[0m[36m::[0m[34;1manswer_set_is_order_independent[0m
2026-09-10T18:17:12.6147072Z [32;1m        PASS[0m [   0.013s] (1480/2739) [35;1msparq-nlq[0m [36meval::tests[0m[36m::[0m[34;1mf1_one_side_empty_scores_zero_and_is_not_exact[0m
2026-09-10T18:17:12.6330249Z [32;1m        PASS[0m [   0.018s] (1481/2739) [35;1msparq-nlq[0m [36meval::tests[0m[36m::[0m[34;1moracle_linking_scores_perfect_without_the_llm[0m
2026-09-10T18:17:12.6467654Z [32;1m        PASS[0m [   0.011s] (1482/2739) [35;1msparq-nlq[0m [36mguard::tests[0m[36m::[0m[34;1mexpression_walk_reaches_every_operator_arm[0m
2026-09-10T18:17:12.6527448Z [32;1m        PASS[0m [   0.007s] (1483/2739) [35;1msparq-nlq[0m [36mguard::tests[0m[36m::[0m[34;1mfences_are_neutralized_but_inline_backticks_survive[0m
2026-09-10T18:17:12.6617411Z [32;1m        PASS[0m [   0.008s] (1484/2739) [35;1msparq-nlq[0m [36mguard::tests[0m[36m::[0m[34;1mordinary_local_queries_are_not_forbidden[0m
2026-09-10T18:17:12.6677341Z [32;1m        PASS[0m [   0.007s] (1485/2739) [35;1msparq-nlq[0m [36mguard::tests[0m[36m::[0m[34;1mtruncate_marks_what_it_dropped[0m
2026-09-10T18:17:12.6783374Z [32;1m        PASS[0m [   0.012s] (1486/2739) [35;1msparq-nlq[0m [36mlink::tests[0m[36m::[0m[34;1mabsent_value_does_not_link[0m
2026-09-10T18:17:12.6928094Z [32;1m        PASS[0m [   0.014s] (1487/2739) [35;1msparq-nlq[0m [36mlink::tests[0m[36m::[0m[34;1mempty_linking_renders_no_section[0m
2026-09-10T18:17:12.7027456Z [32;1m        PASS[0m [   0.009s] (1488/2739) [35;1msparq-nlq[0m [36mlink::tests[0m[36m::[0m[34;1miri_candidates_strip_prose_punctuation[0m
2026-09-10T18:17:12.7129790Z [32;1m        PASS[0m [   0.010s] (1489/2739) [35;1msparq-nlq[0m [36mlink::tests[0m[36m::[0m[34;1mlocal_name_and_word_count_helpers[0m
2026-09-10T18:17:12.7225304Z [32;1m        PASS[0m [   0.009s] (1490/2739) [35;1msparq-nlq[0m [36mlink::tests[0m[36m::[0m[34;1mnon_label_question_is_unaffected_by_verbatim_path[0m
2026-09-10T18:17:12.7337803Z [32;1m        PASS[0m [   0.010s] (1491/2739) [35;1msparq-nlq[0m [36mlink::tests[0m[36m::[0m[34;1mprompt_section_is_deterministic_and_contains_iris[0m
2026-09-10T18:17:12.7413761Z [32;1m        PASS[0m [   0.009s] (1492/2739) [35;1msparq-nlq[0m [36mlink::tests[0m[36m::[0m[34;1munlabelled_entity_still_links_by_verbatim_iri[0m
2026-09-10T18:17:12.7527685Z [32;1m        PASS[0m [   0.009s] (1493/2739) [35;1msparq-nlq[0m [36mlink::tests[0m[36m::[0m[34;1mvalue_linking_is_off_unless_requested[0m
2026-09-10T18:17:12.7617778Z [32;1m        PASS[0m [   0.009s] (1494/2739) [35;1msparq-nlq[0m [36mlink::tests[0m[36m::[0m[34;1mvalue_linking_resolves_a_typed_literal_with_its_datatype[0m
2026-09-10T18:17:12.7705210Z [32;1m        PASS[0m [   0.011s] (1495/2739) [35;1msparq-nlq[0m [36mlink::tests[0m[36m::[0m[34;1mverbatim_iri_in_the_question_links_exactly[0m
2026-09-10T18:17:12.7847993Z [32;1m        PASS[0m [   0.013s] (1496/2739) [35;1msparq-nlq[0m [36mtests[0m[36m::[0m[34;1mask_gives_up_after_the_repair_budget[0m
2026-09-10T18:17:12.7945387Z [32;1m        PASS[0m [   0.011s] (1497/2739) [35;1msparq-nlq[0m [36mtests[0m[36m::[0m[34;1mbudget_trips_surface_as_exec_errors[0m
2026-09-10T18:17:12.8027808Z [32;1m        PASS[0m [   0.007s] (1498/2739) [35;1msparq-nlq[0m [36mtests[0m[36m::[0m[34;1mextract_falls_back_to_anonymous_fence_and_bare_text[0m
2026-09-10T18:17:12.8128704Z [32;1m        PASS[0m [   0.011s] (1499/2739) [35;1msparq-nlq[0m [36mtests[0m[36m::[0m[34;1mlinking_does_not_break_the_ask_loop[0m
2026-09-10T18:17:12.8252628Z [32;1m        PASS[0m [   0.012s] (1500/2739) [35;1msparq-nlq[0m [36mtests[0m[36m::[0m[34;1mprompt_contains_grounding_examples_and_question[0m
2026-09-10T18:17:12.8368004Z [32;1m        PASS[0m [   0.007s] (1501/2739) [35;1msparq-nlq[0m [36mtests[0m[36m::[0m[34;1mreplay_llm_empty_and_malformed_fixtures[0m
2026-09-10T18:17:12.8455319Z [32;1m        PASS[0m [   0.010s] (1502/2739) [35;1msparq-nlq[0m [36mtests[0m[36m::[0m[34;1mvalue_linking_on_injects_the_exact_literal_into_the_prompt[0m
2026-09-10T18:17:12.8783495Z [32;1m        PASS[0m [   0.033s] (1503/2739) [35;1msparq-nlq::constrain_unknown_terms[0m [34;1mnearest_known_ranks_the_closest_typo_first_and_distances_ascend[0m
2026-09-10T18:17:12.8888909Z [32;1m        PASS[0m [   0.011s] (1504/2739) [35;1msparq-nlq::exec_accuracy[0m [34;1molympics_exec_accuracy_replay[0m
2026-09-10T18:17:12.9358593Z [32;1m        PASS[0m [   0.046s] (1505/2739) [35;1msparq-nlq::injection[0m [34;1mgenerated_federation_is_refused_and_never_executed[0m
2026-09-10T18:17:12.9535654Z [32;1m        PASS[0m [   0.019s] (1506/2739) [35;1msparq-nlq::injection[0m [34;1mpoisoned_label_cannot_forge_a_line_in_the_linking_section[0m
2026-09-10T18:17:12.9847835Z [32;1m        PASS[0m [   0.030s] (1507/2739) [35;1msparq-nlq::link_metamorph[0m [34;1mrepeated_links_are_identical_and_fixture_grounded[0m
2026-09-10T18:17:12.9881556Z [32;1m        PASS[0m [   1.110s] (1508/2739) [35;1msparq-mpc[0m [36mprss::tests[0m[36m::[0m[34;1mshared_nonzero_mask_never_shares_zero[0m
2026-09-10T18:17:12.9938828Z [32;1m        PASS[0m [   0.007s] (1509/2739) [35;1msparq-nlq::example/record_olympics[0m [36mtests[0m[36m::[0m[34;1mresults_json_shape_and_keys[0m
2026-09-10T18:17:12.9969006Z [32;1m        PASS[0m [   0.006s] (1510/2739) [35;1msparq-parse[0m [36mtests[0m[36m::[0m[34;1mdecode_gzip_concat_accepts_empty_input[0m
2026-09-10T18:17:13.0001660Z [32;1m        PASS[0m [   0.011s] (1511/2739) [35;1msparq-parse[0m [36mtests[0m[36m::[0m[34;1mcompressed_sink_pushed_tracks_count[0m
2026-09-10T18:17:13.0770183Z [32;1m        PASS[0m [   0.079s] (1512/2739) [35;1msparq-parse[0m [36mtests[0m[36m::[0m[34;1meach_member_decodes_to_its_own_chunk[0m
2026-09-10T18:17:13.1641826Z [32;1m        PASS[0m [   0.164s] (1513/2739) [35;1msparq-parse[0m [36mtests[0m[36m::[0m[34;1mmulti_member_gzip_roundtrips[0m
2026-09-10T18:17:13.1737630Z [32;1m        PASS[0m [   0.007s] (1514/2739) [35;1msparq-parse[0m [36mtests[0m[36m::[0m[34;1msingle_member_gzip_error_advances_cursor[0m
2026-09-10T18:17:13.2698619Z [32;1m        PASS[0m [   0.192s] (1515/2739) [35;1msparq-parse[0m [36mtests[0m[36m::[0m[34;1mparallel_sinks_do_not_deadlock_on_single_thread_pool[0m
2026-09-10T18:17:13.3473789Z [32;1m        PASS[0m [   0.079s] (1516/2739) [35;1msparq-parse[0m [36mtests[0m[36m::[0m[34;1mtrain_dictionary_returns_non_empty_useful_bytes[0m
2026-09-10T18:17:13.3579419Z [32;1m        PASS[0m [   0.010s] (1517/2739) [35;1msparq-parse::empty_chunk_codecs[0m [34;1mserial_chunks_keep_empty_members_and_decode_the_payload[0m
2026-09-10T18:17:13.3668615Z [32;1m        PASS[0m [   0.007s] (1518/2739) [35;1msparq-policy[0m [36meval::instant_tests[0m[36m::[0m[34;1mepoch_day_anchors[0m
2026-09-10T18:17:13.3715110Z [32;1m        PASS[0m [   0.007s] (1519/2739) [35;1msparq-policy[0m [36meval::instant_tests[0m[36m::[0m[34;1mmalformed_inputs_rejected[0m
2026-09-10T18:17:13.3783808Z [32;1m        PASS[0m [   0.006s] (1520/2739) [35;1msparq-policy[0m [36meval::subsumption_tests[0m[36m::[0m[34;1mchain_forward_is_transitive[0m
2026-09-10T18:17:13.3937509Z [32;1m        PASS[0m [   0.013s] (1521/2739) [35;1msparq-policy[0m [36meval::subsumption_tests[0m[36m::[0m[34;1mdeep_chain_full_closure[0m
2026-09-10T18:17:13.4438550Z [32;1m        PASS[0m [   0.050s] (1522/2739) [35;1msparq-policy::odrl_compare[0m [34;1mcompound_constrained_prohibition_is_only_possible[0m
2026-09-10T18:17:13.4655445Z [32;1m        PASS[0m [   0.023s] (1523/2739) [35;1msparq-policy::odrl_compare[0m [34;1mconstrained_permission_vs_unconstrained_prohibition_is_certain[0m
2026-09-10T18:17:13.4905570Z [32;1m        PASS[0m [   0.025s] (1524/2739) [35;1msparq-policy::odrl_compare[0m [34;1mdifferent_targets_no_conflict[0m
2026-09-10T18:17:13.5097523Z [32;1m        PASS[0m [   0.019s] (1525/2739) [35;1msparq-policy::odrl_compare[0m [34;1minner_with_unreachable_target_not_contained[0m
2026-09-10T18:17:13.5278919Z [32;1m        PASS[0m [   0.018s] (1526/2739) [35;1msparq-policy::odrl_compare[0m [34;1mpermission_and_prohibition_same_target_conflict[0m
2026-09-10T18:17:13.5486344Z [32;1m        PASS[0m [   0.021s] (1527/2739) [35;1msparq-policy::odrl_compare[0m [34;1mtighter_numeric_bound_is_contained[0m
2026-09-10T18:17:13.5562083Z [32;1m        PASS[0m [   0.384s] (1528/2739) [35;1msparq-parse[0m [36mtests[0m[36m::[0m[34;1msingle_member_gzip_roundtrips_with_a_single_member_decoder[0m
2026-09-10T18:17:13.5645442Z [32;1m        PASS[0m [   0.015s] (1529/2739) [35;1msparq-policy::odrl_compare[0m [34;1munrefined_prohibition_conflicts_with_targeted_permission[0m
2026-09-10T18:17:13.6001225Z [32;1m        PASS[0m [   0.036s] (1530/2739) [35;1msparq-policy::odrl_conflict_strategy[0m [34;1mparses_unknown_conflict_iri_verbatim[0m
2026-09-10T18:17:13.6018905Z [32;1m        PASS[0m [   0.045s] (1531/2739) [35;1msparq-policy::odrl_conflict_strategy[0m [34;1minvalid_strategy_without_conflict_is_admissible[0m
2026-09-10T18:17:13.6143619Z [32;1m        PASS[0m [   0.014s] (1532/2739) [35;1msparq-policy::odrl_conflict_strategy[0m [34;1munknown_strategy_is_refused[0m
2026-09-10T18:17:13.6497665Z [32;1m        PASS[0m [   0.035s] (1533/2739) [35;1msparq-policy::odrl_constraint_matching[0m [34;1mcyclic_list_on_prohibition_refuses_the_parse[0m
2026-09-10T18:17:13.6512259Z [32;1m        PASS[0m [   0.050s] (1534/2739) [35;1msparq-policy::odrl_constraint_matching[0m [34;1mboth_collections_compose[0m
2026-09-10T18:17:13.6667159Z [32;1m        PASS[0m [   0.017s] (1535/2739) [35;1msparq-policy::odrl_constraint_matching[0m [34;1mempty_or_is_fail_closed[0m
2026-09-10T18:17:13.6689386Z [32;1m        PASS[0m [   0.018s] (1536/2739) [35;1msparq-policy::odrl_constraint_matching[0m [34;1mlist_member_nested_compound_recurses[0m
2026-09-10T18:17:13.6848327Z [32;1m        PASS[0m [   0.016s] (1537/2739) [35;1msparq-policy::odrl_constraint_matching[0m [34;1mlogical_constraint_on_prohibition[0m
2026-09-10T18:17:13.6887921Z [32;1m        PASS[0m [   0.017s] (1538/2739) [35;1msparq-policy::odrl_constraint_matching[0m [34;1mmembership_for_wrong_collection_does_not_match[0m
2026-09-10T18:17:13.6948060Z [32;1m        PASS[0m [   0.007s] (1539/2739) [35;1msparq-policy::odrl_constraint_matching[0m [34;1mparty_collection_members_reports_exactly_the_supplied_evidence[0m
2026-09-10T18:17:13.7014119Z [32;1m        PASS[0m [   0.018s] (1540/2739) [35;1msparq-policy::odrl_constraint_matching[0m [34;1mnested_or_of_ands_time_windows[0m
2026-09-10T18:17:13.7082713Z [32;1m        PASS[0m [   0.015s] (1541/2739) [35;1msparq-policy::odrl_constraint_matching[0m [34;1mparty_collections_retains_declared_collection_identity[0m
2026-09-10T18:17:13.7186558Z [32;1m        PASS[0m [   0.018s] (1542/2739) [35;1msparq-policy::odrl_constraint_matching[0m [34;1mrecipient_is_none_of_excludes_collection_members[0m
2026-09-10T18:17:13.7246919Z [32;1m        PASS[0m [   0.016s] (1543/2739) [35;1msparq-policy::odrl_constraint_matching[0m [34;1mrecipient_prohibition_carves_out_collection_members[0m
2026-09-10T18:17:13.7352852Z [32;1m        PASS[0m [   0.016s] (1544/2739) [35;1msparq-policy::odrl_constraint_matching[0m [34;1muse_prohibition_carves_sub_actions_not_transfer[0m
2026-09-10T18:17:13.7736871Z [32;1m        PASS[0m [   0.048s] (1545/2739) [35;1msparq-policy::odrl_count_stateless[0m [34;1mstateless_gt_excludes_the_bound[0m
2026-09-10T18:17:13.7778563Z [32;1m        PASS[0m [   0.038s] (1546/2739) [35;1msparq-policy::odrl_count_stateless[0m [34;1mstateless_lteq_allows_up_to_and_including_bound[0m
2026-09-10T18:17:13.8198197Z [32;1m        PASS[0m [   0.046s] (1547/2739) [35;1msparq-policy::odrl_eval[0m [34;1mdatetime_not_constrained_when_absent[0m
2026-09-10T18:17:13.8228119Z [32;1m        PASS[0m [   0.050s] (1548/2739) [35;1msparq-policy::odrl_eval[0m [34;1mdatetime_two_sided_window_anded[0m
2026-09-10T18:17:13.8367863Z [32;1m        PASS[0m [   0.016s] (1549/2739) [35;1msparq-policy::odrl_eval[0m [34;1mduty_must_be_discharged[0m
2026-09-10T18:17:13.8408009Z [32;1m        PASS[0m [   0.016s] (1550/2739) [35;1msparq-policy::odrl_eval[0m [34;1meq_matches_across_iri_and_str_value_types[0m
2026-09-10T18:17:13.8494250Z [32;1m        PASS[0m [   0.015s] (1551/2739) [35;1msparq-policy::odrl_eval[0m [34;1mis_part_of_accepts_comma_separated_set[0m
2026-09-10T18:17:13.8578722Z [32;1m        PASS[0m [   0.016s] (1552/2739) [35;1msparq-policy::odrl_eval[0m [34;1mmalformed_numeric_literal_falls_back_to_string[0m
2026-09-10T18:17:13.8682996Z [32;1m        PASS[0m [   0.019s] (1553/2739) [35;1msparq-policy::odrl_eval[0m [34;1mmixed_offset_request_under_z_bound_allows[0m
2026-09-10T18:17:13.8729677Z [32;1m        PASS[0m [   0.017s] (1554/2739) [35;1msparq-policy::odrl_eval[0m [34;1mpermission_grants[0m
2026-09-10T18:17:13.8834894Z [32;1m        PASS[0m [   0.015s] (1555/2739) [35;1msparq-policy::odrl_eval[0m [34;1mprohibition_status_ambiguous_when_no_evidence[0m
2026-09-10T18:17:13.8885832Z [32;1m        PASS[0m [   0.015s] (1556/2739) [35;1msparq-policy::odrl_eval[0m [34;1mprohibition_status_withdrawn_when_constraint_definitely_false[0m
2026-09-10T18:17:13.9003095Z [32;1m        PASS[0m [   0.016s] (1557/2739) [35;1msparq-policy::odrl_eval[0m [34;1mpurpose_match_is_exact_no_hierarchy[0m
2026-09-10T18:17:13.9048497Z [32;1m        PASS[0m [   0.015s] (1558/2739) [35;1msparq-policy::odrl_eval[0m [34;1mpurpose_neq_constraint[0m
2026-09-10T18:17:13.9171752Z [32;1m        PASS[0m [   0.017s] (1559/2739) [35;1msparq-policy::odrl_eval[0m [34;1mpurpose_prohibition_dual[0m
2026-09-10T18:17:13.9199283Z [32;1m        PASS[0m [   0.014s] (1560/2739) [35;1msparq-policy::odrl_eval[0m [34;1mpurpose_subsumption_bulk_taxonomy_builder[0m
2026-09-10T18:17:13.9335910Z [32;1m        PASS[0m [   0.016s] (1561/2739) [35;1msparq-policy::odrl_eval[0m [34;1mrecipient_eq_a_and_neq_b_combined[0m
2026-09-10T18:17:13.9339004Z [32;1m        PASS[0m [   0.016s] (1562/2739) [35;1msparq-policy::odrl_eval[0m [34;1mpurpose_subsumption_prohibition_carves_out_sub_purpose[0m
2026-09-10T18:17:13.9484172Z [32;1m        PASS[0m [   0.014s] (1563/2739) [35;1msparq-policy::odrl_eval[0m [34;1mrecipient_neq_prohibition_dual[0m
2026-09-10T18:17:13.9507978Z [32;1m        PASS[0m [   0.016s] (1564/2739) [35;1msparq-policy::odrl_eval[0m [34;1mrecipient_neq_explicit_context_overrides_party[0m
2026-09-10T18:17:13.9634098Z [32;1m        PASS[0m [   0.015s] (1565/2739) [35;1msparq-policy::odrl_eval[0m [34;1munknown_operator_fails_closed[0m
2026-09-10T18:17:13.9658343Z [32;1m        PASS[0m [   0.014s] (1566/2739) [35;1msparq-policy::odrl_eval[0m [34;1muse_umbrella_action_subsumes[0m
2026-09-10T18:17:14.0205140Z [32;1m        PASS[0m [   0.057s] (1567/2739) [35;1msparq-policy::odrl_hierarchy[0m [34;1mspatial_missing_evidence_unprovable[0m
2026-09-10T18:17:14.0215617Z [32;1m        PASS[0m [   0.058s] (1568/2739) [35;1msparq-policy::odrl_hierarchy[0m [34;1mspatial_exact_region_still_matches_with_or_without_tree[0m
2026-09-10T18:17:14.0359360Z [32;1m        PASS[0m [   0.015s] (1569/2739) [35;1msparq-policy::odrl_hierarchy[0m [34;1mspatial_prohibition_dual[0m
2026-09-10T18:17:14.0665248Z [32;1m        PASS[0m [   0.044s] (1570/2739) [35;1msparq-policy::odrl_right_operand_sets[0m [34;1mdangling_tail_right_operand_refuses_the_parse[0m
2026-09-10T18:17:14.0687686Z [33;1m        SLOW[0m [> 60.000s] (─────────) [35;1msparq-core::mmap_corruption_oracle[0m [34;1mmmap_loader_survives_corruption_raw[0m
2026-09-10T18:17:14.0737526Z [32;1m        PASS[0m [   0.036s] (1571/2739) [35;1msparq-policy::odrl_right_operand_sets[0m [34;1mexplicit_well_formed_cons_cells_still_parse[0m
2026-09-10T18:17:14.0841805Z [32;1m        PASS[0m [   0.017s] (1572/2739) [35;1msparq-policy::odrl_right_operand_sets[0m [34;1mis_any_of_multi_object_every_member_grants[0m
2026-09-10T18:17:14.0885084Z [32;1m        PASS[0m [   0.016s] (1573/2739) [35;1msparq-policy::odrl_right_operand_sets[0m [34;1mlist_right_operand_folds_to_set_encoding[0m
2026-09-10T18:17:14.0976970Z [32;1m        PASS[0m [   0.013s] (1574/2739) [35;1msparq-policy::odrl_right_operand_sets[0m [34;1mmalformed_right_operand_on_prohibition_refuses_the_parse[0m
2026-09-10T18:17:14.1053928Z [32;1m        PASS[0m [   0.016s] (1575/2739) [35;1msparq-policy::odrl_right_operand_sets[0m [34;1mrest_only_head_right_operand_on_permission_refuses_the_parse[0m
2026-09-10T18:17:14.1132443Z [32;1m        PASS[0m [   0.015s] (1576/2739) [35;1msparq-policy::odrl_right_operand_sets[0m [34;1msingle_element_list_keeps_typed_comparison[0m
2026-09-10T18:17:14.1176449Z [32;1m        PASS[0m [   0.012s] (1577/2739) [35;1msparq-policy::odrl_set_operators[0m [34;1mfrom_iri_parses_is_any_of_and_is_none_of[0m
2026-09-10T18:17:14.1581582Z [32;1m        PASS[0m [   0.045s] (1578/2739) [35;1msparq-policy::odrl_set_operators[0m [34;1mis_none_of_empty_set_vacuously_satisfied_with_evidence[0m
2026-09-10T18:17:14.1597927Z [32;1m        PASS[0m [   0.041s] (1579/2739) [35;1msparq-policy::odrl_set_operators[0m [34;1mis_none_of_prohibition_carves_out_non_members[0m
2026-09-10T18:17:14.1751072Z [32;1m        PASS[0m [   0.016s] (1580/2739) [35;1msparq-prov[0m [36mdatetime::tests[0m[36m::[0m[34;1mmonth_boundary_instants_round_trip[0m
2026-09-10T18:17:14.1789191Z [32;1m        PASS[0m [   0.021s] (1581/2739) [35;1msparq-policy::odrl_set_operators[0m [34;1msubsumption_composes_with_is_any_of_and_is_none_of[0m
2026-09-10T18:17:14.1827292Z [32;1m        PASS[0m [   0.007s] (1582/2739) [35;1msparq-prov[0m [36mdatetime::tests[0m[36m::[0m[34;1myear_2100_first_century_correction_date[0m
2026-09-10T18:17:14.1903340Z [32;1m        PASS[0m [   0.008s] (1583/2739) [35;1msparq-prov[0m [36mtests[0m[36m::[0m[34;1mdatetime_literal_clamps_pre_epoch_to_unix_epoch[0m
2026-09-10T18:17:14.2114264Z [32;1m        PASS[0m [   0.021s] (1584/2739) [35;1msparq-prov[0m [36mtests[0m[36m::[0m[34;1mempty_inputs_omit_used_and_derived_edges[0m
2026-09-10T18:17:14.2123482Z [32;1m        PASS[0m [   0.033s] (1585/2739) [35;1msparq-prov[0m [36mtests[0m[36m::[0m[34;1mconstruct_prov_graph_exact_triple_count[0m
2026-09-10T18:17:14.2219354Z [32;1m        PASS[0m [   0.009s] (1586/2739) [35;1msparq-prov[0m [36mtests[0m[36m::[0m[34;1mrejects_non_graph_queries[0m
2026-09-10T18:17:14.2299333Z [32;1m        PASS[0m [   0.018s] (1587/2739) [35;1msparq-prov[0m [36mtests[0m[36m::[0m[34;1mminted_iris_are_stable_for_the_same_derivation[0m
2026-09-10T18:17:14.2327278Z [32;1m        PASS[0m [   0.011s] (1588/2739) [35;1msparq-prov[0m [36mtests[0m[36m::[0m[34;1mwith_inputs_constructor_sets_used_and_defaults[0m
2026-09-10T18:17:14.2405522Z [32;1m        PASS[0m [   0.010s] (1589/2739) [35;1msparq-prov[0m [36mupdate::tests[0m[36m::[0m[34;1mdelete_insert_prov_graph_exact_triple_count[0m
2026-09-10T18:17:14.2474206Z [32;1m        PASS[0m [   0.013s] (1590/2739) [35;1msparq-prov[0m [36mupdate::tests[0m[36m::[0m[34;1mempty_inputs_omit_used_and_derived_edges[0m
2026-09-10T18:17:14.2488227Z [32;1m        PASS[0m [   0.008s] (1591/2739) [35;1msparq-prov[0m [36mupdate::tests[0m[36m::[0m[34;1mhas_top_level_semicolon_brace_depth_truth_table[0m
2026-09-10T18:17:14.2543401Z [32;1m        PASS[0m [   0.008s] (1592/2739) [35;1msparq-prov[0m [36mupdate::tests[0m[36m::[0m[34;1minsert_data_is_a_generation_with_no_where_match[0m
2026-09-10T18:17:14.2598226Z [32;1m        PASS[0m [   0.010s] (1593/2739) [35;1msparq-prov[0m [36mupdate::tests[0m[36m::[0m[34;1minsert_where_is_applied_in_place[0m
2026-09-10T18:17:14.2641094Z [32;1m        PASS[0m [   0.010s] (1594/2739) [35;1msparq-prov[0m [36mupdate::tests[0m[36m::[0m[34;1mis_multi_op_baseline_truth_table[0m
2026-09-10T18:17:14.2684842Z [32;1m        PASS[0m [   0.009s] (1595/2739) [35;1msparq-prov[0m [36mupdate::tests[0m[36m::[0m[34;1mkind_label_strips_base_prologue[0m
2026-09-10T18:17:14.2737821Z [32;1m        PASS[0m [   0.009s] (1596/2739) [35;1msparq-prov[0m [36mupdate::tests[0m[36m::[0m[34;1mminted_iri_for_update_has_exact_known_value[0m
2026-09-10T18:17:14.2815716Z [32;1m        PASS[0m [   0.013s] (1597/2739) [35;1msparq-prov[0m [36mupdate::tests[0m[36m::[0m[34;1mprov_graph_is_valid_rdf_and_round_trips[0m
2026-09-10T18:17:14.2879591Z [32;1m        PASS[0m [   0.015s] (1598/2739) [35;1msparq-prov[0m [36mupdate::tests[0m[36m::[0m[34;1mpure_delete_lineage_round_trips[0m
2026-09-10T18:17:14.2919634Z [32;1m        PASS[0m [   0.010s] (1599/2739) [35;1msparq-prov[0m [36mupdate::tests[0m[36m::[0m[34;1mrejects_query_text_not_an_update[0m
2026-09-10T18:17:14.2969166Z [32;1m        PASS[0m [   0.009s] (1600/2739) [35;1msparq-prov[0m [36mupdate::tests[0m[36m::[0m[34;1mstructural_ops_emit_no_per_triple_entity[0m
2026-09-10T18:17:14.3035190Z [32;1m        PASS[0m [   0.011s] (1601/2739) [35;1msparq-prov[0m [36mupdate::tests[0m[36m::[0m[34;1mupdate_timing_reports_the_captured_instants[0m
2026-09-10T18:17:14.3339239Z [32;1m        PASS[0m [   0.037s] (1602/2739) [35;1msparq-prov::config_and_errors[0m [34;1msuccessful_derivation_reports_recent_ordered_timing[0m
2026-09-10T18:17:14.3830760Z [32;1m        PASS[0m [   0.049s] (1603/2739) [35;1msparq-py::planner_features_default[0m [34;1mdp_planner_installs_and_query_result_correct[0m
2026-09-10T18:17:14.3918350Z [32;1m        PASS[0m [   0.008s] (1604/2739) [35;1msparq-py::term_n3[0m [34;1mrenders_plain_and_typed_literals[0m
2026-09-10T18:17:14.4002506Z [32;1m        PASS[0m [   0.008s] (1605/2739) [35;1msparq-py::term_render_edges[0m [34;1mrenders_empty_literal[0m
2026-09-10T18:17:14.4227757Z [32;1m        PASS[0m [   0.021s] (1606/2739) [35;1msparq-reason[0m [36mincremental::tests[0m[36m::[0m[34;1mdeleted_base_fact_survives_if_still_derivable[0m
2026-09-10T18:17:14.4342181Z [32;1m        PASS[0m [   0.013s] (1607/2739) [35;1msparq-reason[0m [36mincremental::tests[0m[36m::[0m[34;1minsert_of_already_derived_fact_then_unwind[0m
2026-09-10T18:17:14.4484209Z [32;1m        PASS[0m [   0.014s] (1608/2739) [35;1msparq-reason[0m [36mincremental::tests[0m[36m::[0m[34;1mowl_domain_range_only_property_under_active_px[0m
2026-09-10T18:17:14.4578137Z [32;1m        PASS[0m [   0.008s] (1609/2739) [35;1msparq-reason[0m [36mincremental::tests[0m[36m::[0m[34;1mowl_tbox_mutation_rebuilds[0m
2026-09-10T18:17:14.4648169Z [32;1m        PASS[0m [   0.007s] (1610/2739) [35;1msparq-reason[0m [36mincremental::tests[0m[36m::[0m[34;1mtbox_insert_triggers_rebuild_and_is_correct[0m
2026-09-10T18:17:14.4725919Z [32;1m        PASS[0m [   0.009s] (1611/2739) [35;1msparq-reason[0m [36mn3::compiled::tests[0m[36m::[0m[34;1mcompile_counts_rules_and_doc_facts[0m
2026-09-10T18:17:14.4849607Z [32;1m        PASS[0m [   0.012s] (1612/2739) [35;1msparq-reason[0m [36mn3::compiled::tests[0m[36m::[0m[34;1mground_quoted_triple_is_a_plain_constant[0m
2026-09-10T18:17:14.4947618Z [32;1m        PASS[0m [   0.010s] (1613/2739) [35;1msparq-reason[0m [36mn3::compiled::tests[0m[36m::[0m[34;1mlog_uri_both_directions_and_minting[0m
2026-09-10T18:17:14.5049932Z [32;1m        PASS[0m [   0.010s] (1614/2739) [35;1msparq-reason[0m [36mn3::compiled::tests[0m[36m::[0m[34;1mnot_includes_store_scoped_naf[0m
2026-09-10T18:17:14.5217261Z [32;1m        PASS[0m [   0.016s] (1615/2739) [35;1msparq-reason[0m [36mn3::compiled::tests[0m[36m::[0m[34;1mquoted_triple_in_subject_and_object_positions[0m
2026-09-10T18:17:14.5323362Z [32;1m        PASS[0m [   0.011s] (1616/2739) [35;1msparq-reason[0m [36mn3::compiled::tests[0m[36m::[0m[34;1mquoted_triple_repeated_inner_variable[0m
2026-09-10T18:17:14.5739629Z [32;1m        PASS[0m [   0.041s] (1617/2739) [35;1msparq-reason[0m [36mn3::compiled::tests[0m[36m::[0m[34;1mrecursive_ancestor_chain_semi_naive[0m
2026-09-10T18:17:14.6125864Z [32;1m        PASS[0m [   0.037s] (1618/2739) [35;1msparq-reason[0m [36mn3::compiled::tests[0m[36m::[0m[34;1mscrape_and_parent_walk[0m
2026-09-10T18:17:14.6278264Z [32;1m        PASS[0m [   0.015s] (1619/2739) [35;1msparq-reason[0m [36mn3::compiled::tests[0m[36m::[0m[34;1mvariable_predicate_join[0m
2026-09-10T18:17:14.6417906Z [32;1m        PASS[0m [   0.013s] (1620/2739) [35;1msparq-reason[0m [36mn3::parser::parse_surface_tests[0m[36m::[0m[34;1mis_of_inverse_predicate_swaps_subject_object[0m
2026-09-10T18:17:14.6554775Z [32;1m        PASS[0m [   0.015s] (1621/2739) [35;1msparq-reason[0m [36mn3::parser::parse_surface_tests[0m[36m::[0m[34;1mprefixed_names_and_a_keyword_and_base_resolution[0m
2026-09-10T18:17:14.6686348Z [32;1m        PASS[0m [   0.013s] (1622/2739) [35;1msparq-reason[0m [36mn3::parser::resolve_iri_tests[0m[36m::[0m[34;1mexcess_dotdot_does_not_pop_root[0m
2026-09-10T18:17:14.6827949Z [32;1m        PASS[0m [   0.012s] (1623/2739) [35;1msparq-reason[0m [36mn3::serialize::tests[0m[36m::[0m[34;1mrecognises_only_well_formed_premise_blank_names[0m
2026-09-10T18:17:14.6978087Z [32;1m        PASS[0m [   0.014s] (1624/2739) [35;1msparq-reason[0m [36mn3::substrate_seam_differential[0m[36m::[0m[34;1mdiff_exact_decimal_add_sub_mul_pinned[0m
2026-09-10T18:17:14.7098163Z [32;1m        PASS[0m [   0.013s] (1625/2739) [35;1msparq-reason[0m [36mn3::substrate_seam_differential[0m[36m::[0m[34;1mdiff_negation_abs_tier_preserving[0m
2026-09-10T18:17:14.7217867Z [32;1m        PASS[0m [   0.013s] (1626/2739) [35;1msparq-reason[0m [36mn3::tests[0m[36m::[0m[34;1mbackward_chain_three_steps_within_depth[0m
2026-09-10T18:17:14.7343676Z [32;1m        PASS[0m [   0.014s] (1627/2739) [35;1msparq-reason[0m [36mn3::tests[0m[36m::[0m[34;1mbackward_rule_binds_goal_to_list[0m
2026-09-10T18:17:14.7391110Z [32;1m        PASS[0m [   0.435s] (1628/2739) [35;1msparq-prov::proptest_derivation[0m [34;1mupdate_provenance_is_structurally_complete[0m
2026-09-10T18:17:14.7468810Z [32;1m        PASS[0m [   0.013s] (1629/2739) [35;1msparq-reason[0m [36mn3::tests[0m[36m::[0m[34;1mbackward_rule_recursion_bounded[0m
2026-09-10T18:17:14.7471011Z [32;1m        PASS[0m [   0.008s] (1630/2739) [35;1msparq-reason[0m [36mn3::tests[0m[36m::[0m[34;1mfirst_class_list_unification[0m
2026-09-10T18:17:14.7544124Z [32;1m        PASS[0m [   0.007s] (1631/2739) [35;1msparq-reason[0m [36mn3::tests[0m[36m::[0m[34;1mfunctional_string_length[0m
2026-09-10T18:17:14.7559993Z [32;1m        PASS[0m [   0.008s] (1632/2739) [35;1msparq-reason[0m [36mn3::tests[0m[36m::[0m[34;1mfunctional_list_first_last[0m
2026-09-10T18:17:14.7631213Z [32;1m        PASS[0m [   0.009s] (1633/2739) [35;1msparq-reason[0m [36mn3::tests[0m[36m::[0m[34;1mincludes_virtual_first_rest_over_list[0m
2026-09-10T18:17:14.7639931Z [32;1m        PASS[0m [   0.008s] (1634/2739) [35;1msparq-reason[0m [36mn3::tests[0m[36m::[0m[34;1mlist_iterate_and_virtual_first_rest[0m
2026-09-10T18:17:14.7722165Z [32;1m        PASS[0m [   0.009s] (1635/2739) [35;1msparq-reason[0m [36mn3::tests[0m[36m::[0m[34;1mlog_conjunction_merges_formulae[0m
2026-09-10T18:17:14.7767495Z [32;1m        PASS[0m [   0.008s] (1636/2739) [35;1msparq-reason[0m [36mn3::tests[0m[36m::[0m[34;1mlog_langlit_construct[0m
2026-09-10T18:17:14.7792275Z [32;1m        PASS[0m [   0.007s] (1637/2739) [35;1msparq-reason[0m [36mn3::tests[0m[36m::[0m[34;1mmath_finite_nan_result_fails_premise_not_propagated[0m
2026-09-10T18:17:14.7817673Z [32;1m        PASS[0m [   0.008s] (1638/2739) [35;1msparq-reason[0m [36mn3::tests[0m[36m::[0m[34;1mlog_uri_both_directions[0m
2026-09-10T18:17:14.7897472Z [32;1m        PASS[0m [   0.008s] (1639/2739) [35;1msparq-reason[0m [36mn3::tests[0m[36m::[0m[34;1mmath_member_count[0m
2026-09-10T18:17:14.7899701Z [32;1m        PASS[0m [   0.008s] (1640/2739) [35;1msparq-reason[0m [36mn3::tests[0m[36m::[0m[34;1mpath_syntax_forward[0m
2026-09-10T18:17:14.7967873Z [32;1m        PASS[0m [   0.008s] (1641/2739) [35;1msparq-reason[0m [36mn3::tests[0m[36m::[0m[34;1msimple_rule_socrates[0m
2026-09-10T18:17:14.7997405Z [32;1m        PASS[0m [   0.007s] (1642/2739) [35;1msparq-reason[0m [36mn3::tests[0m[36m::[0m[34;1mstring_encode_for_uri[0m
2026-09-10T18:17:14.8057736Z [32;1m        PASS[0m [   0.008s] (1643/2739) [35;1msparq-reason[0m [36mn3::tests[0m[36m::[0m[34;1mstring_lower_upper_case[0m
2026-09-10T18:17:14.8114112Z [32;1m        PASS[0m [   0.007s] (1644/2739) [35;1msparq-reason[0m [36mn3::tests[0m[36m::[0m[34;1mtime_day_of_week_and_in_seconds_forward[0m
2026-09-10T18:17:14.8120886Z [32;1m        PASS[0m [   0.014s] (1645/2739) [35;1msparq-reason[0m [36mn3::tests[0m[36m::[0m[34;1mstring_replace_regex[0m
2026-09-10T18:17:14.8197864Z [32;1m        PASS[0m [   0.008s] (1646/2739) [35;1msparq-reason[0m [36mn3::tests[0m[36m::[0m[34;1mtrig_exact_values[0m
2026-09-10T18:17:14.8204357Z [32;1m        PASS[0m [   0.009s] (1647/2739) [35;1msparq-reason[0m [36mn3::tests[0m[36m::[0m[34;1mtime_timezone_explicit_offset[0m
2026-09-10T18:17:14.8266749Z [32;1m        PASS[0m [   0.007s] (1648/2739) [35;1msparq-reason[0m [36mowl::tests[0m[36m::[0m[34;1mall_different_three_members_distinct_consistent[0m
2026-09-10T18:17:14.8288895Z [32;1m        PASS[0m [   0.009s] (1649/2739) [35;1msparq-reason[0m [36mowl::tests[0m[36m::[0m[34;1mall_disjoint_properties_single_use_consistent[0m
2026-09-10T18:17:14.8345441Z [32;1m        PASS[0m [   0.008s] (1650/2739) [35;1msparq-reason[0m [36mowl::tests[0m[36m::[0m[34;1mconsistency_disjoint_clash[0m
2026-09-10T18:17:14.8375530Z [32;1m        PASS[0m [   0.008s] (1651/2739) [35;1msparq-reason[0m [36mowl::tests[0m[36m::[0m[34;1mequivalent_class_and_property[0m
2026-09-10T18:17:14.8438082Z [32;1m        PASS[0m [   0.008s] (1652/2739) [35;1msparq-reason[0m [36mowl::tests[0m[36m::[0m[34;1mhas_key_identifies[0m
2026-09-10T18:17:14.8487927Z [32;1m        PASS[0m [   0.007s] (1653/2739) [35;1msparq-reason[0m [36mowl::tests[0m[36m::[0m[34;1minverse_functional_property_does_not_difference_distinct_objects[0m
2026-09-10T18:17:14.8493775Z [32;1m        PASS[0m [   0.007s] (1654/2739) [35;1msparq-reason[0m [36mowl::tests[0m[36m::[0m[34;1mmax_qualified_cardinality[0m
2026-09-10T18:17:14.8547730Z [32;1m        PASS[0m [   0.008s] (1655/2739) [35;1msparq-reason[0m [36mowl::tests[0m[36m::[0m[34;1mowl_no_features_routes_to_single_pass_with_scm_dom_rng[0m
2026-09-10T18:17:14.8592838Z [32;1m        PASS[0m [   0.010s] (1656/2739) [35;1msparq-reason[0m [36mowl::tests[0m[36m::[0m[34;1mreflexive_property_self_loop_is_never_derived_nor_clashes[0m
2026-09-10T18:17:14.8617595Z [32;1m        PASS[0m [   0.008s] (1657/2739) [35;1msparq-reason[0m [36mowl::tests[0m[36m::[0m[34;1msameas_and_inverse_functional[0m
2026-09-10T18:17:14.8674996Z [32;1m        PASS[0m [   0.007s] (1658/2739) [35;1msparq-reason[0m [36mowl::tests[0m[36m::[0m[34;1mscm_schema_subclass[0m
2026-09-10T18:17:14.8688577Z [32;1m        PASS[0m [   0.008s] (1659/2739) [35;1msparq-reason[0m [36mowl::tests[0m[36m::[0m[34;1msubclass_derived_symmetric_runs_symmetry[0m
2026-09-10T18:17:14.8755997Z [32;1m        PASS[0m [   0.008s] (1660/2739) [35;1msparq-reason[0m [36mowl::tests[0m[36m::[0m[34;1mthing_nothing_typed_class_when_occurring[0m
2026-09-10T18:17:14.8773901Z [32;1m        PASS[0m [   0.008s] (1661/2739) [35;1msparq-reason[0m [36mrdfs::tests[0m[36m::[0m[34;1mdomain_range_and_subproperty[0m
2026-09-10T18:17:14.8855904Z [32;1m        PASS[0m [   0.009s] (1662/2739) [35;1msparq-reason[0m [36mrdfs::tests[0m[36m::[0m[34;1mequivalent_class_and_property_fold_bidirectionally[0m
2026-09-10T18:17:14.8876561Z [32;1m        PASS[0m [   0.009s] (1663/2739) [35;1msparq-reason[0m [36mrdfs::tests[0m[36m::[0m[34;1mprop_expand_inverse_types_through_oriented_domain[0m
2026-09-10T18:17:14.8988404Z [32;1m        PASS[0m [   0.011s] (1664/2739) [35;1msparq-reason[0m [36mrdfs::tests[0m[36m::[0m[34;1msubclass_transitivity_and_type_propagation[0m
2026-09-10T18:17:14.9008193Z [32;1m        PASS[0m [   0.009s] (1665/2739) [35;1msparq-reason[0m [36mrdfs::tests[0m[36m::[0m[34;1mtransitive_closure_chain_diamond_and_cycle[0m
2026-09-10T18:17:14.9060821Z [32;1m        PASS[0m [   0.010s] (1666/2739) [35;1msparq-reason::api_entry[0m [34;1mprofile_parse_accepts_documented_aliases_and_rejects_others[0m
2026-09-10T18:17:14.9160264Z [32;1m        PASS[0m [   0.020s] (1667/2739) [35;1msparq-reason::api_entry[0m [34;1mreason_n3_runs_a_forward_rule_to_a_ground_triple[0m
2026-09-10T18:17:14.9317958Z [32;1m        PASS[0m [   0.014s] (1668/2739) [35;1msparq-reason::coverage_n3_2nd_pass[0m [34;1meval_exact_decimal_arithmetic[0m
2026-09-10T18:17:14.9377831Z [32;1m        PASS[0m [   0.008s] (1669/2739) [35;1msparq-reason::coverage_n3_2nd_pass[0m [34;1mfallback_lang_tag_and_special_chars[0m
2026-09-10T18:17:14.9407374Z [32;1m        PASS[0m [   0.034s] (1670/2739) [35;1msparq-reason::compiled_equivalence[0m [34;1modrl_spike_rules_closure_is_identical[0m
2026-09-10T18:17:14.9477398Z [32;1m        PASS[0m [   0.008s] (1671/2739) [35;1msparq-reason::coverage_n3_2nd_pass[0m [34;1mstring_concat_numeric_coercions[0m
2026-09-10T18:17:14.9507231Z [32;1m        PASS[0m [   0.006s] (1672/2739) [35;1msparq-reason::coverage_n3_2nd_pass[0m [34;1mtrig_inverse_nan_and_non_numeric_fail[0m
2026-09-10T18:17:14.9562418Z [32;1m        PASS[0m [   0.010s] (1673/2739) [35;1msparq-reason::default_off_materialization[0m [34;1mowl_rl_fragment_correct_default_off[0m
2026-09-10T18:17:14.9626525Z [32;1m        PASS[0m [   0.017s] (1674/2739) [35;1msparq-reason::eye_cases[0m [34;1meye_math_sum[0m
2026-09-10T18:17:14.9682623Z [32;1m        PASS[0m [   0.012s] (1675/2739) [35;1msparq-reason::incremental_deletion_heavy[0m [34;1mrdfs_multi_support_survives_partial_retraction[0m
2026-09-10T18:17:14.9771088Z [32;1m        PASS[0m [   0.008s] (1676/2739) [35;1msparq-reason::incremental_n3_prop[0m [34;1mempty_premise_rule_falls_back_and_stays_correct[0m
2026-09-10T18:17:14.9792281Z [32;1m        PASS[0m [   0.017s] (1677/2739) [35;1msparq-reason::incremental_n3_prop[0m [34;1mdata_rule_fallback_reports_reason_and_clears[0m
2026-09-10T18:17:14.9988779Z [32;1m        PASS[0m [   0.021s] (1678/2739) [35;1msparq-reason::incremental_n3_prop[0m [34;1munsupported_builtin_rules_run_in_fallback_and_stay_correct[0m
2026-09-10T18:17:15.0204960Z [32;1m        PASS[0m [   0.021s] (1679/2739) [35;1msparq-reason::n3_builtins[0m [34;1mmath_member_count_on_a_list_and_a_formula[0m
2026-09-10T18:17:15.0340043Z [32;1m        PASS[0m [   0.014s] (1680/2739) [35;1msparq-reason::n3_builtins[0m [34;1mmath_quotient_exact_division_by_zero_fails[0m
2026-09-10T18:17:15.0422487Z [32;1m        PASS[0m [   0.008s] (1681/2739) [35;1msparq-reason::n3_builtins[0m [34;1mstring_concatenation_coerces_iri_but_fails_on_a_formula_member[0m
2026-09-10T18:17:15.0496951Z [32;1m        PASS[0m [   0.007s] (1682/2739) [35;1msparq-reason::n3_builtins[0m [34;1mtime_in_seconds_reverse_formats_epoch_back_to_datetime[0m
2026-09-10T18:17:15.0655484Z [32;1m        PASS[0m [   0.015s] (1683/2739) [35;1msparq-reason::n3_collect_stratified[0m [34;1mcollect_all_malformed_operands_fail_closed[0m
2026-09-10T18:17:15.0750666Z [32;1m        PASS[0m [   0.009s] (1684/2739) [35;1msparq-reason::n3_collect_stratified[0m [34;1mfor_all_in_collapses_the_all_of_shape[0m
2026-09-10T18:17:15.0827363Z [32;1m        PASS[0m [   0.008s] (1685/2739) [35;1msparq-reason::n3_collect_stratified[0m [34;1mstratified_aggregation_over_a_derived_predicate[0m
2026-09-10T18:17:15.0910966Z [32;1m        PASS[0m [   0.008s] (1686/2739) [35;1msparq-reason::n3_collect_stratified[0m [34;1mstratified_carried_existential_survives_a_colliding_source_label[0m
2026-09-10T18:17:15.1043236Z [32;1m        PASS[0m [   0.011s] (1687/2739) [35;1msparq-reason::n3_collect_stratified[0m [34;1mstratified_single_stratum_equals_reason_n3[0m
2026-09-10T18:17:15.1161626Z [32;1m        PASS[0m [   0.014s] (1688/2739) [35;1msparq-reason::n3_formula_scope[0m [34;1mlog_conjunction_merges_a_list_of_formulae[0m
2026-09-10T18:17:15.1242697Z [32;1m        PASS[0m [   0.008s] (1689/2739) [35;1msparq-reason::n3_formula_scope[0m [34;1mlog_includes_binds_a_pattern_variable[0m
2026-09-10T18:17:15.1319052Z [32;1m        PASS[0m [   0.007s] (1690/2739) [35;1msparq-reason::n3_formula_scope[0m [34;1mlog_parsed_as_n3_parses_a_source_string_to_a_formula[0m
2026-09-10T18:17:15.1404681Z [32;1m        PASS[0m [   0.008s] (1691/2739) [35;1msparq-reason::n3_formula_scope[0m [34;1mlog_supports_closes_the_scope_under_its_own_rules[0m
2026-09-10T18:17:15.1607063Z [32;1m        PASS[0m [   0.020s] (1692/2739) [35;1msparq-reason::n3_import_cycle[0m [34;1mindirect_import_cycle_terminates[0m
2026-09-10T18:17:15.1692756Z [32;1m        PASS[0m [   0.008s] (1693/2739) [35;1msparq-reason::n3_parser_edges[0m [34;1mdigit_leading_language_tag_is_an_error[0m
2026-09-10T18:17:15.1787347Z [32;1m        PASS[0m [   0.010s] (1694/2739) [35;1msparq-reason::n3_parser_edges[0m [34;1mfor_some_quantifier_makes_an_existential_blank[0m
2026-09-10T18:17:15.1861142Z [32;1m        PASS[0m [   0.007s] (1695/2739) [35;1msparq-reason::n3_parser_edges[0m [34;1miri_unicode_escape_is_decoded[0m
2026-09-10T18:17:15.1950742Z [32;1m        PASS[0m [   0.007s] (1696/2739) [35;1msparq-reason::n3_parser_edges[0m [34;1mis_predicate_without_of_is_an_error[0m
2026-09-10T18:17:15.2038290Z [32;1m        PASS[0m [   0.009s] (1697/2739) [35;1msparq-reason::n3_parser_edges[0m [34;1mpname_prefix_with_multibyte_char_containing_0xa0_continuation_byte_does_not_panic[0m
2026-09-10T18:17:15.2098147Z [32;1m        PASS[0m [   0.008s] (1698/2739) [35;1msparq-reason::n3_parser_edges[0m [34;1mrelative_iri_resolution_handles_fragment_dotdot_and_dot[0m
2026-09-10T18:17:15.2187836Z [32;1m        PASS[0m [   0.007s] (1699/2739) [35;1msparq-reason::n3_parser_edges[0m [34;1mstrict_turtle_rejects_at_prefix_without_final_dot[0m
2026-09-10T18:17:15.2247513Z [32;1m        PASS[0m [   0.006s] (1700/2739) [35;1msparq-reason::n3_parser_edges[0m [34;1mstrict_turtle_rejects_quantifiers[0m
2026-09-10T18:17:15.2295240Z [32;1m        PASS[0m [   0.007s] (1701/2739) [35;1msparq-reason::n3_parser_edges[0m [34;1mtype_keyword_a_expands_to_rdf_type[0m
2026-09-10T18:17:15.2363271Z [32;1m        PASS[0m [   0.007s] (1702/2739) [35;1msparq-reason::n3_parser_edges[0m [34;1munterminated_string_literal_is_an_error[0m
2026-09-10T18:17:15.2649562Z [32;1m        PASS[0m [   0.028s] (1703/2739) [35;1msparq-reason::n3_pass_all[0m [34;1ma_source_variable_spelled_like_the_rewrite_stays_a_variable[0m
2026-09-10T18:17:15.2732577Z [32;1m        PASS[0m [   0.008s] (1704/2739) [35;1msparq-reason::n3_pass_all[0m [34;1mgrounded_mode_leaves_no_syntactic_variable[0m
2026-09-10T18:17:15.2828841Z [32;1m        PASS[0m [   0.010s] (1705/2739) [35;1msparq-reason::n3_pass_all[0m [34;1mpass_only_the_closure_differs_from_pass_all[0m
2026-09-10T18:17:15.2989722Z [32;1m        PASS[0m [   0.016s] (1706/2739) [35;1msparq-reason::n3_query[0m [34;1mgenerated_list_cells_never_merge_with_a_projected_blank[0m
2026-09-10T18:17:15.3107583Z [32;1m        PASS[0m [   0.012s] (1707/2739) [35;1msparq-reason::n3_query[0m [34;1mquery_premise_evaluates_a_comparison_builtin[0m
2026-09-10T18:17:15.3193731Z [32;1m        PASS[0m [   0.009s] (1708/2739) [35;1msparq-reason::n3_query[0m [34;1mquery_premise_matches_a_quoted_formula[0m
2026-09-10T18:17:15.3307876Z [32;1m        PASS[0m [   0.007s] (1709/2739) [35;1msparq-reason::n3_query[0m [34;1mquery_projects_over_the_closure_including_already_asserted_conclusions[0m
2026-09-10T18:17:15.3432787Z [32;1m        PASS[0m [   0.016s] (1710/2739) [35;1msparq-reason::n3_rdfstar[0m [34;1mderive_quoted_triple[0m
2026-09-10T18:17:15.3539833Z [32;1m        PASS[0m [   0.010s] (1711/2739) [35;1msparq-reason::n3_rdfstar[0m [34;1mid_level_closure_rejects_non_rdf12_quoted_shapes_loudly[0m
2026-09-10T18:17:15.3616530Z [32;1m        PASS[0m [   0.007s] (1712/2739) [35;1msparq-reason::n3_rdfstar[0m [34;1mnested_quoted[0m
2026-09-10T18:17:15.3698547Z [32;1m        PASS[0m [   0.008s] (1713/2739) [35;1msparq-reason::n3_rdfstar[0m [34;1mquoted_conclusion_existential_skolemizes_per_firing[0m
2026-09-10T18:17:15.3900661Z [32;1m        PASS[0m [   0.021s] (1714/2739) [35;1msparq-reason::non_entailment[0m [34;1mn3_unmet_premise_yields_no_conclusion[0m
2026-09-10T18:17:15.3982716Z [32;1m        PASS[0m [   0.008s] (1715/2739) [35;1msparq-reason::non_entailment[0m [34;1mowl_rl_no_spurious_type_or_symmetry[0m
2026-09-10T18:17:15.4091252Z [32;1m        PASS[0m [   0.010s] (1716/2739) [35;1msparq-reason::owl_inconsistencies[0m [34;1masymmetric_property_both_ways_is_a_clash[0m
2026-09-10T18:17:15.4177731Z [32;1m        PASS[0m [   0.007s] (1717/2739) [35;1msparq-reason::owl_inconsistencies[0m [34;1mdisjoint_with_typed_both_is_a_clash[0m
2026-09-10T18:17:15.4257638Z [32;1m        PASS[0m [   0.008s] (1718/2739) [35;1msparq-reason::owl_inconsistencies[0m [34;1mmax_cardinality_zero_with_value_is_a_clash[0m
2026-09-10T18:17:15.4366995Z [32;1m        PASS[0m [   0.007s] (1719/2739) [35;1msparq-reason::owl_inconsistencies[0m [34;1mnothing_typed_individual_is_a_clash[0m
2026-09-10T18:17:15.4499185Z [32;1m        PASS[0m [   0.018s] (1720/2739) [35;1msparq-reason-dl[0m [36mextract::tests[0m[36m::[0m[34;1mextract_direct_accept_and_reject[0m
2026-09-10T18:17:15.4656982Z [32;1m        PASS[0m [   0.016s] (1721/2739) [35;1msparq-reason-dl[0m [36mextract::tests[0m[36m::[0m[34;1mnode_kind_helpers[0m
2026-09-10T18:17:15.4747972Z [32;1m        PASS[0m [   0.006s] (1722/2739) [35;1msparq-reason-dl[0m [36mmodel::tests[0m[36m::[0m[34;1mobject_property_expression_named_returns_id[0m
2026-09-10T18:17:15.4798010Z [32;1m        PASS[0m [   0.006s] (1723/2739) [35;1msparq-reason-dl[0m [36mnnf::tests[0m[36m::[0m[34;1mnnf_complement_rewrites_every_constructor[0m
2026-09-10T18:17:15.4848882Z [32;1m        PASS[0m [   0.006s] (1724/2739) [35;1msparq-reason-dl[0m [36mrender::tests[0m[36m::[0m[34;1mrender_to_triples_intersection_direct[0m
2026-09-10T18:17:15.4927683Z [32;1m        PASS[0m [   0.006s] (1725/2739) [35;1msparq-reason-dl[0m [36mrender::tests[0m[36m::[0m[34;1mrender_to_triples_subclass_of_named[0m
2026-09-10T18:17:15.5017833Z [32;1m        PASS[0m [   0.007s] (1726/2739) [35;1msparq-reason-dl[0m [36mrender::tests[0m[36m::[0m[34;1mround_trip_class_assertion[0m
2026-09-10T18:17:15.5066938Z [32;1m        PASS[0m [   0.008s] (1727/2739) [35;1msparq-reason-dl[0m [36mrender::tests[0m[36m::[0m[34;1mround_trip_domain[0m
2026-09-10T18:17:15.5193224Z [32;1m        PASS[0m [   0.012s] (1728/2739) [35;1msparq-reason-dl[0m [36mrender::tests[0m[36m::[0m[34;1mround_trip_intersection[0m
2026-09-10T18:17:15.5278470Z [32;1m        PASS[0m [   0.008s] (1729/2739) [35;1msparq-reason-dl[0m [36mrender::tests[0m[36m::[0m[34;1mround_trip_range[0m
2026-09-10T18:17:15.5385507Z [32;1m        PASS[0m [   0.009s] (1730/2739) [35;1msparq-reason-dl[0m [36mrender::tests[0m[36m::[0m[34;1mround_trip_some_values_from[0m
2026-09-10T18:17:15.5462052Z [32;1m        PASS[0m [   0.009s] (1731/2739) [35;1msparq-reason-dl[0m [36mrender::tests[0m[36m::[0m[34;1mround_trip_subclass_of_named[0m
2026-09-10T18:17:15.5557723Z [32;1m        PASS[0m [   0.007s] (1732/2739) [35;1msparq-reason-dl[0m [36mrender::tests[0m[36m::[0m[34;1mtriples_to_turtle_direct_unit[0m
2026-09-10T18:17:15.5648199Z [32;1m        PASS[0m [   0.008s] (1733/2739) [35;1msparq-reason-dl[0m [36mtableau::tests[0m[36m::[0m[34;1mconsistency_direct_sat_and_unsat[0m
2026-09-10T18:17:15.5687452Z [32;1m        PASS[0m [   0.006s] (1734/2739) [35;1msparq-reason-dl[0m [36mtableau::tests[0m[36m::[0m[34;1mverdict_predicates[0m
2026-09-10T18:17:15.5943800Z [32;1m        PASS[0m [   0.026s] (1735/2739) [35;1msparq-reason-dl::extract[0m [34;1maccept_deprecated_class_as_declaration[0m
2026-09-10T18:17:15.6109567Z [32;1m        PASS[0m [   0.016s] (1736/2739) [35;1msparq-reason-dl::extract[0m [34;1maccept_unambiguous_property_in_domain[0m
2026-09-10T18:17:15.6223728Z [32;1m        PASS[0m [   0.011s] (1737/2739) [35;1msparq-reason-dl::extract[0m [34;1maccept_unambiguous_property_in_sub_property_of[0m
2026-09-10T18:17:15.6345690Z [32;1m        PASS[0m [   0.012s] (1738/2739) [35;1msparq-reason-dl::extract[0m [34;1mblank_node_backbone_does_not_emit_equivalent_classes[0m
2026-09-10T18:17:15.6432085Z [32;1m        PASS[0m [   0.008s] (1739/2739) [35;1msparq-reason-dl::extract[0m [34;1mequivalent_and_disjoint[0m
2026-09-10T18:17:15.6534204Z [32;1m        PASS[0m [   0.010s] (1740/2739) [35;1msparq-reason-dl::extract[0m [34;1mintersection_of[0m
2026-09-10T18:17:15.6636739Z [32;1m        PASS[0m [   0.010s] (1741/2739) [35;1msparq-reason-dl::extract[0m [34;1mnamed_class_restriction_backbone_emits_equivalent_classes[0m
2026-09-10T18:17:15.6712141Z [32;1m        PASS[0m [   0.008s] (1742/2739) [35;1msparq-reason-dl::extract[0m [34;1mnamed_union_with_class_assertion_emits_both_equiv_and_assertion[0m
2026-09-10T18:17:15.6832463Z [32;1m        PASS[0m [   0.012s] (1743/2739) [35;1msparq-reason-dl::extract[0m [34;1mreject_bare_blank_in_class_expression_position[0m
2026-09-10T18:17:15.6936508Z [32;1m        PASS[0m [   0.010s] (1744/2739) [35;1msparq-reason-dl::extract[0m [34;1mreject_branching_list_rdf_first[0m
2026-09-10T18:17:15.7025755Z [32;1m        PASS[0m [   0.009s] (1745/2739) [35;1msparq-reason-dl::extract[0m [34;1mreject_cyclic_orphan_list_i5_5_006[0m
2026-09-10T18:17:15.7128543Z [32;1m        PASS[0m [   0.732s] (1746/2739) [35;1msparq-reason::incremental_owl_prop[0m [34;1mfallback_profile_stays_correct_and_counts_rebuilds[0m
2026-09-10T18:17:15.7133547Z [32;1m        PASS[0m [   0.011s] (1747/2739) [35;1msparq-reason-dl::extract[0m [34;1mreject_duplicate_intersection_of_definition[0m
2026-09-10T18:17:15.7224392Z [32;1m        PASS[0m [   0.009s] (1748/2739) [35;1msparq-reason-dl::extract[0m [34;1mreject_malformed_restriction_missing_filler[0m
2026-09-10T18:17:15.7258436Z [32;1m        PASS[0m [   0.012s] (1749/2739) [35;1msparq-reason-dl::extract[0m [34;1mreject_inverse_property_expression_in_on_property_pin[0m
2026-09-10T18:17:15.7338512Z [32;1m        PASS[0m [   0.008s] (1750/2739) [35;1msparq-reason-dl::extract[0m [34;1mreject_out_of_fragment_nominal_oneof[0m
2026-09-10T18:17:15.7367565Z [32;1m        PASS[0m [   0.010s] (1751/2739) [35;1msparq-reason-dl::extract[0m [34;1mreject_multi_shape_node[0m
2026-09-10T18:17:15.7398252Z [32;1m        PASS[0m [   0.008s] (1752/2739) [35;1msparq-reason-dl::extract[0m [34;1mreject_pun_declare_annotation_then_use_on_property[0m
2026-09-10T18:17:15.7415708Z [32;1m        PASS[0m [   0.008s] (1753/2739) [35;1msparq-reason-dl::extract[0m [34;1mreject_pun_use_then_declare_datatype_on_property[0m
2026-09-10T18:17:15.7482150Z [32;1m        PASS[0m [   0.008s] (1754/2739) [35;1msparq-reason-dl::extract[0m [34;1mreject_punned_property_in_on_property[0m
2026-09-10T18:17:15.7488580Z [32;1m        PASS[0m [   0.009s] (1755/2739) [35;1msparq-reason-dl::extract[0m [34;1mreject_rdf_nil_rdf_first[0m
2026-09-10T18:17:15.7573031Z [32;1m        PASS[0m [   0.009s] (1756/2739) [35;1msparq-reason-dl::extract[0m [34;1mreject_structural_node_used_as_individual[0m
2026-09-10T18:17:15.7623373Z [32;1m        PASS[0m [   0.009s] (1757/2739) [35;1msparq-reason-dl::extract[0m [34;1mreject_unconsumed_union_backbone_typed_list[0m
2026-09-10T18:17:15.7671163Z [32;1m        PASS[0m [   0.009s] (1758/2739) [35;1msparq-reason-dl::extract[0m [34;1munion_of[0m
2026-09-10T18:17:15.7688807Z [32;1m        PASS[0m [   0.011s] (1759/2739) [35;1msparq-reason-dl::extract[0m [34;1msub_property_domain_range[0m
2026-09-10T18:17:15.7745203Z [32;1m        PASS[0m [   0.007s] (1760/2739) [35;1msparq-reason-dl::profile[0m [34;1mcross_union_not_el_not_ql_not_rl[0m
2026-09-10T18:17:15.7752152Z [32;1m        PASS[0m [   0.006s] (1761/2739) [35;1msparq-reason-dl::profile[0m [34;1mel_accept_subclassof_named_classes[0m
2026-09-10T18:17:15.7800328Z [32;1m        PASS[0m [   0.005s] (1762/2739) [35;1msparq-reason-dl::profile[0m [34;1mel_reject_unionof_not_el_ce[0m
2026-09-10T18:17:15.7853925Z [32;1m        PASS[0m [   0.005s] (1763/2739) [35;1msparq-reason-dl::profile[0m [34;1mproperty_domain_some_valid_ql_super_ce[0m
2026-09-10T18:17:15.7898528Z [32;1m        PASS[0m [   0.011s] (1764/2739) [35;1msparq-reason-dl::profile[0m [34;1mprofiles_from_extraction_err_all_unknown[0m
2026-09-10T18:17:15.7919490Z [32;1m        PASS[0m [   0.005s] (1765/2739) [35;1msparq-reason-dl::profile[0m [34;1mql_accept_some_named_class_as_super_ce[0m
2026-09-10T18:17:15.7961195Z [32;1m        PASS[0m [   0.005s] (1766/2739) [35;1msparq-reason-dl::profile[0m [34;1mql_reject_class_assertion_complex_ce[0m
2026-09-10T18:17:15.7987836Z [32;1m        PASS[0m [   0.009s] (1767/2739) [35;1msparq-reason-dl::profile[0m [34;1mql_accept_some_thing_as_super_ce[0m
2026-09-10T18:17:15.8033299Z [32;1m        PASS[0m [   0.006s] (1768/2739) [35;1msparq-reason-dl::profile[0m [34;1mrl_accept_equivalentclasses_named[0m
2026-09-10T18:17:15.8060829Z [32;1m        PASS[0m [   0.010s] (1769/2739) [35;1msparq-reason-dl::profile[0m [34;1mrl_accept_allvaluesfrom_as_super_ce[0m
2026-09-10T18:17:15.8097260Z [32;1m        PASS[0m [   0.006s] (1770/2739) [35;1msparq-reason-dl::profile[0m [34;1mrl_accept_some_in_sub_position[0m
2026-09-10T18:17:15.8123430Z [32;1m        PASS[0m [   0.006s] (1771/2739) [35;1msparq-reason-dl::profile[0m [34;1mrl_reject_equivalentclasses_some_not_super_ce[0m
2026-09-10T18:17:15.8163769Z [32;1m        PASS[0m [   0.006s] (1772/2739) [35;1msparq-reason-dl::profile[0m [34;1mrl_reject_thing_in_super_position[0m
2026-09-10T18:17:15.8256401Z [32;1m        PASS[0m [   0.008s] (1773/2739) [35;1msparq-reason-dl::tableau[0m [34;1mdisjointness_pair[0m
2026-09-10T18:17:15.8267814Z [32;1m        PASS[0m [   0.012s] (1774/2739) [35;1msparq-reason-dl::tableau[0m [34;1mcanary_two_class_existential_cycle[0m
2026-09-10T18:17:15.8320063Z [32;1m        PASS[0m [   0.007s] (1775/2739) [35;1msparq-reason-dl::tableau[0m [34;1mforall_must_fire_into_already_blocked_node[0m
2026-09-10T18:17:15.8379488Z [32;1m        PASS[0m [   0.006s] (1776/2739) [35;1msparq-reason-dl::tableau[0m [34;1mforall_routes_through_transitive_role_hierarchy[0m
2026-09-10T18:17:15.8411266Z [32;1m        PASS[0m [   0.016s] (1777/2739) [35;1msparq-reason-dl::tableau[0m [34;1mend_to_end_turtle_range_through_subproperty[0m
2026-09-10T18:17:15.8458215Z [32;1m        PASS[0m [   0.008s] (1778/2739) [35;1msparq-reason-dl::tableau[0m [34;1mnode_budget_exhaustion_yields_unknown_not_a_verdict[0m
2026-09-10T18:17:15.8482289Z [32;1m        PASS[0m [   0.007s] (1779/2739) [35;1msparq-reason-dl::tableau[0m [34;1moutcomes_are_deterministic_across_runs[0m
2026-09-10T18:17:15.8545996Z [32;1m        PASS[0m [   0.007s] (1780/2739) [35;1msparq-reason-dl::tableau[0m [34;1mtbox_only_ontology_checked_over_nonempty_domain[0m
2026-09-10T18:17:16.4807296Z [32;1m        PASS[0m [   0.628s] (1781/2739) [35;1msparq-reason-dl::bench/tableau_micro[0m [34;1mtableau_check_by_depth/not_subsumed/4[0m
2026-09-10T18:17:17.1178030Z [32;1m        PASS[0m [   0.636s] (1782/2739) [35;1msparq-reason-dl::bench/tableau_micro[0m [34;1mtableau_check_by_depth/sat/2[0m
2026-09-10T18:17:17.7428201Z [32;1m        PASS[0m [   0.626s] (1783/2739) [35;1msparq-reason-dl::bench/tableau_micro[0m [34;1mtableau_check_by_depth/subsumed/1[0m
2026-09-10T18:17:18.3661841Z [32;1m        PASS[0m [   0.623s] (1784/2739) [35;1msparq-reason-dl::bench/tableau_micro[0m [34;1mtableau_check_by_depth/subsumed/8[0m
2026-09-10T18:17:18.8178291Z [32;1m        PASS[0m [   2.967s] (1785/2739) [35;1msparq-reason-dl::tableau_crosscheck[0m [34;1moracle_never_contradicts_an_unsatisfiable_verdict_wide[0m
2026-09-10T18:17:18.8320360Z [32;1m        PASS[0m [   0.017s] (1786/2739) [35;1msparq-reason-el[0m [36mtests[0m[36m::[0m[34;1mcr4_existential_traversal[0m
2026-09-10T18:17:18.8422364Z [32;1m        PASS[0m [   0.010s] (1787/2739) [35;1msparq-reason-el[0m [36mtests[0m[36m::[0m[34;1mempty_graph_is_safe[0m
2026-09-10T18:17:18.8568987Z [32;1m        PASS[0m [   0.013s] (1788/2739) [35;1msparq-reason-el[0m [36mtests[0m[36m::[0m[34;1mnon_el_axioms_are_skipped_not_misapplied[0m
2026-09-10T18:17:18.8659140Z [32;1m        PASS[0m [   0.009s] (1789/2739) [35;1msparq-reason-el[0m [36mtests[0m[36m::[0m[34;1mtbox_self_restriction_subsumption[0m
2026-09-10T18:17:18.8812216Z [32;1m        PASS[0m [   0.015s] (1790/2739) [35;1msparq-reason-el::differential[0m [34;1mclassify_graph_interns_subclassof_when_absent_from_dict[0m
2026-09-10T18:17:18.8922752Z [32;1m        PASS[0m [   0.011s] (1791/2739) [35;1msparq-reason-el::differential[0m [34;1mel_bottom_propagates_through_existential[0m
2026-09-10T18:17:18.9035321Z [32;1m        PASS[0m [   0.011s] (1792/2739) [35;1msparq-reason-el::differential[0m [34;1mel_conjunction_lhs_triggers_subsumption[0m
2026-09-10T18:17:18.9109725Z [32;1m        PASS[0m [   0.007s] (1793/2739) [35;1msparq-reason-el::differential[0m [34;1mexplicit_owl_thing_superclass_is_trivial_not_a_derived_subsumption[0m
2026-09-10T18:17:18.9209723Z [32;1m        PASS[0m [   0.009s] (1794/2739) [35;1msparq-reason-el::differential[0m [34;1mrhs_intersection_splits_into_separate_subsumptions[0m
2026-09-10T18:17:18.9292764Z [32;1m        PASS[0m [   0.008s] (1795/2739) [35;1msparq-reason-el::differential[0m [34;1msuper_classes_accessor_excludes_self_thing_nothing_and_is_sorted[0m
2026-09-10T18:17:18.9372758Z [32;1m        PASS[0m [   0.008s] (1796/2739) [35;1msparq-reason-el::differential[0m [34;1mtwo_hop_existential_chain[0m
2026-09-10T18:17:18.9542860Z [32;1m        PASS[0m [   0.017s] (1797/2739) [35;1msparq-reason-el::nominals[0m [34;1mcr6_merges_coreferent_classes_linked_by_an_existential[0m
2026-09-10T18:17:18.9657864Z [32;1m        PASS[0m [   0.010s] (1798/2739) [35;1msparq-reason-el::nominals[0m [34;1mcr6_soundness_distinct_nominals_never_merge[0m
2026-09-10T18:17:18.9737713Z [32;1m        PASS[0m [   0.009s] (1799/2739) [35;1msparq-reason-el::nominals[0m [34;1mhas_value_role_mismatch_derives_nothing[0m
2026-09-10T18:17:18.9878607Z [32;1m        PASS[0m [   0.013s] (1800/2739) [35;1msparq-reason-ql[0m [36mcq::tests[0m[36m::[0m[34;1maccepts_multi_atom_conjunction[0m
2026-09-10T18:17:18.9947983Z [32;1m        PASS[0m [   0.007s] (1801/2739) [35;1msparq-reason-ql[0m [36mcq::tests[0m[36m::[0m[34;1mfilter_on_distinguished_var_accepted[0m
2026-09-10T18:17:18.9977988Z [32;1m        PASS[0m [   0.630s] (1802/2739) [35;1msparq-reason-dl::bench/tableau_micro[0m [34;1mtableau_check_by_depth/unsat/4[0m
2026-09-10T18:17:19.0000270Z [32;1m        PASS[0m [   0.007s] (1803/2739) [35;1msparq-reason-ql[0m [36mcq::tests[0m[36m::[0m[34;1mowl_inverse_of_predicate_rejected[0m
2026-09-10T18:17:19.0051717Z [32;1m        PASS[0m [   0.009s] (1804/2739) [35;1msparq-reason-ql[0m [36mcq::tests[0m[36m::[0m[34;1mrdfs_see_also_admitted[0m
2026-09-10T18:17:19.0102475Z [32;1m        PASS[0m [   0.010s] (1805/2739) [35;1msparq-reason-ql[0m [36mcq::tests[0m[36m::[0m[34;1mrejects_aggregation[0m
2026-09-10T18:17:19.0154857Z [32;1m        PASS[0m [   0.010s] (1806/2739) [35;1msparq-reason-ql[0m [36mcq::tests[0m[36m::[0m[34;1mrejects_construct[0m
2026-09-10T18:17:19.0174073Z [32;1m        PASS[0m [   0.008s] (1807/2739) [35;1msparq-reason-ql[0m [36mcq::tests[0m[36m::[0m[34;1mrejects_property_path[0m
2026-09-10T18:17:19.0224039Z [32;1m        PASS[0m [   0.007s] (1808/2739) [35;1msparq-reason-ql[0m [36mcq::tests[0m[36m::[0m[34;1mucq_two_branch_accepted[0m
2026-09-10T18:17:19.0268679Z [32;1m        PASS[0m [   0.009s] (1809/2739) [35;1msparq-reason-ql[0m [36mcq::tests[0m[36m::[0m[34;1mvalues_over_non_distinguished_var_rejected[0m
2026-09-10T18:17:19.0283008Z [32;1m        PASS[0m [   0.006s] (1810/2739) [35;1msparq-reason-ql[0m [36mdllite::tests[0m[36m::[0m[34;1mnegative_inclusions_structurally_captured_with_tally_invariant[0m
2026-09-10T18:17:19.0339565Z [32;1m        PASS[0m [   0.007s] (1811/2739) [35;1msparq-reason-ql[0m [36mdllite::tests[0m[36m::[0m[34;1mshared_and_unresolvable_subclass_complements_keep_the_tally_invariant[0m
2026-09-10T18:17:19.0414194Z [32;1m        PASS[0m [   0.012s] (1812/2739) [35;1msparq-reason-ql::path_desugar[0m [34;1malternation_three_way_accepted[0m
2026-09-10T18:17:19.0456527Z [32;1m        PASS[0m [   0.006s] (1813/2739) [35;1msparq-reason-ql::path_desugar[0m [34;1mnegated_property_set_rejected[0m
2026-09-10T18:17:19.0471823Z [32;1m        PASS[0m [   0.006s] (1814/2739) [35;1msparq-reason-ql::path_desugar[0m [34;1mpath_desugar_oracle_skipped_without_experimental[0m
2026-09-10T18:17:19.0497634Z [32;1m        PASS[0m [   0.006s] (1815/2739) [35;1msparq-reason-ql::path_desugar[0m [34;1mtop_level_inverse_still_accepted_no_double_translation[0m
2026-09-10T18:17:19.0539356Z [32;1m        PASS[0m [   0.007s] (1816/2739) [35;1msparq-reason-ql::path_desugar[0m [34;1mzero_or_one_rejected[0m
2026-09-10T18:17:19.0569213Z [32;1m        PASS[0m [   0.010s] (1817/2739) [35;1msparq-reason-ql::tbox_capture[0m [34;1mcharacteristic_property_types_are_all_counted[0m
2026-09-10T18:17:19.0627696Z [32;1m        PASS[0m [   0.005s] (1818/2739) [35;1msparq-reason-ql::tbox_capture[0m [34;1mequivalent_class_captures_both_directions[0m
2026-09-10T18:17:19.0657627Z [32;1m        PASS[0m [   0.006s] (1819/2739) [35;1msparq-reason-ql::tbox_capture[0m [34;1mfully_captured_consistency_relevant_does_not_block[0m
2026-09-10T18:17:19.0677433Z [32;1m        PASS[0m [   0.006s] (1820/2739) [35;1msparq-reason-ql::tbox_capture[0m [34;1mfully_captured_true_in_total_case[0m
2026-09-10T18:17:19.0695356Z [32;1m        PASS[0m [   0.006s] (1821/2739) [35;1msparq-reason-ql::tbox_capture[0m [34;1mowl_annotation_predicates_not_counted_as_unrecognised[0m
2026-09-10T18:17:19.0727461Z [32;1m        PASS[0m [   0.007s] (1822/2739) [35;1msparq-reason-ql::tbox_capture[0m [34;1mrdfs_annotation_predicates_not_counted_as_unrecognised[0m
2026-09-10T18:17:19.1052625Z [32;1m        PASS[0m [   0.033s] (1823/2739) [35;1msparq-reason-wasm[0m [36mtests[0m[36m::[0m[34;1mn3_query_selects_over_closure[0m
2026-09-10T18:17:19.1069347Z [32;1m        PASS[0m [   0.038s] (1824/2739) [35;1msparq-reason-wasm[0m [36mtests[0m[36m::[0m[34;1mn3_new_is_the_derivations_delta[0m
2026-09-10T18:17:19.1131228Z [32;1m        PASS[0m [   0.008s] (1825/2739) [35;1msparq-reason-wasm[0m [36mtests[0m[36m::[0m[34;1mprofile_parsing[0m
2026-09-10T18:17:19.1237110Z [32;1m        PASS[0m [   0.010s] (1826/2739) [35;1msparq-rsp[0m [36mrspql::window_origin_default_tests[0m[36m::[0m[34;1mbracketed_new_clauses_keep_the_existing_exact_error[0m
2026-09-10T18:17:19.1391214Z [32;1m        PASS[0m [   0.015s] (1827/2739) [35;1msparq-rsp::boundary_unit[0m [34;1mclose_fires_exactly_at_watermark_equal_to_end_not_before[0m
2026-09-10T18:17:19.1566555Z [32;1m        PASS[0m [   0.016s] (1828/2739) [35;1msparq-rsp::boundary_unit[0m [34;1mcontinuous_ask_accessors_and_with_mode[0m
2026-09-10T18:17:19.1628267Z [32;1m        PASS[0m [   0.054s] (1829/2739) [35;1msparq-rsp[0m [36meval::tests[0m[36m::[0m[34;1msnapshot_mode_yields_point_in_time_independent_views[0m
2026-09-10T18:17:19.1679108Z [32;1m        PASS[0m [   0.007s] (1830/2739) [35;1msparq-rsp::boundary_unit[0m [34;1mcontinuous_query_accessors[0m
2026-09-10T18:17:19.1798795Z [32;1m        PASS[0m [   0.024s] (1831/2739) [35;1msparq-rsp::boundary_unit[0m [34;1mcontinuous_construct_late_dropped_increments[0m
2026-09-10T18:17:19.1825501Z [32;1m        PASS[0m [   0.015s] (1832/2739) [35;1msparq-rsp::boundary_unit[0m [34;1mistream_dstream_multiset_exact_counts[0m
2026-09-10T18:17:19.1888937Z [32;1m        PASS[0m [   0.009s] (1833/2739) [35;1msparq-rsp::boundary_unit[0m [34;1mmulti_query_rejects_undeclared_window_reference[0m
2026-09-10T18:17:19.1907763Z [32;1m        PASS[0m [   0.007s] (1834/2739) [35;1msparq-rsp::boundary_unit[0m [34;1mrspql_rejects_bad_time_unit_in_duration[0m
2026-09-10T18:17:19.1968480Z [32;1m        PASS[0m [   0.007s] (1835/2739) [35;1msparq-rsp::boundary_unit[0m [34;1mrspql_rejects_unterminated_bracket[0m
2026-09-10T18:17:19.2007423Z [32;1m        PASS[0m [   0.008s] (1836/2739) [35;1msparq-rsp::boundary_unit[0m [34;1mrspql_rejects_missing_window_iri[0m
2026-09-10T18:17:19.2127695Z [32;1m        PASS[0m [   0.016s] (1837/2739) [35;1msparq-rsp::boundary_unit[0m [34;1mrspql_window_inside_string_literal_is_not_rewritten[0m
2026-09-10T18:17:19.2197714Z [32;1m        PASS[0m [   0.006s] (1838/2739) [35;1msparq-rsp::boundary_unit[0m [34;1mwindowed_stream_spec_accessor[0m
2026-09-10T18:17:19.3308952Z [32;1m        PASS[0m [   0.133s] (1839/2739) [35;1msparq-rsp::boundary_unit[0m [34;1mwindow_spec_count_zero_rows_panics[0m
2026-09-10T18:17:19.3315684Z [32;1m        PASS[0m [   0.112s] (1840/2739) [35;1msparq-rsp::boundary_unit[0m [34;1mwith_slide_zero_panics[0m
2026-09-10T18:17:19.3585736Z [32;1m        PASS[0m [   0.027s] (1841/2739) [35;1msparq-rsp::budget[0m [34;1mmulti_window_timeout_trips_on_tick[0m
2026-09-10T18:17:19.3621759Z [32;1m        PASS[0m [   0.031s] (1842/2739) [35;1msparq-rsp::budget[0m [34;1mconstruct_budget_max_rows_trips[0m
2026-09-10T18:17:19.3695091Z [32;1m        PASS[0m [   0.011s] (1843/2739) [35;1msparq-rsp::budget[0m [34;1mselect_generous_budget_matches_unbudgeted_results[0m
2026-09-10T18:17:19.3719018Z [32;1m        PASS[0m [   0.009s] (1844/2739) [35;1msparq-rsp::budget[0m [34;1mselect_zero_window_timeout_trips_despite_generous_absolute_deadline[0m
2026-09-10T18:17:19.3919610Z [32;1m        PASS[0m [   0.022s] (1845/2739) [35;1msparq-rsp::multi_window[0m [34;1mmulti_query_registration_validates[0m
2026-09-10T18:17:19.4151706Z [32;1m        PASS[0m [   0.043s] (1846/2739) [35;1msparq-rsp::multi_window[0m [34;1mmulti_window_join_with_differing_steps[0m
2026-09-10T18:17:19.4254897Z [32;1m        PASS[0m [   0.033s] (1847/2739) [35;1msparq-rsp::proptest_window[0m [34;1mtime_windows_match_half_open_membership[0m
2026-09-10T18:17:19.4557993Z [32;1m        PASS[0m [   0.040s] (1848/2739) [35;1msparq-rsp::rsp[0m [34;1mcontinuous_avg_per_window[0m
2026-09-10T18:17:19.4579898Z [32;1m        PASS[0m [   0.031s] (1849/2739) [35;1msparq-rsp::rsp[0m [34;1mcontinuous_query_count_window_slide_diffs_consecutive_reports[0m
2026-09-10T18:17:19.4656454Z [32;1m        PASS[0m [   0.008s] (1850/2739) [35;1msparq-rsp::rsp[0m [34;1mempty_windows_reported_between_data_but_not_before_first_triple[0m
2026-09-10T18:17:19.4678652Z [32;1m        PASS[0m [   0.012s] (1851/2739) [35;1msparq-rsp::rsp[0m [34;1mcontinuous_rstream_full_result_with_join[0m
2026-09-10T18:17:19.4728072Z [32;1m        PASS[0m [   0.009s] (1852/2739) [35;1msparq-rsp::rsp[0m [34;1mgap_triples_advance_the_watermark_and_close_earlier_windows[0m
2026-09-10T18:17:19.4770329Z [32;1m        PASS[0m [   0.009s] (1853/2739) [35;1msparq-rsp::rsp[0m [34;1mout_of_order_before_first_triple_within_max_delay_is_kept[0m
2026-09-10T18:17:19.4809703Z [32;1m        PASS[0m [   0.008s] (1854/2739) [35;1msparq-rsp::rsp[0m [34;1mregister_rejects_non_select_and_malformed_queries[0m
2026-09-10T18:17:19.4851745Z [32;1m        PASS[0m [   0.008s] (1855/2739) [35;1msparq-rsp::rsp[0m [34;1mrows_window_with_slide_reports_every_slide_arrivals[0m
2026-09-10T18:17:19.4909436Z [32;1m        PASS[0m [   0.010s] (1856/2739) [35;1msparq-rsp::rsp[0m [34;1mstep_greater_than_range_gap_triples_belong_to_no_window[0m
2026-09-10T18:17:19.4937795Z [32;1m        PASS[0m [   0.008s] (1857/2739) [35;1msparq-rsp::rsp[0m [34;1mt0_shifts_window_origin_and_pre_origin_arrivals_join_no_window[0m
2026-09-10T18:17:19.5026006Z [32;1m        PASS[0m [   0.010s] (1858/2739) [35;1msparq-rsp::rsp[0m [34;1mwindow_materialisation_has_set_semantics[0m
2026-09-10T18:17:19.5057798Z [32;1m        PASS[0m [   0.011s] (1859/2739) [35;1msparq-rsp::rspql_parse[0m [34;1mparses_iso8601_and_integer_durations[0m
2026-09-10T18:17:19.5077455Z [32;1m        PASS[0m [   0.007s] (1860/2739) [35;1msparq-rsp::rspql_parse[0m [34;1mparses_sliding_keyword[0m
2026-09-10T18:17:19.5127477Z [32;1m        PASS[0m [   0.006s] (1861/2739) [35;1msparq-rsp::rspql_parse[0m [34;1mrejects_now_relative_bounds[0m
2026-09-10T18:17:19.5167670Z [32;1m        PASS[0m [   0.006s] (1862/2739) [35;1msparq-rsp::rspql_parse[0m [34;1mrejects_tumbling_with_explicit_step[0m
2026-09-10T18:17:19.5217162Z [32;1m        PASS[0m [   0.008s] (1863/2739) [35;1msparq-rsp::stream_edge_paths[0m [34;1mpush_item_then_into_items_preserves_single_item[0m
2026-09-10T18:17:19.5668683Z [32;1m        PASS[0m [   0.044s] (1864/2739) [35;1msparq-rsp::window_oracle[0m [34;1mboundary_open_inclusive_close_exclusive_through_pipeline[0m
2026-09-10T18:17:19.5898217Z [32;1m        PASS[0m [   0.077s] (1865/2739) [35;1msparq-rsp::srbench_oracle[0m [34;1mspec_time_params_recovers_range_and_step[0m
2026-09-10T18:17:19.5964934Z [32;1m        PASS[0m [   0.030s] (1866/2739) [35;1msparq-rsp::window_oracle[0m [34;1meval_modes_byte_identical_to_each_other[0m
2026-09-10T18:17:19.6035316Z [32;1m        PASS[0m [   0.016s] (1867/2739) [35;1msparq-rsp::window_oracle[0m [34;1mistream_deltas_reconstruct_rstream_full_result[0m
2026-09-10T18:17:19.6131375Z [32;1m        PASS[0m [   0.016s] (1868/2739) [35;1msparq-rsp::window_oracle[0m [34;1moracle_sliding_overlap_equals_batch[0m
2026-09-10T18:17:19.6168620Z [32;1m        PASS[0m [   0.011s] (1869/2739) [35;1msparq-rsp::window_oracle[0m [34;1moracle_with_t0_origin_equals_batch[0m
2026-09-10T18:17:19.6203672Z [32;1m        PASS[0m [   0.007s] (1870/2739) [35;1msparq-rsp::window_oracle[0m [34;1msliding_partial_close_late_tuple_enters_open_window_only_not_late[0m
2026-09-10T18:17:19.6214047Z [32;1m        PASS[0m [   0.007s] (1871/2739) [35;1msparq-rsp::example/throughput[0m [36mtests[0m[36m::[0m[34;1mresults_json_shape_and_keys[0m
2026-09-10T18:17:19.6382070Z [32;1m        PASS[0m [   0.017s] (1872/2739) [35;1msparq-rsp-wasm[0m [36mtests[0m[36m::[0m[34;1mparse_triple_rejects_garbage_and_multistatement[0m
2026-09-10T18:17:19.6446765Z [32;1m        PASS[0m [   0.006s] (1873/2739) [35;1msparq-secprop-vocab[0m [36mtests[0m[36m::[0m[34;1mevery_ttl_term_has_a_rust_constant[0m
2026-09-10T18:17:19.6555062Z [32;1m        PASS[0m [   0.034s] (1874/2739) [35;1msparq-rsp-wasm[0m [36mtests[0m[36m::[0m[34;1mwindow_json_envelope[0m
2026-09-10T18:17:19.6557550Z [32;1m        PASS[0m [   0.011s] (1875/2739) [35;1msparq-secprop-vocab::secprop_ttl[0m [34;1msecprop_ext_ttl_declares_the_vendored_dimension_subjects[0m
2026-09-10T18:17:19.6743478Z [32;1m        PASS[0m [   0.019s] (1876/2739) [35;1msparq-serve::embed_facade[0m [34;1mexists_reflects_presence[0m
2026-09-10T18:17:19.6990705Z [32;1m        PASS[0m [   0.025s] (1877/2739) [35;1msparq-serve::embed_facade[0m [34;1mquery_json_returns_expected_rows[0m
2026-09-10T18:17:19.7067706Z [32;1m        PASS[0m [   0.008s] (1878/2739) [35;1msparq-serve::embed_facade[0m [34;1mupdate_in_place_atomic_is_all_or_nothing[0m
2026-09-10T18:17:19.7161650Z [32;1m        PASS[0m [   0.009s] (1879/2739) [35;1msparq-serve::footprint[0m [34;1mdisjoint_graph_updates_commute[0m
2026-09-10T18:17:19.7231297Z [32;1m        PASS[0m [   0.006s] (1880/2739) [35;1msparq-serve::footprint[0m [34;1mgraph_management_is_a_barrier[0m
2026-09-10T18:17:19.7280387Z [32;1m        PASS[0m [   0.005s] (1881/2739) [35;1msparq-serve::footprint[0m [34;1mopposite_polarity_same_graph_does_not_commute[0m
2026-09-10T18:17:19.7325847Z [32;1m        PASS[0m [   0.005s] (1882/2739) [35;1msparq-serve::ring[0m [34;1minitial_state_is_generation_zero[0m
2026-09-10T18:17:19.7373181Z [32;1m        PASS[0m [   0.005s] (1883/2739) [35;1msparq-serve::ring[0m [34;1mretain_zero_keeps_only_current[0m
2026-09-10T18:17:19.7431229Z [32;1m        PASS[0m [   0.006s] (1884/2739) [35;1msparq-serve::scheduler[0m [34;1mheavy_cap_always_reserves_a_cheap_worker[0m
2026-09-10T18:17:19.7483991Z [32;1m        PASS[0m [   0.005s] (1885/2739) [35;1msparq-serve::scheduler[0m [34;1mlane_classification_follows_threshold[0m
2026-09-10T18:17:19.7941176Z [32;1m        PASS[0m [   0.046s] (1886/2739) [35;1msparq-serve::scheduler[0m [34;1mqueued_jobs_shed_on_shutdown[0m
2026-09-10T18:17:19.7998449Z [32;1m        PASS[0m [   0.006s] (1887/2739) [35;1msparq-serve::scheduler_api[0m [34;1mrun_blocks_and_returns_the_result[0m
2026-09-10T18:17:19.8051657Z [32;1m        PASS[0m [   0.005s] (1888/2739) [35;1msparq-serve::scheduler_api[0m [34;1mtry_take_polls_without_consuming_until_done[0m
2026-09-10T18:17:19.8103682Z [32;1m        PASS[0m [   0.005s] (1889/2739) [35;1msparq-serve::time_travel[0m [34;1mat_returns_none_for_a_generation_only_a_reader_still_pins[0m
2026-09-10T18:17:19.8149862Z [32;1m        PASS[0m [   0.005s] (1890/2739) [35;1msparq-serve::time_travel[0m [34;1mmax_age_evicts_only_beyond_the_k_floor_and_only_on_publish[0m
2026-09-10T18:17:19.8836947Z [32;1m        PASS[0m [   0.068s] (1891/2739) [35;1msparq-serve::tokens[0m [34;1msatisfied_token_pin_never_regresses_under_concurrent_writes[0m
2026-09-10T18:17:19.8923630Z [32;1m        PASS[0m [   0.009s] (1892/2739) [35;1msparq-serve::writer[0m [34;1mall_failed_batch_publishes_no_generation[0m
2026-09-10T18:17:19.9444441Z [32;1m        PASS[0m [   0.288s] (1893/2739) [35;1msparq-serve::commute[0m [34;1msame_graph_opposite_polarity_splits_but_result_identical[0m
2026-09-10T18:17:19.9510976Z [32;1m        PASS[0m [   0.007s] (1894/2739) [35;1msparq-serve::writer[0m [34;1mdrop_drains_pending_batch[0m
2026-09-10T18:17:19.9729197Z [32;1m        PASS[0m [   0.022s] (1895/2739) [35;1msparq-serve::writer[0m [34;1mmaintain_runs_after_preceding_updates_no_new_generation[0m
2026-09-10T18:17:20.1008254Z [32;1m        PASS[0m [   0.207s] (1896/2739) [35;1msparq-serve::writer[0m [34;1mcommit_hook_fires_per_commute_group[0m
2026-09-10T18:17:20.1397997Z [32;1m        PASS[0m [   0.038s] (1897/2739) [35;1msparq-serve::writer[0m [34;1mrestore_publishes_new_generation_after_preceding_updates[0m
2026-09-10T18:17:20.1547631Z [32;1m        PASS[0m [   0.015s] (1898/2739) [35;1msparq-serve::writer[0m [34;1mtransient_seal_failure_refuses_then_recovers[0m
2026-09-10T18:17:20.3438132Z [32;1m        PASS[0m [   0.189s] (1899/2739) [35;1msparq-serve::writer_graph[0m [34;1mpending_delta_stays_bounded_under_sustained_updates[0m
2026-09-10T18:17:20.3678458Z [32;1m        PASS[0m [   0.024s] (1900/2739) [35;1msparq-server[0m [36mcors_config::tests[0m[36m::[0m[34;1mdisplay_is_sorted_and_stable[0m
2026-09-10T18:17:20.3876458Z [32;1m        PASS[0m [   0.020s] (1901/2739) [35;1msparq-server[0m [36mcors_config::tests[0m[36m::[0m[34;1mipv6_origin_supported[0m
2026-09-10T18:17:20.3970116Z [32;1m        PASS[0m [   0.010s] (1902/2739) [35;1msparq-server[0m [36mcors_config::tests[0m[36m::[0m[34;1mport_preserved_and_distinct[0m
2026-09-10T18:17:20.4608171Z [32;1m        PASS[0m [   0.063s] (1903/2739) [35;1msparq-server[0m [36mexec::tests[0m[36m::[0m[34;1mask_runs_natively_on_engine_true_and_false[0m
2026-09-10T18:17:20.4878338Z [32;1m        PASS[0m [   0.028s] (1904/2739) [35;1msparq-server[0m [36mexec::tests[0m[36m::[0m[34;1mclassifies_forms[0m
2026-09-10T18:17:20.5088344Z [32;1m        PASS[0m [   0.019s] (1905/2739) [35;1msparq-server[0m [36mexec::tests[0m[36m::[0m[34;1mempty_override_leaves_query_verbatim[0m
2026-09-10T18:17:20.5238098Z [32;1m        PASS[0m [   0.016s] (1906/2739) [35;1msparq-server[0m [36mexec::tests[0m[36m::[0m[34;1mnamed_graph_uri_synthesizes_from_named_clause[0m
2026-09-10T18:17:20.5418100Z [32;1m        PASS[0m [   0.020s] (1907/2739) [35;1msparq-server[0m [36mexec::tests[0m[36m::[0m[34;1musing_named_override_injects_using_named[0m
2026-09-10T18:17:20.5658236Z [32;1m        PASS[0m [   0.022s] (1908/2739) [35;1msparq-server[0m [36mexec::tests[0m[36m::[0m[34;1musing_override_leaves_data_only_ops_untouched[0m
2026-09-10T18:17:20.5807663Z [32;1m        PASS[0m [   0.016s] (1909/2739) [35;1msparq-server[0m [36mgraph::tests[0m[36m::[0m[34;1mparse_rdfxml_rejects_malformed[0m
2026-09-10T18:17:20.6248067Z [32;1m        PASS[0m [   0.038s] (1910/2739) [35;1msparq-server[0m [36mgraph::tests[0m[36m::[0m[34;1mturtle_compacts_common_prefixes[0m
2026-09-10T18:17:20.6398257Z [32;1m        PASS[0m [   0.018s] (1911/2739) [35;1msparq-server[0m [36mhealth_probe::tests[0m[36m::[0m[34;1mnon_utf8_status_line_is_unhealthy[0m
2026-09-10T18:17:20.6578005Z [32;1m        PASS[0m [   0.018s] (1912/2739) [35;1msparq-server[0m [36mhealth_probe::tests[0m[36m::[0m[34;1mrun_probe_unhealthy_response_returns_descriptive_err[0m
2026-09-10T18:17:20.7018501Z [32;1m        PASS[0m [   0.044s] (1913/2739) [35;1msparq-server[0m [36mhttp::apply_update_mvcc_tests[0m[36m::[0m[34;1mmalformed_update_returns_err[0m
2026-09-10T18:17:20.7168020Z [32;1m        PASS[0m [   0.015s] (1914/2739) [35;1msparq-server[0m [36mhttp::auth_tests[0m[36m::[0m[34;1mauth_gate_no_token_never_gates[0m
2026-09-10T18:17:20.7317738Z [32;1m        PASS[0m [   0.013s] (1915/2739) [35;1msparq-server[0m [36mhttp::auth_tests[0m[36m::[0m[34;1mauth_posture_from_config[0m
2026-09-10T18:17:20.7467651Z [32;1m        PASS[0m [   0.014s] (1916/2739) [35;1msparq-server[0m [36mhttp::auth_tests[0m[36m::[0m[34;1mconstant_time_eq_matches_plain_eq[0m
2026-09-10T18:17:20.7678060Z [32;1m        PASS[0m [   0.024s] (1917/2739) [35;1msparq-server[0m [36mhttp::auth_tests[0m[36m::[0m[34;1msubprotocol_bearer_token_extracts_the_bearer_subprotocol[0m
2026-09-10T18:17:20.7918036Z [32;1m        PASS[0m [   0.022s] (1918/2739) [35;1msparq-server[0m [36mhttp::auth_tests[0m[36m::[0m[34;1mws_auth_gate_read_gate_accepts_header_or_subprotocol[0m
2026-09-10T18:17:20.8037796Z [32;1m        PASS[0m [   0.013s] (1919/2739) [35;1msparq-server[0m [36mhttp::bind_posture_tests[0m[36m::[0m[34;1mfull_auth_allows_remote_bind_without_optin[0m
2026-09-10T18:17:20.8187975Z [32;1m        PASS[0m [   0.016s] (1920/2739) [35;1msparq-server[0m [36mhttp::bind_posture_tests[0m[36m::[0m[34;1mnon_loopback_without_optin_is_refused[0m
2026-09-10T18:17:20.8368141Z [32;1m        PASS[0m [   0.015s] (1921/2739) [35;1msparq-server[0m [36mhttp::budget_envelope_tests[0m[36m::[0m[34;1mmax_bytes_cap_produces_413_naming_byte_knob[0m
2026-09-10T18:17:20.8487853Z [32;1m        PASS[0m [   0.014s] (1922/2739) [35;1msparq-server[0m [36mhttp::budget_envelope_tests[0m[36m::[0m[34;1mrow_cap_only_max_query_rows_names_memory_cap_knob[0m
2026-09-10T18:17:20.8608057Z [32;1m        PASS[0m [   0.014s] (1923/2739) [35;1msparq-server[0m [36mhttp::budget_envelope_tests[0m[36m::[0m[34;1mtimeout_response_with_explicit_timeout_embeds_the_seconds[0m
2026-09-10T18:17:20.8757888Z [32;1m        PASS[0m [   0.014s] (1924/2739) [35;1msparq-server[0m [36mhttp::dataset_override_tests[0m[36m::[0m[34;1mparse_form_handles_pair_without_equals[0m
2026-09-10T18:17:20.8908077Z [32;1m        PASS[0m [   0.014s] (1925/2739) [35;1msparq-server[0m [36mhttp::dataset_override_tests[0m[36m::[0m[34;1mrewrite_update_rejects_using_param_alongside_in_string_using_clause[0m
2026-09-10T18:17:20.9028171Z [32;1m        PASS[0m [   0.014s] (1926/2739) [35;1msparq-server[0m [36mhttp::durable_degrade_tests[0m[36m::[0m[34;1mdurable_unavailable_maps_to_503_and_hides_marker[0m
2026-09-10T18:17:20.9177984Z [32;1m        PASS[0m [   0.013s] (1927/2739) [35;1msparq-server[0m [36mhttp::from_env_tests[0m[36m::[0m[34;1menv_parse_returns_none_for_an_unset_var[0m
2026-09-10T18:17:20.9297728Z [32;1m        PASS[0m [   0.014s] (1928/2739) [35;1msparq-server[0m [36mhttp::from_env_tests[0m[36m::[0m[34;1mfrom_env_reads_sparq_allow_remote[0m
2026-09-10T18:17:20.9447805Z [32;1m        PASS[0m [   0.013s] (1929/2739) [35;1msparq-server[0m [36mhttp::from_env_tests[0m[36m::[0m[34;1mfrom_env_reads_sparq_cors_allow_origin[0m
2026-09-10T18:17:20.9597942Z [32;1m        PASS[0m [   0.013s] (1930/2739) [35;1msparq-server[0m [36mhttp::from_env_tests[0m[36m::[0m[34;1mfrom_env_reads_sparq_max_body_bytes[0m
2026-09-10T18:17:20.9687791Z [32;1m        PASS[0m [   0.013s] (1931/2739) [35;1msparq-server[0m [36mhttp::from_env_tests[0m[36m::[0m[34;1mfrom_env_reads_sparq_max_query_rows[0m
2026-09-10T18:17:20.9867722Z [32;1m        PASS[0m [   0.014s] (1932/2739) [35;1msparq-server[0m [36mhttp::from_env_tests[0m[36m::[0m[34;1mfrom_env_reads_sparq_max_subscriptions_per_conn[0m
2026-09-10T18:17:20.9977573Z [32;1m        PASS[0m [   0.013s] (1933/2739) [35;1msparq-server[0m [36mhttp::from_env_tests[0m[36m::[0m[34;1mfrom_env_reads_sparq_service_allow[0m
2026-09-10T18:17:21.0127580Z [32;1m        PASS[0m [   0.014s] (1934/2739) [35;1msparq-server[0m [36mhttp::from_env_tests[0m[36m::[0m[34;1msparq_adaptive_commit_env_zero_disables_it[0m
2026-09-10T18:17:21.0588210Z [32;1m        PASS[0m [   0.047s] (1935/2739) [35;1msparq-server[0m [36mhttp::gsp_empty_body_paths_tests[0m[36m::[0m[34;1mnamed_graph_absent_empty_body_creates_graph_201[0m
2026-09-10T18:17:21.0737930Z [32;1m        PASS[0m [   0.015s] (1936/2739) [35;1msparq-server[0m [36mhttp::gsp_helpers_tests[0m[36m::[0m[34;1mbody_to_ntriples_rejects_a_non_utf8_text_body[0m
2026-09-10T18:17:21.0857949Z [32;1m        PASS[0m [   0.014s] (1937/2739) [35;1msparq-server[0m [36mhttp::gsp_helpers_tests[0m[36m::[0m[34;1mescape_iri_percent_encodes_iriref_delimiters_and_controls[0m
2026-09-10T18:17:21.1608182Z [32;1m        PASS[0m [   0.074s] (1938/2739) [35;1msparq-server[0m [36mhttp::hardening_unit_tests[0m[36m::[0m[34;1mhigh_ratio_gzip_is_refused[0m
2026-09-10T18:17:21.1758081Z [32;1m        PASS[0m [   0.015s] (1939/2739) [35;1msparq-server[0m [36mhttp::hardening_unit_tests[0m[36m::[0m[34;1mtighter_takes_the_smaller_present_cap[0m
2026-09-10T18:17:21.1848419Z [32;1m        PASS[0m [   0.010s] (1940/2739) [35;1msparq-server[0m [36mhttp::hardening_unit_tests[0m[36m::[0m[34;1mupdate_where_deadline_is_the_tighter_of_query_and_update_timeouts[0m
2026-09-10T18:17:21.2017209Z [32;1m        PASS[0m [   0.017s] (1941/2739) [35;1msparq-server[0m [36mhttp::header_read_timeout_config_tests[0m[36m::[0m[34;1mslow_body_guard_is_on_by_default[0m
2026-09-10T18:17:21.2178357Z [32;1m        PASS[0m [   0.014s] (1942/2739) [35;1msparq-server[0m [36mhttp::json_error_bodies_middleware_tests[0m[36m::[0m[34;1malready_json_error_passes_through_unchanged[0m
2026-09-10T18:17:21.2325578Z [32;1m        PASS[0m [   0.017s] (1943/2739) [35;1msparq-server[0m [36mhttp::json_error_tests[0m[36m::[0m[34;1mescapes_quote_backslash_and_control_characters[0m
2026-09-10T18:17:21.2488145Z [32;1m        PASS[0m [   0.014s] (1944/2739) [35;1msparq-server[0m [36mhttp::method_not_allowed_tests[0m[36m::[0m[34;1msingle_method_allow_header_is_that_method_verbatim[0m
2026-09-10T18:17:21.2639735Z [32;1m        PASS[0m [   0.017s] (1945/2739) [35;1msparq-server[0m [36mhttp::not_acceptable_head_tests[0m[36m::[0m[34;1mnot_acceptable_head_has_empty_body_and_406_status[0m
2026-09-10T18:17:21.2818335Z [32;1m        PASS[0m [   0.015s] (1946/2739) [35;1msparq-server[0m [36mhttp::pure_helper_unit_tests[0m[36m::[0m[34;1mrow_to_triple_returns_none_for_literal_subject[0m
2026-09-10T18:17:21.2956266Z [32;1m        PASS[0m [   0.015s] (1947/2739) [35;1msparq-server[0m [36mhttp::service_allow_config_tests[0m[36m::[0m[34;1mdefault_config_denies_all_service[0m
2026-09-10T18:17:21.3085010Z [32;1m        PASS[0m [   0.015s] (1948/2739) [35;1msparq-server[0m [36mhttp::touched_pods_tests[0m[36m::[0m[34;1mclear_drop_scoping[0m
2026-09-10T18:17:21.3269502Z [32;1m        PASS[0m [   0.017s] (1949/2739) [35;1msparq-server[0m [36mhttp::touched_pods_tests[0m[36m::[0m[34;1mdelete_insert_concrete_templates_are_scoped[0m
2026-09-10T18:17:21.3458303Z [32;1m        PASS[0m [   0.018s] (1950/2739) [35;1msparq-server[0m [36mhttp::touched_pods_tests[0m[36m::[0m[34;1mgraph_scoped_data_ops_are_scoped[0m
2026-09-10T18:17:21.3668246Z [32;1m        PASS[0m [   0.021s] (1951/2739) [35;1msparq-server[0m [36mhttp::touched_pods_tests[0m[36m::[0m[34;1mmultiple_named_graphs_each_get_a_pod[0m
2026-09-10T18:17:21.3849800Z [32;1m        PASS[0m [   0.020s] (1952/2739) [35;1msparq-server[0m [36mhttp::truncation_safety_tests[0m[36m::[0m[34;1ma_mid_stream_row_cap_abort_never_closes_the_document[0m
2026-09-10T18:17:21.4024016Z [32;1m        PASS[0m [   0.017s] (1953/2739) [35;1msparq-server[0m [36mhttp::truncation_safety_tests[0m[36m::[0m[34;1monly_the_closing_chunk_is_withheld[0m
2026-09-10T18:17:21.4185488Z [32;1m        PASS[0m [   0.016s] (1954/2739) [35;1msparq-server[0m [36mmetrics::tests[0m[36m::[0m[34;1mendpoint_labels_are_bounded[0m
2026-09-10T18:17:21.4321474Z [32;1m        PASS[0m [   0.013s] (1955/2739) [35;1msparq-server[0m [36mnegotiate::tests[0m[36m::[0m[34;1mexact_beats_wildcard[0m
2026-09-10T18:17:21.4407437Z [32;1m        PASS[0m [   0.007s] (1956/2739) [35;1msparq-server[0m [36mnegotiate::tests[0m[36m::[0m[34;1mgraph_formats[0m
2026-09-10T18:17:21.4475221Z [32;1m        PASS[0m [   0.008s] (1957/2739) [35;1msparq-server[0m [36mnegotiate::tests[0m[36m::[0m[34;1mnegotiate_matches_or_406_modulo_default[0m
2026-09-10T18:17:21.4618987Z [32;1m        PASS[0m [   0.014s] (1958/2739) [35;1msparq-server[0m [36mnegotiate::tests[0m[36m::[0m[34;1mor_406_supported_types_select_format[0m
2026-09-10T18:17:21.4769101Z [32;1m        PASS[0m [   0.015s] (1959/2739) [35;1msparq-server[0m [36mredact::tests[0m[36m::[0m[34;1mempty_query_records_zero_length[0m
2026-09-10T18:17:21.4929516Z [32;1m        PASS[0m [   0.016s] (1960/2739) [35;1msparq-server[0m [36mredact::tests[0m[36m::[0m[34;1mno_query_string_is_unchanged[0m
2026-09-10T18:17:21.5048570Z [32;1m        PASS[0m [   0.012s] (1961/2739) [35;1msparq-server[0m [36mresults::tests[0m[36m::[0m[34;1mcsv_chunks_byte_identical_small[0m
2026-09-10T18:17:21.5228172Z [32;1m        PASS[0m [   0.016s] (1962/2739) [35;1msparq-server[0m [36mresults::tests[0m[36m::[0m[34;1mcsv_header_and_lexical[0m
2026-09-10T18:17:21.5374527Z [32;1m        PASS[0m [   0.016s] (1963/2739) [35;1msparq-server[0m [36mresults::tests[0m[36m::[0m[34;1mis_turtle_decimal_returns_false_when_no_dot_present[0m
2026-09-10T18:17:21.5685215Z [32;1m        PASS[0m [   0.031s] (1964/2739) [35;1msparq-server[0m [36mresults::tests[0m[36m::[0m[34;1mtsv_abbreviation_edge_cases[0m
2026-09-10T18:17:21.6782555Z [32;1m        PASS[0m [   0.109s] (1965/2739) [35;1msparq-server[0m [36mresults::tests[0m[36m::[0m[34;1mtsv_chunks_splits_large_result[0m
2026-09-10T18:17:21.7028114Z [32;1m        PASS[0m [   0.023s] (1966/2739) [35;1msparq-server[0m [36mresults::tests[0m[36m::[0m[34;1mtsv_header_and_term_syntax[0m
2026-09-10T18:17:21.7208152Z [32;1m        PASS[0m [   0.019s] (1967/2739) [35;1msparq-server[0m [36mresults::tests[0m[36m::[0m[34;1mxml_attr_escape_encodes_xml_special_characters[0m
2026-09-10T18:17:21.7458568Z [32;1m        PASS[0m [   0.025s] (1968/2739) [35;1msparq-server[0m [36mresults::tests[0m[36m::[0m[34;1mxml_text_body_escapes_markup_characters[0m
2026-09-10T18:17:21.7637977Z [32;1m        PASS[0m [   0.018s] (1969/2739) [35;1msparq-server[0m [36mservice_config::tests[0m[36m::[0m[34;1mblank_entries_ignored[0m
2026-09-10T18:17:21.7791776Z [32;1m        PASS[0m [   0.016s] (1970/2739) [35;1msparq-server[0m [36mservice_config::tests[0m[36m::[0m[34;1mexact_host_normalised_to_engine_host_form[0m
2026-09-10T18:17:21.7965694Z [32;1m        PASS[0m [   0.017s] (1971/2739) [35;1msparq-server[0m [36mservice_config::tests[0m[36m::[0m[34;1mfrom_sources_unions_cli_file_env[0m
2026-09-10T18:17:21.8167901Z [32;1m        PASS[0m [   0.019s] (1972/2739) [35;1msparq-server[0m [36mservice_config::tests[0m[36m::[0m[34;1mnormalize_host_ipv6_with_non_digit_port_strips_brackets[0m
2026-09-10T18:17:21.8328151Z [32;1m        PASS[0m [   0.017s] (1973/2739) [35;1msparq-server[0m [36mservice_config::tests[0m[36m::[0m[34;1mport_scoped_suffix_wildcard_carries_port[0m
2026-09-10T18:17:21.8594479Z [32;1m        PASS[0m [   0.026s] (1974/2739) [35;1msparq-server[0m [36msubscriptions::tests[0m[36m::[0m[34;1mdiff_detects_added_and_removed[0m
2026-09-10T18:17:21.8839557Z [32;1m        PASS[0m [   0.025s] (1975/2739) [35;1msparq-server[0m [36msubscriptions::tests[0m[36m::[0m[34;1mmax_rows_budget_refuses_oversized_results[0m
2026-09-10T18:17:21.9248378Z [32;1m        PASS[0m [   0.040s] (1976/2739) [35;1msparq-server[0m [36msubscriptions::tests[0m[36m::[0m[34;1mreevaluate_step_terminates_when_a_later_result_overflows_the_row_cap[0m
2026-09-10T18:17:21.9438033Z [32;1m        PASS[0m [   0.019s] (1977/2739) [35;1msparq-server[0m [36msubscriptions::tests[0m[36m::[0m[34;1mterm_json_encodes_a_blank_node[0m
2026-09-10T18:17:21.9618304Z [32;1m        PASS[0m [   0.016s] (1978/2739) [35;1msparq-server[0m [36msubscriptions::tests[0m[36m::[0m[34;1mterm_json_triple_term_with_blank_node_subject[0m
2026-09-10T18:17:22.0523956Z [32;1m        PASS[0m [   0.092s] (1979/2739) [35;1msparq-server::auth[0m [34;1mmetrics_gated_when_read_gate_on[0m
2026-09-10T18:17:22.1297620Z [32;1m        PASS[0m [   0.076s] (1980/2739) [35;1msparq-server::auth[0m [34;1mreads_gated_when_read_gate_on[0m
2026-09-10T18:17:22.1663716Z [32;1m        PASS[0m [   0.038s] (1981/2739) [35;1msparq-server::auth[0m [34;1mupdate_via_form_path_is_gated[0m
2026-09-10T18:17:22.2017976Z [32;1m        PASS[0m [   0.035s] (1982/2739) [35;1msparq-server::auth[0m [34;1mupdate_with_no_token_configured_still_works[0m
2026-09-10T18:17:22.3008074Z [32;1m        PASS[0m [   0.098s] (1983/2739) [35;1msparq-server::cors[0m [34;1mdefault_emits_no_cors_headers_even_with_origin[0m
2026-09-10T18:17:22.3187957Z [32;1m        PASS[0m [   0.018s] (1984/2739) [35;1msparq-server::cors[0m [34;1mpreflight_answered_for_allowlisted_origin[0m
2026-09-10T18:17:22.3447959Z [32;1m        PASS[0m [   0.027s] (1985/2739) [35;1msparq-server::cors[0m [34;1munlisted_origin_gets_no_cors_header[0m
2026-09-10T18:17:22.4628234Z [32;1m        PASS[0m [   0.116s] (1986/2739) [35;1msparq-server::explain_metrics[0m [34;1mexplain_analyze_with_json_ct_fills_actuals[0m
2026-09-10T18:17:22.4813815Z [32;1m        PASS[0m [   0.021s] (1987/2739) [35;1msparq-server::explain_metrics[0m [34;1mjson_analyze_of_construct_is_400[0m
2026-09-10T18:17:22.5138074Z [32;1m        PASS[0m [   0.031s] (1988/2739) [35;1msparq-server::explain_metrics[0m [34;1mpost_form_explain_analyze_executes_and_traces[0m
2026-09-10T18:17:22.6632600Z [32;1m        PASS[0m [   0.151s] (1989/2739) [35;1msparq-server::gsp_patch[0m [34;1msparql_update_patch_default_graph_atomic[0m
2026-09-10T18:17:22.7392374Z [32;1m        PASS[0m [   0.076s] (1990/2739) [35;1msparq-server::gsp_patch[0m [34;1msparql_update_patch_named_graph_where_dataset_scoped[0m
2026-09-10T18:17:22.9268131Z [32;1m        PASS[0m [   0.185s] (1991/2739) [35;1msparq-server::hardening[0m [34;1mdecompress_ratio_cap_rejects_zip_bomb[0m
2026-09-10T18:17:23.0631820Z [32;1m        PASS[0m [   3.090s] (1992/2739) [35;1msparq-serve::writer[0m [34;1mreaders_never_stall_while_writer_commits[0m
2026-09-10T18:17:23.0828248Z [32;1m        PASS[0m [   0.019s] (1993/2739) [35;1msparq-server::hardening[0m [34;1mmax_results_refuses_with_413[0m
2026-09-10T18:17:23.0967888Z [32;1m        PASS[0m [   0.014s] (1994/2739) [35;1msparq-server::hardening[0m [34;1mno_echo_malformed_gzip_body[0m
2026-09-10T18:17:23.1109864Z [32;1m        PASS[0m [   0.014s] (1995/2739) [35;1msparq-server::hardening[0m [34;1mno_echo_update_parse_error[0m
2026-09-10T18:17:23.1275905Z [32;1m        PASS[0m [   0.015s] (1996/2739) [35;1msparq-server::hardening[0m [34;1mrow_cap_413_names_the_applied_knob_on_non_select_paths[0m
2026-09-10T18:17:23.1510536Z [32;1m        PASS[0m [   0.024s] (1997/2739) [35;1msparq-server::hardening[0m [34;1msecurity_headers_on_streamed_response[0m
2026-09-10T18:17:23.1637764Z [32;1m        PASS[0m [   0.239s] (1998/2739) [35;1msparq-server::hardening[0m [34;1mhandler_panic_is_500_not_dead_connection[0m
2026-09-10T18:17:23.5651070Z [32;1m        PASS[0m [   0.414s] (1999/2739) [35;1msparq-server::hardening[0m [34;1mslow_body_dribble_closed_by_deadline[0m
2026-09-10T18:17:23.8783259Z [32;1m        PASS[0m [   0.714s] (2000/2739) [35;1msparq-server::hardening[0m [34;1mslow_loris_held_open_when_deadline_disabled[0m
2026-09-10T18:17:24.7352980Z [32;1m        PASS[0m [   1.170s] (2001/2739) [35;1msparq-server::hardening[0m [34;1mtimeout_fires_on_slow_query[0m
2026-09-10T18:17:24.7788113Z [32;1m        PASS[0m [   0.043s] (2002/2739) [35;1msparq-server::health_probe[0m [34;1mprobe_passes_against_a_live_server[0m
2026-09-10T18:17:24.8800419Z [32;1m        PASS[0m [   0.101s] (2003/2739) [35;1msparq-server::jsonld_content_negotiation[0m [34;1mgsp_put_jsonld_then_get_jsonld_roundtrips[0m
2026-09-10T18:17:24.9642490Z [32;1m        PASS[0m [   0.084s] (2004/2739) [35;1msparq-server::named_graphs[0m [34;1mdelete_insert_where_optional_replaces_acl_pointer[0m
2026-09-10T18:17:24.9829604Z [32;1m        PASS[0m [   0.018s] (2005/2739) [35;1msparq-server::named_graphs[0m [34;1musage_aggregate_coalesce_defaults_to_zero_on_empty_match[0m
2026-09-10T18:17:25.0443480Z [32;1m        PASS[0m [   1.166s] (2006/2739) [35;1msparq-server::hardening[0m [34;1mupdate_where_timeout_bounds_head_of_line_blocking[0m
2026-09-10T18:17:25.0517762Z [32;1m        PASS[0m [   0.068s] (2007/2739) [35;1msparq-server::persist[0m [34;1madmin_compact_requires_write_auth[0m
2026-09-10T18:17:25.0762902Z [32;1m        PASS[0m [   0.032s] (2008/2739) [35;1msparq-server::persist[0m [34;1mno_persist_dir_is_in_memory_and_lost_on_restart[0m
2026-09-10T18:17:25.1235777Z [32;1m        PASS[0m [   0.071s] (2009/2739) [35;1msparq-server::persist[0m [34;1mrestart_preserves_all_updates_no_rebuild[0m
2026-09-10T18:17:25.1542706Z [32;1m        PASS[0m [   0.078s] (2010/2739) [35;1msparq-server::protocol[0m [34;1mbad_default_graph_uri_is_400[0m
2026-09-10T18:17:25.1681572Z [32;1m        PASS[0m [   0.045s] (2011/2739) [35;1msparq-server::protocol[0m [34;1mconstruct_ntriples_default[0m
2026-09-10T18:17:25.1728949Z [32;1m        PASS[0m [   0.016s] (2012/2739) [35;1msparq-server::protocol[0m [34;1mdefault_graph_uri_rescopes_active_dataset[0m
2026-09-10T18:17:25.1848227Z [32;1m        PASS[0m [   0.016s] (2013/2739) [35;1msparq-server::protocol[0m [34;1mget_query_json_default[0m
2026-09-10T18:17:25.1875504Z [32;1m        PASS[0m [   0.016s] (2014/2739) [35;1msparq-server::protocol[0m [34;1mgsp_get_default_graph_indirect[0m
2026-09-10T18:17:25.1981161Z [32;1m        PASS[0m [   0.013s] (2015/2739) [35;1msparq-server::protocol[0m [34;1mgsp_malformed_body_is_400[0m
2026-09-10T18:17:25.2131901Z [32;1m        PASS[0m [   0.026s] (2016/2739) [35;1msparq-server::protocol[0m [34;1mgsp_post_merges_additive[0m
2026-09-10T18:17:25.2276805Z [32;1m        PASS[0m [   0.015s] (2017/2739) [35;1msparq-server::protocol[0m [34;1mgsp_put_turtle_get_rdfxml_cross_format[0m
2026-09-10T18:17:25.2291575Z [32;1m        PASS[0m [   0.031s] (2018/2739) [35;1msparq-server::protocol[0m [34;1mgsp_put_rdfxml_then_get_rdfxml_roundtrip[0m
2026-09-10T18:17:25.2432086Z [32;1m        PASS[0m [   0.015s] (2019/2739) [35;1msparq-server::protocol[0m [34;1mgsp_unsupported_method_is_405_with_allow[0m
2026-09-10T18:17:25.2434113Z [32;1m        PASS[0m [   0.014s] (2020/2739) [35;1msparq-server::protocol[0m [34;1mhead_query_has_no_body_but_content_type[0m
2026-09-10T18:17:25.2583054Z [32;1m        PASS[0m [   0.014s] (2021/2739) [35;1msparq-server::protocol[0m [34;1mmultiple_default_graph_uri_merge[0m
2026-09-10T18:17:25.2617476Z [32;1m        PASS[0m [   0.017s] (2022/2739) [35;1msparq-server::protocol[0m [34;1mnegotiate_tsv[0m
2026-09-10T18:17:25.2731604Z [32;1m        PASS[0m [   0.014s] (2023/2739) [35;1msparq-server::protocol[0m [34;1mpost_urlencoded_query[0m
2026-09-10T18:17:25.2763152Z [32;1m        PASS[0m [   0.016s] (2024/2739) [35;1msparq-server::protocol[0m [34;1mstreamed_select_json_is_byte_identical[0m
2026-09-10T18:17:25.2867187Z [32;1m        PASS[0m [   0.014s] (2025/2739) [35;1msparq-server::protocol[0m [34;1musing_graph_uri_conflict_with_in_update_using_is_400[0m
2026-09-10T18:17:25.3709961Z [32;1m        PASS[0m [   0.095s] (2026/2739) [35;1msparq-server::query_method[0m [34;1mquery_method_accept_csv[0m
2026-09-10T18:17:25.3737832Z [32;1m        PASS[0m [   0.086s] (2027/2739) [35;1msparq-server::query_method[0m [34;1mquery_method_construct_rdf[0m
2026-09-10T18:17:25.3870807Z [32;1m        PASS[0m [   0.014s] (2028/2739) [35;1msparq-server::query_method[0m [34;1mquery_method_form_missing_query_is_400[0m
2026-09-10T18:17:25.3900928Z [32;1m        PASS[0m [   0.019s] (2029/2739) [35;1msparq-server::query_method[0m [34;1mquery_method_direct_body_json[0m
2026-09-10T18:17:25.4028376Z [32;1m        PASS[0m [   0.016s] (2030/2739) [35;1msparq-server::query_method[0m [34;1mquery_method_named_graph_uri_from_url_with_form_body[0m
2026-09-10T18:17:25.4089502Z [32;1m        PASS[0m [   0.018s] (2031/2739) [35;1msparq-server::query_method[0m [34;1mquery_method_unsupported_accept_is_406[0m
2026-09-10T18:17:25.4320309Z [32;1m        PASS[0m [   0.029s] (2032/2739) [35;1msparq-server::serializer_oracle[0m [34;1moracle_empty_and_no_var_results_roundtrip[0m
2026-09-10T18:17:25.4343023Z [32;1m        PASS[0m [   0.025s] (2033/2739) [35;1msparq-server::serializer_oracle[0m [34;1moracle_rdf_star_triple_term_roundtrip[0m
2026-09-10T18:17:25.5269851Z [32;1m        PASS[0m [   0.092s] (2034/2739) [35;1msparq-server::status_contract[0m [34;1mmissing_query_param_is_permanent_400[0m
2026-09-10T18:17:25.5448799Z [32;1m        PASS[0m [   0.016s] (2035/2739) [35;1msparq-server::status_contract[0m [34;1mresult_byte_cap_is_permanent_413_honest_refusal[0m
2026-09-10T18:17:25.5662429Z [32;1m        PASS[0m [   0.023s] (2036/2739) [35;1msparq-server::status_contract[0m [34;1munknown_route_is_permanent_404[0m
2026-09-10T18:17:26.4452360Z [32;1m        PASS[0m [   0.879s] (2037/2739) [35;1msparq-server::stream_truncation[0m [34;1man_uncapped_stream_completes_and_claims_completeness[0m
2026-09-10T18:17:26.5831078Z [32;1m        PASS[0m [   0.137s] (2038/2739) [35;1msparq-server::subscriptions[0m [34;1mcommitted_insert_pushes_added_diff[0m
2026-09-10T18:17:26.9896574Z [32;1m        PASS[0m [   0.405s] (2039/2739) [35;1msparq-server::subscriptions[0m [34;1mmultiple_subscriptions_on_one_socket_are_independent[0m
2026-09-10T18:17:27.0473238Z [32;1m        PASS[0m [   0.058s] (2040/2739) [35;1msparq-server::subscriptions[0m [34;1moversized_initial_result_refuses_the_subscription[0m
2026-09-10T18:17:27.4109848Z [32;1m        PASS[0m [   0.364s] (2041/2739) [35;1msparq-server::subscriptions[0m [34;1munsubscribe_stops_notifications[0m
2026-09-10T18:17:27.5029135Z [32;1m        PASS[0m [   0.089s] (2042/2739) [35;1msparq-server::subscriptions_auth[0m [34;1msse_with_correct_token_opens_stream[0m
2026-09-10T18:17:27.5181578Z [32;1m        PASS[0m [   0.017s] (2043/2739) [35;1msparq-server::subscriptions_auth[0m [34;1mws_upgrade_open_when_no_read_token_configured[0m
2026-09-10T18:17:27.5319846Z [32;1m        PASS[0m [   0.013s] (2044/2739) [35;1msparq-server::subscriptions_auth[0m [34;1mws_upgrade_with_bearer_subprotocol_is_accepted_and_echoed[0m
2026-09-10T18:17:27.5442591Z [32;1m        PASS[0m [   0.012s] (2045/2739) [35;1msparq-server::subscriptions_auth[0m [34;1mws_upgrade_without_token_is_rejected_when_read_gated[0m
2026-09-10T18:17:27.6359468Z [32;1m        PASS[0m [   0.092s] (2046/2739) [35;1msparq-server::subscriptions_sse[0m [34;1msse_initial_result_within_max_results_still_opens[0m
2026-09-10T18:17:28.1580889Z [32;1m        PASS[0m [   0.522s] (2047/2739) [35;1msparq-server::subscriptions_sse[0m [34;1msse_non_matching_update_is_silent[0m
2026-09-10T18:17:28.1758242Z [32;1m        PASS[0m [   0.017s] (2048/2739) [35;1msparq-server::subscriptions_sse[0m [34;1msse_update_delivers_added_diff_frame[0m
2026-09-10T18:17:28.2842061Z [32;1m        PASS[0m [   0.108s] (2049/2739) [35;1msparq-server::time_travel[0m [36mdefault_build[0m[36m::[0m[34;1mpinned_pagination_is_snapshot_consistent_across_an_interleaved_write[0m
2026-09-10T18:17:28.3912718Z [32;1m        PASS[0m [   0.107s] (2050/2739) [35;1msparq-server::updates[0m [34;1mfailed_update_is_atomic_and_server_recovers[0m
2026-09-10T18:17:31.2415667Z [32;1m        PASS[0m [   2.850s] (2051/2739) [35;1msparq-server::updates[0m [34;1mreaders_are_not_blocked_during_a_slow_update[0m
2026-09-10T18:17:31.3188039Z [32;1m        PASS[0m [   0.074s] (2052/2739) [35;1msparq-server::wire_contract[0m [34;1mclass_400_missing_query_param[0m
2026-09-10T18:17:31.3329596Z [32;1m        PASS[0m [   0.015s] (2053/2739) [35;1msparq-server::wire_contract[0m [34;1mclass_405_carries_allow[0m
2026-09-10T18:17:31.3628731Z [32;1m        PASS[0m [   0.031s] (2054/2739) [35;1msparq-server::wire_contract[0m [34;1mclass_413_row_cap_honest_refusal[0m
2026-09-10T18:17:31.5828121Z [32;1m        PASS[0m [   0.221s] (2055/2739) [35;1msparq-server::wire_contract[0m [34;1mclass_500_caught_panic[0m
2026-09-10T18:17:31.5981696Z [32;1m        PASS[0m [   0.015s] (2056/2739) [35;1msparq-server::wire_contract[0m [34;1mget_query_defaults_to_results_json_envelope[0m
2026-09-10T18:17:31.6369736Z [32;1m        PASS[0m [   0.038s] (2057/2739) [35;1msparq-server::wire_contract[0m [34;1mgsp_indirect_lifecycle_statuses[0m
2026-09-10T18:17:31.6551378Z [32;1m        PASS[0m [   0.018s] (2058/2739) [35;1msparq-server::wire_contract[0m [34;1mpost_direct_query_is_200[0m
2026-09-10T18:17:31.6792018Z [32;1m        PASS[0m [   0.024s] (2059/2739) [35;1msparq-server::wire_contract[0m [34;1mselect_negotiation_emits_exact_content_types[0m
2026-09-10T18:17:31.7235494Z [32;1m        PASS[0m [   0.044s] (2060/2739) [35;1msparq-shacl[0m [36midfast_tests[0m[36m::[0m[34;1midfast_absent_focus_falls_back_to_term_route[0m
2026-09-10T18:17:31.7418092Z [32;1m        PASS[0m [   0.018s] (2061/2739) [35;1msparq-shacl[0m [36midfast_tests[0m[36m::[0m[34;1midfast_cyclic_node_report_equivalent[0m
2026-09-10T18:17:31.7687809Z [32;1m        PASS[0m [   0.026s] (2062/2739) [35;1msparq-shacl[0m [36midfast_tests[0m[36m::[0m[34;1midfast_value_enumerations_report_equivalent[0m
2026-09-10T18:17:31.7833673Z [32;1m        PASS[0m [   0.015s] (2063/2739) [35;1msparq-shacl[0m [36mpath::tests[0m[36m::[0m[34;1meval_inverse[0m
2026-09-10T18:17:31.7924216Z [32;1m        PASS[0m [   0.009s] (2064/2739) [35;1msparq-shacl[0m [36mpath::tests[0m[36m::[0m[34;1meval_one_or_more_excludes_start_unless_reachable[0m
2026-09-10T18:17:31.8134030Z [32;1m        PASS[0m [   0.021s] (2065/2739) [35;1msparq-shacl[0m [36mpath::tests[0m[36m::[0m[34;1meval_sequence_direction_matters[0m
2026-09-10T18:17:31.8248024Z [32;1m        PASS[0m [   0.010s] (2066/2739) [35;1msparq-shacl[0m [36mpath::tests[0m[36m::[0m[34;1meval_zero_or_more_of_sequence[0m
2026-09-10T18:17:31.8368717Z [32;1m        PASS[0m [   0.011s] (2067/2739) [35;1msparq-shacl[0m [36mpath::tests[0m[36m::[0m[34;1mparse_alternative_path[0m
2026-09-10T18:17:31.8437880Z [33;1m        SLOW[0m [> 60.000s] (─────────) [35;1msparq-engine::differentials[0m [36myannakakis_differential[0m[36m::[0m[34;1mstar_join_large_matches_brute_force[0m
2026-09-10T18:17:31.8467527Z [32;1m        PASS[0m [   0.009s] (2068/2739) [35;1msparq-shacl[0m [36mpath::tests[0m[36m::[0m[34;1mparse_ill_formed_blank_is_error[0m
2026-09-10T18:17:31.8557581Z [32;1m        PASS[0m [   0.010s] (2069/2739) [35;1msparq-shacl[0m [36mpath::tests[0m[36m::[0m[34;1mparse_nested_path[0m
2026-09-10T18:17:31.8647852Z [32;1m        PASS[0m [   0.009s] (2070/2739) [35;1msparq-shacl[0m [36mpath::tests[0m[36m::[0m[34;1mparse_sequence_path[0m
2026-09-10T18:17:31.8703730Z [32;1m        PASS[0m [   0.007s] (2071/2739) [35;1msparq-shacl[0m [36mpath::tests[0m[36m::[0m[34;1mto_sparql_property_path_each_form[0m
2026-09-10T18:17:31.8779694Z [32;1m        PASS[0m [   0.007s] (2072/2739) [35;1msparq-shacl[0m [36mpath::tests[0m[36m::[0m[34;1mto_turtle_round_trips_each_form[0m
2026-09-10T18:17:31.8871411Z [32;1m        PASS[0m [   0.009s] (2073/2739) [35;1msparq-shacl[0m [36mreport::tests[0m[36m::[0m[34;1mconforming_report_turtle_and_text[0m
2026-09-10T18:17:31.8988033Z [32;1m        PASS[0m [   0.010s] (2074/2739) [35;1msparq-shacl[0m [36mreport::tests[0m[36m::[0m[34;1mjson_escapes_messages_and_term_strings[0m
2026-09-10T18:17:31.9089968Z [32;1m        PASS[0m [   0.012s] (2075/2739) [35;1msparq-shacl[0m [36mreport::tests[0m[36m::[0m[34;1mjson_result_is_pinned_with_fixed_key_order[0m
2026-09-10T18:17:31.9248079Z [32;1m        PASS[0m [   0.014s] (2076/2739) [35;1msparq-shacl[0m [36mreport::tests[0m[36m::[0m[34;1mseverity_threshold_default_and_custom_disallowed[0m
2026-09-10T18:17:31.9310749Z [32;1m        PASS[0m [   0.008s] (2077/2739) [35;1msparq-shacl[0m [36mreport::tests[0m[36m::[0m[34;1mturtle_emits_path_value_and_message_branches[0m
2026-09-10T18:17:31.9408250Z [32;1m        PASS[0m [   0.009s] (2078/2739) [35;1msparq-shacl[0m [36mscs::tests[0m[36m::[0m[34;1mbase_override_resolves_shape[0m
2026-09-10T18:17:31.9587818Z [32;1m        PASS[0m [   0.019s] (2079/2739) [35;1msparq-shacl[0m [36mscs::tests[0m[36m::[0m[34;1mparsed_shapes_drive_validation[0m
2026-09-10T18:17:31.9690592Z [32;1m        PASS[0m [   0.010s] (2080/2739) [35;1msparq-shacl[0m [36mscs::tests[0m[36m::[0m[34;1munsupported_construct_errors_not_misparses[0m
2026-09-10T18:17:31.9978152Z [32;1m        PASS[0m [   0.027s] (2081/2739) [35;1msparq-shacl[0m [36msparql::tests[0m[36m::[0m[34;1mask_violates_filter_pre_binds_value[0m
2026-09-10T18:17:32.0156472Z [32;1m        PASS[0m [   0.019s] (2082/2739) [35;1msparq-shacl[0m [36msparql::tests[0m[36m::[0m[34;1meval_batch_skips_blank_node_foci[0m
2026-09-10T18:17:32.0247788Z [32;1m        PASS[0m [   0.008s] (2083/2739) [35;1msparq-shacl[0m [36msparql::tests[0m[36m::[0m[34;1mpre_bind_ask_descends_into_project_and_modifier[0m
2026-09-10T18:17:32.0318737Z [32;1m        PASS[0m [   0.008s] (2084/2739) [35;1msparq-shacl[0m [36msparql::tests[0m[36m::[0m[34;1mpre_bind_select_multi_projects_this_and_injects_multi_row[0m
2026-09-10T18:17:32.0417677Z [32;1m        PASS[0m [   0.008s] (2085/2739) [35;1msparq-shacl[0m [36msparql::tests[0m[36m::[0m[34;1mpre_bind_values_multi_none_for_blank_node[0m
2026-09-10T18:17:32.0470714Z [32;1m        PASS[0m [   0.007s] (2086/2739) [35;1msparq-shacl[0m [36msparql::tests[0m[36m::[0m[34;1mpre_binding_rejects_rebind_of_this[0m
2026-09-10T18:17:32.0579764Z [32;1m        PASS[0m [   0.010s] (2087/2739) [35;1msparq-shacl[0m [36msparql::tests[0m[36m::[0m[34;1mprepared_sparql_build_rejects_non_select[0m
2026-09-10T18:17:32.0696208Z [32;1m        PASS[0m [   0.013s] (2088/2739) [35;1msparq-shacl[0m [36msparql::tests[0m[36m::[0m[34;1mprepared_sparql_evaluate_maps_value_path_and_message[0m
2026-09-10T18:17:32.0807506Z [32;1m        PASS[0m [   0.008s] (2089/2739) [35;1msparq-shacl[0m [36msparql::tests[0m[36m::[0m[34;1mpush_values_down_above_select_star_subselect[0m
2026-09-10T18:17:32.0855059Z [32;1m        PASS[0m [   0.007s] (2090/2739) [35;1msparq-shacl[0m [36msparql::tests[0m[36m::[0m[34;1mpush_values_down_left_join_binds_left_only[0m
2026-09-10T18:17:32.0947884Z [32;1m        PASS[0m [   0.008s] (2091/2739) [35;1msparq-shacl[0m [36msparql::tests[0m[36m::[0m[34;1mpush_values_down_through_group[0m
2026-09-10T18:17:32.1039425Z [32;1m        PASS[0m [   0.010s] (2092/2739) [35;1msparq-shacl[0m [36msparql::tests[0m[36m::[0m[34;1mpush_values_down_through_projecting_subselect[0m
2026-09-10T18:17:32.1133768Z [32;1m        PASS[0m [   0.009s] (2093/2739) [35;1msparq-shacl[0m [36msparql::tests[0m[36m::[0m[34;1mquery_batchable_allows_group_by_this[0m
2026-09-10T18:17:32.1248579Z [32;1m        PASS[0m [   0.011s] (2094/2739) [35;1msparq-shacl[0m [36msparql::tests[0m[36m::[0m[34;1mquery_batchable_plain_select_is_batchable[0m
2026-09-10T18:17:32.1327736Z [32;1m        PASS[0m [   0.008s] (2095/2739) [35;1msparq-shacl[0m [36msparql::tests[0m[36m::[0m[34;1mquery_batchable_rejects_top_level_limit[0m
2026-09-10T18:17:32.1437982Z [32;1m        PASS[0m [   0.011s] (2096/2739) [35;1msparq-shacl[0m [36msparql::tests[0m[36m::[0m[34;1mselect_expr_eval_pre_binds_this_and_takes_first_var[0m
2026-09-10T18:17:32.1716326Z [32;1m        PASS[0m [   0.028s] (2097/2739) [35;1msparq-shacl[0m [36msparql::tests[0m[36m::[0m[34;1mselect_validate_fail_closed_on_runtime_query_error[0m
2026-09-10T18:17:32.1838357Z [32;1m        PASS[0m [   0.012s] (2098/2739) [35;1msparq-shacl[0m [36msparql::tests[0m[36m::[0m[34;1mselect_validate_minus_pre_binds_this[0m
2026-09-10T18:17:32.1939753Z [32;1m        PASS[0m [   0.010s] (2099/2739) [35;1msparq-shacl[0m [36msparql::tests[0m[36m::[0m[34;1msubstitute_bindings_over_pre_bound_terms[0m
2026-09-10T18:17:32.2051713Z [32;1m        PASS[0m [   0.011s] (2100/2739) [35;1msparq-shacl[0m [36msparql::tests[0m[36m::[0m[34;1mvalidator_pre_binding_rejects_value_rebind[0m
2026-09-10T18:17:32.2215160Z [32;1m        PASS[0m [   0.016s] (2101/2739) [35;1msparq-shacl[0m [36mtests[0m[36m::[0m[34;1mconforming_data[0m
2026-09-10T18:17:32.2419193Z [32;1m        PASS[0m [   0.020s] (2102/2739) [35;1msparq-shacl[0m [36mtests[0m[36m::[0m[34;1mcyclic_property_shape_does_not_overflow[0m
2026-09-10T18:17:32.2567813Z [32;1m        PASS[0m [   0.014s] (2103/2739) [35;1msparq-shacl[0m [36mtests[0m[36m::[0m[34;1mfocus_node_count_unions_all_target_kinds[0m
2026-09-10T18:17:32.2684849Z [32;1m        PASS[0m [   0.013s] (2104/2739) [35;1msparq-shacl[0m [36mtests[0m[36m::[0m[34;1mload_turtle_with_base_resolves_relatives_and_reports_errors[0m
2026-09-10T18:17:32.2853207Z [32;1m        PASS[0m [   0.016s] (2105/2739) [35;1msparq-shacl[0m [36mtests[0m[36m::[0m[34;1mreport_turtle_parses[0m
2026-09-10T18:17:32.3043531Z [32;1m        PASS[0m [   0.019s] (2106/2739) [35;1msparq-shacl[0m [36mtests[0m[36m::[0m[34;1mshapes_graph_conformance_disallows_threaded[0m
2026-09-10T18:17:32.3228168Z [32;1m        PASS[0m [   0.016s] (2107/2739) [35;1msparq-shacl[0m [36mtests[0m[36m::[0m[34;1mtarget_where_selects_conforming_nodes[0m
2026-09-10T18:17:32.3387871Z [32;1m        PASS[0m [   0.017s] (2108/2739) [35;1msparq-shacl[0m [36mtests[0m[36m::[0m[34;1mviolations_reported[0m
2026-09-10T18:17:32.3487746Z [32;1m        PASS[0m [   0.010s] (2109/2739) [35;1msparq-shacl[0m [36mview::tests[0m[36m::[0m[34;1mhas_type_direct_only_and_invalid_class[0m
2026-09-10T18:17:32.3594928Z [32;1m        PASS[0m [   0.011s] (2110/2739) [35;1msparq-shacl[0m [36mview::tests[0m[36m::[0m[34;1mis_instance_of_handles_superclass_cycle[0m
2026-09-10T18:17:32.3728853Z [32;1m        PASS[0m [   0.013s] (2111/2739) [35;1msparq-shacl[0m [36mview::tests[0m[36m::[0m[34;1mlist_and_list_strict_well_formed[0m
2026-09-10T18:17:32.3824155Z [32;1m        PASS[0m [   0.009s] (2112/2739) [35;1msparq-shacl[0m [36mview::tests[0m[36m::[0m[34;1mlist_strict_rejects_literal_head[0m
2026-09-10T18:17:32.3951093Z [32;1m        PASS[0m [   0.013s] (2113/2739) [35;1msparq-shacl[0m [36mview::tests[0m[36m::[0m[34;1mobject_objects_subjects_and_str_object[0m
2026-09-10T18:17:32.4034157Z [32;1m        PASS[0m [   0.008s] (2114/2739) [35;1msparq-shacl[0m [36mview::tests[0m[36m::[0m[34;1msubjects_of_and_objects_of_dedup[0m
2026-09-10T18:17:32.4464187Z [32;1m        PASS[0m [   0.042s] (2115/2739) [35;1msparq-shacl::constraints[0m [34;1mdatatype_list_form_accepts_any_listed[0m
2026-09-10T18:17:32.4623974Z [32;1m        PASS[0m [   0.016s] (2116/2739) [35;1msparq-shacl::constraints[0m [34;1mdatatype_single_iri_still_works[0m
2026-09-10T18:17:32.4865248Z [32;1m        PASS[0m [   0.024s] (2117/2739) [35;1msparq-shacl::constraints[0m [34;1mequals_reports_both_directions[0m
2026-09-10T18:17:32.4984895Z [32;1m        PASS[0m [   0.012s] (2118/2739) [35;1msparq-shacl::constraints[0m [34;1mlanguage_in_basic_range_match[0m
2026-09-10T18:17:32.5205983Z [32;1m        PASS[0m [   0.022s] (2119/2739) [35;1msparq-shacl::constraints[0m [34;1mless_than_reports_per_pair[0m
2026-09-10T18:17:32.5353542Z [32;1m        PASS[0m [   0.013s] (2120/2739) [35;1msparq-shacl::constraints[0m [34;1mmax_length_unicode_chars_not_bytes[0m
2026-09-10T18:17:32.5533367Z [32;1m        PASS[0m [   0.020s] (2121/2739) [35;1msparq-shacl::constraints[0m [34;1mmember_shape_emits_detail_per_failing_member[0m
2026-09-10T18:17:32.5644746Z [32;1m        PASS[0m [   0.011s] (2122/2739) [35;1msparq-shacl::constraints[0m [34;1mnodekind_list_form_accepts_iri_or_blanknode[0m
2026-09-10T18:17:32.5878190Z [32;1m        PASS[0m [   0.023s] (2123/2739) [35;1msparq-shacl::constraints[0m [34;1mpattern_q_flag_is_literal_mode[0m
2026-09-10T18:17:32.6005408Z [32;1m        PASS[0m [   0.012s] (2124/2739) [35;1msparq-shacl::constraints[0m [34;1mpattern_with_flags[0m
2026-09-10T18:17:32.6336766Z [32;1m        PASS[0m [   0.033s] (2125/2739) [35;1msparq-shacl::constraints[0m [34;1mpattern_xpath_name_class_complements_and_in_class[0m
2026-09-10T18:17:32.6464103Z [32;1m        PASS[0m [   0.012s] (2126/2739) [35;1msparq-shacl::constraints[0m [34;1mper_statement_deactivate_suppresses_only_that_constraint[0m
2026-09-10T18:17:32.6584604Z [32;1m        PASS[0m [   0.012s] (2127/2739) [35;1msparq-shacl::constraints[0m [34;1mper_statement_override_on_sh_node_is_occurrence_scoped[0m
2026-09-10T18:17:32.6726537Z [32;1m        PASS[0m [   0.014s] (2128/2739) [35;1msparq-shacl::constraints[0m [34;1mper_statement_severity_is_occurrence_scoped[0m
2026-09-10T18:17:32.6845388Z [32;1m        PASS[0m [   0.012s] (2129/2739) [35;1msparq-shacl::constraints[0m [34;1mper_statement_severity_override_survives_sh_node_recursion_idfast[0m
2026-09-10T18:17:32.7005048Z [32;1m        PASS[0m [   0.016s] (2130/2739) [35;1msparq-shacl::constraints[0m [34;1mqualified_value_shape_min_max[0m
2026-09-10T18:17:32.7206319Z [32;1m        PASS[0m [   0.020s] (2131/2739) [35;1msparq-shacl::constraints[0m [34;1mrange_string_ordering[0m
2026-09-10T18:17:32.7358253Z [32;1m        PASS[0m [   0.013s] (2132/2739) [35;1msparq-shacl::constraints[0m [34;1munique_members_emits_detail_per_duplicate[0m
2026-09-10T18:17:32.7454845Z [32;1m        PASS[0m [   0.012s] (2133/2739) [35;1msparq-shacl::constraints[0m [34;1munique_values_for_no_values_conforms[0m
2026-09-10T18:17:32.8508544Z [32;1m        PASS[0m [   0.105s] (2134/2739) [35;1msparq-shacl::diff_fuzz[0m [34;1mgenerator_covers_logical_node_and_complex_paths[0m
2026-09-10T18:17:32.8592822Z [32;1m        PASS[0m [   0.009s] (2135/2739) [35;1msparq-shacl::diff_fuzz[0m [34;1mjena_classpath_gating[0m
2026-09-10T18:17:32.8688875Z [32;1m        PASS[0m [   0.007s] (2136/2739) [35;1msparq-shacl::diff_fuzz[0m [34;1mnode_adapter_excludes_nested_sh_detail[0m
2026-09-10T18:17:32.9095857Z [32;1m        PASS[0m [   0.043s] (2137/2739) [35;1msparq-shacl::edge_empty_and_strict[0m [34;1mtarget_class_has_zero_focus_nodes_in_empty_data[0m
2026-09-10T18:17:32.9599963Z [32;1m        PASS[0m [   0.050s] (2138/2739) [35;1msparq-shacl::ill_formed_strict[0m [34;1mdisjunctive_datatype_list_is_not_ill_formed[0m
2026-09-10T18:17:32.9818790Z [32;1m        PASS[0m [   0.019s] (2139/2739) [35;1msparq-shacl::ill_formed_strict[0m [34;1mexplicitly_typed_integer_count_is_not_flagged[0m
2026-09-10T18:17:33.0009095Z [32;1m        PASS[0m [   0.020s] (2140/2739) [35;1msparq-shacl::ill_formed_strict[0m [34;1miri_member_in_language_in_list_fails[0m
2026-09-10T18:17:33.0155385Z [32;1m        PASS[0m [   0.016s] (2141/2739) [35;1msparq-shacl::ill_formed_strict[0m [34;1mlenient_report_surfaces_ill_formed_as_diagnostics[0m
2026-09-10T18:17:33.0282608Z [32;1m        PASS[0m [   0.012s] (2142/2739) [35;1msparq-shacl::ill_formed_strict[0m [34;1mliteral_class_fails[0m
2026-09-10T18:17:33.0434909Z [32;1m        PASS[0m [   0.015s] (2143/2739) [35;1msparq-shacl::ill_formed_strict[0m [34;1mliteral_member_in_node_kind_list_fails[0m
2026-09-10T18:17:33.0565481Z [32;1m        PASS[0m [   0.013s] (2144/2739) [35;1msparq-shacl::ill_formed_strict[0m [34;1mliteral_reifier_shape_ref_fails[0m
2026-09-10T18:17:33.0720330Z [32;1m        PASS[0m [   0.013s] (2145/2739) [35;1msparq-shacl::ill_formed_strict[0m [34;1mliteral_sh_property_shape_ref_fails[0m
2026-09-10T18:17:33.0957307Z [32;1m        PASS[0m [   0.025s] (2146/2739) [35;1msparq-shacl::ill_formed_strict[0m [34;1mliteral_sparql_constraint_severity_fails[0m
2026-09-10T18:17:33.1128524Z [32;1m        PASS[0m [   0.018s] (2147/2739) [35;1msparq-shacl::ill_formed_strict[0m [34;1mliteral_target_subjects_of_fails[0m
2026-09-10T18:17:33.1279496Z [32;1m        PASS[0m [   0.015s] (2148/2739) [35;1msparq-shacl::ill_formed_strict[0m [34;1mmalformed_sh_in_list_tail_fails[0m
2026-09-10T18:17:33.1496971Z [32;1m        PASS[0m [   0.020s] (2149/2739) [35;1msparq-shacl::ill_formed_strict[0m [34;1mnode_shape_without_path_is_not_flagged[0m
2026-09-10T18:17:33.1695444Z [32;1m        PASS[0m [   0.022s] (2150/2739) [35;1msparq-shacl::ill_formed_strict[0m [34;1mnon_integer_min_count_fails[0m
2026-09-10T18:17:33.1819279Z [32;1m        PASS[0m [   0.012s] (2151/2739) [35;1msparq-shacl::ill_formed_strict[0m [34;1mnon_list_language_in_fails[0m
2026-09-10T18:17:33.1955776Z [32;1m        PASS[0m [   0.013s] (2152/2739) [35;1msparq-shacl::ill_formed_strict[0m [34;1mnon_list_sh_xone_fails[0m
2026-09-10T18:17:33.2096356Z [32;1m        PASS[0m [   0.014s] (2153/2739) [35;1msparq-shacl::ill_formed_strict[0m [34;1mnon_literal_pattern_fails[0m
2026-09-10T18:17:33.2240093Z [32;1m        PASS[0m [   0.014s] (2154/2739) [35;1msparq-shacl::ill_formed_strict[0m [34;1mproperty_shape_missing_path_fails[0m
2026-09-10T18:17:33.2415938Z [32;1m        PASS[0m [   0.017s] (2155/2739) [35;1msparq-shacl::ill_formed_strict[0m [34;1mqualified_value_shape_with_one_count_is_not_flagged[0m
2026-09-10T18:17:33.2578060Z [32;1m        PASS[0m [   0.013s] (2156/2739) [35;1msparq-shacl::ill_formed_strict[0m [34;1mshacl_failure_display_mentions_ill_formed[0m
2026-09-10T18:17:33.2878195Z [32;1m        PASS[0m [   0.032s] (2157/2739) [35;1msparq-shacl::ill_formed_strict[0m [34;1mstring_typed_max_list_length_fails[0m
2026-09-10T18:17:33.3259142Z [32;1m        PASS[0m [   0.038s] (2158/2739) [35;1msparq-shacl::ill_formed_strict[0m [34;1mtyped_property_shape_missing_path_fails[0m
2026-09-10T18:17:33.3618693Z [32;1m        PASS[0m [   0.036s] (2159/2739) [35;1msparq-shacl::ill_formed_strict[0m [34;1munparsable_sparql_constraint_select_fails[0m
2026-09-10T18:17:33.4117986Z [32;1m        PASS[0m [   0.048s] (2160/2739) [35;1msparq-shacl::ill_formed_strict[0m [34;1mwell_formed_shapes_graphs_pass_strict[0m
2026-09-10T18:17:33.4938104Z [32;1m        PASS[0m [   0.082s] (2161/2739) [35;1msparq-shacl::property_paths[0m [34;1mnested_alternative_of_sequences[0m
2026-09-10T18:17:33.5299383Z [32;1m        PASS[0m [   0.037s] (2162/2739) [35;1msparq-shacl::property_paths[0m [34;1mone_or_more_vs_zero_or_one_distinct[0m
2026-09-10T18:17:33.5648323Z [32;1m        PASS[0m [   0.033s] (2163/2739) [35;1msparq-shacl::property_paths[0m [34;1msequence_path_dead_end_yields_no_values[0m
2026-09-10T18:17:33.5908929Z [32;1m        PASS[0m [   0.026s] (2164/2739) [35;1msparq-shacl::property_paths[0m [34;1mzero_or_more_transitive_closure[0m
2026-09-10T18:17:33.6187872Z [32;1m        PASS[0m [   0.027s] (2165/2739) [35;1msparq-shacl::scs_error_paths[0m [34;1mbare_xsd_datatype_maps_to_sh_datatype_else_class[0m
2026-09-10T18:17:33.6321118Z [32;1m        PASS[0m [   0.016s] (2166/2739) [35;1msparq-shacl::scs_error_paths[0m [34;1mcount_min_zero_omits_min_count[0m
2026-09-10T18:17:33.6447604Z [32;1m        PASS[0m [   0.013s] (2167/2739) [35;1msparq-shacl::scs_error_paths[0m [34;1mempty_array_value_emits_rdf_nil[0m
2026-09-10T18:17:33.6597388Z [32;1m        PASS[0m [   0.011s] (2168/2739) [35;1msparq-shacl::scs_error_paths[0m [34;1mimports_emits_owl_imports[0m
2026-09-10T18:17:33.6717286Z [32;1m        PASS[0m [   0.015s] (2169/2739) [35;1msparq-shacl::scs_error_paths[0m [34;1minvalid_string_escape_is_error[0m
2026-09-10T18:17:33.6867822Z [32;1m        PASS[0m [   0.014s] (2170/2739) [35;1msparq-shacl::scs_error_paths[0m [34;1mmax_count_garbage_is_error[0m
2026-09-10T18:17:33.6978760Z [32;1m        PASS[0m [   0.013s] (2171/2739) [35;1msparq-shacl::scs_error_paths[0m [34;1mnested_brace_body_emits_sh_node[0m
2026-09-10T18:17:33.7127828Z [32;1m        PASS[0m [   0.014s] (2172/2739) [35;1msparq-shacl::scs_error_paths[0m [34;1mnode_or_disjunction_emits_sh_or[0m
2026-09-10T18:17:33.7267636Z [32;1m        PASS[0m [   0.013s] (2173/2739) [35;1msparq-shacl::scs_error_paths[0m [34;1mprefix_decl_without_pname_is_error[0m
2026-09-10T18:17:33.7381457Z [32;1m        PASS[0m [   0.013s] (2174/2739) [35;1msparq-shacl::scs_error_paths[0m [34;1mshape_ref_emits_sh_node[0m
2026-09-10T18:17:33.7537697Z [32;1m        PASS[0m [   0.014s] (2175/2739) [35;1msparq-shacl::scs_error_paths[0m [34;1mtarget_class_emits_sh_target_class[0m
2026-09-10T18:17:33.7667297Z [32;1m        PASS[0m [   0.015s] (2176/2739) [35;1msparq-shacl::scs_error_paths[0m [34;1munterminated_array_is_error[0m
2026-09-10T18:17:33.7807598Z [32;1m        PASS[0m [   0.012s] (2177/2739) [35;1msparq-shacl::scs_error_paths[0m [34;1munterminated_string_is_error[0m
2026-09-10T18:17:33.8688145Z [32;1m        PASS[0m [   0.090s] (2178/2739) [35;1msparq-shacl::shacl_af_feature_state[0m [34;1msh_rule_shape_validates_without_firing_when_conforming[0m
2026-09-10T18:17:33.9688078Z [32;1m        PASS[0m [   0.101s] (2179/2739) [35;1msparq-shacl::sparql_components[0m [34;1mcomponent_report_turtle_parses[0m
2026-09-10T18:17:34.0059328Z [32;1m        PASS[0m [   0.035s] (2180/2739) [35;1msparq-shacl::sparql_components[0m [34;1moptional_parameter[0m
2026-09-10T18:17:34.0308955Z [32;1m        PASS[0m [   0.027s] (2181/2739) [35;1msparq-shacl::sparql_components[0m [34;1mselect_validator_component[0m
2026-09-10T18:17:34.1367811Z [32;1m        PASS[0m [   0.103s] (2182/2739) [35;1msparq-shacl::sparql_constraints[0m [34;1msparql_flags_violating_nodes[0m
2026-09-10T18:17:34.1757935Z [32;1m        PASS[0m [   0.040s] (2183/2739) [35;1msparq-shacl::sparql_constraints[0m [34;1msparql_pre_binding_below_solution_modifiers[0m
2026-09-10T18:17:34.2027876Z [32;1m        PASS[0m [   0.027s] (2184/2739) [35;1msparq-shacl::sparql_constraints[0m [34;1msparql_report_turtle_parses[0m
2026-09-10T18:17:34.2358383Z [32;1m        PASS[0m [   0.032s] (2185/2739) [35;1msparq-shacl::sparql_constraints[0m [34;1mthis_is_pre_bound_not_free[0m
2026-09-10T18:17:34.3288003Z [32;1m        PASS[0m [   0.094s] (2186/2739) [35;1msparq-shacl::sparql_edge_cases[0m [34;1mnon_select_sh_sparql_is_skipped[0m
2026-09-10T18:17:34.3679312Z [32;1m        PASS[0m [   0.040s] (2187/2739) [35;1msparq-shacl::sparql_edge_cases[0m [34;1msh_sparql_default_message_when_none_supplied[0m
2026-09-10T18:17:34.4518602Z [32;1m        PASS[0m [   0.081s] (2188/2739) [35;1msparq-shacl::w3c_core_shacl12_value_constraints[0m [34;1mdisjoint_002_sequence_path_and_comparand[0m
2026-09-10T18:17:34.4687972Z [32;1m        PASS[0m [   0.020s] (2189/2739) [35;1msparq-shacl::w3c_core_shacl12_value_constraints[0m [34;1mless_than_003_path_valued_comparand[0m
2026-09-10T18:17:34.4847952Z [32;1m        PASS[0m [   0.011s] (2190/2739) [35;1msparq-shacl::w3c_core_shacl12_value_constraints[0m [34;1mseverity_004_debug_conforms[0m
2026-09-10T18:17:34.4948353Z [32;1m        PASS[0m [   0.011s] (2191/2739) [35;1msparq-shacl::w3c_core_shacl12_value_constraints[0m [34;1msome_value_001[0m
2026-09-10T18:17:34.5613502Z [32;1m        PASS[0m [   0.070s] (2192/2739) [35;1msparq-shacl-wasm[0m [36mtests[0m[36m::[0m[34;1mjson_report_shape[0m
2026-09-10T18:17:34.5927982Z [32;1m        PASS[0m [   0.030s] (2193/2739) [35;1msparq-shacl-wasm[0m [36mtests[0m[36m::[0m[34;1mturtle_rendering_uses_report_vocabulary[0m
2026-09-10T18:17:34.6166252Z [32;1m        PASS[0m [   0.025s] (2194/2739) [35;1msparq-shaclc[0m [36mtests[0m[36m::[0m[34;1mparse_dispatches_on_profile[0m
2026-09-10T18:17:34.6327643Z [32;1m        PASS[0m [   0.015s] (2195/2739) [35;1msparq-shaclc[0m [36mtests[0m[36m::[0m[34;1mprofile_and_error_types_behave_like_values[0m
2026-09-10T18:17:34.6445575Z [32;1m        PASS[0m [   0.013s] (2196/2739) [35;1msparq-shaclc[0m [36mtests[0m[36m::[0m[34;1mundeclared_prefix_is_a_stable_code[0m
2026-09-10T18:17:34.6718122Z [32;1m        PASS[0m [   0.025s] (2197/2739) [35;1msparq-shaclc::conformance[0m [34;1mnegative_fixtures_are_rejected_by_both_profiles[0m
2026-09-10T18:17:34.6908198Z [32;1m        PASS[0m [   0.021s] (2198/2739) [35;1msparq-shaclc::edge_parse_contract[0m [34;1mundeclared_prefix_has_stable_code_and_display_position[0m
2026-09-10T18:17:34.7098157Z [32;1m        PASS[0m [   0.018s] (2199/2739) [35;1msparq-shaclc::provenance_drift[0m [34;1mvendored_grammar_matches_the_recorded_generation_pin[0m
2026-09-10T18:17:34.7338108Z [32;1m        PASS[0m [   0.023s] (2200/2739) [35;1msparq-shaclc::push_chunk_boundaries[0m [36mstrict[0m[36m::[0m[34;1mincomplete_final_input_has_stable_error_without_partial_success[0m
2026-09-10T18:17:34.7533018Z [32;1m        PASS[0m [   0.021s] (2201/2739) [35;1msparq-shaclc::roundtrip[0m [34;1mmissing_ontology_pattern_is_the_missing_verdict[0m
2026-09-10T18:17:34.7963775Z [32;1m        PASS[0m [   0.043s] (2202/2739) [35;1msparq-sim[0m [36mtests[0m[36m::[0m[34;1mfallback_entries_rank_below_exact_matches[0m
2026-09-10T18:17:34.8085401Z [32;1m        PASS[0m [   0.012s] (2203/2739) [35;1msparq-sim[0m [36mtests[0m[36m::[0m[34;1mhuge_k_does_not_overflow_non_sketch_candidate_budgets[0m
2026-09-10T18:17:34.8167698Z [32;1m        PASS[0m [   0.008s] (2204/2739) [35;1msparq-sim[0m [36mtests[0m[36m::[0m[34;1mincoming_edges_count[0m
2026-09-10T18:17:34.8257878Z [32;1m        PASS[0m [   0.009s] (2205/2739) [35;1msparq-sim[0m [36mtests[0m[36m::[0m[34;1mplain_jaccard_hand_computed[0m
2026-09-10T18:17:34.8347727Z [32;1m        PASS[0m [   0.007s] (2206/2739) [35;1msparq-sim[0m [36mtests[0m[36m::[0m[34;1msignature_coefficients_identical_are_one[0m
2026-09-10T18:17:34.8407620Z [32;1m        PASS[0m [   0.008s] (2207/2739) [35;1msparq-sim[0m [36mtests[0m[36m::[0m[34;1msimilar_by_signature_matches_most_similar_modulo_self[0m
2026-09-10T18:17:35.4913022Z [32;1m        PASS[0m [   0.649s] (2208/2739) [35;1msparq-sim::proptest_metric[0m [34;1mterm_similarity_is_reflexive_symmetric_and_bounded[0m
2026-09-10T18:17:35.5058325Z [32;1m        PASS[0m [   0.015s] (2209/2739) [35;1msparq-sim::example/olympics_eval[0m [36mtests[0m[36m::[0m[34;1mresults_json_shape_and_keys[0m
2026-09-10T18:17:35.5258322Z [32;1m        PASS[0m [   0.020s] (2210/2739) [35;1msparq-solid[0m [36mauthindex::bucket_eq_tests[0m[36m::[0m[34;1midentical_grants_compare_equal[0m
2026-09-10T18:17:35.5347904Z [32;1m        PASS[0m [   0.010s] (2211/2739) [35;1msparq-solid[0m [36mauthindex::window_tests[0m[36m::[0m[34;1mfail_open_mixed_offset_after_close_is_denied[0m
2026-09-10T18:17:35.5458087Z [32;1m        PASS[0m [   0.011s] (2212/2739) [35;1msparq-solid[0m [36mauthindex::window_tests[0m[36m::[0m[34;1mno_window_admits_anything_including_no_clock[0m
2026-09-10T18:17:35.5617768Z [32;1m        PASS[0m [   0.015s] (2213/2739) [35;1msparq-solid[0m [36mauthindex::window_tests[0m[36m::[0m[34;1mtwo_sided_window_admits_only_inside[0m
2026-09-10T18:17:35.5807783Z [32;1m        PASS[0m [   0.017s] (2214/2739) [35;1msparq-solid[0m [36mcredentials::tests[0m[36m::[0m[34;1mempty_map_holds_nothing[0m
2026-09-10T18:17:35.5977869Z [32;1m        PASS[0m [   0.016s] (2215/2739) [35;1msparq-solid[0m [36mcredentials::tests[0m[36m::[0m[34;1miter_yields_every_agent_requirement_pair[0m
2026-09-10T18:17:35.6165049Z [32;1m        PASS[0m [   0.020s] (2216/2739) [35;1msparq-solid[0m [36mdecide::tests[0m[36m::[0m[34;1macl_link_header_none_when_no_governing_acl[0m
2026-09-10T18:17:35.6352862Z [32;1m        PASS[0m [   0.016s] (2217/2739) [35;1msparq-solid[0m [36mdecide::tests[0m[36m::[0m[34;1mcontrol_document_names_are_refused_in_every_spelling[0m
2026-09-10T18:17:35.6878275Z [32;1m        PASS[0m [   0.053s] (2218/2739) [35;1msparq-solid[0m [36mdecide::tests[0m[36m::[0m[34;1mcreate_refusal_outranks_an_unloaded_view[0m
2026-09-10T18:17:35.7037985Z [32;1m        PASS[0m [   0.018s] (2219/2739) [35;1msparq-solid[0m [36mdecide::tests[0m[36m::[0m[34;1mpercent_decode_once_reports_its_fixpoint[0m
2026-09-10T18:17:35.7489101Z [32;1m        PASS[0m [   0.045s] (2220/2739) [35;1msparq-solid[0m [36mdecide::tests[0m[36m::[0m[34;1mresolve_own_acl_access_to_scope[0m
2026-09-10T18:17:35.7688027Z [32;1m        PASS[0m [   0.018s] (2221/2739) [35;1msparq-solid[0m [36mdecide::tests[0m[36m::[0m[34;1munsafe_child_segments_are_rejected[0m
2026-09-10T18:17:36.5508471Z [32;1m        PASS[0m [  64.710s] (2222/2739) [35;1msparq-engine::differentials[0m [36myannakakis_differential[0m[36m::[0m[34;1mstar_join_large_matches_brute_force[0m
2026-09-10T18:17:38.3882855Z [32;1m        PASS[0m [   1.839s] (2223/2739) [35;1msparq-solid[0m [36mmaterialize::tests[0m[36m::[0m[34;1mid_level_facts_match_the_text_round_trip[0m
2026-09-10T18:17:38.3972968Z [32;1m        PASS[0m [   0.009s] (2224/2739) [35;1msparq-solid[0m [36mprovenance::tests[0m[36m::[0m[34;1mempty_map_knows_no_creator_or_owner[0m
2026-09-10T18:17:38.4049713Z [32;1m        PASS[0m [   0.007s] (2225/2739) [35;1msparq-solid[0m [36mprovenance::tests[0m[36m::[0m[34;1mset_creator_and_owner_are_independent_per_resource[0m
2026-09-10T18:17:38.4158826Z [32;1m        PASS[0m [   0.011s] (2226/2739) [35;1msparq-solid[0m [36mrewrite::opt_in_tests[0m[36m::[0m[34;1mnear_miss_iri_does_not_trigger_opt_in_fail_closed[0m
2026-09-10T18:17:38.4239245Z [32;1m        PASS[0m [   0.008s] (2227/2739) [35;1msparq-solid[0m [36mrewrite::opt_in_tests[0m[36m::[0m[34;1mreserved_iri_in_from_named_is_stripped_not_opt_in[0m
2026-09-10T18:17:38.4535456Z [32;1m        PASS[0m [   0.029s] (2228/2739) [35;1msparq-solid[0m [36msession_cache::tests[0m[36m::[0m[34;1mbounded_eviction_caps_each_shard[0m
2026-09-10T18:17:38.4639539Z [32;1m        PASS[0m [   0.010s] (2229/2739) [35;1msparq-solid[0m [36msession_cache::tests[0m[36m::[0m[34;1mdistinct_keys_land_and_cache_independently[0m
2026-09-10T18:17:38.4723214Z [32;1m        PASS[0m [   0.008s] (2230/2739) [35;1msparq-solid[0m [36msession_cache::tests[0m[36m::[0m[34;1mshard_selection_is_stable_and_in_range[0m
2026-09-10T18:17:38.4920379Z [32;1m        PASS[0m [   0.019s] (2231/2739) [35;1msparq-solid[0m [36mupdate::differential_writeset_tests[0m[36m::[0m[34;1moptional_unbound_precise_set_equals_engine_write_set[0m
2026-09-10T18:17:38.5367410Z [32;1m        PASS[0m [   0.045s] (2232/2739) [35;1msparq-solid::acp[0m [34;1macp_creator_agent_allof_with_matching_concrete_agent_is_supported[0m
2026-09-10T18:17:38.5889064Z [32;1m        PASS[0m [   0.052s] (2233/2739) [35;1msparq-solid::acp[0m [34;1macp_creator_agent_deny_overrides[0m
2026-09-10T18:17:38.6536794Z [32;1m        PASS[0m [   0.064s] (2234/2739) [35;1msparq-solid::acp[0m [34;1macp_creator_fact_from_resource_graph_is_ignored[0m
2026-09-10T18:17:39.7888558Z [32;1m        PASS[0m [   4.019s] (2235/2739) [35;1msparq-solid[0m [36mmaterialize::tests[0m[36m::[0m[34;1ma_failed_rematerialization_leaves_the_previous_auth_view_in_place[0m
2026-09-10T18:17:39.8180361Z [32;1m        PASS[0m [   0.032s] (2236/2739) [35;1msparq-solid::acp[0m [34;1macp_forged_owner_in_acr_document_does_not_grant[0m
2026-09-10T18:17:39.8477767Z [32;1m        PASS[0m [   0.029s] (2237/2739) [35;1msparq-solid::acp[0m [34;1macp_issuer_noneof_conditional_grant[0m
2026-09-10T18:17:39.8887861Z [32;1m        PASS[0m [   0.041s] (2238/2739) [35;1msparq-solid::acp[0m [34;1macp_owner_agent_allow_and_deny[0m
2026-09-10T18:17:40.2973073Z [32;1m        PASS[0m [   1.644s] (2239/2739) [35;1msparq-solid::acp[0m [34;1macp_expected_access_matrix[0m
2026-09-10T18:17:40.3208929Z [32;1m        PASS[0m [   0.023s] (2240/2739) [35;1msparq-solid::acp_vc[0m [34;1mreserved_holder_webid_is_rejected[0m
2026-09-10T18:17:40.3628350Z [32;1m        PASS[0m [   0.042s] (2241/2739) [35;1msparq-solid::acp_vc[0m [34;1mvc_matcher_denies_when_no_credential_is_presented[0m
2026-09-10T18:17:40.4467933Z [32;1m        PASS[0m [   0.083s] (2242/2739) [35;1msparq-solid::conformance_wac[0m [34;1mwac_conformance_via_podstore_matches[0m
2026-09-10T18:17:42.1183303Z [32;1m        PASS[0m [   1.671s] (2243/2739) [35;1msparq-solid::container_default_walk_props[0m [34;1mno_acl_anywhere_up_the_chain_is_a_fail_closed_deny[0m
2026-09-10T18:17:42.7611876Z [32;1m        PASS[0m [   2.872s] (2244/2739) [35;1msparq-solid::acp_vc[0m [34;1mcredentials_do_not_disturb_a_pod_without_acp_vc[0m
2026-09-10T18:17:42.8198145Z [32;1m        PASS[0m [   0.057s] (2245/2739) [35;1msparq-solid::decide[0m [34;1mconcurrent_decide_shares_one_persistent_index[0m
2026-09-10T18:17:42.8398641Z [32;1m        PASS[0m [   0.021s] (2246/2739) [35;1msparq-solid::decide[0m [34;1mdecide_reflects_delete_acl_no_stale_grant[0m
2026-09-10T18:17:42.8696421Z [32;1m        PASS[0m [   0.029s] (2247/2739) [35;1msparq-solid::decide[0m [34;1mdecide_subject_kinds[0m
2026-09-10T18:17:42.8793690Z [32;1m        PASS[0m [   0.009s] (2248/2739) [35;1msparq-solid::decide[0m [34;1mfail_closed_present_but_unloaded_is_denied_unloaded[0m
2026-09-10T18:17:42.9004675Z [32;1m        PASS[0m [   0.021s] (2249/2739) [35;1msparq-solid::decide[0m [34;1mresolve_acl_nearest_ancestor_one_call[0m
2026-09-10T18:17:42.9217850Z [32;1m        PASS[0m [   0.021s] (2250/2739) [35;1msparq-solid::decide_create_acl_guard[0m [34;1mcannot_shadow_an_existing_acl_document[0m
2026-09-10T18:17:42.9478250Z [32;1m        PASS[0m [   0.026s] (2251/2739) [35;1msparq-solid::decide_create_acl_guard[0m [34;1mrequesting_a_different_mode_does_not_bypass_the_guard[0m
2026-09-10T18:17:42.9704666Z [32;1m        PASS[0m [   0.022s] (2252/2739) [35;1msparq-solid::decide_create_acl_guard[0m [34;1munusable_child_names_are_refused[0m
2026-09-10T18:17:42.9786702Z [32;1m        PASS[0m [   0.008s] (2253/2739) [35;1msparq-solid::differential_oracle[0m [36mreference::acp::tests[0m[36m::[0m[34;1magent_anyof_grants_only_named[0m
2026-09-10T18:17:42.9928984Z [32;1m        PASS[0m [   0.011s] (2254/2739) [35;1msparq-solid::differential_oracle[0m [36mreference::tests[0m[36m::[0m[34;1mparses_a_simple_quad[0m
2026-09-10T18:17:43.0027372Z [32;1m        PASS[0m [   0.008s] (2255/2739) [35;1msparq-solid::e2e[0m [34;1mrewrite_shape[0m
2026-09-10T18:17:43.0048947Z [32;1m        PASS[0m [   0.007s] (2256/2739) [35;1msparq-solid::fail_closed_status_mapping[0m [34;1mis_retryable_exactly_unloaded_and_transient[0m
2026-09-10T18:17:43.0289246Z [32;1m        PASS[0m [   0.024s] (2257/2739) [35;1msparq-solid::group_doc_remat[0m [34;1mgroup_doc_write_still_requires_write_permission[0m
2026-09-10T18:17:43.9153748Z [32;1m        PASS[0m [   1.797s] (2258/2739) [35;1msparq-solid::containment_view_ownership[0m [34;1mno_contains_is_derived_into_the_auth_view[0m
2026-09-10T18:17:44.2088308Z [32;1m        PASS[0m [   0.291s] (2259/2739) [35;1msparq-solid::incremental_remat[0m [34;1mrandomized_cross_origin_group_membership[0m
2026-09-10T18:17:44.2538213Z [32;1m        PASS[0m [   0.045s] (2260/2739) [35;1msparq-solid::incremental_remat[0m [34;1mwrite_to_one_pod_never_changes_another_pods_decision[0m
2026-09-10T18:17:44.2597488Z [32;1m        PASS[0m [   0.007s] (2261/2739) [35;1msparq-solid::rewrite_structural[0m [34;1mempty_bgp_is_left_alone[0m
2026-09-10T18:17:44.2687470Z [32;1m        PASS[0m [   0.007s] (2262/2739) [35;1msparq-solid::rewrite_structural[0m [34;1mfilter_rich_expression_tree_reparses[0m
2026-09-10T18:17:44.2733358Z [32;1m        PASS[0m [   0.006s] (2263/2739) [35;1msparq-solid::rewrite_structural[0m [34;1moptional_with_filter_condition_wraps_and_reparses[0m
2026-09-10T18:17:44.2797426Z [32;1m        PASS[0m [   0.007s] (2264/2739) [35;1msparq-solid::rewrite_structural[0m [34;1mprojection_modifiers_chain_is_walked[0m
2026-09-10T18:17:44.2848021Z [32;1m        PASS[0m [   0.006s] (2265/2739) [35;1msparq-solid::rewrite_structural[0m [34;1mrewrite_for_disjoint_from_named_falls_to_sentinel[0m
2026-09-10T18:17:44.2927802Z [32;1m        PASS[0m [   0.006s] (2266/2739) [35;1msparq-solid::rewrite_structural[0m [34;1mservice_inner_patterns_not_wrapped[0m
2026-09-10T18:17:44.8915023Z [32;1m        PASS[0m [   1.862s] (2267/2739) [35;1msparq-solid::hardening[0m [34;1mreserved_session_values_fail_closed[0m
2026-09-10T18:17:46.0978031Z [32;1m        PASS[0m [   1.806s] (2268/2739) [35;1msparq-solid::union_default_graph[0m [34;1mexplicit_graph_pattern_unaffected_by_feature[0m
2026-09-10T18:17:46.8217184Z [32;1m        PASS[0m [   1.930s] (2269/2739) [35;1msparq-solid::union_default_graph[0m [34;1mreserved_iri_in_from_named_is_absent_graph_stays_usable[0m
2026-09-10T18:17:47.9264362Z [32;1m        PASS[0m [   1.829s] (2270/2739) [35;1msparq-solid::update[0m [34;1man_exhausted_budget_also_bounds_the_authorization_checks_binding_select[0m
2026-09-10T18:17:49.0826632Z [32;1m        PASS[0m [   2.261s] (2271/2739) [35;1msparq-solid::update[0m [34;1mclear_all_fails_closed[0m
2026-09-10T18:17:49.8098225Z [32;1m        PASS[0m [   1.882s] (2272/2739) [35;1msparq-solid::update[0m [34;1mdelete_needs_write_not_just_append[0m
2026-09-10T18:17:51.6687871Z [32;1m        PASS[0m [   2.584s] (2273/2739) [35;1msparq-solid::update[0m [34;1mmulti_op_denied_when_second_op_is_a_delete_too[0m
2026-09-10T18:17:52.1258138Z [32;1m        PASS[0m [   2.315s] (2274/2739) [35;1msparq-solid::update[0m [34;1mpartial_graph_write_respects_per_graph_acls[0m
2026-09-10T18:17:53.9069676Z [32;1m        PASS[0m [   1.783s] (2275/2739) [35;1msparq-solid::update[0m [34;1mvar_graph_precise_denies_readable_but_unwritable_binding[0m
2026-09-10T18:17:54.0068257Z [32;1m        PASS[0m [   2.338s] (2276/2739) [35;1msparq-solid::update[0m [34;1munparseable_update_is_an_error[0m
2026-09-10T18:17:55.9005422Z [32;1m        PASS[0m [   1.993s] (2277/2739) [35;1msparq-solid::update[0m [34;1mvar_graph_precise_insert_into_unwritable_binding_denied[0m
2026-09-10T18:17:57.6603237Z [32;1m        PASS[0m [   1.760s] (2278/2739) [35;1msparq-solid::update[0m [34;1mwrite_without_permission_is_denied_and_store_unchanged[0m
2026-09-10T18:17:57.7492189Z [32;1m        PASS[0m [   3.744s] (2279/2739) [35;1msparq-solid::update[0m [34;1mvar_graph_with_clause_resolves_precisely[0m
2026-09-10T18:17:57.7744886Z [32;1m        PASS[0m [   0.025s] (2280/2739) [35;1msparq-solid::write_through[0m [34;1mdelete_acl_rejects_non_control_iri[0m
2026-09-10T18:17:57.7996738Z [32;1m        PASS[0m [   0.025s] (2281/2739) [35;1msparq-solid::write_through[0m [34;1mput_acl_creates_and_takes_effect_immediately[0m
2026-09-10T18:17:57.8256295Z [32;1m        PASS[0m [   0.026s] (2282/2739) [35;1msparq-solid::write_through[0m [34;1mput_acl_replaces_rules_wholesale[0m
2026-09-10T18:17:57.8328780Z [32;1m        PASS[0m [   0.007s] (2283/2739) [35;1msparq-substrate[0m [36mcompare::tests[0m[36m::[0m[34;1mcross_kind_literals_rank_by_kind_never_lexically[0m
2026-09-10T18:17:57.8463422Z [32;1m        PASS[0m [   0.014s] (2284/2739) [35;1msparq-substrate[0m [36mcompare::tests[0m[36m::[0m[34;1mnumeric_literals_order_by_value_not_lexical[0m
2026-09-10T18:17:57.8584656Z [32;1m        PASS[0m [   0.012s] (2285/2739) [35;1msparq-substrate[0m [36mcompare::tests[0m[36m::[0m[34;1mterm_class_discriminants_match_sparql_precedence[0m
2026-09-10T18:17:57.8657948Z [32;1m        PASS[0m [   0.007s] (2286/2739) [35;1msparq-substrate[0m [36mcompare::tests[0m[36m::[0m[34;1mwitness1_mixed_exact_inexact_at_2p53_now_transitive[0m
2026-09-10T18:17:57.8735588Z [32;1m        PASS[0m [   0.008s] (2287/2739) [35;1msparq-substrate[0m [36mcompare::tests[0m[36m::[0m[34;1mwitness4_datetime_kind_indeterminate_window_needs_a_total_strict_cmp[0m
2026-09-10T18:17:57.8792080Z [32;1m        PASS[0m [   0.006s] (2288/2739) [35;1msparq-substrate[0m [36mjoin::delta::tests[0m[36m::[0m[34;1mbuild_indexes_rows_by_key[0m
2026-09-10T18:17:57.8850227Z [32;1m        PASS[0m [   0.006s] (2289/2739) [35;1msparq-substrate[0m [36mjoin::delta::tests[0m[36m::[0m[34;1mextend_empty_delta_is_noop[0m
2026-09-10T18:17:57.8915466Z [32;1m        PASS[0m [   0.006s] (2290/2739) [35;1msparq-substrate[0m [36mjoin::delta::tests[0m[36m::[0m[34;1mprobe_emit_budget_truncates_after_first_match[0m
2026-09-10T18:17:57.9182306Z [32;1m        PASS[0m [   0.026s] (2291/2739) [35;1msparq-substrate[0m [36mjoin::delta::tests[0m[36m::[0m[34;1mprobe_emit_insertion_order_is_deterministic_across_build_extend_rebuild[0m
2026-09-10T18:17:57.9277774Z [32;1m        PASS[0m [   0.009s] (2292/2739) [35;1msparq-substrate[0m [36mjoin::delta::tests[0m[36m::[0m[34;1mrebuild_replaces_entire_table[0m
2026-09-10T18:17:57.9427735Z [32;1m        PASS[0m [   0.015s] (2293/2739) [35;1msparq-substrate[0m [36mjoin::tests[0m[36m::[0m[34;1mbind_combine_appends_new_vals_per_result_row[0m
2026-09-10T18:17:57.9547953Z [32;1m        PASS[0m [   0.010s] (2294/2739) [35;1msparq-substrate[0m [36mjoin::tests[0m[36m::[0m[34;1mcompatible_treats_unbound_as_wildcard[0m
2026-09-10T18:17:57.9624743Z [32;1m        PASS[0m [   0.009s] (2295/2739) [35;1msparq-substrate[0m [36mjoin::tests[0m[36m::[0m[34;1mjoin_keys_project_left_and_right_to_the_same_shape[0m
2026-09-10T18:17:57.9684044Z [32;1m        PASS[0m [   0.007s] (2296/2739) [35;1msparq-substrate[0m [36mjoin::tests[0m[36m::[0m[34;1mlftj_budget_truncates_after_the_first_match[0m
2026-09-10T18:17:57.9818345Z [32;1m        PASS[0m [   0.011s] (2297/2739) [35;1msparq-substrate[0m [36mjoin::tests[0m[36m::[0m[34;1mlftj_k3_intersection_empty_when_no_common_value[0m
2026-09-10T18:17:57.9859172Z [32;1m        PASS[0m [   0.006s] (2298/2739) [35;1msparq-substrate[0m [36mjoin::tests[0m[36m::[0m[34;1mlftj_k4_intersection_via_generic_search_path[0m
2026-09-10T18:17:57.9966406Z [32;1m        PASS[0m [   0.007s] (2299/2739) [35;1msparq-substrate[0m [36mjoin::tests[0m[36m::[0m[34;1mmerge_join_empty_inputs_produce_no_output[0m
2026-09-10T18:17:58.0019042Z [32;1m        PASS[0m [   0.008s] (2300/2739) [35;1msparq-substrate[0m [36mjoin::tests[0m[36m::[0m[34;1mmerge_join_single_key_matches_by_value[0m
2026-09-10T18:17:58.0097669Z [32;1m        PASS[0m [   0.008s] (2301/2739) [35;1msparq-substrate[0m [36mjoin::tests[0m[36m::[0m[34;1mmulti_column_key_is_unaffected_by_the_fast_path[0m
2026-09-10T18:17:58.0161038Z [32;1m        PASS[0m [   0.006s] (2302/2739) [35;1msparq-substrate[0m [36mjoin::tests[0m[36m::[0m[34;1mprobe_emit_reserve_is_exact_for_high_fanout[0m
2026-09-10T18:17:58.0233480Z [32;1m        PASS[0m [   0.006s] (2303/2739) [35;1msparq-substrate[0m [36mjoin::tests[0m[36m::[0m[34;1mprobe_gather_indices_serial_table_finds_matching_build_indices[0m
2026-09-10T18:17:58.0291191Z [32;1m        PASS[0m [   0.007s] (2304/2739) [35;1msparq-substrate[0m [36mjoin::tests[0m[36m::[0m[34;1msingle_column_delta_table_matches_static_build_under_the_fast_path[0m
2026-09-10T18:17:58.0351245Z [32;1m        PASS[0m [   0.006s] (2305/2739) [35;1msparq-substrate[0m [36mnumeric::tests[0m[36m::[0m[34;1mbig_integer_beyond_i64_classifies_to_exact_dec[0m
2026-09-10T18:17:58.0406920Z [32;1m        PASS[0m [   0.006s] (2306/2739) [35;1msparq-substrate[0m [36mnumeric::tests[0m[36m::[0m[34;1mceil_floor_float_tier_are_single_rounded[0m
2026-09-10T18:17:58.0483404Z [32;1m        PASS[0m [   0.007s] (2307/2739) [35;1msparq-substrate[0m [36mnumeric::tests[0m[36m::[0m[34;1mcmp_plain_decimal_zero_vs_nonzero[0m
2026-09-10T18:17:58.0597341Z [32;1m        PASS[0m [   0.011s] (2308/2739) [35;1msparq-substrate[0m [36mnumeric::tests[0m[36m::[0m[34;1mcmp_relational_mixed_tier_uses_f64_promotion[0m
2026-09-10T18:17:58.0731386Z [32;1m        PASS[0m [   0.013s] (2309/2739) [35;1msparq-substrate[0m [36mnumeric::tests[0m[36m::[0m[34;1mcmp_total_mixed_tier_is_exact_at_the_2p53_collapse[0m
2026-09-10T18:17:58.0832801Z [32;1m        PASS[0m [   0.010s] (2310/2739) [35;1msparq-substrate[0m [36mnumeric::tests[0m[36m::[0m[34;1mdec_checked_div_neg_divided_by_neg_is_positive[0m
2026-09-10T18:17:58.0928055Z [32;1m        PASS[0m [   0.009s] (2311/2739) [35;1msparq-substrate[0m [36mnumeric::tests[0m[36m::[0m[34;1mdec_checked_div_nonzero_divisor_scale[0m
2026-09-10T18:17:58.1037628Z [32;1m        PASS[0m [   0.011s] (2312/2739) [35;1msparq-substrate[0m [36mnumeric::tests[0m[36m::[0m[34;1mdec_f32_is_single_rounded_bit_exact_at_both_scales[0m
2026-09-10T18:17:58.1117633Z [32;1m        PASS[0m [   0.008s] (2313/2739) [35;1msparq-substrate[0m [36mnumeric::tests[0m[36m::[0m[34;1mdec_parse_lexical_edge_cases[0m
2026-09-10T18:17:58.1261645Z [32;1m        PASS[0m [   0.014s] (2314/2739) [35;1msparq-substrate[0m [36mnumeric::tests[0m[36m::[0m[34;1mdec_round_to_int_ceil_of_exact_decimal_is_identity[0m
2026-09-10T18:17:58.1418819Z [32;1m        PASS[0m [   0.016s] (2315/2739) [35;1msparq-substrate[0m [36mnumeric::tests[0m[36m::[0m[34;1mdouble_float_lexical_two_convention_per_surface_policy[0m
2026-09-10T18:17:58.1590178Z [32;1m        PASS[0m [   0.017s] (2316/2739) [35;1msparq-substrate[0m [36mnumeric::tests[0m[36m::[0m[34;1mfloat_double_exponent_forms_parse[0m
2026-09-10T18:17:58.1738472Z [32;1m        PASS[0m [   0.013s] (2317/2739) [35;1msparq-substrate[0m [36mnumeric::tests[0m[36m::[0m[34;1mfmt_xsd_double_integral_and_scientific[0m
2026-09-10T18:17:58.1862928Z [32;1m        PASS[0m [   0.014s] (2318/2739) [35;1msparq-substrate[0m [36mnumeric::tests[0m[36m::[0m[34;1minteger_division_is_decimal_and_zero_divisor_is_type_error[0m
2026-09-10T18:17:58.2038589Z [32;1m        PASS[0m [   0.016s] (2319/2739) [35;1msparq-substrate[0m [36mnumeric::tests[0m[36m::[0m[34;1mnum_abs_all_variants_and_overflow_to_double[0m
2026-09-10T18:17:58.2188128Z [32;1m        PASS[0m [   0.016s] (2320/2739) [35;1msparq-substrate[0m [36mnumeric::tests[0m[36m::[0m[34;1mnum_binop_div_overflow_fallback_is_double_division[0m
2026-09-10T18:17:58.2297003Z [32;1m        PASS[0m [   0.012s] (2321/2739) [35;1msparq-substrate[0m [36mnumeric::tests[0m[36m::[0m[34;1mnum_binop_float_tier_stays_float[0m
2026-09-10T18:17:58.2399722Z [32;1m        PASS[0m [   0.010s] (2322/2739) [35;1msparq-substrate[0m [36mnumeric::tests[0m[36m::[0m[34;1mnum_ceil_floor_round_dec_tier_preserves_decimal[0m
2026-09-10T18:17:58.2522759Z [32;1m        PASS[0m [   0.009s] (2323/2739) [35;1msparq-substrate[0m [36mnumeric::tests[0m[36m::[0m[34;1mnum_f32_promotion_of_i64_is_single_rounded_bit_exact[0m
2026-09-10T18:17:58.2553361Z [32;1m        PASS[0m [   0.006s] (2324/2739) [35;1msparq-substrate[0m [36mnumeric::tests[0m[36m::[0m[34;1mnum_is_nan_all_variants[0m
2026-09-10T18:17:58.2628813Z [32;1m        PASS[0m [   0.006s] (2325/2739) [35;1msparq-substrate[0m [36mnumeric::tests[0m[36m::[0m[34;1mnum_lexical_float_tier_integral_scientific_and_specials[0m
2026-09-10T18:17:58.2698939Z [32;1m        PASS[0m [   0.006s] (2326/2739) [35;1msparq-substrate[0m [36mnumeric::tests[0m[36m::[0m[34;1mnum_to_dec_exact_tiers_only[0m
2026-09-10T18:17:58.2752764Z [32;1m        PASS[0m [   0.007s] (2327/2739) [35;1msparq-substrate[0m [36mnumeric::tests[0m[36m::[0m[34;1mparse_xsd_f64_f32_accept_xsd_specials_reject_rust_only_spellings[0m
2026-09-10T18:17:58.2816680Z [32;1m        PASS[0m [   0.006s] (2328/2739) [35;1msparq-substrate[0m [36mnumeric::tests[0m[36m::[0m[34;1mround_float_tier_no_double_rounding[0m
2026-09-10T18:17:58.2896981Z [32;1m        PASS[0m [   0.007s] (2329/2739) [35;1msparq-substrate[0m [36mrows::tests[0m[36m::[0m[34;1mid_aliases_match_sparq_core[0m
2026-09-10T18:17:58.2953556Z [32;1m        PASS[0m [   0.006s] (2330/2739) [35;1msparq-substrate[0m [36mrows::tests[0m[36m::[0m[34;1mposting_holds_row_indices_inline_until_two[0m
2026-09-10T18:17:58.4428615Z [32;1m        PASS[0m [   0.146s] (2331/2739) [35;1msparq-substrate::proptest_order_numeric[0m [36morder_numeric[0m[36m::[0m[34;1mgenerator_covers_all_term_kinds[0m
2026-09-10T18:17:58.4908942Z [32;1m        PASS[0m [  33.059s] (2332/2739) [35;1msparq-server::status_contract[0m [34;1mconcurrency_shed_is_transient_429[0m
2026-09-10T18:17:58.9078149Z [32;1m        PASS[0m [   0.417s] (2333/2739) [35;1msparq-substrate::proptest_order_numeric[0m [36morder_numeric[0m[36m::[0m[34;1mprop_num_cmp_total_antisymmetry[0m
2026-09-10T18:17:59.0388666Z [32;1m        PASS[0m [   0.595s] (2334/2739) [35;1msparq-substrate::proptest_order_numeric[0m [36morder_numeric[0m[36m::[0m[34;1mprop_cross_class_total[0m
2026-09-10T18:17:59.0447846Z [32;1m        PASS[0m [   0.007s] (2335/2739) [35;1msparq-substrate::proptest_order_numeric[0m [36morder_numeric[0m[36m::[0m[34;1mtargeted_dec_arithmetic_exact[0m
2026-09-10T18:17:59.0528391Z [32;1m        PASS[0m [   0.007s] (2336/2739) [35;1msparq-substrate::proptest_order_numeric[0m [36morder_numeric[0m[36m::[0m[34;1mtargeted_numeric_kind_before_string_kind[0m
2026-09-10T18:17:59.0578085Z [32;1m        PASS[0m [   0.007s] (2337/2739) [35;1msparq-substrate::proptest_order_numeric[0m [36morder_numeric[0m[36m::[0m[34;1mtargeted_two53_exact_order[0m
2026-09-10T18:17:59.2390506Z [32;1m        PASS[0m [   0.331s] (2338/2739) [35;1msparq-substrate::proptest_order_numeric[0m [36morder_numeric[0m[36m::[0m[34;1mprop_reflexivity[0m
2026-09-10T18:17:59.8308176Z [32;1m        PASS[0m [   0.770s] (2339/2739) [35;1msparq-substrate::bench/substrate[0m [34;1mhash_build/10000[0m
2026-09-10T18:18:00.0598068Z [32;1m        PASS[0m [   0.818s] (2340/2739) [35;1msparq-substrate::bench/substrate[0m [34;1mhash_probe/10000[0m
2026-09-10T18:18:00.5073742Z [32;1m        PASS[0m [   0.679s] (2341/2739) [35;1msparq-substrate::bench/substrate[0m [34;1mlftj_intersection_k3/100000[0m
2026-09-10T18:18:00.6482270Z [32;1m        PASS[0m [   2.988s] (2342/2739) [35;1msparq-solid::wac[0m [34;1mwac_rematerialization_revokes[0m
2026-09-10T18:18:00.8180354Z [32;1m        PASS[0m [   0.760s] (2343/2739) [35;1msparq-substrate::bench/substrate[0m [34;1mlftj_triangle/30[0m
2026-09-10T18:18:00.8232356Z [32;1m        PASS[0m [   0.005s] (2344/2739) [35;1msparq-terse[0m [36mkeyword::tests[0m[36m::[0m[34;1mlookup_hits_and_misses[0m
2026-09-10T18:18:00.8275848Z [32;1m        PASS[0m [   0.004s] (2345/2739) [35;1msparq-terse[0m [36mresolve::tests[0m[36m::[0m[34;1mresolution_is_constructible_for_inspection[0m
2026-09-10T18:18:00.8323805Z [32;1m        PASS[0m [   0.005s] (2346/2739) [35;1msparq-terse[0m [36mtranspile::tests[0m[36m::[0m[34;1mcanary_rejects_invalid_sparql[0m
2026-09-10T18:18:00.8372856Z [32;1m        PASS[0m [   0.005s] (2347/2739) [35;1msparq-terse[0m [36mtranspile::tests[0m[36m::[0m[34;1mkeyword_and_canary_compose[0m
2026-09-10T18:18:00.8419042Z [32;1m        PASS[0m [   0.005s] (2348/2739) [35;1msparq-terse[0m [36mtranspile::tests[0m[36m::[0m[34;1mkeyword_inside_string_iri_or_comment_is_not_expanded[0m
2026-09-10T18:18:00.8464843Z [32;1m        PASS[0m [   0.005s] (2349/2739) [35;1msparq-terse[0m [36mtranspile::tests[0m[36m::[0m[34;1munrelated_prefix_does_not_collide[0m
2026-09-10T18:18:00.8513201Z [32;1m        PASS[0m [   0.005s] (2350/2739) [35;1msparq-terse[0m [36mtranspile::tests[0m[36m::[0m[34;1mv_in_a_comment_is_ignored[0m
2026-09-10T18:18:00.8555798Z [32;1m        PASS[0m [   0.004s] (2351/2739) [35;1msparq-terse[0m [36mtranspile::tests[0m[36m::[0m[34;1mv_with_whitespace_around_parens[0m
2026-09-10T18:18:00.8615554Z [32;1m        PASS[0m [   0.006s] (2352/2739) [35;1msparq-terse::error_contract[0m [34;1mreal_prefix_k_collides_with_keyword_sigil[0m
2026-09-10T18:18:00.8672507Z [32;1m        PASS[0m [   0.006s] (2353/2739) [35;1msparq-text[0m [36mtokenize::tests[0m[36m::[0m[34;1mngram_emits_overlapping_bigrams_for_han_runs[0m
2026-09-10T18:18:00.8725460Z [32;1m        PASS[0m [   0.005s] (2354/2739) [35;1msparq-text[0m [36mtokenize::tests[0m[36m::[0m[34;1mngram_runs_are_bounded_by_non_cjk[0m
2026-09-10T18:18:00.8787876Z [32;1m        PASS[0m [   0.006s] (2355/2739) [35;1msparq-text[0m [36mtokenize::tests[0m[36m::[0m[34;1mquery_prefix_markers[0m
2026-09-10T18:18:00.8847398Z [32;1m        PASS[0m [   0.006s] (2356/2739) [35;1msparq-text[0m [36mtokenize::tests[0m[36m::[0m[34;1mwords_and_punctuation[0m
2026-09-10T18:18:00.8911864Z [32;1m        PASS[0m [   0.007s] (2357/2739) [35;1msparq-text::analyzer_edges[0m [34;1mcjk_han_splits_per_ideograph[0m
2026-09-10T18:18:00.8973188Z [32;1m        PASS[0m [   0.006s] (2358/2739) [35;1msparq-text::analyzer_edges[0m [34;1mnfc_and_nfd_are_distinct_tokens[0m
2026-09-10T18:18:01.0429290Z [32;1m        PASS[0m [   0.146s] (2359/2739) [35;1msparq-text::bm25_metamorph[0m [34;1mtf_monotone_scoring[0m
2026-09-10T18:18:01.0522458Z [32;1m        PASS[0m [   0.009s] (2360/2739) [35;1msparq-text::cjk_ngram[0m [34;1mngram_improves_multichar_cjk_precision[0m
2026-09-10T18:18:01.0589779Z [32;1m        PASS[0m [   0.007s] (2361/2739) [35;1msparq-text::cjk_ngram[0m [34;1mngram_lone_ideograph_indexed_as_unigram[0m
2026-09-10T18:18:01.0652340Z [32;1m        PASS[0m [   0.006s] (2362/2739) [35;1msparq-text::complete[0m [34;1minjected_scores_reorder_and_k_truncates[0m
2026-09-10T18:18:01.0714153Z [32;1m        PASS[0m [   0.006s] (2363/2739) [35;1msparq-text::complete_delta[0m [34;1munrelated_shorter_graph_honestly_needs_rebuild[0m
2026-09-10T18:18:01.0793342Z [32;1m        PASS[0m [   0.008s] (2364/2739) [35;1msparq-text::e2e[0m [34;1mmatches_any_and_prefix[0m
2026-09-10T18:18:01.0866844Z [32;1m        PASS[0m [   0.007s] (2365/2739) [35;1msparq-text::e2e[0m [34;1mpassthrough_without_text_patterns[0m
2026-09-10T18:18:01.0942398Z [32;1m        PASS[0m [   0.007s] (2366/2739) [35;1msparq-text::e2e[0m [34;1mprepared_composition_ask[0m
2026-09-10T18:18:01.1022324Z [32;1m        PASS[0m [   0.008s] (2367/2739) [35;1msparq-text::e2e[0m [34;1municode_and_language_tagged_join[0m
2026-09-10T18:18:01.1090196Z [32;1m        PASS[0m [   0.006s] (2368/2739) [35;1msparq-text::index[0m [34;1mcase_folding_and_unicode[0m
2026-09-10T18:18:01.1160210Z [32;1m        PASS[0m [   0.007s] (2369/2739) [35;1msparq-text::index[0m [34;1mindex_counts_posting_pairs[0m
2026-09-10T18:18:01.1223732Z [32;1m        PASS[0m [   0.006s] (2370/2739) [35;1msparq-text::index[0m [34;1mprefix_tokens[0m
2026-09-10T18:18:01.1287091Z [32;1m        PASS[0m [   0.006s] (2371/2739) [35;1msparq-text::phrase[0m [34;1mnear_admits_a_bounded_gap_and_ranks_tighter_first[0m
2026-09-10T18:18:01.1355318Z [32;1m        PASS[0m [   0.007s] (2372/2739) [35;1msparq-text::phrase[0m [34;1mnear_order_is_significant[0m
2026-09-10T18:18:01.1417865Z [32;1m        PASS[0m [   0.006s] (2373/2739) [35;1msparq-text::phrase[0m [34;1mnear_slop_n_is_a_superset_of_slop_zero[0m
2026-09-10T18:18:01.2290113Z [32;1m        PASS[0m [   0.086s] (2374/2739) [35;1msparq-text::phrase[0m [34;1mnear_without_positions_panics[0m
2026-09-10T18:18:01.3795679Z [32;1m        PASS[0m [   0.151s] (2375/2739) [35;1msparq-text::phrase[0m [34;1mparallel_positional_build_merges_shards[0m
2026-09-10T18:18:01.3914043Z [32;1m        PASS[0m [   0.011s] (2376/2739) [35;1msparq-text::phrase[0m [34;1mpositions_off_by_default[0m
2026-09-10T18:18:01.4012649Z [32;1m        PASS[0m [   0.010s] (2377/2739) [35;1msparq-text::phrase[0m [34;1msingle_token_phrase_is_presence[0m
2026-09-10T18:18:01.4133737Z [32;1m        PASS[0m [   0.012s] (2378/2739) [35;1msparq-text::reconcile[0m [34;1min_process_compact_keeps_ids_so_index_stays_valid[0m
2026-09-10T18:18:01.4423355Z [32;1m        PASS[0m [   0.934s] (2379/2739) [35;1msparq-substrate::bench/substrate[0m [34;1mmerge_join/10000[0m
2026-09-10T18:18:01.4548042Z [32;1m        PASS[0m [   0.010s] (2380/2739) [35;1msparq-text::rewrite_paths[0m [34;1mconstruct_query_with_text_pattern[0m
2026-09-10T18:18:01.4632879Z [32;1m        PASS[0m [   0.050s] (2381/2739) [35;1msparq-text::reconcile[0m [34;1mreconcile_preserves_cjk_analyzer_across_random_growth[0m
2026-09-10T18:18:01.4635026Z [32;1m        PASS[0m [   0.011s] (2382/2739) [35;1msparq-text::rewrite_paths[0m [34;1mfilter_project_orderby_distinct_recurse_into_inner[0m
2026-09-10T18:18:01.4712985Z [32;1m        PASS[0m [   0.008s] (2383/2739) [35;1msparq-text::rewrite_paths[0m [34;1mwith_budget_unlimited_matches_unbudgeted[0m
2026-09-10T18:18:01.4721277Z [32;1m        PASS[0m [   0.009s] (2384/2739) [35;1msparq-text::rewrite_paths[0m [34;1munion_rewrites_both_branches[0m
2026-09-10T18:18:01.4776487Z [32;1m        PASS[0m [   0.006s] (2385/2739) [35;1msparq-text::example/bench_text[0m [36mtests[0m[36m::[0m[34;1mresults_json_shape_and_keys[0m
2026-09-10T18:18:01.4846541Z [32;1m        PASS[0m [   0.010s] (2386/2739) [35;1msparq-text-wasm[0m [36mtests[0m[36m::[0m[34;1mphrase_needs_positions_which_the_bundle_provides[0m
2026-09-10T18:18:01.4867540Z [32;1m        PASS[0m [   0.008s] (2387/2739) [35;1msparq-trust[0m [36mdelegation::tests[0m[36m::[0m[34;1mattenuation_is_monotone[0m
2026-09-10T18:18:01.4907287Z [32;1m        PASS[0m [   0.007s] (2388/2739) [35;1msparq-trust[0m [36mframework_vocab::tests[0m[36m::[0m[34;1mall_trustx_iris_registry_is_complete[0m
2026-09-10T18:18:01.4924719Z [32;1m        PASS[0m [   0.007s] (2389/2739) [35;1msparq-trust[0m [36mframework_vocab::tests[0m[36m::[0m[34;1mcertification_scope_iris_are_stable[0m
2026-09-10T18:18:01.4992419Z [32;1m        PASS[0m [   0.009s] (2390/2739) [35;1msparq-trust[0m [36mframework_vocab::tests[0m[36m::[0m[34;1mframework_individual_iris_are_stable[0m
2026-09-10T18:18:01.5037729Z [32;1m        PASS[0m [   0.008s] (2391/2739) [35;1msparq-trust[0m [36mframework_vocab::tests[0m[36m::[0m[34;1mno_duplicate_iris[0m
2026-09-10T18:18:01.5078852Z [32;1m        PASS[0m [   0.007s] (2392/2739) [35;1msparq-trust[0m [36mframework_vocab::tests[0m[36m::[0m[34;1mtrust_requirements_iris_are_stable[0m
2026-09-10T18:18:01.5140995Z [32;1m        PASS[0m [   0.008s] (2393/2739) [35;1msparq-trust[0m [36mgraph::tests[0m[36m::[0m[34;1mis_selection_predicate_recognises_all_sh_target_star[0m
2026-09-10T18:18:01.5288271Z [32;1m        PASS[0m [   0.027s] (2394/2739) [35;1msparq-trust[0m [36mgraph::tests[0m[36m::[0m[34;1mcertification_message_is_deterministic_and_scope_sensitive[0m
2026-09-10T18:18:01.5378238Z [32;1m        PASS[0m [   0.008s] (2395/2739) [35;1msparq-trust[0m [36mgraph::tests[0m[36m::[0m[34;1mselection_only_shrinks_rejects_additive_target_accepts_narrowing[0m
2026-09-10T18:18:01.5427679Z [32;1m        PASS[0m [   0.007s] (2396/2739) [35;1msparq-trust[0m [36mpolicy::tests[0m[36m::[0m[34;1mexact_day_time_durations_parse_to_their_arithmetic_seconds[0m
2026-09-10T18:18:01.5474456Z [32;1m        PASS[0m [   0.033s] (2397/2739) [35;1msparq-trust[0m [36mgraph::tests[0m[36m::[0m[34;1mpositive_certification_narrows_and_admits[0m
2026-09-10T18:18:01.5528113Z [32;1m        PASS[0m [   0.008s] (2398/2739) [35;1msparq-trust[0m [36mpolicy::tests[0m[36m::[0m[34;1mnominal_year_and_month_durations_are_rejected_not_approximated[0m
2026-09-10T18:18:01.5557729Z [32;1m        PASS[0m [   0.007s] (2399/2739) [35;1msparq-trust[0m [36mpolicy::tests[0m[36m::[0m[34;1mtrusts_source_for_missing_key_is_incomplete_fail_closed[0m
2026-09-10T18:18:01.5605510Z [32;1m        PASS[0m [   0.006s] (2400/2739) [35;1msparq-trust[0m [36mvocab::tests[0m[36m::[0m[34;1mdesugar_produces_the_normative_single_predicate_shape[0m
2026-09-10T18:18:01.5637655Z [32;1m        PASS[0m [   0.012s] (2401/2739) [35;1msparq-trust[0m [36mpolicy::tests[0m[36m::[0m[34;1mtrusts_source_for_on_a_blank_node_is_rejected[0m
2026-09-10T18:18:01.5709048Z [32;1m        PASS[0m [   0.009s] (2402/2739) [35;1msparq-trust[0m [36mwire::tests[0m[36m::[0m[34;1mage_16_admitted_but_rule_denies[0m
2026-09-10T18:18:01.5739562Z [32;1m        PASS[0m [   0.010s] (2403/2739) [35;1msparq-trust[0m [36mwire::tests[0m[36m::[0m[34;1mconditional_grant_carries_holder_and_expiry[0m
2026-09-10T18:18:01.6006317Z [32;1m        PASS[0m [   0.027s] (2404/2739) [35;1msparq-trust::age_over_18_e2e[0m [34;1mout_of_scope_resource_is_not_covered[0m
2026-09-10T18:18:01.6070944Z [32;1m        PASS[0m [   0.037s] (2405/2739) [35;1msparq-trust::age_over_18_e2e[0m [34;1mage_25_trusted_gov_issuer_grants_read_end_to_end[0m
2026-09-10T18:18:01.6322734Z [32;1m        PASS[0m [   0.981s] (2406/2739) [35;1msparq-substrate::bench/substrate[0m [34;1mnum_arithmetic/int_add[0m
2026-09-10T18:18:01.6359269Z [32;1m        PASS[0m [   0.033s] (2407/2739) [35;1msparq-trust::age_over_18_e2e[0m [34;1mstatic_admission_admits_a_stale_credential_but_defers_the_freshness_check[0m
2026-09-10T18:18:01.6427792Z [32;1m        PASS[0m [   0.035s] (2408/2739) [35;1msparq-trust::age_over_18_e2e[0m [34;1mstatic_admission_then_conditional_grant_carries_holder_and_deadline[0m
2026-09-10T18:18:01.6707191Z [32;1m        PASS[0m [   0.038s] (2409/2739) [35;1msparq-trust::age_over_18_e2e[0m [34;1mwrong_holder_third_party_credential_is_rejected[0m
2026-09-10T18:18:01.6991687Z [32;1m        PASS[0m [   0.057s] (2410/2739) [35;1msparq-trust::certification_graph_e2e[0m [34;1mcert_shape_for_a_different_predicate_is_denied[0m
2026-09-10T18:18:01.7024338Z [32;1m        PASS[0m [   0.031s] (2411/2739) [35;1msparq-trust::certification_graph_e2e[0m [34;1mderived_freshness_is_capped_by_the_certification_window[0m
2026-09-10T18:18:01.7099070Z [32;1m        PASS[0m [   0.076s] (2412/2739) [35;1msparq-trust::certification_graph_e2e[0m [34;1mall_edges_denied_leaves_direct_rules_byte_identical[0m
2026-09-10T18:18:01.7459237Z [32;1m        PASS[0m [   0.042s] (2413/2739) [35;1msparq-trust::certification_graph_e2e[0m [34;1mkey_substitution_on_certified_issuer_is_denied[0m
2026-09-10T18:18:01.7477357Z [32;1m        PASS[0m [   0.048s] (2414/2739) [35;1msparq-trust::certification_graph_e2e[0m [34;1mexpired_certification_is_denied[0m
2026-09-10T18:18:01.7588445Z [32;1m        PASS[0m [   0.047s] (2415/2739) [35;1msparq-trust::certification_graph_e2e[0m [34;1mnot_yet_valid_certification_is_denied[0m
2026-09-10T18:18:01.7647849Z [32;1m        PASS[0m [   0.007s] (2416/2739) [35;1msparq-trust::certification_graph_e2e[0m [34;1mzero_certifications_is_direct_rules_byte_identical[0m
2026-09-10T18:18:01.7749123Z [32;1m        PASS[0m [   0.027s] (2417/2739) [35;1msparq-trust::certification_graph_e2e[0m [34;1mself_certification_cycle_is_denied[0m
2026-09-10T18:18:01.7878808Z [32;1m        PASS[0m [   0.043s] (2418/2739) [35;1msparq-trust::certification_graph_e2e[0m [34;1mpositive_certified_issuer_admitted_within_intersected_scope[0m
2026-09-10T18:18:01.8305319Z [32;1m        PASS[0m [   0.056s] (2419/2739) [35;1msparq-trust::delegation_replay[0m [34;1mforged_hop_signature_is_denied[0m
2026-09-10T18:18:01.8355985Z [32;1m        PASS[0m [   0.071s] (2420/2739) [35;1msparq-trust::delegation_replay[0m [34;1mcanonical_chain_with_live_pop_confers_the_capability[0m
2026-09-10T18:18:01.8428911Z [32;1m        PASS[0m [   0.053s] (2421/2739) [35;1msparq-trust::delegation_replay[0m [34;1mlifted_signature_onto_a_broadened_capability_is_denied[0m
2026-09-10T18:18:01.8910326Z [32;1m        PASS[0m [   0.060s] (2422/2739) [35;1msparq-trust::delegation_replay[0m [34;1mreplay_by_non_delegate_is_denied[0m
2026-09-10T18:18:01.8925220Z [32;1m        PASS[0m [   0.050s] (2423/2739) [35;1msparq-trust::delegation_replay[0m [34;1msubstituted_terminal_key_on_a_single_hop_chain_is_denied[0m
2026-09-10T18:18:01.8987544Z [32;1m        PASS[0m [   0.060s] (2424/2739) [35;1msparq-trust::delegation_replay[0m [34;1msingle_hop_root_to_agent_chain_works[0m
2026-09-10T18:18:01.9198324Z [32;1m        PASS[0m [   0.026s] (2425/2739) [35;1msparq-trust::explain_edge_transparency[0m [34;1malready_anchored_certified_issuer_explains_cyclic[0m
2026-09-10T18:18:01.9388416Z [32;1m        PASS[0m [   0.046s] (2426/2739) [35;1msparq-trust::explain_edge_transparency[0m [34;1mcertified_key_substitution_explains_signature_invalid[0m
2026-09-10T18:18:01.9556420Z [32;1m        PASS[0m [   0.037s] (2427/2739) [35;1msparq-trust::explain_edge_transparency[0m [34;1mforged_self_certification_still_explains_cyclic_first_gate_wins[0m
2026-09-10T18:18:01.9566299Z [32;1m        PASS[0m [   0.060s] (2428/2739) [35;1msparq-trust::explain_edge_transparency[0m [34;1mdisjoint_predicate_scope_explains_broadening[0m
2026-09-10T18:18:01.9753056Z [32;1m        PASS[0m [   0.019s] (2429/2739) [35;1msparq-trust::trust_expression_fixtures[0m [34;1mevery_trustx_iri_in_the_suite_is_a_real_vocabulary_term[0m
2026-09-10T18:18:01.9799592Z [32;1m        PASS[0m [   0.042s] (2430/2739) [35;1msparq-trust::explain_edge_transparency[0m [34;1mnot_yet_valid_certification_explains_out_of_window[0m
2026-09-10T18:18:01.9861638Z [32;1m        PASS[0m [   0.010s] (2431/2739) [35;1msparq-trust::trust_expression_fixtures[0m [34;1mthe_suite_declares_no_known_failing_case[0m
2026-09-10T18:18:01.9920771Z [32;1m        PASS[0m [   0.012s] (2432/2739) [35;1msparq-trust::trust_framework_ttl[0m [34;1mno_trustx_term_collides_with_a_trust_core_term[0m
2026-09-10T18:18:01.9944428Z [32;1m        PASS[0m [   0.008s] (2433/2739) [35;1msparq-trust::trust_framework_ttl[0m [34;1mvalidity_window_domain_admits_status_attestations[0m
2026-09-10T18:18:02.0099968Z [32;1m        PASS[0m [   0.055s] (2434/2739) [35;1msparq-trust::explain_edge_transparency[0m [34;1mwell_formed_edge_explains_ok_with_the_same_rule_the_fast_path_derives[0m
2026-09-10T18:18:02.0217952Z [32;1m        PASS[0m [   0.009s] (2435/2739) [35;1msparq-vc[0m [36mdid::tests[0m[36m::[0m[34;1mrejects_malformed_did[0m
2026-09-10T18:18:02.0295562Z [32;1m        PASS[0m [   0.037s] (2436/2739) [35;1msparq-trust::trusts_source_for_e2e[0m [34;1mclaim_level_out_of_type_laundered_predicate_is_not_admitted[0m
2026-09-10T18:18:02.0336815Z [32;1m        PASS[0m [   0.039s] (2437/2739) [35;1msparq-trust::trusts_source_for_e2e[0m [34;1mclaim_level_wrong_holder_third_party_does_not_grant[0m
2026-09-10T18:18:02.0657945Z [32;1m        PASS[0m [   0.032s] (2438/2739) [35;1msparq-vc::fail_closed_errors[0m [34;1mverification_rejects_proof_value_without_multibase_z_prefix[0m
2026-09-10T18:18:02.0742779Z [32;1m        PASS[0m [   0.055s] (2439/2739) [35;1msparq-vc[0m [36msuite::tests[0m[36m::[0m[34;1mconfig_binding_fails_closed[0m
2026-09-10T18:18:02.0797436Z [32;1m        PASS[0m [   0.048s] (2440/2739) [35;1msparq-vc[0m [36msuite::tests[0m[36m::[0m[34;1mtamper_fails_closed[0m
2026-09-10T18:18:02.0908283Z [32;1m        PASS[0m [   0.011s] (2441/2739) [35;1msparq-vectors[0m [36mann::tests::tiebreak::blank_node_domain[0m[36m::[0m[34;1madmitted_blank_node_is_a_fail_closed_error_even_without_a_tie[0m
2026-09-10T18:18:02.0988601Z [32;1m        PASS[0m [   0.009s] (2442/2739) [35;1msparq-vectors[0m [36mann::tests::tiebreak[0m[36m::[0m[34;1mboundary_tie_admits_ascending_ntriples_key_order[0m
2026-09-10T18:18:02.1077544Z [32;1m        PASS[0m [   0.009s] (2443/2739) [35;1msparq-vectors[0m [36mbackend::tests[0m[36m::[0m[34;1mdegenerate_cases[0m
2026-09-10T18:18:02.1157862Z [32;1m        PASS[0m [   0.008s] (2444/2739) [35;1msparq-vectors[0m [36mbackend::tests[0m[36m::[0m[34;1mmask_smaller_than_k_returns_short_correct_list[0m
2026-09-10T18:18:02.1186754Z [32;1m        PASS[0m [   0.052s] (2445/2739) [35;1msparq-vc::store_round_trip[0m [34;1mtampered_graph_fails_closed[0m
2026-09-10T18:18:02.1235425Z [32;1m        PASS[0m [   0.009s] (2446/2739) [35;1msparq-vectors[0m [36mcost::tests[0m[36m::[0m[34;1mdecision_crossover_default_penalty[0m
2026-09-10T18:18:02.1321964Z [32;1m        PASS[0m [   0.058s] (2447/2739) [35;1msparq-vectors[0m [36mann::tests[0m[36m::[0m[34;1mcosine_panics_on_mismatched_dims[0m
2026-09-10T18:18:02.1324368Z [32;1m        PASS[0m [   0.014s] (2448/2739) [35;1msparq-vectors[0m [36mcost::tests::filtered_tiebreak[0m[36m::[0m[34;1mmasked_blank_node_in_the_tie_group_is_a_fail_closed_error[0m
2026-09-10T18:18:02.1346817Z [32;1m        PASS[0m [   0.011s] (2449/2739) [35;1msparq-vectors[0m [36mcost::tests[0m[36m::[0m[34;1mpenalty_one_decides_on_row_counts[0m
2026-09-10T18:18:02.1405941Z [32;1m        PASS[0m [   0.008s] (2450/2739) [35;1msparq-vectors[0m [36mcost::tests[0m[36m::[0m[34;1mprefilter_and_postfilter_identical[0m
2026-09-10T18:18:02.1411289Z [32;1m        PASS[0m [   0.007s] (2451/2739) [35;1msparq-vectors[0m [36membed::tests[0m[36m::[0m[34;1mhash_embedder_correlates_lexically_similar_texts[0m
2026-09-10T18:18:02.1449207Z [32;1m        PASS[0m [   0.012s] (2452/2739) [35;1msparq-vectors[0m [36mdiskann::fingerprint_tests[0m[36m::[0m[34;1mlegacy_v1_spqg_opens_but_is_unverifiable[0m
2026-09-10T18:18:02.1487545Z [32;1m        PASS[0m [   0.007s] (2453/2739) [35;1msparq-vectors[0m [36mfingerprint::tests[0m[36m::[0m[34;1mbytes_round_trip[0m
2026-09-10T18:18:02.1544098Z [32;1m        PASS[0m [   0.009s] (2454/2739) [35;1msparq-vectors[0m [36mfingerprint::tests[0m[36m::[0m[34;1mgolden_fingerprint_is_architecture_independent[0m
2026-09-10T18:18:02.1554508Z [32;1m        PASS[0m [   0.014s] (2455/2739) [35;1msparq-vectors[0m [36mfingerprint::tests[0m[36m::[0m[34;1mcheck_against_matching_is_ok[0m
2026-09-10T18:18:02.1625296Z [32;1m        PASS[0m [   0.008s] (2456/2739) [35;1msparq-vectors[0m [36mfuse::tests[0m[36m::[0m[34;1mhybrid_search_edge_cases[0m
2026-09-10T18:18:02.1698326Z [32;1m        PASS[0m [   0.014s] (2457/2739) [35;1msparq-vectors[0m [36mfuse::tests[0m[36m::[0m[34;1mhybrid_search_identical_lists_double_every_contribution[0m
2026-09-10T18:18:02.1731103Z [32;1m        PASS[0m [   0.010s] (2458/2739) [35;1msparq-vectors[0m [36mfuse::tests[0m[36m::[0m[34;1mrrf_ties_break_by_first_appearance_and_top_k_truncates[0m
2026-09-10T18:18:02.2068673Z [32;1m        PASS[0m [   0.059s] (2459/2739) [35;1msparq-vectors[0m [36mfingerprint::tests[0m[36m::[0m[34;1minvariant_to_thread_count_with_triple_terms[0m
2026-09-10T18:18:02.2154243Z [32;1m        PASS[0m [   0.008s] (2460/2739) [35;1msparq-vectors[0m [36mhybrid::tests[0m[36m::[0m[34;1ma_failing_arm_is_a_hard_error_named_by_arm[0m
2026-09-10T18:18:02.2228563Z [32;1m        PASS[0m [   0.007s] (2461/2739) [35;1msparq-vectors[0m [36mhybrid::tests[0m[36m::[0m[34;1mablate_reports_every_arm_then_fused_then_reranked[0m
2026-09-10T18:18:02.2307022Z [32;1m        PASS[0m [   0.007s] (2462/2739) [35;1msparq-vectors[0m [36mhybrid::tests[0m[36m::[0m[34;1mevaluate_computes_recall_and_reciprocal_rank_at_k[0m
2026-09-10T18:18:02.2387883Z [32;1m        PASS[0m [   0.068s] (2463/2739) [35;1msparq-vectors[0m [36mfuse::tests[0m[36m::[0m[34;1mscores_rejects_bad_alpha[0m
2026-09-10T18:18:02.2390999Z [32;1m        PASS[0m [   0.007s] (2464/2739) [35;1msparq-vectors[0m [36mhybrid::tests[0m[36m::[0m[34;1mfuse_arms_mutes_zero_weight_arms_and_truncates[0m
2026-09-10T18:18:02.2420331Z [32;1m        PASS[0m [   0.068s] (2465/2739) [35;1msparq-vectors[0m [36mfuse::tests[0m[36m::[0m[34;1mweighted_rrf_rejects_negative_weight[0m
2026-09-10T18:18:02.2468830Z [32;1m        PASS[0m [   0.008s] (2466/2739) [35;1msparq-vectors[0m [36mhybrid::tests[0m[36m::[0m[34;1mprovenance_round_trips[0m
2026-09-10T18:18:02.2527988Z [32;1m        PASS[0m [   0.012s] (2467/2739) [35;1msparq-vectors[0m [36mhybrid::tests[0m[36m::[0m[34;1mrerank_reverses_order_and_records_its_position[0m
2026-09-10T18:18:02.2532882Z [32;1m        PASS[0m [   0.011s] (2468/2739) [35;1msparq-vectors[0m [36mimport::tests[0m[36m::[0m[34;1mparses_f8_and_byteorder_variants[0m
2026-09-10T18:18:02.2593334Z [32;1m        PASS[0m [   0.012s] (2469/2739) [35;1msparq-vectors[0m [36mrewrite::mask_cache_tests[0m[36m::[0m[34;1mdifferent_fingerprint_same_constraint_misses[0m
2026-09-10T18:18:02.2602695Z [32;1m        PASS[0m [   0.007s] (2470/2739) [35;1msparq-vectors[0m [36msimd::tests[0m[36m::[0m[34;1mavx2_kernel_is_the_one_the_dispatcher_actually_ran[0m
2026-09-10T18:18:02.2657466Z [32;1m        PASS[0m [   0.015s] (2471/2739) [35;1msparq-vectors[0m [36mrewrite::mask_cache_tests[0m[36m::[0m[34;1mmutation_invalidates_and_recomputes_changed_mask[0m
2026-09-10T18:18:02.2678600Z [32;1m        PASS[0m [   0.006s] (2472/2739) [35;1msparq-vectors[0m [36mspqv_provenance::tests[0m[36m::[0m[34;1mfrom_bytes_rejects_oversized_field_length[0m
2026-09-10T18:18:02.2700095Z [32;1m        PASS[0m [   0.007s] (2473/2739) [35;1msparq-vectors[0m [36msimd::tests[0m[36m::[0m[34;1msimd_matches_reference_across_all_dims_and_tails[0m
2026-09-10T18:18:02.2729042Z [32;1m        PASS[0m [   0.006s] (2474/2739) [35;1msparq-vectors[0m [36mspqv_provenance::tests[0m[36m::[0m[34;1mmetric_and_normalization_tags_round_trip[0m
2026-09-10T18:18:02.2739404Z [32;1m        PASS[0m [   0.007s] (2475/2739) [35;1msparq-vectors[0m [36mspqv_provenance::tests[0m[36m::[0m[34;1mround_trips_with_reserved_extension_bytes[0m
2026-09-10T18:18:02.2751083Z [32;1m        PASS[0m [   0.009s] (2476/2739) [35;1msparq-vectors[0m [36mspqv_provenance::tests[0m[36m::[0m[34;1mfrom_bytes_rejects_unknown_metric_tag[0m
2026-09-10T18:18:02.2821945Z [32;1m        PASS[0m [   0.007s] (2477/2739) [35;1msparq-vectors[0m [36mstore::fingerprint_tests[0m[36m::[0m[34;1mv2_tail_domain_admits_an_indexed_store[0m
2026-09-10T18:18:02.2858262Z [32;1m        PASS[0m [   0.010s] (2478/2739) [35;1msparq-vectors[0m [36mstore::fingerprint_tests[0m[36m::[0m[34;1mquery_against_different_graph_errs_not_wrong[0m
2026-09-10T18:18:02.2878067Z [32;1m        PASS[0m [   0.011s] (2479/2739) [35;1msparq-vectors[0m [36mstore::fingerprint_tests[0m[36m::[0m[34;1mfingerprint_survives_round_trip[0m
2026-09-10T18:18:02.2897996Z [32;1m        PASS[0m [   0.008s] (2480/2739) [35;1msparq-vectors[0m [36mstore::provenance_read_tests[0m[36m::[0m[34;1mlegacy_v2_store_rejects_by_default_and_allows_on_opt_in[0m
2026-09-10T18:18:02.2919484Z [32;1m        PASS[0m [   0.007s] (2481/2739) [35;1msparq-vectors[0m [36mverbalize::tests[0m[36m::[0m[34;1mverbalize_truncation_uses_a_word_boundary_within_budget[0m
2026-09-10T18:18:02.2957574Z [32;1m        PASS[0m [   0.008s] (2482/2739) [35;1msparq-vectors::cost_model[0m [34;1mpre_and_post_filter_return_identical_results[0m
2026-09-10T18:18:02.2975313Z [32;1m        PASS[0m [   0.006s] (2483/2739) [35;1msparq-vectors::diskann[0m [34;1mjson_round_trips[0m
2026-09-10T18:18:02.3084571Z [32;1m        PASS[0m [   0.016s] (2484/2739) [35;1msparq-vectors::diskann[0m [34;1mopen_from_bytes_serves_the_pq_index_identically[0m
2026-09-10T18:18:02.6643299Z [32;1m        PASS[0m [   0.374s] (2485/2739) [35;1msparq-vectors::dedup[0m [34;1mdedup_refuses_merges_below_the_recall_gate[0m
2026-09-10T18:18:08.0793436Z [32;1m        PASS[0m [   5.781s] (2486/2739) [35;1msparq-vectors::diskann[0m [34;1mpq_index_persists_and_reloads_the_candidate_cache[0m
2026-09-10T18:18:12.9369772Z [32;1m        PASS[0m [  10.625s] (2487/2739) [35;1msparq-vectors::diskann[0m [34;1mreopen_without_rebuild_returns_identical_neighbours[0m
2026-09-10T18:18:14.0699055Z [33;1m        SLOW[0m [>120.000s] (─────────) [35;1msparq-core::mmap_corruption_oracle[0m [34;1mmmap_loader_survives_corruption_raw[0m
2026-09-10T18:18:14.1157374Z [32;1m        PASS[0m [   6.036s] (2488/2739) [35;1msparq-vectors::ef_sweep[0m [34;1mnearest_with_ef_zero_query_returns_empty[0m
2026-09-10T18:18:14.1612107Z [32;1m        PASS[0m [   0.045s] (2489/2739) [35;1msparq-vectors::filtered_bgp[0m [34;1mmask_restricts_to_bgp_satisfying_candidates[0m
2026-09-10T18:18:14.2058217Z [32;1m        PASS[0m [   0.044s] (2490/2739) [35;1msparq-vectors::filtered_bgp[0m [34;1munconstrained_falls_back_to_unfiltered[0m
2026-09-10T18:18:14.2326592Z [32;1m        PASS[0m [   0.024s] (2491/2739) [35;1msparq-vectors::filtered_bgp_cyclic[0m [34;1mcyclic_filtered_equals_postfilter_and_is_subset[0m
2026-09-10T18:18:14.2484259Z [32;1m        PASS[0m [   0.018s] (2492/2739) [35;1msparq-vectors::filtered_bgp_transitive[0m [34;1msingle_variable_case_unchanged[0m
2026-09-10T18:18:14.3015749Z [32;1m        PASS[0m [   0.054s] (2493/2739) [35;1msparq-vectors::import[0m [34;1mfingerprint_binding_enables_check_graph[0m
2026-09-10T18:18:14.3205400Z [32;1m        PASS[0m [   0.019s] (2494/2739) [35;1msparq-vectors::import[0m [34;1mnpy_f64_is_narrowed_to_f32[0m
2026-09-10T18:18:14.3487760Z [32;1m        PASS[0m [   0.027s] (2495/2739) [35;1msparq-vectors::import[0m [34;1mnpy_round_trip_get_and_nearest[0m
2026-09-10T18:18:14.3727949Z [32;1m        PASS[0m [   0.023s] (2496/2739) [35;1msparq-vectors::import[0m [34;1mnpy_stream_is_byte_identical_to_buffered_build[0m
2026-09-10T18:18:17.7499915Z [32;1m        PASS[0m [   4.816s] (2497/2739) [35;1msparq-vectors::filtered[0m [34;1mhnsw_filtered_agrees_with_ground_truth[0m
2026-09-10T18:18:26.3278154Z [32;1m        PASS[0m [ 132.259s] (2498/2739) [35;1msparq-core::mmap_corruption_oracle[0m [34;1mmmap_loader_survives_corruption_raw[0m
2026-09-10T18:18:26.3397542Z [32;1m        PASS[0m [   0.011s] (2499/2739) [35;1msparq-vectors::quant[0m [34;1mpq_ties_break_on_ascending_id[0m
2026-09-10T18:18:26.3487346Z [32;1m        PASS[0m [   0.009s] (2500/2739) [35;1msparq-vectors::quant[0m [34;1msq_encode_store_maps_slots_to_ids[0m
2026-09-10T18:18:26.4018594Z [32;1m        PASS[0m [   0.057s] (2501/2739) [35;1msparq-vectors::ref_lib_verify[0m [34;1msparq_exact_reproduces_the_reference_exact_knn_oracle[0m
2026-09-10T18:18:26.4179499Z [32;1m        PASS[0m [   0.016s] (2502/2739) [35;1msparq-vectors::store[0m [34;1mopen_from_bytes_handles_unaligned_source_buffer[0m
2026-09-10T18:18:26.4327643Z [32;1m        PASS[0m [   0.012s] (2503/2739) [35;1msparq-vectors::store[0m [34;1mopen_rejects_corrupt_index[0m
2026-09-10T18:18:26.4379023Z [32;1m        PASS[0m [   0.008s] (2504/2739) [35;1msparq-vectors::store[0m [34;1mstreaming_writer_detects_duplicates_at_finalize_and_cleans_up[0m
2026-09-10T18:18:26.4504881Z [32;1m        PASS[0m [   0.013s] (2505/2739) [35;1msparq-vectors::vec_hybrid[0m [34;1ma_natural_language_query_needs_a_query_embedder[0m
2026-09-10T18:18:26.4735454Z [32;1m        PASS[0m [   0.023s] (2506/2739) [35;1msparq-vectors::vec_hybrid[0m [34;1man_admissible_inline_integer_id_beyond_the_dictionary_length_is_still_found[0m
2026-09-10T18:18:26.4977866Z [32;1m        PASS[0m [   0.022s] (2507/2739) [35;1msparq-vectors::vec_hybrid[0m [34;1man_auxiliary_arm_honours_the_bgp_derived_candidate_mask[0m
2026-09-10T18:18:26.5188044Z [32;1m        PASS[0m [   0.022s] (2508/2739) [35;1msparq-vectors::vec_hybrid[0m [34;1mthe_budget_and_algebra_entry_points_agree_with_the_query_one[0m
2026-09-10T18:18:26.5391289Z [32;1m        PASS[0m [   0.020s] (2509/2739) [35;1msparq-vectors::vec_hybrid[0m [34;1mthe_subject_list_is_prefix_optional_and_validated[0m
2026-09-10T18:18:26.5758018Z [32;1m        PASS[0m [   0.037s] (2510/2739) [35;1msparq-vectors::vec_predicate[0m [34;1mdimension_mismatch_is_an_error[0m
2026-09-10T18:18:26.6007738Z [32;1m        PASS[0m [   0.026s] (2511/2739) [35;1msparq-vectors::vec_predicate[0m [34;1mk_zero_yields_zero_solutions_and_is_not_an_error[0m
2026-09-10T18:18:26.6225069Z [32;1m        PASS[0m [   0.022s] (2512/2739) [35;1msparq-vectors::vec_predicate[0m [34;1mnearest_joins_to_surrounding_bgp[0m
2026-09-10T18:18:26.6417483Z [32;1m        PASS[0m [   0.017s] (2513/2739) [35;1msparq-vectors::vec_predicate[0m [34;1mnon_variable_score_position_is_a_hard_query_error[0m
2026-09-10T18:18:26.6657555Z [32;1m        PASS[0m [   0.024s] (2514/2739) [35;1msparq-vectors::vec_predicate[0m [34;1munembedded_seed_yields_no_rows[0m
2026-09-10T18:18:26.6988040Z [32;1m        PASS[0m [   0.033s] (2515/2739) [35;1msparq-vectors::vec_predicate_approx[0m [34;1mapprox_matches_exact_topk_on_separable_clusters[0m
2026-09-10T18:18:26.7557622Z [32;1m        PASS[0m [   0.058s] (2516/2739) [35;1msparq-vectors::vec_predicate_approx[0m [34;1mapprox_passthrough_without_vec_predicate[0m
2026-09-10T18:18:26.7798362Z [32;1m        PASS[0m [   0.025s] (2517/2739) [35;1msparq-vectors::verbalize[0m [34;1membed_entities_covers_verbalizable_entities_and_is_deterministic[0m
2026-09-10T18:18:26.7968081Z [32;1m        PASS[0m [   0.016s] (2518/2739) [35;1msparq-vectors::verbalize[0m [34;1mextra_prefixed_literal_group_with_value_cap[0m
2026-09-10T18:18:26.8115471Z [32;1m        PASS[0m [   0.016s] (2519/2739) [35;1msparq-vectors::verbalize[0m [34;1mtype_only_entities_are_skipped[0m
2026-09-10T18:18:26.9199182Z [32;1m        PASS[0m [   0.106s] (2520/2739) [35;1msparq-wac-oracle[0m [36mescalation_corpus::tests[0m[36m::[0m[34;1mescalation_corpus_all_fail_closed[0m
2026-09-10T18:18:26.9278029Z [32;1m        PASS[0m [   0.010s] (2521/2739) [35;1msparq-wac-oracle[0m [36mescalation_corpus::tests[0m[36m::[0m[34;1mgoverned_resource_targets_the_container_or_the_named_resource[0m
2026-09-10T18:18:26.9728160Z [32;1m        PASS[0m [   0.044s] (2522/2739) [35;1msparq-wac-oracle[0m [36mescalation_corpus::tests[0m[36m::[0m[34;1mowner_alice_holds_control_over_every_governed_resource[0m
2026-09-10T18:18:26.9947975Z [32;1m        PASS[0m [   0.018s] (2523/2739) [35;1msparq-wac-oracle[0m [36mtests[0m[36m::[0m[34;1mbuild_store_rejects_garbage_nquads[0m
2026-09-10T18:18:27.0031339Z [32;1m        PASS[0m [   0.014s] (2524/2739) [35;1msparq-wac-oracle[0m [36mtests[0m[36m::[0m[34;1mreport_display_lists_failures[0m
2026-09-10T18:18:27.0958439Z [32;1m        PASS[0m [   0.090s] (2525/2739) [35;1msparq-wac-oracle[0m [36mtests[0m[36m::[0m[34;1mrunner_flags_wrong_expected_allow[0m
2026-09-10T18:18:27.1806886Z [32;1m        PASS[0m [   0.087s] (2526/2739) [35;1msparq-wac-oracle[0m [36mtests[0m[36m::[0m[34;1mwac_fixture_all_vectors_pass[0m
2026-09-10T18:18:27.1934936Z [32;1m        PASS[0m [   0.013s] (2527/2739) [35;1msparq-wac-oracle::oracle_edges[0m [34;1mchild_canonicalization_pins_dot_and_trailing_character_rules[0m
2026-09-10T18:18:27.2068545Z [32;1m        PASS[0m [   0.013s] (2528/2739) [35;1msparq-wasm[0m [36mtests[0m[36m::[0m[34;1mask_with_max_rows_budget[0m
2026-09-10T18:18:27.2229794Z [32;1m        PASS[0m [   0.016s] (2529/2739) [35;1msparq-wasm[0m [36mtests[0m[36m::[0m[34;1mconstruct_to_quads_ntriples[0m
2026-09-10T18:18:27.2359057Z [32;1m        PASS[0m [   0.010s] (2530/2739) [35;1msparq-wasm[0m [36mtests[0m[36m::[0m[34;1mcursor_oversized_and_zero_batch[0m
2026-09-10T18:18:27.2428705Z [32;1m        PASS[0m [   0.009s] (2531/2739) [35;1msparq-wasm[0m [36mtests[0m[36m::[0m[34;1mexplain_analyze_returns_trace_and_rejects_construct[0m
2026-09-10T18:18:27.2678253Z [32;1m        PASS[0m [   0.022s] (2532/2739) [35;1msparq-wasm[0m [36mtests[0m[36m::[0m[34;1mnew_store_empty_then_named_graph_roundtrip[0m
2026-09-10T18:18:27.2977951Z [32;1m        PASS[0m [   0.031s] (2533/2739) [35;1msparq-wasm[0m [36mtests[0m[36m::[0m[34;1mselect_to_sparql_json[0m
2026-09-10T18:18:27.3177006Z [32;1m        PASS[0m [   0.022s] (2534/2739) [35;1msparq-wasm::exported_api[0m [34;1mexported_ask_with_max_rows[0m
2026-09-10T18:18:27.3397742Z [32;1m        PASS[0m [   0.021s] (2535/2739) [35;1msparq-wasm::exported_api[0m [34;1mexported_explain_analyze[0m
2026-09-10T18:18:27.3647728Z [32;1m        PASS[0m [   0.023s] (2536/2739) [35;1msparq-wasm::exported_api[0m [34;1mexported_load_ntriples[0m
2026-09-10T18:18:27.3847661Z [32;1m        PASS[0m [   0.022s] (2537/2739) [35;1msparq-wasm::exported_api[0m [34;1mexported_new_store_named_graph_roundtrip[0m
2026-09-10T18:18:27.4057582Z [32;1m        PASS[0m [   0.021s] (2538/2739) [35;1msparq-wasm::exported_api[0m [34;1mexported_query_cursor_clamp_and_oversize[0m
2026-09-10T18:18:27.4357609Z [32;1m        PASS[0m [   0.031s] (2539/2739) [35;1msparq-wasm::exported_api[0m [34;1mexported_query_cursor_partial_trailing_batch[0m
2026-09-10T18:18:27.4637585Z [32;1m        PASS[0m [   0.026s] (2540/2739) [35;1msparq-wasm::exported_api[0m [34;1mexported_query_quads_construct[0m
2026-09-10T18:18:27.4807412Z [32;1m        PASS[0m [   0.018s] (2541/2739) [35;1msparq-wasm::exported_api[0m [34;1mexported_query_uri_term[0m
2026-09-10T18:18:27.5068262Z [32;1m        PASS[0m [   0.025s] (2542/2739) [35;1msparq-wrapper::default_lane_edges[0m [34;1msubject_only_focus_has_outgoing_but_no_incoming_match[0m
2026-09-10T18:18:27.5317853Z [32;1m        PASS[0m [   0.026s] (2543/2739) [35;1msparq-wrapper::wrapper[0m [34;1mout_in_values_and_dataset_follow_the_real_graph[0m
2026-09-10T18:18:27.5768003Z [32;1m        PASS[0m [   0.045s] (2544/2739) [35;1msparq-zk[0m [36mcommit::tests[0m[36m::[0m[34;1mcommitment_pins_poseidon2_sponge_over_encoded_leaves[0m
2026-09-10T18:18:27.6038138Z [32;1m        PASS[0m [   0.027s] (2545/2739) [35;1msparq-zk[0m [36mcommit::tests[0m[36m::[0m[34;1mleaf_index_resolves_canonical_triples[0m
2026-09-10T18:18:27.6167964Z [32;1m        PASS[0m [   0.014s] (2546/2739) [35;1msparq-zk[0m [36mcommit::tests[0m[36m::[0m[34;1mmethod_parse_is_fail_closed_on_unknown[0m
2026-09-10T18:18:27.6327863Z [32;1m        PASS[0m [   0.013s] (2547/2739) [35;1msparq-zk[0m [36mcommit::tests[0m[36m::[0m[34;1mmethod_string_canonical_iri_is_unchanged[0m
2026-09-10T18:18:27.8018123Z [32;1m        PASS[0m [   0.171s] (2548/2739) [35;1msparq-zk[0m [36mct::tests[0m[36m::[0m[34;1mct_ladder_matches_arkworks_scalar_mul[0m
2026-09-10T18:18:27.8117589Z [32;1m        PASS[0m [   0.010s] (2549/2739) [35;1msparq-zk[0m [36mencode::tests[0m[36m::[0m[34;1mbnodes_are_salt_separated[0m
2026-09-10T18:18:27.8225247Z [32;1m        PASS[0m [   0.009s] (2550/2739) [35;1msparq-zk[0m [36mencode::tests[0m[36m::[0m[34;1mencode_term_literal_pins_canonical_ntriples_token[0m
2026-09-10T18:18:27.8301230Z [32;1m        PASS[0m [   0.010s] (2551/2739) [35;1msparq-zk[0m [36mencode::tests[0m[36m::[0m[34;1miris_and_literals_are_salt_independent[0m
2026-09-10T18:18:27.8387553Z [32;1m        PASS[0m [   0.007s] (2552/2739) [35;1msparq-zk[0m [36mfield::tests[0m[36m::[0m[34;1mbe_bytes_32_is_left_padded_and_matches_hex[0m
2026-09-10T18:18:27.8447157Z [32;1m        PASS[0m [   0.007s] (2553/2739) [35;1msparq-zk[0m [36mfield::tests[0m[36m::[0m[34;1mrejects_garbage[0m
2026-09-10T18:18:27.8597478Z [32;1m        PASS[0m [   0.016s] (2554/2739) [35;1msparq-zk[0m [36mingest::tests[0m[36m::[0m[34;1mingest_yields_distinct_salts_per_graph[0m
2026-09-10T18:18:27.8747545Z [32;1m        PASS[0m [   0.015s] (2555/2739) [35;1msparq-zk[0m [36mingest::tests[0m[36m::[0m[34;1mper_named_graph_commitments_are_distinct[0m
2026-09-10T18:18:27.8950337Z [32;1m        PASS[0m [   0.020s] (2556/2739) [35;1msparq-zk[0m [36mingest::tests[0m[36m::[0m[34;1mtraced_query_over_ingested_dataset[0m
2026-09-10T18:18:27.9067877Z [32;1m        PASS[0m [   0.009s] (2557/2739) [35;1msparq-zk[0m [36mposeidon2::tests[0m[36m::[0m[34;1mpermutation_zero_vector_matches_noir_smoke_test[0m
2026-09-10T18:18:27.9578164Z [32;1m        PASS[0m [   0.050s] (2558/2739) [35;1msparq-zk[0m [36mregistry::tests[0m[36m::[0m[34;1missued_entry_signature_round_trips_through_store_and_verifies[0m
2026-09-10T18:18:27.9642240Z [32;1m        PASS[0m [   0.009s] (2559/2739) [35;1msparq-zk[0m [36mregistry::tests[0m[36m::[0m[34;1mproof_graph_convention[0m
2026-09-10T18:18:27.9737408Z [32;1m        PASS[0m [   0.009s] (2560/2739) [35;1msparq-zk[0m [36mregistry::tests[0m[36m::[0m[34;1mreserved_document_iri_rejected[0m
2026-09-10T18:18:27.9867521Z [32;1m        PASS[0m [   0.010s] (2561/2739) [35;1msparq-zk[0m [36mregistry::tests[0m[36m::[0m[34;1munknown_scheme_iri_yields_no_method_fail_closed[0m
2026-09-10T18:18:27.9956570Z [32;1m        PASS[0m [   0.011s] (2562/2739) [35;1msparq-zk[0m [36msig::tests[0m[36m::[0m[34;1maccepted_status_leaf_binds_triple_atomically[0m
2026-09-10T18:18:28.0037604Z [32;1m        PASS[0m [   0.006s] (2563/2739) [35;1msparq-zk[0m [36msig::tests[0m[36m::[0m[34;1mcryptosuite_iri_round_trip[0m
2026-09-10T18:18:28.0387917Z [32;1m        PASS[0m [   0.027s] (2564/2739) [35;1msparq-zk[0m [36msig::tests[0m[36m::[0m[34;1mdeterministic_sign_commitment_round_trip_and_stable[0m
2026-09-10T18:18:28.0807518Z [32;1m        PASS[0m [   0.053s] (2565/2739) [35;1msparq-zk[0m [36msig::tests[0m[36m::[0m[34;1mholder_bound_signature_round_trips_and_binds[0m
2026-09-10T18:18:28.0912553Z [32;1m        PASS[0m [   0.010s] (2566/2739) [35;1msparq-zk[0m [36msig::tests[0m[36m::[0m[34;1midentity_key_forgery_rejected[0m
2026-09-10T18:18:28.1028175Z [32;1m        PASS[0m [   0.009s] (2567/2739) [35;1msparq-zk[0m [36msig::tests[0m[36m::[0m[34;1mjoin_value_commitment_is_deterministic_and_domain_separated[0m
2026-09-10T18:18:28.1598065Z [32;1m        PASS[0m [   0.057s] (2568/2739) [35;1msparq-zk[0m [36msig::tests[0m[36m::[0m[34;1mschnorr_scheme_matches_direct_verify_byte_for_byte[0m
2026-09-10T18:18:28.1774866Z [32;1m        PASS[0m [   0.019s] (2569/2739) [35;1msparq-zk[0m [36msig::tests[0m[36m::[0m[34;1msign_verify_round_trip[0m
2026-09-10T18:18:28.2224228Z [32;1m        PASS[0m [   0.045s] (2570/2739) [35;1msparq-zk[0m [36msig::tests[0m[36m::[0m[34;1mstatus_bound_signature_binds_the_reference[0m
2026-09-10T18:18:28.2335314Z [32;1m        PASS[0m [   0.011s] (2571/2739) [35;1msparq-zk[0m [36msig::tests[0m[36m::[0m[34;1mstatus_ref_commitment_is_hiding_and_binding[0m
2026-09-10T18:18:28.2427603Z [32;1m        PASS[0m [   0.007s] (2572/2739) [35;1msparq-zk[0m [36msig::tests[0m[36m::[0m[34;1mtrait_dispatches_a_second_scheme_dynamically[0m
2026-09-10T18:18:28.2599116Z [32;1m        PASS[0m [   0.019s] (2573/2739) [35;1msparq-zk[0m [36msig::tests[0m[36m::[0m[34;1mwrong_message_rejected[0m
2026-09-10T18:18:28.2737849Z [32;1m        PASS[0m [   0.014s] (2574/2739) [35;1msparq-zk[0m [36mverify::tests[0m[36m::[0m[34;1mexpr_in_forms_extract_to_exact_trees[0m
2026-09-10T18:18:28.2867763Z [32;1m        PASS[0m [   0.010s] (2575/2739) [35;1msparq-zk[0m [36mverify::tests[0m[36m::[0m[34;1mexpr_out_forms_fail_closed[0m
2026-09-10T18:18:28.2917205Z [32;1m        PASS[0m [   0.007s] (2576/2739) [35;1msparq-zk[0m [36mverify::tests[0m[36m::[0m[34;1mflattens_conjoined_filters[0m
2026-09-10T18:18:28.3017851Z [32;1m        PASS[0m [   0.007s] (2577/2739) [35;1msparq-zk[0m [36mverify::tests[0m[36m::[0m[34;1mnot_equal_flattens_with_conjoined_comparisons[0m
2026-09-10T18:18:28.3062118Z [32;1m        PASS[0m [   0.007s] (2578/2739) [35;1msparq-zk[0m [36mverify::tests[0m[36m::[0m[34;1mrecheck_rejects_undeclared_edge_and_accepts_declared[0m
2026-09-10T18:18:28.3136624Z [32;1m        PASS[0m [   0.007s] (2579/2739) [35;1msparq-zk[0m [36mverify::tests[0m[36m::[0m[34;1munbindable_filters_fail_closed[0m
2026-09-10T18:18:28.3213462Z [32;1m        PASS[0m [   0.007s] (2580/2739) [35;1msparq-zk[0m [36mverify::tests[0m[36m::[0m[34;1mwave1_alternative_desugars_to_union_branches[0m
2026-09-10T18:18:28.3308123Z [32;1m        PASS[0m [   0.008s] (2581/2739) [35;1msparq-zk[0m [36mverify::tests[0m[36m::[0m[34;1mwave1_branch_obligations_cover_paths_coarsely[0m
2026-09-10T18:18:28.3367932Z [32;1m        PASS[0m [   0.007s] (2582/2739) [35;1msparq-zk[0m [36mverify::tests[0m[36m::[0m[34;1mwave1_inverse_closure_swaps_endpoints[0m
2026-09-10T18:18:28.3468265Z [32;1m        PASS[0m [   0.007s] (2583/2739) [35;1msparq-zk[0m [36mverify::tests[0m[36m::[0m[34;1mwave1_sequence_inside_closure_body_rejected_but_plain_reverse_ok[0m
2026-09-10T18:18:28.3519607Z [32;1m        PASS[0m [   0.007s] (2584/2739) [35;1msparq-zk[0m [36mverify::tests[0m[36m::[0m[34;1mwave1_subquery_renames_filters_and_paths[0m
2026-09-10T18:18:28.3592741Z [32;1m        PASS[0m [   0.007s] (2585/2739) [35;1msparq-zk[0m [36mverify::tests[0m[36m::[0m[34;1mwave1_user_bnodes_are_nondistinguished_variables[0m
2026-09-10T18:18:28.3698032Z [32;1m        PASS[0m [   0.008s] (2586/2739) [35;1msparq-zk::poseidon2_noir_cross[0m [34;1mpermutation_matches_noir_blackbox[0m
2026-09-10T18:18:28.3878150Z [32;1m        PASS[0m [   0.018s] (2587/2739) [35;1msparq-zk::trace_guard[0m [34;1mlabel_identified_union_leak_is_caught[0m
2026-09-10T18:18:28.4088437Z [32;1m        PASS[0m [   0.020s] (2588/2739) [35;1msparq-zk::trace_guard[0m [34;1mverifier_independently_requires_obligation_prover_handshake[0m
2026-09-10T18:18:28.4267854Z [32;1m        PASS[0m [   0.019s] (2589/2739) [35;1msparq-zk::trace_named_graph[0m [34;1msingle_graph_query_attributes_to_one_graph_only[0m
2026-09-10T18:18:28.4357776Z [32;1m        PASS[0m [   0.009s] (2590/2739) [35;1msparq-zk-compose[0m [36mbuild::derive_id_tests[0m[36m::[0m[34;1mfilter_f64_id_exact_match_and_out_of_family_none[0m
2026-09-10T18:18:28.4447775Z [32;1m        PASS[0m [   0.008s] (2591/2739) [35;1msparq-zk-compose[0m [36mbuild::derive_id_tests[0m[36m::[0m[34;1mfilter_signed_int_id_exact_match_with_gap[0m
2026-09-10T18:18:28.4592051Z [32;1m        PASS[0m [   0.017s] (2592/2739) [35;1msparq-zk-compose[0m [36mbuild::derive_id_tests[0m[36m::[0m[34;1mpackage_names_are_deterministic_and_distinct_per_family_and_bucket[0m
2026-09-10T18:18:28.4739143Z [32;1m        PASS[0m [   0.013s] (2593/2739) [35;1msparq-zk-compose[0m [36mbuild::derive_id_tests[0m[36m::[0m[34;1mscan_id_picks_smallest_fitting_bucket_and_is_deterministic[0m
2026-09-10T18:18:28.4934812Z [32;1m        PASS[0m [   0.020s] (2594/2739) [35;1msparq-zk-compose[0m [36mcapture::tests[0m[36m::[0m[34;1mmanifest_assembles_multiple_members_with_honest_note[0m
2026-09-10T18:18:28.5118668Z [32;1m        PASS[0m [   0.018s] (2595/2739) [35;1msparq-zk-compose[0m [36mcapture::tests[0m[36m::[0m[34;1mserialized_manifest_matches_browser_consumer_schema[0m
2026-09-10T18:18:28.5258272Z [32;1m        PASS[0m [   0.014s] (2596/2739) [35;1msparq-zk-compose[0m [36mderivation::tests[0m[36m::[0m[34;1mequality_predicate_guard_leaves_ordinary_rdfs_steps_alone[0m
2026-09-10T18:18:28.5379013Z [32;1m        PASS[0m [   0.014s] (2597/2739) [35;1msparq-zk-compose[0m [36mderivation::tests[0m[36m::[0m[34;1mrdfs11_subclass_transitivity_accepts_valid_shape[0m
2026-09-10T18:18:28.5510753Z [32;1m        PASS[0m [   0.013s] (2598/2739) [35;1msparq-zk-compose[0m [36mderivation::tests[0m[36m::[0m[34;1mrdfs2_domain_rejects_wrong_derived_subject[0m
2026-09-10T18:18:28.5647901Z [32;1m        PASS[0m [   0.012s] (2599/2739) [35;1msparq-zk-compose[0m [36mderivation::tests[0m[36m::[0m[34;1mrdfs5_rejects_broken_property_chain[0m
2026-09-10T18:18:28.5797740Z [32;1m        PASS[0m [   0.014s] (2600/2739) [35;1msparq-zk-compose[0m [36mderivation::tests[0m[36m::[0m[34;1mrdfs9_rejects_broken_class_chain[0m
2026-09-10T18:18:28.5911826Z [32;1m        PASS[0m [   0.014s] (2601/2739) [35;1msparq-zk-compose[0m [36mdriver::driver_glue_tests[0m[36m::[0m[34;1mdisplay_renders_each_variant_distinctly[0m
2026-09-10T18:18:28.6058379Z [32;1m        PASS[0m [   0.012s] (2602/2739) [35;1msparq-zk-compose[0m [36mdriver::driver_glue_tests[0m[36m::[0m[34;1mrun_missing_tool_is_spawn_error_not_panic[0m
2026-09-10T18:18:28.6143302Z [32;1m        PASS[0m [   0.011s] (2603/2739) [35;1msparq-zk-compose[0m [36mholder::tests[0m[36m::[0m[34;1mholder_pok_circuit_id_package_name[0m
2026-09-10T18:18:28.6375120Z [32;1m        PASS[0m [   0.021s] (2604/2739) [35;1msparq-zk-compose[0m [36mholder::tests[0m[36m::[0m[34;1mholder_pok_witness_is_key_distinguishing[0m
2026-09-10T18:18:28.6388191Z [32;1m        PASS[0m [  10.889s] (2605/2739) [35;1msparq-vectors::quant[0m [34;1mpq_adc_ranking_preserves_recall_on_clustered_set[0m
2026-09-10T18:18:28.6568459Z [32;1m        PASS[0m [   0.021s] (2606/2739) [35;1msparq-zk-compose[0m [36mholder::tests[0m[36m::[0m[34;1mholder_set_leaf_differs_from_issuer_key_leaf[0m
2026-09-10T18:18:28.6750046Z [32;1m        PASS[0m [   0.033s] (2607/2739) [35;1msparq-zk-compose[0m [36mholder::tests[0m[36m::[0m[34;1mout_of_range_index_and_overflow_are_none[0m
2026-09-10T18:18:28.6962291Z [32;1m        PASS[0m [   0.024s] (2608/2739) [35;1msparq-zk-compose[0m [36mholder::tests[0m[36m::[0m[34;1msparse_holder_set_witness_assembles_consistently[0m
2026-09-10T18:18:28.7087985Z [32;1m        PASS[0m [   0.009s] (2609/2739) [35;1msparq-zk-compose[0m [36missuer::tests[0m[36m::[0m[34;1mh2_matches_documented_cross_vector[0m
2026-09-10T18:18:28.7388224Z [32;1m        PASS[0m [   0.076s] (2610/2739) [35;1msparq-zk-compose[0m [36mholder::tests[0m[36m::[0m[34;1msparse_holder_empty_slot_path_is_well_defined[0m
2026-09-10T18:18:28.7502348Z [32;1m        PASS[0m [   0.017s] (2611/2739) [35;1msparq-zk-compose[0m [36missuer::tests[0m[36m::[0m[34;1mreduction_top_bound_partitions_with_l[0m
2026-09-10T18:18:28.7608117Z [32;1m        PASS[0m [   0.053s] (2612/2739) [35;1msparq-zk-compose[0m [36missuer::tests[0m[36m::[0m[34;1mkey_set_root_and_witness_recompute[0m
2026-09-10T18:18:28.8114302Z [32;1m        PASS[0m [   0.061s] (2613/2739) [35;1msparq-zk-compose[0m [36missuer::tests[0m[36m::[0m[34;1msparse_fail_closed_matches_dense[0m
2026-09-10T18:18:28.8298256Z [32;1m        PASS[0m [   0.014s] (2614/2739) [35;1msparq-zk-compose[0m [36mmanifest::canonical_edge_tests[0m[36m::[0m[34;1mjoin_edges_canonicalise_to_total_order[0m
2026-09-10T18:18:28.8470112Z [32;1m        PASS[0m [   0.021s] (2615/2739) [35;1msparq-zk-compose[0m [36mmanifest::holder_binding_tests[0m[36m::[0m[34;1mfrom_holder_key_is_fallible_on_the_holder_key_digest[0m
2026-09-10T18:18:28.8527838Z [32;1m        PASS[0m [   0.006s] (2616/2739) [35;1msparq-zk-compose[0m [36mmanifest::join_schema_tests[0m[36m::[0m[34;1mcircuit_id_join_eq_packages_like_other_members[0m
2026-09-10T18:18:28.8665888Z [32;1m        PASS[0m [   0.014s] (2617/2739) [35;1msparq-zk-compose[0m [36mmanifest::join_schema_tests[0m[36m::[0m[34;1mproof_inputs_join_eq_round_trips_and_exposes_id[0m
2026-09-10T18:18:28.8757541Z [32;1m        PASS[0m [   0.008s] (2618/2739) [35;1msparq-zk-compose[0m [36mn3::tests[0m[36m::[0m[34;1madmit_rejects_a_builtin_reading_an_unbound_input[0m
2026-09-10T18:18:28.8907949Z [32;1m        PASS[0m [   0.013s] (2619/2739) [35;1msparq-zk-compose[0m [36mn3::tests[0m[36m::[0m[34;1madmit_rejects_existential_introduction[0m
2026-09-10T18:18:28.9027702Z [32;1m        PASS[0m [   0.011s] (2620/2739) [35;1msparq-zk-compose[0m [36mn3::tests[0m[36m::[0m[34;1mclassify_rejects_every_excluded_builtin[0m
2026-09-10T18:18:28.9087435Z [32;1m        PASS[0m [   0.007s] (2621/2739) [35;1msparq-zk-compose[0m [36mn3::tests[0m[36m::[0m[34;1mcommit_refuses_a_rule_set_outside_the_subset[0m
2026-09-10T18:18:28.9298009Z [32;1m        PASS[0m [   0.021s] (2622/2739) [35;1msparq-zk-compose[0m [36mrevocation::tests[0m[36m::[0m[34;1maccepted_set_is_fail_closed_on_overflow_and_bad_depth[0m
2026-09-10T18:18:28.9488258Z [32;1m        PASS[0m [   0.019s] (2623/2739) [35;1msparq-zk-compose[0m [36mrevocation::tests[0m[36m::[0m[34;1maccepted_set_root_depends_on_leaf_order[0m
2026-09-10T18:18:28.9567509Z [32;1m        PASS[0m [   0.009s] (2624/2739) [35;1msparq-zk-compose[0m [36mrevocation::tests[0m[36m::[0m[34;1many_bit_set_matches_per_index_oracle[0m
2026-09-10T18:18:28.9678635Z [32;1m        PASS[0m [   0.012s] (2625/2739) [35;1msparq-zk-compose[0m [36mrevocation::tests[0m[36m::[0m[34;1mimplausible_depth_is_none[0m
2026-09-10T18:18:29.0586220Z [32;1m        PASS[0m [   0.090s] (2626/2739) [35;1msparq-zk-compose[0m [36mrevocation::tests[0m[36m::[0m[34;1msparse_root_and_witness_scale_to_production_depth[0m
2026-09-10T18:18:29.0822801Z [32;1m        PASS[0m [   0.024s] (2627/2739) [35;1msparq-zk-compose[0m [36mrevocation::tests[0m[36m::[0m[34;1mwitness_recomputes_root[0m
2026-09-10T18:18:29.0937586Z [32;1m        PASS[0m [   0.010s] (2628/2739) [35;1msparq-zk-compose[0m [36msameas::tests[0m[36m::[0m[34;1mbuilder_chains_rather_than_starring[0m
2026-09-10T18:18:29.1027334Z [32;1m        PASS[0m [   0.008s] (2629/2739) [35;1msparq-zk-compose[0m [36msameas::tests[0m[36m::[0m[34;1mcheck_rejects_a_duplicate_member[0m
2026-09-10T18:18:29.1087527Z [32;1m        PASS[0m [   0.008s] (2630/2739) [35;1msparq-zk-compose[0m [36msameas::tests[0m[36m::[0m[34;1mcheck_rejects_a_representative_break[0m
2026-09-10T18:18:29.1207595Z [32;1m        PASS[0m [   0.011s] (2631/2739) [35;1msparq-zk-compose[0m [36msameas::tests[0m[36m::[0m[34;1mentails_row_refuses_a_row_outside_the_class[0m
2026-09-10T18:18:29.1327560Z [32;1m        PASS[0m [   0.010s] (2632/2739) [35;1msparq-zk-compose[0m [36mtoml::toml_glue_tests[0m[36m::[0m[34;1mcanonical_digits_are_ascii_decimal_bytes[0m
2026-09-10T18:18:29.1447773Z [32;1m        PASS[0m [   0.012s] (2633/2739) [35;1msparq-zk-compose[0m [36mtoml::toml_glue_tests[0m[36m::[0m[34;1mfilter_int_toml_scalar_and_array_shape_and_order[0m
2026-09-10T18:18:29.1501402Z [32;1m        PASS[0m [   0.008s] (2634/2739) [35;1msparq-zk-compose[0m [36mtoml::toml_glue_tests[0m[36m::[0m[34;1mprover_toml_for_filter_int_dispatches_to_member_renderer[0m
2026-09-10T18:18:29.1617491Z [32;1m        PASS[0m [   0.009s] (2635/2739) [35;1msparq-zk-compose[0m [36mtoml::toml_glue_tests[0m[36m::[0m[34;1mscan_toml_nested_array_and_bool_array_shape[0m
2026-09-10T18:18:29.2188195Z [32;1m        PASS[0m [   0.058s] (2636/2739) [35;1msparq-zk-compose[0m [36mverifier::tests[0m[36m::[0m[34;1maccepted_set_root_folds_the_policys_own_authoritative_roots[0m
2026-09-10T18:18:29.2278246Z [32;1m        PASS[0m [   0.010s] (2637/2739) [35;1msparq-zk-compose[0m [36mverifier::tests[0m[36m::[0m[34;1mfile_seen_nonces_key_is_representation_insensitive_across_restart[0m
2026-09-10T18:18:29.2454995Z [32;1m        PASS[0m [   0.018s] (2638/2739) [35;1msparq-zk-compose[0m [36mverifier::tests[0m[36m::[0m[34;1mhidden_issuer_declared_depth_must_equal_policy_depth[0m
2026-09-10T18:18:29.2568638Z [32;1m        PASS[0m [   0.011s] (2639/2739) [35;1msparq-zk-compose[0m [36mverifier::tests[0m[36m::[0m[34;1min_memory_seen_nonces_is_single_use[0m
2026-09-10T18:18:29.2677582Z [32;1m        PASS[0m [   0.008s] (2640/2739) [35;1msparq-zk-compose[0m [36mverifier::tests[0m[36m::[0m[34;1mreconstruct_filter_int_matches_real_bb_public_inputs[0m
2026-09-10T18:18:29.2767572Z [32;1m        PASS[0m [   0.009s] (2641/2739) [35;1msparq-zk-compose[0m [36mverifier::tests[0m[36m::[0m[34;1mreconstruct_rejects_malformed_field[0m
2026-09-10T18:18:29.2824316Z [32;1m        PASS[0m [   0.008s] (2642/2739) [35;1msparq-zk-compose[0m [36mverifier::tests[0m[36m::[0m[34;1mseen_nonces_key_is_representation_insensitive[0m
2026-09-10T18:18:29.2917365Z [32;1m        PASS[0m [   0.008s] (2643/2739) [35;1msparq-zk-compose[0m [36mverifier::tests[0m[36m::[0m[34;1mverifier_nonce_rejects_malformed_hex[0m
2026-09-10T18:18:29.3518162Z [32;1m        PASS[0m [   0.058s] (2644/2739) [35;1msparq-zk-compose::audit_forge_map[0m [34;1mfinding_04_nonce_binding_mismatch_rejected[0m
2026-09-10T18:18:29.3948171Z [32;1m        PASS[0m [   0.046s] (2645/2739) [35;1msparq-zk-compose::audit_forge_map[0m [34;1mfinding_06_verdict_not_wired_to_filter_slot_rejected[0m
2026-09-10T18:18:29.4488015Z [32;1m        PASS[0m [   0.051s] (2646/2739) [35;1msparq-zk-compose::audit_forge_map[0m [34;1mfinding_08_attribution_omitted_rejected[0m
2026-09-10T18:18:29.4955618Z [32;1m        PASS[0m [   0.050s] (2647/2739) [35;1msparq-zk-compose::audit_forge_map[0m [34;1mfinding_10_filter_add_rejected[0m
2026-09-10T18:18:29.5617933Z [32;1m        PASS[0m [   0.064s] (2648/2739) [35;1msparq-zk-compose::audit_forge_map[0m [34;1mfinding_12_stale_version_rejected[0m
2026-09-10T18:18:29.5697555Z [32;1m        PASS[0m [   0.007s] (2649/2739) [35;1msparq-zk-compose::bb_gates_matrix[0m [34;1millegal_cells_carry_a_reason_not_a_cost[0m
2026-09-10T18:18:29.5760548Z [32;1m        PASS[0m [   0.009s] (2650/2739) [35;1msparq-zk-compose::bb_gates_matrix[0m [34;1mmatrix_covers_every_snapshot_member[0m
2026-09-10T18:18:29.5987521Z [32;1m        PASS[0m [   0.022s] (2651/2739) [35;1msparq-zk-compose::coverage_direct[0m [34;1mcanonical_vk_without_workspace_is_spawn_error[0m
2026-09-10T18:18:29.6207933Z [32;1m        PASS[0m [   0.021s] (2652/2739) [35;1msparq-zk-compose::coverage_direct[0m [34;1mencode_int_literal_is_stable_and_nondegenerate[0m
2026-09-10T18:18:29.6304396Z [32;1m        PASS[0m [   0.011s] (2653/2739) [35;1msparq-zk-compose::coverage_direct[0m [34;1mjoin_prover_toml_renders_exact_field_ordered_body[0m
2026-09-10T18:18:29.6449024Z [32;1m        PASS[0m [   0.013s] (2654/2739) [35;1msparq-zk-compose::coverage_direct[0m [34;1mprove_without_workspace_is_spawn_error[0m
2026-09-10T18:18:29.6547736Z [32;1m        PASS[0m [   0.009s] (2655/2739) [35;1msparq-zk-compose::coverage_direct[0m [34;1mverify_with_uncreatable_workdir_is_io_error[0m
2026-09-10T18:18:29.6603318Z [32;1m        PASS[0m [   0.008s] (2656/2739) [35;1msparq-zk-compose::differential_fuzz[0m [34;1msq_wto_three_digit_operand_proves_not_silently_unprovable[0m
2026-09-10T18:18:29.7288094Z [32;1m        PASS[0m [   0.066s] (2657/2739) [35;1msparq-zk-compose::e2e[0m [34;1mattribution_lie_collapse_onto_graph_one_rejected[0m
2026-09-10T18:18:29.8057991Z [32;1m        PASS[0m [   0.079s] (2658/2739) [35;1msparq-zk-compose::e2e[0m [34;1mcommitted_index_disclosed_commitment_mismatch_rejected[0m
2026-09-10T18:18:30.0778185Z [32;1m        PASS[0m [   0.268s] (2659/2739) [35;1msparq-zk-compose::e2e[0m [34;1mcompleteness_demand_refuses_every_inference_regime[0m
2026-09-10T18:18:30.1968645Z [32;1m        PASS[0m [   0.121s] (2660/2739) [35;1msparq-zk-compose::e2e[0m [34;1mentailment_equality_guard_leaves_ordinary_rdfs_steps_alone[0m
2026-09-10T18:18:30.2967993Z [32;1m        PASS[0m [   0.101s] (2661/2739) [35;1msparq-zk-compose::e2e[0m [34;1mentailment_rdfs_ungrounded_antecedent_rejected[0m
2026-09-10T18:18:30.3567956Z [32;1m        PASS[0m [   0.060s] (2662/2739) [35;1msparq-zk-compose::e2e[0m [34;1mentailment_simple_with_steps_rejected[0m
2026-09-10T18:18:30.3684629Z [32;1m        PASS[0m [   0.012s] (2663/2739) [35;1msparq-zk-compose::e2e[0m [34;1mfilter_decimal_composable_witness_honest_proves_lie_rejected[0m
2026-09-10T18:18:30.3827662Z [32;1m        PASS[0m [   0.013s] (2664/2739) [35;1msparq-zk-compose::e2e[0m [34;1mfilter_f64_witness_honest_proves_lie_rejected[0m
2026-09-10T18:18:30.4178940Z [32;1m        PASS[0m [   0.037s] (2665/2739) [35;1msparq-zk-compose::e2e[0m [34;1mfilter_reject_false_verdict_row[0m
2026-09-10T18:18:30.4587829Z [32;1m        PASS[0m [   0.040s] (2666/2739) [35;1msparq-zk-compose::e2e[0m [34;1mfilter_reject_unbindable_filter_fragment[0m
2026-09-10T18:18:30.5477784Z [32;1m        PASS[0m [   0.089s] (2667/2739) [35;1msparq-zk-compose::e2e[0m [34;1mfilter_same_slot_in_two_patterns_needs_one_edge[0m
2026-09-10T18:18:30.5707833Z [32;1m        PASS[0m [   0.020s] (2668/2739) [35;1msparq-zk-compose::e2e[0m [34;1mforge_artvk_is_ignored[0m
2026-09-10T18:18:30.5875195Z [32;1m        PASS[0m [   0.020s] (2669/2739) [35;1msparq-zk-compose::e2e[0m [34;1mforge_reject_challenge_rebind[0m
2026-09-10T18:18:30.6061171Z [32;1m        PASS[0m [   0.018s] (2670/2739) [35;1msparq-zk-compose::e2e[0m [34;1mforge_reject_verdict_substitution[0m
2026-09-10T18:18:30.6231601Z [32;1m        PASS[0m [   0.018s] (2671/2739) [35;1msparq-zk-compose::e2e[0m [34;1mfull_prove_verify_filter_int_d1[0m
2026-09-10T18:18:30.7717852Z [32;1m        PASS[0m [   0.148s] (2672/2739) [35;1msparq-zk-compose::e2e[0m [34;1mfully_hidden_reference_with_disclosed_clear_fields_rejected[0m
2026-09-10T18:18:30.8777999Z [32;1m        PASS[0m [   0.104s] (2673/2739) [35;1msparq-zk-compose::e2e[0m [34;1mhidden_issuer_not_enabled_rejected[0m
2026-09-10T18:18:31.0673302Z [32;1m        PASS[0m [   0.188s] (2674/2739) [35;1msparq-zk-compose::e2e[0m [34;1mholder_binding_bearer_policy_required_vs_allowed[0m
2026-09-10T18:18:31.2838042Z [32;1m        PASS[0m [   0.217s] (2675/2739) [35;1msparq-zk-compose::e2e[0m [34;1mholder_binding_unrelated_attestation_does_not_satisfy_scoped_check[0m
2026-09-10T18:18:31.4378345Z [32;1m        PASS[0m [   0.152s] (2676/2739) [35;1msparq-zk-compose::e2e[0m [34;1mholder_pop_unknown_cryptosuite_rejected[0m
2026-09-10T18:18:31.5198198Z [32;1m        PASS[0m [   0.083s] (2677/2739) [35;1msparq-zk-compose::e2e[0m [34;1missuer_accept_empty_declared_keyset_skips_consistency_check[0m
2026-09-10T18:18:31.5517560Z [32;1m        PASS[0m [   0.034s] (2678/2739) [35;1msparq-zk-compose::e2e[0m [34;1missuer_attestation_serde_round_trip[0m
2026-09-10T18:18:31.6027633Z [32;1m        PASS[0m [   0.051s] (2679/2739) [35;1msparq-zk-compose::e2e[0m [34;1missuer_reject_empty_keyset[0m
2026-09-10T18:18:31.6617742Z [32;1m        PASS[0m [   0.058s] (2680/2739) [35;1msparq-zk-compose::e2e[0m [34;1missuer_reject_prover_self_signed_empty_declared_keyset[0m
2026-09-10T18:18:31.7068271Z [32;1m        PASS[0m [   0.044s] (2681/2739) [35;1msparq-zk-compose::e2e[0m [34;1missuer_reject_unsigned_commitment[0m
2026-09-10T18:18:31.9277891Z [32;1m        PASS[0m [   0.219s] (2682/2739) [35;1msparq-zk-compose::e2e[0m [34;1mmalformed_proof_hex_rejected_not_panicked[0m
2026-09-10T18:18:32.0238102Z [32;1m        PASS[0m [   0.095s] (2683/2739) [35;1msparq-zk-compose::e2e[0m [34;1mpattern_scans_absent_in_json_means_no_declaration[0m
2026-09-10T18:18:32.1857885Z [32;1m        PASS[0m [   0.165s] (2684/2739) [35;1msparq-zk-compose::e2e[0m [34;1mpattern_scans_do_not_narrow_the_filter_obligation[0m
2026-09-10T18:18:32.2848015Z [32;1m        PASS[0m [   0.100s] (2685/2739) [35;1msparq-zk-compose::e2e[0m [34;1mpattern_scans_reject_an_arity_mismatch[0m
2026-09-10T18:18:32.3669568Z [32;1m        PASS[0m [   0.083s] (2686/2739) [35;1msparq-zk-compose::e2e[0m [34;1mrevocation_missing_snapshot_rejected[0m
2026-09-10T18:18:32.4508119Z [32;1m        PASS[0m [   0.081s] (2687/2739) [35;1msparq-zk-compose::e2e[0m [34;1mrevocation_reaudit_agreeing_prover_snapshot_verifies[0m
2026-09-10T18:18:32.5018010Z [32;1m        PASS[0m [   0.053s] (2688/2739) [35;1msparq-zk-compose::e2e[0m [34;1mrevocation_reaudit_omitted_prover_snapshot_still_revoked[0m
2026-09-10T18:18:32.5434882Z [32;1m        PASS[0m [   0.042s] (2689/2739) [35;1msparq-zk-compose::e2e[0m [34;1mrevocation_stale_status_list_rejected[0m
2026-09-10T18:18:32.5527876Z [32;1m        PASS[0m [   0.009s] (2690/2739) [35;1msparq-zk-compose::e2e[0m [34;1mrevoke_hidden_ref_member_family_is_exact_match[0m
2026-09-10T18:18:32.6308212Z [32;1m        PASS[0m [  29.965s] (2691/2739) [35;1msparq-vectors::ef_sweep[0m [34;1mef_sweep_monotone_recall_non_decreasing[0m
2026-09-10T18:18:32.6579539Z [32;1m        PASS[0m [   0.105s] (2692/2739) [35;1msparq-zk-compose::e2e[0m [34;1msalt_reuse_across_two_scan_referenced_commitments_still_rejects[0m
2026-09-10T18:18:32.6595119Z [32;1m        PASS[0m [   0.029s] (2693/2739) [35;1msparq-zk-compose::e2e[0m [34;1mstructure_rejects_arity_mismatch[0m
2026-09-10T18:18:32.6678728Z [32;1m        PASS[0m [   0.008s] (2694/2739) [35;1msparq-zk-compose::e2e[0m [34;1mwitness_gen_filter_int_ne_satisfiable[0m
2026-09-10T18:18:32.6767721Z [32;1m        PASS[0m [   0.007s] (2695/2739) [35;1msparq-zk-compose::e2e[0m [34;1mwitness_gen_scan_satisfiable[0m
2026-09-10T18:18:32.6828021Z [32;1m        PASS[0m [   0.006s] (2696/2739) [35;1msparq-zk-compose::family_members_pzet[0m [34;1mevery_derivable_join_id_has_a_compiled_member[0m
2026-09-10T18:18:32.6879391Z [32;1m        PASS[0m [   0.030s] (2697/2739) [35;1msparq-zk-compose::e2e[0m [34;1mstructure_rejects_inconsistent_binding_edge[0m
2026-09-10T18:18:32.6897775Z [32;1m        PASS[0m [   0.007s] (2698/2739) [35;1msparq-zk-compose::family_members_pzet[0m [34;1mjoin_eq_na64_nb64_witness_satisfiable[0m
2026-09-10T18:18:32.6952888Z [32;1m        PASS[0m [   0.007s] (2699/2739) [35;1msparq-zk-compose::filter_signed_binding[0m [34;1msigned_int_binding_matches_real_encode[0m
2026-09-10T18:18:32.7213360Z [32;1m        PASS[0m [   0.032s] (2700/2739) [35;1msparq-zk-compose::forge_gates[0m [34;1mforge_commitment_unsigned_rejected[0m
2026-09-10T18:18:32.7344692Z [32;1m        PASS[0m [   0.039s] (2701/2739) [35;1msparq-zk-compose::forge_gates[0m [34;1mforge_nonce_binding_mismatch_rejected[0m
2026-09-10T18:18:32.7625476Z [32;1m        PASS[0m [   0.041s] (2702/2739) [35;1msparq-zk-compose::forge_gates[0m [34;1mforge_revocation_stale_version_rejected[0m
2026-09-10T18:18:32.7710342Z [32;1m        PASS[0m [   0.008s] (2703/2739) [35;1msparq-zk-compose::gate_count[0m [34;1msnapshot_covers_every_member[0m
2026-09-10T18:18:32.7795260Z [32;1m        PASS[0m [   0.008s] (2704/2739) [35;1msparq-zk-compose::holder_pok_binding[0m [34;1mholder_pok_proof_serde_round_trip[0m
2026-09-10T18:18:32.7962839Z [32;1m        PASS[0m [   0.061s] (2705/2739) [35;1msparq-zk-compose::forge_gates[0m [34;1mhonest_k2_scan_passes_strict_ordering_structural[0m
2026-09-10T18:18:32.8608262Z [32;1m        PASS[0m [   0.062s] (2706/2739) [35;1msparq-zk-compose::holder_pop_forge[0m [34;1mforge_replay_wrong_nonce_pop_rejected[0m
2026-09-10T18:18:32.8744443Z [32;1m        PASS[0m [   0.095s] (2707/2739) [35;1msparq-zk-compose::holder_pop_forge[0m [34;1mforge_clear_key_disagrees_with_digest_rejected[0m
2026-09-10T18:18:32.9395482Z [32;1m        PASS[0m [   0.081s] (2708/2739) [35;1msparq-zk-compose::holder_pop_forge[0m [34;1mforge_unrelated_attestation_does_not_satisfy_scoped_check[0m
2026-09-10T18:18:32.9508781Z [32;1m        PASS[0m [   0.074s] (2709/2739) [35;1msparq-zk-compose::holder_pop_forge[0m [34;1mpositive_correctly_bound_under_require_binding_accepts[0m
2026-09-10T18:18:32.9775174Z [32;1m        PASS[0m [   0.028s] (2710/2739) [35;1msparq-zk-compose::holder_set_binding[0m [34;1mholder_set_not_enabled_rejected[0m
2026-09-10T18:18:32.9897165Z [32;1m        PASS[0m [   0.050s] (2711/2739) [35;1msparq-zk-compose::holder_set_binding[0m [34;1mholder_set_depth_mismatch_rejected[0m
2026-09-10T18:18:32.9956226Z [32;1m        PASS[0m [   0.006s] (2712/2739) [35;1msparq-zk-compose::host_helpers[0m [34;1mbuild_filter_decimal_rejects_non_digit_lexical_bytes[0m
2026-09-10T18:18:33.0015102Z [32;1m        PASS[0m [   0.006s] (2713/2739) [35;1msparq-zk-compose::host_helpers[0m [34;1mcircuit_id_package_names_every_member_family[0m
2026-09-10T18:18:33.0073509Z [32;1m        PASS[0m [   0.006s] (2714/2739) [35;1msparq-zk-compose::host_helpers[0m [34;1mderive_filter_signed_int_id_exact_match_only[0m
2026-09-10T18:18:33.0157436Z [32;1m        PASS[0m [   0.006s] (2715/2739) [35;1msparq-zk-compose::host_helpers[0m [34;1mfield_hex_round_trips_and_rejects_malformed[0m
2026-09-10T18:18:33.0217528Z [32;1m        PASS[0m [   0.006s] (2716/2739) [35;1msparq-zk-compose::host_helpers[0m [34;1mfilter_int_prover_toml_false_verdict_and_empty_digits[0m
2026-09-10T18:18:33.0277933Z [32;1m        PASS[0m [   0.006s] (2717/2739) [35;1msparq-zk-compose::host_helpers[0m [34;1mfilter_signed_int_prover_toml_renders_sign_split_bound_and_neg_witness[0m
2026-09-10T18:18:33.0337488Z [32;1m        PASS[0m [   0.006s] (2718/2739) [35;1msparq-zk-compose::host_helpers[0m [34;1mpad_hex_pads_with_zero_and_leaves_longer_untouched[0m
2026-09-10T18:18:33.0397495Z [32;1m        PASS[0m [   0.006s] (2719/2739) [35;1msparq-zk-compose::host_helpers[0m [34;1mproof_inputs_circuit_id_accessor_matches_each_variant[0m
2026-09-10T18:18:33.0457323Z [32;1m        PASS[0m [   0.006s] (2720/2739) [35;1msparq-zk-compose::host_helpers[0m [34;1mprover_toml_for_filter_f64_uses_b_bits[0m
2026-09-10T18:18:33.0517661Z [32;1m        PASS[0m [   0.006s] (2721/2739) [35;1msparq-zk-compose::host_helpers[0m [34;1mprover_toml_for_filter_signed_without_witness_returns_err_not_panic[0m
2026-09-10T18:18:33.0557855Z [32;1m        PASS[0m [   0.006s] (2722/2739) [35;1msparq-zk-compose::host_helpers[0m [34;1mscan_prover_toml_renders_arrays_and_nested_enc[0m
2026-09-10T18:18:33.0588144Z [32;1m        PASS[0m [   0.080s] (2723/2739) [35;1msparq-zk-compose::holder_set_binding[0m [34;1mregistry_root_matches_host_root[0m
2026-09-10T18:18:33.0978318Z [32;1m        PASS[0m [   0.041s] (2724/2739) [35;1msparq-zk-compose::join_forge[0m [34;1mstructural_privacy_join_value_absent_from_public_inputs[0m
2026-09-10T18:18:33.1050223Z [32;1m        PASS[0m [   0.046s] (2725/2739) [35;1msparq-zk-compose::join_gates[0m [34;1mfinding_a_cross_scan_alias_forge_rejected_by_q6[0m
2026-09-10T18:18:33.1597724Z [32;1m        PASS[0m [   0.063s] (2726/2739) [35;1msparq-zk-compose::join_gates[0m [34;1mforge_join_dangling_graph_index_rejected[0m
2026-09-10T18:18:33.1789095Z [32;1m        PASS[0m [   0.072s] (2727/2739) [35;1msparq-zk-compose::join_gates[0m [34;1mforge_join_edge_present_but_wrong_slots_rejected[0m
2026-09-10T18:18:33.2194389Z [32;1m        PASS[0m [   0.059s] (2728/2739) [35;1msparq-zk-compose::join_gates[0m [34;1mforge_join_wrong_slot_a_rejected[0m
2026-09-10T18:18:33.2767302Z [32;1m        PASS[0m [   0.099s] (2729/2739) [35;1msparq-zk-compose::join_gates[0m [34;1mmulti_scan_join_edge_points_at_non_answering_scan_rejected[0m
2026-09-10T18:18:33.2847711Z [32;1m        PASS[0m [   0.007s] (2730/2739) [35;1msparq-zk-compose::sparql_catalog[0m [34;1mcatalog_spans_required_features[0m
2026-09-10T18:18:33.2902097Z [32;1m        PASS[0m [   0.007s] (2731/2739) [35;1msparq-zk-compose::sparql_catalog[0m [34;1mgaps_carry_no_fabricated_number[0m
2026-09-10T18:18:33.2988446Z [32;1m        PASS[0m [   0.006s] (2732/2739) [35;1msparq-zk-compose::verifier_errors[0m [34;1mcheck_error_display_covers_holder_pok_reasons[0m
2026-09-10T18:18:33.3047936Z [32;1m        PASS[0m [   0.006s] (2733/2739) [35;1msparq-zk-compose::verifier_errors[0m [34;1mcheck_error_display_covers_nonce_and_revocation_reasons[0m
2026-09-10T18:18:33.3064913Z [32;1m        PASS[0m [   0.087s] (2734/2739) [35;1msparq-zk-compose::join_gates[0m [34;1mnway_chain_shared_commitment_passes[0m
2026-09-10T18:18:33.3117891Z [32;1m        PASS[0m [   0.008s] (2735/2739) [35;1msparq-zk-compose::verifier_errors[0m [34;1mcheck_error_is_a_std_error[0m
2026-09-10T18:18:33.3127064Z [32;1m        PASS[0m [   0.006s] (2736/2739) [35;1msparq-zk-compose::verifier_errors[0m [34;1mholder_registry_empty_and_garbage_are_failclosed[0m
2026-09-10T18:18:33.3168842Z [32;1m        PASS[0m [   0.006s] (2737/2739) [35;1msparq-zk-compose::verifier_errors[0m [34;1mrevocation_policy_constructors_and_hidden_depth_builder[0m
2026-09-10T18:18:34.4792886Z [32;1m        PASS[0m [  20.109s] (2738/2739) [35;1msparq-vectors::overfetch[0m [34;1moverfetch_fills_k_and_exact_is_reference[0m
2026-09-10T18:18:35.2239742Z [32;1m        PASS[0m [   6.465s] (2739/2739) [35;1msparq-zk-compose[0m [36missuer::tests[0m[36m::[0m[34;1msparse_witness_matches_dense_for_all_indices[0m
2026-09-10T18:18:35.2240679Z ────────────
2026-09-10T18:18:35.2241355Z [32;1m     Summary[0m [ 146.321s] [1m2739[0m tests run: [1m2739[0m [32;1mpassed[0m ([1m2[0m [33;1mslow[0m), [1m6037[0m [33;1mskipped[0m
2026-09-10T18:18:35.2313717Z ##[endgroup]
2026-09-10T18:18:35.2314173Z shard 'bulk 3/3' passed on attempt 1
2026-09-10T18:18:35.2435960Z Post job cleanup.
2026-09-10T18:18:35.4586905Z [command]/usr/bin/git version
2026-09-10T18:18:35.4645140Z git version 2.55.0
2026-09-10T18:18:35.4696794Z Temporarily overriding HOME='/home/runner/work/_temp/da4e0a94-ab4d-4e67-8cbe-cf5cebe223ff' before making global git config changes
2026-09-10T18:18:35.4698442Z Adding repository directory to the temporary git global config as a safe directory
2026-09-10T18:18:35.4702927Z [command]/usr/bin/git config --global --add safe.directory /home/runner/work/sparq/sparq
2026-09-10T18:18:35.4737372Z Removing SSH command configuration
2026-09-10T18:18:35.4745345Z [command]/usr/bin/git config --local --name-only --get-regexp core\.sshCommand
2026-09-10T18:18:35.4784996Z [command]/usr/bin/git submodule foreach --recursive sh -c "git config --local --name-only --get-regexp 'core\.sshCommand' && git config --local --unset-all 'core.sshCommand' || :"
2026-09-10T18:18:35.5089366Z Removing HTTP extra header
2026-09-10T18:18:35.5098551Z [command]/usr/bin/git config --local --name-only --get-regexp http\.https\:\/\/github\.com\/\.extraheader
2026-09-10T18:18:35.5140888Z [command]/usr/bin/git submodule foreach --recursive sh -c "git config --local --name-only --get-regexp 'http\.https\:\/\/github\.com\/\.extraheader' && git config --local --unset-all 'http.https://github.com/.extraheader' || :"
2026-09-10T18:18:35.5440626Z Removing includeIf entries pointing to credentials config files
2026-09-10T18:18:35.5455814Z [command]/usr/bin/git config --local --name-only --get-regexp ^includeIf\.gitdir:
2026-09-10T18:18:35.5502545Z includeif.gitdir:/home/runner/work/sparq/sparq/.git.path
2026-09-10T18:18:35.5503542Z includeif.gitdir:/home/runner/work/sparq/sparq/.git/worktrees/*.path
2026-09-10T18:18:35.5504622Z includeif.gitdir:/github/workspace/.git.path
2026-09-10T18:18:35.5505282Z includeif.gitdir:/github/workspace/.git/worktrees/*.path
2026-09-10T18:18:35.5514653Z [command]/usr/bin/git config --local --get-all includeif.gitdir:/home/runner/work/sparq/sparq/.git.path
2026-09-10T18:18:35.5551977Z /home/runner/work/_temp/git-credentials-212398b2-336c-4151-bf3b-8c3b2812b0b8.config
2026-09-10T18:18:35.5565808Z [command]/usr/bin/git config --local --unset includeif.gitdir:/home/runner/work/sparq/sparq/.git.path /home/runner/work/_temp/git-credentials-212398b2-336c-4151-bf3b-8c3b2812b0b8.config
2026-09-10T18:18:35.5631853Z [command]/usr/bin/git config --local --get-all includeif.gitdir:/home/runner/work/sparq/sparq/.git/worktrees/*.path
2026-09-10T18:18:35.5668719Z /home/runner/work/_temp/git-credentials-212398b2-336c-4151-bf3b-8c3b2812b0b8.config
2026-09-10T18:18:35.5681657Z [command]/usr/bin/git config --local --unset includeif.gitdir:/home/runner/work/sparq/sparq/.git/worktrees/*.path /home/runner/work/_temp/git-credentials-212398b2-336c-4151-bf3b-8c3b2812b0b8.config
2026-09-10T18:18:35.5729654Z [command]/usr/bin/git config --local --get-all includeif.gitdir:/github/workspace/.git.path
2026-09-10T18:18:35.5760705Z /github/runner_temp/git-credentials-212398b2-336c-4151-bf3b-8c3b2812b0b8.config
2026-09-10T18:18:35.5770841Z [command]/usr/bin/git config --local --unset includeif.gitdir:/github/workspace/.git.path /github/runner_temp/git-credentials-212398b2-336c-4151-bf3b-8c3b2812b0b8.config
2026-09-10T18:18:35.5812353Z [command]/usr/bin/git config --local --get-all includeif.gitdir:/github/workspace/.git/worktrees/*.path
2026-09-10T18:18:35.5843593Z /github/runner_temp/git-credentials-212398b2-336c-4151-bf3b-8c3b2812b0b8.config
2026-09-10T18:18:35.5855585Z [command]/usr/bin/git config --local --unset includeif.gitdir:/github/workspace/.git/worktrees/*.path /github/runner_temp/git-credentials-212398b2-336c-4151-bf3b-8c3b2812b0b8.config
2026-09-10T18:18:35.5899555Z [command]/usr/bin/git submodule foreach --recursive git config --local --show-origin --name-only --get-regexp remote.origin.url
2026-09-10T18:18:35.6160805Z Removing credentials config '/home/runner/work/_temp/git-credentials-212398b2-336c-4151-bf3b-8c3b2812b0b8.config'
2026-09-10T18:18:35.6323856Z Cleaning up orphan processes
